CD_RGI,month,indexP
110001,1,1.038218570035703
110001,2,1.0285239514633921
110001,3,1.004433099212559
110001,4,0.9939169881716611
110001,5,0.8192398720131829
110001,6,0.617030865950673
110001,7,0.42401787811638714
110001,8,0.4560557820219548
110001,9,0.621468634493953
110001,10,0.7848904664185987
110001,11,0.8824233294368025
110001,12,0.9989766377092283
110002,1,0.94455273233856
110002,2,0.9809175245802025
110002,3,0.8869961630136188
110002,4,0.9410553586097993
110002,5,0.7174689258287374
110002,6,0.47871368296006345
110002,7,0.28943137349471154
110002,8,0.355068304147959
110002,9,0.5602640006408897
110002,10,0.7056822495196214
110002,11,0.7610679702331444
110002,12,0.901009364424563
110003,1,0.8960847365451061
110003,2,0.9666453628510162
110003,3,0.8317182275309871
110003,4,0.9196629185479636
110003,5,0.6784632664330434
110003,6,0.4158036406957631
110003,7,0.23498908570860433
110003,8,0.33191204006598296
110003,9,0.5491867942988911
110003,10,0.6732827311447824
110003,11,0.7014872941953921
110003,12,0.8426850497429401
110004,1,0.884498692193325
110004,2,0.9726030878359572
110004,3,0.8009098961790603
110004,4,0.8956839383780275
110004,5,0.6306261986077392
110004,6,0.3578595134125477
110004,7,0.1923229512746567
110004,8,0.30640859743749854
110004,9,0.5177253839662174
110004,10,0.641626173895324
110004,11,0.6652119585448457
110004,12,0.8182957872535398
110005,1,0.8737094920830623
110005,2,0.992536479705203
110005,3,0.8084205503798382
110005,4,0.8851278113537271
110005,5,0.5868247839604198
110005,6,0.2825091210703141
110005,7,0.13662657488490854
110005,8,0.26392740775644746
110005,9,0.4719140879738892
110005,10,0.6189149735701482
110005,11,0.6649768935811685
110005,12,0.815693862454748
110006,1,0.8932498891673257
110006,2,1.015633109072527
110006,3,0.878535465896208
110006,4,0.874326924981528
110006,5,0.548411414492198
110006,6,0.2307545186177264
110006,7,0.10217183269287868
110006,8,0.22219122877919587
110006,9,0.4383453602944326
110006,10,0.6297402326887307
110006,11,0.7265192551605714
110006,12,0.8574281308571784
120001,1,0.9774059861064656
120001,2,0.9270624379883479
120001,3,0.9888155347808109
120001,4,0.9145313959669444
120001,5,0.7737968366470643
120001,6,0.5706672229243046
120001,7,0.37608204184693783
120001,8,0.38099687117524944
120001,9,0.5121587604097674
120001,10,0.6807641051541827
120001,11,0.8882204450289972
120001,12,0.9494594970999984
120002,1,0.9967609122412397
120002,2,0.9796943496738643
120002,3,1.0123736264583467
120002,4,0.9181714452842688
120002,5,0.7351950193904138
120002,6,0.5311045878036869
120002,7,0.3301963409189163
120002,8,0.36380294625250575
120002,9,0.5064099132571459
120002,10,0.6960770691273749
120002,11,0.8454746521018918
120002,12,0.9639960855748319
120003,1,0.8286405795118218
120003,2,0.804042100598429
120003,3,0.8486229077432774
120003,4,0.7847562874636723
120003,5,0.6583721123689771
120003,6,0.4937163900346966
120003,7,0.3418152150380316
120003,8,0.3531621731169063
120003,9,0.48881505764690003
120003,10,0.6498795855532657
120003,11,0.8011365156718484
120003,12,0.810497943346856
120004,1,0.9159271625324505
120004,2,0.8543007774106013
120004,3,0.9354777459077144
120004,4,0.8944354823591426
120004,5,0.7707891220349633
120004,6,0.6383257191798462
120004,7,0.5409688281662275
120004,8,0.5271622976893084
120004,9,0.6292698646398427
120004,10,0.7830101090929924
120004,11,0.8777591950447546
120004,12,0.912173011065799
120005,1,0.8690471056143358
120005,2,0.8379791967928308
120005,3,0.876448418302733
120005,4,0.8275144483156558
120005,5,0.6881558457212019
120005,6,0.5366398770608487
120005,7,0.4395967403063819
120005,8,0.445385621689645
120005,9,0.5577587915245134
120005,10,0.7182436478958547
120005,11,0.8073798801765039
120005,12,0.8563514988046544
130001,1,1.0283066654229276
130001,2,1.0608539700290496
130001,3,1.0967519125421674
130001,4,1.12960884575205
130001,5,1.142051177710265
130001,6,1.0196062968876962
130001,7,0.8882115620957585
130001,8,0.873203363099319
130001,9,0.8675935974502953
130001,10,0.8993677816041122
130001,11,0.9486827528492112
130001,12,0.9830549744143117
130002,1,0.862357329899619
130002,2,0.8100919117674601
130002,3,0.8701893256928922
130002,4,0.9287504775608052
130002,5,1.082812759619507
130002,6,1.0396661308540784
130002,7,0.925361412818263
130002,8,0.8144174575899064
130002,9,0.7783696515021713
130002,10,0.7920399961004247
130002,11,0.9192004287547673
130002,12,0.9397074502960115
130003,1,1.0576011021520728
130003,2,0.9933770431499129
130003,3,1.0347928070266683
130003,4,1.0063878397795567
130003,5,1.0414326764225255
130003,6,0.9510952700157274
130003,7,0.8063591616102042
130003,8,0.8000588222585953
130003,9,0.8266101817477847
130003,10,0.9195508068273981
130003,11,0.974536977362008
130003,12,0.9719514787671892
130004,1,1.056545225135397
130004,2,1.0562061983362245
130004,3,1.1079940919278581
130004,4,1.1241251959101843
130004,5,1.1796794494507856
130004,6,1.0429859754342077
130004,7,0.8748180584615298
130004,8,0.8552106188926331
130004,9,0.8494733324157903
130004,10,0.9030600181886631
130004,11,0.9580233934797582
130004,12,0.9810581542078144
130005,1,1.0906590229099584
130005,2,1.0003440555294374
130005,3,1.044640273799307
130005,4,1.012302487558503
130005,5,0.9811199594140837
130005,6,0.9393475029148762
130005,7,0.8097301412367639
130005,8,0.7418166962330546
130005,9,0.7785644077567986
130005,10,0.8450945768388611
130005,11,0.9804528887703136
130005,12,0.9840465750324866
130006,1,1.0747373247309888
130006,2,1.0196205808490248
130006,3,1.0511550347953504
130006,4,1.0816762972284963
130006,5,1.0033336057176598
130006,6,0.9141845564372832
130006,7,0.7804520017962492
130006,8,0.7310568719246101
130006,9,0.798792601686216
130006,10,0.882159096428347
130006,11,0.9780702090077633
130006,12,1.0151456064996907
130007,1,0.9120169201381259
130007,2,0.8723106444876969
130007,3,0.9245120649767774
130007,4,0.9015421224985694
130007,5,0.7672550795123586
130007,6,0.641735086726117
130007,7,0.5544856726551872
130007,8,0.5328347883263412
130007,9,0.630219922615532
130007,10,0.7685729165994917
130007,11,0.8397813157495438
130007,12,0.8867714865003692
130008,1,0.9802512124299345
130008,2,0.9264377698663047
130008,3,0.9470370326564407
130008,4,0.9159398072978248
130008,5,0.8040797012294575
130008,6,0.6771133730813523
130008,7,0.5239028850970112
130008,8,0.5248137450566768
130008,9,0.6325523365975467
130008,10,0.7512883482731607
130008,11,0.8654337665622673
130008,12,0.9011912042768653
130009,1,1.0393413028181475
130009,2,1.0567128219308628
130009,3,1.0278678061072568
130009,4,1.0731553018063802
130009,5,0.9474565416147016
130009,6,0.7395239083524294
130009,7,0.5506903148189067
130009,8,0.5861453869604251
130009,9,0.7422169381746494
130009,10,0.8692266332258534
130009,11,0.9136734429210258
130009,12,0.9966854509150963
130010,1,1.1059422978932874
130010,2,1.1456901939726503
130010,3,1.1770856779220518
130010,4,1.2149473880176747
130010,5,1.195405646612615
130010,6,1.011857693491163
130010,7,0.8601690160349504
130010,8,0.8555430840804081
130010,9,0.8766331826915338
130010,10,0.9018557701736687
130010,11,0.9394174959649334
130010,12,1.0262431330882993
130011,1,1.0792116545316577
130011,2,1.1472798571542557
130011,3,1.1820938076925684
130011,4,1.217522949546126
130011,5,1.1956871500868773
130011,6,1.0157780350893297
130011,7,0.8721877933260139
130011,8,0.8612358070837063
130011,9,0.8642941496320732
130011,10,0.8780889006866249
130011,11,0.9229355929347486
130011,12,0.9853585401230466
140001,1,0.8881201072712677
140001,2,0.878853141111395
140001,3,0.9206410078629128
140001,4,1.0879062347543391
140001,5,1.332993357314948
140001,6,1.407567604282909
140001,7,1.147566456537072
140001,8,1.062862058133084
140001,9,0.90304711290164
140001,10,0.8607699239127282
140001,11,0.9290898277284482
140001,12,0.9787155034378223
140002,1,0.679964982005215
140002,2,0.6550326141143001
140002,3,0.6896951903959924
140002,4,0.832950647358163
140002,5,1.0781682649825097
140002,6,1.1775294603456703
140002,7,0.9239051568896116
140002,8,0.8563331977492229
140002,9,0.7043238285457982
140002,10,0.6596723649549437
140002,11,0.7203514233902862
140002,12,0.779210272472902
140003,1,0.9332595512527414
140003,2,0.9539339249445711
140003,3,0.9990451081708005
140003,4,1.0850497152793637
140003,5,1.202694063673839
140003,6,1.1527074104552957
140003,7,0.9962302818361646
140003,8,0.9372984375923566
140003,9,0.8499309337619729
140003,10,0.8384312891231296
140003,11,0.8952301370957442
140003,12,0.9341877232215731
140004,1,0.8672505819845614
140004,2,0.8675460733085738
140004,3,0.9193685001458686
140004,4,1.0232482994119694
140004,5,1.18881313058167
140004,6,1.1807562081408378
140004,7,1.0131936683348932
140004,8,0.9522269633013866
140004,9,0.8500551612890854
140004,10,0.8369354670114763
140004,11,0.9018740844905272
140004,12,0.9262953024220988
150001,1,1.0939295524137511
150001,2,1.1620831067521378
150001,3,1.2119403027388074
150001,4,1.2265367848127375
150001,5,1.184604561344296
150001,6,1.0153489684535475
150001,7,0.9460569885734601
150001,8,0.9103424175674948
150001,9,0.8712847015838601
150001,10,0.8640779976226288
150001,11,0.901987694809289
150001,12,0.9896731346400109
150002,1,1.0707224687911048
150002,2,1.1309410734583514
150002,3,1.2003435146453612
150002,4,1.1739105969193766
150002,5,1.1501821297462933
150002,6,0.8746709565137465
150002,7,0.77121464505154
150002,8,0.7510978647146225
150002,9,0.7696714631164359
150002,10,0.7608203409763576
150002,11,0.7879963177639192
150002,12,0.9320238619713967
150003,1,1.0653524780683195
150003,2,1.1169550997327167
150003,3,1.1722001562510265
150003,4,1.162934727709058
150003,5,1.1284185624988115
150003,6,0.9089894204134928
150003,7,0.8150204957434966
150003,8,0.794737438742697
150003,9,0.8137696585302074
150003,10,0.8125576751093897
150003,11,0.8512377621608481
150003,12,0.9636467398705715
150004,1,1.0560815997995683
150004,2,1.2068182764287823
150004,3,1.2612133441367084
150004,4,1.207951382160184
150004,5,1.1369614396640702
150004,6,0.9767122474289328
150004,7,0.8912879930982164
150004,8,0.8467843082769412
150004,9,0.7773044060779607
150004,10,0.7640562434206167
150004,11,0.7945788017306907
150004,12,0.8993773753386936
150005,1,1.0056052119344487
150005,2,1.1925170434039885
150005,3,1.2396828616129898
150005,4,1.1342348841669316
150005,5,1.067433179415687
150005,6,0.9456445755223998
150005,7,0.8502156098139185
150005,8,0.8077358219092468
150005,9,0.7306913369932249
150005,10,0.7220334574763434
150005,11,0.7399298995093289
150005,12,0.8434016027743052
150006,1,1.0156274124328888
150006,2,1.1995768809616576
150006,3,1.243042535870994
150006,4,1.1503969186663
150006,5,1.0799390464319532
150006,6,0.963332731097825
150006,7,0.8813593947585744
150006,8,0.8421145075691344
150006,9,0.7512167198168247
150006,10,0.7394933730906819
150006,11,0.7577787332613768
150006,12,0.8628149955301688
150007,1,1.0411793141882872
150007,2,1.1252727310120203
150007,3,1.1718718035717899
150007,4,1.1246593858803842
150007,5,1.0027383408462673
150007,6,0.7892375934331262
150007,7,0.6649430746764702
150007,8,0.644596851106542
150007,9,0.7004807077255043
150007,10,0.7444585989638708
150007,11,0.8101635480851214
150007,12,0.9103079874482879
150008,1,1.0183026843977783
150008,2,1.198599209181575
150008,3,1.257116090636589
150008,4,1.182440962282756
150008,5,1.0865342746191646
150008,6,0.9042953944038093
150008,7,0.7828226839726053
150008,8,0.736084548377828
150008,9,0.7012693574292868
150008,10,0.7011386642687933
150008,11,0.7343398856167462
150008,12,0.839456181710729
150009,1,1.0874701133856308
150009,2,1.0966931962267032
150009,3,1.1569756590295985
150009,4,1.0348859328260658
150009,5,0.8627104494875012
150009,6,0.6011885621098556
150009,7,0.47070939594051153
150009,8,0.46484509096100146
150009,9,0.6366851164166549
150009,10,0.7480560586714163
150009,11,0.8859095465370486
150009,12,1.0131093226281191
150010,1,0.9973778824346219
150010,2,0.9800593086336786
150010,3,1.0634970915820705
150010,4,0.8547149366619337
150010,5,0.7096055150225165
150010,6,0.4754666477783148
150010,7,0.3654457794177586
150010,8,0.35137208289512784
150010,9,0.5072104593056795
150010,10,0.6263445832709199
150010,11,0.7694445125464705
150010,12,0.902745413241779
150011,1,1.1004815417987246
150011,2,1.124830535624763
150011,3,1.1937384843008003
150011,4,1.1269285343747795
150011,5,1.0441344577610303
150011,6,0.7741800734457099
150011,7,0.6565152065583006
150011,8,0.6412413711899017
150011,9,0.7510264787182688
150011,10,0.7643146064711899
150011,11,0.8707787570219884
150011,12,1.0050569108598186
150012,1,1.1614738031823373
150012,2,1.1244113691740234
150012,3,1.2253607708904721
150012,4,0.9565776096970583
150012,5,0.7212324987518376
150012,6,0.42260488899980436
150012,7,0.31855771408536504
150012,8,0.31098323023147667
150012,9,0.4913923621019021
150012,10,0.7154034197880909
150012,11,0.9367469192242003
150012,12,1.0463143904253736
150013,1,1.0261132815443257
150013,2,0.992438942631512
150013,3,1.1100971262574653
150013,4,0.7858220200763768
150013,5,0.66265062374549
150013,6,0.4241582500608545
150013,7,0.3225866116243185
150013,8,0.29194807927043653
150013,9,0.44203449045320137
150013,10,0.5645886196889331
150013,11,0.7273309355978255
150013,12,0.8691044275340684
150014,1,1.0971236466631216
150014,2,1.0637493121078163
150014,3,1.162821371273441
150014,4,0.9316720973946334
150014,5,0.7264457224318127
150014,6,0.44713564626500035
150014,7,0.32949694187428374
150014,8,0.3196589679770193
150014,9,0.5008951720430777
150014,10,0.6854688552313908
150014,11,0.8620480767196071
150014,12,0.9985544173948571
150015,1,0.9621058632215165
150015,2,0.9839289231915074
150015,3,1.044064711923635
150015,4,1.086505731476173
150015,5,1.1279237623212681
150015,6,0.970353765719849
150015,7,0.8424389394888869
150015,8,0.7891342552048505
150015,9,0.8062965374709931
150015,10,0.7887281591635938
150015,11,0.8803639263791967
150015,12,0.878127916809236
150016,1,1.1230850609075897
150016,2,1.1757064511770754
150016,3,1.2061231881577998
150016,4,1.1659188317094389
150016,5,1.0095157412428712
150016,6,0.713995737411534
150016,7,0.5259471154715367
150016,8,0.5353882159050577
150016,9,0.7144777224545915
150016,10,0.7976733737640315
150016,11,0.9300969163391917
150016,12,1.0473587750323359
150017,1,1.0012587858976905
150017,2,1.0568954054562618
150017,3,1.0922786590560047
150017,4,1.18120112375386
150017,5,1.2717530130389605
150017,6,1.1022579601187499
150017,7,0.9439574708054047
150017,8,0.8338711080524454
150017,9,0.7542136545506186
150017,10,0.7354933719617042
150017,11,0.7893637285800759
150017,12,0.8696697394965107
150018,1,1.0230230510584364
150018,2,1.046390888433706
150018,3,1.1162116429916746
150018,4,1.0218603293367134
150018,5,0.9297965487657063
150018,6,0.6740485021597079
150018,7,0.5319623587514004
150018,8,0.5075197249745989
150018,9,0.6438090550401884
150018,10,0.6794803896896174
150018,11,0.8109782910667391
150018,12,0.9118887234615296
150019,1,0.9596609753943367
150019,2,0.9862954306181162
150019,3,1.020809968019897
150019,4,1.0662065186645104
150019,5,1.0773575724942392
150019,6,0.9129251249986166
150019,7,0.8203661828591206
150019,8,0.7671398370393564
150019,9,0.7491676198280931
150019,10,0.7283160457735915
150019,11,0.7915438359656354
150019,12,0.8432426694342604
150020,1,1.0222145124720274
150020,2,1.0628448380996758
150020,3,1.1100092945213729
150020,4,1.1191232676256286
150020,5,1.1371635005330256
150020,6,0.9218806821611126
150020,7,0.83276712376677
150020,8,0.8102376125289139
150020,9,0.7966044309466557
150020,10,0.7870669000058713
150020,11,0.7847043900901924
150020,12,0.9092984393353268
150021,1,1.1134046110487348
150021,2,1.163785861085615
150021,3,1.2067637164799987
150021,4,1.21946582397637
150021,5,1.1982242426101732
150021,6,1.028308052115521
150021,7,0.97873528914038
150021,8,0.9414501555963399
150021,9,0.8812155483587951
150021,10,0.8685038775186271
150021,11,0.8878949476334905
150021,12,0.9923333959052896
160001,1,1.1099472852594057
160001,2,1.1732989749225993
160001,3,1.1975257892406628
160001,4,1.2521193412725027
160001,5,1.2306715288720453
160001,6,1.0635440420115898
160001,7,0.970707328479614
160001,8,0.9180962530702084
160001,9,0.837702160246422
160001,10,0.8022947206303878
160001,11,0.8188344451541535
160001,12,0.9472846914143036
160002,1,0.9333806671505336
160002,2,0.9596122457337066
160002,3,0.970383159124812
160002,4,1.035624927900029
160002,5,1.0540250146152497
160002,6,0.920413134434298
160002,7,0.8288262472183452
160002,8,0.7814009601099446
160002,9,0.72251709641397
160002,10,0.6892612817328234
160002,11,0.7316300210320416
160002,12,0.8197063957224732
160003,1,1.0956007455853094
160003,2,1.1586375591666993
160003,3,1.1332482684205634
160003,4,1.238074463834234
160003,5,1.220177345034685
160003,6,1.0495322256723858
160003,7,0.9164788353186034
160003,8,0.8547429856264206
160003,9,0.7632103380324475
160003,10,0.7062854965821611
160003,11,0.7349572192209131
160003,12,0.9270867380435466
160004,1,1.0039228884479534
160004,2,1.0516081777335946
160004,3,1.0487580285777294
160004,4,1.1262492835788043
160004,5,1.120344727437799
160004,6,0.9735008500160953
160004,7,0.8790958824871606
160004,8,0.8340152820718432
160004,9,0.7642825570701419
160004,10,0.7234464490154092
160004,11,0.7486107274389856
160004,12,0.8704614055818183
170001,1,0.9941009901411585
170001,2,0.9930725485889342
170001,3,1.1007120149432674
170001,4,0.9049272788954356
170001,5,0.5927326938915506
170001,6,0.23387710123693078
170001,7,0.14036028499406134
170001,8,0.20577976498578046
170001,9,0.3759667023286918
170001,10,0.6488003355347138
170001,11,0.892862520997891
170001,12,0.9536461402872206
170002,1,1.0471141500957837
170002,2,1.0532128712376785
170002,3,1.1430438451817608
170002,4,0.9386785101090064
170002,5,0.6236567409706025
170002,6,0.2505524185774285
170002,7,0.15398028969981808
170002,8,0.22501338625450298
170002,9,0.4122690535726258
170002,10,0.7038014794533451
170002,11,0.9543478739945706
170002,12,1.0037797312869705
170003,1,1.1075917957787893
170003,2,1.098438044107652
170003,3,1.1911807587421865
170003,4,0.9729880769347823
170003,5,0.6773115438551541
170003,6,0.3134598902189283
170003,7,0.21761828530630808
170003,8,0.2594229570234681
170003,9,0.45003451599836375
170003,10,0.7229963968339703
170003,11,0.9840832710872791
170003,12,1.0395900862485654
170004,1,1.085271941542797
170004,2,1.0647316815384125
170004,3,1.1755764855572035
170004,4,0.969101866385647
170004,5,0.6662662367902156
170004,6,0.3116892066837081
170004,7,0.20689023153538721
170004,8,0.2489531836113959
170004,9,0.42434781045933173
170004,10,0.7019390580789843
170004,11,0.9458888430183438
170004,12,1.0237946956038289
170005,1,1.1501169106900666
170005,2,1.1208387717068218
170005,3,1.2245389367702018
170005,4,1.0447037648354165
170005,5,0.7401148322554463
170005,6,0.42500342549417824
170005,7,0.30662572797069215
170005,8,0.32479488842063287
170005,9,0.5258381681221169
170005,10,0.7718052407548831
170005,11,0.9562756281907429
170005,12,1.086318200929014
170006,1,1.1183982902038352
170006,2,1.0895163574938624
170006,3,1.2017412625977273
170006,4,0.9933377467226394
170006,5,0.694442326693246
170006,6,0.3673932723974938
170006,7,0.2605637644368982
170006,8,0.2882981200227866
170006,9,0.4590577998151951
170006,10,0.7280292073721398
170006,11,0.9539420397556071
170006,12,1.0449660320461522
170007,1,1.153366567658509
170007,2,1.113676044004283
170007,3,1.230931711103755
170007,4,1.0266825185414887
170007,5,0.7189566348041937
170007,6,0.3959976745724307
170007,7,0.2848599129949172
170007,8,0.3010609859409915
170007,9,0.4800285495831137
170007,10,0.7514664431917528
170007,11,0.9700564599116388
170007,12,1.0794086310901707
170008,1,1.0692426951945464
170008,2,1.1007975814558324
170008,3,1.170642590321423
170008,4,1.0241968823891028
170008,5,0.6756319651727637
170008,6,0.33961309117827787
170008,7,0.19436334661782512
170008,8,0.2300725600328284
170008,9,0.4782230866435306
170008,10,0.703446492223428
170008,11,0.8591739782660558
170008,12,1.02048753509615
170009,1,1.1415331247383946
170009,2,1.1816519630191469
170009,3,1.2319662528638393
170009,4,1.1313553394520732
170009,5,0.8199915418891849
170009,6,0.5093740358339592
170009,7,0.3597950224982047
170009,8,0.3662067509156606
170009,9,0.5762363829959726
170009,10,0.7553160339165269
170009,11,0.9139831468556748
170009,12,1.0652377475337542
170010,1,1.2022782668298464
170010,2,1.2123886729536457
170010,3,1.2349675417049164
170010,4,1.0018499914661598
170010,5,0.6503898263964514
170010,6,0.2862440179949232
170010,7,0.19817389963036613
170010,8,0.26068952450663385
170010,9,0.47218859684701187
170010,10,0.8006580872213033
170010,11,1.084446119855195
170010,12,1.1281976630918007
170011,1,1.0801984418285289
170011,2,1.0578459131467324
170011,3,1.0798781601927085
170011,4,0.9147883419339536
170011,5,0.600742337505092
170011,6,0.28957143141018926
170011,7,0.20337502776013966
170011,8,0.26596691765030595
170011,9,0.4386320989704212
170011,10,0.7091242237231259
170011,11,0.964138074433843
170011,12,1.0383494452368425
210001,1,1.0619872811948503
210001,2,1.2058168609447595
210001,3,1.2796800249910332
210001,4,1.3134977074956304
210001,5,1.215189292769628
210001,6,1.0120386355089803
210001,7,0.8720403128252596
210001,8,0.784869986088918
210001,9,0.7447060944523549
210001,10,0.7674306153625207
210001,11,0.7897365838110036
210001,12,0.8754581420582016
210002,1,1.0443899523649793
210002,2,1.2158052248030198
210002,3,1.287008165377454
210002,4,1.2849636487766647
210002,5,1.207143913404059
210002,6,1.0211125972737694
210002,7,0.8837705131040927
210002,8,0.8014307581419368
210002,9,0.7406401861149228
210002,10,0.7370383647101745
210002,11,0.7549095739899437
210002,12,0.8409976974770236
210003,1,1.1225286354244826
210003,2,1.2372181771875006
210003,3,1.333363992402421
210003,4,1.345364995350948
210003,5,1.1821168176792087
210003,6,0.8952058749100444
210003,7,0.7010474312338991
210003,8,0.6344076776392196
210003,9,0.6629670919145246
210003,10,0.750305901771207
210003,11,0.8235920176443167
210003,12,0.9125830415723513
210004,1,1.1542819006478888
210004,2,1.2908835420673093
210004,3,1.3687665835028207
210004,4,1.3797468012160428
210004,5,1.2093559337251796
210004,6,0.9523825143899167
210004,7,0.7479097265549524
210004,8,0.6792409490614479
210004,9,0.687724703262297
210004,10,0.7605374551949393
210004,11,0.814625545364068
210004,12,0.9068256179613436
210005,1,1.0986080360566783
210005,2,1.2462722599974925
210005,3,1.3137226405208753
210005,4,1.3283300086414203
210005,5,1.19883288177531
210005,6,0.986783695677593
210005,7,0.804392009695855
210005,8,0.7311553584538277
210005,9,0.7141944881305041
210005,10,0.7565103095270879
210005,11,0.7919951990011035
210005,12,0.877253054059019
210006,1,1.0938881027830687
210006,2,1.2072401131063144
210006,3,1.3025417202373974
210006,4,1.3287598404917378
210006,5,1.2089126683717617
210006,6,0.9772902209055604
210006,7,0.8390683334091015
210006,8,0.7639752241996584
210006,9,0.7607228815097018
210006,10,0.7987516595771097
210006,11,0.8577761024036413
210006,12,0.9337123281201587
210007,1,1.1202995662246185
210007,2,1.2162235369013243
210007,3,1.3505937497301301
210007,4,1.3856355181909803
210007,5,1.2286883200191425
210007,6,0.9583530710068443
210007,7,0.8280870887085706
210007,8,0.7749218784237208
210007,9,0.799054560959764
210007,10,0.8405380090865286
210007,11,0.9305167151676321
210007,12,0.9947621715457186
210008,1,1.0446112170213704
210008,2,1.1858947698792817
210008,3,1.238971107002351
210008,4,1.2246736795623858
210008,5,1.1964116060962797
210008,6,1.044663141972701
210008,7,0.951466627224648
210008,8,0.8772161669696427
210008,9,0.8062760386232081
210008,10,0.78835269901622
210008,11,0.8022008714269407
210008,12,0.882057413394867
210009,1,1.0998341967495282
210009,2,1.2044557924462844
210009,3,1.2602619655876823
210009,4,1.2327865666841527
210009,5,1.0579008464518602
210009,6,0.8340966284570286
210009,7,0.649856060266986
210009,8,0.611516430927395
210009,9,0.6476180681002955
210009,10,0.7238828766191779
210009,11,0.7845623681461023
210009,12,0.8697156392653953
210010,1,1.2097813466438565
210010,2,1.3235674037160767
210010,3,1.3926707616801066
210010,4,1.3530813194624471
210010,5,1.1230346634227697
210010,6,0.850498079290928
210010,7,0.6297473057981202
210010,8,0.5977209624169385
210010,9,0.6614635557664968
210010,10,0.7745550910398683
210010,11,0.8564241482703893
210010,12,0.9388556194714391
210011,1,1.0379249574964329
210011,2,1.1982642781917079
210011,3,1.2516625981396643
210011,4,1.1918000318411228
210011,5,1.1282959625723623
210011,6,0.9688850827317796
210011,7,0.8531054343994902
210011,8,0.7948645578410249
210011,9,0.7409864454334698
210011,10,0.7334179240924344
210011,11,0.759415742983964
210011,12,0.8524214961926437
210012,1,1.2363463609097092
210012,2,1.3441511891070637
210012,3,1.4267362542779456
210012,4,1.3491484964588785
210012,5,1.0935561116980421
210012,6,0.7921036745752494
210012,7,0.5649691560960087
210012,8,0.5503635302445166
210012,9,0.6387004074120322
210012,10,0.7771520254475434
210012,11,0.880260466373213
210012,12,0.9486913830772896
210013,1,1.1977505068041117
210013,2,1.3161958273890513
210013,3,1.421175152649112
210013,4,1.3804817200117834
210013,5,1.166279046406556
210013,6,0.8122686537763479
210013,7,0.5701297726195319
210013,8,0.5281811382399659
210013,9,0.591531029010483
210013,10,0.7320077126888742
210013,11,0.8365959280144012
210013,12,0.9165497132988583
210014,1,1.2246645124762583
210014,2,1.3340215880595208
210014,3,1.4470545473083742
210014,4,1.3684407060962729
210014,5,1.1418730156565626
210014,6,0.7573099812178278
210014,7,0.5251241235004023
210014,8,0.5013822188875939
210014,9,0.574354246708692
210014,10,0.7252293470332354
210014,11,0.8936920193067792
210014,12,0.937778223773425
210015,1,1.1965183744480774
210015,2,1.307791817596064
210015,3,1.3921244721611326
210015,4,1.3572113050816148
210015,5,1.1474518225898998
210015,6,0.842235349713729
210015,7,0.6120654411288855
210015,8,0.5744839444681191
210015,9,0.6348940166867333
210015,10,0.7615662919124222
210015,11,0.847455032158965
210015,12,0.923394732691227
210016,1,1.1900041141916546
210016,2,1.2982640702949122
210016,3,1.3783981482875796
210016,4,1.2513453323402488
210016,5,0.9989435071527408
210016,6,0.6740661343655222
210016,7,0.4561859541871414
210016,8,0.47142448220590594
210016,9,0.5679832653420122
210016,10,0.7211146543986614
210016,11,0.8734718997076811
210016,12,0.9112459511338844
210017,1,1.179197006891259
210017,2,1.3118649026572324
210017,3,1.3884685190358614
210017,4,1.1767806573627757
210017,5,0.9064875815433387
210017,6,0.5483593412546472
210017,7,0.3687282867223608
210017,8,0.4376784480503849
210017,9,0.5176141019688225
210017,10,0.6850317368030393
210017,11,0.9981069781357763
210017,12,0.9273479997424591
210018,1,1.118491632374693
210018,2,1.2308994134350313
210018,3,1.2851570314273406
210018,4,1.1016488386134684
210018,5,0.8412857786012744
210018,6,0.5195978886783793
210018,7,0.344054436173683
210018,8,0.40097558670454286
210018,9,0.5005958866493677
210018,10,0.6674522792830635
210018,11,0.8900212825327047
210018,12,0.8808506750331969
210019,1,1.099513721560645
210019,2,1.1525000788194206
210019,3,1.2060929276343093
210019,4,1.0936709065631294
210019,5,0.7733893128882845
210019,6,0.4629991487791052
210019,7,0.3145209417392274
210019,8,0.32629421279225906
210019,9,0.518056113244374
210019,10,0.6980362825895498
210019,11,0.8544648062965203
210019,12,0.9959130763000726
210020,1,1.0709178855010033
210020,2,1.1464930341702504
210020,3,1.2029343410914897
210020,4,1.0627015056836029
210020,5,0.7907612998857974
210020,6,0.49701326525094114
210020,7,0.32482816834663275
210020,8,0.3546613107357079
210020,9,0.48896976539553655
210020,10,0.6640884559778456
210020,11,0.8090178372981265
210020,12,0.8781238512192865
210021,1,1.0199680049417648
210021,2,1.1002346479244853
210021,3,1.1416667336760065
210021,4,1.0658492618738156
210021,5,0.8254314352982295
210021,6,0.5621931311778524
210021,7,0.4092452554058365
210021,8,0.40687029048984596
210021,9,0.5321609987861444
210021,10,0.6525917468686966
210021,11,0.7600260107805238
210021,12,0.8619034401988649
210022,1,1.0689226808613086
210022,2,1.0915380796156335
210022,3,1.1565030965566736
210022,4,0.9787955027597298
210022,5,0.6504525839891491
210022,6,0.3309151676298839
210022,7,0.22141921401067416
210022,8,0.2779155296596016
210022,9,0.4297617113828768
210022,10,0.6599941854232052
210022,11,0.8825437484803781
210022,12,0.948082964293242
220001,1,1.1995369917438727
220001,2,1.3102501089072816
220001,3,1.4295644547193858
220001,4,1.3942672934298372
220001,5,1.1964448885002457
220001,6,0.8177077710181822
220001,7,0.5838931303533123
220001,8,0.5313334713854978
220001,9,0.6004067164727561
220001,10,0.7407143816103248
220001,11,0.8844691002659887
220001,12,0.9505157987671674
220002,1,1.1408066144011915
220002,2,1.25515652809251
220002,3,1.443579423721181
220002,4,1.3173751235658457
220002,5,1.0515290308725613
220002,6,0.6328949972077077
220002,7,0.4193312697078128
220002,8,0.41909000368696325
220002,9,0.48747592270963686
220002,10,0.6342899880843632
220002,11,0.8993184058025119
220002,12,0.886859231121352
220003,1,1.0003999915657178
220003,2,1.1411157493928714
220003,3,1.294460730786387
220003,4,1.2744962819061434
220003,5,1.0540004875523634
220003,6,0.7024426456962433
220003,7,0.49789454325155874
220003,8,0.45231299725864904
220003,9,0.5116423369497284
220003,10,0.6214848446484451
220003,11,0.7427578154280239
220003,12,0.8182473121620139
220004,1,0.9859233265538289
220004,2,1.10751356034625
220004,3,1.3753484702354393
220004,4,1.2621049744579729
220004,5,0.9799158563537911
220004,6,0.5858961494820859
220004,7,0.40825384072669757
220004,8,0.37938344715281536
220004,9,0.441429355720586
220004,10,0.5535568083071349
220004,11,0.7461008373191498
220004,12,0.7845260121274438
220005,1,1.1147349997917626
220005,2,1.2690875289038577
220005,3,1.4105517867082913
220005,4,1.4136965462629723
220005,5,1.2034211280543254
220005,6,0.8444779087412166
220005,7,0.6151864901059815
220005,8,0.5450450772085423
220005,9,0.5883718924317864
220005,10,0.6972130349188914
220005,11,0.7917400524730553
220005,12,0.8932724452530736
220006,1,1.0503863899533623
220006,2,1.1585270009335216
220006,3,1.287228135938878
220006,4,1.3389824878286056
220006,5,1.1790024700054174
220006,6,0.9259500010081658
220006,7,0.8036588183377729
220006,8,0.7469888902379123
220006,9,0.777330388953625
220006,10,0.8094221755901461
220006,11,0.8877801618868241
220006,12,0.95389214227138
220007,1,0.903786323711753
220007,2,1.0212368978943156
220007,3,1.1279575086917804
220007,4,1.1521485771565267
220007,5,0.9922887596988896
220007,6,0.7087799854924752
220007,7,0.5358126196734753
220007,8,0.4917786104891221
220007,9,0.5434535566189626
220007,10,0.6272864285723477
220007,11,0.6999977627243583
220007,12,0.7837077156193148
220008,1,1.0946930809825703
220008,2,1.1907206340395458
220008,3,1.33776719763253
220008,4,1.3633670986023139
220008,5,1.1934734485686738
220008,6,0.8845657569051592
220008,7,0.7016647775618962
220008,8,0.6462806362194383
220008,9,0.6839866930743189
220008,10,0.7650608640230631
220008,11,0.8591590368148823
220008,12,0.9447070069377813
220009,1,0.9996537458944557
220009,2,1.1244931267488794
220009,3,1.5035263459727604
220009,4,1.3646667985512924
220009,5,1.012241709011816
220009,6,0.6136455853640163
220009,7,0.44966510878995414
220009,8,0.39052794137832847
220009,9,0.4630603933484343
220009,10,0.5635704671849199
220009,11,0.7320486987407648
220009,12,0.8102893698263216
220010,1,0.889986355399585
220010,2,0.9643293851815095
220010,3,1.2940982478125964
220010,4,1.1896310374480774
220010,5,0.8920322051160414
220010,6,0.5744817938267508
220010,7,0.4148955534272222
220010,8,0.32462493015253624
220010,9,0.4339201160397476
220010,10,0.5262428922528501
220010,11,0.64630155464519
220010,12,0.752582180217118
220011,1,1.143865287562709
220011,2,1.2565841444701682
220011,3,1.5329748463967023
220011,4,1.3568430459776193
220011,5,1.0348164543794502
220011,6,0.6082344774430384
220011,7,0.4159500128685666
220011,8,0.4064937872216533
220011,9,0.48040193755203836
220011,10,0.6253294087040351
220011,11,0.9149648920817891
220011,12,0.9106224614828259
220012,1,1.0494260832926383
220012,2,1.1296501788312703
220012,3,1.438507956839255
220012,4,1.2777768111111787
220012,5,0.9558021053222255
220012,6,0.5848860428352756
220012,7,0.41045557242284847
220012,8,0.36563889384823334
220012,9,0.4596307563007511
220012,10,0.5977120008235717
220012,11,0.820532743980072
220012,12,0.8720214874890779
220013,1,0.8935265500903851
220013,2,0.9692018552655108
220013,3,1.1279218749213862
220013,4,0.9911062812464476
220013,5,0.708123956605089
220013,6,0.4229177991156882
220013,7,0.29716734861158073
220013,8,0.29536172360249563
220013,9,0.3983811239031445
220013,10,0.5527613820713465
220013,11,0.7548531769602987
220013,12,0.7798819618052056
220014,1,1.0037232721110234
220014,2,1.0622749349527545
220014,3,1.3102418006278798
220014,4,1.162377801825942
220014,5,0.8763396285179041
220014,6,0.5500480431585318
220014,7,0.39169535666131283
220014,8,0.3575113149265805
220014,9,0.4572956382290872
220014,10,0.6051739760473342
220014,11,0.8257998200456811
220014,12,0.8642865175587924
220015,1,0.9258895382960923
220015,2,0.9977960063423118
220015,3,1.0828693944124126
220015,4,0.9261036234399166
220015,5,0.5470227061044884
220015,6,0.19152078471359515
220015,7,0.09631817570231152
220015,8,0.1396272029574205
220015,9,0.28746221877382366
220015,10,0.5115442299471279
220015,11,0.7517353242007241
220015,12,0.8252603428328715
220016,1,1.0728990606830728
220016,2,1.145186393764056
220016,3,1.206106540421965
220016,4,1.0257698750281399
220016,5,0.6886220182582766
220016,6,0.39293684931578055
220016,7,0.28541753872472986
220016,8,0.3297170840033351
220016,9,0.4313707484422059
220016,10,0.613619418241116
220016,11,0.8701789979885598
220016,12,0.879597129617204
220017,1,1.2231067879380415
220017,2,1.3535369898036982
220017,3,1.4756278009430992
220017,4,1.2294466892757496
220017,5,0.935093244660024
220017,6,0.5625809042562668
220017,7,0.3970971170065041
220017,8,0.48072491512378585
220017,9,0.5582310849670648
220017,10,0.7187418447949268
220017,11,1.1088857606023896
220017,12,0.9801133904570059
220018,1,1.097417882079878
220018,2,1.1939999560520442
220018,3,1.2381401221774355
220018,4,1.0204745099989672
220018,5,0.7072879916448666
220018,6,0.39699740349688567
220018,7,0.27914116281997864
220018,8,0.3466364697270405
220018,9,0.44955839247172114
220018,10,0.6394894963323547
220018,11,0.919076020495773
220018,12,0.8996684461960284
220019,1,1.046921530729448
220019,2,1.147109623372605
220019,3,1.2696304230870692
220019,4,1.0602374381529776
220019,5,0.7713600466170765
220019,6,0.45962571094075894
220019,7,0.32467884227195526
220019,8,0.36971697715069013
220019,9,0.45436782945131526
220019,10,0.6185742357153744
220019,11,0.9083215569016646
220019,12,0.8653705959748227
230001,1,1.107654954457071
230001,2,1.0717745310402285
230001,3,1.254038943940374
230001,4,1.2872677784095263
230001,5,1.1090686420948872
230001,6,1.003531259770936
230001,7,0.8669039623683121
230001,8,0.781721429760916
230001,9,0.8540554369811765
230001,10,0.9230351697466243
230001,11,0.9487561835803602
230001,12,0.9528572929128954
230002,1,0.9646536972711098
230002,2,1.044149800539723
230002,3,1.199753937007177
230002,4,1.2885507922071737
230002,5,1.1197384290395336
230002,6,0.9304182600108719
230002,7,0.7852552206218878
230002,8,0.6808720257980815
230002,9,0.7084178137655612
230002,10,0.7674769849405844
230002,11,0.7962409739461561
230002,12,0.8490653558448092
230003,1,0.8452687223019416
230003,2,0.9426061284603238
230003,3,1.1697660489037431
230003,4,1.274538835539444
230003,5,1.0597610455873618
230003,6,0.9629877741286466
230003,7,0.7355111448340268
230003,8,0.5778828979300121
230003,9,0.6031476367679102
230003,10,0.6771022672838553
230003,11,0.6574854097173419
230003,12,0.6985832980630363
230004,1,0.8326538285333019
230004,2,0.989452736745874
230004,3,1.1861318471057358
230004,4,1.334226141325154
230004,5,1.1190065564338623
230004,6,0.9239311743787058
230004,7,0.701158485744786
230004,8,0.5747005197310413
230004,9,0.5841825908915869
230004,10,0.6458352224809137
230004,11,0.6271600499392864
230004,12,0.7044293853478156
230005,1,0.8880232039319838
230005,2,0.97217285471219
230005,3,1.130469419889115
230005,4,1.2270605139618416
230005,5,1.05677846610772
230005,6,0.9039841925666122
230005,7,0.7418828963896263
230005,8,0.626724690479561
230005,9,0.6506850865720712
230005,10,0.7099535720883712
230005,11,0.7232260770688385
230005,12,0.774626154177797
230006,1,0.9416144091682538
230006,2,1.1400420375695817
230006,3,1.383404317190257
230006,4,1.5424439590230994
230006,5,1.2751395841854265
230006,6,1.0205814588383615
230006,7,0.7539647179264545
230006,8,0.622460198693763
230006,9,0.6296314696635656
230006,10,0.7008100486009126
230006,11,0.6746584325509151
230006,12,0.7764308984218491
230007,1,0.991205308821401
230007,2,1.1055813121118347
230007,3,1.4486732774881488
230007,4,1.5515383968491512
230007,5,1.2384236434220466
230007,6,1.022398376612835
230007,7,0.784116307491403
230007,8,0.6416980446102499
230007,9,0.6680998420692207
230007,10,0.7325960226332437
230007,11,0.7599345083981499
230007,12,0.8113073327619404
230008,1,1.0052556862555138
230008,2,1.0186707950134455
230008,3,1.4652580960156543
230008,4,1.3843530984988255
230008,5,1.136498564632986
230008,6,0.9760392606367464
230008,7,0.7821866070119374
230008,8,0.6590307241665363
230008,9,0.7175429342588089
230008,10,0.7845633332272045
230008,11,0.8485509955710822
230008,12,0.8339495880542412
230009,1,0.9518787567349443
230009,2,1.1748542838238565
230009,3,1.426211396217828
230009,4,1.5354622273969687
230009,5,1.254623339766984
230009,6,0.8658103079528023
230009,7,0.6621392750346707
230009,8,0.5391205539922109
230009,9,0.5442704642975091
230009,10,0.6169125025121227
230009,11,0.6244959654605045
230009,12,0.7516407413548339
230010,1,0.9726993285917002
230010,2,1.1656835381911277
230010,3,1.3806979276459783
230010,4,1.4639715162274558
230010,5,1.1669862761298275
230010,6,0.8723075842928605
230010,7,0.7036324833793071
230010,8,0.5781363265876005
230010,9,0.5866684515187099
230010,10,0.6554313732093275
230010,11,0.6824381709526278
230010,12,0.7889077431551742
230011,1,0.815463526647486
230011,2,0.9808674979727554
230011,3,1.2291600844750254
230011,4,1.2212171881594651
230011,5,0.927848895588874
230011,6,0.6109177861747593
230011,7,0.4516254791204691
230011,8,0.382563287596723
230011,9,0.4176776246365231
230011,10,0.4862166255550235
230011,11,0.5511947436941744
230011,12,0.6469050031031063
230012,1,0.7756499759810861
230012,2,0.9397452566099531
230012,3,1.1721422885505897
230012,4,1.2049070937174817
230012,5,0.9371388892084476
230012,6,0.6594746605373383
230012,7,0.4790424049674029
230012,8,0.3842926486333783
230012,9,0.41458594627574397
230012,10,0.4680858930757593
230012,11,0.5394858864650375
230012,12,0.6266074020742135
230013,1,0.8131516451840152
230013,2,0.9750606775065471
230013,3,1.1380602418489894
230013,4,1.2138770741043234
230013,5,0.9872921579849038
230013,6,0.6920844675380043
230013,7,0.532899442112479
230013,8,0.47468836881549814
230013,9,0.5018366608897088
230013,10,0.5649645209913079
230013,11,0.6128352292183944
230013,12,0.6936678739127211
230014,1,0.8160845015401139
230014,2,0.996767555723247
230014,3,1.2491687556569475
230014,4,1.2710899828105693
230014,5,1.0088938643706606
230014,6,0.6536364647260431
230014,7,0.5025090314130644
230014,8,0.42791180241565996
230014,9,0.4477693446537973
230014,10,0.5155194763785996
230014,11,0.5717481419548027
230014,12,0.6699574327684756
230015,1,0.8696195403706843
230015,2,1.0366195679603136
230015,3,1.1970823076656067
230015,4,1.2907112042885664
230015,5,1.0829855585255774
230015,6,0.8022624020105734
230015,7,0.6530367949404721
230015,8,0.5596531307610024
230015,9,0.5704008734108589
230015,10,0.6154461211094071
230015,11,0.647908588248266
230015,12,0.753717760673868
230016,1,0.5755611502683114
230016,2,0.6669636336180251
230016,3,0.7606539281850724
230016,4,0.8007365498288757
230016,5,0.6670518198055296
230016,6,0.45255457143375855
230016,7,0.34264898736676874
230016,8,0.3154073624553629
230016,9,0.36048989332811
230016,10,0.40367884110127983
230016,11,0.43638272799203
230016,12,0.5056111380443409
230017,1,1.0106171458304236
230017,2,1.1304472590084638
230017,3,1.3035297759932147
230017,4,1.4176275471699407
230017,5,1.212981745858592
230017,6,0.9491715921269819
230017,7,0.8089388354623415
230017,8,0.7084830173823106
230017,9,0.7257875304098227
230017,10,0.7687360776915988
230017,11,0.802233396475957
230017,12,0.9035324581105166
230018,1,0.9834433783324862
230018,2,1.126473812415371
230018,3,1.2927540115292868
230018,4,1.3885977211316516
230018,5,1.2030156018150684
230018,6,0.9162621216565161
230018,7,0.7703132030999171
230018,8,0.6806981802373215
230018,9,0.6931509889232611
230018,10,0.7287792814101977
230018,11,0.7662471736648239
230018,12,0.878350618577898
240001,1,0.9542833981158956
240001,2,0.9624145944578001
240001,3,1.0000296020515902
240001,4,1.015938105869744
240001,5,0.9627422630691411
240001,6,0.8659028159643095
240001,7,0.7717805442088064
240001,8,0.73033474840521
240001,9,0.7559146950359366
240001,10,0.8145276350846006
240001,11,0.8566099432095758
240001,12,0.9084444688903067
240002,1,0.789820032065232
240002,2,0.8203685379650164
240002,3,0.8667222084404461
240002,4,0.8941174540239166
240002,5,0.8794376822806174
240002,6,0.8066381687770265
240002,7,0.706535866841033
240002,8,0.6391297291245642
240002,9,0.6458201140847317
240002,10,0.6685795913866223
240002,11,0.7068484357595244
240002,12,0.7538572316021794
240003,1,0.8740452888529354
240003,2,0.899615066205025
240003,3,0.9441757798003396
240003,4,0.9768504937644351
240003,5,0.9584478485247133
240003,6,0.8809569517306958
240003,7,0.7901513890856424
240003,8,0.7189435991246411
240003,9,0.7128160596449644
240003,10,0.7384244141047674
240003,11,0.7839713677094045
240003,12,0.8338871196066786
240004,1,0.7090736381925969
240004,2,0.747018654424579
240004,3,0.7990709715219685
240004,4,0.8365825742323505
240004,5,0.8318931163995802
240004,6,0.7530026816248057
240004,7,0.6415116880040607
240004,8,0.5750834845582891
240004,9,0.5817681804178496
240004,10,0.5941442021117794
240004,11,0.6264356876125552
240004,12,0.6710963883050572
240005,1,0.9243033067448755
240005,2,0.9525976896629135
240005,3,1.020789916676763
240005,4,1.0591630605539046
240005,5,0.9715565625558638
240005,6,0.8510873817966257
240005,7,0.7275045820836885
240005,8,0.6867059547487107
240005,9,0.7231318697778158
240005,10,0.7636838260832773
240005,11,0.7840980061479605
240005,12,0.8511361528287181
240006,1,0.8553481231400422
240006,2,0.872938622806476
240006,3,0.9148669307237789
240006,4,0.92534029529906
240006,5,0.8940271461486811
240006,6,0.8058516491060682
240006,7,0.7110171169374393
240006,8,0.6590623698452596
240006,9,0.6847077708147227
240006,10,0.7176609302499749
240006,11,0.7630581265341468
240006,12,0.8034620371355446
240007,1,0.8896465609801166
240007,2,0.9844335698785015
240007,3,1.156108023075925
240007,4,1.2689209107096564
240007,5,1.200917407867748
240007,6,1.0683178307777212
240007,7,0.8822819149509005
240007,8,0.7273619997404348
240007,9,0.7058240310842874
240007,10,0.6678313249666424
240007,11,0.7351175446210296
240007,12,0.8005494309541861
240008,1,0.7335897118286964
240008,2,0.8008178789285688
240008,3,0.9065251028127232
240008,4,0.9787643058878703
240008,5,0.9315573923822237
240008,6,0.814711351935011
240008,7,0.6649803443364829
240008,8,0.5739938896897558
240008,9,0.5781228070847182
240008,10,0.5540608939121613
240008,11,0.6143960311758258
240008,12,0.6738943124258829
240009,1,0.9900257594839098
240009,2,1.0703638263648039
240009,3,1.4112375446041576
240009,4,1.4593575767851212
240009,5,1.2451642598369033
240009,6,1.028557782054697
240009,7,0.8267739939002725
240009,8,0.6757621836535648
240009,9,0.7039525882762155
240009,10,0.7402124214556018
240009,11,0.7863902160737103
240009,12,0.8353422822542685
240010,1,0.8546384728634493
240010,2,0.9699215207261412
240010,3,1.1764714128290346
240010,4,1.241812194565027
240010,5,1.0131898101946732
240010,6,0.8121773875158222
240010,7,0.6657356451692847
240010,8,0.5534430308550223
240010,9,0.5751915387015816
240010,10,0.6221206213848413
240010,11,0.6726239691689284
240010,12,0.727824891823383
240011,1,1.0140223929763192
240011,2,1.0940523627165128
240011,3,1.2667546555047753
240011,4,1.3713989901362325
240011,5,1.2239419846285067
240011,6,1.032612613397192
240011,7,0.8379688404386565
240011,8,0.7470707773445723
240011,9,0.7733696972645601
240011,10,0.7714826679494918
240011,11,0.7901524301768029
240011,12,0.8883649300653839
250001,1,0.8788097154025606
250001,2,0.912354107256321
250001,3,0.9471969667712334
250001,4,1.0029574375444796
250001,5,0.9603155418620875
250001,6,0.8775127589458535
250001,7,0.786528991102789
250001,8,0.7010351312829296
250001,9,0.6953058625106637
250001,10,0.7206504208444593
250001,11,0.7735115952400288
250001,12,0.8308943817360744
250002,1,0.6501663990937467
250002,2,0.6913431871117304
250002,3,0.7453253287727507
250002,4,0.7919545773668791
250002,5,0.8077054517074861
250002,6,0.7454019875256336
250002,7,0.6350159197324654
250002,8,0.5501144540180761
250002,9,0.5306495592636645
250002,10,0.5339411653171084
250002,11,0.5662160435593563
250002,12,0.620972186014777
250003,1,0.8022499894375814
250003,2,0.8347103637731492
250003,3,0.8951994366607999
250003,4,0.9743096063201301
250003,5,0.9873787800306997
250003,6,0.9479811192242216
250003,7,0.8611738879981368
250003,8,0.7260742402632719
250003,9,0.6641500334623288
250003,10,0.6643292345539257
250003,11,0.7057104762770255
250003,12,0.7668673363383242
250004,1,0.683509280940378
250004,2,0.7462188885580316
250004,3,0.8187415227012153
250004,4,0.8897559680088946
250004,5,0.9103257055330956
250004,6,0.8240311003780009
250004,7,0.6886547970909919
250004,8,0.6028687641118615
250004,9,0.5734719419802539
250004,10,0.5740018362718616
250004,11,0.6193495428172862
250004,12,0.6755006116137631
250005,1,0.5720208867376614
250005,2,0.6007262260608243
250005,3,0.6554903905372653
250005,4,0.6860572492809986
250005,5,0.7187969897542186
250005,6,0.6486447176578085
250005,7,0.5397226798007588
250005,8,0.4480443620662937
250005,9,0.4453684018755555
250005,10,0.44791797762171626
250005,11,0.4909160626915422
250005,12,0.5322706208359586
250006,1,0.590407994709565
250006,2,0.6279142294603045
250006,3,0.680930382351703
250006,4,0.7277353760755957
250006,5,0.7340150526191674
250006,6,0.6575061676497272
250006,7,0.5390822783774536
250006,8,0.4672316242107576
250006,9,0.4730506561014116
250006,10,0.47404019107848894
250006,11,0.5138722806520063
250006,12,0.556409892327242
250007,1,0.5090781720456663
250007,2,0.5608674009707538
250007,3,0.6529641378650067
250007,4,0.7118489109816146
250007,5,0.6620550763279196
250007,6,0.534131548657778
250007,7,0.3935015594200905
250007,8,0.3515407204836375
250007,9,0.3790938881138797
250007,10,0.4337126841040027
250007,11,0.46217444779521505
250007,12,0.49772037424912
250008,1,0.5586397480522308
250008,2,0.5919146281400574
250008,3,0.6626920239229112
250008,4,0.7049820260792657
250008,5,0.704224459049128
250008,6,0.614974482865427
250008,7,0.48773766401991736
250008,8,0.43178925448509853
250008,9,0.45842119636336476
250008,10,0.47810194630803166
250008,11,0.5076339803570862
250008,12,0.53240971748851
250009,1,0.8027228835712222
250009,2,0.8666032479925466
250009,3,0.9876027521332329
250009,4,1.0642925752479095
250009,5,0.9882757580250859
250009,6,0.8779299304430318
250009,7,0.7281085057129448
250009,8,0.6258143290490276
250009,9,0.631876336754421
250009,10,0.6358244258922046
250009,11,0.6879768002673552
250009,12,0.7268046198581751
250010,1,0.7807086033451103
250010,2,0.898376840852687
250010,3,1.0560934337660437
250010,4,1.1154531352998867
250010,5,0.9312334274102502
250010,6,0.7572275883524736
250010,7,0.6009537490140316
250010,8,0.48515777692818407
250010,9,0.5023049009922314
250010,10,0.5355299908537968
250010,11,0.604496424337961
250010,12,0.6718414431554157
250011,1,0.915901015484268
250011,2,1.0323192548062792
250011,3,1.2581402127204422
250011,4,1.3609234104189176
250011,5,1.1662897511220711
250011,6,0.9911854064658169
250011,7,0.8129256232309007
250011,8,0.6576768416516909
250011,9,0.6615436429143221
250011,10,0.6628434022754317
250011,11,0.7318233367081189
250011,12,0.7950092116347772
250012,1,0.9347480595445887
250012,2,1.0511873307415172
250012,3,1.238705249205693
250012,4,1.3172859042125704
250012,5,1.117315927440322
250012,6,0.9562847044156708
250012,7,0.8021874943331471
250012,8,0.6588148614732922
250012,9,0.6636135732849383
250012,10,0.6828815609829259
250012,11,0.7507574090603744
250012,12,0.8193127761173973
250013,1,0.5593557529873991
250013,2,0.6236538557477534
250013,3,0.7259844541732102
250013,4,0.7808687884143328
250013,5,0.6931542860904636
250013,6,0.5486884872245055
250013,7,0.38259323567601045
250013,8,0.3124625905813819
250013,9,0.3409903711422878
250013,10,0.3787954048734267
250013,11,0.44844642784166533
250013,12,0.4956704900882484
250014,1,0.9132265208223473
250014,2,1.0391376317474792
250014,3,1.2340357516657892
250014,4,1.2860282230886035
250014,5,1.012888875555106
250014,6,0.8165762328936167
250014,7,0.6856623501179513
250014,8,0.5627191361816095
250014,9,0.5847809776953939
250014,10,0.631876846196103
250014,11,0.6952712105800105
250014,12,0.7748295951156023
250015,1,0.8820371713514897
250015,2,1.056585801758782
250015,3,1.2839240364250109
250015,4,1.341581686781569
250015,5,1.0241041887833
250015,6,0.786240222444949
250015,7,0.6277610243776006
250015,8,0.5006437114569686
250015,9,0.5172674472644027
250015,10,0.5691638258731441
250015,11,0.6299097561944473
250015,12,0.7239937944079301
260001,1,0.8729791930738364
260001,2,0.9189871893995557
260001,3,0.9506940656193362
260001,4,0.9460062487639191
260001,5,0.9306918336569856
260001,6,0.8480473944777336
260001,7,0.7679447445903299
260001,8,0.7098664244953522
260001,9,0.7363997973257909
260001,10,0.7550206257294335
260001,11,0.7877439939948464
260001,12,0.8371053139357734
260002,1,0.672342449359887
260002,2,0.7414986427001461
260002,3,0.7961864932368624
260002,4,0.8365723805456947
260002,5,0.8582875487347185
260002,6,0.7689975549825904
260002,7,0.6552079313125273
260002,8,0.591685114041549
260002,9,0.5856134254971347
260002,10,0.5924919483205667
260002,11,0.6127648731132055
260002,12,0.6641343132904871
260003,1,0.7063271739855477
260003,2,0.7259676706273493
260003,3,0.7492100984795098
260003,4,0.7616763163252279
260003,5,0.7902922651784068
260003,6,0.7114950879874329
260003,7,0.6387487387658057
260003,8,0.5963491804409736
260003,9,0.6292271248825749
260003,10,0.6514063064247677
260003,11,0.657503499664143
260003,12,0.694595013206585
260004,1,0.635140148666704
260004,2,0.7055330455024345
260004,3,0.7602685070876585
260004,4,0.7819735217675732
260004,5,0.8495081093076767
260004,6,0.7329698120216174
260004,7,0.6298789385385343
260004,8,0.5626832054983205
260004,9,0.5589433598764739
260004,10,0.5489681857494038
260004,11,0.5742852302653982
260004,12,0.63994037358636
260005,1,0.668826541778212
260005,2,0.7274895619717331
260005,3,0.7676715828377771
260005,4,0.790826360768386
260005,5,0.8388292744613453
260005,6,0.7631720051800542
260005,7,0.6678371313854915
260005,8,0.602674440926128
260005,9,0.5993115247237986
260005,10,0.5930198750098219
260005,11,0.6042545761510215
260005,12,0.6609715875727347
260006,1,0.6799438598920761
260006,2,0.7604936830253592
260006,3,0.817012916502717
260006,4,0.8528658387139304
260006,5,0.8893569404395189
260006,6,0.8101203280484616
260006,7,0.695668582525503
260006,8,0.6290610480479878
260006,9,0.6079572187199869
260006,10,0.6044829362484977
260006,11,0.6156825715552486
260006,12,0.6751721117806837
260007,1,0.8959832703076597
260007,2,0.8977355483536927
260007,3,0.8990049440829655
260007,4,0.879270172194663
260007,5,0.8736047374849277
260007,6,0.798585215411137
260007,7,0.7401214749863734
260007,8,0.6939689834153764
260007,9,0.7467657491196205
260007,10,0.7888019075578573
260007,11,0.8270949341762492
260007,12,0.8662020173859891
260008,1,0.5659799598221169
260008,2,0.6327507888963934
260008,3,0.6800628776170274
260008,4,0.69029279717329
260008,5,0.7833779642804038
260008,6,0.6422306704019443
260008,7,0.5514263855376051
260008,8,0.4763205934082846
260008,9,0.4960323466003302
260008,10,0.4741959233252509
260008,11,0.5116900943562398
260008,12,0.577574540393796
260009,1,0.4973756089775572
260009,2,0.5373299175857852
260009,3,0.5827640031537973
260009,4,0.5991442440151855
260009,5,0.6389492179015496
260009,6,0.5309195970754255
260009,7,0.41917035775448996
260009,8,0.3773509927014406
260009,9,0.41201101737632917
260009,10,0.42202145881798064
260009,11,0.43998424301143674
260009,12,0.48732664051385144
260010,1,0.48001571100937696
260010,2,0.48744987974060233
260010,3,0.5581244081281054
260010,4,0.5620575383453327
260010,5,0.5781094365285163
260010,6,0.4817017289643605
260010,7,0.36071229270223115
260010,8,0.3297673698903121
260010,9,0.31562925080742893
260010,10,0.37173407096605143
260010,11,0.3961863618750668
260010,12,0.46320700422938943
260011,1,0.5347500970609673
260011,2,0.5536562098467531
260011,3,0.6181503851041068
260011,4,0.651407301941399
260011,5,0.6435914852260483
260011,6,0.5314811285125499
260011,7,0.39538432801381246
260011,8,0.3658921828585079
260011,9,0.3771828013901662
260011,10,0.4482378251812102
260011,11,0.4874120985990469
260011,12,0.5139720092256488
260012,1,0.43354084594229936
260012,2,0.44954600728468835
260012,3,0.5054867491171262
260012,4,0.522761796363403
260012,5,0.5271530252237182
260012,6,0.41963494042957317
260012,7,0.29329568804930534
260012,8,0.2858488649752781
260012,9,0.2983128216655701
260012,10,0.35740609951588587
260012,11,0.3777049234224719
260012,12,0.4199659465646716
260013,1,0.6255144072995517
260013,2,0.6857773782232626
260013,3,0.8021759315533696
260013,4,0.835720718921561
260013,5,0.7525979438927338
260013,6,0.5845524115954337
260013,7,0.4258119432472042
260013,8,0.34064188485711305
260013,9,0.38626881293310183
260013,10,0.4376333970296549
260013,11,0.5148315109370852
260013,12,0.5571439100142992
260014,1,0.5246840207798403
260014,2,0.5564561007047235
260014,3,0.6271809388291633
260014,4,0.6784684465220407
260014,5,0.6574389542108976
260014,6,0.5601065132617336
260014,7,0.4159959278218051
260014,8,0.36065047949099566
260014,9,0.3994716706940601
260014,10,0.42420426874620454
260014,11,0.46580310965939953
260014,12,0.49019911546533906
260015,1,0.792922366819825
260015,2,0.8369979316648533
260015,3,1.0645133084716658
260015,4,1.0502800195959743
260015,5,0.8624328131138452
260015,6,0.615706686605828
260015,7,0.428184035604858
260015,8,0.3433220362712056
260015,9,0.39968821690111217
260015,10,0.4739919343199797
260015,11,0.5750307536592018
260015,12,0.6787137342486482
260016,1,0.7037946310763097
260016,2,0.8157663589115001
260016,3,1.1161556139040878
260016,4,1.067446705000296
260016,5,0.7916798424654566
260016,6,0.4640341094238951
260016,7,0.30106694200802897
260016,8,0.247813084397943
260016,9,0.310634801767705
260016,10,0.3862862935717615
260016,11,0.4767981904770433
260016,12,0.5795750806454427
260017,1,0.699822407303078
260017,2,0.810972275733996
260017,3,1.0259484307225906
260017,4,1.0682684391596184
260017,5,0.9074723007188594
260017,6,0.6509208428289912
260017,7,0.4203124417153475
260017,8,0.34103412197812527
260017,9,0.38461268821371974
260017,10,0.4558596714105847
260017,11,0.530475722343088
260017,12,0.605757436644514
260018,1,0.7337415015253026
260018,2,0.7676448038213158
260018,3,0.7940283251971652
260018,4,0.7983714249695434
260018,5,0.8195137906269375
260018,6,0.737067976345225
260018,7,0.659945947914403
260018,8,0.6058164708896506
260018,9,0.6373736837037576
260018,10,0.653784441905451
260018,11,0.6732935745946629
260018,12,0.718636081736076
270001,1,0.8777603636729292
270001,2,0.871992873940006
270001,3,0.9003093461812948
270001,4,0.9039810950453225
270001,5,0.9137629150080603
270001,6,0.8285546001579034
270001,7,0.7698275850394946
270001,8,0.7328897559643744
270001,9,0.756002674672322
270001,10,0.7952594072521003
270001,11,0.8202447331887074
270001,12,0.8504313872279595
270002,1,0.8465677412396692
270002,2,0.8405741353531818
270002,3,0.8601381358754161
270002,4,0.8677687482509044
270002,5,0.8860154409950447
270002,6,0.8158593327401114
270002,7,0.7611065695996839
270002,8,0.7200947187468628
270002,9,0.7526800381958224
270002,10,0.787124537646111
270002,11,0.8002305569051802
270002,12,0.8241745747477851
270003,1,0.8293549885389522
270003,2,0.8430222887394521
270003,3,0.8884562518672051
270003,4,0.8847263251286955
270003,5,0.9187287397093451
270003,6,0.8314485129627057
270003,7,0.7615615818272428
270003,8,0.7019391637480569
270003,9,0.712651037772529
270003,10,0.7419023067022581
270003,11,0.7762825091132045
270003,12,0.8136868763367074
270004,1,0.7839055430442707
270004,2,0.794765619244768
270004,3,0.8359233641272971
270004,4,0.8397299261024606
270004,5,0.8660362192265638
270004,6,0.7745291157389811
270004,7,0.7031119324456243
270004,8,0.659372953359118
270004,9,0.6779587098686561
270004,10,0.6964381956028743
270004,11,0.7272628349867062
270004,12,0.762884597503775
270005,1,0.653851749407444
270005,2,0.6632300223256264
270005,3,0.7030796533027965
270005,4,0.7222694176332299
270005,5,0.7587303172971054
270005,6,0.6823333781898184
270005,7,0.6058066922138616
270005,8,0.5732333059947843
270005,9,0.5858015718989017
270005,10,0.602377618178882
270005,11,0.6021399330948813
270005,12,0.6369756092836205
270006,1,0.7037604741155322
270006,2,0.72159851290531
270006,3,0.7651386634675684
270006,4,0.7819535853786527
270006,5,0.815333479692658
270006,6,0.7312649947522335
270006,7,0.6557860645950403
270006,8,0.6192581774670674
270006,9,0.631172840875344
270006,10,0.6425538654194094
270006,11,0.6483947032507191
270006,12,0.6867205053280626
270007,1,0.6986040737615354
270007,2,0.728902683980065
270007,3,0.7791715183385653
270007,4,0.7843284857918168
270007,5,0.8415362857308543
270007,6,0.752986037226541
270007,7,0.6646626133234915
270007,8,0.6074102219449596
270007,9,0.6183913260208581
270007,10,0.6129119090524425
270007,11,0.6364571151274453
270007,12,0.682365776951995
270008,1,0.6245552423424694
270008,2,0.674116434657442
270008,3,0.7232744202651222
270008,4,0.7503417572803384
270008,5,0.80181074350704
270008,6,0.7206353375363045
270008,7,0.6163010438797439
270008,8,0.5623344902619796
270008,9,0.5723635179538007
270008,10,0.5531851684929419
270008,11,0.560002320138815
270008,12,0.6157936286039455
270009,1,0.7372049148529489
270009,2,0.7511373875428186
270009,3,0.8218226213506249
270009,4,0.8285616382119686
270009,5,0.8546289733265527
270009,6,0.7542149617642935
270009,7,0.6186019991020434
270009,8,0.5599900972814206
270009,9,0.5951288146278475
270009,10,0.6079849871898082
270009,11,0.6590724423001524
270009,12,0.6754927555775592
270010,1,0.6906172045718091
270010,2,0.7004546193227464
270010,3,0.7502907740489807
270010,4,0.7525780237086854
270010,5,0.7964383931724681
270010,6,0.7141696298635651
270010,7,0.5972430533701951
270010,8,0.5705132866365105
270010,9,0.606290822618938
270010,10,0.6113997718580972
270010,11,0.6397947128341781
270010,12,0.650514059283935
270011,1,0.8046523132393189
270011,2,0.8373987779993946
270011,3,0.8860945304683562
270011,4,0.8545935027229526
270011,5,0.8940637576314904
270011,6,0.7916318844424352
270011,7,0.6608519292808657
270011,8,0.6356975340767577
270011,9,0.6784773162519151
270011,10,0.6754455516833957
270011,11,0.715325075453681
270011,12,0.7510271218153469
280001,1,1.0424042178319983
280001,2,1.0434952523323564
280001,3,1.0683699114487597
280001,4,1.0504719654506236
280001,5,0.9881859707840676
280001,6,0.8648744899398525
280001,7,0.7891552945956276
280001,8,0.7511536313383291
280001,9,0.8099364889155461
280001,10,0.877072975319965
280001,11,0.9599660773550297
280001,12,0.9972282754924073
280002,1,0.7869664341958359
280002,2,0.8039447314541263
280002,3,0.8317911810685064
280002,4,0.8782839685013148
280002,5,0.8754198452046117
280002,6,0.7659214000700696
280002,7,0.6943106483221867
280002,8,0.639573695719659
280002,9,0.6456489084142626
280002,10,0.7049236905155073
280002,11,0.7454644902673254
280002,12,0.7955405805371115
280003,1,0.8383121105599233
280003,2,0.8631100052762906
280003,3,0.9090256481395622
280003,4,0.8959270998088877
280003,5,0.9279331747814021
280003,6,0.8336833097925875
280003,7,0.7574392896973101
280003,8,0.6941496414961097
280003,9,0.710347895240711
280003,10,0.7426710377601987
280003,11,0.7803334464586492
280003,12,0.8256053401631182
280004,1,0.7821282339865346
280004,2,0.7915929565338158
280004,3,0.818731576616412
280004,4,0.8176510912260446
280004,5,0.8120291375082197
280004,6,0.7064187474498548
280004,7,0.6269161244384028
280004,8,0.5853232166687877
280004,9,0.6269247905257993
280004,10,0.676851938445944
280004,11,0.7273502249275977
280004,12,0.7592640759086161
280005,1,0.7111550655949809
280005,2,0.727760585015308
280005,3,0.7521066073870233
280005,4,0.7746264033474477
280005,5,0.757382208580131
280005,6,0.6348869499397358
280005,7,0.5488049671182781
280005,8,0.5032703247894024
280005,9,0.5385056176979208
280005,10,0.6046865955629858
280005,11,0.6572378182076939
280005,12,0.7082844331948687
280006,1,0.7960658298443618
280006,2,0.8175506258200528
280006,3,0.8640378611969378
280006,4,0.8371695016736533
280006,5,0.8609491627387627
280006,6,0.7525644702142369
280006,7,0.636223326811155
280006,8,0.594929196990435
280006,9,0.6365924809305655
280006,10,0.6544998260606898
280006,11,0.7048798761388199
280006,12,0.7430285527057294
290001,1,0.9957872949130446
290001,2,0.9999396299111043
290001,3,1.044968772135463
290001,4,1.0808054743147741
290001,5,0.9266475363227606
290001,6,0.8429760710924423
290001,7,0.7170010381612886
290001,8,0.7211089084858948
290001,9,0.752156289012796
290001,10,0.8527713409100162
290001,11,0.9352897972106318
290001,12,0.981060875529778
290002,1,0.7182547251726007
290002,2,0.7340741667376876
290002,3,0.7746915050752919
290002,4,0.8251498235856861
290002,5,0.781613206148991
290002,6,0.674535750899048
290002,7,0.551179109504201
290002,8,0.5305541261556089
290002,9,0.544924763575318
290002,10,0.6165989030196783
290002,11,0.664558977235666
290002,12,0.7277047318425341
290003,1,0.6982859355705746
290003,2,0.7018551794916944
290003,3,0.7362302512521666
290003,4,0.7498826804854861
290003,5,0.6646238296149791
290003,6,0.5535135919341126
290003,7,0.46737758970382015
290003,8,0.45021848731560377
290003,9,0.5101604201848429
290003,10,0.6125811750250626
290003,11,0.6608093198908
290003,12,0.6753358870944349
290004,1,0.7370089313704525
290004,2,0.7386797897134848
290004,3,0.7793287743704411
290004,4,0.8214952683774981
290004,5,0.7564142276557049
290004,6,0.6618154936975236
290004,7,0.5663198295615942
290004,8,0.5426885588111791
290004,9,0.5785657103295799
290004,10,0.6586121539448077
290004,11,0.7078737080740694
290004,12,0.716514912479804
290005,1,0.8938004782911734
290005,2,0.896086153316706
290005,3,0.9268106531700698
290005,4,0.9220643466817112
290005,5,0.7951981203443478
290005,6,0.7005952928428695
290005,7,0.6209283646748561
290005,8,0.6111105967285477
290005,9,0.6817033498481803
290005,10,0.7966631747562694
290005,11,0.857823850821697
290005,12,0.8745659207444357
290006,1,0.9295953556615293
290006,2,0.929740157337883
290006,3,0.9725276525578623
290006,4,1.0100064470049592
290006,5,0.8892902213523481
290006,6,0.7971075660302274
290006,7,0.69330992145015
290006,8,0.684795501268336
290006,9,0.7206640343236235
290006,10,0.8221143520108253
290006,11,0.8888783989886637
290006,12,0.9042810932209261
290007,1,0.9004509415187383
290007,2,0.8999124516755141
290007,3,0.9241834481360867
290007,4,0.8880515260049675
290007,5,0.7091523806250308
290007,6,0.6116700025724288
290007,7,0.5420066470585626
290007,8,0.539550918378236
290007,9,0.6518754150864026
290007,10,0.7978937457442025
290007,11,0.870900716104318
290007,12,0.900011854399157
290008,1,0.8449498310922321
290008,2,0.8514392666539865
290008,3,0.8521588017501378
290008,4,0.7795042377125476
290008,5,0.5900120801553765
290008,6,0.44710651085990294
290008,7,0.39697720284688043
290008,8,0.38702062083367383
290008,9,0.5059373845454642
290008,10,0.7306297317349869
290008,11,0.8400857250789092
290008,12,0.8615899321721824
290009,1,0.8549886786060173
290009,2,0.8877928024523268
290009,3,0.8718170128951271
290009,4,0.8261247882931477
290009,5,0.6249489558741851
290009,6,0.5034352331841121
290009,7,0.46114805255723046
290009,8,0.43975338269673386
290009,9,0.5591480308735536
290009,10,0.7684740314142945
290009,11,0.8497251238973937
290009,12,0.8700609113400992
290010,1,0.8409124792062359
290010,2,0.8505975328549198
290010,3,0.861943092236678
290010,4,0.8228567135800642
290010,5,0.6273505132260119
290010,6,0.5265223407519778
290010,7,0.462936634699041
290010,8,0.45955734847601176
290010,9,0.5930275581844083
290010,10,0.7520833793072379
290010,11,0.8219549704736067
290010,12,0.8415112346718857
290011,1,0.5334185694775906
290011,2,0.5423852993155482
290011,3,0.5623295781260794
290011,4,0.4866322380075466
290011,5,0.24367254475076508
290011,6,0.08706111745769869
290011,7,0.046304945001833665
290011,8,0.07802032201632139
290011,9,0.22406018746823356
290011,10,0.41843229981576574
290011,11,0.5137889462428435
290011,12,0.5662092105560407
290012,1,0.5716652827349554
290012,2,0.5883730653755673
290012,3,0.6140455772996408
290012,4,0.597537661984019
290012,5,0.4690202151289459
290012,6,0.335752053276082
290012,7,0.24277316388026557
290012,8,0.24249870856638894
290012,9,0.34660196685734435
290012,10,0.4754718415276609
290012,11,0.5312134278258454
290012,12,0.5730978034038265
290013,1,0.6505759451110864
290013,2,0.6248899264284495
290013,3,0.6681705578804068
290013,4,0.5947808717995738
290013,5,0.3602572304301359
290013,6,0.1809179671477238
290013,7,0.1174127148508873
290013,8,0.15103033506540614
290013,9,0.2939714291093249
290013,10,0.4730491153273897
290013,11,0.6291728932419556
290013,12,0.673288265540184
290014,1,0.7644143648761037
290014,2,0.7730094258732568
290014,3,0.8045299809585861
290014,4,0.7889339827540561
290014,5,0.6625134357092339
290014,6,0.5548014017752637
290014,7,0.4776520799587686
290014,8,0.47675275023535607
290014,9,0.5728793947597095
290014,10,0.691163999771503
290014,11,0.7401233377380663
290014,12,0.7682730224737865
290015,1,0.7575831333678626
290015,2,0.7634794465882748
290015,3,0.7871727238373492
290015,4,0.743878257123795
290015,5,0.5166257824939858
290015,6,0.35741344253261126
290015,7,0.2904162625005905
290015,8,0.33057550987461026
290015,9,0.5011491137609819
290015,10,0.6793696535795565
290015,11,0.7643317251095489
290015,12,0.7980068420809098
290016,1,0.8432256712562365
290016,2,0.7294462203065102
290016,3,0.759150111108843
290016,4,0.6829270019022563
290016,5,0.3915453876242401
290016,6,0.16852120445430843
290016,7,0.10663248591475279
290016,8,0.14200036981620467
290016,9,0.2833391385368496
290016,10,0.46657969211873385
290016,11,0.7168003109456104
290016,12,0.8196037894493803
290017,1,0.9303217559222144
290017,2,0.8619579298170772
290017,3,0.9123596584108936
290017,4,0.8027480981155591
290017,5,0.49340596174062445
290017,6,0.25121896803276283
290017,7,0.19880474323641054
290017,8,0.2551093751967022
290017,9,0.38695567979254025
290017,10,0.571798314767427
290017,11,0.8325532029486721
290017,12,0.9083152524459559
290018,1,0.8528596576907982
290018,2,0.8541296437858739
290018,3,0.8969601025014934
290018,4,0.7454169473891193
290018,5,0.409599191269084
290018,6,0.12401972365465061
290018,7,0.0714809203588568
290018,8,0.12350079430128336
290018,9,0.28648030169812577
290018,10,0.5022621532149155
290018,11,0.7439224063861666
290018,12,0.8185139342311345
290019,1,0.9675924228321862
290019,2,0.8326091288892739
290019,3,0.8131907532360106
290019,4,0.7083260456135287
290019,5,0.3691101991115787
290019,6,0.1259572038191018
290019,7,0.08016565720593423
290019,8,0.14980722375413752
290019,9,0.32395159648995003
290019,10,0.5310627329087687
290019,11,0.8306018146211976
290019,12,0.9255572360099203
290020,1,0.5382665825861142
290020,2,0.5792426008028071
290020,3,0.6778004253824629
290020,4,0.6154584404536924
290020,5,0.3991301881090823
290020,6,0.15721601773880878
290020,7,0.09023111819707405
290020,8,0.10333042240602855
290020,9,0.2283296891366171
290020,10,0.38330866785326967
290020,11,0.48151388712601334
290020,12,0.5091639752900193
290021,1,0.6839710574091473
290021,2,0.7991850991420871
290021,3,0.9419301551389705
290021,4,0.8400903518824865
290021,5,0.5661586354603867
290021,6,0.2947919643031233
290021,7,0.2085770033726921
290021,8,0.22662421254404458
290021,9,0.3361736452823959
290021,10,0.47796517281088446
290021,11,0.6006472177611628
290021,12,0.6585988610298227
290022,1,0.7726017274659839
290022,2,0.8149344082291753
290022,3,1.005877667949878
290022,4,0.9881901968824397
290022,5,0.8054995657615109
290022,6,0.5601024564646406
290022,7,0.3748639609361133
290022,8,0.3063807030589435
290022,9,0.36670919484367226
290022,10,0.45190543323981835
290022,11,0.5694145280699916
290022,12,0.6522333177284031
290023,1,0.642902175705587
290023,2,0.6422263587645961
290023,3,0.7165546562870371
290023,4,0.7531047994011095
290023,5,0.6816361964156148
290023,6,0.4933395605878593
290023,7,0.32148450752849705
290023,8,0.26317902865915854
290023,9,0.30408274835886623
290023,10,0.38439799703746613
290023,11,0.4672904273546613
290023,12,0.5364649375080032
290024,1,0.6809678823199394
290024,2,0.7053372905936937
290024,3,0.8066323013781344
290024,4,0.8319239520632308
290024,5,0.804732276686858
290024,6,0.6642459755915113
290024,7,0.4940439620528763
290024,8,0.4167763868460855
290024,9,0.45997308399900994
290024,10,0.5007353825573793
290024,11,0.5661213771275888
290024,12,0.6163486024753752
290025,1,0.6633072185545443
290025,2,0.6587600363450342
290025,3,0.6981473800377678
290025,4,0.7502888750362176
290025,5,0.7352514728917561
290025,6,0.6048628246242514
290025,7,0.4867247012362721
290025,8,0.4256504158829561
290025,9,0.44383446897082685
290025,10,0.5142519837613638
290025,11,0.5682154116822622
290025,12,0.6245690414955059
290026,1,0.6057510783846919
290026,2,0.5868720579201918
290026,3,0.653294246991714
290026,4,0.7128012089740369
290026,5,0.692090387405659
290026,6,0.5275788398707639
290026,7,0.3575606517514242
290026,8,0.27485323199559736
290026,9,0.3123117793271508
290026,10,0.3813154660695263
290026,11,0.4417156048930122
290026,12,0.5126599834008102
290027,1,0.6362761887434643
290027,2,0.633570825251373
290027,3,0.6680491868341238
290027,4,0.6923515243584832
290027,5,0.6876580157825145
290027,6,0.5520274290390645
290027,7,0.4442065433328489
290027,8,0.3862415950010837
290027,9,0.42999336569308433
290027,10,0.4920971112530429
290027,11,0.5527299843805749
290027,12,0.6011482402563788
290028,1,0.6550601170804834
290028,2,0.652889938795465
290028,3,0.7031696323325444
290028,4,0.7109555740171118
290028,5,0.6922707692790624
290028,6,0.549485019620385
290028,7,0.4218206613840282
290028,8,0.36877844192970666
290028,9,0.427210859660023
290028,10,0.48753498610545787
290028,11,0.5558454432352428
290028,12,0.6027009454952142
290029,1,0.6875458418636535
290029,2,0.6951798710653045
290029,3,0.7413729152357466
290029,4,0.7944971012669032
290029,5,0.7412457966844089
290029,6,0.6355626755644146
290029,7,0.5034196785693034
290029,8,0.47482959868314517
290029,9,0.501439508397977
290029,10,0.5808512484325502
290029,11,0.633861192002012
290029,12,0.6717027359388186
290030,1,0.5853129754687184
290030,2,0.5843676453475347
290030,3,0.6454430124145215
290030,4,0.6716751286645797
290030,5,0.6342194410663536
290030,6,0.4271748513919255
290030,7,0.27715969527622525
290030,8,0.2366405476592272
290030,9,0.2883674321563888
290030,10,0.3906584238821173
290030,11,0.4664600335309924
290030,12,0.5177832521626206
290031,1,0.5927753862380196
290031,2,0.604539993553228
290031,3,0.6525574719946491
290031,4,0.6585682635299333
290031,5,0.5454937252230904
290031,6,0.3739684945425364
290031,7,0.27235166129577454
290031,8,0.2523578009265868
290031,9,0.3278115199756019
290031,10,0.45144643836565934
290031,11,0.5196206753463499
290031,12,0.5638114732584283
290032,1,0.6474960934826315
290032,2,0.6310234901696709
290032,3,0.6760919256319848
290032,4,0.7331831713372898
290032,5,0.7102856791014284
290032,6,0.5748286675959632
290032,7,0.45104262868180395
290032,8,0.38941197715957354
290032,9,0.40292620273615676
290032,10,0.4795716330528603
290032,11,0.5320981349183437
290032,12,0.5792005245215394
290033,1,0.6452819520014896
290033,2,0.6445951400776092
290033,3,0.6870465723303907
290033,4,0.7610647443187977
290033,5,0.737882828833824
290033,6,0.6108517408014728
290033,7,0.4700485046486165
290033,8,0.4172781312508668
290033,9,0.4323848433850488
290033,10,0.5061277101483163
290033,11,0.5534751759742892
290033,12,0.6114893652887666
290034,1,0.41678142136261004
290034,2,0.41021845526647754
290034,3,0.4633419645763264
290034,4,0.37876696144747346
290034,5,0.1750098083265603
290034,6,0.03622698352128264
290034,7,0.01774838752916977
290034,8,0.037360114732188365
290034,9,0.1429817568189262
290034,10,0.32933148084581637
290034,11,0.4245882183702858
290034,12,0.41769464321048944
310001,1,0.7835965844178695
310001,2,0.7926674217161527
310001,3,0.719776621016094
310001,4,0.34892676191848565
310001,5,0.030734702313578
310001,6,0.0
310001,7,0.0
310001,8,0.0
310001,9,0.1209407911312467
310001,10,0.4217783869971914
310001,11,0.6412314706339425
310001,12,0.847073023896535
310002,1,0.871398022241006
310002,2,0.856213097863828
310002,3,0.7978726126665375
310002,4,0.3552368500814671
310002,5,0.0034855839038460935
310002,6,0.0
310002,7,0.0
310002,8,0.0
310002,9,0.11632655378189491
310002,10,0.44379342983814335
310002,11,0.7311386552827938
310002,12,0.8770535936750544
310003,1,0.7184012654292945
310003,2,0.7590472254151049
310003,3,0.6581585808299708
310003,4,0.2436386754579579
310003,5,0.0
310003,6,0.0
310003,7,0.0
310003,8,0.0
310003,9,0.015396458233145408
310003,10,0.2539523245739871
310003,11,0.5366615424159704
310003,12,0.8409910509605165
310004,1,0.9540812618692788
310004,2,0.8969249016843807
310004,3,0.9242205151090256
310004,4,0.5011816906147182
310004,5,0.07904809543677835
310004,6,0.0
310004,7,0.0
310004,8,0.006454808812449607
310004,9,0.16652839949897072
310004,10,0.49534944818656695
310004,11,0.8529151992461292
310004,12,1.0026909347675856
310005,1,0.7900379705472058
310005,2,0.8058538499834902
310005,3,0.7707748109832353
310005,4,0.4051410087981187
310005,5,0.010190102384652403
310005,6,0.0
310005,7,0.0
310005,8,0.0
310005,9,0.040620440044425825
310005,10,0.3649966331644464
310005,11,0.6691335552285159
310005,12,0.8949352158314651
310006,1,0.8260870821859009
310006,2,0.7671540269528998
310006,3,0.8118847632607132
310006,4,0.5418279473638491
310006,5,0.19251582481555535
310006,6,0.009540245740177575
310006,7,0.004305281326195184
310006,8,0.019894321168610167
310006,9,0.18646395878503466
310006,10,0.43725311810747775
310006,11,0.7186189191712686
310006,12,0.8635437371970929
310007,1,0.9151612564592496
310007,2,0.8180381727144221
310007,3,0.8334432772197133
310007,4,0.6876844561190141
310007,5,0.37096356626736193
310007,6,0.13292111697306813
310007,7,0.090466365491134
310007,8,0.13449388882825983
310007,9,0.32611034541381406
310007,10,0.5375742879521829
310007,11,0.7747602380968736
310007,12,0.9319414310965505
310008,1,0.5286364151772219
310008,2,0.5342206197732872
310008,3,0.5668242107564467
310008,4,0.42042578852095397
310008,5,0.1484312729054281
310008,6,0.004508034014510777
310008,7,0.0
310008,8,0.00439500872003228
310008,9,0.1664360343857338
310008,10,0.4198393569368763
310008,11,0.5199590677057417
310008,12,0.6036432208116657
310009,1,1.0287048712939422
310009,2,0.8574542007426851
310009,3,0.8652649072912604
310009,4,0.701948484983809
310009,5,0.33023354123048576
310009,6,0.08719317044905273
310009,7,0.05325187670891092
310009,8,0.11017083889116241
310009,9,0.29214335929133795
310009,10,0.5349757313046434
310009,11,0.8546049539240216
310009,12,1.0113369432846397
310010,1,1.0111377064535794
310010,2,0.9183769870342451
310010,3,0.9450852324876221
310010,4,0.5953530541983365
310010,5,0.15174167064176808
310010,6,0.0
310010,7,0.0
310010,8,0.030801051953380187
310010,9,0.24907839007317883
310010,10,0.5641422483501691
310010,11,0.9042658987843866
310010,12,1.0451626114830495
310011,1,1.051382058786034
310011,2,0.8980693377680553
310011,3,0.9395480984710922
310011,4,0.6393619317435428
310011,5,0.1994386464776836
310011,6,0.011583844338300153
310011,7,0.0026118656244078363
310011,8,0.04032045935660877
310011,9,0.24240306980646453
310011,10,0.5457618770774118
310011,11,0.8951758939214423
310011,12,1.0872499057802942
310012,1,0.7809180601126724
310012,2,0.6904818481573839
310012,3,0.7295101613143596
310012,4,0.6141584709848684
310012,5,0.33682280467227654
310012,6,0.12248620751515736
310012,7,0.08169396959006103
310012,8,0.1149987005270841
310012,9,0.2781089208169658
310012,10,0.4688656589772216
310012,11,0.6797098125666234
310012,12,0.8065616154911819
310013,1,0.6667831465327447
310013,2,0.680784057955922
310013,3,0.7019974412276764
310013,4,0.5232861754425114
310013,5,0.2951435598395138
310013,6,0.10393492836776232
310013,7,0.06332410347361207
310013,8,0.11429535512868677
310013,9,0.2951550436992322
310013,10,0.5482198562832945
310013,11,0.6825193074801631
310013,12,0.6749184739639275
310014,1,0.6342590628827015
310014,2,0.632159182904646
310014,3,0.6626754963084818
310014,4,0.39520791854563136
310014,5,0.2917763176422898
310014,6,0.004980895864393558
310014,7,0.0
310014,8,0.005406829273752652
310014,9,0.12274813203814723
310014,10,0.41267577325979593
310014,11,0.6066074823679533
310014,12,0.6500141762493633
310015,1,0.6558054316534113
310015,2,0.6668762616569172
310015,3,0.6833338046763479
310015,4,0.6124897958527984
310015,5,0.3604941428276639
310015,6,0.160459548116953
310015,7,0.11264763046397683
310015,8,0.16863517977888198
310015,9,0.35773190302058694
310015,10,0.6069232665973622
310015,11,0.7069394622152493
310015,12,0.7288401946105039
310016,1,0.6541835728778075
310016,2,0.6798276045578823
310016,3,0.7192755806508833
310016,4,0.3558997648292927
310016,5,0.11135001757452752
310016,6,0.0
310016,7,0.0
310016,8,0.0
310016,9,0.04129926136574285
310016,10,0.3177317646269001
310016,11,0.608219830175152
310016,12,0.7041216372398108
310017,1,0.6770827716733194
310017,2,0.6646119944141596
310017,3,0.7004365256931537
310017,4,0.5257544023735471
310017,5,0.28228873397812787
310017,6,0.0520212511765191
310017,7,0.009838729789322435
310017,8,0.05475493606666795
310017,9,0.2579458120984053
310017,10,0.551317971340668
310017,11,0.7019655246231298
310017,12,0.764111075851293
310018,1,0.543157898041489
310018,2,0.5606785619832392
310018,3,0.583590423177561
310018,4,0.4732035780232031
310018,5,0.20689653453391105
310018,6,0.02611023793549847
310018,7,0.00655183764677193
310018,8,0.0451936893184382
310018,9,0.22104269604596613
310018,10,0.47244671725746923
310018,11,0.5742045672147782
310018,12,0.6160626488977584
310019,1,0.69394967894108
310019,2,0.7038777334165142
310019,3,0.7276936677954705
310019,4,0.6355651515309487
310019,5,0.3929086943480762
310019,6,0.19161405641764453
310019,7,0.12958269821921567
310019,8,0.18907490431912713
310019,9,0.3909265276367185
310019,10,0.6565949636256134
310019,11,0.7779863849676975
310019,12,0.7722875207750685
310020,1,0.8123337231664259
310020,2,0.8185095367483706
310020,3,0.8099462363730366
310020,4,0.6144019017939406
310020,5,0.34068818415924795
310020,6,0.12139599346960397
310020,7,0.08363606990526717
310020,8,0.16700712272635868
310020,9,0.3833085477204169
310020,10,0.6008538154110072
310020,11,0.8000167276758234
310020,12,0.8461892329631526
310021,1,0.7398778654832624
310021,2,0.7485094205903458
310021,3,0.7717328796010898
310021,4,0.42068836883708927
310021,5,0.11438180635794105
310021,6,0.0012974661917857446
310021,7,0.0
310021,8,0.001628149943373075
310021,9,0.04458610468683653
310021,10,0.3815000609187282
310021,11,0.6747140545172914
310021,12,0.8073786521629788
310022,1,0.7261961932791713
310022,2,0.729301602740198
310022,3,0.720617691355727
310022,4,0.5333712659356385
310022,5,0.2922404351560402
310022,6,0.11216322438149072
310022,7,0.06608218373320171
310022,8,0.14918897801081826
310022,9,0.33697565149906006
310022,10,0.5477333247117732
310022,11,0.7057258281890394
310022,12,0.7216369903097032
310023,1,0.7584865108933179
310023,2,0.7582179575824587
310023,3,0.7300388032872879
310023,4,0.5335042446688418
310023,5,0.277308759389504
310023,6,0.09907626608594164
310023,7,0.06275509788783401
310023,8,0.15851057427922646
310023,9,0.3538569054440045
310023,10,0.5586652181080297
310023,11,0.7189199040725813
310023,12,0.7658165811468577
310024,1,0.8029467532026276
310024,2,0.7832998537482854
310024,3,0.7978314697410914
310024,4,0.5440140412411744
310024,5,0.2198998595763512
310024,6,0.030777633188620757
310024,7,0.017408167877636306
310024,8,0.05311968789053443
310024,9,0.25657264989478645
310024,10,0.5090071959605625
310024,11,0.7249471166747834
310024,12,0.8613979757983563
310025,1,0.7638252905966625
310025,2,0.782751129272208
310025,3,0.7388619386409455
310025,4,0.38007043357579756
310025,5,0.06222551301689649
310025,6,6.774217495422316e-05
310025,7,0.0
310025,8,0.004695563197001823
310025,9,0.13361270622694796
310025,10,0.39999988892120275
310025,11,0.6358489876284489
310025,12,0.7506368124657921
310026,1,0.7952353260717698
310026,2,0.8104546817011127
310026,3,0.7655001248990996
310026,4,0.3934945118305689
310026,5,0.006981802932215521
310026,6,0.0
310026,7,0.0
310026,8,0.0
310026,9,0.03997772586172316
310026,10,0.3595136355343257
310026,11,0.6521633310071375
310026,12,0.9005194766982507
310027,1,0.8526922904745475
310027,2,0.8371162014830424
310027,3,0.7669680831317448
310027,4,0.37860621929401783
310027,5,0.03564601316190267
310027,6,0.0
310027,7,0.0
310027,8,6.195030957199423e-05
310027,9,0.03759635610011275
310027,10,0.22344043723752952
310027,11,0.4720646576129857
310027,12,0.7568984071866075
310028,1,0.6656542693309534
310028,2,0.704608784476714
310028,3,0.6141166613605007
310028,4,0.18371207011113508
310028,5,0.024885158777169375
310028,6,0.0015901210374876748
310028,7,0.0006947771770287606
310028,8,0.008001821448755053
310028,9,0.05335915118932938
310028,10,0.26327539011044876
310028,11,0.4971919276926019
310028,12,0.5959347740228205
310029,1,0.860803001525608
310029,2,0.8592680949767114
310029,3,0.8134523815266788
310029,4,0.47699961139559205
310029,5,0.06875507874348472
310029,6,0.0
310029,7,0.0
310029,8,0.0005504165218006288
310029,9,0.1371255927859067
310029,10,0.4062089651811826
310029,11,0.5953449262728921
310029,12,0.8205212198659636
310030,1,0.8373981403089217
310030,2,0.8408851869551288
310030,3,0.8039603792318525
310030,4,0.4337496577934593
310030,5,0.039897154624067864
310030,6,0.0
310030,7,0.0
310030,8,0.000883906987270179
310030,9,0.10944593306483279
310030,10,0.42381561485524455
310030,11,0.6547986595833749
310030,12,0.8941971578452875
310031,1,0.8096513969637071
310031,2,0.7754754796957887
310031,3,0.7329770463035027
310031,4,0.38550402194679595
310031,5,0.035921825702811355
310031,6,0.0
310031,7,0.0
310031,8,0.0001995987305230445
310031,9,0.09532014528791283
310031,10,0.3772352961949324
310031,11,0.5783899112723905
310031,12,0.8095086687265958
310032,1,0.820873609232257
310032,2,0.8399931251953197
310032,3,0.7911242021791107
310032,4,0.5483146782000354
310032,5,0.1339403627156301
310032,6,0.0
310032,7,0.0
310032,8,0.008976813105174916
310032,9,0.20638651183885956
310032,10,0.43588031588049464
310032,11,0.639774559188399
310032,12,0.8548488144502918
310033,1,0.8148081584074248
310033,2,0.7877934820246715
310033,3,0.7240270146923882
310033,4,0.2610924404371443
310033,5,0.0
310033,6,0.0
310033,7,0.0
310033,8,0.0
310033,9,0.005170856367748118
310033,10,0.27553264867985683
310033,11,0.49413139553676216
310033,12,0.7745167191196675
310034,1,0.6510843924228292
310034,2,0.6469756889126964
310034,3,0.553155985778601
310034,4,0.10128965877536741
310034,5,0.0019274513041678744
310034,6,0.0
310034,7,0.0
310034,8,0.0
310034,9,0.010566100625365645
310034,10,0.18388931121874663
310034,11,0.412817960521828
310034,12,0.557821759449766
310035,1,0.8158240967936439
310035,2,0.8269737752778161
310035,3,0.7729581692537286
310035,4,0.4583224800041438
310035,5,0.06860739940030558
310035,6,0.0
310035,7,0.0
310035,8,0.0
310035,9,0.09828590428077894
310035,10,0.313014683076554
310035,11,0.5313622875562828
310035,12,0.7611855022689369
310036,1,0.791801460043942
310036,2,0.8289108325899823
310036,3,0.7762854672994419
310036,4,0.5283804025547406
310036,5,0.12358811743315443
310036,6,0.0006987997838896637
310036,7,0.0
310036,8,0.004691693003579863
310036,9,0.17310949852335242
310036,10,0.42158615952544676
310036,11,0.6333912535388809
310036,12,0.846877885949093
310037,1,0.7997923365705314
310037,2,0.8094985683503223
310037,3,0.6433366997798671
310037,4,0.20290209850874294
310037,5,0.0001936768922705865
310037,6,0.0
310037,7,0.0
310037,8,0.0
310037,9,0.008827905805318607
310037,10,0.1998245926812128
310037,11,0.43553679174389337
310037,12,0.6660851712323242
310038,1,0.7920881615588861
310038,2,0.8346347317754447
310038,3,0.7048114454576911
310038,4,0.24592340019289835
310038,5,5.1310227938330505e-05
310038,6,0.0
310038,7,0.0
310038,8,0.0
310038,9,0.013425604304317223
310038,10,0.2663587830773638
310038,11,0.5333802557700841
310038,12,0.8518376707957013
310039,1,0.9290442163401936
310039,2,0.9613994994136268
310039,3,0.7727615162042205
310039,4,0.2407590596652165
310039,5,0.0
310039,6,0.0
310039,7,0.0
310039,8,0.0
310039,9,0.002117256718991481
310039,10,0.26137750416152483
310039,11,0.5227850160442841
310039,12,0.8696804082549904
310040,1,1.212459441245487
310040,2,1.2216668594098465
310040,3,0.8872908455588067
310040,4,0.23917918636818095
310040,5,0.0
310040,6,0.0
310040,7,0.0
310040,8,0.0
310040,9,0.0014298279906332946
310040,10,0.3441434168413137
310040,11,0.6636437445888688
310040,12,1.0361861089456983
310041,1,1.136342808474976
310041,2,1.1772973161165652
310041,3,0.9610698061757693
310041,4,0.39654975646490925
310041,5,0.00977084995213389
310041,6,0.0
310041,7,0.0
310041,8,0.0002758546949927365
310041,9,0.0972975787939883
310041,10,0.5516642158112135
310041,11,0.8871190837819698
310041,12,0.9982889252287019
310042,1,1.156874810373145
310042,2,1.2184979635079083
310042,3,0.8676851356324838
310042,4,0.32787816421654087
310042,5,0.0
310042,6,0.0
310042,7,0.0
310042,8,0.0
310042,9,0.054315551522832246
310042,10,0.4568337858957743
310042,11,0.7914345282565164
310042,12,1.0070072933215357
310043,1,1.0171119244964106
310043,2,1.092135855453804
310043,3,0.8956387869584358
310043,4,0.2968668094198088
310043,5,0.0
310043,6,0.0
310043,7,0.0
310043,8,0.0
310043,9,0.0141286408136316
310043,10,0.33201654833951233
310043,11,0.6149897445852598
310043,12,0.9162461203014276
310044,1,1.1493241620904793
310044,2,1.2277508819628886
310044,3,0.9002005243419222
310044,4,0.2768624301660889
310044,5,0.0
310044,6,0.0
310044,7,0.0
310044,8,0.0
310044,9,0.04142543840234435
310044,10,0.4519698815430492
310044,11,0.8350265007703931
310044,12,1.1219931122577775
310045,1,1.3267412944231693
310045,2,1.3280206916479718
310045,3,1.0083432067481815
310045,4,0.23954647328995227
310045,5,0.0
310045,6,0.0
310045,7,0.0
310045,8,0.0
310045,9,0.0
310045,10,0.3254560977071495
310045,11,0.6651183717044927
310045,12,1.176742951701668
310046,1,1.174863569591719
310046,2,1.2449959801735762
310046,3,0.9398975618566019
310046,4,0.2782593724500116
310046,5,0.0
310046,6,0.0
310046,7,0.0
310046,8,0.0
310046,9,0.00959496849653714
310046,10,0.3939308518361935
310046,11,0.7304667658141814
310046,12,1.0304620661929802
310047,1,1.1653231152425672
310047,2,1.1936158659637994
310047,3,0.9406385615459294
310047,4,0.3659419733509064
310047,5,0.0010942129811469315
310047,6,0.0
310047,7,0.0
310047,8,0.0
310047,9,0.08257847151906039
310047,10,0.4712226720902512
310047,11,0.8284347336206623
310047,12,1.0425472405411669
310048,1,1.044418583506296
310048,2,1.1005532537805967
310048,3,0.8901132643307432
310048,4,0.29107432718410886
310048,5,0.0
310048,6,0.0
310048,7,0.0
310048,8,0.0
310048,9,0.021552569220648594
310048,10,0.40235680755717884
310048,11,0.6962122747255522
310048,12,0.9055576871287075
310049,1,1.1418705930401638
310049,2,1.1689389788377829
310049,3,0.9425026124661213
310049,4,0.2998182201346285
310049,5,0.0
310049,6,0.0
310049,7,0.0
310049,8,0.0
310049,9,0.03427915509529164
310049,10,0.5798304621429585
310049,11,0.939842521647417
310049,12,0.8618039736106065
310050,1,1.3316749212510866
310050,2,1.074758260974588
310050,3,0.7211647024708241
310050,4,0.1931521909369717
310050,5,0.0
310050,6,0.0
310050,7,0.0
310050,8,0.0
310050,9,0.004045621943473538
310050,10,0.20020459629028273
310050,11,0.49497230515015017
310050,12,0.8797030308820664
310051,1,1.1506565390823111
310051,2,1.089864721556986
310051,3,0.7064273368492439
310051,4,0.13393541488778665
310051,5,0.0
310051,6,0.0
310051,7,0.0
310051,8,0.0
310051,9,0.006271403813243335
310051,10,0.2506193796581227
310051,11,0.5757664537321381
310051,12,0.92156618495239
310052,1,1.5315285688035734
310052,2,0.9685686194726622
310052,3,0.5860163604288773
310052,4,0.06658787022651655
310052,5,0.0
310052,6,0.0
310052,7,0.0
310052,8,0.0
310052,9,0.0
310052,10,0.07375271606771666
310052,11,0.3425785657911496
310052,12,0.806975990434543
310053,1,1.3417269288303388
310053,2,1.0152647212554204
310053,3,0.6121703213577337
310053,4,0.061579259512712155
310053,5,0.0
310053,6,0.0
310053,7,0.0
310053,8,0.0
310053,9,0.0
310053,10,0.1533359628484588
310053,11,0.4261892363862234
310053,12,0.908798737352612
310054,1,1.2562549840539088
310054,2,1.1443891766733467
310054,3,0.7504667327006859
310054,4,0.09416648551870668
310054,5,0.0
310054,6,0.0
310054,7,0.0
310054,8,0.0
310054,9,0.0
310054,10,0.1673699529650171
310054,11,0.4718926035185045
310054,12,1.0274786700004903
310055,1,1.024911346670211
310055,2,1.0063494562885327
310055,3,0.9373686198435249
310055,4,0.4944261969120926
310055,5,0.10090353391955553
310055,6,0.002175303107278184
310055,7,0.0004378996203799643
310055,8,0.04037319760181235
310055,9,0.20950839852591724
310055,10,0.4888497558143136
310055,11,0.7322423522766068
310055,12,0.9054948375664609
310056,1,0.8354536573292027
310056,2,0.8149375577196545
310056,3,0.7948185177926689
310056,4,0.33003834312154395
310056,5,0.014510364236893381
310056,6,0.0
310056,7,0.0
310056,8,0.001115206687721784
310056,9,0.10254421461491113
310056,10,0.4551896120751433
310056,11,0.686797129355049
310056,12,0.686522527226649
310057,1,1.2315435960486607
310057,2,1.1829791189731027
310057,3,1.0679585674364662
310057,4,0.597947485163364
310057,5,0.18658575758248563
310057,6,0.017171331432655777
310057,7,0.002899861782547089
310057,8,0.09951491712215556
310057,9,0.32555267218945116
310057,10,0.5914202070816185
310057,11,0.8683848307422387
310057,12,1.0455176687760828
310058,1,1.2088149467455203
310058,2,1.1105643837981127
310058,3,1.083042791234431
310058,4,0.6131158273311397
310058,5,0.1882580481834792
310058,6,0.0154455948841635
310058,7,0.0006452076521325888
310058,8,0.10285675033633655
310058,9,0.3332905508019174
310058,10,0.5523973406073764
310058,11,0.8890688349990477
310058,12,1.0346292553908385
310059,1,1.0284634780934965
310059,2,0.997082746749771
310059,3,0.9437366086318739
310059,4,0.5103786408144124
310059,5,0.0932722086545234
310059,6,0.0012667291825348233
310059,7,0.0007094402096497615
310059,8,0.062255032536574634
310059,9,0.25309758062461213
310059,10,0.5377452591082348
310059,11,0.794239620711047
310059,12,0.9674560829257316
310060,1,1.089892291503261
310060,2,1.0358787167994952
310060,3,0.9669842528253833
310060,4,0.5778774032860634
310060,5,0.19972450614999038
310060,6,0.0251031559532419
310060,7,0.0061902280470409994
310060,8,0.13148874224579493
310060,9,0.3509137179437517
310060,10,0.6109189171599115
310060,11,0.9022991868967442
310060,12,1.029560395604195
310061,1,0.8896599031580794
310061,2,0.8470004558848669
310061,3,0.8979123707552494
310061,4,0.4990022655447728
310061,5,0.09120271651416438
310061,6,0.0017256301090268276
310061,7,0.00031996429908396235
310061,8,0.037624358741662804
310061,9,0.24746438573794816
310061,10,0.5191829616353868
310061,11,0.7353968891314863
310061,12,0.8103959948410836
310062,1,0.869380484691363
310062,2,0.7815379358575748
310062,3,0.8160399414568754
310062,4,0.4651839572248121
310062,5,0.11845540650812084
310062,6,0.003989999460957145
310062,7,0.0008377748837352265
310062,8,0.05607497282254617
310062,9,0.2712205766264642
310062,10,0.5536301121325403
310062,11,0.7750538705889678
310062,12,0.7689705702784059
310063,1,1.034425299412991
310063,2,0.8750207880115927
310063,3,0.8631782927851556
310063,4,0.5690677911847813
310063,5,0.17926368107208496
310063,6,0.0068637456142346285
310063,7,0.0015542780498608098
310063,8,0.05968099468090223
310063,9,0.29041808520595974
310063,10,0.5691863910727099
310063,11,0.8499018913134692
310063,12,0.9418759058692096
310064,1,0.7940154189486661
310064,2,0.7483890859895026
310064,3,0.8154860352517908
310064,4,0.43553245598473983
310064,5,0.07928992570764318
310064,6,0.0
310064,7,0.0
310064,8,0.025970410977769993
310064,9,0.23059783567653583
310064,10,0.4980824404218222
310064,11,0.6779249830480679
310064,12,0.7096506919829659
310065,1,0.9649748593668387
310065,2,0.9770212806802352
310065,3,0.8600377861767359
310065,4,0.33067114648226037
310065,5,0.0
310065,6,0.0
310065,7,0.0
310065,8,0.0
310065,9,0.08147187275334782
310065,10,0.49617689124712117
310065,11,0.7547590947528753
310065,12,0.9316824835649761
310066,1,1.1021588073590989
310066,2,1.1261972582564226
310066,3,0.9323843822440024
310066,4,0.3095582978766013
310066,5,0.0
310066,6,0.0
310066,7,0.0
310066,8,0.0
310066,9,0.04437737945580721
310066,10,0.5652322509887696
310066,11,0.8910440883869991
310066,12,0.8545959707350258
310067,1,1.0425636897497166
310067,2,1.0077396326394445
310067,3,0.943381415195725
310067,4,0.4380898771934761
310067,5,0.02116956906966606
310067,6,0.0
310067,7,0.0
310067,8,0.0032031023248456493
310067,9,0.15514831240974855
310067,10,0.608646751887732
310067,11,0.9210628502542001
310067,12,0.9488676274088816
310068,1,0.9786465944004131
310068,2,0.9674498187356319
310068,3,0.8840860145461978
310068,4,0.3455126935181002
310068,5,0.00011088576675404035
310068,6,0.0
310068,7,0.0
310068,8,0.0
310068,9,0.09866254171211868
310068,10,0.4738137397763779
310068,11,0.7604780970103411
310068,12,1.049474222248371
310069,1,0.8697549154329801
310069,2,0.9030817096282091
310069,3,0.7439989635296499
310069,4,0.24670463128431336
310069,5,0.0
310069,6,0.0
310069,7,0.0
310069,8,0.0
310069,9,0.019410768361846256
310069,10,0.31086007702195856
310069,11,0.5481257165624431
310069,12,0.8552210085165239
310070,1,0.9854134845572956
310070,2,0.9201239166810599
310070,3,0.9113527764105117
310070,4,0.5278582147563115
310070,5,0.11461273183923644
310070,6,0.0
310070,7,0.0
310070,8,0.04148190560381123
310070,9,0.24264804393053993
310070,10,0.5990622511381462
310070,11,0.8939099715957425
310070,12,0.9361066338370391
320001,1,0.86967810701642
320001,2,0.8580780923524459
320001,3,0.8441265370119664
320001,4,0.6689969584511205
320001,5,0.48042854026449955
320001,6,0.30709559560345145
320001,7,0.2403935773103589
320001,8,0.3109686868987289
320001,9,0.4733777723975533
320001,10,0.6489325874987499
320001,11,0.7910537952081019
320001,12,0.8770083384024051
320002,1,0.6025542318782175
320002,2,0.6381271387644426
320002,3,0.5734967403420915
320002,4,0.241488098633496
320002,5,0.04723785339960837
320002,6,0.007048740472315065
320002,7,0.002211872950626338
320002,8,0.015739756010734015
320002,9,0.06897429760812153
320002,10,0.2659147293813054
320002,11,0.46803877224791307
320002,12,0.5329409902258071
320003,1,0.8497420689299671
320003,2,0.8391143131854139
320003,3,0.8504423202704063
320003,4,0.7053480977969984
320003,5,0.5357781744712151
320003,6,0.37839277197257265
320003,7,0.30519915877765347
320003,8,0.3504404961110674
320003,9,0.4905030887544489
320003,10,0.6797759934767229
320003,11,0.812241213067745
320003,12,0.8535614066660124
320004,1,0.8597757962961938
320004,2,0.8287568790778101
320004,3,0.8306452343044441
320004,4,0.6733347012300133
320004,5,0.5046000491861252
320004,6,0.34213947807225653
320004,7,0.27193954151703315
320004,8,0.3213959320986506
320004,9,0.4760068750001819
320004,10,0.6516758824628284
320004,11,0.8054030968885721
320004,12,0.8665168681242903
320005,1,0.7728501808287234
320005,2,0.7580615677507628
320005,3,0.7386614112571597
320005,4,0.5686286895892302
320005,5,0.353182411944532
320005,6,0.17817594709744827
320005,7,0.12272220330358538
320005,8,0.20209275832223744
320005,9,0.37172076659370845
320005,10,0.5685436503563152
320005,11,0.723858099991606
320005,12,0.7738783732944995
320006,1,0.7685218099663912
320006,2,0.7585583865638723
320006,3,0.7606424685173645
320006,4,0.605485180567596
320006,5,0.40159636990328584
320006,6,0.226520518645162
320006,7,0.1629571036551766
320006,8,0.23517902674678037
320006,9,0.40486421977282994
320006,10,0.6089839286060013
320006,11,0.7511920253543396
320006,12,0.7745487317957767
320007,1,0.7901143149801544
320007,2,0.8106122371604897
320007,3,0.7773925500376081
320007,4,0.5610243527853588
320007,5,0.29461507522115615
320007,6,0.12569490659332172
320007,7,0.0776217966388533
320007,8,0.15380750993113906
320007,9,0.3333115581836882
320007,10,0.5497107526299009
320007,11,0.6988279315790599
320007,12,0.8064605291088024
320008,1,0.6050384011087596
320008,2,0.6603277314166651
320008,3,0.5781046393113977
320008,4,0.19093330271394335
320008,5,0.02882313551694529
320008,6,0.001866751545751645
320008,7,0.0
320008,8,0.004743025231322051
320008,9,0.05561981216921642
320008,10,0.2575408917448289
320008,11,0.4766417325808571
320008,12,0.5643927351593401
330001,1,0.8575548271314825
330001,2,0.8717498481360868
330001,3,0.8698095799469807
330001,4,0.7040369625356305
330001,5,0.39922729874275026
330001,6,0.17901578879474397
330001,7,0.11827849760060734
330001,8,0.16235660139227082
330001,9,0.304211341097507
330001,10,0.5061491034680091
330001,11,0.6494229492982584
330001,12,0.8380283790085947
330002,1,0.8761189578587998
330002,2,0.8818099804050903
330002,3,0.8138034642053976
330002,4,0.5354712028827361
330002,5,0.12683493643943905
330002,6,0.0
330002,7,0.0
330002,8,0.0
330002,9,0.08770513709007922
330002,10,0.3230001589565689
330002,11,0.5138380019144013
330002,12,0.7747967033267396
330003,1,0.779810133530885
330003,2,0.8238764004635963
330003,3,0.8133003749938449
330003,4,0.6348410857039704
330003,5,0.3209615166606793
330003,6,0.11344808146747369
330003,7,0.06050191035243204
330003,8,0.11140077738885606
330003,9,0.25401811341694996
330003,10,0.4606224912386505
330003,11,0.5998733727750217
330003,12,0.7926293776308152
330004,1,0.875713988307578
330004,2,0.9206943060838636
330004,3,0.8449546033301663
330004,4,0.5233849812994252
330004,5,0.0655573788462541
330004,6,0.0
330004,7,0.0
330004,8,0.0
330004,9,0.08280961338770554
330004,10,0.3254686658283888
330004,11,0.5581942047133589
330004,12,0.8371979148678421
330005,1,0.9569049672362209
330005,2,0.9834201213658735
330005,3,0.826335739422176
330005,4,0.37224527311863187
330005,5,0.010990822580692337
330005,6,0.0
330005,7,0.0
330005,8,0.0
330005,9,0.016132121031516428
330005,10,0.23234941872707401
330005,11,0.47519643407057816
330005,12,0.8585560002680295
330006,1,0.8392095569309015
330006,2,0.8532587395144806
330006,3,0.7652793738710395
330006,4,0.42490884799091155
330006,5,0.027078539937716046
330006,6,0.0
330006,7,0.0
330006,8,0.0
330006,9,0.052403568098512335
330006,10,0.26160375602433067
330006,11,0.49393844889641497
330006,12,0.7689577950873236
330007,1,0.6921666783105918
330007,2,0.6965023755424916
330007,3,0.5261001658725901
330007,4,0.08985955765621477
330007,5,0.0006489648828258948
330007,6,0.0
330007,7,0.0
330007,8,0.0
330007,9,0.0010159387103838298
330007,10,0.025214567535573
330007,11,0.22900687264259117
330007,12,0.5128839657832824
330008,1,0.6701132523988611
330008,2,0.710785420726701
330008,3,0.5920842203950476
330008,4,0.18398404324309714
330008,5,0.027066659743535254
330008,6,0.0009350218082082619
330008,7,0.0
330008,8,0.0018607348565871087
330008,9,0.038238667019380924
330008,10,0.1427977769507171
330008,11,0.3616951448904984
330008,12,0.5689463272809939
330009,1,0.8158084087337056
330009,2,0.8359022290713698
330009,3,0.7819714795278334
330009,4,0.4939562079557491
330009,5,0.09776700729149783
330009,6,0.0
330009,7,0.0
330009,8,9.923744885322672e-05
330009,9,0.11395277385138577
330009,10,0.33580062780543407
330009,11,0.5513565442179922
330009,12,0.7728263598636026
330010,1,0.9034029393993418
330010,2,0.9363659028024681
330010,3,0.8911102568967599
330010,4,0.7105419858436359
330010,5,0.4666295248860091
330010,6,0.2455041879546622
330010,7,0.18409071572546248
330010,8,0.24434298726008954
330010,9,0.44613893014264794
330010,10,0.6695614842786253
330010,11,0.8228551338935991
330010,12,0.9637024825185709
330011,1,0.7746252574319559
330011,2,0.8123085112399716
330011,3,0.7833962987376953
330011,4,0.5304175002561159
330011,5,0.17659080535182634
330011,6,0.017786109764147545
330011,7,0.0
330011,8,0.039519532114882835
330011,9,0.24716525908986633
330011,10,0.5430021428069551
330011,11,0.7316582636479088
330011,12,0.8723367273530424
330012,1,0.7846142622249173
330012,2,0.8408254817963735
330012,3,0.8001074463157251
330012,4,0.5962704616093545
330012,5,0.20695081118115496
330012,6,0.014722826819020107
330012,7,0.0
330012,8,0.028196429327152144
330012,9,0.2757870529809597
330012,10,0.6013425545277248
330012,11,0.8000545218566845
330012,12,0.9619039450175696
330013,1,0.8635032487803874
330013,2,0.9211577196944545
330013,3,0.9343383310544007
330013,4,0.7744117996840688
330013,5,0.5404230337899609
330013,6,0.3146256004368732
330013,7,0.2611870109477928
330013,8,0.3071154104341624
330013,9,0.42251087101008167
330013,10,0.6037695736788377
330013,11,0.6957811189961551
330013,12,0.9078402970466891
330014,1,0.7971642721430454
330014,2,0.8465181500289144
330014,3,0.8240424213991535
330014,4,0.6567690991518167
330014,5,0.38850265203432055
330014,6,0.16598885917930908
330014,7,0.1133612168407706
330014,8,0.16709715353938454
330014,9,0.3335404529190244
330014,10,0.549477007868326
330014,11,0.678475683029053
330014,12,0.8513993178852416
350001,1,1.0247726338657484
350001,2,0.9421424537068243
350001,3,0.7726321852215874
350001,4,0.31750850200509095
350001,5,0.00023767670760041766
350001,6,0.0
350001,7,0.0
350001,8,0.0
350001,9,3.760917100243592e-05
350001,10,0.12186354548198688
350001,11,0.3678471823159822
350001,12,0.7134030481179829
350002,1,1.040092942163923
350002,2,1.038915163924718
350002,3,0.9668606123335427
350002,4,0.7033842938801298
350002,5,0.3570952630483859
350002,6,0.1269454177548722
350002,7,0.07208802995346976
350002,8,0.16008912646839518
350002,9,0.3163347128852922
350002,10,0.5279175458729106
350002,11,0.6548157316842177
350002,12,0.862779961778932
350003,1,1.0612574306456029
350003,2,1.083965165998739
350003,3,0.8434527540550628
350003,4,0.3324501012397973
350003,5,0.009895085785929429
350003,6,0.0
350003,7,0.0
350003,8,0.0
350003,9,0.02695287993297372
350003,10,0.22064626060540912
350003,11,0.46975251146978025
350003,12,0.8195790861186947
350004,1,1.0682454153830747
350004,2,1.1417859016253828
350004,3,0.8300187048437893
350004,4,0.16982363405649822
350004,5,0.0
350004,6,0.0
350004,7,0.0
350004,8,0.0
350004,9,0.00956859993085046
350004,10,0.18558448776033012
350004,11,0.4894661994593468
350004,12,0.688574407364368
350005,1,1.002451525422956
350005,2,1.0454840835950745
350005,3,0.9563915286210923
350005,4,0.6353388877357838
350005,5,0.26683921944093264
350005,6,0.07440331607629096
350005,7,0.036706061384250976
350005,8,0.1306477094213031
350005,9,0.2927333207471669
350005,10,0.5179363293848493
350005,11,0.6478843975249605
350005,12,0.8060341471194449
350006,1,1.0318876863332982
350006,2,1.1207555039158361
350006,3,0.8555888097883787
350006,4,0.255771977550253
350006,5,0.0
350006,6,0.0
350006,7,0.0
350006,8,0.0
350006,9,0.005040391471225113
350006,10,0.2176252752014516
350006,11,0.4831398573574309
350006,12,0.7514713771051077
350007,1,0.9874181780979633
350007,2,1.0946672408698659
350007,3,0.8369925927051663
350007,4,0.2420099335710531
350007,5,0.0
350007,6,0.0
350007,7,0.0
350007,8,0.0
350007,9,0.03535391468498765
350007,10,0.2578589490456651
350007,11,0.47221800379137807
350007,12,0.6913241798044775
350008,1,1.0432605092437885
350008,2,1.141666901760381
350008,3,0.8916641602695151
350008,4,0.34770144753222487
350008,5,0.0008029216544984753
350008,6,0.0
350008,7,0.0
350008,8,0.0
350008,9,0.029637151021517524
350008,10,0.2866168749820425
350008,11,0.5375162955247528
350008,12,0.8480096300666647
350009,1,1.0839984773994742
350009,2,1.1241705635748602
350009,3,0.9336584196886742
350009,4,0.3938015801525791
350009,5,0.02413543526230214
350009,6,0.0
350009,7,0.0
350009,8,0.017413276947030834
350009,9,0.13736726081641432
350009,10,0.39707821259694315
350009,11,0.6194536829029642
350009,12,0.816326092449747
350010,1,1.084816294520122
350010,2,1.157850647118197
350010,3,0.9460240943986874
350010,4,0.4055619999857141
350010,5,0.023569478855648873
350010,6,0.0
350010,7,0.0
350010,8,0.002418443975553299
350010,9,0.10757740969410459
350010,10,0.39970824368717
350010,11,0.6458678509888217
350010,12,0.8779034070176022
350011,1,1.0095422153458378
350011,2,1.1048782995834596
350011,3,0.8689284416771085
350011,4,0.2928932197337619
350011,5,0.0032329967895334192
350011,6,0.0
350011,7,0.0
350011,8,0.0
350011,9,0.04294892733810364
350011,10,0.3075047399899021
350011,11,0.5301139704023714
350011,12,0.7988731520789022
350012,1,1.1715120611701317
350012,2,1.1674815332626334
350012,3,1.0250711380959459
350012,4,0.47670327564549875
350012,5,0.03437651668157905
350012,6,0.0
350012,7,0.0
350012,8,0.01424260119795088
350012,9,0.1942028461915677
350012,10,0.44726493397942424
350012,11,0.7417559657802028
350012,12,0.86532267195256
350013,1,1.0997190223061635
350013,2,1.1359134846336925
350013,3,0.9634549468014645
350013,4,0.38513063373927786
350013,5,0.0001232459003231289
350013,6,0.0
350013,7,0.0
350013,8,5.1847050546844674e-06
350013,9,0.11891445433980764
350013,10,0.375381421708077
350013,11,0.6545392583858941
350013,12,0.8252936360702037
350014,1,1.025888014384303
350014,2,1.0909020953740294
350014,3,0.9150342536485886
350014,4,0.4278105695975418
350014,5,0.005179792575269794
350014,6,0.0
350014,7,0.0
350014,8,0.0024829683463639673
350014,9,0.15073535655839296
350014,10,0.4076709909555943
350014,11,0.6157782034297485
350014,12,0.7941224400853065
350015,1,1.0496768592932517
350015,2,1.1429156714055704
350015,3,0.9455724012421955
350015,4,0.3735340185377543
350015,5,0.0
350015,6,0.0
350015,7,0.0
350015,8,0.0
350015,9,0.09248463668060243
350015,10,0.360573937728581
350015,11,0.5793409240425074
350015,12,0.7733714643036093
350016,1,1.167176739418909
350016,2,1.1649792049845524
350016,3,1.0446541515227514
350016,4,0.5138391801508703
350016,5,0.028176820108146688
350016,6,0.0
350016,7,0.0
350016,8,0.009483738906547537
350016,9,0.1812125439717747
350016,10,0.4270525711058832
350016,11,0.6860529700723228
350016,12,0.8885096607354052
350017,1,0.9925014010257824
350017,2,1.1042613077531929
350017,3,0.8558240664802845
350017,4,0.28389964657210504
350017,5,0.0
350017,6,0.0
350017,7,0.0
350017,8,0.0
350017,9,0.06211653451159661
350017,10,0.29790747124886596
350017,11,0.518936753192153
350017,12,0.7150391356406475
350018,1,1.153027664043801
350018,2,1.1579870447165153
350018,3,1.0031902068869814
350018,4,0.6031421821051182
350018,5,0.15566989220793861
350018,6,0.02961357882760073
350018,7,0.016315911629803198
350018,8,0.08839888578236724
350018,9,0.29481092925625546
350018,10,0.5112018856822605
350018,11,0.7062436034824543
350018,12,0.9272515904285845
350019,1,1.2021522285386206
350019,2,1.1808953642680406
350019,3,1.069797467095666
350019,4,0.5934177696938641
350019,5,0.10656773594521925
350019,6,9.894859684835038e-05
350019,7,0.0
350019,8,0.0393420236029412
350019,9,0.23748281355794876
350019,10,0.46923935432893515
350019,11,0.7219417346723405
350019,12,0.9346786098394064
350020,1,1.2294447510027031
350020,2,1.2037982582486522
350020,3,1.0952151514433957
350020,4,0.6560482065768982
350020,5,0.17213410134955023
350020,6,0.016601406644300796
350020,7,0.002757734209413201
350020,8,0.0735064563750034
350020,9,0.29162834225301415
350020,10,0.5169236142651724
350020,11,0.7600609719450162
350020,12,0.985212122533957
350021,1,1.1448555683094381
350021,2,1.138831996742624
350021,3,1.0111722009623028
350021,4,0.634794367956647
350021,5,0.18468636469368235
350021,6,0.03922698195766009
350021,7,0.014554105789449417
350021,8,0.11023130365648937
350021,9,0.33230007933116096
350021,10,0.544617408477915
350021,11,0.7432748530072864
350021,12,0.9554513062998214
350022,1,1.2229514593054178
350022,2,1.17821823034039
350022,3,1.0811834412048988
350022,4,0.5983695331136437
350022,5,0.11580485929161165
350022,6,0.0
350022,7,0.0
350022,8,0.04725208590867699
350022,9,0.2714929178970071
350022,10,0.5089492342559189
350022,11,0.8028223589857276
350022,12,0.9619185493706344
350023,1,1.2140250932984182
350023,2,1.1811495592887582
350023,3,1.0602621494123825
350023,4,0.541191799943716
350023,5,0.0697113986028436
350023,6,0.0
350023,7,0.0
350023,8,0.029263512273130045
350023,9,0.23049797137302266
350023,10,0.47440112640250315
350023,11,0.7678019838826433
350023,12,0.9195812214247617
350024,1,1.281781573381605
350024,2,1.2179233500231823
350024,3,1.1453393171242618
350024,4,0.6680011150823427
350024,5,0.17797187665846464
350024,6,0.01710855302787929
350024,7,0.0009176726245750812
350024,8,0.07450690095740291
350024,9,0.3000476609811458
350024,10,0.5325352514542119
350024,11,0.8272016212345908
350024,12,1.0224592544289477
350025,1,1.263439122843405
350025,2,1.2083480201305423
350025,3,1.0672944933398931
350025,4,0.5393165149362441
350025,5,0.1399669104657218
350025,6,0.001042865475367695
350025,7,0.0001528049139048123
350025,8,0.07796906605335087
350025,9,0.3057989222469762
350025,10,0.530110606524557
350025,11,0.8355032051418955
350025,12,0.9313443911690924
350026,1,1.294506163169374
350026,2,1.252344433298128
350026,3,1.0606547686969447
350026,4,0.5029563458025916
350026,5,0.14190213941173893
350026,6,0.0
350026,7,0.0
350026,8,0.07405238874750679
350026,9,0.28450040071156496
350026,10,0.49507481950465865
350026,11,0.8111000889877094
350026,12,0.8750720058084963
350027,1,1.3083538899666303
350027,2,1.2227919549180906
350027,3,1.130408659024219
350027,4,0.5906393616437958
350027,5,0.15102521354609355
350027,6,0.003504088491862239
350027,7,0.0005411747247348012
350027,8,0.07884454693852755
350027,9,0.3120042834387679
350027,10,0.5360808502666625
350027,11,0.8618530937938563
350027,12,1.0107893911141534
350028,1,1.2416824900740588
350028,2,1.1451754340322913
350028,3,1.1020165411346596
350028,4,0.596893724511134
350028,5,0.1215611474601019
350028,6,0.0003546363703363051
350028,7,0.0
350028,8,0.05012244167669655
350028,9,0.2904360230904619
350028,10,0.5182302899833131
350028,11,0.8552868244157874
350028,12,1.0083577893444857
350029,1,1.2454500820310404
350029,2,1.1569972299505729
350029,3,1.0932255865129534
350029,4,0.5854197814707918
350029,5,0.132219448521843
350029,6,0.0012489054266683623
350029,7,0.0001299084031761214
350029,8,0.06276884674676463
350029,9,0.2972851974325168
350029,10,0.5225402522104527
350029,11,0.854469938401281
350029,12,1.0035187180567449
350030,1,1.2424531333544562
350030,2,1.1407058245434776
350030,3,1.1149730937146805
350030,4,0.6301683994526993
350030,5,0.1535522558307329
350030,6,0.0021014265027833887
350030,7,0.0
350030,8,0.06448616248140639
350030,9,0.3084551940176072
350030,10,0.5311423737671098
350030,11,0.8683130903792605
350030,12,1.0221856312138928
350031,1,1.1823800808440408
350031,2,1.1965780340115568
350031,3,0.9724093979804416
350031,4,0.5266077648901278
350031,5,0.13398589978260605
350031,6,0.00046598139006311573
350031,7,0.0
350031,8,0.03228050161311933
350031,9,0.20209649205938598
350031,10,0.5072818639259802
350031,11,0.7401262495249332
350031,12,0.9955866364576649
350032,1,1.2598159295365046
350032,2,1.2336745889210299
350032,3,1.0633918993751998
350032,4,0.5718735464915894
350032,5,0.19470528562418304
350032,6,0.013937295533370567
350032,7,0.0014060664848753578
350032,8,0.0887432330753954
350032,9,0.3004315785150686
350032,10,0.5434489175768216
350032,11,0.822258199752842
350032,12,0.975083798462718
350033,1,1.135563240902862
350033,2,1.133069759058149
350033,3,0.9802058185910567
350033,4,0.5084754917066271
350033,5,0.09702111764244688
350033,6,0.0002225074485709564
350033,7,3.836418722714723e-06
350033,8,0.01638328581270043
350033,9,0.16404041943129424
350033,10,0.476878362853588
350033,11,0.7810156041445598
350033,12,0.9594306987314285
350034,1,1.1919148417455538
350034,2,1.197743903109889
350034,3,1.0193233125813659
350034,4,0.5783730671494698
350034,5,0.1950179582212993
350034,6,0.013558881094863513
350034,7,0.0002108910324248962
350034,8,0.06491607843740338
350034,9,0.24335753551272138
350034,10,0.513185760519967
350034,11,0.7717103719230045
350034,12,0.9866665301490094
350035,1,1.2108571966263828
350035,2,1.207864782860078
350035,3,1.0634816548222454
350035,4,0.6224218138612794
350035,5,0.21379361175535458
350035,6,0.022849883373440984
350035,7,0.002830056424430424
350035,8,0.07484000069865612
350035,9,0.25538475961537316
350035,10,0.5359287888498141
350035,11,0.8063685317794899
350035,12,1.031389178009554
350036,1,1.2033903100100263
350036,2,1.2332551538372252
350036,3,0.9974702349222799
350036,4,0.4626701520487239
350036,5,0.0709444931733645
350036,6,0.0
350036,7,0.0
350036,8,0.013595894575262925
350036,9,0.1704383848913372
350036,10,0.45667806838974045
350036,11,0.7243278570231139
350036,12,0.9395679152601271
350037,1,1.2034481812762556
350037,2,1.2414215116329752
350037,3,0.977729591592985
350037,4,0.44884815939128175
350037,5,0.03089903211967732
350037,6,0.0
350037,7,0.0
350037,8,0.0005117828300145473
350037,9,0.14130250145597936
350037,10,0.45548543302996136
350037,11,0.7369129990830765
350037,12,1.0547112359546156
350038,1,1.115156042799713
350038,2,1.1171552567378293
350038,3,0.902643399947584
350038,4,0.45454574203472464
350038,5,0.04829553546860713
350038,6,0.0
350038,7,0.0
350038,8,0.0
350038,9,0.08601568438376127
350038,10,0.3636691122514519
350038,11,0.6133529128314993
350038,12,0.9543604908320911
350039,1,1.0772043097480308
350039,2,1.0000659406515087
350039,3,0.790221794607279
350039,4,0.3106510911813223
350039,5,0.0018232184421898934
350039,6,0.0
350039,7,0.0
350039,8,0.0
350039,9,0.0035582291968703486
350039,10,0.17104322792613003
350039,11,0.4417218939746517
350039,12,0.7888530471212849
350040,1,1.0944518999510828
350040,2,1.1988739758562454
350040,3,0.9716688056220355
350040,4,0.4643861666627511
350040,5,0.03901465455970879
350040,6,0.0
350040,7,0.0
350040,8,0.0
350040,9,0.09283610168365215
350040,10,0.4672292215803265
350040,11,0.6970336794735355
350040,12,1.0170403699014088
350041,1,1.2006921382546558
350041,2,1.0360786518115865
350041,3,0.7704912490235103
350041,4,0.22516805135237863
350041,5,0.0
350041,6,0.0
350041,7,0.0
350041,8,0.0
350041,9,0.0
350041,10,0.10729708905542952
350041,11,0.4029988106767805
350041,12,0.7984348526499419
350042,1,1.1592539921606377
350042,2,1.2250847599731396
350042,3,0.9759103312123667
350042,4,0.4626628261296879
350042,5,0.022897656671511068
350042,6,0.0
350042,7,0.0
350042,8,0.0
350042,9,0.07866624917649022
350042,10,0.4321325985137761
350042,11,0.7055968565256515
350042,12,1.0816956741412624
350043,1,1.2328680220856705
350043,2,1.2456850759064408
350043,3,0.972374843838196
350043,4,0.4336096400693144
350043,5,0.0015448138285575094
350043,6,0.0
350043,7,0.0
350043,8,0.0
350043,9,0.09308000425616356
350043,10,0.417073842157456
350043,11,0.7280551130846318
350043,12,1.1143764097113498
350044,1,1.2425965005283028
350044,2,1.252336454515804
350044,3,0.9613494149476776
350044,4,0.4016870344590529
350044,5,0.005399084810309165
350044,6,0.0
350044,7,0.0
350044,8,0.0
350044,9,0.11677628880381272
350044,10,0.46438053913719335
350044,11,0.7850688866634293
350044,12,1.1504690008502958
350045,1,1.231566439497759
350045,2,1.272243967340807
350045,3,1.0078156016043602
350045,4,0.4725017757558416
350045,5,0.014139613612468984
350045,6,0.0
350045,7,0.0
350045,8,0.0
350045,9,0.10728885506347127
350045,10,0.4550781783411493
350045,11,0.7536574942827831
350045,12,1.1335860426084887
350046,1,1.2060696366109338
350046,2,1.311915551013113
350046,3,1.0183995018081746
350046,4,0.4589772293905662
350046,5,0.01530295771258028
350046,6,0.0
350046,7,0.0
350046,8,0.0
350046,9,0.08172906501404388
350046,10,0.4582621530262362
350046,11,0.7382458597138574
350046,12,1.1472270667858415
350047,1,1.1822661690713239
350047,2,1.225396624592991
350047,3,0.9330351814757845
350047,4,0.3667352468402751
350047,5,0.0008351276167983849
350047,6,0.0
350047,7,0.0
350047,8,0.0
350047,9,0.1137399341555411
350047,10,0.49278045123025993
350047,11,0.8305463206131642
350047,12,1.143686034394045
350048,1,1.210633879035597
350048,2,1.1315515565385077
350048,3,0.8512096440646444
350048,4,0.29934393976673396
350048,5,0.0
350048,6,0.0
350048,7,0.0
350048,8,0.0
350048,9,0.008628582359336048
350048,10,0.23036516292312814
350048,11,0.558705332567365
350048,12,0.9546647707013791
350049,1,1.13206963168144
350049,2,1.0221675467223983
350049,3,0.8654128892271877
350049,4,0.41444453838163725
350049,5,0.009659310492021844
350049,6,0.0
350049,7,0.0
350049,8,0.0
350049,9,0.017375780243360964
350049,10,0.22966970417383542
350049,11,0.48748235219990615
350049,12,0.8122135269933772
350050,1,1.1881657367994043
350050,2,0.9312559905830253
350050,3,0.7950029596138031
350050,4,0.3852202134726292
350050,5,0.0037140826300325605
350050,6,0.0
350050,7,0.0
350050,8,0.0
350050,9,0.030054370379400737
350050,10,0.23568627452741397
350050,11,0.4521070023354833
350050,12,0.7571407073125823
350051,1,0.9560479090087778
350051,2,0.9275603222237194
350051,3,0.8731634491474436
350051,4,0.5940510763350341
350051,5,0.15436341890033334
350051,6,0.0019336224472217074
350051,7,0.0
350051,8,0.012282168573486811
350051,9,0.13545117122160058
350051,10,0.3810840780281427
350051,11,0.5288938594011703
350051,12,0.7672797508992749
350052,1,1.1657388389721006
350052,2,1.0262774698292358
350052,3,0.8637035957692558
350052,4,0.3807542121791009
350052,5,0.012094273509019591
350052,6,0.0
350052,7,0.0
350052,8,0.0013234657656330858
350052,9,0.02729677310576287
350052,10,0.24805459252168754
350052,11,0.4873687639225102
350052,12,0.8602057769260835
350053,1,1.1289957295568052
350053,2,1.04961709711499
350053,3,0.8580768945160492
350053,4,0.33680083101255165
350053,5,0.0006860858045876028
350053,6,0.0
350053,7,0.0
350053,8,0.0
350053,9,0.012815995481091889
350053,10,0.23720959987201762
350053,11,0.49178252647273374
350053,12,0.9184329719715375
410001,1,0.9666997723946416
410001,2,1.03805320136614
410001,3,0.6898813833105175
410001,4,0.06936338464572372
410001,5,0.0
410001,6,0.0
410001,7,0.0
410001,8,0.0
410001,9,0.00015583376073337804
410001,10,0.030016850801276383
410001,11,0.22956846319852273
410001,12,0.5541938251701711
410002,1,0.9532256661295857
410002,2,0.9818694648960452
410002,3,0.9063870003960685
410002,4,0.5568952406043991
410002,5,0.1887763814290821
410002,6,0.044497302037168236
410002,7,0.0009860363432720235
410002,8,0.07595203318703656
410002,9,0.11594882042381861
410002,10,0.33487204613056
410002,11,0.46221964901285223
410002,12,0.685467267708177
410003,1,0.8320972610745754
410003,2,0.9405787241224672
410003,3,0.45274774432550063
410003,4,0.0
410003,5,0.0
410003,6,0.0
410003,7,0.0
410003,8,0.0
410003,9,0.0
410003,10,0.0
410003,11,0.026599158826898544
410003,12,0.36174223184433507
410004,1,0.8085445601561728
410004,2,0.8720208346485059
410004,3,0.4081337019355286
410004,4,0.006673795526827987
410004,5,0.0
410004,6,0.0
410004,7,0.0
410004,8,0.0
410004,9,0.0
410004,10,0.007808841186677436
410004,11,0.0495605886727499
410004,12,0.31883560142638534
410005,1,0.896951826508319
410005,2,0.9756691430814785
410005,3,0.5722971143468332
410005,4,0.0491299079313167
410005,5,0.0
410005,6,0.0
410005,7,0.0
410005,8,0.0
410005,9,0.0
410005,10,0.03867453745207403
410005,11,0.20494730870857025
410005,12,0.49028298512755253
410006,1,0.9288193985402905
410006,2,0.9663350990803823
410006,3,0.5871218915080509
410006,4,0.025897742374380812
410006,5,0.0
410006,6,0.0
410006,7,0.0
410006,8,0.0
410006,9,0.00028514108786293843
410006,10,0.036242717441665406
410006,11,0.2687699712039647
410006,12,0.3971092117333963
410007,1,1.066891671916738
410007,2,1.0741523052928337
410007,3,0.8611585001429128
410007,4,0.3176018903397101
410007,5,0.0
410007,6,0.0
410007,7,0.0
410007,8,0.0
410007,9,0.016960296604390548
410007,10,0.32541071915172093
410007,11,0.5710085043665893
410007,12,0.7221897053293069
410008,1,0.9744648055831203
410008,2,0.9673971357564558
410008,3,0.7334114835786288
410008,4,0.21817651959951104
410008,5,0.0015802925052229078
410008,6,0.0
410008,7,0.0
410008,8,0.0
410008,9,0.027689600122880586
410008,10,0.24145082076367277
410008,11,0.48415515133598164
410008,12,0.5696492846233052
410009,1,0.9933432750383586
410009,2,1.077281752467403
410009,3,0.6106288437702363
410009,4,0.010163868295118852
410009,5,0.0
410009,6,0.0
410009,7,0.0
410009,8,0.0
410009,9,0.0
410009,10,0.018090708154017747
410009,11,0.17590888180397454
410009,12,0.4764095783982961
410010,1,0.7910253758921768
410010,2,0.9227919962989021
410010,3,0.3649134882963406
410010,4,0.0
410010,5,0.0
410010,6,0.0
410010,7,0.0
410010,8,0.0
410010,9,0.0
410010,10,0.0
410010,11,0.02360031601685931
410010,12,0.325347557090649
410011,1,0.9184172662543586
410011,2,1.0218544357623482
410011,3,0.5567330302734027
410011,4,0.027593809407259702
410011,5,0.0
410011,6,0.0
410011,7,0.0
410011,8,0.0
410011,9,0.0
410011,10,0.0
410011,11,0.1509808423790462
410011,12,0.4582184806626023
410012,1,1.0058380435274954
410012,2,1.0837671824155346
410012,3,0.6318216371873672
410012,4,0.0037340003072864046
410012,5,0.0
410012,6,0.0
410012,7,0.0
410012,8,0.0
410012,9,0.0
410012,10,0.008560807209708152
410012,11,0.2087476475289835
410012,12,0.5128369566677601
410013,1,0.9993978704712678
410013,2,0.9954872780819349
410013,3,0.8143326928403262
410013,4,0.2939305408112051
410013,5,0.0
410013,6,0.0
410013,7,0.0
410013,8,0.0
410013,9,0.037698265378569365
410013,10,0.31827798048270073
410013,11,0.5520866702310797
410013,12,0.6532188971932386
410014,1,0.9233607875010005
410014,2,0.9810169696705499
410014,3,0.640806388813035
410014,4,0.1981220997390547
410014,5,0.0
410014,6,0.0
410014,7,0.0
410014,8,0.0
410014,9,0.0039501998823071125
410014,10,0.13457543678524703
410014,11,0.29305864566005396
410014,12,0.6587049850017944
410015,1,0.9231264083878303
410015,2,0.9408407314468861
410015,3,0.6512240483063241
410015,4,0.18789054745841713
410015,5,0.0
410015,6,0.0
410015,7,0.0
410015,8,0.0
410015,9,0.01596680144123735
410015,10,0.1657456626720001
410015,11,0.4282650758167997
410015,12,0.6059543360433354
410016,1,0.9271321838134494
410016,2,0.9370342833361417
410016,3,0.7670883381186769
410016,4,0.3365743878757751
410016,5,0.0037316566567243185
410016,6,0.0
410016,7,0.0
410016,8,0.0
410016,9,0.10396460067134504
410016,10,0.363937311350251
410016,11,0.5537829230584652
410016,12,0.6389316889120499
410017,1,0.962189564731193
410017,2,0.9869671351721688
410017,3,0.7991691994330512
410017,4,0.40961820141332084
410017,5,0.009743773620035581
410017,6,0.0
410017,7,0.0
410017,8,0.005638811618764081
410017,9,0.17135864609535442
410017,10,0.41037392331440753
410017,11,0.5917874539879315
410017,12,0.7751216510308785
410018,1,0.9258384962279277
410018,2,0.9568549490729238
410018,3,0.697376648267442
410018,4,0.25821473555883806
410018,5,0.0
410018,6,0.0
410018,7,0.0
410018,8,0.0
410018,9,0.041563268506314935
410018,10,0.24134313122364334
410018,11,0.4616135966831133
410018,12,0.6533149472781784
410019,1,0.9854831891857706
410019,2,1.034061056571503
410019,3,0.8394761166791762
410019,4,0.4567328618770073
410019,5,0.016203934143559407
410019,6,0.0
410019,7,0.0
410019,8,0.010870080685648462
410019,9,0.21736980882912604
410019,10,0.4446586197812449
410019,11,0.603878182458708
410019,12,0.7989129329822486
410020,1,0.9769319876053086
410020,2,0.9743838158131656
410020,3,0.836916051712629
410020,4,0.45820235084196215
410020,5,0.027759538917462818
410020,6,0.0
410020,7,0.0
410020,8,0.009455762724564602
410020,9,0.18179445008615452
410020,10,0.4497097215458906
410020,11,0.6302000881076435
410020,12,0.7874630055115747
410021,1,0.9226806890450026
410021,2,0.999808999937882
410021,3,0.7208151721236801
410021,4,0.26338246008237326
410021,5,0.0022967946282282316
410021,6,0.0
410021,7,0.0
410021,8,0.0013906226355516037
410021,9,0.0489500194739613
410021,10,0.2858266623085379
410021,11,0.4304969215327594
410021,12,0.6759073700527084
410022,1,1.0120985233096684
410022,2,1.1318195338478743
410022,3,0.9076397903110859
410022,4,0.3330509552002846
410022,5,0.0
410022,6,0.0
410022,7,0.0
410022,8,0.0
410022,9,0.07174164738681034
410022,10,0.34132200962017145
410022,11,0.5423638047762681
410022,12,0.7319110685533025
410023,1,0.8944901277212681
410023,2,0.975991694638818
410023,3,0.6395280729735854
410023,4,0.13968637631687394
410023,5,0.0
410023,6,0.0
410023,7,0.0
410023,8,0.0
410023,9,0.0003839228380350139
410023,10,0.13376565673356558
410023,11,0.28204963126992916
410023,12,0.5953387949218432
410024,1,0.9352048840248359
410024,2,1.0365450921105879
410024,3,0.8024741073392722
410024,4,0.3135064394535254
410024,5,0.002836323574333177
410024,6,0.0
410024,7,0.0
410024,8,0.0013773989961491683
410024,9,0.10370317138714745
410024,10,0.33206660361981283
410024,11,0.4980654535569796
410024,12,0.6862664353925241
410025,1,0.9340199795007782
410025,2,1.0091865031961271
410025,3,0.6724651335274795
410025,4,0.13439581772760156
410025,5,0.0
410025,6,0.0
410025,7,0.0
410025,8,0.0
410025,9,0.0037958058575698166
410025,10,0.15556208872960053
410025,11,0.33969336990114124
410025,12,0.6149885270455528
410026,1,0.9931601905323814
410026,2,1.1032989731314051
410026,3,0.8385020836862237
410026,4,0.24145532649243018
410026,5,0.0
410026,6,0.0
410026,7,0.0
410026,8,0.0
410026,9,0.019095238173975116
410026,10,0.26003048102945786
410026,11,0.4604254980052134
410026,12,0.6876405120633053
410027,1,0.9887837806709845
410027,2,1.0809499317629812
410027,3,0.6466260868788659
410027,4,0.0101296216742327
410027,5,0.0
410027,6,0.0
410027,7,0.0
410027,8,0.0
410027,9,0.0
410027,10,0.008811376395755298
410027,11,0.13979102493036857
410027,12,0.436607645916938
410028,1,0.9498526121283473
410028,2,1.0658149326771353
410028,3,0.6634226791309481
410028,4,0.036197135191482765
410028,5,0.0
410028,6,0.0
410028,7,0.0
410028,8,0.0
410028,9,0.0
410028,10,0.0463181698254908
410028,11,0.19760546042973362
410028,12,0.5235374339473489
410029,1,0.9075808606299253
410029,2,1.0321813878031625
410029,3,0.556355259988072
410029,4,0.0
410029,5,0.0
410029,6,0.0
410029,7,0.0
410029,8,0.0
410029,9,0.0
410029,10,0.0
410029,11,0.09262337648258503
410029,12,0.43071866383068025
420001,1,1.0171524681770159
420001,2,1.0809310586041743
420001,3,0.9797987189320098
420001,4,0.4924211574963521
420001,5,0.09723910029384351
420001,6,0.0005997436584513019
420001,7,0.0
420001,8,0.0
420001,9,0.0708682340735785
420001,10,0.27972463949613374
420001,11,0.48387313239299484
420001,12,0.747638942880125
420002,1,1.0589370620362744
420002,2,1.2163096786911227
420002,3,1.0312290395400303
420002,4,0.3425591008457805
420002,5,0.0031989625878203806
420002,6,0.0
420002,7,0.0
420002,8,0.0
420002,9,0.002445659046607042
420002,10,0.20648759870378514
420002,11,0.41070034436769615
420002,12,0.7343896894648348
420003,1,1.0098706264140844
420003,2,1.119037746101385
420003,3,1.0065372035478004
420003,4,0.45686917833846624
420003,5,0.08430077843735787
420003,6,0.010355621540930546
420003,7,0.0
420003,8,0.0
420003,9,0.05588456011609366
420003,10,0.26160673093850717
420003,11,0.45313783848120487
420003,12,0.7112755075886936
420004,1,1.1111529099174355
420004,2,1.2514328835517192
420004,3,1.0673278574355753
420004,4,0.40682057185337256
420004,5,0.01627670756876654
420004,6,0.0
420004,7,0.0
420004,8,0.0
420004,9,0.009321973301395125
420004,10,0.2320371915174741
420004,11,0.4683822008411122
420004,12,0.7817718953913676
420005,1,0.7052725484603805
420005,2,0.8678590350555112
420005,3,0.4300367855590262
420005,4,0.0
420005,5,0.0
420005,6,0.0
420005,7,0.0
420005,8,0.0
420005,9,0.0
420005,10,0.0
420005,11,0.00023331286880080214
420005,12,0.2211432069006347
420006,1,0.6005183021333833
420006,2,0.6820579368007303
420006,3,0.2543227842853038
420006,4,0.0
420006,5,0.0
420006,6,0.0
420006,7,0.0
420006,8,0.0
420006,9,0.0
420006,10,0.0
420006,11,0.0
420006,12,0.1491041816703974
420007,1,1.190564882285124
420007,2,1.246467157638169
420007,3,0.8840831819037578
420007,4,0.09562902823263496
420007,5,0.0
420007,6,0.0
420007,7,0.0
420007,8,0.0
420007,9,0.0
420007,10,0.08146950788531868
420007,11,0.39676924354830373
420007,12,0.8162286450603546
420008,1,0.9452995418133544
420008,2,1.024174975783901
420008,3,0.6066077633314221
420008,4,0.0
420008,5,0.0
420008,6,0.0
420008,7,0.0
420008,8,0.0
420008,9,0.0
420008,10,0.0
420008,11,0.06772906066400237
420008,12,0.4679116206754779
420009,1,1.1564299063657049
420009,2,1.217425626452298
420009,3,0.7752833739571342
420009,4,0.04849461997571804
420009,5,0.0
420009,6,0.0
420009,7,0.0
420009,8,0.0
420009,9,0.0
420009,10,0.04669655708882432
420009,11,0.3182251124487341
420009,12,0.7002319777892074
420010,1,1.1254221622709941
420010,2,1.1943113181767628
420010,3,0.8114957225842276
420010,4,0.021665443117823445
420010,5,0.0
420010,6,0.0
420010,7,0.0
420010,8,0.0
420010,9,0.0
420010,10,0.03679098209787987
420010,11,0.27293788965367144
420010,12,0.7244933108015079
420011,1,0.9714537022272665
420011,2,1.0552295618231156
420011,3,0.48874163953345556
420011,4,0.0
420011,5,0.0
420011,6,0.0
420011,7,0.0
420011,8,0.0
420011,9,0.0
420011,10,0.0008964094780952019
420011,11,0.07785101444987183
420011,12,0.48990134326546836
420012,1,1.1737156390064316
420012,2,1.237080997105159
420012,3,0.7675136757351452
420012,4,0.011707222645963385
420012,5,0.0
420012,6,0.0
420012,7,0.0
420012,8,0.0
420012,9,0.0
420012,10,0.015193091295572567
420012,11,0.2961943323236488
420012,12,0.7401166080237478
420013,1,0.8806910615722819
420013,2,1.0250182234839138
420013,3,0.47795908640453505
420013,4,0.0
420013,5,0.0
420013,6,0.0
420013,7,0.0
420013,8,0.0
420013,9,0.0
420013,10,0.0
420013,11,0.0242178529064704
420013,12,0.41772000159935585
420014,1,0.5073110524280005
420014,2,0.5541932881475519
420014,3,0.10259382708246746
420014,4,0.0
420014,5,0.0
420014,6,0.0
420014,7,0.0
420014,8,0.0
420014,9,0.0
420014,10,0.0
420014,11,0.0
420014,12,0.06156142804072472
420015,1,0.7649700791989391
420015,2,0.8065359121769805
420015,3,0.34420720310419495
420015,4,0.0
420015,5,0.0
420015,6,0.0
420015,7,0.0
420015,8,0.0
420015,9,0.0
420015,10,0.0
420015,11,0.0006702017689134547
420015,12,0.2792890330125359
420016,1,0.9637748701832033
420016,2,1.0190588137594982
420016,3,0.9120708590786227
420016,4,0.4104625724624294
420016,5,0.05617252091655226
420016,6,0.007686108727225138
420016,7,0.0006529102633679586
420016,8,0.006195270642811486
420016,9,0.0565693224743028
420016,10,0.2600144205954803
420016,11,0.4339892232869901
420016,12,0.6826065027135098
420017,1,0.7905866734776297
420017,2,0.9518926890800254
420017,3,0.45938154020897426
420017,4,0.0
420017,5,0.0
420017,6,0.0
420017,7,0.0
420017,8,0.0
420017,9,0.0
420017,10,0.0
420017,11,0.004653892469129948
420017,12,0.34531595562395
420018,1,0.8328399019473217
420018,2,0.976861632497194
420018,3,0.5529668864692887
420018,4,0.0
420018,5,0.0
420018,6,0.0
420018,7,0.0
420018,8,0.0
420018,9,0.0
420018,10,0.0
420018,11,0.054877262119287985
420018,12,0.39240442244559803
420019,1,0.9942650598199156
420019,2,1.0875190745239496
420019,3,0.9502472801079694
420019,4,0.3560534042436693
420019,5,0.013554013867753918
420019,6,0.0
420019,7,0.0
420019,8,0.0
420019,9,0.03764796404147924
420019,10,0.22919398442817313
420019,11,0.43688159380318675
420019,12,0.7336885292691326
420020,1,1.027992931445551
420020,2,1.088797696088087
420020,3,0.9637180353477215
420020,4,0.45213717028600164
420020,5,0.05377910840264163
420020,6,0.0
420020,7,0.0
420020,8,0.0
420020,9,0.07053865392795829
420020,10,0.3224045195391555
420020,11,0.5299703060417922
420020,12,0.7877159104198275
420021,1,1.0378618730221727
420021,2,1.1243397858724322
420021,3,0.9889729880258744
420021,4,0.3854060438459377
420021,5,0.008275142003069783
420021,6,0.0
420021,7,0.0
420021,8,0.0
420021,9,0.02890590940211805
420021,10,0.23759702520167408
420021,11,0.46546462286707657
420021,12,0.7620724017653403
420022,1,0.9983410714296584
420022,2,1.1466448310848443
420022,3,0.882783321527828
420022,4,0.07759485102902207
420022,5,0.0
420022,6,0.0
420022,7,0.0
420022,8,0.0
420022,9,0.0
420022,10,0.021972075829700025
420022,11,0.19707563740908504
420022,12,0.629967392601838
420023,1,1.0015218514269664
420023,2,1.1546189683365464
420023,3,0.9240030193405697
420023,4,0.12004282014473788
420023,5,0.0
420023,6,0.0
420023,7,0.0
420023,8,0.0
420023,9,0.0
420023,10,0.05471807471729554
420023,11,0.2554523541171171
420023,12,0.6626145930551188
420024,1,0.9844066028099291
420024,2,1.140256585486459
420024,3,0.8508145388714711
420024,4,0.04470401408314743
420024,5,0.0
420024,6,0.0
420024,7,0.0
420024,8,0.0
420024,9,0.0
420024,10,0.0
420024,11,0.14727957743162207
420024,12,0.56442096530185
430001,1,0.9982465810742821
430001,2,1.1743491521946858
430001,3,1.0402225085233185
430001,4,0.51147157743958
430001,5,0.10290865359521333
430001,6,0.0
430001,7,0.0
430001,8,0.0
430001,9,0.04536810756542535
430001,10,0.26919490381234684
430001,11,0.5147197468557881
430001,12,0.7880525761794452
430002,1,1.0077073849387523
430002,2,1.1662806652232098
430002,3,1.012930514817177
430002,4,0.44219405720416155
430002,5,0.055157897627101965
430002,6,0.0
430002,7,0.0
430002,8,0.0
430002,9,0.02217264498850756
430002,10,0.22516497846088623
430002,11,0.4769926582428193
430002,12,0.7706271237854287
430003,1,1.0447977003983602
430003,2,1.1592559934608788
430003,3,1.009584725059669
430003,4,0.5078250133413862
430003,5,0.12684170906481365
430003,6,0.0
430003,7,0.0
430003,8,0.0
430003,9,0.04974738348394824
430003,10,0.2561923041479657
430003,11,0.5005254403569981
430003,12,0.7704793158642329
430004,1,1.0205624513334357
430004,2,1.1735616585931181
430004,3,0.9980466635504175
430004,4,0.377397743790944
430004,5,0.027309746096772735
430004,6,0.0
430004,7,0.0
430004,8,0.0
430004,9,0.006856101421317174
430004,10,0.16215701788796805
430004,11,0.40511882557471757
430004,12,0.7299543538194612
430005,1,1.071984787817779
430005,2,1.235456272650446
430005,3,1.04914638435037
430005,4,0.4586426781425076
430005,5,0.054760651084977525
430005,6,0.0
430005,7,0.0
430005,8,0.0
430005,9,0.00400281284947493
430005,10,0.18402488805572192
430005,11,0.6985651240410404
430005,12,0.8855783729767175
430006,1,1.018879626574746
430006,2,1.1814249348302461
430006,3,1.0122537322256333
430006,4,0.44481642720000547
430006,5,0.05133274695449783
430006,6,0.0
430006,7,0.0
430006,8,0.0
430006,9,0.0204656848867871
430006,10,0.21245728502045316
430006,11,0.6396138485110998
430006,12,0.8464160137437642
430007,1,1.0279414986381283
430007,2,1.1786645789504553
430007,3,1.0043046651527912
430007,4,0.4078992668844804
430007,5,0.039372882404482355
430007,6,0.0
430007,7,0.0
430007,8,0.0
430007,9,0.013555134055809904
430007,10,0.20066844526005811
430007,11,0.5272691890983617
430007,12,0.8047050097196534
430008,1,1.1005930597720914
430008,2,1.203552551324347
430008,3,1.0317558108206741
430008,4,0.4674687848130253
430008,5,0.07956215559561232
430008,6,0.0
430008,7,0.0
430008,8,0.0
430008,9,0.03904613131694337
430008,10,0.2387215966314075
430008,11,0.4878595539020399
430008,12,0.7793780826617102
430009,1,1.1545293526542715
430009,2,1.3111571298095408
430009,3,1.0930072737391243
430009,4,0.4181744790932476
430009,5,0.024373954856957283
430009,6,0.0
430009,7,0.0
430009,8,0.0
430009,9,0.0
430009,10,0.20036543697577658
430009,11,0.5982043100814288
430009,12,0.9099206059374544
430010,1,1.2454334383804144
430010,2,1.3953089154160514
430010,3,1.0170181840231782
430010,4,0.15190041828957154
430010,5,0.0
430010,6,0.0
430010,7,0.0
430010,8,0.0
430010,9,0.0
430010,10,0.09383045168822761
430010,11,0.5710943891311696
430010,12,0.9500713974318487
430011,1,1.1192571561559423
430011,2,1.2712577834343748
430011,3,1.0001059625495885
430011,4,0.32369455229218874
430011,5,0.0006338002377679122
430011,6,0.0
430011,7,0.0
430011,8,0.0
430011,9,0.0
430011,10,0.18257727566976356
430011,11,0.6186251131344027
430011,12,0.8644803559924008
430012,1,1.1159480538224873
430012,2,1.3008482759908526
430012,3,1.0216716877306369
430012,4,0.28738906889910404
430012,5,0.0
430012,6,0.0
430012,7,0.0
430012,8,0.0
430012,9,0.0
430012,10,0.14913416006071742
430012,11,0.6380307205530863
430012,12,0.876598104056593
430013,1,1.0554204516822165
430013,2,1.2377010337061565
430013,3,1.028158073232002
430013,4,0.3983766465016044
430013,5,0.006078328520217259
430013,6,0.0
430013,7,0.0
430013,8,0.0
430013,9,0.0
430013,10,0.18009219458383785
430013,11,0.7334848147401488
430013,12,0.8895301714966725
430014,1,1.173160556872303
430014,2,1.3123698190528428
430014,3,0.9976629349725455
430014,4,0.24319881911838415
430014,5,0.0
430014,6,0.0
430014,7,0.0
430014,8,0.0
430014,9,0.0
430014,10,0.12321549453419021
430014,11,0.49487198461667486
430014,12,0.8389827994985544
430015,1,1.2819974827562926
430015,2,1.407225768153363
430015,3,1.1022922510954312
430015,4,0.3047045318793378
430015,5,0.0
430015,6,0.0
430015,7,0.0
430015,8,0.0
430015,9,0.0
430015,10,0.17796395153132155
430015,11,0.5791106044240757
430015,12,0.9744285847009783
430016,1,1.263608809923872
430016,2,1.4083640640359305
430016,3,1.0557014012835337
430016,4,0.17444014773102323
430016,5,0.0
430016,6,0.0
430016,7,0.0
430016,8,0.0
430016,9,0.0
430016,10,0.07666056063651486
430016,11,0.484239595838872
430016,12,0.939263458217014
430017,1,1.1743151991514515
430017,2,1.2498003607285502
430017,3,0.97798813389294
430017,4,0.3481221438526161
430017,5,0.0
430017,6,0.0
430017,7,0.0
430017,8,0.0
430017,9,0.0
430017,10,0.24252665862308204
430017,11,0.5890320520162611
430017,12,0.89748368804857
430018,1,1.2341143124025566
430018,2,1.3612747073213989
430018,3,0.9603628269035227
430018,4,0.14226202073447933
430018,5,0.0
430018,6,0.0
430018,7,0.0
430018,8,0.0
430018,9,0.0
430018,10,0.09852866208091204
430018,11,0.4307510946438764
430018,12,0.8309137744237053
430019,1,1.2350221384879752
430019,2,1.3412448045865275
430019,3,1.0585425713291792
430019,4,0.37875641741250876
430019,5,0.0
430019,6,0.0
430019,7,0.0
430019,8,0.0
430019,9,0.0010151974063269786
430019,10,0.2615791978065415
430019,11,0.5593308464276397
430019,12,0.8903338142093018
430020,1,1.2466118126691288
430020,2,1.3677022001463637
430020,3,1.0508132586995176
430020,4,0.28400833808684406
430020,5,0.0
430020,6,0.0
430020,7,0.0
430020,8,0.0
430020,9,0.0
430020,10,0.1980029557629991
430020,11,0.5190212749042628
430020,12,0.8820520817770651
430021,1,1.2825360794961627
430021,2,1.363281956726772
430021,3,0.9851745296649087
430021,4,0.1946349948340772
430021,5,0.0
430021,6,0.0
430021,7,0.0
430021,8,0.0
430021,9,0.0
430021,10,0.16488018819067532
430021,11,0.5097183572682583
430021,12,0.8931435609397019
430022,1,1.1910127146154545
430022,2,1.3050236191899829
430022,3,1.0791757889548699
430022,4,0.4227602600339872
430022,5,0.0
430022,6,0.0
430022,7,0.0
430022,8,0.0
430022,9,0.002273536407953468
430022,10,0.27772933326857585
430022,11,0.5592925144029754
430022,12,0.8648317930216192
430023,1,1.2441639041135717
430023,2,1.3521224417706397
430023,3,1.0392412187417361
430023,4,0.3107643246930855
430023,5,0.0
430023,6,0.0
430023,7,0.0
430023,8,0.0
430023,9,0.0
430023,10,0.2324190525687522
430023,11,0.5470757761045182
430023,12,0.8797284836039527
430024,1,1.2062594253774046
430024,2,1.3114120053797618
430024,3,1.0798919354074403
430024,4,0.4627294239189542
430024,5,0.0008804610578420379
430024,6,0.0
430024,7,0.0
430024,8,0.0
430024,9,0.00665124525869019
430024,10,0.3128264124452642
430024,11,0.5859250392023349
430024,12,0.8880177136203529
430025,1,1.1612453743768187
430025,2,1.2647971651329974
430025,3,0.8079497590107366
430025,4,0.022368006367944736
430025,5,0.0
430025,6,0.0
430025,7,0.0
430025,8,0.0
430025,9,0.0
430025,10,0.005356775074752937
430025,11,0.2945381679758505
430025,12,0.7412717042480614
430026,1,1.168958626335612
430026,2,1.2337182443578882
430026,3,0.8074715547171517
430026,4,0.020472743862391826
430026,5,0.0
430026,6,0.0
430026,7,0.0
430026,8,0.0
430026,9,0.0
430026,10,0.016170211089441142
430026,11,0.2708175254539987
430026,12,0.7351158665514714
430027,1,1.1616430041421208
430027,2,1.3237480756327582
430027,3,0.9103232346335101
430027,4,0.10499270536363318
430027,5,0.0
430027,6,0.0
430027,7,0.0
430027,8,0.0
430027,9,0.0
430027,10,0.046158716154569845
430027,11,0.40932507654122746
430027,12,0.776210298435955
430028,1,1.2105433749580634
430028,2,1.3232001945713618
430028,3,0.8628294300729661
430028,4,0.05467338769672396
430028,5,0.0
430028,6,0.0
430028,7,0.0
430028,8,0.0
430028,9,0.0
430028,10,0.029535766618276667
430028,11,0.35506758046708903
430028,12,0.7859597853791108
430029,1,1.300168645124332
430029,2,1.3548704415711432
430029,3,0.9691380250930146
430029,4,0.13799172935535578
430029,5,0.0
430029,6,0.0
430029,7,0.0
430029,8,0.0
430029,9,0.0
430029,10,0.14546969366883697
430029,11,0.5102765006592929
430029,12,0.9246415251397159
430030,1,1.0980833333719222
430030,2,1.2055908443595376
430030,3,0.7806504073478174
430030,4,0.015354628665196428
430030,5,0.0
430030,6,0.0
430030,7,0.0
430030,8,0.0
430030,9,0.0
430030,10,0.0
430030,11,0.2194157256437594
430030,12,0.6802727163098591
430031,1,1.0894750767107222
430031,2,1.222884836229459
430031,3,0.8120422159547022
430031,4,0.01992319132237809
430031,5,0.0
430031,6,0.0
430031,7,0.0
430031,8,0.0
430031,9,0.0
430031,10,0.0008439072429247214
430031,11,0.29989498415270255
430031,12,0.6997074330414182
430032,1,1.1383561848100765
430032,2,1.2248182244777674
430032,3,0.7888727072886198
430032,4,0.003243977296450256
430032,5,0.0
430032,6,0.0
430032,7,0.0
430032,8,0.0
430032,9,0.0
430032,10,0.0029217691736589967
430032,11,0.21699400142451136
430032,12,0.7040232269041427
430033,1,1.027560020170211
430033,2,1.1346192760159977
430033,3,0.6717781217435022
430033,4,0.0
430033,5,0.0
430033,6,0.0
430033,7,0.0
430033,8,0.0
430033,9,0.0
430033,10,0.0
430033,11,0.08436289520566352
430033,12,0.5509166369961433
430034,1,1.2336874337845123
430034,2,1.3814040850925837
430034,3,0.899198877269708
430034,4,0.05431284983298732
430034,5,0.0
430034,6,0.0
430034,7,0.0
430034,8,0.0
430034,9,0.0
430034,10,0.04478914266615812
430034,11,0.35405687444339273
430034,12,0.7698465914255747
430035,1,1.2463710662758216
430035,2,1.3062452923536352
430035,3,0.9230351011332768
430035,4,0.110365785316596
430035,5,0.0
430035,6,0.0
430035,7,0.0
430035,8,0.0
430035,9,0.0
430035,10,0.10206735560209115
430035,11,0.43763952134552525
430035,12,0.8534034117852154
430036,1,0.8975119201204176
430036,2,1.0823888479706438
430036,3,0.7012388646139723
430036,4,0.01695667602390639
430036,5,0.00024112893513520136
430036,6,0.0
430036,7,0.0
430036,8,0.0
430036,9,0.0
430036,10,0.004899446577462988
430036,11,0.07017784746049396
430036,12,0.452387669826896
430037,1,0.9929734283699436
430037,2,1.1671318893803073
430037,3,0.8753687026250888
430037,4,0.10032145807010925
430037,5,0.0
430037,6,0.0
430037,7,0.0
430037,8,0.0
430037,9,0.0
430037,10,0.0011662192161409498
430037,11,0.25061648707759715
430037,12,0.6468375582186853
430038,1,1.0301095526628201
430038,2,1.1689172594989714
430038,3,0.8230788393252767
430038,4,0.04224480837029126
430038,5,0.0
430038,6,0.0
430038,7,0.0
430038,8,0.0
430038,9,0.0
430038,10,5.3101906165802536e-05
430038,11,0.19487947792782548
430038,12,0.6376441682672866
430039,1,0.8578665343615369
430039,2,1.011042364767842
430039,3,0.551254296507227
430039,4,0.0
430039,5,0.0
430039,6,0.0
430039,7,0.0
430039,8,0.0
430039,9,0.0
430039,10,0.0
430039,11,0.0013627675152427876
430039,12,0.35178065965777955
430040,1,1.0246977206621364
430040,2,1.1955953586718595
430040,3,0.9943820677330311
430040,4,0.35480631228983894
430040,5,0.006682217721038993
430040,6,0.0
430040,7,0.0
430040,8,0.0
430040,9,3.691207944112379e-05
430040,10,0.13781699410515752
430040,11,0.6508781178221671
430040,12,0.8456557144623863
430041,1,1.0031581150585376
430041,2,1.163540621433395
430041,3,0.9934168096360966
430041,4,0.3796045090657377
430041,5,0.018206331881706787
430041,6,0.0
430041,7,0.0
430041,8,0.0
430041,9,0.0022694848304584325
430041,10,0.17721787944462858
430041,11,0.546418005240529
430041,12,0.7960006526220759
430042,1,1.0893269636065481
430042,2,1.2589894142270557
430042,3,0.9279692288787882
430042,4,0.15998000617459793
430042,5,0.0
430042,6,0.0
430042,7,0.0
430042,8,0.0
430042,9,0.0
430042,10,0.025580333587916983
430042,11,0.525713191854766
430042,12,0.793169170596394
430043,1,1.0135148830918246
430043,2,1.1659018053905346
430043,3,0.9334494768212487
430043,4,0.22697916627495182
430043,5,0.0
430043,6,0.0
430043,7,0.0
430043,8,0.0
430043,9,0.0
430043,10,0.07253489529394114
430043,11,0.4061301308678004
430043,12,0.738734308389751
500001,1,1.2505274711337142
500001,2,1.2033503127684912
500001,3,1.1042098548921455
500001,4,0.661541762284099
500001,5,0.2650225774752072
500001,6,0.10268982524639704
500001,7,0.04488141072527365
500001,8,0.14883124918505855
500001,9,0.33387263222067365
500001,10,0.5690499370965211
500001,11,0.7582589763355428
500001,12,1.0514237026198818
500002,1,1.2368882396019125
500002,2,1.1831928479064375
500002,3,1.111435777998426
500002,4,0.6736859181615237
500002,5,0.219894810995675
500002,6,0.04782955469329816
500002,7,0.011703817842577631
500002,8,0.12903180556714852
500002,9,0.342103748616326
500002,10,0.5775271707603967
500002,11,0.8311694545307565
500002,12,1.0459241840497673
500003,1,1.1672033039387733
500003,2,1.0746103232236515
500003,3,1.0516535268869849
500003,4,0.5823644108922423
500003,5,0.16550433111183052
500003,6,0.010906369896302852
500003,7,0.0
500003,8,0.09295821158562952
500003,9,0.3072008933523445
500003,10,0.5310633107733344
500003,11,0.8428627781176441
500003,12,1.0089447846728032
500004,1,1.346675367701975
500004,2,1.3228520578215404
500004,3,1.1947249920676362
500004,4,0.7356043540211928
500004,5,0.27533166635147244
500004,6,0.06761184092620207
500004,7,0.023240151068887945
500004,8,0.14497149470202875
500004,9,0.3950015891604128
500004,10,0.6881448326984547
500004,11,0.9245897420307944
500004,12,1.1835896753740722
500005,1,1.1505945073456778
500005,2,1.107978461868546
500005,3,1.0533777039886965
500005,4,0.7031527086521369
500005,5,0.25152170898092874
500005,6,0.053795928063959934
500005,7,0.0015939551330677688
500005,8,0.06587061570097318
500005,9,0.20847356672000442
500005,10,0.41923508833080275
500005,11,0.6985157449171109
500005,12,0.9245504923820941
500006,1,1.0483625847325082
500006,2,1.0293279225277594
500006,3,0.9457347118736297
500006,4,0.5470250706774483
500006,5,0.08560052951741536
500006,6,0.0
500006,7,0.0
500006,8,0.016155389286755476
500006,9,0.16512212161775958
500006,10,0.4360913443572771
500006,11,0.6604734193111436
500006,12,0.8308319240774249
500007,1,1.1657798107313373
500007,2,1.1304096762615212
500007,3,1.0998629866352885
500007,4,0.6344443579801807
500007,5,0.1620713807981267
500007,6,0.023941551806560872
500007,7,0.0013500637241686108
500007,8,0.08212173987916224
500007,9,0.2541985254313474
500007,10,0.5202166348829943
500007,11,0.7200532268218004
500007,12,0.9343115159862675
500008,1,1.1740925095966015
500008,2,1.111235757216147
500008,3,1.027310434056901
500008,4,0.6145441556717375
500008,5,0.17053833354388587
500008,6,0.004714924546580601
500008,7,0.0
500008,8,0.02320404113889782
500008,9,0.14503203141027587
500008,10,0.39642388593173766
500008,11,0.6779260682200777
500008,12,0.9387962361629568
500009,1,1.1532916608117245
500009,2,1.1242030682678932
500009,3,1.0381444417541124
500009,4,0.6085524150220529
500009,5,0.11868274258924388
500009,6,0.0
500009,7,0.0
500009,8,0.01248348656140867
500009,9,0.13419715860665837
500009,10,0.4329051729470663
500009,11,0.6884990932631224
500009,12,0.9183721088257051
500010,1,1.5513764028318082
500010,2,1.5486802973809095
500010,3,1.4537906459315506
500010,4,0.947722402153747
500010,5,0.5717681843863891
500010,6,0.35232809378810304
500010,7,0.1822933420823744
500010,8,0.26792067794359575
500010,9,0.4496914249518706
500010,10,0.7840935598848873
500010,11,0.9616819680614839
500010,12,1.3022997586984202
500011,1,1.2172196420019143
500011,2,1.2086586514460627
500011,3,1.1247042113693593
500011,4,0.6979066332472273
500011,5,0.2995612917178732
500011,6,0.12018707696687302
500011,7,0.022063449634317802
500011,8,0.0875628251168168
500011,9,0.29816636099535476
500011,10,0.5772155346013566
500011,11,0.7362153734756468
500011,12,1.029515608774509
500012,1,1.3369558337893552
500012,2,1.3476916267622332
500012,3,1.2139988911106934
500012,4,0.7544312072901009
500012,5,0.3749339583311478
500012,6,0.21268921685824518
500012,7,0.08487767203248983
500012,8,0.18378387789013856
500012,9,0.4328261926370623
500012,10,0.7241833085603442
500012,11,0.8269555422626075
500012,12,1.1621023080846875
510001,1,1.2266329302848276
510001,2,1.2666293205745103
510001,3,1.097883504698695
510001,4,0.9154678582989423
510001,5,0.48395017863296214
510001,6,0.20275396653880137
510001,7,0.07758954018447745
510001,8,0.15005014420342155
510001,9,0.3896471412706862
510001,10,0.5892499208189855
510001,11,0.8801330852056342
510001,12,1.0859722226689552
510002,1,0.9927766421403993
510002,2,1.1361771850670492
510002,3,0.912433135715056
510002,4,0.871981496190198
510002,5,0.38650308989906923
510002,6,0.11334451568013129
510002,7,0.03462328101861452
510002,8,0.11431371669157611
510002,9,0.3627668194869374
510002,10,0.5863386562260721
510002,11,0.7622447079436983
510002,12,0.8835730873941768
510003,1,0.9532920183850173
510003,2,1.1251932741007966
510003,3,0.8552776796449446
510003,4,0.8493549275516266
510003,5,0.3745678571267992
510003,6,0.17537980939059372
510003,7,0.08522382445734891
510003,8,0.1524282718643868
510003,9,0.37082279323627554
510003,10,0.52911603120252
510003,11,0.7359038820501826
510003,12,0.8093716425947776
510004,1,1.4268476295752934
510004,2,1.4630037010346901
510004,3,1.2578784071930775
510004,4,1.0312523960975013
510004,5,0.6297613691784208
510004,6,0.3285080560512146
510004,7,0.16168588643926307
510004,8,0.24585970676562235
510004,9,0.4583413485164271
510004,10,0.811037525583215
510004,11,0.9910996152383953
510004,12,1.226788491083814
510005,1,1.140644316047504
510005,2,1.231511950429068
510005,3,1.0748987809716446
510005,4,0.9313255367535547
510005,5,0.5290701235104857
510005,6,0.22706964020012751
510005,7,0.10959057791264552
510005,8,0.20075750244187487
510005,9,0.4274052627074524
510005,10,0.7017398041636601
510005,11,0.8553634238956656
510005,12,1.0410367557069522
510006,1,1.2400138484051797
510006,2,1.3123964095598712
510006,3,1.1055701294154623
510006,4,0.9468018562464264
510006,5,0.5378547184557259
510006,6,0.22834102915629279
510006,7,0.10755685051072679
510006,8,0.19670044348393786
510006,9,0.43161745893723125
510006,10,0.7395627848159149
510006,11,0.9027449510010797
510006,12,1.0893402703286892
510007,1,1.086696139067809
510007,2,1.160658398413635
510007,3,1.0569336181324656
510007,4,0.8765114580862616
510007,5,0.545727610919705
510007,6,0.2560502729687141
510007,7,0.17101902766654817
510007,8,0.22235874632377167
510007,9,0.45187119305692136
510007,10,0.7118751656848619
510007,11,0.9710616516019768
510007,12,0.9717166678040317
510008,1,0.9811357564578372
510008,2,1.0823429722892859
510008,3,0.8943859816600398
510008,4,0.7807101979360761
510008,5,0.3739170177162287
510008,6,0.12608491280760006
510008,7,0.06551019273412263
510008,8,0.13635108943422294
510008,9,0.35204388346708004
510008,10,0.5800287931400679
510008,11,0.8421172559242005
510008,12,0.8530609541896492
510009,1,0.938700597104257
510009,2,1.0664120889159647
510009,3,0.9183189726899086
510009,4,1.0043048736454872
510009,5,0.6555187134897101
510009,6,0.3563826551470513
510009,7,0.19043653578040506
510009,8,0.2888356733473601
510009,9,0.5212189154720768
510009,10,0.6933179861912566
510009,11,0.802184947891614
510009,12,0.9060515517838341
510010,1,1.2390211537940894
510010,2,1.3537591675033136
510010,3,1.2569536103195724
510010,4,1.1882104799129145
510010,5,0.7985190179216913
510010,6,0.47976306996773715
510010,7,0.3152778866016056
510010,8,0.35516804520376616
510010,9,0.6253881556123533
510010,10,0.8612647377708827
510010,11,1.1168381236716718
510010,12,1.1879355086786472
510011,1,1.2621734287431712
510011,2,1.3144109568455729
510011,3,1.25965334232667
510011,4,1.0665185446528385
510011,5,0.7476783623886851
510011,6,0.436726150374652
510011,7,0.30920530099039606
510011,8,0.3127326210658846
510011,9,0.5814759871598694
510011,10,0.8094847349906187
510011,11,1.077333368662911
510011,12,1.1439120110788905
510012,1,0.9877233877375836
510012,2,1.0939144033767452
510012,3,0.9810311710384169
510012,4,0.9617698376746625
510012,5,0.6065989852072269
510012,6,0.3126327930720232
510012,7,0.18062080581926424
510012,8,0.2672081072603437
510012,9,0.4859435217742389
510012,10,0.7051115071182954
510012,11,0.9252089240080651
510012,12,0.9404892610164248
510013,1,1.2292759991488542
510013,2,1.253414430102651
510013,3,1.0894219656002302
510013,4,0.69845460147546
510013,5,0.2597307706557767
510013,6,0.019447909397429932
510013,7,0.005784963585977908
510013,8,0.07022992043155689
510013,9,0.3973107017381036
510013,10,0.6921660040226868
510013,11,1.0091847322395495
510013,12,1.214032605127037
510014,1,1.2909809458172865
510014,2,1.2804983443792188
510014,3,1.2711823004086031
510014,4,0.995726771732707
510014,5,0.7076975066745624
510014,6,0.37695704601226304
510014,7,0.3023631482730589
510014,8,0.2998027278223436
510014,9,0.5351147770457431
510014,10,0.7788184530393689
510014,11,1.1017376966353811
510014,12,1.1492030421638706
510015,1,1.2175958011100738
510015,2,1.260604119147588
510015,3,1.117673331365325
510015,4,0.790932337694404
510015,5,0.4045994200050371
510015,6,0.09592729368594598
510015,7,0.06445747597482018
510015,8,0.12634655727738558
510015,9,0.417589391786857
510015,10,0.7014420974212652
510015,11,1.0164704948427614
510015,12,1.115967992963019
510016,1,1.1830241487620763
510016,2,1.1951325588428319
510016,3,1.0202711791423498
510016,4,0.6975300659134337
510016,5,0.26362857526374817
510016,6,0.036440795145070336
510016,7,0.002690746312275163
510016,8,0.09205723332355532
510016,9,0.38408829071109907
510016,10,0.6474557642879718
510016,11,0.8909753684249817
510016,12,1.0947174809081506
510017,1,1.0656565958598925
510017,2,1.1480114715497085
510017,3,0.9052228486348978
510017,4,0.6117976229174935
510017,5,0.14756699312275895
510017,6,0.00422918232166047
510017,7,0.0008006887903162945
510017,8,0.017763788224452043
510017,9,0.2864451937105434
510017,10,0.5343310736563047
510017,11,0.8346790690284183
510017,12,0.9896217938178217
510018,1,1.0925814186900809
510018,2,1.1229417703418085
510018,3,0.9284433674981504
510018,4,0.6863343890166872
510018,5,0.24985143008404875
510018,6,0.0270617466342861
510018,7,0.0007321099009066933
510018,8,0.0613475233027292
510018,9,0.3314978766237162
510018,10,0.5571642827229323
510018,11,0.8100001696323861
510018,12,0.9921771901768515
520001,1,1.0565886245992189
520001,2,0.9759534263698548
520001,3,0.9558393495001881
520001,4,0.6910709157036359
520001,5,0.3264885569739461
520001,6,0.10837167751990955
520001,7,0.0766224434424661
520001,8,0.19584153716026292
520001,9,0.3854946408701257
520001,10,0.639717707042071
520001,11,0.8929988070638191
520001,12,1.0270875328142985
520002,1,0.9851677488359278
520002,2,0.8944816484910293
520002,3,0.8839443322798218
520002,4,0.6571088789020405
520002,5,0.3007690202518541
520002,6,0.08551924962577928
520002,7,0.06348872284842232
520002,8,0.154468856138041
520002,9,0.33436319085267324
520002,10,0.5692627484545068
520002,11,0.8018980026824026
520002,12,0.953149425600525
520003,1,1.0550557036678572
520003,2,0.9864218188048987
520003,3,0.9746713816892428
520003,4,0.7214962451057774
520003,5,0.35438834100091693
520003,6,0.10777223201921748
520003,7,0.07252099905303683
520003,8,0.18638392267955492
520003,9,0.3823329475315416
520003,10,0.6319743445629007
520003,11,0.8820931010259971
520003,12,1.028412718702049
520004,1,0.9948036158331957
520004,2,0.9067106284153198
520004,3,0.9004360409737628
520004,4,0.4951965554641637
520004,5,0.08231992479044765
520004,6,0.001583241539117113
520004,7,0.0005765089954890618
520004,8,0.06983686312173285
520004,9,0.31695284687720005
520004,10,0.5997354941933949
520004,11,0.8445709749777928
520004,12,0.8577305352570134
520005,1,1.2512725274790224
520005,2,1.2193248436042787
520005,3,1.174128640497012
520005,4,0.877870702639785
520005,5,0.4864049045126657
520005,6,0.17906580980293374
520005,7,0.11539461721191213
520005,8,0.23290303292396627
520005,9,0.47652593805354776
520005,10,0.7681183057456514
520005,11,1.063181956647093
520005,12,1.2157956178937628
520006,1,1.0147355867696002
520006,2,0.9155592320850051
520006,3,0.8285502839785971
520006,4,0.48162793185396524
520006,5,0.08424063048985289
520006,6,0.0
520006,7,0.0
520006,8,0.0896680010203862
520006,9,0.34989664861616343
520006,10,0.6427209982189261
520006,11,0.8783642911038038
520006,12,0.8846785560081699
520007,1,1.0540464238795026
520007,2,1.000596807932966
520007,3,0.9249501335137755
520007,4,0.580491320400536
520007,5,0.21766236263977642
520007,6,0.0412098297537118
520007,7,0.016841073163655164
520007,8,0.1548774279091402
520007,9,0.36733269863616186
520007,10,0.6340905798253161
520007,11,0.8989824477285359
520007,12,1.0063500364529159
520008,1,1.0257412791190277
520008,2,0.9595892755464608
520008,3,0.8782178270858696
520008,4,0.524052587239898
520008,5,0.13041687844632638
520008,6,0.006770973914816096
520008,7,0.0016144310229533785
520008,8,0.12315743521670831
520008,9,0.362311093554046
520008,10,0.6466027786385373
520008,11,0.8947840143149727
520008,12,0.9399764138882425
520009,1,1.0503099225540737
520009,2,0.985279631688332
520009,3,0.9208799652467581
520009,4,0.6086351520166616
520009,5,0.23789207191006295
520009,6,0.05909350360124787
520009,7,0.03314029104062919
520009,8,0.17870852903263207
520009,9,0.39630544540376716
520009,10,0.6607386682732259
520009,11,0.9062079247362957
520009,12,0.9889084077712607
520010,1,0.982139347746081
520010,2,0.9438192164729095
520010,3,0.9164435865866315
520010,4,0.5474251794151823
520010,5,0.21936084309607878
520010,6,0.044245032436012834
520010,7,0.011448826890431862
520010,8,0.1343839704778795
520010,9,0.3270495358119868
520010,10,0.5714030499981616
520010,11,0.8165707384323925
520010,12,0.9248683469329544
520011,1,1.0433084063940041
520011,2,1.0062409399232928
520011,3,0.950964525850312
520011,4,0.5355172828052818
520011,5,0.15494939186731374
520011,6,0.007903905484597264
520011,7,1.9401193051297068e-05
520011,8,0.07497129800049984
520011,9,0.2955549242002371
520011,10,0.555338933262796
520011,11,0.8283923977299501
520011,12,0.9810739619807507
520012,1,1.0754950913344612
520012,2,1.0127909115891796
520012,3,0.9908778678216521
520012,4,0.5955539726866841
520012,5,0.2458606189772437
520012,6,0.0581786959506829
520012,7,0.022853597200383203
520012,8,0.16210192281249747
520012,9,0.36266651055676224
520012,10,0.5929687082732362
520012,11,0.8771975359202193
520012,12,0.9915293040224029
520013,1,1.158320156927668
520013,2,1.1188519634904623
520013,3,1.0856489978809498
520013,4,0.7753613719090049
520013,5,0.40565058309691493
520013,6,0.14141614450922632
520013,7,0.08430787172746723
520013,8,0.21688692107689975
520013,9,0.43591507882342356
520013,10,0.7045207025575652
520013,11,0.9765065228140238
520013,12,1.125579534251824
520014,1,1.2450693390171848
520014,2,1.235235891887715
520014,3,1.1591014627919984
520014,4,0.7899070135758571
520014,5,0.3877113983734294
520014,6,0.10623102283986578
520014,7,0.046020196661216026
520014,8,0.17525172790847215
520014,9,0.4386979849085485
520014,10,0.7184719936039913
520014,11,1.0229251300526654
520014,12,1.2216912756982328
520015,1,1.1136265876578124
520015,2,1.0611526165751122
520015,3,1.028950886146622
520015,4,0.7102104694160967
520015,5,0.3492833248392047
520015,6,0.11618815538235915
520015,7,0.0682396472918715
520015,8,0.20634533616094736
520015,9,0.41055575220589074
520015,10,0.6707866675776841
520015,11,0.9343452356557232
520015,12,1.0751791008851608
520016,1,1.2418217325123317
520016,2,1.208681154118121
520016,3,1.1885314007913288
520016,4,0.9418488454697886
520016,5,0.5782328287008144
520016,6,0.23796315619084346
520016,7,0.1658778669805069
520016,8,0.24694929490461087
520016,9,0.4715881469568933
520016,10,0.7972427934632057
520016,11,1.095984216920596
520016,12,1.1566661097110402
520017,1,1.1777495734901315
520017,2,1.1137131951222277
520017,3,1.0911790853618624
520017,4,0.8634915295756784
520017,5,0.5026467846094703
520017,6,0.18092971919427023
520017,7,0.12148349543442666
520017,8,0.22061303846450386
520017,9,0.4312313639046663
520017,10,0.7333605524267708
520017,11,1.0136458097977277
520017,12,1.109313615130533
520018,1,1.1490638607635233
520018,2,1.0866856038309323
520018,3,1.0719398745272954
520018,4,0.8352979285962282
520018,5,0.45107393296970805
520018,6,0.14604904928924883
520018,7,0.09795520353028013
520018,8,0.20394329819456097
520018,9,0.41494036011566215
520018,10,0.6968891929719031
520018,11,0.9686983708203014
520018,12,1.1078033045643847
520019,1,0.9107028300185588
520019,2,0.7993399446371505
520019,3,0.7615889877461777
520019,4,0.4911032179685173
520019,5,0.11471426525612377
520019,6,0.0021181876677189514
520019,7,0.0004950285219687802
520019,8,0.04714580712863499
520019,9,0.2566370742340589
520019,10,0.5115476698045007
520019,11,0.7400413473313417
520019,12,0.8335549366474291
520020,1,0.9169383711237498
520020,2,0.8225945737077429
520020,3,0.8039916989103606
520020,4,0.5900925141863584
520020,5,0.2472912255574655
520020,6,0.034788548023849154
520020,7,0.013740349642754085
520020,8,0.0973243551218355
520020,9,0.28696540995680486
520020,10,0.5308612808075182
520020,11,0.7526599874252028
520020,12,0.8591198175903293
520021,1,1.145260176736445
520021,2,0.9972685225641248
520021,3,0.9853501790491298
520021,4,0.7978352470552221
520021,5,0.518216107649218
520021,6,0.22820840092068334
520021,7,0.1627227131715416
520021,8,0.25443931928090185
520021,9,0.4303435278772061
520021,10,0.6920343416246603
520021,11,0.9994122092791169
520021,12,1.0476619181652709
520022,1,1.0393053419421956
520022,2,0.9268776512157388
520022,3,0.9082125390299028
520022,4,0.706685354292574
520022,5,0.4050171034110481
520022,6,0.12909790905818594
520022,7,0.0798357173246757
520022,8,0.17545119318047253
520022,9,0.36372414735380243
520022,10,0.6260329256890279
520022,11,0.892259219968139
520022,12,0.9446758901416833
530001,1,0.866572622449734
530001,2,0.763651340051476
530001,3,0.737642130744029
530001,4,0.48943404363802606
530001,5,0.13952719795573
530001,6,0.0
530001,7,0.0
530001,8,0.0409844073309058
530001,9,0.229277083681364
530001,10,0.47408015533831405
530001,11,0.693669006105471
530001,12,0.799441391806173
