"Tabela 9514 - População residente, por sexo, idade e forma de declaração da idade"
"Variável - População residente (Pessoas)"
"Município","Forma de declaração da idade","Ano x Sexo x Idade"
"Município","Forma de declaração da idade","2022"
"Município","Forma de declaração da idade","Total"
"Município","Forma de declaração da idade","0 a 4 anos","5 a 9 anos","10 a 14 anos","15 a 19 anos","20 a 24 anos","25 a 29 anos","30 a 34 anos","35 a 39 anos","40 a 44 anos","45 a 49 anos","50 a 54 anos","55 a 59 anos","60 a 64 anos","65 a 69 anos","70 a 74 anos","75 a 79 anos","80 a 84 anos","85 a 89 anos","90 a 94 anos","95 a 99 anos","100 anos ou mais"
"Alta Floresta D'Oeste (RO)","Total","1564","1522","1541","1666","1532","1576","1661","1531","1597","1553","1363","1263","1061","794","518","353","219","128","46","5","1"
"Ariquemes (RO)","Total","6946","7201","6957","7691","8328","8179","7760","7819","7459","6615","5801","4916","3856","2793","1950","1254","809","355","114","25","5"
"Cabixi (RO)","Total","331","350","415","375","249","308","373","403","426","342","402","348","326","276","169","112","83","54","9","-","-"
"Cacoal (RO)","Total","5792","5833","5843","6332","7383","7367","7091","6921","6814","5808","5403","4717","3985","2890","1967","1291","806","419","173","40","12"
"Cerejeiras (RO)","Total","1166","1148","1064","1142","1051","1295","1307","1238","1153","1086","969","937","746","548","442","296","173","93","32","4","-"
"Colorado do Oeste (RO)","Total","983","1054","1048","1088","1036","1090","1068","1172","1192","1153","1034","1056","819","665","506","318","213","110","44","11","3"
"Corumbiara (RO)","Total","521","533","477","530","494","528","581","604","578","549","537","498","397","275","182","124","67","29","13","-","2"
"Costa Marques (RO)","Total","1033","1066","1088","1180","999","934","912","962","916","872","669","666","456","340","244","144","82","34","22","6","2"
"Espigão D'Oeste (RO)","Total","2132","2116","2089","2254","2266","2169","2319","2406","2331","2034","1828","1574","1294","975","704","426","284","141","52","18","2"
"Guajará-Mirim (RO)","Total","3481","3417","3679","3548","3144","2872","2772","2810","2823","2486","2170","1939","1439","1013","775","494","290","144","61","24","6"
"Jaru (RO)","Total","3602","3479","3506","3762","4069","4107","3941","4064","4127","3468","3106","2582","2093","1680","1264","797","535","267","112","25","5"
"Ji-Paraná (RO)","Total","8823","9016","8793","9489","9691","10244","10203","10202","9777","8222","7531","6624","5315","4037","2676","1741","1096","544","239","57","13"
"Machadinho D'Oeste (RO)","Total","2330","2418","2482","2510","2126","2253","2386","2445","2506","2122","1781","1570","1337","1027","694","376","207","92","37","8","-"
"Nova Brasilândia D'Oeste (RO)","Total","1069","985","1021","1209","1101","1148","1159","1245","1239","1207","1038","863","789","597","456","258","160","96","30","9","-"
"Ouro Preto do Oeste (RO)","Total","2296","2330","2366","2471","2470","2562","2666","2817","2805","2316","2329","2163","1771","1294","980","642","459","209","77","18","3"
"Pimenta Bueno (RO)","Total","2492","2469","2531","2671","2854","2789","2745","2780","2737","2381","2153","1920","1587","1209","737","521","275","149","65","11","3"
"Porto Velho (RO)","Total","32424","36013","35383","35762","38595","39010","38580","39669","36601","30126","26358","23041","18208","12845","8098","4710","2871","1362","567","174","37"
"Presidente Médici (RO)","Total","1207","1280","1312","1352","1204","1298","1273","1417","1488","1396","1329","1275","1144","885","617","382","266","121","60","18","3"
"Rio Crespo (RO)","Total","238","255","257","264","238","239","232","280","265","255","225","237","172","122","92","52","30","11","7","-","-"
"Rolim de Moura (RO)","Total","3944","3982","3839","4054","4577","4695","4710","4471","4332","3755","3580","3029","2488","1887","1320","846","521","255","90","23","8"
"Santa Luzia D'Oeste (RO)","Total","468","471","524","506","419","466","516","510","595","534","591","520","397","322","237","163","106","49","21","3","1"
"Vilhena (RO)","Total","7158","6948","6784","7290","7837","7914","8273","8068","7636","6418","5810","4875","3818","2757","1857","1186","700","352","120","23","8"
"São Miguel do Guaporé (RO)","Total","1696","1565","1525","1649","1686","1739","1700","1681","1693","1519","1302","1207","916","688","460","306","177","93","26","3","4"
"Nova Mamoré (RO)","Total","2189","2184","2202","2243","2037","1913","1888","1922","1996","1665","1382","1259","898","722","438","261","152","57","26","9","1"
"Alvorada D'Oeste (RO)","Total","868","862","882","945","869","901","882","940","1056","898","947","860","716","566","378","262","177","70","33","5","-"
"Alto Alegre dos Parecis (RO)","Total","873","862","872","891","745","860","846","864","858","799","779","681","505","407","281","183","105","51","9","6","2"
"Alto Paraíso (RO)","Total","1228","1189","1263","1296","1291","1173","1159","1214","1238","1143","1044","922","717","536","388","253","169","67","21","6","3"
"Buritis (RO)","Total","2135","2150","2178","2362","2195","2138","2109","2290","2222","1898","1615","1395","1150","894","576","355","210","80","30","9","1"
"Novo Horizonte do Oeste (RO)","Total","495","480","532","540","454","531","510","577","574","583","565","507","418","358","218","154","106","47","17","1","-"
"Cacaulândia (RO)","Total","311","294","324","296","262","293","316","331","296","280","242","275","198","152","123","76","51","20","7","3","-"
"Campo Novo de Rondônia (RO)","Total","661","666","737","730","622","580","602","648","694","662","619","529","402","273","209","115","63","25","7","-","-"
"Candeias do Jamari (RO)","Total","1830","1888","1874","1865","1809","1767","1597","1725","1665","1371","1236","1104","937","684","452","271","143","67","21","1","3"
"Castanheiras (RO)","Total","198","229","226","205","172","232","219","212","260","257","225","235","165","133","106","73","53","24","7","2","-"
"Chupinguaia (RO)","Total","764","788","820","753","716","776","742","785","729","618","519","427","345","227","145","74","59","24","8","3","2"
"Cujubim (RO)","Total","1270","1237","1226","1212","1149","1159","1129","1212","1262","989","892","692","515","404","242","139","81","41","9","3","-"
"Governador Jorge Teixeira (RO)","Total","543","593","575","594","554","534","564","582","612","586","567","476","380","300","227","158","90","38","21","7","-"
"Itapuã do Oeste (RO)","Total","716","741","753","694","657","612","616","652","621","522","480","437","373","288","169","116","62","29","10","-","-"
"Ministro Andreazza (RO)","Total","365","380","473","504","455","405","392","464","480","541","481","418","319","273","216","132","112","35","16","3","2"
"Mirante da Serra (RO)","Total","604","613","608","704","652","651","597","704","711","726","584","579","463","423","265","152","123","50","20","5","1"
"Monte Negro (RO)","Total","800","807","829","929","824","805","745","884","908","843","735","695","553","442","322","210","130","53","26","7","1"
"Nova União (RO)","Total","390","399","468","485","413","414","418","484","482","487","426","382","314","235","150","132","64","38","13","5","1"
"Parecis (RO)","Total","305","294","308","320","297","274","317","316","314","305","283","268","181","123","90","69","31","26","2","1","1"
"Pimenteiras do Oeste (RO)","Total","183","172","180","166","129","152","154","168","159","163","133","122","100","72","47","30","17","6","3","-","-"
"Primavera de Rondônia (RO)","Total","203","233","223","189","171","178","205","251","242","223","208","205","180","138","101","61","31","27","4","3","-"
"São Felipe D'Oeste (RO)","Total","298","314","358","360","262","313","375","370","444","382","380","400","318","249","177","122","87","34","11","3","1"
"São Francisco do Guaporé (RO)","Total","1302","1314","1343","1316","1217","1321","1344","1265","1221","1102","906","807","656","463","317","195","122","51","19","5","-"
"Seringueiras (RO)","Total","803","852","809","910","841","890","862","828","804","740","736","661","530","363","214","151","105","49","14","6","3"
"Teixeirópolis (RO)","Total","261","288","261","312","293","264","251","308","353","291","307","304","224","175","161","94","48","42","10","6","3"
"Theobroma (RO)","Total","521","533","604","589","452","465","491","597","695","610","584","556","509","351","244","159","91","44","14","3","1"
"Urupá (RO)","Total","741","713","706","811","738","747","773","822","801","780","667","625","547","468","364","190","134","68","26","3","1"
"Vale do Anari (RO)","Total","516","597","598","570","474","512","521","585","611","585","534","487","394","309","239","135","76","28","15","2","-"
"Vale do Paraíso (RO)","Total","381","413","410","472","416","414","382","474","570","465","517","417","354","285","224","132","73","55","15","8","2"
"Acrelândia (AC)","Total","1320","1269","1252","1285","1174","1052","1009","1004","1053","788","688","613","521","382","277","159","103","51","16","4","1"
"Assis Brasil (AC)","Total","883","823","883","800","644","635","620","556","508","442","350","263","236","176","115","81","50","20","12","2","1"
"Brasiléia (AC)","Total","2293","2320","2253","2261","2376","2122","2049","1891","1891","1521","1371","1095","817","642","469","278","188","96","47","14","6"
"Bujari (AC)","Total","1100","1191","1251","1195","1041","937","822","879","963","825","698","569","521","376","256","151","91","33","12","4","2"
"Capixaba (AC)","Total","870","927","980","982","840","737","633","720","705","665","598","551","436","297","218","115","77","20","17","4","-"
"Cruzeiro do Sul (AC)","Total","7967","8110","8727","9326","9566","7895","6864","6910","6740","5057","3839","3046","2432","1812","1426","970","664","319","135","64","19"
"Epitaciolândia (AC)","Total","1628","1726","1579","1570","1675","1649","1457","1443","1265","1097","983","801","657","469","313","204","146","50","33","9","3"
"Feijó (AC)","Total","3843","3841","3868","3928","3489","2780","2319","2313","2149","1696","1400","1058","899","635","458","345","228","111","53","9","4"
"Jordão (AC)","Total","1283","1309","1256","1129","907","687","587","497","436","328","244","161","146","82","58","46","25","13","16","8","4"
"Mâncio Lima (AC)","Total","1812","1866","2078","1952","1855","1549","1349","1484","1295","1012","774","624","519","413","253","216","136","68","23","9","7"
"Manoel Urbano (AC)","Total","1231","1276","1264","1272","1138","944","862","895","777","662","441","374","288","239","126","103","43","41","9","11","-"
"Marechal Thaumaturgo (AC)","Total","1977","1985","2130","2184","1750","1360","1184","1101","964","653","510","357","321","232","140","108","73","46","12","4","2"
"Plácido de Castro (AC)","Total","1424","1499","1445","1518","1374","1198","1055","1197","1138","1058","859","775","660","484","389","241","133","75","31","5","2"
"Porto Walter (AC)","Total","1290","1191","1366","1336","1171","800","672","658","605","483","345","225","209","148","91","66","45","24","5","4","1"
"Rio Branco (AC)","Total","26436","29363","28831","30991","33091","31395","29746","30217","28924","23032","19471","15849","12575","9648","6546","4083","2469","1263","573","192","61"
"Rodrigues Alves (AC)","Total","1473","1444","1659","1710","1501","1161","993","1051","981","789","583","463","360","258","216","147","81","38","21","6","3"
"Santa Rosa do Purus (AC)","Total","1048","948","909","715","600","475","447","388","327","219","207","129","88","63","51","40","29","19","14","6","1"
"Senador Guiomard (AC)","Total","1715","1827","1843","1875","1794","1665","1538","1629","1596","1287","1213","982","801","604","442","295","198","84","52","11","3"
"Sena Madureira (AC)","Total","3651","3780","3876","4226","4032","3559","3100","3067","2931","2297","1753","1370","1083","969","653","503","292","117","60","20","4"
"Tarauacá (AC)","Total","4713","4743","5010","5065","4287","3529","2992","2803","2556","1868","1541","1231","1007","746","563","365","241","124","62","13","8"
"Xapuri (AC)","Total","1603","1625","1615","1756","1553","1552","1376","1267","1255","1057","864","794","635","481","336","237","123","59","42","7","6"
"Porto Acre (AC)","Total","1441","1523","1498","1613","1389","1167","1108","1123","1179","992","894","761","635","536","383","216","132","71","20","8","4"
"Alvarães (AM)","Total","1948","1805","1779","1803","1613","1319","1133","960","825","653","534","436","334","254","179","143","80","40","18","7","3"
"Amaturá (AM)","Total","1366","1377","1258","1087","1009","875","694","681","558","452","394","321","226","191","120","93","66","31","15","4","1"
"Anamã (AM)","Total","1019","1043","1023","1148","960","837","717","683","618","502","421","316","224","185","105","73","47","26","11","2","2"
"Anori (AM)","Total","1609","1883","1712","1766","1638","1307","1295","1241","1141","949","708","578","520","322","211","140","90","49","23","8","4"
"Apuí (AM)","Total","1603","1994","1767","1751","1746","1589","1904","1690","1588","1184","1002","868","762","516","356","165","105","39","12","5","1"
"Atalaia do Norte (AM)","Total","1916","2103","1855","1694","1383","1255","1066","882","761","604","482","358","314","228","136","122","84","36","23","6","6"
"Autazes (AM)","Total","4496","4416","4372","4283","3639","3180","2846","2628","2567","2074","1769","1596","1222","944","605","425","256","152","55","23","16"
"Barcelos (AM)","Total","2367","2231","2022","1824","1697","1467","1231","1190","1047","899","760","591","495","404","239","161","120","61","16","10","2"
"Barreirinha (AM)","Total","3406","3423","3626","3568","2927","2416","2055","1892","1677","1397","1115","1018","770","633","371","345","202","125","46","30","9"
"Benjamin Constant (AM)","Total","4577","4600","4452","4012","3402","3011","2568","2424","1962","1496","1337","1084","818","671","441","334","236","129","70","17","7"
"Beruri (AM)","Total","2538","2434","2380","2487","2009","1614","1332","1277","1120","832","712","577","428","391","211","161","111","60","31","10","3"
"Boa Vista do Ramos (AM)","Total","2545","2467","2383","2374","2374","2017","1704","1560","1495","1093","913","641","572","501","375","251","211","129","139","33","8"
"Boca do Acre (AM)","Total","3075","3207","3309","3598","3266","2930","2696","2468","2414","1991","1665","1376","1098","899","574","385","262","136","64","20","14"
"Borba (AM)","Total","3604","3327","3545","3667","3019","2704","2261","2244","1998","1532","1261","1042","884","718","463","355","214","106","53","41","42"
"Caapiranga (AM)","Total","1310","1291","1401","1511","1385","1171","1008","863","809","705","560","410","356","284","186","122","56","22","14","4","1"
"Canutama (AM)","Total","1357","1618","1564","1636","1505","1376","1242","1192","1102","985","868","829","596","422","250","150","105","47","18","5","2"
"Carauari (AM)","Total","2917","3086","2998","3207","2772","2527","2055","1993","1708","1310","1068","936","695","519","383","271","158","84","43","9","3"
"Careiro (AM)","Total","2690","3019","3156","2896","2305","2144","1919","2075","2042","1815","1513","1441","1281","1062","652","410","218","102","35","12","5"
"Careiro da Várzea (AM)","Total","1696","1820","1810","1865","1487","1418","1253","1303","1305","1254","1187","963","749","600","373","290","150","80","24","9","1"
"Coari (AM)","Total","7280","7276","7413","7707","6807","5681","4833","4887","4590","3700","2698","2143","1793","1469","966","617","411","224","74","27","20"
"Codajás (AM)","Total","2465","2393","2429","2626","2176","1845","1705","1647","1493","1146","883","808","638","499","315","226","142","60","30","17","6"
"Eirunepé (AM)","Total","3468","3683","3725","3833","3003","2643","2285","2186","2106","1561","1154","1008","774","631","413","315","197","106","49","23","7"
"Envira (AM)","Total","1933","1936","1730","1887","1738","1458","1211","1148","1119","780","610","528","353","275","168","118","79","69","38","7","1"
"Fonte Boa (AM)","Total","2960","2797","2720","2819","2622","2166","1802","1750","1472","1215","977","722","588","454","311","218","141","89","31","8","9"
"Guajará (AM)","Total","1330","1425","1516","1554","1417","1138","968","953","839","626","526","479","361","245","175","123","74","40","11","10","5"
"Humaitá (AM)","Total","5460","5731","5109","5468","5722","5111","4832","4185","3745","2903","2488","1847","1574","1256","843","581","342","180","67","19","10"
"Ipixuna (AM)","Total","3071","2838","2500","2614","2737","2089","1815","1653","1355","1000","791","562","463","336","192","138","83","35","21","9","9"
"Iranduba (AM)","Total","5587","5539","5632","5669","5177","4765","4281","4522","4365","3646","3115","2597","2263","1689","1049","578","399","174","75","28","13"
"Itacoatiara (AM)","Total","9012","9621","10141","10525","9505","8092","7159","7585","7339","6062","4805","3926","3346","2528","1660","1105","657","333","126","39","32"
"Itamarati (AM)","Total","1345","1443","1219","1276","1103","933","711","688","578","434","325","266","183","154","120","83","45","14","12","3","2"
"Itapiranga (AM)","Total","941","986","1062","1006","905","774","742","689","700","555","442","396","325","242","163","111","71","37","9","3","3"
"Japurá (AM)","Total","1227","1093","960","927","963","786","585","537","460","338","292","239","158","121","80","35","36","9","6","-","6"
"Juruá (AM)","Total","1149","1184","1093","1254","1163","952","761","710","624","503","359","292","225","169","110","79","58","37","12","3","5"
"Jutaí (AM)","Total","3299","3314","3185","2948","2424","1962","1605","1544","1289","929","750","566","424","317","237","184","111","49","22","10","3"
"Lábrea (AM)","Total","4869","4313","4439","4785","4595","3906","3396","3303","2960","2154","1787","1480","1164","861","582","411","242","126","59","12","4"
"Manacapuru (AM)","Total","9617","9862","9755","10567","9523","8211","7619","7218","6774","5402","4369","3729","3069","2336","1585","1062","656","288","147","65","29"
"Manaquiri (AM)","Total","1630","1701","1670","1593","1362","1275","1105","1121","1136","997","847","766","638","479","336","238","111","67","25","7","3"
"Manaus (AM)","Total","153636","169175","162708","170508","186449","180961","164135","172209","167172","135513","111450","89635","71893","52399","34251","20134","11770","6199","2510","776","206"
"Manicoré (AM)","Total","6033","5424","5041","5462","5261","4604","4046","3680","3346","2591","2132","1718","1435","1140","829","538","350","163","72","31","18"
"Maraã (AM)","Total","2056","1901","1774","1880","1569","1282","980","981","791","607","476","374","325","225","128","91","54","19","8","4","4"
"Maués (AM)","Total","7279","7062","6703","6581","5388","4508","4074","3947","3506","2756","2179","1870","1720","1444","884","539","370","222","126","40","6"
"Nhamundá (AM)","Total","2056","2197","1796","1983","1684","1642","1589","1384","1240","1009","843","772","593","490","342","221","160","79","39","14","3"
"Nova Olinda do Norte (AM)","Total","3054","3035","2904","2946","2467","2155","1786","1713","1513","1270","1026","890","727","633","366","223","143","92","50","42","27"
"Novo Airão (AM)","Total","1603","1760","1689","1569","1211","1232","1116","1137","987","765","643","605","437","398","273","144","113","47","19","12","1"
"Novo Aripuanã (AM)","Total","2402","2279","2318","2564","2365","2056","1721","1580","1473","1150","1005","847","649","517","316","260","152","96","37","11","20"
"Parintins (AM)","Total","8770","9005","9244","10245","9396","7856","6667","6781","6128","5110","4117","3557","3037","2365","1704","1057","644","417","179","62","31"
"Pauini (AM)","Total","2110","2214","2099","2243","2166","1594","1343","1265","1143","799","629","517","398","295","227","150","98","48","24","10","1"
"Presidente Figueiredo (AM)","Total","2714","2886","2974","2923","2514","2293","2086","2157","2170","1872","1583","1431","1136","864","535","287","163","49","22","8","1"
"Rio Preto da Eva (AM)","Total","2271","2347","2382","2220","2010","1799","1624","1697","1690","1474","1343","1237","1064","750","508","280","138","59","31","10","2"
"Santa Isabel do Rio Negro (AM)","Total","1865","1764","1627","1460","1215","1077","968","882","675","637","517","411","335","211","192","160","96","48","19","2","3"
"Santo Antônio do Içá (AM)","Total","3850","3604","3310","3174","2822","2160","1951","1647","1312","1102","825","691","541","409","315","194","140","75","45","24","20"
"São Gabriel da Cachoeira (AM)","Total","6449","6075","5657","5508","4829","4122","3450","3114","2659","2277","1895","1530","1302","1009","834","507","333","128","63","38","16"
"São Paulo de Olivença (AM)","Total","4502","4516","3955","3576","3092","2471","2145","1873","1645","1310","995","784","660","439","360","285","201","91","39","25","3"
"São Sebastião do Uatumã (AM)","Total","1206","1387","1060","1110","1095","1027","895","875","733","577","425","331","298","259","170","120","61","28","6","6","1"
"Silves (AM)","Total","1167","1330","1310","1117","1010","872","775","759","647","593","460","422","373","310","191","118","58","33","8","4","2"
"Tabatinga (AM)","Total","7720","8043","7296","7115","6507","5271","4805","4270","3674","2961","2514","1972","1593","1110","813","491","343","163","65","28","10"
"Tapauá (AM)","Total","2068","2015","2044","2094","1902","1596","1520","1470","1284","853","707","570","495","381","258","169","102","40","19","9","3"
"Tefé (AM)","Total","8314","7632","7525","8335","7378","6111","5209","5051","4533","3484","2713","2077","1679","1313","924","624","397","226","87","34","23"
"Tonantins (AM)","Total","2634","2332","2191","2128","1898","1609","1400","1206","1020","697","529","462","339","283","188","139","106","52","26","4","4"
"Uarini (AM)","Total","1692","1484","1697","1770","1475","1175","1038","946","835","632","482","355","268","233","130","99","63","32","17","4","4"
"Urucará (AM)","Total","1641","1704","1826","1826","1658","1461","1338","1390","1360","933","880","679","671","499","343","212","121","58","20","8","3"
"Urucurituba (AM)","Total","1952","2320","2090","2406","2439","2285","2012","1761","1499","1298","1002","779","723","584","321","209","123","64","32","24","22"
"Amajari (RR)","Total","2071","1846","1652","1500","1130","918","792","779","688","560","537","437","388","284","167","83","55","22","15","2","1"
"Alto Alegre (RR)","Total","3144","2715","2424","2194","1778","1399","1131","1145","1141","919","803","694","525","421","304","188","94","51","20","3","3"
"Boa Vista (RR)","Total","37337","37033","34279","35300","40291","39293","35080","34299","30645","23737","19021","15334","11596","8457","5400","3112","1793","926","385","126","42"
"Bonfim (RR)","Total","1824","1768","1575","1447","1152","953","879","781","703","642","540","496","386","303","218","110","89","37","14","5","1"
"Cantá (RR)","Total","2064","2034","1963","1661","1330","1266","1173","1203","1130","1001","944","859","727","582","366","208","103","51","16","-","1"
"Caracaraí (RR)","Total","2175","2248","2056","1934","1676","1448","1344","1470","1364","1181","1004","958","722","582","360","213","135","53","22","5","7"
"Caroebe (RR)","Total","1125","1022","1045","983","891","868","756","824","776","582","470","412","318","242","145","98","71","18","7","1","2"
"Iracema (RR)","Total","1091","1006","988","943","895","730","659","665","627","534","480","414","366","277","170","90","51","26","8","3","-"
"Mucajaí (RR)","Total","1816","1815","1791","1670","1432","1317","1193","1287","1153","1001","946","811","638","456","342","221","120","51","23","9","3"
"Normandia (RR)","Total","2202","2170","1897","1528","1148","977","811","727","616","501","372","297","224","199","126","84","66","26","11","1","3"
"Pacaraima (RR)","Total","2586","2548","2205","1908","1726","1565","1319","1206","1059","833","701","527","423","283","175","121","60","29","20","7","4"
"Rorainópolis (RR)","Total","3209","3261","2962","2840","2868","2732","2561","2507","2237","1694","1496","1329","1045","793","570","282","155","74","28","2","2"
"São João da Baliza (RR)","Total","905","803","823","801","777","732","670","744","617","492","434","301","250","183","138","115","47","15","6","4","1"
"São Luiz (RR)","Total","662","682","611","646","551","603","602","639","512","380","332","314","271","201","156","72","41","27","7","5","1"
"Uiramutã (RR)","Total","2541","2292","1942","1520","1066","899","761","667","512","387","307","285","206","119","93","52","67","18","13","2","2"
"Abaetetuba (PA)","Total","12347","12589","12990","13922","14710","14620","13187","12928","11467","9435","7836","6170","4992","4022","2753","1913","1227","640","274","110","56"
"Abel Figueiredo (PA)","Total","512","506","551","524","460","436","428","473","477","343","356","298","254","157","149","108","53","33","10","8","-"
"Acará (PA)","Total","5036","5244","5809","5963","5084","4662","4521","4384","3956","3172","2863","2317","1830","1381","1062","789","515","278","97","46","14"
"Afuá (PA)","Total","4092","4208","4111","3954","3674","3218","2661","2453","2189","1797","1414","1148","915","732","481","345","188","112","53","12","8"
"Água Azul do Norte (PA)","Total","1624","1687","1572","1471","1549","1439","1561","1559","1473","1066","784","651","593","416","293","166","114","49","11","2","-"
"Alenquer (PA)","Total","6683","7325","6984","7175","6082","5338","5442","4844","4443","3494","2829","2310","1971","1658","1131","763","511","245","118","25","6"
"Almeirim (PA)","Total","3418","3433","3495","3385","2990","2774","2537","2401","2252","1834","1516","1234","1061","742","496","318","216","99","50","16","13"
"Altamira (PA)","Total","10426","11332","10462","10759","11043","10953","10437","10443","9635","7619","6354","5180","4036","2926","1992","1257","811","389","172","45","8"
"Anajás (PA)","Total","3294","3202","3212","3308","2772","2361","1965","1868","1522","1223","931","643","567","401","316","209","113","55","37","7","5"
"Ananindeua (PA)","Total","28889","32493","33616","36682","39527","39364","38751","41560","41257","34246","30238","24230","20308","15336","10161","6048","3348","1749","693","202","80"
"Anapu (PA)","Total","3104","3226","3205","3178","2865","2620","2452","2472","2129","1664","1334","1154","860","704","407","241","135","67","29","4","-"
"Augusto Corrêa (PA)","Total","3725","4277","4783","4602","3868","3542","3293","3261","2830","2296","1944","1664","1406","1143","794","532","316","194","73","21","9"
"Aurora do Pará (PA)","Total","2053","2174","2482","2300","2048","1883","1752","1743","1517","1386","1105","958","707","618","419","292","200","77","43","12","5"
"Aveiro (PA)","Total","1927","1944","1766","1764","1519","1447","1234","1217","1077","875","777","766","634","518","330","237","145","75","28","9","1"
"Bagre (PA)","Total","4034","4441","3717","3880","3202","2655","2233","1918","1459","1202","860","673","561","401","264","167","87","67","28","22","21"
"Baião (PA)","Total","3690","4422","4052","4829","5398","4465","4232","4293","3859","2813","2775","1894","1593","1205","966","539","370","134","82","19","11"
"Bannach (PA)","Total","338","335","354","360","335","300","302","316","310","257","215","174","164","105","82","29","29","21","3","2","-"
"Barcarena (PA)","Total","10125","10679","11015","11496","11262","10965","10809","10789","9636","7683","6154","4981","3971","2810","1834","1115","727","351","141","68","39"
"Belém (PA)","Total","70625","80003","84509","93564","104095","100056","97088","103417","107814","94224","87196","75408","65517","50417","36700","24225","14989","8444","3686","1119","307"
"Belterra (PA)","Total","1549","1633","1619","1833","1541","1272","1142","1248","1253","1089","859","767","684","578","415","275","185","104","40","10","3"
"Benevides (PA)","Total","4550","5183","4997","5352","5289","5199","5172","5325","5156","4133","3571","2819","2281","1830","1131","739","452","239","94","36","19"
"Bom Jesus do Tocantins (PA)","Total","1349","1360","1319","1391","1462","1652","1376","1792","1449","994","814","879","964","437","332","202","107","71","36","13","6"
"Bonito (PA)","Total","931","942","1040","1193","1063","1024","1013","1080","966","732","669","556","437","377","239","171","95","58","20","13","3"
"Bragança (PA)","Total","9368","10144","11055","11720","10401","9904","9668","9874","8900","7375","6122","4998","4216","3423","2411","1693","968","531","230","53","28"
"Brasil Novo (PA)","Total","1861","2157","2061","2218","2132","1881","1985","1944","1887","1505","1310","1138","920","665","448","274","188","91","37","15","1"
"Brejo Grande do Araguaia (PA)","Total","550","559","645","641","497","479","440","512","493","425","347","308","272","221","159","118","60","35","17","2","3"
"Breu Branco (PA)","Total","3988","4280","4324","4456","4015","3398","3371","3424","3119","2438","2272","1819","1540","1268","854","557","339","143","75","22","10"
"Breves (PA)","Total","12219","11581","11512","11594","11000","8842","7520","6886","6250","4585","3900","2863","2614","1963","1491","949","593","316","147","78","65"
"Bujaru (PA)","Total","2116","2190","2349","2551","2064","1968","1725","1731","1628","1370","1191","961","738","609","432","352","226","116","43","18","5"
"Cachoeira do Piriá (PA)","Total","1804","1807","2006","2203","1757","1513","1458","1538","1312","962","891","743","607","397","290","183","100","31","21","7","-"
"Cachoeira do Arari (PA)","Total","1962","2193","2226","2156","2152","2098","2018","1813","1588","1280","1114","910","809","601","389","312","192","97","47","10","14"
"Cametá (PA)","Total","11315","11501","12742","13524","13144","11709","10794","10184","8729","7124","5792","4427","3712","3308","2373","1767","1074","601","211","103","50"
"Canaã dos Carajás (PA)","Total","7104","7156","6677","6524","7165","7592","7889","7819","6115","4087","2907","2128","1488","978","631","455","231","88","35","7","3"
"Capanema (PA)","Total","4609","5119","5435","5829","5854","5795","5638","5904","5492","4646","3902","3375","2677","2244","1533","1060","666","396","165","40","15"
"Capitão Poço (PA)","Total","4301","4366","4851","5204","4897","4908","4685","4493","4058","3369","2949","2506","1890","1379","1114","717","464","224","97","26","8"
"Castanhal (PA)","Total","13300","14012","14851","16069","16925","16102","16117","16434","15397","12507","10855","8671","6989","5345","3680","2363","1483","723","305","99","29"
"Chaves (PA)","Total","2316","2290","2318","2239","1905","1636","1488","1381","1199","979","778","629","508","412","298","181","114","46","28","7","5"
"Colares (PA)","Total","932","1072","1134","1174","947","936","984","955","889","729","733","616","511","427","345","228","133","79","29","12","3"
"Conceição do Araguaia (PA)","Total","3226","3359","3576","3678","3574","3340","2911","3112","3203","3015","2666","2387","1966","1689","1205","828","499","243","106","23","11"
"Concórdia do Pará (PA)","Total","2306","2507","2550","2787","2354","2144","2146","2133","1786","1459","1221","967","724","600","478","330","208","106","48","17","10"
"Cumaru do Norte (PA)","Total","1444","1337","1319","1204","1318","1248","1111","1088","972","782","684","580","379","267","152","72","42","29","7","1","-"
"Curionópolis (PA)","Total","1766","1798","1802","1820","1681","1594","1547","1478","1284","1081","835","845","810","630","421","270","174","79","23","8","4"
"Curralinho (PA)","Total","3586","3593","3755","3882","3534","2909","2572","2299","1957","1491","1180","845","685","554","401","315","166","93","30","23","33"
"Curuá (PA)","Total","1312","1304","1417","1557","1217","1107","1049","1059","981","684","572","558","413","346","209","162","104","43","14","7","2"
"Curuçá (PA)","Total","2649","3134","3358","3975","3288","3110","3084","3300","3014","2594","2326","1830","1663","1379","927","727","500","260","100","37","7"
"Dom Eliseu (PA)","Total","4555","5468","5367","5680","5845","4184","4922","5144","4819","3079","2534","1986","1712","1303","916","494","271","133","55","15","2"
"Eldorado do Carajás (PA)","Total","2466","2545","2705","2823","2289","2020","1998","2146","1919","1520","1444","1276","1039","754","565","347","196","98","29","7","6"
"Faro (PA)","Total","820","764","833","984","794","726","603","622","549","463","391","315","262","234","141","91","73","36","18","7","2"
"Floresta do Araguaia (PA)","Total","1466","1468","1527","1604","1465","1475","1390","1350","1365","1107","955","831","611","490","369","194","140","57","27","7","-"
"Garrafão do Norte (PA)","Total","1973","2094","2271","2601","2142","2018","1990","1838","1684","1430","1229","992","735","608","441","299","203","108","38","5","4"
"Goianésia do Pará (PA)","Total","2218","2284","2383","2483","2123","1816","1997","2126","2090","1662","1382","1135","884","742","457","294","160","85","32","5","4"
"Gurupá (PA)","Total","3363","3313","3389","3659","3282","2747","2282","2109","1786","1470","1127","884","752","541","387","323","205","111","38","12","6"
"Igarapé-Açu (PA)","Total","2466","2736","2855","3048","2950","2934","2784","2788","2611","2224","2008","1666","1490","1138","863","557","393","172","78","20","16"
"Igarapé-Miri (PA)","Total","5045","5778","6255","6355","5592","5663","5342","5028","4584","3674","2951","2349","1939","1522","1145","734","444","243","112","42","34"
"Inhangapi (PA)","Total","846","857","905","915","870","831","841","789","680","607","499","441","393","316","198","163","86","47","26","12","3"
"Ipixuna do Pará (PA)","Total","2933","3021","3059","3095","2580","2297","2299","2222","1955","1611","1362","1100","919","766","487","323","164","88","43","4","1"
"Irituia (PA)","Total","2328","2434","2883","2923","2440","2319","2310","2259","2182","1926","1590","1410","1078","975","744","572","320","149","82","22","9"
"Itaituba (PA)","Total","10869","10892","10060","10785","11847","11503","10155","9865","8500","6672","5811","5019","4099","2957","1959","1181","652","331","118","28","11"
"Itupiranga (PA)","Total","4004","4356","4804","4902","4378","3712","3662","4123","3660","2904","2406","1883","1595","1260","953","585","320","155","68","21","3"
"Jacareacanga (PA)","Total","3320","3099","2622","2686","2318","1895","1538","1475","1227","1022","828","686","470","367","232","132","65","39","15","4","2"
"Jacundá (PA)","Total","2893","3148","3447","3528","2828","2662","2712","3008","2989","2375","1976","1664","1420","1109","777","552","346","171","72","23","7"
"Juruti (PA)","Total","5150","5298","5524","5514","4522","4034","3690","3811","3224","2497","1914","1556","1297","1039","729","534","263","177","82","20","6"
"Limoeiro do Ajuru (PA)","Total","2816","2671","2804","3062","3230","2567","2562","2092","1952","1437","1246","931","681","585","357","248","177","85","38","17","11"
"Mãe do Rio (PA)","Total","2576","2902","2878","3271","3136","2898","2786","2636","2504","2105","1722","1321","1044","928","675","478","272","129","72","17","3"
"Magalhães Barata (PA)","Total","549","644","765","700","560","565","564","600","588","509","434","388","374","314","232","150","105","52","14","4","4"
"Marabá (PA)","Total","21413","22679","23000","24479","24047","22629","22477","23265","20124","15586","12613","10511","8597","5913","4018","2451","1555","735","326","86","29"
"Maracanã (PA)","Total","1803","1917","2271","2451","2039","1981","1839","1905","1814","1582","1355","1261","1055","890","698","506","319","169","66","31","19"
"Marapanim (PA)","Total","1736","2058","2111","2089","1926","1930","2051","1974","2047","1764","1537","1267","1179","1040","722","561","339","162","45","17","18"
"Marituba (PA)","Total","7695","8718","8648","9519","9859","9711","9480","9709","9181","7537","6450","4857","3723","2732","1799","1010","666","296","138","38","19"
"Medicilândia (PA)","Total","2365","2314","2468","2424","2296","2062","2090","2074","2048","1629","1370","1225","929","716","473","317","170","80","36","7","1"
"Melgaço (PA)","Total","3655","3519","3571","3516","2850","2198","1789","1636","1325","1032","786","552","458","365","271","162","85","52","26","15","18"
"Mocajuba (PA)","Total","2155","2351","2454","2921","2706","2402","2081","1958","1771","1433","1255","964","752","659","490","351","260","141","61","26","7"
"Moju (PA)","Total","7495","7876","7930","8493","7673","7364","6927","6427","5690","4673","3823","2952","2244","1673","1177","830","480","228","93","33","13"
"Mojuí dos Campos (PA)","Total","1932","1941","2020","2152","1896","1763","1716","1740","1642","1429","1253","1174","928","703","516","320","223","99","37","15","2"
"Monte Alegre (PA)","Total","4824","5171","5153","5761","5006","4780","4182","4320","4245","3680","3044","2567","2230","1843","1328","826","613","266","134","32","7"
"Muaná (PA)","Total","4000","4307","4333","4555","4454","3767","3682","3489","3162","2310","1942","1430","1270","1018","691","414","272","171","62","25","14"
"Nova Esperança do Piriá (PA)","Total","1945","1942","2116","2147","1762","1726","1608","1544","1429","1101","956","652","521","393","294","185","107","30","18","1","1"
"Nova Ipixuna (PA)","Total","1130","1173","1160","1273","1078","968","966","1093","1027","895","751","670","592","419","336","233","100","58","19","9","5"
"Nova Timboteua (PA)","Total","731","845","975","1026","895","866","981","1030","988","910","784","694","602","510","380","277","173","93","29","15","2"
"Novo Progresso (PA)","Total","3077","3021","2774","2867","2920","2996","2836","2846","2453","1966","1719","1465","1127","735","425","230","112","42","21","4","2"
"Novo Repartimento (PA)","Total","5431","5506","5958","6033","5287","4899","4597","4622","4244","3304","2718","2437","1943","1407","1043","666","371","167","77","18","4"
"Óbidos (PA)","Total","4741","4735","5147","5278","4273","3830","3567","3645","3657","3022","2458","2066","1681","1428","1012","812","527","250","73","19","8"
"Oeiras do Pará (PA)","Total","3406","3473","3816","3700","3338","2782","2533","2279","2056","1637","1299","995","762","610","435","341","211","80","33","24","34"
"Oriximiná (PA)","Total","6836","6396","6865","7155","6023","5137","4600","4975","4664","3721","2959","2466","1987","1597","1133","868","518","235","124","28","7"
"Ourém (PA)","Total","1282","1420","1564","1639","1451","1372","1396","1409","1300","1095","978","775","661","530","369","276","199","94","32","9","4"
"Ourilândia do Norte (PA)","Total","2951","3071","3000","2908","2603","2683","2674","2770","2322","1856","1609","1263","989","683","502","265","210","73","28","5","2"
"Pacajá (PA)","Total","3849","3859","3909","3822","3579","3336","3138","3267","2914","2235","1930","1556","1277","908","655","405","270","122","49","11","6"
"Palestina do Pará (PA)","Total","564","583","606","655","518","482","505","495","470","427","369","308","254","225","184","112","64","42","13","6","3"
"Paragominas (PA)","Total","8643","8795","9368","10058","9678","9029","9042","9182","8130","6128","5033","3894","3037","2272","1434","897","536","263","88","28","15"
"Parauapebas (PA)","Total","23680","23634","23360","23550","24257","24563","26250","27330","22357","14737","11032","8239","5738","3918","2355","1342","855","440","145","39","15"
"Pau D'Arco (PA)","Total","575","586","620","550","503","507","457","539","480","433","401","350","309","234","175","110","60","28","13","1","-"
"Peixe-Boi (PA)","Total","498","567","655","696","594","533","574","685","698","549","436","474","421","340","219","146","103","69","18","9","1"
"Piçarra (PA)","Total","1151","1099","1140","1124","1067","942","961","977","945","831","744","521","424","330","269","152","94","35","17","8","1"
"Placas (PA)","Total","1639","1616","1647","1816","1530","1464","1437","1492","1314","1030","929","896","687","435","330","211","109","63","16","5","2"
"Ponta de Pedras (PA)","Total","2001","2077","2359","2550","2153","2027","1961","1969","1737","1407","1248","981","822","641","418","273","161","106","68","18","7"
"Portel (PA)","Total","7266","6808","7111","7440","6530","5406","4137","4037","3446","2810","1953","1484","1258","1033","712","508","292","144","63","36","29"
"Porto de Moz (PA)","Total","4138","4356","4075","4556","4179","3443","3304","3015","2628","1926","1524","1054","805","551","387","292","210","91","41","11","11"
"Prainha (PA)","Total","3506","3486","3624","3705","3366","3082","2634","2511","2225","1886","1404","1262","980","722","478","329","225","107","36","8","1"
"Primavera (PA)","Total","795","841","872","946","792","804","793","845","837","684","573","519","431","358","296","225","135","62","32","4","7"
"Quatipuru (PA)","Total","847","882","973","1039","877","766","754","885","864","755","668","585","531","386","273","197","131","70","26","7","8"
"Redenção (PA)","Total","6917","7071","6876","7118","7461","7480","6940","7101","6523","5329","4519","3812","2844","2191","1452","948","584","303","107","19","2"
"Rio Maria (PA)","Total","1347","1383","1414","1584","1462","1456","1365","1378","1393","1232","1106","940","719","576","439","295","176","82","29","6","2"
"Rondon do Pará (PA)","Total","3042","3321","3806","4609","4945","4423","4560","5209","4445","2852","2760","3021","2736","1302","914","541","381","185","68","18","5"
"Rurópolis (PA)","Total","2897","3855","3428","3275","3275","2524","2942","2540","2490","1762","1696","1271","1270","968","729","426","254","111","46","7","3"
"Salinópolis (PA)","Total","3268","3380","3564","3914","3924","3638","3686","3740","3488","2824","2435","1896","1582","1265","911","613","384","170","55","27","8"
"Salvaterra (PA)","Total","1889","1958","2081","2107","2016","2043","2009","1824","1631","1512","1316","1009","876","659","480","350","203","111","37","11","7"
"Santa Bárbara do Pará (PA)","Total","1516","1672","1876","1787","1648","1523","1649","1649","1612","1415","1275","1005","772","617","457","292","193","76","34","11","8"
"Santa Cruz do Arari (PA)","Total","532","605","604","988","721","587","588","533","490","423","351","313","223","190","145","79","45","20","6","2","-"
"Santa Izabel do Pará (PA)","Total","5029","5192","5112","5549","6983","7495","6933","6548","5788","4447","3766","2940","2380","1783","1312","823","521","282","86","33","17"
"Santa Luzia do Pará (PA)","Total","1539","1611","1826","2050","1746","1568","1542","1552","1421","1223","1024","868","719","586","423","309","205","98","40","15","5"
"Santa Maria das Barreiras (PA)","Total","1381","1388","1444","1478","1188","1199","1151","1241","1202","1065","964","927","665","523","354","208","102","50","14","4","-"
"Santa Maria do Pará (PA)","Total","1783","1712","1848","2058","1974","2026","1931","1938","1808","1689","1498","1282","993","774","518","350","256","113","55","14","4"
"Santana do Araguaia (PA)","Total","2972","2840","2888","2815","2706","2558","2413","2486","2370","1973","1613","1466","1171","908","595","319","194","77","35","9","5"
"Santarém (PA)","Total","26411","28277","29058","30636","30097","28401","25386","25806","23571","19264","16134","13497","11441","8837","6179","4206","2599","1387","570","156","29"
"Santarém Novo (PA)","Total","455","459","482","560","477","466","477","445","463","389","330","287","235","185","168","108","75","33","14","5","3"
"Santo Antônio do Tauá (PA)","Total","2042","2232","2346","2348","2079","2138","2115","2106","2087","1785","1495","1204","1091","897","608","439","266","117","36","15","15"
"São Caetano de Odivelas (PA)","Total","1156","1255","1356","1421","1227","1272","1266","1308","1262","1026","984","760","697","655","394","295","187","90","38","9","8"
"São Domingos do Araguaia (PA)","Total","1716","1737","1928","2072","1741","1549","1470","1631","1510","1247","1015","935","716","610","483","336","218","120","46","9","3"
"São Domingos do Capim (PA)","Total","2491","2841","3368","3408","2642","2356","2063","2117","1955","1742","1367","1147","851","745","576","456","287","110","59","12","6"
"São Félix do Xingu (PA)","Total","5482","5599","5744","5729","5795","5170","5306","5861","4919","3966","3459","2958","2039","1455","874","540","318","145","42","14","3"
"São Francisco do Pará (PA)","Total","1046","1056","1218","1258","1155","1038","1132","1156","1148","910","840","787","671","552","365","244","184","79","35","18","2"
"São Geraldo do Araguaia (PA)","Total","2145","2126","2152","2075","2061","1901","1751","1856","1729","1476","1207","1060","837","670","486","328","200","123","52","17","3"
"São João da Ponta (PA)","Total","342","344","406","375","311","295","312","297","296","269","261","205","228","178","115","93","52","30","11","9","1"
"São João de Pirabas (PA)","Total","1551","1626","1808","1851","1531","1552","1533","1580","1513","1287","1100","891","842","700","499","408","226","104","61","13","13"
"São João do Araguaia (PA)","Total","1161","1242","1293","1259","945","965","917","967","935","807","724","685","585","496","287","198","123","52","16","3","4"
"São Miguel do Guamá (PA)","Total","4298","4504","4729","5166","4615","4245","4055","4113","3743","3186","2556","2111","1668","1320","1062","746","452","198","72","44","11"
"São Sebastião da Boa Vista (PA)","Total","2414","2414","2603","2601","2437","2313","2065","2000","1568","1284","1048","796","669","509","343","267","183","81","25","11","12"
"Sapucaia (PA)","Total","477","544","555","531","544","515","447","415","439","314","305","234","186","137","95","51","32","19","5","2","-"
"Senador José Porfírio (PA)","Total","2163","2229","2365","2191","1904","1694","1698","1724","1603","1409","1017","911","664","467","289","128","72","28","13","1","6"
"Soure (PA)","Total","1758","1982","2073","2133","1983","2063","1762","1889","1706","1431","1320","1117","946","779","467","363","218","135","57","12","10"
"Tailândia (PA)","Total","6430","7049","7045","7490","7009","6587","6112","5993","5057","3844","2882","2263","1645","1255","781","530","293","140","65","13","10"
"Terra Alta (PA)","Total","787","837","902","868","789","777","740","797","758","675","576","497","416","323","262","176","126","58","25","9","2"
"Terra Santa (PA)","Total","1677","1775","1695","1660","1582","1595","1554","1494","1340","1026","849","666","565","484","322","251","134","68","33","7","5"
"Tomé-Açu (PA)","Total","6321","6478","6614","6416","6032","5826","5484","5098","4775","3653","2995","2207","1711","1410","1046","707","434","253","92","23","10"
"Tracuateua (PA)","Total","2082","2430","2683","2795","2193","2027","2207","2206","2060","1749","1398","1267","1137","870","599","421","239","152","53","24","3"
"Trairão (PA)","Total","1428","1391","1339","1409","1333","1252","1181","1209","1128","842","719","582","482","403","253","152","83","34","16","4","2"
"Tucumã (PA)","Total","3453","3306","3354","3254","3586","3317","3365","3323","3031","2361","1878","1542","1320","948","680","481","215","99","27","8","2"
"Tucuruí (PA)","Total","6971","7755","7893","8578","8241","7383","6999","7173","6713","5539","4476","3913","3320","2553","1695","983","640","307","125","38","11"
"Ulianópolis (PA)","Total","2789","3395","2583","3277","3767","3360","3671","3774","3287","1961","1774","1303","1482","693","479","210","95","45","15","9","3"
"Uruará (PA)","Total","3864","3842","3914","3961","3725","3613","3417","3474","3136","2491","2093","1855","1432","1029","733","490","289","143","45","9","3"
"Vigia (PA)","Total","3502","3811","4085","4237","4057","4019","4203","4232","3963","3179","2796","2258","1944","1681","1190","812","474","225","107","34","23"
"Viseu (PA)","Total","5098","5714","6509","6535","4977","4368","4210","4239","3693","2899","2386","2140","1906","1479","1030","681","451","219","120","29","9"
"Vitória do Xingu (PA)","Total","1316","1510","1514","1431","1287","1296","1214","1155","1130","871","755","638","484","376","289","171","94","47","20","7","2"
"Xinguara (PA)","Total","4341","4381","4284","4520","4861","4537","4487","4397","3954","3217","2646","2176","1703","1259","950","553","356","180","64","19","8"
"Serra do Navio (AP)","Total","487","412","402","468","407","400","391","377","333","262","225","173","134","87","47","30","14","8","10","4","2"
"Amapá (AP)","Total","852","777","767","732","750","604","533","597","483","408","376","316","259","165","120","103","57","28","13","3","-"
"Pedra Branca do Amapari (AP)","Total","1675","1472","1404","1263","1140","1005","919","981","794","591","471","390","256","201","150","57","40","21","9","5","3"
"Calçoene (AP)","Total","1152","1048","1026","998","928","828","771","718","694","576","516","461","357","218","141","87","60","21","9","-","3"
"Cutias (AP)","Total","503","477","477","477","381","349","330","290","263","217","174","150","129","89","70","38","19","18","4","2","4"
"Ferreira Gomes (AP)","Total","682","786","698","629","539","504","463","450","418","386","320","234","187","148","96","63","37","18","2","3","3"
"Itaubal (AP)","Total","675","597","616","594","465","423","357","398","382","244","220","181","169","108","70","58","25","13","3","1","-"
"Laranjal do Jari (AP)","Total","3076","3257","3380","3471","3248","2793","2519","2515","2346","2012","1803","1523","1171","848","479","339","172","102","43","10","7"
"Macapá (AP)","Total","36948","38551","37375","39023","42092","39558","36284","35969","32558","26874","22425","17105","13424","9736","6226","4090","2452","1384","583","179","97"
"Mazagão (AP)","Total","2400","2325","2284","2476","2122","1790","1492","1394","1326","1067","835","690","598","418","280","202","114","68","28","10","5"
"Oiapoque (AP)","Total","2924","2900","2794","2746","2632","2377","2181","1969","1757","1466","1154","972","665","419","270","135","73","30","11","2","5"
"Porto Grande (AP)","Total","1802","1782","1816","1756","1512","1345","1286","1249","1247","985","832","689","572","377","273","167","94","43","17","3","1"
"Pracuúba (AP)","Total","438","430","466","394","347","221","254","271","233","166","168","119","97","77","60","26","23","8","4","1","-"
"Santana (AP)","Total","9384","9660","9246","10104","10696","9428","8840","8342","7535","6235","5050","3760","3073","2328","1548","1068","715","389","144","44","29"
"Tartarugalzinho (AP)","Total","1476","1494","1484","1344","1030","884","939","848","717","654","558","454","366","292","207","104","53","22","13","4","2"
"Vitória do Jari (AP)","Total","1192","1196","1111","1153","1099","910","804","745","727","587","470","399","306","205","161","95","75","40","10","4","2"
"Abreulândia (TO)","Total","196","195","206","216","168","158","158","190","209","185","152","154","124","102","69","46","35","5","7","1","-"
"Aguiarnópolis (TO)","Total","342","376","367","439","362","313","347","359","355","263","201","208","150","141","103","77","51","27","10","6","-"
"Aliança do Tocantins (TO)","Total","320","368","368","392","389","335","305","342","381","391","330","302","256","226","184","120","66","36","26","9","1"
"Almas (TO)","Total","527","532","632","546","499","465","421","460","415","383","354","340","264","226","143","136","86","48","18","4","-"
"Alvorada (TO)","Total","615","637","618","713","729","622","623","685","713","602","538","458","361","289","233","179","111","50","17","9","-"
"Ananás (TO)","Total","779","815","860","925","830","790","772","734","753","618","586","499","397","302","246","212","124","49","27","5","2"
"Angico (TO)","Total","182","244","243","254","180","184","207","207","214","180","159","185","129","106","75","55","34","27","7","3","1"
"Aparecida do Rio Negro (TO)","Total","360","381","408","425","318","307","339","374","364","313","260","260","205","184","127","110","66","30","18","6","1"
"Aragominas (TO)","Total","341","377","451","412","304","322","358","370","427","381","339","334","268","222","171","123","49","32","5","3","1"
"Araguacema (TO)","Total","448","481","465","473","390","360","416","411","437","337","381","356","297","257","173","121","66","39","11","4","4"
"Araguaçu (TO)","Total","552","553","485","540","542","547","480","562","624","617","575","513","402","391","294","190","124","95","29","18","-"
"Araguaína (TO)","Total","13143","13225","13033","14072","15583","14744","14079","14134","13185","11054","8978","7555","5798","4363","3359","2216","1529","790","321","113","27"
"Araguanã (TO)","Total","346","392","320","388","308","310","304","291","277","292","252","254","171","134","108","88","41","18","13","2","1"
"Araguatins (TO)","Total","2542","2472","2708","3168","2816","2183","2142","2354","2383","1887","1597","1521","1208","1006","758","509","342","209","81","25","7"
"Arapoema (TO)","Total","402","406","419","442","454","372","340","414","473","374","350","281","251","210","134","108","65","40","15","-","-"
"Arraias (TO)","Total","678","755","781","809","743","748","715","720","748","647","607","552","479","472","310","209","161","88","42","12","11"
"Augustinópolis (TO)","Total","1420","1397","1498","1638","1553","1335","1364","1412","1269","974","807","700","626","528","386","260","192","69","35","16","5"
"Aurora do Tocantins (TO)","Total","186","197","257","273","195","196","177","276","254","297","231","213","159","149","98","91","53","26","9","3","2"
"Axixá do Tocantins (TO)","Total","1044","886","946","1035","890","664","713","710","725","525","458","431","322","291","242","184","111","61","15","7","2"
"Babaçulândia (TO)","Total","492","572","604","609","477","473","465","558","585","524","492","541","418","355","290","203","107","72","29","11","3"
"Bandeirantes do Tocantins (TO)","Total","293","249","262","298","317","221","266","268","264","263","168","150","116","89","73","49","36","16","7","1","1"
"Barra do Ouro (TO)","Total","383","382","401","467","362","317","290","321","295","256","206","207","164","149","100","94","45","16","12","7","2"
"Barrolândia (TO)","Total","303","341","360","365","344","297","315","351","372","313","352","326","266","191","140","98","58","31","19","3","1"
"Bernardo Sayão (TO)","Total","296","330","344","307","291","299","295","292","334","302","275","267","195","140","96","83","57","19","4","2","1"
"Bom Jesus do Tocantins (TO)","Total","367","377","338","347","332","316","308","314","252","239","201","161","169","112","81","52","36","19","15","2","-"
"Brasilândia do Tocantins (TO)","Total","130","157","188","156","142","115","134","131","151","143","126","107","90","73","50","36","27","9","7","2","-"
"Brejinho de Nazaré (TO)","Total","315","352","385","344","279","283","345","325","314","319","321","288","235","219","142","118","72","42","21","5","1"
"Buriti do Tocantins (TO)","Total","832","908","902","907","925","727","812","715","704","555","474","448","401","350","275","186","112","54","16","2","2"
"Cachoeirinha (TO)","Total","172","140","185","159","152","122","133","117","143","125","114","112","81","64","55","30","25","18","10","3","1"
"Campos Lindos (TO)","Total","876","875","859","900","805","729","618","608","516","436","318","318","253","215","138","97","38","32","13","7","2"
"Cariri do Tocantins (TO)","Total","259","287","262","278","310","362","338","329","301","267","226","216","182","120","106","69","54","24","12","3","2"
"Carmolândia (TO)","Total","179","172","170","196","158","155","131","134","172","143","134","121","112","79","62","48","21","12","2","-","-"
"Carrasco Bonito (TO)","Total","293","286","325","316","261","236","249","249","215","161","173","127","137","95","89","49","26","22","5","4","-"
"Caseara (TO)","Total","403","384","377","424","371","326","331","362","366","305","276","263","207","167","130","81","46","20","5","2","1"
"Centenário (TO)","Total","119","165","140","214","135","106","147","161","155","139","134","147","115","86","69","52","30","10","4","1","2"
"Chapada de Areia (TO)","Total","110","108","122","107","84","76","73","131","105","92","103","87","86","81","53","49","22","8","4","-","-"
"Chapada da Natividade (TO)","Total","225","261","240","285","181","227","215","199","212","188","209","203","134","117","79","61","47","19","12","2","1"
"Colinas do Tocantins (TO)","Total","2682","2710","2661","2944","2895","2793","2700","2702","2569","2189","1879","1569","1147","945","730","512","327","174","78","24","3"
"Combinado (TO)","Total","309","337","353","414","324","315","330","427","407","338","322","261","198","159","107","72","51","18","8","4","2"
"Conceição do Tocantins (TO)","Total","308","300","348","300","305","280","255","249","238","229","238","227","168","150","101","92","67","21","8","3","-"
"Couto Magalhães (TO)","Total","398","457","401","449","353","330","358","422","359","328","334","300","255","238","147","104","53","26","15","3","1"
"Cristalândia (TO)","Total","407","413","462","453","354","355","390","451","481","512","444","423","363","331","220","111","89","74","24","13","1"
"Crixás do Tocantins (TO)","Total","91","122","105","106","99","90","99","98","122","117","92","84","84","62","47","30","18","2","2","-","-"
"Darcinópolis (TO)","Total","488","462","511","527","465","394","413","468","437","360","321","271","214","197","108","82","63","30","15","1","-"
"Dianópolis (TO)","Total","1413","1396","1432","1506","1471","1362","1325","1460","1336","1070","887","816","693","562","378","265","189","98","56","21","3"
"Divinópolis do Tocantins (TO)","Total","509","501","525","551","466","475","481","522","536","458","429","414","350","287","234","126","95","41","17","6","1"
"Dois Irmãos do Tocantins (TO)","Total","416","438","490","454","379","360","361","478","506","464","424","408","331","285","220","138","85","56","21","10","3"
"Dueré (TO)","Total","300","276","287","313","268","285","281","291","318","287","301","272","218","199","139","106","60","31","10","5","1"
"Esperantina (TO)","Total","592","684","700","770","614","487","529","530","472","395","341","352","340","270","174","124","88","49","14","4","1"
"Fátima (TO)","Total","248","255","262","283","252","232","192","264","266","245","202","202","171","141","95","70","41","23","19","3","1"
"Figueirópolis (TO)","Total","326","354","369","345","353","325","339","357","366","416","342","345","280","240","172","122","89","44","21","6","-"
"Filadélfia (TO)","Total","566","564","607","607","541","465","453","554","531","502","485","437","413","300","236","206","146","55","33","9","2"
"Formoso do Araguaia (TO)","Total","1421","1356","1465","1585","1378","1286","1298","1412","1432","1360","1172","1043","846","629","528","298","211","104","43","12","2"
"Tabocão (TO)","Total","271","291","282","301","289","274","241","267","261","207","180","171","132","117","60","47","33","17","12","-","2"
"Goianorte (TO)","Total","319","324","327","407","326","319","337","344","348","344","335","277","225","163","162","86","54","27","10","4","-"
"Goiatins (TO)","Total","1215","1288","1219","1213","988","816","793","802","798","592","618","551","417","406","267","194","134","67","38","6","11"
"Guaraí (TO)","Total","1670","1691","1831","1977","1998","1880","1732","1987","1911","1787","1509","1320","1034","818","695","445","255","153","51","24","7"
"Gurupi (TO)","Total","5840","5966","6034","6447","7108","6942","6862","6921","6926","6000","5089","4251","3391","2542","2014","1299","796","397","236","48","16"
"Ipueiras (TO)","Total","96","120","139","151","77","76","82","122","123","133","99","86","77","82","62","31","19","6","7","1","1"
"Itacajá (TO)","Total","557","631","623","588","496","457","375","467","473","383","390","336","274","228","221","118","115","55","15","9","8"
"Itaguatins (TO)","Total","382","379","421","456","311","315","357","375","374","297","322","304","280","202","152","109","72","40","19","5","-"
"Itapiratins (TO)","Total","268","263","292","287","255","246","246","255","265","254","212","173","160","139","101","73","53","25","8","1","1"
"Itaporã do Tocantins (TO)","Total","162","174","187","195","168","162","151","197","203","153","157","136","102","77","70","51","36","15","8","-","-"
"Jaú do Tocantins (TO)","Total","203","224","265","269","162","187","200","234","241","233","244","221","191","164","112","86","62","26","8","1","1"
"Juarina (TO)","Total","170","192","169","183","151","156","125","169","168","142","137","124","122","95","57","39","22","14","7","1","-"
"Lagoa da Confusão (TO)","Total","1483","1352","1342","1381","1311","1282","1187","1218","1082","931","771","656","475","311","190","146","97","49","19","5","-"
"Lagoa do Tocantins (TO)","Total","317","338","364","360","277","231","199","225","228","187","184","152","150","111","74","59","30","19","11","-","-"
"Lajeado (TO)","Total","258","274","289","253","219","228","252","248","267","218","179","166","159","146","95","51","27","20","5","3","-"
"Lavandeira (TO)","Total","116","118","136","138","105","91","87","113","139","133","87","102","82","69","51","20","24","8","4","2","1"
"Lizarda (TO)","Total","240","223","274","283","191","165","199","184","169","162","169","179","192","126","94","63","48","24","10","-","4"
"Luzinópolis (TO)","Total","213","205","273","239","162","181","206","210","225","174","113","123","124","87","68","56","34","18","2","2","2"
"Marianópolis do Tocantins (TO)","Total","343","356","393","370","370","320","333","326","347","330","285","230","202","161","103","76","40","18","8","3","1"
"Mateiros (TO)","Total","232","209","279","255","271","223","211","225","199","159","130","117","84","59","37","32","12","7","3","3","1"
"Maurilândia do Tocantins (TO)","Total","253","280","288","281","244","180","227","210","192","207","158","140","139","107","69","60","34","12","8","4","2"
"Miracema do Tocantins (TO)","Total","1233","1325","1377","1587","1411","1285","1229","1405","1430","1278","1140","1017","870","705","478","317","235","140","70","25","9"
"Miranorte (TO)","Total","877","870","956","1033","921","892","862","1027","975","870","791","670","612","457","345","220","168","105","36","10","4"
"Monte do Carmo (TO)","Total","412","449","473","416","314","375","372","394","409","380","346","326","336","246","184","116","91","33","16","5","1"
"Monte Santo do Tocantins (TO)","Total","142","188","191","164","142","139","121","181","167","164","172","179","128","104","85","64","33","21","8","3","-"
"Palmeiras do Tocantins (TO)","Total","344","395","413","404","332","371","356","363","322","297","290","251","219","167","134","95","61","36","17","4","1"
"Muricilândia (TO)","Total","262","281","267","292","250","214","238","249","244","229","178","175","147","102","106","64","40","18","9","2","-"
"Natividade (TO)","Total","659","606","657","662","622","623","667","692","628","530","503","516","414","297","266","172","123","64","34","16","3"
"Nazaré (TO)","Total","309","304","386","389","290","260","319","336","333","288","253","266","211","162","153","116","76","37","20","12","1"
"Nova Olinda (TO)","Total","769","856","911","872","753","760","713","735","728","645","589","542","419","372","286","178","133","66","29","9","2"
"Nova Rosalândia (TO)","Total","240","249","251","250","218","206","246","236","239","217","178","213","186","157","117","62","53","24","12","6","2"
"Novo Acordo (TO)","Total","319","343","351","360","276","254","275","305","266","227","228","201","162","142","97","76","42","30","10","4","1"
"Novo Alegre (TO)","Total","95","106","160","137","86","92","117","140","157","151","142","120","92","80","70","50","26","14","11","-","-"
"Novo Jardim (TO)","Total","187","186","194","203","168","157","148","163","157","143","121","108","76","78","59","43","25","8","4","1","1"
"Oliveira de Fátima (TO)","Total","96","99","113","88","76","69","74","102","90","83","67","45","49","41","27","26","14","4","-","-","1"
"Palmeirante (TO)","Total","337","340","408","412","318","310","328","312","347","345","295","299","244","203","138","73","46","31","11","-","1"
"Palmeirópolis (TO)","Total","453","456","498","551","484","461","430","561","594","458","469","406","324","262","228","152","108","51","19","6","4"
"Paraíso do Tocantins (TO)","Total","3850","3972","3802","4219","4364","4131","4127","4241","4119","3576","3104","2518","2023","1449","1168","794","493","247","121","35","7"
"Paranã (TO)","Total","755","797","888","894","679","686","697","785","757","671","635","550","489","425","301","226","154","91","39","14","9"
"Pau D'Arco (TO)","Total","332","334","345","271","302","296","288","276","288","250","275","233","182","130","96","67","52","18","6","2","-"
"Pedro Afonso (TO)","Total","1111","1144","1104","1188","1160","1130","1102","1152","1118","953","659","606","506","359","313","189","133","75","30","17","6"
"Peixe (TO)","Total","644","646","652","681","588","544","563","674","699","692","618","607","512","438","307","217","125","72","26","9","3"
"Pequizeiro (TO)","Total","316","351","401","397","347","322","325","351","369","372","352","309","222","162","117","104","62","29","7","3","3"
"Colméia (TO)","Total","609","592","610","695","694","575","589","676","654","627","619","517","429","362","302","172","135","63","18","2","1"
"Pindorama do Tocantins (TO)","Total","315","361","384","408","307","264","262","304","284","292","265","286","214","189","140","100","51","32","15","3","2"
"Piraquê (TO)","Total","175","178","158","175","130","130","153","163","180","148","167","159","115","96","75","42","27","6","4","1","-"
"Pium (TO)","Total","604","606","604","558","493","445","489","510","529","449","409","403","323","244","195","106","89","48","17","4","3"
"Ponte Alta do Bom Jesus (TO)","Total","256","304","316","323","242","296","241","302","295","311","266","254","231","203","155","97","69","34","16","6","3"
"Ponte Alta do Tocantins (TO)","Total","590","639","641","663","531","500","513","532","530","456","423","421","366","263","207","151","86","47","21","5","1"
"Porto Alegre do Tocantins (TO)","Total","231","256","258","257","205","199","214","206","181","185","144","140","107","101","64","52","42","20","4","-","-"
"Porto Nacional (TO)","Total","5066","5292","5206","5066","4758","5039","5325","5384","4897","4144","3503","3038","2325","1863","1369","901","704","340","125","60","13"
"Praia Norte (TO)","Total","736","899","939","993","764","578","733","731","603","454","339","327","272","247","191","127","72","27","7","5","-"
"Presidente Kennedy (TO)","Total","194","227","204","226","237","193","205","192","230","233","206","198","142","110","87","72","54","22","11","2","2"
"Pugmil (TO)","Total","143","177","178","185","162","162","134","152","145","156","147","123","106","79","58","41","28","9","6","-","2"
"Recursolândia (TO)","Total","290","274","341","323","265","213","231","230","251","207","165","171","150","116","75","58","36","16","6","1","2"
"Riachinho (TO)","Total","281","325","338","344","288","246","281","277","305","250","209","205","201","136","103","74","54","28","11","3","1"
"Rio da Conceição (TO)","Total","147","187","143","166","133","137","145","129","119","104","81","64","69","51","37","27","15","8","6","-","-"
"Rio dos Bois (TO)","Total","215","199","226","228","178","184","190","193","208","165","161","165","130","112","82","51","28","10","7","2","4"
"Rio Sono (TO)","Total","376","364","378","397","304","254","254","335","323","329","312","299","284","195","169","109","84","55","13","6","1"
"Sampaio (TO)","Total","353","379","393","457","340","304","263","297","265","240","233","210","151","128","73","55","52","11","9","1","1"
"Sandolândia (TO)","Total","258","258","324","311","240","196","218","295","303","279","223","221","176","154","118","82","34","21","5","6","1"
"Santa Fé do Araguaia (TO)","Total","616","602","606","651","589","520","548","515","520","433","388","335","292","222","155","99","81","29","11","3","1"
"Santa Maria do Tocantins (TO)","Total","215","205","245","207","160","178","199","189","167","161","159","176","124","104","79","57","27","17","7","3","1"
"Santa Rita do Tocantins (TO)","Total","159","165","152","168","140","186","134","139","202","172","134","124","121","89","44","54","25","9","2","-","-"
"Santa Rosa do Tocantins (TO)","Total","372","382","388","397","335","329","333","358","313","262","261","219","206","164","115","99","62","29","21","8","-"
"Santa Tereza do Tocantins (TO)","Total","279","255","257","232","178","217","174","175","174","169","141","141","116","93","64","47","39","21","5","2","2"
"Santa Terezinha do Tocantins (TO)","Total","157","213","214","204","143","167","166","171","177","138","144","126","110","85","70","53","34","22","10","1","1"
"São Bento do Tocantins (TO)","Total","469","508","474","545","439","378","386","435","400","351","291","249","223","169","134","99","62","31","8","3","-"
"São Félix do Tocantins (TO)","Total","163","150","186","204","134","120","137","122","114","95","84","78","71","47","27","19","15","13","2","2","-"
"São Miguel do Tocantins (TO)","Total","1071","1187","1105","1186","1073","1005","956","1036","1016","784","641","558","505","399","314","194","117","56","24","12","2"
"São Salvador do Tocantins (TO)","Total","184","182","181","170","136","141","165","172","171","149","136","146","129","122","80","62","32","16","6","3","2"
"São Sebastião do Tocantins (TO)","Total","327","354","387","414","291","261","272","337","314","245","208","194","156","133","88","49","37","22","8","2","1"
"São Valério (TO)","Total","283","355","322","314","239","259","297","334","318","300","288","268","232","208","181","100","59","37","23","4","1"
"Silvanópolis (TO)","Total","380","416","452","439","331","318","344","375","358","316","320","232","228","184","160","107","77","35","26","8","2"
"Sítio Novo do Tocantins (TO)","Total","793","954","871","990","835","817","837","871","745","604","529","518","415","404","252","178","114","63","32","6","2"
"Sucupira (TO)","Total","100","120","126","122","121","82","99","120","142","115","90","75","62","75","56","35","17","16","2","2","-"
"Taguatinga (TO)","Total","893","1001","1035","1148","1084","971","917","1106","1088","951","835","744","675","534","378","302","192","91","45","13","8"
"Taipas do Tocantins (TO)","Total","175","167","161","157","131","129","129","166","155","120","120","93","89","77","54","36","27","22","11","1","1"
"Talismã (TO)","Total","165","179","165","165","150","149","168","199","204","178","140","188","138","99","64","52","29","19","4","-","1"
"Palmas (TO)","Total","22841","22977","22639","24274","29250","28924","26854","26703","25202","20207","15694","12211","8890","6312","4228","2692","1586","791","303","88","26"
"Tocantínia (TO)","Total","872","885","818","699","580","560","513","465","413","360","258","274","262","165","118","90","74","27","17","7","2"
"Tocantinópolis (TO)","Total","1808","1949","1908","1882","1776","1750","1667","1762","1645","1290","1176","1011","852","707","549","348","257","175","75","23","5"
"Tupirama (TO)","Total","144","153","157","131","134","146","133","155","135","132","119","103","84","73","52","28","18","9","1","2","-"
"Tupiratins (TO)","Total","123","125","157","141","116","112","100","119","144","130","130","138","105","92","55","36","29","9","11","2","-"
"Wanderlândia (TO)","Total","853","828","900","952","808","654","647","805","799","685","577","551","410","372","305","169","99","72","30","6","-"
"Xambioá (TO)","Total","808","802","838","856","751","804","801","797","799","663","639","576","437","307","225","176","132","62","31","9","4"
"Açailândia (MA)","Total","8181","8605","8805","9894","8940","8308","8448","8928","8271","6525","5424","4855","3643","2768","2062","1345","891","420","165","48","24"
"Afonso Cunha (MA)","Total","566","636","631","668","491","476","423","421","374","321","238","247","211","157","118","55","60","27","13","8","3"
"Água Doce do Maranhão (MA)","Total","933","928","1043","1163","948","892","897","919","863","749","639","592","400","371","300","222","152","68","52","6","5"
"Alcântara (MA)","Total","1202","1315","1591","1683","1335","1163","1262","1453","1405","1108","1059","1009","864","707","510","345","263","123","55","7","8"
"Aldeias Altas (MA)","Total","2161","2154","2557","2501","1903","1563","1621","1674","1445","1158","946","984","852","629","470","310","194","80","57","18","9"
"Altamira do Maranhão (MA)","Total","506","483","507","588","531","438","460","473","490","372","368","338","288","188","163","113","65","39","15","15","7"
"Alto Alegre do Maranhão (MA)","Total","1966","2008","2291","2425","2064","1754","1800","1874","1636","1269","1113","1021","881","672","488","329","247","124","44","28","14"
"Alto Alegre do Pindaré (MA)","Total","2214","2332","2638","2705","2001","1729","1699","1896","1773","1372","1178","1017","894","744","631","415","258","145","45","20","4"
"Alto Parnaíba (MA)","Total","886","930","1017","1077","943","880","879","840","680","563","496","494","447","371","254","169","97","47","26","9","4"
"Amapá do Maranhão (MA)","Total","645","669","741","747","675","548","547","524","465","361","279","252","234","157","130","103","58","22","8","4","1"
"Amarante do Maranhão (MA)","Total","3797","3738","3964","3885","3188","2491","2500","2556","2328","1876","1587","1395","1093","879","713","491","344","149","65","32","14"
"Anajatuba (MA)","Total","1752","1987","2117","2029","2011","1870","1953","2125","1939","1525","1258","1173","978","839","632","471","350","186","87","24","16"
"Anapurus (MA)","Total","1099","1115","1245","1442","1220","1044","1076","1089","938","774","622","574","463","380","298","191","113","61","32","15","2"
"Apicum-Açu (MA)","Total","1392","1497","1545","1634","1551","1487","1397","1482","1166","964","842","725","582","467","319","207","150","74","28","9","1"
"Araguanã (MA)","Total","896","961","1058","1090","955","779","754","880","769","599","537","504","373","348","273","182","115","61","36","8","3"
"Araioses (MA)","Total","2819","3006","3374","3573","3051","2695","2984","3086","2789","2370","1947","1863","1474","1281","1006","744","537","286","121","34","12"
"Arame (MA)","Total","2395","2464","2751","2842","2256","1787","1750","1767","1625","1326","1046","940","744","617","475","349","219","101","33","22","8"
"Arari (MA)","Total","2131","2236","2363","2613","2394","2203","2229","2347","2240","1806","1566","1336","1168","970","749","445","361","199","86","22","8"
"Axixá (MA)","Total","800","1001","1006","1203","983","903","876","917","873","659","574","480","388","354","279","163","169","95","41","16","10"
"Bacabal (MA)","Total","7641","7979","8583","9492","8890","7648","7779","8361","7946","6136","5394","4695","3929","3122","2452","1591","1087","607","256","82","41"
"Bacabeira (MA)","Total","1351","1442","1548","1569","1393","1338","1418","1457","1289","935","771","693","591","422","303","181","146","82","27","5","5"
"Bacuri (MA)","Total","1306","1301","1387","1424","1302","1236","1234","1236","1126","945","827","694","682","542","366","303","179","121","55","18","6"
"Bacurituba (MA)","Total","350","387","411","491","352","331","383","413","382","334","277","228","256","210","143","120","93","60","22","4","5"
"Balsas (MA)","Total","8437","8619","8873","9573","9866","9252","8830","8512","7301","5641","4422","3737","2883","2094","1536","973","649","348","157","52","12"
"Barão de Grajaú (MA)","Total","1369","1351","1444","1530","1554","1493","1527","1586","1441","1140","981","947","743","605","482","328","251","138","48","21","5"
"Barra do Corda (MA)","Total","6932","7199","7494","8003","6810","6332","5954","6390","5792","4793","4116","3851","3016","2552","2029","1511","977","498","174","81","28"
"Barreirinhas (MA)","Total","5427","5911","6790","7188","5812","5224","5057","5215","4555","3346","2687","2317","1881","1460","1116","711","470","253","111","41","17"
"Belágua (MA)","Total","871","899","1032","944","838","703","597","572","439","375","313","251","202","158","99","72","53","22","7","6","7"
"Bela Vista do Maranhão (MA)","Total","1019","998","1082","1165","1039","850","803","947","820","635","530","423","416","338","278","176","127","61","31","5","7"
"Benedito Leite (MA)","Total","396","426","394","473","387","411","404","385","329","316","351","339","286","190","144","100","65","46","20","4","3"
"Bequimão (MA)","Total","1178","1308","1569","1646","1363","1244","1388","1620","1486","1260","1097","1085","893","789","590","469","321","161","78","20","19"
"Bernardo do Mearim (MA)","Total","496","423","428","493","460","371","418","410","448","370","340","306","267","178","175","122","74","43","10","6","2"
"Boa Vista do Gurupi (MA)","Total","683","780","792","855","650","545","513","545","436","370","337","299","257","178","137","106","48","27","13","1","2"
"Bom Jardim (MA)","Total","2863","3084","3307","3260","2747","2259","2193","2455","2272","1732","1518","1365","1126","985","802","523","351","156","74","18","10"
"Bom Jesus das Selvas (MA)","Total","2743","2781","3013","3019","2383","1952","2057","2218","1914","1481","1159","1058","889","723","547","330","205","79","34","10","4"
"Bom Lugar (MA)","Total","918","882","1003","1187","1057","847","855","949","898","781","646","558","452","400","321","206","133","85","23","8","3"
"Brejo (MA)","Total","2646","2712","3263","3616","2896","2275","2401","2741","2390","1839","1503","1436","1169","1068","860","568","381","195","118","34","9"
"Brejo de Areia (MA)","Total","785","786","865","974","855","689","652","706","587","515","468","390","284","260","180","106","69","33","6","4","4"
"Buriti (MA)","Total","2795","2821","3042","3150","2757","2145","2047","2071","1744","1468","1153","1130","935","814","677","394","265","170","60","34","13"
"Buriti Bravo (MA)","Total","1732","1952","2121","2180","1743","1467","1494","1558","1519","1243","1113","1029","911","792","640","408","302","160","48","30","13"
"Buriticupu (MA)","Total","4867","5117","5713","5991","4821","3967","3879","4112","3825","2890","2358","2145","1745","1487","1160","672","462","193","70","21","4"
"Buritirana (MA)","Total","1026","1092","1207","1244","908","793","862","956","945","758","634","593","521","454","380","239","180","73","39","10","4"
"Cachoeira Grande (MA)","Total","856","902","1045","1103","805","715","721","706","617","474","434","367","288","233","178","133","79","39","11","7","19"
"Cajapió (MA)","Total","665","757","949","1043","842","670","776","841","713","603","505","451","371","302","209","163","135","79","37","8","2"
"Cajari (MA)","Total","1365","1597","1575","1578","1250","1164","1154","1236","1106","912","741","666","644","489","397","223","171","93","36","9","6"
"Campestre do Maranhão (MA)","Total","1018","1002","1067","1156","946","932","941","968","876","763","641","557","444","308","278","203","105","69","21","4","2"
"Cândido Mendes (MA)","Total","1743","1754","1925","1856","1582","1478","1545","1598","1360","1071","972","852","666","520","390","322","171","83","33","7","4"
"Cantanhede (MA)","Total","1909","2041","2068","2549","2539","1959","1796","1656","1662","1265","1192","1033","843","680","470","270","187","87","46","19","32"
"Capinzal do Norte (MA)","Total","827","919","1041","980","891","810","807","944","839","656","525","527","481","382","297","198","135","77","23","9","6"
"Carolina (MA)","Total","1721","1862","2134","2084","1869","1622","1790","1735","1610","1375","1349","1236","1019","850","646","503","345","192","91","23","6"
"Carutapera (MA)","Total","2090","2111","2273","2308","2111","1817","1914","1975","1712","1322","1087","992","818","580","455","293","194","121","45","14","6"
"Caxias (MA)","Total","11279","11932","13470","14469","12930","11236","11687","12023","11526","9110","8081","7535","6346","5115","3972","2676","1862","961","500","167","96"
"Cedral (MA)","Total","633","641","852","874","811","701","723","826","769","709","581","549","459","337","266","192","153","84","35","10","3"
"Central do Maranhão (MA)","Total","611","594","654","728","533","490","502","528","438","403","367","304","252","232","177","121","82","44","24","5","5"
"Centro do Guilherme (MA)","Total","1285","1327","1302","1370","1103","982","928","854","710","566","447","431","315","234","204","144","85","37","12","5","1"
"Centro Novo do Maranhão (MA)","Total","1705","1671","1603","1715","1570","1346","1149","1082","996","773","632","568","489","344","249","194","96","60","20","5","-"
"Chapadinha (MA)","Total","6507","6706","8023","8315","6986","6021","6429","6268","5314","4219","3564","3275","2819","2269","1872","1217","879","453","173","45","32"
"Cidelândia (MA)","Total","1059","958","1176","1263","993","870","853","995","966","755","642","564","531","456","319","233","146","65","22","6","6"
"Codó (MA)","Total","8710","9384","10657","10742","9172","8092","8211","8606","7717","6089","5622","5391","4667","3695","2921","2036","1377","755","281","94","56"
"Coelho Neto (MA)","Total","3102","3366","3959","4226","3083","2931","3003","3097","2733","2278","2076","2033","1696","1448","1047","709","474","252","94","29","22"
"Colinas (MA)","Total","3163","3393","3624","3769","3508","3251","3050","2952","2710","2260","1859","1817","1521","1201","848","624","396","220","99","32","19"
"Conceição do Lago-Açu (MA)","Total","1327","1425","1469","1636","1313","1064","1051","1108","1076","839","593","522","457","412","255","159","115","58","26","7","3"
"Coroatá (MA)","Total","4578","4891","5328","5632","4829","4029","4346","4443","4123","3365","2893","2908","2504","1939","1490","1035","701","332","117","52","31"
"Cururupu (MA)","Total","2360","2301","2508","2743","2480","2012","2141","2537","2190","1921","1846","1587","1453","1181","811","591","445","272","124","37","18"
"Davinópolis (MA)","Total","1149","1242","1174","1260","1287","1148","1175","1173","1060","795","670","563","484","436","319","202","148","80","22","9","8"
"Dom Pedro (MA)","Total","1628","1803","1955","1980","1817","1713","1689","1790","1710","1420","1240","1102","957","713","591","420","304","139","57","15","10"
"Duque Bacelar (MA)","Total","832","891","957","1130","909","752","728","751","640","493","500","448","327","286","232","168","98","50","20","5","6"
"Esperantinópolis (MA)","Total","1382","1401","1474","1655","1433","1297","1337","1404","1333","1053","958","887","793","583","501","346","269","129","50","14","12"
"Estreito (MA)","Total","2602","2713","3071","2923","2777","2555","2642","2838","2419","2001","1628","1392","1080","869","754","476","287","168","72","21","6"
"Feira Nova do Maranhão (MA)","Total","640","625","700","809","684","586","526","539","583","485","393","389","302","267","198","152","98","48","18","5","1"
"Fernando Falcão (MA)","Total","1237","1134","1149","1100","1041","849","744","764","651","525","385","367","304","214","164","98","87","39","15","5","1"
"Formosa da Serra Negra (MA)","Total","1311","1463","1640","1739","1606","1434","1303","1317","1203","1026","920","713","616","471","390","270","160","91","31","12","3"
"Fortaleza dos Nogueiras (MA)","Total","950","1049","1082","1156","1126","1021","1000","1052","850","704","598","563","441","369","281","191","100","73","21","11","2"
"Fortuna (MA)","Total","1388","1538","1636","1591","1258","1157","1157","1115","1028","1002","866","780","660","591","494","342","209","99","39","17","9"
"Godofredo Viana (MA)","Total","911","909","925","843","797","876","919","885","699","576","498","384","313","234","173","109","76","35","18","1","5"
"Gonçalves Dias (MA)","Total","1316","1401","1548","1571","1341","1179","1113","1203","1250","991","894","843","727","599","504","330","233","84","59","15","5"
"Governador Archer (MA)","Total","748","820","870","887","921","783","743","794","711","546","478","459","402","337","298","203","111","71","29","11","9"
"Governador Edison Lobão (MA)","Total","1486","1565","1650","1652","1566","1359","1422","1467","1301","1097","929","789","597","562","415","273","158","80","29","11","3"
"Governador Eugênio Barros (MA)","Total","1146","1103","1235","1284","1137","946","913","969","982","822","672","619","589","516","364","269","190","100","30","25","19"
"Governador Luiz Rocha (MA)","Total","537","589","597","677","570","455","475","525","535","416","383","332","289","239","190","115","73","45","14","5","2"
"Governador Newton Bello (MA)","Total","789","816","1100","1122","1225","823","846","816","729","580","456","359","313","260","197","139","69","47","19","6","2"
"Governador Nunes Freire (MA)","Total","1995","2091","2239","2387","2092","1663","1759","1859","1577","1123","976","916","799","602","448","280","154","107","38","17","6"
"Graça Aranha (MA)","Total","457","461","516","515","429","373","442","420","452","336","318","332","254","188","205","143","116","35","23","4","4"
"Grajaú (MA)","Total","6847","7118","7269","7239","6410","5832","5662","5739","4818","3721","3157","2736","2226","1627","1348","907","650","321","165","63","17"
"Guimarães (MA)","Total","659","709","786","793","639","623","721","854","778","694","652","536","501","426","324","238","181","110","48","14","4"
"Humberto de Campos (MA)","Total","2249","2342","2643","3028","2212","1920","1719","1835","1604","1342","1146","918","777","651","512","307","241","138","54","22","20"
"Icatu (MA)","Total","1944","2080","2375","2600","2210","1946","1824","1755","1701","1322","1142","983","833","672","525","359","239","156","57","44","27"
"Igarapé do Meio (MA)","Total","1206","1278","1488","1427","1126","1055","1051","1061","933","693","571","544","484","390","258","179","133","59","26","8","4"
"Igarapé Grande (MA)","Total","732","735","784","921","788","657","726","811","795","624","573","515","436","359","299","205","155","65","28","12","11"
"Imperatriz (MA)","Total","19506","20613","20016","22114","25082","22979","22637","23139","21515","17404","14655","12418","9814","7542","5588","3660","2420","1286","503","157","62"
"Itaipava do Grajaú (MA)","Total","1383","1418","1409","1407","1147","1018","978","978","826","701","594","560","412","330","260","195","128","55","23","3","3"
"Itapecuru Mirim (MA)","Total","4955","5299","5677","5695","4926","4430","4957","4984","4188","3113","2696","2547","2129","1666","1260","789","572","313","132","54","58"
"Itinga do Maranhão (MA)","Total","1737","1740","1903","1952","1837","1675","1741","1784","1649","1458","1193","1100","852","666","527","349","198","107","30","10","5"
"Jatobá (MA)","Total","600","633","643","735","655","564","544","516","566","435","341","323","283","218","178","109","65","34","19","7","3"
"Jenipapo dos Vieiras (MA)","Total","2053","1994","1867","1784","1494","1237","1097","1163","1093","763","643","519","370","260","249","215","146","64","36","21","8"
"João Lisboa (MA)","Total","1843","2058","2104","2338","2127","1871","1850","1952","1790","1453","1218","1004","839","744","622","410","263","154","43","16","10"
"Joselândia (MA)","Total","1274","1249","1398","1341","1112","1021","1036","1180","1024","890","711","648","607","441","409","280","171","82","32","14","4"
"Junco do Maranhão (MA)","Total","445","477","525","455","412","396","336","372","367","283","235","212","180","165","114","83","43","36","8","2","-"
"Lago da Pedra (MA)","Total","3504","3636","3847","4169","3855","3377","3191","3359","2987","2569","2185","2011","1700","1326","1005","780","504","228","113","39","18"
"Lago do Junco (MA)","Total","700","708","826","934","741","658","682","664","656","619","498","501","427","322","216","157","95","59","29","9","5"
"Lago Verde (MA)","Total","1242","1318","1386","1562","1231","963","1031","1091","1072","797","667","608","522","468","340","234","131","67","28","4","7"
"Lagoa do Mato (MA)","Total","792","876","873","983","834","772","763","844","719","631","526","527","425","348","236","200","124","62","26","6","5"
"Lago dos Rodrigues (MA)","Total","612","654","684","749","663","616","580","700","651","550","466","472","421","306","247","169","114","58","35","10","1"
"Lagoa Grande do Maranhão (MA)","Total","1048","1084","1125","1117","971","835","826","869","742","622","527","449","367","295","231","134","97","38","23","8","3"
"Lajeado Novo (MA)","Total","567","538","619","642","507","458","514","536","524","450","380","349","277","224","163","139","100","49","17","1","3"
"Lima Campos (MA)","Total","807","845","937","999","846","722","868","918","807","588","610","568","547","401","343","208","158","83","25","15","2"
"Loreto (MA)","Total","764","1048","962","1058","1073","889","896","829","771","611","598","524","479","354","300","191","153","56","24","13","4"
"Luís Domingues (MA)","Total","602","592","611","636","579","555","625","566","542","427","360","267","227","211","140","89","78","33","11","9","1"
"Magalhães de Almeida (MA)","Total","965","1090","1202","1300","1025","1022","954","1081","977","901","700","679","515","455","397","247","147","83","50","11","6"
"Maracaçumé (MA)","Total","2120","2105","2165","2094","1814","1510","1647","1579","1442","994","882","750","598","483","407","266","167","78","33","8","7"
"Marajá do Sena (MA)","Total","637","671","759","778","624","523","505","494","511","414","304","254","187","143","121","50","26","19","2","5","-"
"Maranhãozinho (MA)","Total","1333","1425","1491","1430","1218","1002","1083","990","885","600","556","470","384","305","225","164","123","41","28","5","3"
"Mata Roma (MA)","Total","1444","1474","1699","1782","1440","1260","1318","1325","1131","863","672","664","573","512","361","224","187","94","45","16","6"
"Matinha (MA)","Total","1635","1858","2038","1977","1605","1551","1562","1749","1638","1307","1182","995","879","717","478","350","283","140","58","24","8"
"Matões (MA)","Total","2731","2786","3152","3346","2623","2103","2125","2305","2104","1670","1469","1420","1281","1009","831","558","365","195","71","22","8"
"Matões do Norte (MA)","Total","987","1819","1503","1778","1979","1667","1306","1246","1162","1038","893","625","503","394","226","148","89","36","14","9","10"
"Milagres do Maranhão (MA)","Total","704","727","917","940","776","595","590","673","630","481","368","334","295","275","224","122","92","44","21","9","1"
"Mirador (MA)","Total","1636","1737","1905","1982","1782","1602","1527","1489","1425","1238","1007","935","795","667","574","324","212","121","42","18","12"
"Miranda do Norte (MA)","Total","1405","1840","2088","2337","2316","1941","2033","2216","1809","1232","1207","952","816","585","477","288","173","88","39","12","10"
"Mirinzal (MA)","Total","1085","1096","1148","1255","1124","978","971","1091","1039","860","780","653","545","436","344","233","188","93","43","10","6"
"Monção (MA)","Total","2496","2650","2813","2951","2169","2010","1883","2045","1734","1436","1227","1080","944","856","622","365","237","139","61","20","13"
"Montes Altos (MA)","Total","717","809","779","793","741","611","600","616","631","577","537","438","338","306","235","188","85","62","29","8","6"
"Morros (MA)","Total","1528","1646","1876","1983","1628","1350","1453","1282","1312","1050","800","641","598","465","375","260","167","85","37","12","6"
"Nina Rodrigues (MA)","Total","1095","1248","1435","1459","1462","1084","1202","1128","967","653","659","558","410","292","237","134","89","37","18","3","6"
"Nova Colinas (MA)","Total","381","415","468","543","390","366","343","392","329","279","238","229","190","134","123","94","57","37","9","3","1"
"Nova Iorque (MA)","Total","287","301","382","367","347","293","289","311","293","242","214","224","200","170","167","101","69","42","14","3","4"
"Nova Olinda do Maranhão (MA)","Total","1144","1150","1342","1485","1186","993","963","1105","1001","787","673","629","546","435","346","254","161","68","36","9","1"
"Olho d'Água das Cunhãs (MA)","Total","1193","1286","1393","1535","1500","1275","1264","1371","1425","1175","1029","902","794","605","496","291","197","111","42","18","17"
"Olinda Nova do Maranhão (MA)","Total","1038","1105","1211","1378","1083","978","1001","1159","941","745","615","593","555","396","291","205","155","83","31","11","3"
"Paço do Lumiar (MA)","Total","10725","11326","10973","11131","11630","12011","12946","14277","12797","9458","7893","6264","4941","3768","2532","1370","885","433","173","70","40"
"Palmeirândia (MA)","Total","1646","1865","1732","1817","1620","1361","1696","1887","1689","1146","1015","890","822","649","453","338","229","135","50","15","4"
"Paraibano (MA)","Total","1372","1543","1497","1501","1356","1329","1325","1347","1199","1104","961","967","779","631","517","388","271","112","53","14","8"
"Parnarama (MA)","Total","2668","2751","2840","2986","2433","1941","2095","2294","2124","1798","1481","1498","1228","1091","794","546","366","196","77","30","13"
"Passagem Franca (MA)","Total","1341","1532","1512","1542","1361","1244","1169","1276","1163","986","852","799","695","587","438","291","207","126","49","29","21"
"Pastos Bons (MA)","Total","1429","1502","1735","1689","1496","1479","1394","1447","1264","1025","891","941","717","600","480","298","219","120","58","11","7"
"Paulino Neves (MA)","Total","1592","1500","1782","1875","1460","1317","1321","1191","1076","765","715","658","529","406","320","224","148","110","45","15","7"
"Paulo Ramos (MA)","Total","1662","1730","1829","2083","1669","1490","1369","1584","1381","1115","958","935","754","632","456","327","204","100","51","6","6"
"Pedreiras (MA)","Total","2268","2581","2962","3166","2826","2641","2649","2947","2915","2393","2111","1955","1605","1274","1059","785","487","262","111","33","20"
"Pedro do Rosário (MA)","Total","2205","2322","2586","2441","1942","1636","1782","1911","1580","1194","1077","966","802","568","532","339","247","127","38","13","12"
"Penalva (MA)","Total","3044","3135","3130","3113","2519","2333","2175","2403","2119","1784","1427","1279","1147","956","798","476","351","197","68","37","20"
"Peri Mirim (MA)","Total","689","797","876","968","770","736","815","905","849","681","656","631","491","403","290","237","153","96","39","18","8"
"Peritoró (MA)","Total","1593","1756","1995","2070","1692","1363","1425","1469","1431","1127","963","973","781","638","502","308","194","124","46","16","13"
"Pindaré-Mirim (MA)","Total","2398","2659","2974","3119","2525","2243","2318","2455","2272","1826","1442","1309","1138","886","725","458","343","227","73","30","9"
"Pinheiro (MA)","Total","6311","6550","7110","7297","6850","6471","6636","6969","6286","5111","4498","3823","3201","2536","1821","1349","932","526","228","83","33"
"Pio XII (MA)","Total","1593","1779","2048","2175","1804","1521","1590","1693","1657","1282","1073","947","753","681","531","327","247","112","42","17","14"
"Pirapemas (MA)","Total","1187","1311","1652","1883","1645","1353","1733","1458","1089","902","792","738","613","453","351","226","172","68","48","15","25"
"Poção de Pedras (MA)","Total","1125","1158","1426","1485","1158","1061","1106","1351","1333","1180","982","974","803","646","557","362","236","138","49","21","10"
"Porto Franco (MA)","Total","1919","1855","1982","2026","1926","1849","1950","1977","1760","1428","1275","1129","818","657","554","311","249","161","63","7","7"
"Porto Rico do Maranhão (MA)","Total","389","410","508","523","370","350","406","477","433","385","351","304","310","251","187","120","100","56","20","4","-"
"Presidente Dutra (MA)","Total","3415","3527","3705","3724","3726","3640","3473","3672","3380","2621","2330","2161","1805","1344","1029","704","456","273","99","48","23"
"Presidente Juscelino (MA)","Total","1102","1031","1110","1281","973","840","835","820","717","576","500","405","388","266","202","117","83","55","27","9","19"
"Presidente Médici (MA)","Total","341","411","401","447","432","329","317","387","313","249","237","202","178","153","117","65","62","30","16","6","3"
"Presidente Sarney (MA)","Total","1576","1753","1844","1743","1388","1166","1277","1231","1148","907","753","683","581","460","362","262","206","119","37","13","2"
"Presidente Vargas (MA)","Total","904","1014","1159","1123","795","781","852","884","730","494","381","332","321","273","218","119","78","58","22","8","3"
"Primeira Cruz (MA)","Total","1235","1216","1384","1566","1180","1010","935","927","868","729","605","500","420","353","296","177","102","51","29","15","16"
"Raposa (MA)","Total","2542","2552","2720","2686","2834","2464","2477","2679","2571","1918","1531","1245","876","678","448","310","185","78","30","11","4"
"Riachão (MA)","Total","1727","1705","1978","2023","1797","1532","1557","1606","1541","1321","1102","1071","885","760","595","437","273","153","58","17","7"
"Ribamar Fiquene (MA)","Total","571","615","705","665","503","480","553","522","532","492","373","400","291","260","188","127","71","49","14","7","2"
"Rosário (MA)","Total","2859","3043","3463","3544","3050","2939","3188","3229","2809","2121","1977","1647","1410","1115","791","555","389","208","81","33","24"
"Sambaíba (MA)","Total","429","451","470","499","461","410","370","398","343","300","310","302","260","194","128","106","69","40","18","9","1"
"Santa Filomena do Maranhão (MA)","Total","538","571","568","664","588","519","519","465","453","421","303","299","225","204","149","100","60","36","9","4","2"
"Santa Helena (MA)","Total","3042","3756","3903","4017","3914","3143","3346","3194","2733","2189","1843","1504","1427","1205","949","600","426","206","115","34","15"
"Santa Inês (MA)","Total","6341","6617","7051","7775","7446","6471","6222","6919","6544","5183","4321","3628","3046","2565","1941","1269","920","434","224","68","29"
"Santa Luzia (MA)","Total","4832","5142","5889","5895","4731","3892","3936","4221","3935","3109","2565","2313","2101","1686","1319","946","620","321","127","38","17"
"Santa Luzia do Paruá (MA)","Total","1848","2054","2039","2241","2047","2020","1977","1968","1736","1353","1124","996","803","699","564","361","256","135","56","22","8"
"Santa Quitéria do Maranhão (MA)","Total","1917","1995","2251","2425","2174","1777","1648","1722","1586","1337","1082","1039","835","732","548","380","260","158","60","21","10"
"Santa Rita (MA)","Total","2934","3336","3418","3252","3140","3101","3174","3023","2631","2033","1649","1414","1138","945","697","464","364","186","92","31","13"
"Santana do Maranhão (MA)","Total","851","897","1070","1003","817","717","769","796","725","587","526","390","396","318","255","212","115","70","27","18","8"
"Santo Amaro do Maranhão (MA)","Total","1291","1266","1410","1433","1351","1037","972","1053","918","728","623","479","403","332","263","181","112","62","22","10","3"
"Santo Antônio dos Lopes (MA)","Total","1011","1133","1227","1199","1171","1156","1067","1096","1027","857","754","677","559","443","397","247","160","89","19","10","5"
"São Benedito do Rio Preto (MA)","Total","1597","1705","2005","2008","1683","1399","1277","1276","1130","890","727","632","574","466","386","279","179","83","35","15","18"
"São Bento (MA)","Total","3617","4664","3588","3818","3613","3444","3492","3599","3608","2863","2408","1991","1668","1376","1000","712","462","298","131","37","6"
"São Bernardo (MA)","Total","1971","2203","2378","2672","2221","1956","2006","2185","1882","1540","1284","1207","905","794","624","449","338","190","103","29","6"
"São Domingos do Azeitão (MA)","Total","672","703","739","750","695","670","595","537","541","420","379","348","288","207","181","131","78","36","16","6","-"
"São Domingos do Maranhão (MA)","Total","2688","2828","2990","3098","2743","2391","2417","2556","2509","2103","1772","1545","1225","989","890","612","391","174","77","29","7"
"São Félix de Balsas (MA)","Total","307","311","375","359","317","305","286","330","284","276","255","268","206","184","135","113","55","29","4","2","1"
"São Francisco do Brejão (MA)","Total","730","743","816","842","734","632","629","707","684","558","443","401","319","286","207","149","99","50","11","9","2"
"São Francisco do Maranhão (MA)","Total","933","922","927","1029","974","872","807","858","842","698","660","627","477","484","358","264","179","97","32","16","8"
"São João Batista (MA)","Total","1269","1333","1557","1677","1438","1267","1356","1540","1396","1165","990","890","719","610","512","333","259","144","59","24","6"
"São João do Carú (MA)","Total","1117","1100","1350","1428","1082","832","783","862","843","617","513","470","400","308","215","152","106","46","23","3","1"
"São João do Paraíso (MA)","Total","735","750","848","873","721","719","683","772","752","618","550","506","378","299","273","210","113","71","24","8","1"
"São João do Soter (MA)","Total","1368","1501","1720","1806","1420","992","1025","1134","1127","917","788","735","683","569","445","305","184","102","38","19","11"
"São João dos Patos (MA)","Total","1716","1868","2017","2047","1948","1845","1777","1862","1815","1525","1288","1313","1188","889","715","494","363","221","87","36","6"
"São José de Ribamar (MA)","Total","17875","18836","18380","19184","20902","21711","22904","23533","20253","15792","13579","10389","7596","5438","3401","2135","1454","745","311","104","57"
"São José dos Basílios (MA)","Total","560","549","601","650","520","463","456","522","464","425","388","365","251","241","196","143","84","54","14","8","3"
"São Luís (MA)","Total","63544","68279","70132","76265","90397","87786","87665","91790","85452","68646","63000","52555","43655","33100","22671","14569","9689","5293","2293","730","264"
"São Luís Gonzaga do Maranhão (MA)","Total","1243","1373","1609","1793","1420","1215","1214","1332","1275","1058","975","844","697","613","466","323","202","104","36","17","9"
"São Mateus do Maranhão (MA)","Total","2949","3224","3484","3569","3172","2782","2928","2854","2540","2149","2001","1879","1603","1245","997","630","424","216","110","41","32"
"São Pedro da Água Branca (MA)","Total","1188","1453","1192","1309","1160","1143","1082","1095","934","789","619","628","563","420","306","220","138","62","24","8","5"
"São Pedro dos Crentes (MA)","Total","468","456","437","527","562","503","522","475","431","313","279","205","183","141","100","94","54","27","2","2","2"
"São Raimundo das Mangabeiras (MA)","Total","1400","1540","1564","1788","1540","1477","1486","1373","1189","980","960","912","692","581","461","298","239","118","45","19","10"
"São Raimundo do Doca Bezerra (MA)","Total","468","444","478","595","476","440","401","415","406","323","261","265","204","176","125","93","43","23","10","3","1"
"São Roberto (MA)","Total","358","364","416","490","363","319","336","370","349","259","218","199","136","134","92","62","42","20","11","4","2"
"São Vicente Ferrer (MA)","Total","1450","1464","1645","1683","1463","1419","1545","1532","1356","1185","1052","920","809","651","477","360","255","152","56","16","8"
"Satubinha (MA)","Total","678","713","799","917","794","676","665","667","627","500","413","382","269","238","171","122","79","53","11","8","2"
"Senador Alexandre Costa (MA)","Total","955","878","908","1054","837","776","740","642","646","505","483","448","361","320","265","166","117","65","20","11","10"
"Senador La Rocque (MA)","Total","1156","1169","1280","1466","1184","1002","968","1039","1038","841","730","679","554","506","426","302","207","94","42","9","8"
"Serrano do Maranhão (MA)","Total","905","851","972","1010","820","653","670","718","708","624","475","456","393","357","229","164","124","44","17","11","1"
"Sítio Novo (MA)","Total","1356","1476","1505","1514","1348","1186","1217","1293","1215","1015","931","793","683","520","390","290","180","106","44","8","4"
"Sucupira do Norte (MA)","Total","753","842","895","934","821","737","730","725","668","578","491","561","460","328","271","186","130","82","35","7","4"
"Sucupira do Riachão (MA)","Total","349","386","419","474","383","339","337","313","304","287","291","289","224","180","147","115","72","51","21","3","1"
"Tasso Fragoso (MA)","Total","771","787","904","873","737","705","678","676","593","441","353","353","295","272","175","112","83","34","17","2","1"
"Timbiras (MA)","Total","2178","2397","2621","2634","2184","1867","1927","1861","1669","1395","1200","1178","1048","843","608","378","256","157","49","17","17"
"Timon (MA)","Total","13860","13571","13890","14186","15024","13574","14390","14811","13704","10914","8956","7873","6057","4848","3617","2252","1522","849","396","126","45"
"Trizidela do Vale (MA)","Total","1685","1702","1840","1987","1779","1614","1783","1935","1692","1359","1110","1014","875","695","531","409","259","134","59","14","8"
"Tufilândia (MA)","Total","434","484","565","627","473","327","351","398","379","290","270","198","184","157","133","114","75","26","16","4","2"
"Tuntum (MA)","Total","2661","2905","3140","3287","2834","2600","2566","2791","2643","2157","1839","1704","1451","1185","977","680","452","233","95","37","14"
"Turiaçu (MA)","Total","3168","3539","3722","3827","3463","2873","2748","2805","2516","1914","1635","1361","1224","928","727","478","325","146","61","23","8"
"Turilândia (MA)","Total","2813","3254","3263","3323","3155","2558","2618","2422","1981","1530","1147","886","825","667","470","297","225","113","73","8","10"
"Tutóia (MA)","Total","4762","4632","4966","5322","4430","4263","4041","4181","3416","2784","2519","2229","1661","1382","1124","759","480","237","113","33","22"
"Urbano Santos (MA)","Total","2960","3043","3568","3736","3136","2658","2435","2454","1997","1469","1250","1117","886","721","539","367","246","129","61","23","17"
"Vargem Grande (MA)","Total","3830","4185","4269","4390","3730","3095","3284","3275","2759","2090","1886","1621","1400","1128","929","617","398","217","109","38","11"
"Viana (MA)","Total","4512","4662","4426","4647","4195","3703","3643","3973","3704","2925","2505","2178","1821","1492","1186","784","562","335","128","47","14"
"Vila Nova dos Martírios (MA)","Total","895","939","960","991","824","729","712","815","720","557","529","442","381","303","223","161","101","53","22","2","3"
"Vitória do Mearim (MA)","Total","2400","2512","2847","2866","2381","2087","2284","2520","2110","1827","1457","1393","1213","1006","747","467","379","190","87","22","10"
"Vitorino Freire (MA)","Total","2259","2350","2502","2770","2613","2119","2026","2351","2298","1901","1697","1586","1247","994","821","581","401","215","77","27","10"
"Zé Doca (MA)","Total","3253","3303","3627","3904","3376","2866","2972","3210","2978","2242","1905","1810","1540","1287","984","680","452","244","104","55","9"
"Acauã (PI)","Total","400","423","458","517","481","432","495","510","515","458","401","328","297","234","205","139","80","27","15","5","-"
"Agricolândia (PI)","Total","332","320","332","333","347","345","326","351","352","325","321","259","251","215","208","153","89","53","18","6","4"
"Água Branca (PI)","Total","1233","1288","1329","1376","1463","1244","1201","1376","1347","1139","943","867","777","608","528","355","253","156","63","23","4"
"Alagoinha do Piauí (PI)","Total","379","401","419","526","430","450","568","497","557","460","413","467","386","293","251","179","85","38","17","3","-"
"Alegrete do Piauí (PI)","Total","294","299","368","363","322","326","377","349","299","278","303","310","230","149","147","85","84","37","8","6","-"
"Alto Longá (PI)","Total","790","817","904","996","919","907","910","1031","1016","970","765","812","816","624","486","303","200","121","70","15","7"
"Altos (PI)","Total","3378","3312","3484","3582","3823","3709","3889","4008","3665","2862","2601","2306","2009","1621","1266","823","577","330","143","55","10"
"Alvorada do Gurguéia (PI)","Total","369","392","499","517","395","362","343","409","417","343","264","253","243","164","142","101","53","32","17","7","-"
"Amarante (PI)","Total","1317","1369","1444","1311","1180","1109","1075","1239","1237","1037","940","964","830","629","603","382","303","155","77","26","7"
"Angical do Piauí (PI)","Total","434","432","429","550","463","491","423","508","420","396","460","425","378","318","271","190","131","61","40","6","1"
"Anísio de Abreu (PI)","Total","661","732","749","758","700","675","720","717","729","670","512","440","380","258","250","212","140","59","35","8","2"
"Antônio Almeida (PI)","Total","249","242","230","251","226","199","223","242","209","179","149","183","157","156","97","86","36","22","11","2","3"
"Aroazes (PI)","Total","259","335","379","406","328","284","315","425","435","436","326","330","299","234","234","147","92","67","24","9","5"
"Aroeiras do Itaim (PI)","Total","141","144","141","172","207","178","195","188","195","180","207","190","161","87","118","91","67","20","2","6","-"
"Arraial (PI)","Total","290","274","339","404","344","331","302","306","272","286","297","295","199","197","129","116","66","49","21","1","2"
"Assunção do Piauí (PI)","Total","535","580","685","749","528","460","479","545","588","488","389","374","315","219","210","131","97","49","23","8","-"
"Avelino Lopes (PI)","Total","788","788","853","925","717","668","699","795","816","749","704","595","498","352","362","261","161","79","35","16","5"
"Baixa Grande do Ribeiro (PI)","Total","1293","1192","1194","1292","1275","1157","1082","1079","894","622","560","490","373","303","184","133","71","51","18","6","3"
"Barra D'Alcântara (PI)","Total","222","277","292","311","267","264","218","333","326","276","229","221","204","160","152","101","69","39","24","8","2"
"Barras (PI)","Total","3522","3716","3909","4098","3904","3370","3721","3832","3581","2854","2391","2264","1880","1547","1345","835","581","366","166","50","6"
"Barreiras do Piauí (PI)","Total","268","196","259","326","291","204","220","268","210","178","182","168","134","112","90","74","42","25","11","6","-"
"Barro Duro (PI)","Total","435","496","500","521","513","449","448","515","469","412","363","366","348","251","223","138","92","59","31","9","2"
"Batalha (PI)","Total","1708","1865","1941","2145","2041","1904","1885","2155","1984","1675","1422","1402","1178","947","783","527","412","195","103","24","4"
"Bela Vista do Piauí (PI)","Total","271","266","285","321","348","325","286","309","300","314","274","245","176","125","98","76","41","18","13","-","-"
"Belém do Piauí (PI)","Total","176","210","264","260","252","264","248","250","283","260","210","208","153","99","120","82","39","27","14","3","1"
"Beneditinos (PI)","Total","588","659","730","773","712","588","619","828","789","623","535","548","507","454","391","281","174","85","27","16","2"
"Bertolínia (PI)","Total","360","416","434","492","417","405","354","437","437","338","308","298","244","179","141","130","93","50","26","2","1"
"Betânia do Piauí (PI)","Total","496","444","553","562","502","409","445","472","442","415","345","305","229","181","172","133","56","32","16","8","3"
"Boa Hora (PI)","Total","480","478","577","627","564","473","497","594","533","406","374","341","277","219","185","130","85","40","16","4","2"
"Bocaina (PI)","Total","194","205","267","271","258","212","235","292","329","303","293","287","230","186","195","148","106","50","15","1","1"
"Bom Jesus (PI)","Total","2367","2314","2295","2598","2651","2436","2427","2517","2291","1723","1220","1079","817","700","530","373","229","146","66","15","2"
"Bom Princípio do Piauí (PI)","Total","378","363","446","472","489","398","409","489","430","352","333","288","236","186","149","96","70","28","20","4","-"
"Bonfim do Piauí (PI)","Total","407","446","435","453","466","466","410","430","431","398","344","303","245","214","192","123","78","49","17","5","1"
"Boqueirão do Piauí (PI)","Total","382","506","510","569","436","438","459","578","525","399","340","323","296","248","212","151","97","46","19","10","1"
"Brasileira (PI)","Total","508","586","593","625","634","600","637","698","651","573","455","471","387","334","252","183","124","77","32","14","2"
"Brejo do Piauí (PI)","Total","223","263","270","304","290","270","246","317","290","300","279","220","185","127","118","94","56","34","13","5","-"
"Buriti dos Lopes (PI)","Total","1469","1485","1574","1649","1556","1427","1508","1624","1404","1204","1039","973","763","614","595","378","210","115","53","10","4"
"Buriti dos Montes (PI)","Total","487","479","471","616","673","578","519","506","543","484","463","419","326","236","214","149","143","68","43","14","3"
"Cabeceiras do Piauí (PI)","Total","626","643","734","783","774","739","762","837","767","658","610","548","511","413","314","216","145","81","40","10","1"
"Cajazeiras do Piauí (PI)","Total","186","207","236","272","226","211","246","250","229","200","167","159","118","124","108","74","53","29","8","3","2"
"Cajueiro da Praia (PI)","Total","600","531","535","607","663","635","587","700","650","586","440","387","281","241","203","142","113","31","20","4","1"
"Caldeirão Grande do Piauí (PI)","Total","355","335","411","448","487","419","404","371","380","401","346","281","238","168","142","145","92","48","25","7","-"
"Campinas do Piauí (PI)","Total","294","297","382","418","321","264","307","395","350","364","314","316","277","207","192","112","63","43","17","3","2"
"Campo Alegre do Fidalgo (PI)","Total","297","292","370","354","386","322","356","359","384","324","251","263","201","139","114","96","67","17","15","7","2"
"Campo Grande do Piauí (PI)","Total","395","401","460","453","460","456","509","473","441","359","370","343","277","207","179","117","69","32","16","3","-"
"Campo Largo do Piauí (PI)","Total","570","620","718","825","628","594","556","543","483","400","323","306","268","206","169","92","56","44","12","3","3"
"Campo Maior (PI)","Total","2609","2749","2974","3199","3483","3236","3368","3707","3685","3201","2944","2727","2244","1869","1461","1039","672","351","192","72","11"
"Canavieira (PI)","Total","232","224","251","285","258","195","188","245","258","199","211","210","163","154","127","89","63","29","21","10","2"
"Canto do Buriti (PI)","Total","1278","1267","1267","1536","1490","1366","1271","1482","1541","1337","1110","1067","951","725","624","465","312","174","79","23","-"
"Capitão de Campos (PI)","Total","686","767","840","963","852","706","809","871","907","695","618","555","480","459","336","258","161","85","43","6","3"
"Capitão Gervásio Oliveira (PI)","Total","248","247","314","346","282","270","257","293","324","286","254","209","179","130","121","100","63","25","18","5","3"
"Caracol (PI)","Total","819","803","808","906","852","815","801","781","757","630","540","460","396","295","252","189","114","67","22","9","2"
"Caraúbas do Piauí (PI)","Total","387","386","446","479","443","442","427","410","411","379","295","295","235","178","160","130","74","28","19","4","2"
"Caridade do Piauí (PI)","Total","350","368","384","428","398","405","367","370","425","336","257","234","200","147","124","106","71","40","20","3","-"
"Castelo do Piauí (PI)","Total","1254","1387","1520","1489","1399","1277","1313","1381","1314","1242","1123","1049","958","812","659","476","323","188","91","27","6"
"Caxingó (PI)","Total","396","429","452","485","478","448","427","438","405","326","263","267","192","181","118","95","53","25","15","2","1"
"Cocal (PI)","Total","1984","2005","2235","2680","2389","2201","2137","2235","2012","1693","1478","1411","1016","816","750","524","344","189","88","19","6"
"Cocal de Telha (PI)","Total","267","332","333","431","376","288","306","414","387","338","300","274","244","224","152","119","73","34","14","5","-"
"Cocal dos Alves (PI)","Total","480","454","448","528","522","507","503","538","454","341","382","389","253","209","171","92","60","40","10","3","2"
"Coivaras (PI)","Total","258","305","339","340","284","310","279","308","327","252","224","220","206","155","124","87","49","27","17","5","1"
"Colônia do Gurguéia (PI)","Total","392","429","535","513","480","395","474","466","441","400","343","345","270","195","155","135","93","43","35","9","2"
"Colônia do Piauí (PI)","Total","423","447","452","519","559","491","480","535","511","468","410","424","360","302","253","152","117","49","28","12","2"
"Conceição do Canindé (PI)","Total","323","323","321","355","362","303","355","369","354","349","284","298","238","203","190","142","85","45","23","9","1"
"Coronel José Dias (PI)","Total","222","301","280","307","315","262","250","326","360","316","272","266","210","132","175","133","62","37","16","7","1"
"Corrente (PI)","Total","2124","2046","2176","2464","2343","2065","1965","2176","2031","1638","1318","1280","1077","813","687","440","308","192","88","39","8"
"Cristalândia do Piauí (PI)","Total","547","581","660","660","544","469","469","519","512","447","395","369","326","267","247","155","103","39","27","14","6"
"Cristino Castro (PI)","Total","840","840","896","880","803","808","789","740","760","624","525","535","374","364","288","188","134","71","29","15","-"
"Curimatá (PI)","Total","847","865","895","1052","885","731","734","876","819","695","606","540","473","432","321","213","146","81","35","15","9"
"Currais (PI)","Total","373","355","433","441","375","353","312","359","348","276","250","245","206","182","142","99","54","29","17","4","1"
"Curralinhos (PI)","Total","347","360","367","398","296","265","302","334","326","238","245","221","205","165","140","99","63","25","11","5","1"
"Curral Novo do Piauí (PI)","Total","386","404","438","483","447","402","408","351","356","316","254","226","171","132","115","86","51","28","13","6","-"
"Demerval Lobão (PI)","Total","1231","1260","1193","1266","1226","1287","1363","1428","1315","1002","826","731","612","502","458","302","191","92","56","9","2"
"Dirceu Arcoverde (PI)","Total","526","517","483","510","538","507","479","481","492","467","404","471","331","229","233","172","116","64","24","9","1"
"Dom Expedito Lopes (PI)","Total","330","364","397","456","441","471","437","467","471","465","441","414","351","269","254","138","85","41","21","6","1"
"Domingos Mourão (PI)","Total","267","306","368","310","330","291","294","281","283","274","215","213","197","134","124","91","57","28","7","5","-"
"Dom Inocêncio (PI)","Total","546","527","609","766","678","587","650","645","708","649","608","547","506","326","295","233","148","86","31","10","4"
"Elesbão Veloso (PI)","Total","749","784","904","974","905","764","846","1074","1050","1009","884","872","746","586","544","390","270","157","74","19","6"
"Eliseu Martins (PI)","Total","258","257","303","347","282","268","274","333","320","314","298","262","217","185","155","133","75","56","27","13","-"
"Esperantina (PI)","Total","2875","3023","3138","3307","3220","3201","3444","3547","2895","2388","2058","1999","1649","1393","1127","746","492","274","142","44","8"
"Fartura do Piauí (PI)","Total","418","405","429","447","378","367","371","373","346","291","299","312","233","178","160","127","76","48","18","6","2"
"Flores do Piauí (PI)","Total","271","277","384","357","292","275","273","356","338","284","259","250","202","189","160","109","78","42","17","1","-"
"Floresta do Piauí (PI)","Total","117","120","141","160","163","140","140","157","170","174","173","165","142","106","108","78","39","26","12","2","-"
"Floriano (PI)","Total","3965","4213","4321","4641","4955","4945","4956","5195","4795","3980","3544","3188","2704","2178","1730","1137","769","473","227","90","30"
"Francinópolis (PI)","Total","296","291","313","345","292","234","254","364","322","280","268","242","298","205","187","129","86","51","37","8","3"
"Francisco Ayres (PI)","Total","283","314","351","324","277","257","278","333","306","242","240","237","252","223","184","134","82","57","26","11","1"
"Francisco Macedo (PI)","Total","156","207","218","228","222","201","220","229","236","185","190","181","133","85","103","64","32","22","12","5","-"
"Francisco Santos (PI)","Total","458","514","610","620","597","532","592","602","665","611","548","499","426","264","304","195","107","62","24","6","1"
"Fronteiras (PI)","Total","564","618","720","757","780","729","804","739","721","730","687","671","503","384","338","249","138","79","32","12","4"
"Geminiano (PI)","Total","364","348","396","418","433","380","400","375","392","367","330","355","284","182","169","127","74","26","19","5","1"
"Gilbués (PI)","Total","886","920","954","950","867","829","797","805","697","632","509","503","432","388","292","203","119","66","26","10","7"
"Guadalupe (PI)","Total","698","744","821","750","719","740","817","842","757","644","567","561","454","357","306","209","148","83","43","6","4"
"Guaribas (PI)","Total","328","321","369","426","335","346","322","368","350","210","209","180","167","108","105","69","42","17","4","-","-"
"Hugo Napoleão (PI)","Total","222","236","268","284","255","226","222","248","284","212","220","228","167","131","127","97","52","24","12","2","1"
"Ilha Grande (PI)","Total","649","666","713","814","781","738","703","704","761","589","496","414","347","296","245","154","105","64","28","6","1"
"Inhuma (PI)","Total","819","981","1033","1170","1113","976","935","1100","1162","1033","1000","917","761","549","527","376","252","167","62","19","6"
"Ipiranga do Piauí (PI)","Total","563","588","659","769","751","623","622","638","707","678","604","607","468","360","296","217","149","75","36","8","2"
"Isaías Coelho (PI)","Total","516","661","616","690","522","525","536","569","536","480","435","435","343","256","215","209","129","63","33","5","-"
"Itainópolis (PI)","Total","605","595","648","730","749","702","703","757","807","783","771","748","593","502","438","314","175","110","40","19","1"
"Itaueira (PI)","Total","597","640","725","831","693","621","672","797","782","716","651","655","535","431","376","280","188","89","39","4","1"
"Jacobina do Piauí (PI)","Total","322","388","397","390","393","383","422","393","422","443","362","351","289","235","168","115","64","43","24","8","1"
"Jaicós (PI)","Total","1159","1203","1347","1369","1335","1225","1223","1347","1366","1154","1013","913","820","608","563","399","277","129","54","20","3"
"Jardim do Mulato (PI)","Total","275","271","330","329","263","259","291","290","268","290","259","299","205","167","125","106","86","45","18","4","-"
"Jatobá do Piauí (PI)","Total","204","227","307","342","301","269","281","314","352","312","328","284","243","215","201","128","108","52","22","2","2"
"Jerumenha (PI)","Total","281","297","312","351","331","346","306","325","293","276","301","264","225","184","146","118","73","45","18","4","1"
"João Costa (PI)","Total","201","205","209","218","179","209","195","237","244","200","203","188","160","98","91","68","42","17","3","3","-"
"Joaquim Pires (PI)","Total","1020","994","1095","1229","1177","1093","1037","1103","960","845","749","674","570","427","353","262","171","81","36","7","3"
"Joca Marques (PI)","Total","372","393","492","491","395","394","448","446","399","291","246","272","210","180","144","90","69","38","16","6","2"
"José de Freitas (PI)","Total","3066","3047","3234","3382","3346","3105","3347","3701","3289","2639","2234","2030","1709","1379","1153","792","593","300","146","52","15"
"Juazeiro do Piauí (PI)","Total","288","307","369","445","448","407","324","373","382","341","369","271","241","169","183","109","103","52","23","9","1"
"Júlio Borges (PI)","Total","422","433","400","455","403","390","368","383","395","323","286","283","242","179","141","123","80","52","27","3","-"
"Jurema (PI)","Total","327","306","340","364","306","290","338","350","367","283","267","236","167","149","122","115","52","29","14","3","-"
"Lagoinha do Piauí (PI)","Total","199","219","220","244","236","203","184","191","216","201","164","150","146","113","119","62","32","22","12","6","-"
"Lagoa Alegre (PI)","Total","520","606","626","798","659","610","580","654","594","529","458","404","329","243","248","186","117","54","24","13","4"
"Lagoa do Barro do Piauí (PI)","Total","343","348","367","387","409","414","375","420","385","314","267","243","194","150","137","126","69","24","20","2","1"
"Lagoa de São Francisco (PI)","Total","433","455","484","586","483","473","414","450","469","405","377","324","278","203","197","125","106","52","15","2","-"
"Lagoa do Piauí (PI)","Total","363","362","387","374","346","358","354","403","342","307","240","252","191","176","146","80","76","39","12","-","2"
"Lagoa do Sítio (PI)","Total","255","302","346","338","302","251","263","322","364","305","279","306","258","200","196","96","71","41","16","6","3"
"Landri Sales (PI)","Total","318","323","409","446","358","309","331","368","338","370","305","289","306","218","187","140","111","52","28","4","3"
"Luís Correia (PI)","Total","2063","2121","2408","2551","2400","2478","2376","2573","2304","2038","1683","1588","1169","971","827","492","354","148","76","12","9"
"Luzilândia (PI)","Total","1650","1846","2078","2207","1858","1771","2062","2246","1742","1516","1297","1219","1051","957","688","520","370","182","99","13","3"
"Madeiro (PI)","Total","592","653","709","796","644","606","682","634","563","445","380","366","279","225","169","122","83","54","23","6","1"
"Manoel Emídio (PI)","Total","296","338","381","376","393","374","362","414","415","364","284","308","251","202","180","103","98","43","18","8","1"
"Marcolândia (PI)","Total","700","672","734","714","830","680","708","588","575","477","449","425","309","226","143","126","100","57","13","4","3"
"Marcos Parente (PI)","Total","322","321","412","384","322","309","298","369","319","310","275","279","207","194","126","113","81","49","28","6","-"
"Massapê do Piauí (PI)","Total","241","299","366","465","386","318","351","434","442","368","287","282","261","200","204","148","87","49","23","7","-"
"Matias Olímpio (PI)","Total","837","875","946","970","749","800","766","834","711","602","546","489","399","358","308","220","121","73","28","5","4"
"Miguel Alves (PI)","Total","2616","2771","2872","2955","2676","2355","2356","2375","2080","1648","1404","1509","1258","1107","872","565","392","220","86","26","7"
"Miguel Leão (PI)","Total","68","100","116","125","106","100","81","93","110","86","68","76","54","42","40","24","13","9","5","1","1"
"Milton Brandão (PI)","Total","403","427","471","513","507","463","470","477","466","432","393","411","331","242","222","112","112","58","26","4","2"
"Monsenhor Gil (PI)","Total","656","717","737","747","753","657","706","838","748","660","565","578","480","375","393","281","194","112","43","13","2"
"Monsenhor Hipólito (PI)","Total","407","467","533","613","560","514","579","618","557","487","444","471","415","286","257","153","109","67","34","6","-"
"Monte Alegre do Piauí (PI)","Total","880","913","947","1022","811","782","716","775","702","628","522","562","407","371","251","187","97","53","24","7","3"
"Morro Cabeça no Tempo (PI)","Total","336","363","390","391","292","263","268","302","320","280","261","251","200","155","115","82","56","32","13","3","4"
"Morro do Chapéu do Piauí (PI)","Total","463","503","474","556","539","476","468","547","436","363","315","337","271","241","174","119","84","33","19","5","2"
"Murici dos Portelas (PI)","Total","715","725","846","966","845","747","701","791","724","565","469","450","332","303","264","167","102","55","21","8","1"
"Nazaré do Piauí (PI)","Total","451","404","518","523","432","369","405","458","475","475","442","402","346","281","276","184","106","67","41","8","2"
"Nazária (PI)","Total","804","848","896","799","753","628","759","772","739","559","502","527","511","383","315","202","130","87","40","6","2"
"Nossa Senhora de Nazaré (PI)","Total","294","330","355","386","370","315","372","423","413","374","296","300","261","237","182","140","100","47","20","12","1"
"Nossa Senhora dos Remédios (PI)","Total","633","729","715","822","721","684","638","628","596","468","381","383","307","269","227","150","87","46","30","8","3"
"Novo Oriente do Piauí (PI)","Total","331","358","402","492","408","384","384","466","483","421","372","375","342","259","238","148","119","77","25","13","-"
"Novo Santo Antônio (PI)","Total","153","185","200","215","191","150","173","232","215","197","171","162","149","144","148","69","43","20","9","1","-"
"Oeiras (PI)","Total","2418","2361","2844","3142","3059","2752","2759","3015","2953","2685","2239","1964","1706","1311","1090","817","532","337","127","43","7"
"Olho D'Água do Piauí (PI)","Total","193","178","210","219","229","150","157","203","210","168","141","143","117","103","87","66","38","13","7","4","1"
"Padre Marcos (PI)","Total","390","424","431","447","414","471","421","478","448","495","451","399","332","234","216","154","102","46","20","6","3"
"Paes Landim (PI)","Total","279","280","307","341","333","305","269","297","303","264","225","215","223","126","118","94","59","35","7","7","1"
"Pajeú do Piauí (PI)","Total","150","157","193","220","210","164","163","214","219","252","219","206","174","140","133","85","58","29","10","4","-"
"Palmeira do Piauí (PI)","Total","358","350","418","402","381","348","338","354","361","320","265","299","213","186","136","97","68","34","19","4","1"
"Palmeirais (PI)","Total","1000","1029","1157","1179","964","800","879","948","960","790","669","708","659","472","374","278","205","124","48","18","3"
"Paquetá (PI)","Total","217","224","242","275","274","228","256","293","298","290","250","269","217","134","119","112","62","34","15","4","-"
"Parnaguá (PI)","Total","844","766","926","968","818","700","707","709","672","555","498","515","441","337","264","155","122","59","32","13","2"
"Parnaíba (PI)","Total","10819","10925","11227","12248","13245","12876","12960","13405","12798","10781","9640","8673","6647","5279","4230","2808","1875","1057","505","129","32"
"Passagem Franca do Piauí (PI)","Total","271","296","330","351","372","310","324","308","313","242","192","211","185","145","121","68","48","28","14","6","-"
"Patos do Piauí (PI)","Total","255","287","331","416","354","319","361","410","435","401","364","364","315","255","216","169","93","47","22","9","2"
"Pau D'Arco do Piauí (PI)","Total","244","243","295","319","316","250","228","265","300","257","188","232","225","172","148","96","57","28","11","5","1"
"Paulistana (PI)","Total","1574","1563","1516","1792","1678","1522","1638","1631","1583","1368","1134","1038","828","652","611","451","252","137","65","18","4"
"Pavussu (PI)","Total","226","227","240","240","267","237","236","317","279","225","214","241","189","158","126","95","47","35","19","8","2"
"Pedro II (PI)","Total","2348","2580","2785","3174","3074","2697","2643","2906","2653","2326","2084","2084","1762","1500","1285","826","599","337","174","51","6"
"Pedro Laurentino (PI)","Total","180","156","208","200","195","131","161","174","190","163","155","146","125","103","75","39","33","18","5","-","1"
"Nova Santa Rita (PI)","Total","261","276","317","363","339","258","267","309","301","326","236","224","189","140","119","68","43","26","8","6","-"
"Picos (PI)","Total","5178","5243","5412","5889","6662","6893","6855","6879","6621","5797","5286","4745","3666","2519","2208","1482","1010","475","197","63","10"
"Pimenteiras (PI)","Total","717","744","796","938","849","770","688","749","833","834","734","672","517","443","422","268","207","89","57","12","2"
"Pio IX (PI)","Total","1171","1179","1363","1335","1408","1391","1332","1255","1249","1134","1088","1006","781","613","489","351","239","136","78","13","2"
"Piracuruca (PI)","Total","1804","2092","2089","2198","2247","2337","2361","2313","2002","1843","1654","1516","1282","975","869","599","373","185","81","25","1"
"Piripiri (PI)","Total","4131","4584","4644","4821","5342","4832","4881","5160","4893","4270","3746","3586","3079","2392","1999","1373","948","521","256","63","17"
"Porto (PI)","Total","1097","1081","1170","1139","1047","1006","894","873","693","622","528","505","416","324","259","170","112","77","23","11","5"
"Porto Alegre do Piauí (PI)","Total","200","178","175","216","166","169","157","194","166","136","122","120","102","86","62","53","33","19","8","2","-"
"Prata do Piauí (PI)","Total","195","220","226","241","219","203","225","232","195","162","153","159","187","140","97","76","53","42","17","-","-"
"Queimada Nova (PI)","Total","529","523","567","726","735","671","718","631","690","573","524","519","385","264","241","208","132","63","28","8","3"
"Redenção do Gurguéia (PI)","Total","714","639","743","816","660","559","604","635","607","483","367","382","350","314","221","158","70","39","25","7","1"
"Regeneração (PI)","Total","1236","1288","1468","1391","1129","1086","1183","1321","1257","987","947","956","849","635","540","385","262","132","55","23","3"
"Riacho Frio (PI)","Total","265","337","438","388","293","262","279","289","321","267","225","197","197","142","117","59","42","22","17","7","1"
"Ribeira do Piauí (PI)","Total","272","264","328","360","255","267","258","294","309","284","261","221","209","164","125","92","54","34","1","3","-"
"Ribeiro Gonçalves (PI)","Total","430","520","504","560","490","495","492","482","377","335","321","318","273","202","135","93","76","36","17","5","3"
"Rio Grande do Piauí (PI)","Total","324","350","414","442","395","346","326","427","426","422","390","350","293","261","228","188","121","58","30","9","1"
"Santa Cruz do Piauí (PI)","Total","315","337","394","470","444","332","368","458","485","424","352","346","301","246","221","160","90","55","24","8","1"
"Santa Cruz dos Milagres (PI)","Total","187","235","279","271","203","193","241","237","289","281","212","196","150","149","116","94","50","36","14","2","-"
"Santa Filomena (PI)","Total","481","521","516","572","549","543","444","483","395","329","272","271","222","175","107","90","73","33","7","3","1"
"Santa Luz (PI)","Total","367","351","475","493","384","323","361","466","415","318","252","266","249","205","174","124","59","32","13","8","1"
"Santana do Piauí (PI)","Total","207","231","300","328","282","238","262","343","327","277","278","257","227","163","163","113","83","32","10","3","1"
"Santa Rosa do Piauí (PI)","Total","264","282","348","401","329","258","276","333","338","323","311","298","236","206","175","130","85","39","17","1","-"
"Santo Antônio de Lisboa (PI)","Total","343","387","376","440","434","426","391","390","408","366","387","398","291","232","213","176","113","39","23","5","1"
"Santo Antônio dos Milagres (PI)","Total","147","176","203","194","168","154","141","170","161","129","106","80","79","81","58","36","34","16","3","2","-"
"Santo Inácio do Piauí (PI)","Total","203","220","222","271","259","222","220","246","289","298","241","229","207","191","138","88","47","30","15","8","2"
"São Braz do Piauí (PI)","Total","264","313","306","289","320","328","317","308","321","303","268","291","213","157","136","95","83","32","12","2","-"
"São Félix do Piauí (PI)","Total","142","155","196","203","138","164","181","224","196","163","180","205","170","148","138","94","75","46","18","4","2"
"São Francisco de Assis do Piauí (PI)","Total","375","390","449","487","438","408","403","431","447","364","316","312","249","178","144","93","54","23","7","4","-"
"São Francisco do Piauí (PI)","Total","309","333","378","426","354","279","288","380","423","354","335","376","322","281","235","138","91","55","19","16","-"
"São Gonçalo do Gurguéia (PI)","Total","228","209","246","262","227","231","188","209","229","184","160","146","130","114","64","58","31","21","9","1","-"
"São Gonçalo do Piauí (PI)","Total","355","382","422","375","357","344","333","361","352","306","271","242","221","159","154","89","68","31","13","2","-"
"São João da Canabrava (PI)","Total","224","254","291","338","282","251","224","314","321","302","268","289","253","198","169","119","87","36","14","5","3"
"São João da Fronteira (PI)","Total","406","413","459","482","460","378","358","415","359","362","335","294","218","186","153","108","80","34","16","5","1"
"São João da Serra (PI)","Total","343","386","440","483","377","359","353","461","433","416","366","373","325","320","294","159","131","64","24","6","1"
"São João da Varjota (PI)","Total","255","316","372","360","296","268","286","346","341","291","262","232","210","151","153","104","69","41","21","7","2"
"São João do Arraial (PI)","Total","631","667","666","820","646","592","594","691","562","456","363","340","322","268","230","146","112","48","23","9","-"
"São João do Piauí (PI)","Total","1545","1537","1664","1831","1772","1599","1668","1740","1555","1332","1146","1061","882","679","516","390","269","139","70","22","4"
"São José do Divino (PI)","Total","248","313","331","377","376","378","400","418","381","347","273","268","249","141","136","95","61","33","14","2","-"
"São José do Peixe (PI)","Total","147","209","272","306","225","174","185","241","266","224","190","221","197","146","117","71","58","29","11","8","-"
"São José do Piauí (PI)","Total","404","418","463","500","469","432","450","498","485","437","424","403","359","225","231","175","121","70","24","6","3"
"São Julião (PI)","Total","351","350","436","439","434","447","433","453","468","395","368","366","305","241","221","156","102","35","21","3","1"
"São Lourenço do Piauí (PI)","Total","215","261","286","296","314","301","276","318","335","272","305","311","241","196","173","141","92","49","23","4","1"
"São Luis do Piauí (PI)","Total","137","142","155","174","163","129","123","163","168","178","166","156","127","96","72","59","55","34","9","2","1"
"São Miguel da Baixa Grande (PI)","Total","121","141","160","186","139","116","141","207","167","141","139","136","124","97","96","76","42","24","12","4","-"
"São Miguel do Fidalgo (PI)","Total","201","156","247","239","214","189","160","224","209","216","157","148","126","106","76","81","39","29","10","1","1"
"São Miguel do Tapuio (PI)","Total","1063","1205","1290","1432","1256","1109","1154","1261","1304","1168","1068","1011","927","651","682","401","294","153","91","30","4"
"São Pedro do Piauí (PI)","Total","1045","1074","1160","1145","1091","903","932","989","996","827","721","694","611","510","380","303","189","119","44","21","1"
"São Raimundo Nonato (PI)","Total","2803","2860","2942","3037","3313","3235","2980","3221","3080","2487","2093","1878","1505","1089","931","648","431","246","117","28","10"
"Sebastião Barros (PI)","Total","225","229","333","281","238","223","203","238","198","193","176","192","135","113","97","62","34","16","12","4","-"
"Sebastião Leal (PI)","Total","304","328","366","372","331","278","313","372","338","272","262","259","190","141","131","98","55","22","12","2","-"
"Sigefredo Pacheco (PI)","Total","559","562","646","718","691","653","582","682","709","665","630","541","488","423","365","239","180","79","33","11","4"
"Simões (PI)","Total","1031","1086","1236","1274","1176","1079","1031","997","1052","954","759","701","527","412","364","293","205","112","45","14","2"
"Simplício Mendes (PI)","Total","924","980","1034","1001","995","1023","977","1045","1039","907","829","871","690","509","407","280","203","93","46","12","5"
"Socorro do Piauí (PI)","Total","221","261","325","310","304","266","243","322","299","287","256","239","206","192","165","116","67","38","17","6","1"
"Sussuapara (PI)","Total","373","365","415","453","473","453","414","426","514","460","405","388","294","243","209","158","109","40","22","5","1"
"Tamboril do Piauí (PI)","Total","219","217","220","244","208","230","200","208","210","212","181","172","142","95","78","59","26","15","7","5","1"
"Tanque do Piauí (PI)","Total","124","154","147","195","168","147","141","168","172","170","159","133","117","96","83","63","48","20","8","3","-"
"Teresina (PI)","Total","54739","57613","57785","62380","72129","67987","70233","75169","71445","58662","51651","46981","38479","29563","21818","13444","8315","4725","2251","760","171"
"União (PI)","Total","3481","3499","3678","3924","3813","3451","3392","3667","3272","2723","2266","2132","1804","1568","1352","901","641","349","155","48","3"
"Uruçuí (PI)","Total","1988","2118","2096","2195","2017","2189","2040","2062","1797","1396","1210","1105","858","715","569","387","249","120","62","24","6"
"Valença do Piauí (PI)","Total","1250","1389","1514","1659","1586","1430","1486","1746","1697","1565","1423","1416","1152","863","797","538","381","219","112","49","7"
"Várzea Branca (PI)","Total","372","372","383","437","418","346","377","371","339","311","301","291","237","165","122","87","73","28","21","2","2"
"Várzea Grande (PI)","Total","268","256","340","344","299","261","237","399","325","277","268","251","255","220","175","94","73","46","24","4","1"
"Vera Mendes (PI)","Total","182","176","205","231","212","209","210","234","227","208","205","243","187","135","120","80","64","35","16","5","1"
"Vila Nova do Piauí (PI)","Total","148","169","198","177","192","195","222","197","251","218","219","213","153","131","104","80","45","15","6","1","1"
"Wall Ferraz (PI)","Total","200","204","281","359","273","257","276","318","323","319","260","267","212","159","164","86","55","33","9","3","1"
"Abaiara (CE)","Total","756","701","771","713","794","841","725","780","716","637","551","498","420","332","293","225","146","86","40","10","3"
"Acarape (CE)","Total","994","1103","1124","1087","1286","1392","1140","1001","932","780","833","695","551","361","273","195","125","91","53","9","2"
"Acaraú (CE)","Total","5048","5062","4947","5268","5274","5476","5265","5372","4806","4145","3473","2992","2215","1837","1571","1141","745","396","164","55","12"
"Acopiara (CE)","Total","2650","2747","3314","3275","3180","2831","3079","3251","3361","3044","2773","2602","2342","1868","1698","1251","924","499","188","61","24"
"Aiuaba (CE)","Total","947","902","1051","1107","1022","981","974","945","975","898","877","846","687","531","506","334","262","133","69","26","3"
"Alcântaras (CE)","Total","744","824","768","901","901","965","878","867","789","699","606","667","466","390","331","209","181","107","54","19","3"
"Altaneira (CE)","Total","490","476","479","543","544","517","439","445","480","445","366","351","273","234","255","185","155","66","26","10","3"
"Alto Santo (CE)","Total","941","993","936","1079","1103","978","1041","1119","991","879","834","849","734","536","447","283","227","113","50","16","6"
"Amontada (CE)","Total","3537","3601","3687","3721","3458","3404","3085","3170","2696","2330","2132","1930","1414","1101","1093","751","554","287","137","57","11"
"Antonina do Norte (CE)","Total","422","464","580","601","587","456","463","482","505","515","440","369","328","275","261","232","146","77","33","5","4"
"Apuiarés (CE)","Total","846","864","894","1006","981","1023","922","957","894","823","754","801","591","466","389","295","209","120","65","17","11"
"Aquiraz (CE)","Total","4893","5630","5428","5441","6004","6271","6545","6831","6930","5657","5221","4443","3580","2522","2100","1363","979","512","206","75","14"
"Aracati (CE)","Total","4735","5144","5045","5417","5648","6153","6065","6110","5747","5189","4657","4218","3175","2494","2149","1489","879","467","232","73","27"
"Aracoiaba (CE)","Total","1688","1771","1881","1859","1987","1959","1904","1854","1920","1617","1441","1504","1199","899","775","507","402","228","110","44","4"
"Ararendá (CE)","Total","746","729","819","906","837","758","736","774","798","675","666","652","515","474","382","247","206","98","50","23","5"
"Araripe (CE)","Total","1502","1519","1646","1758","1520","1431","1427","1376","1366","1223","1078","983","776","604","559","425","329","166","74","18","3"
"Aratuba (CE)","Total","750","827","816","904","968","929","820","888","752","685","580","566","529","379","297","225","154","81","58","14","2"
"Arneiroz (CE)","Total","491","491","536","566","511","502","489","459","527","523","460","438","334","343","250","218","158","67","40","22","4"
"Assaré (CE)","Total","1415","1464","1477","1704","1690","1687","1506","1374","1490","1383","1235","1247","996","847","759","595","446","237","107","32","6"
"Aurora (CE)","Total","1472","1585","1615","1706","1755","1767","1646","1756","1756","1522","1479","1401","1121","909","797","627","452","217","84","34","13"
"Baixio (CE)","Total","330","315","409","433","381","385","385","436","473","390","336","352","296","231","214","137","118","44","28","9","2"
"Banabuiú (CE)","Total","1253","1241","1373","1396","1427","1458","1170","1178","1135","1027","983","975","746","573","492","281","261","143","65","16","2"
"Barbalha (CE)","Total","5706","5746","5795","5617","6333","6051","6304","6350","5793","4624","3913","3441","2690","2118","1687","1226","848","484","225","69","13"
"Barreira (CE)","Total","1619","1613","1640","1704","1753","1954","1753","1773","1604","1364","1274","1205","908","701","641","358","267","166","62","31","2"
"Barro (CE)","Total","1083","1200","1279","1441","1359","1360","1318","1320","1513","1387","1219","1157","896","804","683","536","433","250","106","30","7"
"Barroquinha (CE)","Total","987","1064","1027","1225","1191","1125","1096","1186","1124","990","775","718","515","481","462","283","174","92","40","6","6"
"Baturité (CE)","Total","2446","2481","2504","2718","2981","2973","2606","2653","2564","2274","2080","1952","1415","1090","852","623","507","300","154","39","6"
"Beberibe (CE)","Total","3410","3543","3570","3891","3905","3925","3775","4250","4263","3672","3137","3011","2371","2034","1767","1183","776","388","176","53","14"
"Bela Cruz (CE)","Total","2144","2271","2664","2441","2416","2449","2485","2754","2636","2303","1923","1628","1253","1028","952","654","445","186","102","37","4"
"Boa Viagem (CE)","Total","3414","3365","3677","4047","3846","3843","3503","3393","3226","3116","2998","2861","2341","2044","1732","1244","927","520","211","92","11"
"Brejo Santo (CE)","Total","3373","3305","3285","3431","4512","4165","4527","4369","4125","3498","2659","2407","2102","1604","1439","967","741","377","142","46","16"
"Camocim (CE)","Total","4355","4544","4608","5045","5338","5068","5037","4837","4747","4072","3632","3091","2335","1815","1542","1012","712","317","158","45","16"
"Campos Sales (CE)","Total","1644","1614","1863","1980","1972","1862","1870","1762","1686","1479","1526","1526","1134","958","806","595","471","238","113","31","5"
"Canindé (CE)","Total","5166","5426","5640","5800","5919","6047","5576","5587","4943","4369","4277","4018","3096","2511","2195","1440","1169","594","265","111","25"
"Capistrano (CE)","Total","1250","1250","1281","1369","1304","1383","1262","1363","1249","1028","917","925","783","594","463","314","261","151","80","22","5"
"Caridade (CE)","Total","1257","1272","1273","1345","1272","1250","1179","1203","1069","982","874","929","669","598","439","293","240","129","71","26","7"
"Cariré (CE)","Total","1191","1190","1171","1333","1394","1363","1231","1228","1180","1138","979","1079","826","655","610","475","300","167","78","32","12"
"Caririaçu (CE)","Total","1892","1977","2060","2169","2114","2060","1810","1906","1819","1627","1355","1310","1114","938","827","574","403","224","99","32","10"
"Cariús (CE)","Total","993","1088","1122","1146","1168","1182","1139","1214","1163","1106","1069","1111","908","729","659","504","388","218","72","32","4"
"Carnaubal (CE)","Total","1253","1314","1354","1418","1312","1290","1213","1199","1255","1067","912","965","740","582","467","361","253","149","75","20","11"
"Cascavel (CE)","Total","4717","5039","4773","5239","5572","6010","5584","5741","5822","4969","4496","4051","3040","2532","2011","1329","927","511","263","86","8"
"Catarina (CE)","Total","671","655","772","814","689","643","671","693","733","620","607","621","516","439","420","259","218","115","63","22","2"
"Catunda (CE)","Total","612","745","739","912","813","769","705","754","675","642","614","615","510","418","367","210","180","102","43","13","6"
"Caucaia (CE)","Total","25048","26872","26006","25586","29367","31561","31295","30254","27720","22701","21008","18641","13841","9443","6854","4298","2809","1470","623","241","41"
"Cedro (CE)","Total","1303","1279","1538","1642","1735","1380","1474","1597","1577","1479","1386","1329","1195","1064","811","625","489","265","127","41","8"
"Chaval (CE)","Total","887","963","960","928","977","949","932","904","896","828","737","701","476","371","353","294","174","94","31","6","1"
"Choró (CE)","Total","863","944","955","1017","854","975","843","855","756","711","662","687","562","449","370","242","195","109","45","18","1"
"Chorozinho (CE)","Total","1330","1464","1441","1499","1574","1722","1595","1563","1445","1420","1210","1169","832","611","481","334","251","138","57","23","4"
"Coreaú (CE)","Total","1544","1578","1508","1637","1933","1658","1654","1516","1380","1311","1152","1090","837","644","635","396","267","137","55","18","3"
"Crateús (CE)","Total","4853","4975","5173","5580","5916","5758","5494","5275","5652","4945","4761","4566","3743","2891","2506","1793","1304","715","344","125","21"
"Crato (CE)","Total","8809","9292","9534","9710","11046","10536","10327","10201","9934","8263","7354","6832","5494","4309","3488","2448","1822","1016","465","133","37"
"Croatá (CE)","Total","1195","1214","1291","1449","1347","1228","1194","1284","1194","1092","1029","1029","777","643","555","406","315","132","77","21","9"
"Cruz (CE)","Total","2264","2249","2109","2198","2332","2519","2520","2533","2316","1861","1580","1439","1087","896","738","522","345","164","56","23","10"
"Deputado Irapuan Pinheiro (CE)","Total","531","458","643","586","614","620","596","581","650","653","611","575","481","404","351","246","184","99","35","13","1"
"Ereré (CE)","Total","410","459","426","457","448","424","505","503","462","438","392","366","321","266","229","161","103","62","29","9","4"
"Eusébio (CE)","Total","4700","6177","5641","4700","4624","5616","7688","9137","7363","5207","3813","3038","2242","1547","1157","665","433","244","123","42","13"
"Farias Brito (CE)","Total","1146","1168","1365","1418","1369","1270","1297","1285","1298","1114","1086","989","841","682","668","544","379","181","85","27","5"
"Forquilha (CE)","Total","1652","1690","1706","1885","2098","2033","1986","1923","1660","1459","1373","1320","1011","718","660","395","347","143","76","33","5"
"Fortaleza (CE)","Total","138704","155660","154376","165546","189360","201977","197115","201946","194267","163156","156480","144145","114541","87773","66304","42675","28776","15752","7258","2463","434"
"Fortim (CE)","Total","1081","1118","1134","1324","1296","1443","1361","1375","1339","1229","1063","917","749","593","543","333","200","129","48","17","2"
"Frecheirinha (CE)","Total","1199","1261","1148","1177","1441","1549","1310","1156","1036","901","768","723","565","458","403","239","190","82","36","13","2"
"General Sampaio (CE)","Total","508","471","597","554","530","541","487","471","476","413","360","338","239","247","191","145","91","41","22","10","2"
"Graça (CE)","Total","910","978","1106","1083","1034","957","871","1034","987","872","837","818","617","524","465","319","233","84","54","16","2"
"Granja (CE)","Total","3835","3955","4231","4829","4821","4521","4021","3886","3696","3251","2742","2486","1884","1611","1453","1042","616","288","111","48","17"
"Granjeiro (CE)","Total","322","330","364","407","394","353","326","380","340","303","269","235","235","169","162","93","87","46","19","6","1"
"Groaíras (CE)","Total","668","701","701","767","880","884","891","782","732","676","650","758","478","408","349","235","185","93","52","18","2"
"Guaiúba (CE)","Total","1709","1836","1866","1870","2040","2101","1975","1896","1858","1552","1343","1186","942","702","545","376","301","137","64","22","4"
"Guaraciaba do Norte (CE)","Total","3183","3167","3221","3510","3455","3252","2866","3034","2892","2519","2221","2204","1796","1485","1228","840","585","349","169","66","11"
"Guaramiranga (CE)","Total","331","360","378","412","460","504","441","431","437","386","325","336","237","204","142","125","57","50","25","10","3"
"Hidrolândia (CE)","Total","1191","1194","1332","1338","1336","1236","1183","1239","1217","1153","995","1096","861","723","648","470","342","171","91","34","5"
"Horizonte (CE)","Total","5516","5684","5707","5643","6189","6616","6828","6679","6177","4788","4005","3229","2344","1856","1393","896","650","315","176","50","14"
"Ibaretama (CE)","Total","848","879","915","980","890","918","831","769","758","743","716","714","530","455","375","266","194","107","50","15","3"
"Ibiapina (CE)","Total","1787","1831","1905","1892","1782","1717","1843","1849","1618","1357","1251","1275","1076","877","720","466","345","214","119","33","8"
"Ibicuitinga (CE)","Total","675","809","811","855","813","860","938","937","922","751","702","663","528","431","348","243","176","97","42","9","1"
"Icapuí (CE)","Total","1346","1471","1537","1619","1447","1629","1676","1911","1757","1490","1349","1141","901","718","640","411","218","104","50","16","2"
"Icó (CE)","Total","3971","4219","4509","4941","4682","4453","4519","4824","4345","4049","3620","3696","3127","2475","2032","1357","1006","512","216","77","12"
"Iguatu (CE)","Total","6248","6341","6726","7044","7073","7375","7642","7884","7456","6412","5852","5598","4560","3713","2998","2155","1614","855","373","120","25"
"Independência (CE)","Total","1428","1375","1585","1739","1729","1607","1503","1632","1903","1685","1484","1568","1242","1025","870","682","494","278","143","41","11"
"Ipaporanga (CE)","Total","718","765","841","894","757","836","697","697","787","739","743","819","593","496","414","306","223","146","85","16","3"
"Ipaumirim (CE)","Total","847","911","862","967","903","860","834","883","924","730","583","638","541","492","405","264","251","120","49","18","1"
"Ipu (CE)","Total","2928","2917","2980","3154","3345","3042","2936","2969","2776","2516","2290","2236","1855","1560","1331","884","697","396","188","62","19"
"Ipueiras (CE)","Total","2435","2510","2757","3040","2643","2477","2376","2507","2624","2296","2128","2177","1830","1560","1373","861","633","348","156","59","8"
"Iracema (CE)","Total","900","924","927","1049","1006","1003","972","1114","990","880","821","795","670","615","524","328","248","133","67","25","10"
"Irauçuba (CE)","Total","1820","1851","2083","2166","2113","1942","1837","1751","1587","1369","1181","1156","959","658","535","406","280","126","74","14","7"
"Itaiçaba (CE)","Total","442","491","486","495","504","548","561","630","551","489","488","488","357","307","264","193","109","74","47","10","2"
"Itaitinga (CE)","Total","4088","4214","4068","3929","5842","7854","7981","6746","5527","3778","3133","2462","1683","1205","857","570","356","210","107","38","2"
"Itapajé (CE)","Total","3152","3409","3544","3788","3880","3829","3591","3645","3457","3091","2640","2329","1767","1334","1125","775","555","320","133","55","7"
"Itapipoca (CE)","Total","9944","10033","10543","11163","11391","10681","10444","10591","9483","7903","6461","6082","4677","3587","3150","2024","1531","798","459","150","28"
"Itapiúna (CE)","Total","1164","1313","1414","1383","1411","1396","1347","1338","1266","1061","955","959","795","657","536","338","269","134","72","26","7"
"Itarema (CE)","Total","3458","3380","3514","3761","3831","3650","3478","3442","3257","2510","2010","1898","1382","1029","861","633","468","225","134","32","4"
"Itatira (CE)","Total","1441","1451","1659","1873","1783","1578","1480","1385","1311","1171","1058","1059","844","728","608","396","328","154","75","31","11"
"Jaguaretama (CE)","Total","1202","1073","1148","1228","1264","1349","1209","1194","1165","1111","960","1048","942","808","574","389","274","176","84","30","4"
"Jaguaribara (CE)","Total","680","711","764","754","750","739","808","825","716","653","595","603","443","406","365","237","136","104","48","13","6"
"Jaguaribe (CE)","Total","2006","2249","2248","2368","2443","2317","2425","2680","2424","2278","1955","2088","1754","1387","1181","772","581","338","153","60","19"
"Jaguaruana (CE)","Total","1833","2110","2118","2171","2377","2547","2589","2630","2435","2150","2002","1877","1416","1117","947","651","390","168","109","54","10"
"Jardim (CE)","Total","1887","2108","2239","2329","2257","1932","2041","1948","2084","1675","1369","1282","1003","945","813","642","457","253","101","37","9"
"Jati (CE)","Total","561","589","579","596","564","572","546","571","553","491","446","426","367","271","245","194","140","95","28","18","9"
"Jijoca de Jericoacoara (CE)","Total","2053","1984","1893","2032","2442","2642","2343","2172","1918","1502","1279","969","708","545","434","301","187","98","41","8","4"
"Juazeiro do Norte (CE)","Total","20018","20632","20588","21593","25645","25884","24729","23239","22020","17791","15124","12974","10205","8074","6731","4689","3364","1790","768","197","65"
"Jucás (CE)","Total","1652","1663","1861","1754","1746","1714","1613","1699","1641","1449","1344","1356","1173","949","829","637","472","241","98","21","10"
"Lavras da Mangabeira (CE)","Total","1886","1948","2088","2262","2437","2203","2155","2184","2251","1907","1761","1857","1540","1323","1091","766","602","330","160","36","15"
"Limoeiro do Norte (CE)","Total","3526","3853","3971","3982","4522","4671","4661","4817","4451","4145","3874","3684","2800","2151","1803","1222","739","423","185","69","11"
"Madalena (CE)","Total","1166","1207","1263","1477","1384","1377","1213","1131","1109","1020","955","910","745","584","511","333","284","137","66","21","3"
"Maracanaú (CE)","Total","16209","17567","16640","16804","19033","20342","20254","20482","18693","15081","13672","12185","9287","6941","4790","3015","1825","1048","445","170","26"
"Maranguape (CE)","Total","6837","7478","7195","7486","8220","8938","9094","8731","8274","6773","6331","5684","4320","3181","2400","1755","1292","650","332","96","26"
"Marco (CE)","Total","1875","1923","1951","2276","2489","2258","2282","2168","1853","1474","1497","1077","853","514","499","387","242","113","46","18","4"
"Martinópole (CE)","Total","831","741","829","985","964","1042","832","771","718","640","563","531","348","291","304","205","134","67","35","9","6"
"Massapê (CE)","Total","2876","2719","2834","3072","3451","3327","3054","2829","2562","2305","2045","1869","1347","998","965","581","435","261","119","42","6"
"Mauriti (CE)","Total","3235","3303","3580","3524","3690","3646","3437","3332","3307","2920","2499","2280","1904","1473","1288","911","661","377","132","54","8"
"Meruoca (CE)","Total","1046","1120","1137","1148","1228","1287","1226","1241","996","844","780","791","605","496","469","279","206","143","77","33","5"
"Milagres (CE)","Total","1530","1692","1954","1968","2012","1863","1894","1911","1922","1771","1537","1475","1168","926","796","584","494","250","114","34","5"
"Milhã (CE)","Total","856","839","889","993","1111","1157","1008","1005","986","900","869","914","698","541","488","373","278","139","51","22","6"
"Miraíma (CE)","Total","1072","1063","1193","1304","1176","1135","1049","1075","932","883","680","724","551","439","340","234","170","99","50","24","3"
"Missão Velha (CE)","Total","2780","2785","3003","3031","3059","2953","2725","2691","2609","2264","1930","1673","1403","1133","1008","784","537","288","123","36","7"
"Mombaça (CE)","Total","2360","2429","2711","2950","2699","2601","2616","2787","2643","2268","2234","2195","1889","1509","1412","1063","737","399","162","57","14"
"Monsenhor Tabosa (CE)","Total","1133","1167","1164","1280","1317","1229","1223","1258","1235","1053","950","1018","814","696","634","362","309","187","86","26","8"
"Morada Nova (CE)","Total","3558","3727","3934","4124","4792","4699","4665","4726","4581","4234","3880","3798","2910","2451","2052","1433","951","558","269","77","24"
"Moraújo (CE)","Total","596","594","586","699","713","715","627","652","588","518","428","391","314","253","247","156","103","47","23","4","-"
"Morrinhos (CE)","Total","1809","1792","1948","1994","1972","1873","1718","1747","1502","1331","1103","1054","784","622","551","455","299","135","51","12","1"
"Mucambo (CE)","Total","859","912","1034","965","1004","945","959","983","866","858","827","850","689","579","550","340","241","115","66","22","2"
"Mulungu (CE)","Total","737","803","806","846","882","869","784","754","737","630","510","537","491","378","313","189","149","79","54","16","5"
"Nova Olinda (CE)","Total","1216","1249","1263","1184","1256","1300","1177","1180","1072","951","757","668","589","438","417","287","208","124","49","11","3"
"Nova Russas (CE)","Total","1979","1963","2176","2407","2310","2168","2044","2119","2193","1910","1756","1874","1566","1297","1135","724","543","337","131","57","10"
"Novo Oriente (CE)","Total","1719","1821","1929","2060","2172","2129","1878","1811","1952","1803","1697","1696","1362","1126","910","615","446","261","119","32","7"
"Ocara (CE)","Total","1482","1594","1729","1822","1767","1870","1803","1934","1795","1614","1520","1482","1121","927","750","541","399","203","104","29","7"
"Orós (CE)","Total","1101","1297","1336","1381","1283","1229","1219","1539","1430","1305","1314","1231","1102","959","776","489","377","191","90","22","4"
"Pacajus (CE)","Total","4796","5144","5024","5404","5959","6003","5979","6078","5890","4747","4138","3401","2551","1913","1548","1062","720","370","188","60","8"
"Pacatuba (CE)","Total","6247","6457","6035","5921","6535","7427","7433","7128","6276","4998","4482","4051","2985","2114","1434","901","604","323","117","47","9"
"Pacoti (CE)","Total","746","831","903","788","870","887","788","890","773","675","650","649","536","387","280","199","159","102","58","13","2"
"Pacujá (CE)","Total","397","399","469","478","394","444","451","446","418","416","366","385","308","248","202","159","105","52","22","14","2"
"Palhano (CE)","Total","532","590","663","684","573","643","707","792","773","630","546","534","438","389","342","240","136","73","39","18","4"
"Palmácia (CE)","Total","672","666","764","735","836","758","793","770","724","626","646","579","451","353","303","221","180","107","41","15","2"
"Paracuru (CE)","Total","2707","2931","2912","2887","3008","3021","2858","3162","3059","2665","2232","2105","1574","1213","1082","693","445","264","117","39","6"
"Paraipaba (CE)","Total","2235","2512","2401","2360","2665","2658","2342","2575","2416","2146","1838","1713","1264","981","799","544","378","236","97","44","12"
"Parambu (CE)","Total","2122","2069","2168","2564","2376","2373","2198","2016","2093","1970","1948","1889","1428","1187","1111","764","622","314","164","58","11"
"Paramoti (CE)","Total","667","668","740","846","871","793","685","733","710","673","623","615","464","365","359","234","179","85","56","15","3"
"Pedra Branca (CE)","Total","2372","2571","2865","3157","3053","3168","2876","2752","2828","2540","2372","2191","1905","1520","1462","1028","795","436","202","71","23"
"Penaforte (CE)","Total","705","699","700","727","781","713","647","633","659","544","482","436","358","296","206","158","114","66","30","16","2"
"Pentecoste (CE)","Total","2696","2735","2795","2758","3120","3057","2883","2834","2719","2355","2270","2119","1609","1198","960","683","550","271","133","52","16"
"Pereiro (CE)","Total","966","1032","1087","1142","1237","1114","1067","1122","1078","904","904","802","763","640","522","347","285","146","88","24","4"
"Pindoretama (CE)","Total","1634","1689","1604","1629","1718","1882","1827","1798","1897","1564","1591","1225","933","748","634","422","322","165","76","30","3"
"Piquet Carneiro (CE)","Total","889","967","1086","1180","1251","1207","1275","1266","1266","1060","970","958","833","689","666","458","344","143","83","20","5"
"Pires Ferreira (CE)","Total","642","663","767","916","1000","798","699","634","685","721","645","667","466","381","317","230","190","118","47","16","4"
"Poranga (CE)","Total","834","862","902","968","866","859","818","890","856","790","691","659","535","440","402","296","223","106","53","12","3"
"Porteiras (CE)","Total","1231","1241","1282","1327","1366","1271","1351","1293","1234","1057","866","798","687","591","504","351","308","193","73","20","6"
"Potengi (CE)","Total","596","612","740","761","664","572","575","645","600","516","507","501","430","298","281","219","167","99","35","12","3"
"Potiretama (CE)","Total","398","375","388","481","498","445","428","410","483","404","356","325","274","215","204","117","88","56","13","12","4"
"Quiterianópolis (CE)","Total","1277","1327","1432","1577","1394","1463","1384","1459","1551","1333","1267","1206","987","736","666","473","354","195","93","33","6"
"Quixadá (CE)","Total","6270","6159","6215","6541","6923","7443","6402","6223","5663","4995","4633","4423","3504","2691","2320","1524","1220","615","294","95","15"
"Quixelô (CE)","Total","919","915","1105","1048","1001","1065","1073","1111","1185","1133","1012","1035","888","752","686","425","317","155","65","17","3"
"Quixeramobim (CE)","Total","5881","5590","5828","6278","7086","7252","6536","5677","5599","4823","4655","4432","3500","2856","2317","1562","1244","618","325","97","21"
"Quixeré (CE)","Total","1289","1419","1493","1488","1613","1748","1827","1705","1516","1315","1287","1115","861","705","602","428","223","146","59","31","4"
"Redenção (CE)","Total","1845","1957","2033","2045","2207","2183","1997","2003","1858","1687","1608","1549","1174","971","809","545","374","213","113","38","5"
"Reriutaba (CE)","Total","1254","1304","1440","1483","1376","1361","1268","1352","1296","1134","1062","977","865","733","630","416","354","174","93","31","3"
"Russas (CE)","Total","4525","4793","4897","5019","5663","5898","6164","6024","5790","4987","4301","4089","3175","2408","2113","1407","862","467","243","88","15"
"Saboeiro (CE)","Total","898","963","1070","1083","946","945","932","912","969","822","796","853","694","585","538","353","286","128","47","23","11"
"Salitre (CE)","Total","1373","1310","1430","1474","1562","1249","1302","1206","1060","941","842","761","571","460","389","317","211","107","49","17","2"
"Santana do Acaraú (CE)","Total","2177","2106","2327","2671","2706","2519","2366","2354","2076","1934","1621","1512","1138","860","797","657","465","213","94","27","8"
"Santana do Cariri (CE)","Total","1208","1304","1388","1434","1403","1200","1157","1282","1169","999","904","865","721","567","499","349","281","137","58","23","6"
"Santa Quitéria (CE)","Total","2543","2672","2867","3144","3121","3090","2910","2872","2753","2592","2334","2376","1863","1488","1399","903","681","336","169","60","10"
"São Benedito (CE)","Total","3745","3634","3911","3783","3721","3654","3565","3624","3460","2827","2484","2336","1909","1571","1342","836","638","357","172","58","13"
"São Gonçalo do Amarante (CE)","Total","3812","4339","4167","4116","4487","4558","4454","4487","4290","3563","3063","2542","1907","1430","1135","794","534","278","121","54","12"
"São João do Jaguaribe (CE)","Total","271","280","300","336","346","358","312","396","408","485","461","440","377","298","281","223","136","88","41","17","1"
"São Luís do Curu (CE)","Total","742","757","781","729","808","802","838","763","771","724","685","614","532","379","365","207","165","94","54","11","1"
"Senador Pompeu (CE)","Total","1510","1554","1602","1720","1861","1746","1755","1688","1635","1482","1517","1553","1272","1010","849","627","467","259","112","34","13"
"Senador Sá (CE)","Total","525","552","577","595","613","601","599","581","477","420","331","351","299","218","223","137","80","50","22","7","4"
"Sobral (CE)","Total","13565","14614","13540","14724","18195","19144","18466","17210","15391","12656","11215","10082","7387","5561","4586","2880","2058","1058","481","177","33"
"Solonópole (CE)","Total","1007","1078","1165","1294","1319","1312","1239","1350","1372","1189","1197","1133","997","844","663","442","340","141","71","19","7"
"Tabuleiro do Norte (CE)","Total","1769","1877","2015","2020","2292","2306","2170","2278","2261","2281","2181","1921","1584","1170","993","678","469","237","108","35","7"
"Tamboril (CE)","Total","1587","1560","1760","1928","1740","1857","1698","1761","1746","1585","1428","1510","1236","1022","891","585","466","251","142","50","12"
"Tarrafas (CE)","Total","416","493","572","564","580","514","515","516","494","426","469","468","405","346","275","195","157","86","31","6","1"
"Tauá (CE)","Total","3937","4022","3998","4657","4865","4632","4397","4298","4375","3782","3593","3491","2955","2357","2163","1530","1171","602","278","101","23"
"Tejuçuoca (CE)","Total","1267","1375","1414","1427","1437","1356","1354","1317","1116","1061","848","860","601","527","453","322","220","116","58","20","5"
"Tianguá (CE)","Total","6504","6441","6333","6474","7336","7448","6966","6548","5868","4702","3999","3535","2856","2137","1779","1135","794","405","178","52","16"
"Trairi (CE)","Total","4633","4613","4740","4693","4501","4868","4372","4544","4162","3525","3056","2970","2137","1730","1460","998","715","385","215","85","13"
"Tururu (CE)","Total","1114","1219","1172","1249","1160","1335","1190","1137","1019","968","833","854","588","486","377","304","220","124","48","13","2"
"Ubajara (CE)","Total","2531","2505","2639","2648","2604","2482","2469","2562","2477","1991","1684","1555","1310","1060","890","560","396","258","98","36","12"
"Umari (CE)","Total","385","421","454","538","506","465","445","516","540","447","390","416","353","277","268","176","160","77","31","6","-"
"Umirim (CE)","Total","1351","1426","1412","1365","1410","1508","1367","1290","1170","1051","924","845","667","502","451","316","207","119","58","22","9"
"Uruburetama (CE)","Total","1607","1593","1553","1628","1715","1766","1635","1568","1433","1188","1079","948","731","554","442","336","216","107","65","23","2"
"Uruoca (CE)","Total","958","1019","1067","1074","1182","1207","1115","1000","979","884","724","704","511","398","349","286","154","82","39","10","4"
"Varjota (CE)","Total","1286","1406","1311","1388","1490","1360","1316","1356","1244","1100","1024","951","768","606","557","407","285","148","74","22","6"
"Várzea Alegre (CE)","Total","2251","2507","2632","2961","2911","2871","2847","2904","2709","2550","2275","2232","1933","1567","1326","1068","751","432","195","58","4"
"Viçosa do Ceará (CE)","Total","4688","4627","4873","5094","5211","5134","4526","4460","4091","3483","3047","2747","2120","1675","1410","1069","792","383","207","56","19"
"Acari (RN)","Total","521","616","668","679","729","743","717","848","879","739","715","662","556","449","391","257","215","124","57","27","5"
"Açu (RN)","Total","3444","3715","4068","4320","4485","4282","4306","4834","4429","3790","3627","3367","2467","1750","1386","949","670","359","148","70","30"
"Afonso Bezerra (RN)","Total","715","723","805","872","922","817","774","790","720","695","670","680","508","343","279","202","154","108","40","18","4"
"Água Nova (RN)","Total","173","195","226","225","225","245","185","263","225","208","159","147","121","110","104","57","47","18","9","2","2"
"Alexandria (RN)","Total","760","832","897","1031","962","929","919","956","1064","925","838","868","712","561","502","368","247","164","64","35","6"
"Almino Afonso (RN)","Total","227","252","350","377","304","321","314","334","360","333","301","329","275","176","159","108","94","43","16","14","-"
"Alto do Rodrigues (RN)","Total","799","890","914","970","949","929","935","1029","1041","886","772","724","548","327","279","230","144","65","38","13","2"
"Angicos (RN)","Total","675","746","748","868","853","868","966","967","830","692","690","692","638","478","334","230","175","112","42","24","4"
"Antônio Martins (RN)","Total","341","379","429","510","479","426","380","514","561","481","415","408","338","298","250","145","109","67","34","11","2"
"Apodi (RN)","Total","1974","2118","2328","2435","2588","2813","2805","2926","2850","2602","2423","2406","1878","1351","1024","620","512","260","129","35","16"
"Areia Branca (RN)","Total","1479","1618","1603","1775","1784","1682","1685","1771","1961","1646","1600","1618","1311","845","662","467","328","158","67","26","7"
"Arês (RN)","Total","924","991","1073","1037","1105","994","977","1013","966","832","814","757","577","400","269","221","146","90","46","14","5"
"Campo Grande (RN)","Total","504","592","609","815","771","778","690","799","749","656","586","600","444","333","278","191","168","105","40","19","3"
"Baía Formosa (RN)","Total","583","623","664","734","679","610","588","707","645","634","599","570","380","282","226","135","105","43","17","-","1"
"Baraúna (RN)","Total","1756","2013","2125","2367","2378","2209","2039","2307","2065","1893","1502","1249","944","704","534","377","242","115","63","21","10"
"Barcelona (RN)","Total","250","227","247","293","331","280","276","282","274","277","271","241","197","153","131","108","80","49","14","2","3"
"Bento Fernandes (RN)","Total","326","315","352","406","403","376","351","355","336","294","260","271","211","166","147","108","72","35","11","7","5"
"Bodó (RN)","Total","129","124","170","224","151","148","169","186","157","167","167","141","100","68","70","58","42","20","12","2","1"
"Bom Jesus (RN)","Total","645","652","773","854","809","746","705","735","750","638","531","543","455","310","298","223","134","91","46","11","3"
"Brejinho (RN)","Total","788","936","919","993","943","888","966","963","924","765","642","621","515","397","376","249","156","97","45","12","7"
"Caiçara do Norte (RN)","Total","477","481","517","539","473","479","434","519","496","432","331","322","222","224","137","87","68","28","20","5","2"
"Caiçara do Rio do Vento (RN)","Total","244","239","226","242","242","259","244","244","233","214","175","164","157","128","83","85","49","27","7","5","1"
"Caicó (RN)","Total","3258","3494","3657","4051","4538","4464","4681","5155","4974","4217","4052","4074","3109","2431","1901","1310","956","515","213","75","21"
"Campo Redondo (RN)","Total","632","676","689","740","810","793","765","714","715","649","606","632","487","325","339","255","212","100","49","25","2"
"Canguaretama (RN)","Total","2289","2399","2488","2539","2402","2352","2195","2143","2108","1818","1798","1480","1190","778","642","443","316","167","87","27","7"
"Caraúbas (RN)","Total","1035","1131","1303","1458","1431","1416","1465","1615","1435","1336","1301","1295","949","800","611","459","344","211","85","35","12"
"Carnaúba dos Dantas (RN)","Total","503","517","570","576","562","632","551","631","680","525","496","454","371","296","244","166","115","63","22","18","-"
"Carnaubais (RN)","Total","581","648","754","767","743","701","698","835","753","628","628","585","483","284","228","176","115","50","34","15","8"
"Ceará-Mirim (RN)","Total","5532","5887","6411","6448","6682","6286","6177","6404","5948","5007","4466","3770","3070","2142","1889","1333","855","470","227","91","20"
"Cerro Corá (RN)","Total","669","654","879","866","812","768","813","925","755","713","640","611","544","374","351","245","195","105","55","22","4"
"Coronel Ezequiel (RN)","Total","326","326","344","369","373","398","390","416","345","336","281","301","224","186","176","129","104","49","24","15","5"
"Coronel João Pessoa (RN)","Total","251","264","298","337","365","299","299","319","285","263","262","251","215","152","135","96","99","28","14","5","-"
"Cruzeta (RN)","Total","436","446","503","535","511","563","552","651","629","522","542","600","412","352","288","195","139","75","36","18","-"
"Currais Novos (RN)","Total","2301","2444","2633","2780","3024","2903","2866","3202","3339","2852","2662","2720","2130","1611","1446","999","741","384","181","72","23"
"Doutor Severiano (RN)","Total","413","440","524","570","475","456","516","596","550","432","356","400","365","312","268","151","111","61","35","12","1"
"Parnamirim (RN)","Total","15249","16614","16482","16953","19845","21088","21585","22518","21711","18126","15985","14427","11140","7653","5719","3429","2250","1185","502","217","38"
"Encanto (RN)","Total","401","400","441","429","442","425","469","467","432","361","377","355","294","229","201","112","107","47","18","8","1"
"Equador (RN)","Total","324","324","389","395","421","413","352","418","398","363","332","313","261","183","183","112","91","47","34","6","1"
"Espírito Santo (RN)","Total","701","764","837","878","874","819","757","761","731","683","601","568","424","362","317","212","189","80","35","14","13"
"Extremoz (RN)","Total","4770","4953","4955","4637","4490","5386","5893","6185","5140","3797","3243","2543","2015","1347","951","602","414","192","82","35","5"
"Felipe Guerra (RN)","Total","238","336","393","424","413","382","472","412","470","436","474","409","286","254","189","130","111","58","32","18","7"
"Fernando Pedroza (RN)","Total","174","206","217","191","189","225","232","252","209","162","188","200","160","88","82","63","52","24","15","7","2"
"Florânia (RN)","Total","567","616","692","716","705","767","794","791","786","682","653","677","454","371","367","206","209","88","38","17","-"
"Francisco Dantas (RN)","Total","149","159","164","199","169","191","167","218","239","183","179","169","131","138","88","63","43","30","16","5","-"
"Frutuoso Gomes (RN)","Total","249","216","320","298","267","281","279","290","306","294","278","259","207","179","143","102","89","34","17","7","7"
"Galinhos (RN)","Total","158","175","155","167","171","162","165","178","154","134","135","109","87","56","33","30","27","5","2","1","-"
"Goianinha (RN)","Total","2093","2142","2192","2295","2250","2200","2130","2135","1890","1695","1414","1258","1000","702","525","358","253","123","59","17","10"
"Governador Dix-Sept Rosado (RN)","Total","675","771","853","897","844","936","881","884","810","818","820","778","614","430","331","261","194","93","33","14","1"
"Grossos (RN)","Total","563","671","617","730","689","723","883","820","709","647","689","686","522","311","261","201","114","53","24","8","3"
"Guamaré (RN)","Total","1081","1203","1374","1301","1154","1250","1254","1258","1164","1040","890","714","515","339","291","215","129","84","22","11","6"
"Ielmo Marinho (RN)","Total","763","879","906","1033","980","882","868","814","833","781","667","601","447","359","313","214","132","94","34","11","4"
"Ipanguaçu (RN)","Total","908","1026","1044","1275","1163","1003","1032","1200","1134","918","766","808","550","420","357","226","145","75","44","16","21"
"Ipueira (RN)","Total","108","125","109","137","152","118","138","136","140","134","127","142","128","104","79","58","51","30","14","5","-"
"Itajá (RN)","Total","438","501","585","670","559","504","585","587","597","501","446","421","266","194","153","112","87","52","26","7","1"
"Itaú (RN)","Total","311","322","350","386","342","375","349","372","369","413","386","382","312","206","166","123","82","41","25","6","2"
"Jaçanã (RN)","Total","499","473","548","574","608","618","582","576","536","564","483","426","327","288","257","217","141","80","21","14","2"
"Jandaíra (RN)","Total","486","472","507","593","545","507","515","529","510","397","299","354","257","188","148","108","72","37","27","9","2"
"Janduís (RN)","Total","282","288","355","389","324","316","277","379","377","292","263","308","241","187","170","105","97","53","31","9","3"
"Januário Cicco (RN)","Total","622","613","713","756","721","710","672","664","623","603","499","460","390","312","269","178","134","70","25","12","5"
"Japi (RN)","Total","350","367","404","412","397","400","388","412","323","294","272","260","237","175","135","136","80","52","16","7","-"
"Jardim de Angicos (RN)","Total","173","175","183","205","169","169","160","201","154","147","140","127","134","79","70","60","51","24","11","4","1"
"Jardim de Piranhas (RN)","Total","902","874","970","1030","1069","1111","1042","1127","1140","963","858","838","602","485","372","241","205","83","49","13","3"
"Jardim do Seridó (RN)","Total","502","562","575","678","783","782","755","899","887","827","805","892","715","624","527","362","252","144","61","20","3"
"João Câmara (RN)","Total","2509","2472","2593","2844","2910","2780","2653","2706","2363","2096","1654","1526","1178","883","799","572","402","221","92","28","9"
"João Dias (RN)","Total","123","134","169","141","151","168","158","147","173","131","116","135","101","67","57","34","35","24","10","2","-"
"José da Penha (RN)","Total","344","312","354","398","451","404","373","420","449","350","385","375","274","249","224","189","140","71","25","12","4"
"Jucurutu (RN)","Total","988","1052","1189","1251","1268","1216","1305","1587","1422","1238","1097","1049","890","722","536","411","287","166","83","31","5"
"Jundiá (RN)","Total","266","275","259","321","307","285","273","315","252","203","183","200","162","113","109","85","74","38","14","3","2"
"Lagoa d'Anta (RN)","Total","506","488","508","596","550","532","523","528","432","419","372","348","245","171","152","113","98","52","15","6","-"
"Lagoa de Pedras (RN)","Total","479","517","545","635","661","559","498","576","535","471","408","376","263","255","218","139","94","68","29","9","3"
"Lagoa de Velhos (RN)","Total","175","161","201","207","174","211","197","193","180","184","135","140","122","84","87","39","40","24","10","3","-"
"Lagoa Nova (RN)","Total","1012","1166","1188","1282","1194","1163","1223","1274","1143","962","829","830","642","510","418","284","228","133","56","31","5"
"Lagoa Salgada (RN)","Total","607","607","668","703","675","688","605","633","563","505","481","430","321","243","220","164","109","57","26","9","5"
"Lajes (RN)","Total","602","589","703","778","772","769","739","745","707","618","556","579","460","371","318","233","175","91","40","19","2"
"Lajes Pintadas (RN)","Total","278","313","325","350","349","349","373","389","332","305","295","291","219","168","170","119","83","47","21","9","2"
"Lucrécia (RN)","Total","172","217","245","273","235","264","242","278","275","261","223","194","174","129","117","85","61","30","8","7","-"
"Luís Gomes (RN)","Total","582","653","707","784","630","626","584","699","644","561","525","494","414","354","292","225","162","72","42","14","6"
"Macaíba (RN)","Total","5850","6454","6104","6336","6209","6486","6697","6966","6463","5535","4864","4192","3193","2290","1774","1232","861","451","202","74","16"
"Macau (RN)","Total","1559","1792","1853","1961","1962","1870","1913","2083","2149","1956","1984","1904","1544","933","714","537","376","169","82","19","9"
"Major Sales (RN)","Total","240","252","339","313","259","262","292","318","279","233","206","216","177","191","133","93","60","37","21","3","-"
"Marcelino Vieira (RN)","Total","449","437","566","591","639","533","608","638","569","438","449","477","402","358","293","207","145","64","22","9","2"
"Martins (RN)","Total","423","471","553","595","492","556","549","631","625","549","504","544","421","392","348","219","177","74","39","16","1"
"Maxaranguape (RN)","Total","682","751","876","948","865","772","734","766","747","636","563","539","406","329","274","171","104","54","25","11","2"
"Messias Targino (RN)","Total","244","269","307","339","365","336","297","318","322","291","280","250","174","167","123","94","57","20","15","4","2"
"Montanhas (RN)","Total","863","819","935","900","964","818","838","805","803","699","630","615","465","332","344","245","179","122","45","17","6"
"Monte Alegre (RN)","Total","1615","1721","1736","1921","1908","1950","1822","1663","1536","1524","1288","1166","944","662","586","459","278","158","70","20","4"
"Monte das Gameleiras (RN)","Total","158","149","158","155","187","188","187","164","161","145","134","155","94","68","62","38","40","19","13","1","-"
"Mossoró (RN)","Total","15819","17299","17815","18539","20198","20772","21821","22674","22073","17957","17136","15744","12161","8590","6472","4142","2906","1509","652","243","55"
"Natal (RN)","Total","42640","46579","46549","49620","57881","58542","56842","59971","59019","50094","48363","47005","39192","30607","23202","15328","10197","5704","2767","1007","191"
"Nísia Floresta (RN)","Total","2156","2311","2283","2343","2729","3082","2712","2635","2279","2071","1856","1627","1242","904","689","486","298","140","66","27","6"
"Nova Cruz (RN)","Total","2303","2280","2503","2788","2768","2593","2564","2691","2472","2197","1977","1957","1423","1073","965","686","549","275","155","36","14"
"Olho d'Água do Borges (RN)","Total","179","181","237","284","289","251","273","266","285","288","273","264","194","187","153","129","96","55","18","3","-"
"Ouro Branco (RN)","Total","273","310","307","321","311","302","345","391","354","323","298","330","266","256","183","142","99","56","30","16","-"
"Paraná (RN)","Total","220","263","307","298","276","250","257","333","321","232","205","243","202","153","135","114","61","40","13","5","6"
"Paraú (RN)","Total","189","178","223","275","262","241","230","271","255","266","239","274","176","150","119","95","69","42","18","6","1"
"Parazinho (RN)","Total","389","336","373","443","404","403","361","409","336","265","220","206","168","150","119","97","54","35","21","11","1"
"Parelhas (RN)","Total","1250","1473","1608","1480","1570","1513","1741","1813","1604","1360","1207","1291","1005","810","685","438","311","196","103","37","4"
"Rio do Fogo (RN)","Total","799","764","865","928","866","802","687","817","780","694","583","481","333","305","254","159","136","63","24","10","1"
"Passa e Fica (RN)","Total","737","732","815","793","830","822","851","878","788","738","598","621","458","333","316","235","200","86","44","19","2"
"Passagem (RN)","Total","178","230","204","251","228","239","213","244","229","245","202","136","116","140","79","92","48","23","13","3","2"
"Patu (RN)","Total","574","686","804","843","849","814","713","793","876","778","714","646","521","430","370","240","197","88","48","15","8"
"Santa Maria (RN)","Total","340","339","349","452","387","378","330","385","337","308","296","238","187","157","137","100","66","36","19","6","-"
"Pau dos Ferros (RN)","Total","1835","1839","1987","2152","2559","2537","2455","2643","2345","2011","1914","1738","1299","1001","828","553","404","236","99","30","14"
"Pedra Grande (RN)","Total","286","265","271","350","296","278","271","277","269","238","197","155","120","103","105","75","32","14","7","9","-"
"Pedra Preta (RN)","Total","147","156","187","189","197","195","175","189","145","158","139","143","120","87","88","56","35","17","9","8","1"
"Pedro Avelino (RN)","Total","399","446","469","479","497","469","419","471","417","371","331","378","321","223","208","138","112","65","23","5","1"
"Pedro Velho (RN)","Total","1006","1048","1146","1134","989","1020","1068","1045","899","832","754","758","577","454","402","256","217","119","50","44","6"
"Pendências (RN)","Total","694","842","895","1039","901","885","874","993","951","819","798","746","581","385","333","249","164","69","39","15","6"
"Pilões (RN)","Total","142","169","190","241","196","189","169","258","228","228","180","180","147","135","124","77","55","36","13","7","1"
"Poço Branco (RN)","Total","798","836","998","1113","1071","942","973","1003","888","773","676","553","500","392","323","228","183","86","35","17","2"
"Portalegre (RN)","Total","418","452","591","522","494","518","537","586","531","459","486","506","411","361","255","166","147","83","54","20","4"
"Porto do Mangue (RN)","Total","387","393","376","438","426","442","373","375","382","329","331","303","216","153","132","73","59","25","6","3","6"
"Serra Caiada (RN)","Total","723","769","820","941","850","852","773","715","737","536","500","507","383","296","282","188","135","63","38","15","2"
"Pureza (RN)","Total","723","727","770","842","791","699","678","681","624","561","522","521","344","248","248","171","119","56","30","4","3"
"Rafael Fernandes (RN)","Total","320","318","375","414","399","418","400","466","383","335","330","338","214","240","178","127","101","50","19","7","-"
"Rafael Godeiro (RN)","Total","142","167","220","254","191","176","174","197","215","212","224","217","134","122","116","69","67","24","13","-","-"
"Riacho da Cruz (RN)","Total","163","148","222","234","197","178","171","215","201","183","184","154","129","79","75","63","61","21","14","6","3"
"Riacho de Santana (RN)","Total","197","245","306","350","281","239","284","321","299","257","256","261","208","184","162","112","79","49","27","8","2"
"Riachuelo (RN)","Total","454","543","508","673","624","665","577","527","488","468","402","389","326","242","172","144","96","48","27","12","4"
"Rodolfo Fernandes (RN)","Total","227","272","263","360","288","326","264","285","333","303","273","266","242","156","151","101","72","27","20","9","4"
"Tibau (RN)","Total","303","346","352","413","448","387","401","446","525","366","340","301","240","195","147","81","47","22","16","5","1"
"Ruy Barbosa (RN)","Total","226","194","200","266","271","256","222","188","214","231","190","207","142","134","80","77","58","32","11","6","1"
"Santa Cruz (RN)","Total","2419","2736","2786","2842","2973","2996","2977","3078","2766","2266","2115","1926","1523","1141","1017","749","522","281","134","56","10"
"Santana do Matos (RN)","Total","677","720","819","803","745","832","884","983","894","880","803","900","671","529","455","362","261","152","61","17","8"
"Santana do Seridó (RN)","Total","170","173","167","191","184","174","195","228","224","155","164","187","134","113","74","61","55","27","15","5","-"
"Santo Antônio (RN)","Total","1424","1408","1609","1834","1756","1795","1625","1745","1659","1488","1278","1205","908","701","634","464","373","157","79","24","11"
"São Bento do Norte (RN)","Total","242","209","277","298","247","244","239","289","215","205","179","174","132","112","92","57","55","24","11","3","-"
"São Bento do Trairí (RN)","Total","229","245","299","297","287","280","305","316","243","224","217","236","173","123","112","90","69","28","14","4","1"
"São Fernando (RN)","Total","173","188","217","221","239","248","230","275","255","226","249","257","196","158","136","94","80","36","8","5","1"
"São Francisco do Oeste (RN)","Total","232","278","253","297","283","299","315","331","334","282","270","250","198","174","160","77","71","35","14","5","3"
"São Gonçalo do Amarante (RN)","Total","8129","8667","8506","8505","9050","9536","10080","10859","9946","7889","6692","5623","4099","2977","2196","1447","923","403","202","91","18"
"São João do Sabugi (RN)","Total","302","318","391","411","371","385","420","467","436","400","388","408","315","263","274","172","146","56","25","7","1"
"São José de Mipibu (RN)","Total","3453","3743","3726","3870","3626","3685","3802","3914","3486","2974","2675","2367","1782","1383","1039","805","533","254","106","50","13"
"São José do Campestre (RN)","Total","631","756","786","873","922","889","871","830","758","682","645","628","482","407","338","240","196","112","55","16","4"
"São José do Seridó (RN)","Total","264","276","296","339","313","341","359","382","354","291","273","308","230","168","133","111","70","29","18","2","1"
"São Miguel (RN)","Total","1456","1486","1768","2009","1975","1753","1744","1787","1717","1420","1327","1268","1089","790","743","506","391","208","78","19","3"
"São Miguel do Gostoso (RN)","Total","761","804","787","871","855","858","898","868","701","636","497","493","349","276","236","161","97","45","21","4","3"
"São Paulo do Potengi (RN)","Total","1005","1100","1236","1319","1304","1233","1293","1336","1161","1058","1022","993","822","573","452","337","275","157","75","28","7"
"São Pedro (RN)","Total","377","376","414","442","456","400","409","402","411","417","355","303","254","249","173","148","102","53","25","9","1"
"São Rafael (RN)","Total","384","434","460","578","514","470","541","641","605","531","509","525","429","313","270","200","141","114","34","14","4"
"São Tomé (RN)","Total","539","596","684","724","734","749","736","699","608","689","610","554","555","389","394","276","205","150","53","25","3"
"São Vicente (RN)","Total","365","352","430","430","453","455","428","511","512","433","388","432","320","248","203","147","103","62","29","8","1"
"Senador Elói de Souza (RN)","Total","396","430","445","489","454","478","438","396","400","376","360","344","261","233","169","127","78","55","19","11","6"
"Senador Georgino Avelino (RN)","Total","334","330","342","400","310","309","281","304","319","256","210","149","167","112","97","84","37","15","4","4","1"
"Serra de São Bento (RN)","Total","372","392","423","454","435","409","424","453","365","349","323","357","258","202","169","129","112","47","20","9","1"
"Serra do Mel (RN)","Total","1025","1029","1065","1077","1161","1040","974","1075","988","798","738","597","492","312","244","186","159","81","36","12","2"
"Serra Negra do Norte (RN)","Total","387","402","501","604","603","567","530","581","577","531","507","484","378","251","259","168","141","61","45","16","4"
"Serrinha (RN)","Total","383","448","437","542","514","515","415","501","483","449","385","328","264","219","188","148","119","60","27","6","5"
"Serrinha dos Pintos (RN)","Total","280","267","291","359","283","313","279","373","359","326","310","303","241","208","188","114","99","41","17","8","-"
"Severiano Melo (RN)","Total","277","320","325","378","354","439","397","407","363","415","394","392","298","245","189","118","106","49","16","4","1"
"Sítio Novo (RN)","Total","289","302","376","336","301","351","356","369","360","313","246","257","233","185","129","106","82","37","22","3","1"
"Taboleiro Grande (RN)","Total","145","136","177","180","175","153","166","197","215","155","123","138","109","98","69","40","32","18","4","7","1"
"Taipu (RN)","Total","714","825","924","982","932","860","849","941","801","657","612","631","467","369","330","229","157","80","46","11","5"
"Tangará (RN)","Total","899","969","1031","1059","1022","1092","963","1101","950","799","718","702","590","427","370","225","179","110","53","18","4"
"Tenente Ananias (RN)","Total","682","695","767","783","782","697","802","842","748","644","522","656","431","378","300","230","176","74","32","11","10"
"Tenente Laurentino Cruz (RN)","Total","399","429","540","527","444","405","451","528","485","385","277","260","202","172","167","102","63","34","11","8","2"
"Tibau do Sul (RN)","Total","1269","1268","1193","1259","1372","1482","1523","1575","1446","1151","940","676","606","431","339","177","120","55","27","14","6"
"Timbaúba dos Batistas (RN)","Total","106","129","116","155","156","181","173","166","186","157","180","178","113","107","91","54","55","26","14","4","1"
"Touros (RN)","Total","2326","2561","2592","2906","2870","2723","2466","2684","2410","2012","1850","1549","1174","913","805","511","382","196","71","22","12"
"Triunfo Potiguar (RN)","Total","213","237","239","323","259","234","268","255","253","217","191","182","125","120","94","71","53","26","10","5","1"
"Umarizal (RN)","Total","496","538","619","707","757","766","742","789","768","685","639","649","530","444","371","231","200","97","33","15","2"
"Upanema (RN)","Total","794","968","1044","1012","1043","980","1075","1151","1065","904","827","792","557","410","364","235","192","99","41","16","8"
"Várzea (RN)","Total","330","345","390","400","348","361","385","408","380","306","296","329","239","207","196","117","85","70","27","8","6"
"Venha-Ver (RN)","Total","194","170","238","251","228","205","188","248","218","185","185","195","164","108","92","57","57","21","8","1","1"
"Vera Cruz (RN)","Total","771","759","766","898","852","865","831","769","727","659","671","611","440","319","304","199","158","93","35","6","2"
"Viçosa (RN)","Total","105","140","117","115","147","138","149","124","136","116","117","114","80","74","55","36","38","13","6","2","-"
"Vila Flor (RN)","Total","229","296","234","242","283","270","272","254","200","193","174","160","118","83","53","47","31","22","6","6","1"
"Água Branca (PB)","Total","628","614","754","810","741","650","692","667","673","590","513","531","396","330","254","216","171","70","23","10","2"
"Aguiar (PB)","Total","258","308","375","357","347","316","310","384","429","351","302","271","271","219","185","136","99","54","20","7","4"
"Alagoa Grande (PB)","Total","1823","1846","2007","2039","1905","1859","1723","1889","1800","1619","1572","1384","1275","996","812","624","444","277","117","38","13"
"Alagoa Nova (PB)","Total","1611","1681","1587","1700","1620","1525","1557","1535","1486","1306","1153","1103","876","649","584","409","335","181","89","20","6"
"Alagoinha (PB)","Total","1038","1024","1081","1118","1077","1057","988","1018","991","925","779","656","503","438","364","289","184","125","50","13","7"
"Alcantil (PB)","Total","408","460","408","423","417","440","420","389","358","375","309","341","237","173","147","106","93","36","22","3","13"
"Algodão de Jandaíra (PB)","Total","250","221","251","263","208","215","218","221","199","192","154","139","121","71","100","63","37","18","8","4","-"
"Alhandra (PB)","Total","1760","1819","1778","1791","1795","1660","1599","1678","1712","1448","1248","1042","812","557","455","269","166","90","42","7","2"
"São João do Rio do Peixe (PB)","Total","990","1026","1081","1288","1248","1236","1149","1421","1443","1298","1142","1093","919","782","693","495","360","165","94","34","7"
"Amparo (PB)","Total","126","185","193","183","140","150","162","192","164","145","113","144","82","83","65","45","37","17","5","1","2"
"Aparecida (PB)","Total","487","521","596","574","527","475","551","616","601","547","452","550","377","305","273","205","168","91","33","9","2"
"Araçagi (PB)","Total","1112","1202","1198","1218","1132","1209","1177","1193","1166","1094","1044","962","739","669","551","417","286","157","78","33","9"
"Arara (PB)","Total","767","755","875","918","800","778","849","891","862","735","712","629","617","549","514","400","267","169","77","34","14"
"Araruna (PB)","Total","1180","1228","1383","1423","1324","1157","1201","1289","1159","1152","1018","939","733","606","481","347","300","167","72","23","7"
"Areia (PB)","Total","1531","1651","1843","1786","1635","1632","1602","1751","1738","1319","1249","1312","1014","780","645","470","304","205","110","43","13"
"Areia de Baraúnas (PB)","Total","145","140","137","133","152","163","149","157","115","137","124","114","92","71","56","46","43","22","7","2","-"
"Areial (PB)","Total","499","531","547","561","511","428","479","529","539","421","424","384","327","258","266","173","131","69","35","14","2"
"Aroeiras (PB)","Total","1283","1377","1410","1515","1405","1311","1428","1320","1094","1180","1105","1059","867","687","624","450","296","160","101","22","11"
"Assunção (PB)","Total","312","360","342","336","311","306","270","341","304","275","214","176","151","118","150","65","74","25","18","4","-"
"Baía da Traição (PB)","Total","840","761","855","830","724","705","644","690","651","559","479","438","350","249","186","129","66","48","12","6","2"
"Bananeiras (PB)","Total","1582","1592","1613","1890","1765","1618","1668","1790","1681","1552","1418","1250","1006","845","689","442","374","240","88","25","6"
"Baraúna (PB)","Total","287","326","348","401","360","338","330","337","324","324","260","251","225","189","153","129","82","56","31","8","3"
"Barra de Santana (PB)","Total","531","511","571","606","531","560","591","540","555","549","506","465","412","346","307","226","128","80","23","13","8"
"Barra de Santa Rosa (PB)","Total","723","766","989","1015","912","836","892","965","984","876","712","773","622","573","409","342","273","143","71","23","5"
"Barra de São Miguel (PB)","Total","412","390","442","412","419","415","443","462","393","371","331","361","317","226","187","127","108","43","32","13","2"
"Bayeux (PB)","Total","5533","5929","5937","6155","6480","6119","5858","6166","6672","5942","5797","4867","3551","2623","2154","1392","922","417","166","52","10"
"Belém (PB)","Total","1029","1085","1148","1226","1213","1184","1112","1213","1262","1160","934","910","723","600","585","400","327","170","74","32","14"
"Belém do Brejo do Cruz (PB)","Total","364","388","460","492","432","461","397","452","478","474","389","390","306","240","187","150","112","65","23","7","1"
"Bernardino Batista (PB)","Total","238","269","313","319","260","255","231","295","243","198","181","180","134","114","116","80","38","22","11","3","4"
"Boa Ventura (PB)","Total","384","349","419","419","323","338","401","379","400","333","264","285","227","222","164","144","72","54","20","8","2"
"Boa Vista (PB)","Total","405","435","488","440","458","467","480","475","497","410","353","386","309","257","179","140","104","60","22","10","2"
"Bom Jesus (PB)","Total","134","139","163","176","182","146","164","168","159","161","149","143","95","93","71","56","50","23","12","2","-"
"Bom Sucesso (PB)","Total","226","250","271","314","309","283","247","325","340","316","297","343","295","240","227","160","116","57","32","10","3"
"Bonito de Santa Fé (PB)","Total","761","732","879","973","787","721","705","777","734","609","549","514","382","344","314","221","130","70","30","11","9"
"Boqueirão (PB)","Total","1264","1226","1376","1449","1289","1321","1336","1344","1183","1124","1012","1004","754","561","520","357","254","122","69","28","5"
"Igaracy (PB)","Total","343","365","413","441","410","373","367","416","382","362","361","340","278","266","191","152","123","45","17","3","-"
"Borborema (PB)","Total","281","288","357","375","332","273","222","318","315","276","225","211","205","141","140","118","78","33","20","5","1"
"Brejo do Cruz (PB)","Total","857","876","995","1031","1014","1062","1119","1045","1026","861","802","851","640","484","329","267","189","92","53","16","4"
"Brejo dos Santos (PB)","Total","330","361","402","435","426","393","392","425","413","412","344","329","286","240","198","143","102","66","27","15","3"
"Caaporã (PB)","Total","1691","1889","1838","1670","1718","1591","1542","1695","1645","1462","1169","961","768","586","397","258","170","96","30","14","3"
"Cabaceiras (PB)","Total","327","353","413","379","354","338","416","367","394","354","294","327","284","215","196","131","108","51","25","9","-"
"Cabedelo (PB)","Total","4713","4831","4698","4804","5161","4879","4666","5410","5376","4704","4204","3752","3092","2290","1659","1061","638","331","186","52","12"
"Cachoeira dos Índios (PB)","Total","601","659","643","683","632","669","678","722","640","578","512","518","404","326","331","234","181","88","39","12","1"
"Cacimba de Areia (PB)","Total","246","234","222","255","215","210","242","276","251","223","202","187","153","115","99","75","52","18","11","5","-"
"Cacimba de Dentro (PB)","Total","1060","1129","1231","1329","1169","1103","1093","1167","1059","1009","921","938","741","541","537","395","343","187","93","18","1"
"Cacimbas (PB)","Total","690","639","733","757","569","545","443","502","432","375","301","297","280","190","149","117","104","55","33","8","4"
"Caiçara (PB)","Total","415","461","540","521","447","442","503","459","461","435","456","399","280","220","191","154","116","60","29","11","2"
"Cajazeiras (PB)","Total","3947","4089","4175","4505","5003","4941","5012","5298","5073","4270","3535","3291","2641","2448","1922","1340","975","476","221","61","16"
"Cajazeirinhas (PB)","Total","163","188","223","240","178","154","191","222","204","171","153","179","143","100","81","59","48","27","8","7","1"
"Caldas Brandão (PB)","Total","439","449","378","427","460","441","405","433","390","372","355","324","232","165","172","147","98","35","18","9","4"
"Camalaú (PB)","Total","396","415","433","489","450","398","416","436","412","405","367","351","289","231","246","153","112","52","19","15","-"
"Campina Grande (PB)","Total","27108","28219","28498","29211","33704","33949","33066","34070","32848","27430","25147","23302","18976","14640","11265","7685","5342","2964","1342","484","129"
"Capim (PB)","Total","612","571","609","628","571","577","473","497","528","434","361","312","220","200","168","93","65","31","17","1","2"
"Caraúbas (PB)","Total","220","253","267","312","302","275","254","294","246","275","237","261","200","153","150","116","72","37","12","7","1"
"Carrapateira (PB)","Total","157","127","144","186","177","197","186","188","166","162","158","132","96","91","44","47","31","16","6","1","-"
"Casserengue (PB)","Total","441","456","521","551","505","484","467","536","467","445","406","377","318","261","220","171","152","64","30","8","9"
"Catingueira (PB)","Total","312","313","364","388","318","287","313","333","326","289","245","254","204","172","133","107","63","45","12","11","2"
"Catolé do Rocha (PB)","Total","1870","1930","2060","2209","2128","2235","2344","2542","2415","2122","1708","1889","1560","1188","909","609","492","278","125","43","5"
"Caturité (PB)","Total","381","364","402","437","407","380","401","387","394","300","294","296","228","179","160","113","62","40","19","8","2"
"Conceição (PB)","Total","1222","1192","1321","1408","1242","1292","1301","1513","1410","1192","1060","1045","864","675","606","424","280","125","62","13","13"
"Condado (PB)","Total","394","366","464","517","406","409","433","448","454","420","428","454","353","298","233","168","111","56","21","14","4"
"Conde (PB)","Total","2268","2224","2319","2189","2139","2070","2058","2175","2123","1765","1565","1439","1130","830","589","352","214","103","39","12","2"
"Congo (PB)","Total","318","304","314","379","373","364","362","378","337","386","314","281","200","173","154","124","91","51","22","7","1"
"Coremas (PB)","Total","962","1017","1092","1139","1086","1026","1042","1105","1074","977","840","851","668","572","457","339","249","126","39","9","13"
"Coxixola (PB)","Total","96","96","94","131","103","117","125","145","109","135","145","118","120","74","63","64","43","27","10","7","2"
"Cruz do Espírito Santo (PB)","Total","1288","1299","1297","1467","1446","1338","1198","1279","1346","1162","1033","888","647","468","389","283","152","72","27","9","7"
"Cubati (PB)","Total","537","530","523","653","616","565","581","561","520","445","417","429","327","232","231","166","110","66","45","23","3"
"Cuité (PB)","Total","1192","1206","1358","1375","1508","1392","1469","1504","1286","1383","1191","1181","947","810","647","476","399","218","121","47","9"
"Cuitegi (PB)","Total","487","571","523","499","557","512","525","496","483","417","358","333","251","228","193","119","83","53","31","11","-"
"Cuité de Mamanguape (PB)","Total","479","428","474","477","503","434","410","479","420","368","355","354","283","268","192","126","106","56","28","9","2"
"Curral de Cima (PB)","Total","333","347","434","406","424","370","354","366","409","350","313","260","216","191","184","109","98","59","26","4","1"
"Curral Velho (PB)","Total","145","153","158","177","174","190","166","159","171","170","156","131","93","63","80","45","34","16","7","2","2"
"Damião (PB)","Total","309","341","397","379","370","330","392","406","363","337","283","244","200","200","138","129","75","51","28","8","2"
"Desterro (PB)","Total","555","579","623","698","582","608","545","590","577","548","447","423","324","282","275","190","134","56","18","12","1"
"Vista Serrana (PB)","Total","210","249","260","282","289","252","297","305","288","271","215","193","137","124","90","88","47","25","14","3","2"
"Diamante (PB)","Total","452","399","485","467","442","451","457","484","503","413","372","339","279","217","200","160","97","38","20","19","5"
"Dona Inês (PB)","Total","714","739","853","884","805","751","739","808","651","670","547","519","444","336","362","247","152","93","49","16","1"
"Duas Estradas (PB)","Total","181","241","223","275","243","254","200","268","229","199","207","199","148","116","116","103","70","40","11","3","1"
"Emas (PB)","Total","183","207","248","298","210","186","205","260","251","220","167","142","103","105","90","64","44","19","7","2","-"
"Esperança (PB)","Total","2196","2281","2447","2415","2440","2246","2214","2351","2333","2000","1785","1671","1280","1076","872","679","474","288","133","44","6"
"Fagundes (PB)","Total","768","853","884","895","781","762","804","799","722","664","638","551","486","399","393","297","189","107","37","16","4"
"Frei Martinho (PB)","Total","129","151","188","191","182","178","204","229","237","188","166","188","155","114","119","87","75","39","21","5","-"
"Gado Bravo (PB)","Total","599","617","629","609","610","625","597","574","586","483","469","429","341","294","290","201","100","69","40","10","7"
"Guarabira (PB)","Total","3906","4042","4169","4191","4347","4374","4360","4511","4482","3920","3612","3172","2482","1786","1526","1040","827","459","197","58","23"
"Gurinhém (PB)","Total","931","1085","978","1025","1112","1016","881","1001","1032","932","883","742","594","429","390","325","220","116","56","14","4"
"Gurjão (PB)","Total","242","204","230","234","233","209","223","238","214","216","207","205","158","120","119","75","62","32","17","4","-"
"Ibiara (PB)","Total","356","347","429","383","360","380","381","380","391","398","349","356","314","235","208","167","106","64","19","4","4"
"Imaculada (PB)","Total","725","751","889","1054","870","712","716","777","718","626","547","555","379","337","279","192","139","82","35","6","3"
"Ingá (PB)","Total","1187","1269","1279","1359","1305","1282","1263","1248","1294","1164","1024","972","777","725","584","410","280","150","84","30","6"
"Itabaiana (PB)","Total","1492","1594","1526","1582","1628","1573","1692","1668","1779","1618","1545","1421","1155","914","753","482","405","204","100","29","22"
"Itaporanga (PB)","Total","1568","1647","1785","1919","1866","1802","1798","1902","1947","1652","1345","1244","993","791","634","427","342","168","82","21","7"
"Itapororoca (PB)","Total","1364","1368","1385","1470","1436","1388","1340","1395","1372","1197","1068","909","658","570","582","393","252","141","60","25","9"
"Itatuba (PB)","Total","741","782","882","859","740","778","728","804","738","630","602","512","454","386","331","236","149","85","36","18","8"
"Jacaraú (PB)","Total","980","1080","1094","1195","1045","999","1003","1025","1013","937","877","795","643","511","466","355","249","120","60","23","7"
"Jericó (PB)","Total","430","432","513","564","549","522","506","540","528","530","432","520","372","339","261","200","162","71","25","13","7"
"João Pessoa (PB)","Total","52011","55538","54520","56477","63682","66089","66602","70608","68409","56492","51839","48051","39034","29992","22403","14400","9589","5015","2351","676","154"
"Juarez Távora (PB)","Total","535","526","594","627","618","603","579","578","553","489","458","456","324","225","190","181","134","74","43","6","3"
"Juazeirinho (PB)","Total","1390","1383","1498","1465","1328","1215","1232","1332","1206","1056","829","770","627","509","437","283","236","111","54","36","10"
"Junco do Seridó (PB)","Total","439","484","526","541","473","500","463","532","513","453","378","366","301","248","234","130","100","66","33","13","-"
"Juripiranga (PB)","Total","734","754","807","804","786","729","716","766","815","609","550","484","358","321","263","211","157","90","40","13","5"
"Juru (PB)","Total","568","674","671","701","642","667","622","670","671","632","604","518","460","380","302","214","132","73","23","7","3"
"Lagoa (PB)","Total","260","290","299","331","294","289","278","325","329","317","270","284","210","191","157","116","96","51","18","5","5"
"Lagoa de Dentro (PB)","Total","563","579","580","608","571","545","509","548","519","456","502","484","311","309","260","200","147","72","35","13","8"
"Lagoa Seca (PB)","Total","1924","2042","2168","2133","2061","2045","2000","2135","2141","1868","1699","1421","1147","896","788","564","367","195","86","35","15"
"Lastro (PB)","Total","188","206","241","218","225","195","229","249","266","190","160","175","160","136","123","96","62","27","12","2","2"
"Livramento (PB)","Total","474","512","538","613","502","403","439","522","489","439","380","368","314","243","254","161","113","71","22","18","2"
"Logradouro (PB)","Total","345","335","396","384","290","358","393","406","364","341","276","259","167","122","146","83","73","43","12","3","1"
"Lucena (PB)","Total","1025","1031","995","1080","968","898","864","881","925","845","745","656","571","403","296","181","116","57","16","4","3"
"Mãe d'Água (PB)","Total","232","223","300","292","212","212","252","259","255","234","238","220","176","158","109","89","72","32","13","4","1"
"Malta (PB)","Total","411","408","426","444","474","410","395","457","426","399","371","339","291","222","201","147","99","69","43","13","1"
"Mamanguape (PB)","Total","3588","3510","3549","3517","3562","3467","3282","3365","3277","2740","2609","2294","1696","1393","1119","715","464","277","114","49","12"
"Manaíra (PB)","Total","710","792","910","910","726","711","821","760","744","664","571","545","403","320","313","257","160","79","24","13","1"
"Marcação (PB)","Total","839","825","775","813","723","716","708","681","573","475","483","392","310","220","188","133","69","52","19","4","1"
"Mari (PB)","Total","1419","1559","1540","1583","1544","1476","1528","1644","1590","1481","1288","1205","938","793","728","518","363","174","92","33","16"
"Marizópolis (PB)","Total","423","436","515","533","489","464","440","497","550","447","388","381","324","256","203","149","120","53","30","6","1"
"Massaranduba (PB)","Total","983","1025","1025","1106","1125","1107","1057","1019","961","968","830","715","596","445","404","333","221","125","71","18","5"
"Mataraca (PB)","Total","707","736","722","708","645","630","613","639","536","557","448","371","255","226","190","133","70","34","16","3","5"
"Matinhas (PB)","Total","356","368","378","364","360","323","315","341","294","278","264","255","194","133","130","84","64","47","15","6","2"
"Mato Grosso (PB)","Total","142","157","195","176","186","180","180","203","168","167","155","147","153","108","84","68","39","19","10","2","4"
"Maturéia (PB)","Total","529","483","473","517","516","534","496","518","414","425","332","347","220","166","172","124","103","37","23","4","-"
"Mogeiro (PB)","Total","1030","1049","1036","1062","998","1042","1068","1131","966","834","844","720","568","480","391","324","187","87","58","16","8"
"Montadas (PB)","Total","422","458","453","466","429","412","412","422","424","380","320","292","235","187","201","132","82","48","25","10","2"
"Monte Horebe (PB)","Total","300","287","314","339","337","332","282","325","324","292","235","234","181","172","166","87","81","30","15","4","1"
"Monteiro (PB)","Total","2139","2166","2291","2456","2284","2304","2200","2411","2387","2214","1994","1890","1511","1268","992","713","574","296","139","44","4"
"Mulungu (PB)","Total","594","626","647","668","646","549","611","685","709","602","541","466","431","305","257","197","142","75","28","6","6"
"Natuba (PB)","Total","597","626","716","759","680","612","657","609","663","578","519","432","405","331","292","165","149","80","41","18","16"
"Nazarezinho (PB)","Total","412","462","492","542","467","481","481","567","562","522","432","437","323","312","283","195","130","58","33","9","3"
"Nova Floresta (PB)","Total","584","725","708","781","737","701","701","682","640","675","547","580","391","325","309","262","185","123","44","22","2"
"Nova Olinda (PB)","Total","387","423","476","455","399","432","438","451","381","381","298","320","269","236","170","136","72","40","18","3","2"
"Nova Palmeira (PB)","Total","232","257","279","291","312","289","276","344","340","314","271","280","192","174","143","115","83","43","13","9","2"
"Olho d'Água (PB)","Total","411","411","474","470","428","382","426","473","409","413","366","353","300","274","197","122","94","34","19","3","1"
"Olivedos (PB)","Total","189","246","224","295","249","219","227","254","277","271","227","226","184","139","120","77","83","42","21","8","2"
"Ouro Velho (PB)","Total","160","191","227","181","150","186","204","196","222","206","200","209","189","114","109","52","62","41","14","5","-"
"Parari (PB)","Total","75","104","137","123","96","99","117","129","137","112","104","108","107","91","69","39","29","25","13","4","2"
"Passagem (PB)","Total","172","178","183","202","182","152","197","187","186","179","120","117","118","99","79","50","37","18","4","1","2"
"Patos (PB)","Total","6871","7071","7188","7655","8060","7820","7871","8619","8333","7006","6134","5584","4252","3568","2747","1844","1419","653","350","104","16"
"Paulista (PB)","Total","699","772","748","834","819","849","844","955","921","845","709","742","606","477","410","276","190","91","31","11","5"
"Pedra Branca (PB)","Total","246","247","275","316","239","268","248","287","286","282","214","208","163","130","131","84","53","41","13","8","-"
"Pedra Lavrada (PB)","Total","390","421","487","524","462","432","507","530","520","471","392","431","316","265","253","191","146","68","32","18","3"
"Pedras de Fogo (PB)","Total","2060","2264","2316","2248","2272","2250","2265","2395","2382","1993","1754","1468","1160","914","718","501","346","215","96","34","11"
"Piancó (PB)","Total","968","958","1100","1218","1200","1221","1159","1281","1316","1140","1063","972","804","643","520","385","282","125","68","13","5"
"Picuí (PB)","Total","1211","1208","1303","1428","1408","1362","1347","1363","1293","1248","1084","1000","814","669","587","402","321","149","89","39","8"
"Pilar (PB)","Total","933","918","971","940","929","920","928","864","922","836","761","616","493","391","363","225","157","89","34","15","6"
"Pilões (PB)","Total","523","537","572","580","541","434","546","531","477","413","341","306","280","211","191","125","99","66","28","8","6"
"Pilõezinhos (PB)","Total","441","416","423","421","386","389","405","443","408","291","268","254","222","185","156","83","70","37","26","4","1"
"Pirpirituba (PB)","Total","655","668","711","764","700","662","653","677","691","606","537","515","411","334","300","182","137","82","42","12","1"
"Pitimbu (PB)","Total","1312","1376","1461","1506","1363","1104","1166","1280","1317","1136","992","794","666","461","359","239","124","65","20","8","2"
"Pocinhos (PB)","Total","1287","1291","1420","1501","1372","1201","1182","1229","1263","1107","1008","886","696","585","540","390","268","151","67","21","4"
"Poço Dantas (PB)","Total","242","268","287","350","295","266","274","306","261","229","251","213","161","100","119","79","76","32","16","4","1"
"Poço de José de Moura (PB)","Total","222","220","261","289","254","239","274","313","318","261","255","248","214","192","172","115","92","42","15","7","3"
"Pombal (PB)","Total","1890","2117","2165","2367","2252","2239","2400","2472","2521","2204","1987","1930","1590","1302","1166","775","615","306","125","34","16"
"Prata (PB)","Total","228","240","333","310","233","237","275","294","312","236","232","249","184","167","136","103","71","45","24","4","2"
"Princesa Isabel (PB)","Total","1381","1442","1709","1589","1620","1546","1634","1613","1633","1418","1245","1073","854","738","542","495","304","179","73","21","5"
"Puxinanã (PB)","Total","1046","1103","1045","1181","1128","1078","1089","1050","1020","942","802","690","599","463","420","251","191","109","47","17","6"
"Queimadas (PB)","Total","3506","3665","3597","3498","3701","3800","3715","3630","3272","3052","2802","2443","1919","1505","1362","962","639","341","169","58","22"
"Quixaba (PB)","Total","106","122","127","150","120","119","122","136","116","134","119","108","68","65","49","34","30","10","4","4","-"
"Remígio (PB)","Total","1238","1326","1380","1546","1348","1177","1261","1333","1260","1132","957","900","812","599","574","404","319","189","91","30","9"
"Pedro Régis (PB)","Total","386","412","498","465","444","353","399","422","402","357","337","318","225","220","192","132","118","56","21","7","2"
"Riachão (PB)","Total","200","215","224","226","194","208","205","223","233","205","149","146","118","118","105","67","44","31","11","5","-"
"Riachão do Bacamarte (PB)","Total","300","302","320","379","409","320","331","345","427","273","280","227","262","158","131","98","78","28","15","7","-"
"Riachão do Poço (PB)","Total","361","344","333","392","341","342","316","372","353","344","285","246","165","174","147","99","72","29","16","6","1"
"Riacho de Santo Antônio (PB)","Total","139","149","145","156","172","169","148","140","128","129","111","116","81","54","38","25","32","15","7","-","1"
"Riacho dos Cavalos (PB)","Total","549","537","576","640","661","635","683","713","641","559","486","457","393","320","264","168","125","58","23","3","2"
"Rio Tinto (PB)","Total","1824","1839","1764","1846","1812","1770","1790","1835","1798","1586","1448","1407","1145","915","727","479","335","158","77","20","6"
"Salgadinho (PB)","Total","184","234","282","319","240","227","222","239","267","226","179","172","145","138","96","79","59","26","14","5","2"
"Salgado de São Félix (PB)","Total","720","737","840","883","783","728","773","844","832","728","664","679","592","493","421","311","229","149","62","24","13"
"Santa Cecília (PB)","Total","589","541","620","625","685","621","598","551","540","443","371","372","304","240","208","163","115","43","24","8","9"
"Santa Cruz (PB)","Total","330","355","377","383","336","305","356","420","443","440","387","375","354","320","270","181","160","96","34","18","7"
"Santa Helena (PB)","Total","290","358","386","408","397","390","397","435","440","386","372","383","289","259","245","186","137","75","23","8","1"
"Santa Inês (PB)","Total","190","243","270","260","211","228","255","261","236","217","198","184","141","101","88","70","45","19","5","4","1"
"Santa Luzia (PB)","Total","960","944","966","1097","1126","1086","1033","1104","1188","999","876","873","686","621","524","351","255","169","73","26","2"
"Santana de Mangueira (PB)","Total","321","314","352","420","427","422","410","363","358","345","260","234","214","165","161","128","65","35","11","1","4"
"Santana dos Garrotes (PB)","Total","379","409","467","494","401","408","445","486","451","427","380","446","376","323","271","182","123","56","27","17","1"
"Joca Claudino (PB)","Total","152","146","184","169","176","164","182","231","199","176","127","161","118","118","96","57","35","31","12","3","2"
"Santa Rita (PB)","Total","11229","11900","11352","11007","11694","11242","11304","11976","12715","10696","9308","7561","5837","4300","3235","2074","1300","739","325","84","32"
"Santa Teresinha (PB)","Total","254","260","272","345","361","266","253","332","329","328","300","293","216","181","141","116","76","51","21","7","-"
"Santo André (PB)","Total","133","140","187","189","166","171","170","183","202","198","162","179","138","122","123","73","45","25","12","4","-"
"São Bento (PB)","Total","2035","2119","2273","2432","2765","2504","2590","2704","2765","2202","1851","1706","1314","1004","837","519","355","160","73","20","7"
"São Bentinho (PB)","Total","267","291","321","328","285","284","285","314","324","302","237","288","203","175","166","109","87","40","16","4","1"
"São Domingos do Cariri (PB)","Total","174","176","194","187","185","179","165","178","186","154","150","159","141","95","100","51","49","33","20","9","-"
"São Domingos (PB)","Total","134","161","168","180","155","149","175","216","218","173","173","157","132","128","101","68","63","24","16","3","1"
"São Francisco (PB)","Total","169","202","169","202","179","152","204","241","252","241","196","212","177","172","134","84","82","37","23","7","2"
"São João do Cariri (PB)","Total","279","272","285","276","288","266","291","282","290","292","260","286","220","203","160","103","84","56","24","8","1"
"São João do Tigre (PB)","Total","278","274","347","374","308","283","276","276","272","266","298","251","198","172","140","114","85","29","14","6","2"
"São José da Lagoa Tapada (PB)","Total","406","449","538","609","432","474","425","548","539","455","405","418","368","349","294","174","126","67","25","18","7"
"São José de Caiana (PB)","Total","344","365","393","398","388","374","362","371","380","339","244","246","196","225","174","102","82","28","17","2","4"
"São José de Espinharas (PB)","Total","220","252","289","339","269","236","269","310","293","297","223","276","214","162","160","120","81","43","20","8","2"
"São José dos Ramos (PB)","Total","450","440","450","459","490","459","428","435","442","368","356","291","221","190","149","105","80","46","13","14","5"
"São José de Piranhas (PB)","Total","1216","1278","1320","1470","1474","1373","1426","1534","1411","1215","1079","1079","843","673","605","461","337","173","64","21","15"
"São José de Princesa (PB)","Total","217","220","249","260","249","226","239","243","287","218","201","207","150","120","123","86","72","32","15","2","-"
"São José do Bonfim (PB)","Total","230","227","233","286","219","227","229","231","241","239","195","194","126","123","97","64","39","24","12","5","1"
"São José do Brejo do Cruz (PB)","Total","99","116","140","116","150","110","109","138","140","130","88","106","71","58","46","39","18","16","5","4","-"
"São José do Sabugi (PB)","Total","226","243","268","304","311","299","308","299","321","319","261","246","204","161","133","108","69","29","21","8","-"
"São José dos Cordeiros (PB)","Total","194","216","239","280","212","172","207","261","239","254","220","216","185","151","120","107","70","42","17","6","3"
"São Mamede (PB)","Total","401","455","566","553","437","326","423","522","535","552","487","527","421","386","329","219","178","81","51","17","4"
"São Miguel de Taipu (PB)","Total","498","512","581","607","521","512","530","572","496","436","407","412","293","228","178","113","94","45","14","6","11"
"São Sebastião de Lagoa de Roça (PB)","Total","717","785","821","863","824","728","728","830","858","737","702","589","524","396","335","241","182","103","59","15","3"
"São Sebastião do Umbuzeiro (PB)","Total","231","230","241","238","239","235","218","219","226","204","194","208","147","145","116","83","65","29","9","2","-"
"Sapé (PB)","Total","3776","3699","3711","3890","3927","3808","3796","3988","3818","3296","3114","2751","2157","1828","1489","1011","662","352","163","54","16"
"São Vicente do Seridó (PB)","Total","781","733","836","856","830","884","864","774","701","586","510","502","360","300","290","188","158","71","48","14","5"
"Serra Branca (PB)","Total","793","854","916","947","886","902","933","954","956","925","818","908","699","622","514","378","312","175","90","29","3"
"Serra da Raiz (PB)","Total","209","222","252","231","212","200","217","246","213","197","184","166","147","112","105","76","55","34","12","3","1"
"Serra Grande (PB)","Total","222","213","243","232","180","231","225","221","223","189","135","153","139","99","90","55","51","16","15","6","4"
"Serra Redonda (PB)","Total","418","468","482","485","532","501","437","506","466","457","386","405","348","308","206","178","114","65","50","13","3"
"Serraria (PB)","Total","347","331","402","463","338","305","300","316","340","312","285","269","226","182","150","116","123","52","17","6","5"
"Sertãozinho (PB)","Total","338","373","379","385","349","346","363","345","382","335","307","268","207","172","182","140","93","45","23","11","11"
"Sobrado (PB)","Total","611","597","601","650","575","603","627","588","606","541","519","431","356","268","237","172","139","65","40","8","2"
"Solânea (PB)","Total","1734","1808","1920","2164","2131","1852","1854","2012","1962","1681","1554","1429","1223","1023","852","677","474","258","116","41","9"
"Soledade (PB)","Total","938","1036","1070","1087","1024","1029","975","1003","1082","912","815","704","636","514","392","327","223","120","50","25","6"
"Sossêgo (PB)","Total","237","234","260","306","261","219","249","229","221","222","186","172","148","140","86","75","49","35","9","4","3"
"Sousa (PB)","Total","4317","4278","4743","5032","4929","4705","4806","5262","5491","4866","4112","3899","2983","2408","2017","1380","1183","498","237","82","31"
"Sumé (PB)","Total","1096","1062","1171","1149","1226","1153","1236","1348","1201","1182","1079","1093","877","655","589","431","334","159","88","27","10"
"Tacima (PB)","Total","522","489","602","634","572","578","523","542","602","585","468","514","315","276","295","209","153","83","37","8","3"
"Taperoá (PB)","Total","991","1066","1090","1129","924","938","911","1097","995","885","771","789","595","541","491","343","268","141","65","32","6"
"Tavares (PB)","Total","935","1014","1116","1184","994","1055","989","1014","996","898","849","786","553","513","452","334","230","120","55","13","1"
"Teixeira (PB)","Total","1088","1109","1223","1304","1158","1057","1102","1119","1060","910","766","712","541","488","405","240","177","109","40","20","3"
"Tenório (PB)","Total","197","216","237","238","174","230","254","256","215","210","164","142","120","105","91","55","34","19","6","3","-"
"Triunfo (PB)","Total","589","669","647","777","736","803","808","777","709","621","534","486","445","410","333","242","151","99","38","14","4"
"Uiraúna (PB)","Total","940","912","992","1074","1024","1051","1103","1118","1103","898","895","913","735","642","535","414","298","174","76","22","11"
"Umbuzeiro (PB)","Total","589","677","746","738","679","668","668","698","601","546","517","483","399","321","275","236","128","95","42","14","4"
"Várzea (PB)","Total","137","150","173","199","184","131","165","226","186","190","168","209","120","118","109","77","71","25","26","3","1"
"Vieirópolis (PB)","Total","239","287","323","352","323","280","304","329","380","365","294","280","261","245","224","163","138","48","19","4","6"
"Zabelê (PB)","Total","152","160","179","194","154","134","128","165","160","151","131","132","116","88","70","54","30","18","5","5","2"
"Abreu e Lima (PE)","Total","5987","6941","6768","6856","7686","6943","7057","7549","7954","7381","6631","5885","5009","3796","2691","1617","965","496","177","61","12"
"Afogados da Ingazeira (PE)","Total","2702","2771","3036","3137","3101","3006","3070","3084","3065","2600","2199","2181","1727","1501","1224","804","571","298","124","32","8"
"Afrânio (PE)","Total","1229","1342","1431","1586","1574","1438","1353","1410","1363","1262","1064","946","761","547","544","390","252","104","57","13","8"
"Agrestina (PE)","Total","1593","1641","1746","1837","2013","1893","1730","1799","1786","1604","1416","1231","949","766","695","497","343","153","70","12","5"
"Água Preta (PE)","Total","1828","2052","2294","2409","2102","1828","1865","2002","1920","1729","1564","1374","1078","877","647","450","260","120","50","9","3"
"Águas Belas (PE)","Total","3411","3443","3876","3961","3426","2927","2938","2942","2766","2352","1913","1851","1503","1344","1142","806","505","267","115","37","23"
"Alagoinha (PE)","Total","967","877","993","1077","998","941","933","961","949","872","813","843","646","514","391","320","236","132","54","21","4"
"Aliança (PE)","Total","2343","2512","2785","2982","2749","2486","2419","2725","2811","2361","2081","1979","1733","1372","1022","651","403","213","84","22","8"
"Altinho (PE)","Total","1300","1314","1352","1593","1532","1446","1505","1487","1490","1422","1307","1219","1037","816","672","465","376","214","100","22","5"
"Amaraji (PE)","Total","1216","1382","1443","1554","1295","1297","1346","1412","1347","1299","1151","941","797","614","464","303","191","93","44","8","8"
"Angelim (PE)","Total","697","755","781","906","854","718","640","720","757","669","542","480","480","380","312","237","166","92","42","13","-"
"Araçoiaba (PE)","Total","1432","1585","1620","1609","1659","1486","1520","1509","1460","1189","1043","915","752","548","396","235","156","78","34","11","6"
"Araripina (PE)","Total","6848","6799","7416","7556","7394","6446","6398","6252","5859","4885","4452","4023","3083","2318","1929","1508","1100","517","219","66","20"
"Arcoverde (PE)","Total","5572","5608","5948","6348","6537","5978","6024","6037","5869","4831","4235","3936","3250","2349","1996","1414","1020","473","211","86","20"
"Barra de Guabiraba (PE)","Total","866","941","936","1038","1091","959","930","923","939","803","670","578","507","372","267","214","114","72","23","9","11"
"Barreiros (PE)","Total","3005","3342","3427","3491","3104","2816","2768","3029","3065","2567","2300","2098","1656","1245","880","629","401","196","62","31","9"
"Belém de Maria (PE)","Total","662","780","785","849","878","704","743","808","779","673","594","523","471","376","276","203","152","68","33","9","12"
"Belém do São Francisco (PE)","Total","1314","1366","1578","1638","1612","1322","1247","1341","1261","1132","1034","899","749","566","465","335","217","133","61","27","4"
"Belo Jardim (PE)","Total","5698","5767","5788","6013","6518","6678","6241","6355","5637","4966","4443","4126","3438","2561","2011","1454","989","534","219","63","8"
"Betânia (PE)","Total","796","832","960","953","849","736","692","840","867","694","597","601","414","404","364","291","188","98","43","10","3"
"Bezerros (PE)","Total","3806","3907","4078","4440","4513","4491","4401","4737","4948","4400","3941","3470","2961","2292","2031","1436","987","526","244","69","16"
"Bodocó (PE)","Total","2543","2562","2966","3117","2864","2495","2580","2529","2469","2075","1766","1703","1319","1082","913","681","446","216","108","36","8"
"Bom Conselho (PE)","Total","3112","3285","3611","3774","3476","3097","3030","3272","3181","2828","2394","2247","1862","1598","1303","1024","687","319","137","40","17"
"Bom Jardim (PE)","Total","2373","2427","2648","2739","2963","2864","2695","2893","2902","2546","2296","2042","1710","1406","1217","860","559","306","131","44","8"
"Bonito (PE)","Total","2768","2771","2843","3078","2974","2927","2779","2696","2581","2422","2184","1979","1580","1329","985","670","494","251","117","37","9"
"Brejão (PE)","Total","693","704","726","721","788","727","655","655","636","608","471","429","361","264","254","186","110","63","23","3","2"
"Brejinho (PE)","Total","494","514","585","624","534","551","631","588","555","494","477","440","325","272","219","192","127","65","24","7","2"
"Brejo da Madre de Deus (PE)","Total","3839","3790","3740","3928","4048","4003","4087","3908","3507","3068","2565","2167","1676","1381","1136","843","515","278","115","42","12"
"Buenos Aires (PE)","Total","874","903","1005","1052","997","876","960","1052","1022","788","706","682","573","469","377","232","137","66","30","4","3"
"Buíque (PE)","Total","4084","4217","4749","4932","4406","3708","3596","3611","3422","3012","2665","2421","2080","1592","1341","1023","685","332","159","55","7"
"Cabo de Santo Agostinho (PE)","Total","12913","14864","14893","15118","15967","15184","15498","16763","17305","14731","12809","10924","9042","6849","4728","2879","1750","804","297","90","32"
"Cabrobó (PE)","Total","2254","2439","2461","2740","2475","2273","2222","2287","2231","1956","1630","1467","1186","861","682","487","331","177","82","43","10"
"Cachoeirinha (PE)","Total","1439","1332","1464","1538","1599","1474","1514","1509","1376","1238","1216","1100","885","653","511","408","366","164","73","35","5"
"Caetés (PE)","Total","2298","2295","2599","2365","2385","2142","2254","2231","1862","1718","1371","1342","1101","889","759","561","395","170","68","17","5"
"Calçado (PE)","Total","752","770","892","1007","864","780","762","854","814","737","591","611","482","359","313","222","169","76","30","7","1"
"Calumbi (PE)","Total","360","359","426","411","365","372","362","404","392","348","323","268","206","206","155","131","83","36","16","4","1"
"Camaragibe (PE)","Total","8480","10075","9704","10231","10917","10488","11037","11807","12583","11544","10473","8597","7020","5348","4050","2633","1594","785","284","93","28"
"Camocim de São Félix (PE)","Total","1167","1193","1193","1352","1393","1339","1311","1288","1310","1077","1075","976","788","638","485","351","272","135","55","15","6"
"Camutanga (PE)","Total","541","529","550","623","532","569","567","557","563","522","542","410","332","302","232","158","116","69","26","8","2"
"Canhotinho (PE)","Total","1657","1802","1811","1895","2035","1929","1812","1912","1803","1533","1322","1186","1019","837","694","508","319","162","60","24","9"
"Capoeiras (PE)","Total","1302","1378","1575","1485","1431","1303","1318","1403","1247","1094","968","1012","755","640","542","421","273","120","54","15","2"
"Carnaíba (PE)","Total","1198","1330","1439","1504","1273","1252","1375","1328","1349","1278","1142","1133","841","673","579","417","292","157","54","23","7"
"Carnaubeira da Penha (PE)","Total","1010","1022","1257","1234","1101","960","887","852","763","644","508","502","379","344","285","217","136","82","36","13","7"
"Carpina (PE)","Total","4845","5334","5502","5563","6043","5659","5962","6282","6699","5786","5256","4521","3761","3044","2138","1332","867","433","182","61","23"
"Caruaru (PE)","Total","25766","26613","26660","27791","31584","31731","32470","31767","29617","25224","22448","19276","15132","10817","8345","5754","3852","2016","877","250","58"
"Casinhas (PE)","Total","879","911","984","1095","1098","974","981","1003","919","753","681","645","572","454","363","262","187","104","60","32","10"
"Catende (PE)","Total","2263","2468","2708","2741","2564","2121","2279","2320","2224","2034","1946","1745","1471","1133","881","547","375","219","88","21","8"
"Cedro (PE)","Total","763","835","882","873","828","848","869","785","681","594","551","542","412","312","248","220","142","90","30","9","4"
"Chã de Alegria (PE)","Total","1022","1094","968","1089","1032","926","1013","1040","1003","818","688","621","486","419","328","203","126","74","24","10","-"
"Chã Grande (PE)","Total","1329","1472","1481","1609","1709","1598","1513","1618","1623","1442","1146","971","909","654","552","416","267","149","61","22","5"
"Condado (PE)","Total","1695","1908","1906","2006","1981","1862","1691","1699","1794","1668","1455","1328","1093","814","695","457","303","146","60","19","7"
"Correntes (PE)","Total","1253","1400","1365","1458","1467","1284","1242","1250","1219","991","846","756","776","599","494","328","201","127","51","15","9"
"Cortês (PE)","Total","662","761","799","882","839","655","718","846","773","707","629","554","453","352","251","151","98","41","18","2","7"
"Cumaru (PE)","Total","923","1041","1124","1175","1138","1109","1157","1172","1234","1083","951","957","772","663","519","374","296","123","79","23","7"
"Cupira (PE)","Total","1650","1774","1728","1828","1903","1753","1699","1816","1690","1534","1320","1115","997","866","763","474","339","158","77","23","11"
"Custódia (PE)","Total","2724","2756","2846","2900","2846","2785","2832","2835","2813","2304","2073","2034","1667","1319","1102","777","609","288","133","40","16"
"Dormentes (PE)","Total","1168","1216","1375","1365","1310","1178","1267","1265","1272","1154","1003","960","756","588","510","371","217","121","64","19","9"
"Escada (PE)","Total","3863","4508","4471","4670","4670","4609","4624","4857","4749","4072","3575","3328","2589","1863","1330","972","654","312","121","30","24"
"Exu (PE)","Total","2320","2230","2641","2754","2603","2214","2288","2291","2211","1955","1781","1620","1357","1054","888","664","503","272","119","62","16"
"Feira Nova (PE)","Total","1446","1542","1556","1652","1685","1591","1512","1609","1646","1500","1236","1192","891","835","609","416","271","140","71","22","5"
"Fernando de Noronha (PE)","Total","157","165","137","127","263","346","364","349","309","250","211","198","136","62","37","21","15","13","4","3","-"
"Ferreiros (PE)","Total","922","1036","1122","1192","1077","1035","1033","1207","1260","1018","887","828","653","563","466","303","243","118","45","13","5"
"Flores (PE)","Total","1333","1324","1526","1629","1376","1291","1362","1493","1453","1337","1238","1211","1009","841","667","504","392","208","115","31","7"
"Floresta (PE)","Total","2415","2225","2621","2707","2710","2622","2329","2164","2079","1798","1532","1295","1004","777","721","506","328","183","81","33","7"
"Frei Miguelinho (PE)","Total","784","763","956","888","1007","960","1002","1071","1041","928","779","782","663","546","542","384","266","163","66","30","15"
"Gameleira (PE)","Total","1337","1494","1463","1543","1415","1278","1234","1399","1364","1208","1050","957","791","601","458","285","193","87","46","9","2"
"Garanhuns (PE)","Total","9698","10341","10962","11089","11642","10998","11088","11292","11129","9289","8073","7120","5726","4628","3886","2519","1666","847","369","108","36"
"Glória do Goitá (PE)","Total","2089","2224","2211","2304","2308","2169","2299","2294","2252","1912","1592","1496","1255","951","802","531","363","166","92","29","8"
"Goiana (PE)","Total","5428","6231","6155","6211","6124","5892","5901","6268","6313","5861","5004","4554","3554","2766","1949","1292","842","410","214","68","18"
"Granito (PE)","Total","495","460","570","636","599","442","543","467","506","446","390","367","273","197","185","162","125","66","30","7","1"
"Gravatá (PE)","Total","5397","5889","5938","6366","6723","6352","6403","6917","6747","6122","5414","4780","4028","3057","2492","1687","1158","650","275","90","31"
"Iati (PE)","Total","1316","1295","1511","1593","1352","1209","1178","1241","1182","1006","882","806","726","613","495","354","242","99","47","10","8"
"Ibimirim (PE)","Total","2195","2042","2110","2259","2153","2183","2125","2027","1735","1462","1363","1250","1143","849","688","470","301","149","56","19","14"
"Ibirajuba (PE)","Total","500","463","555","541","528","472","481","505","496","468","423","415","314","260","245","181","148","89","47","7","2"
"Igarassu (PE)","Total","7629","8701","8193","8590","8841","8454","8640","9389","9331","8289","7824","6337","5041","3782","2607","1698","1010","528","221","66","25"
"Iguaracy (PE)","Total","640","758","842","831","719","691","757","814","761","716","702","737","608","478","394","248","211","107","48","16","3"
"Inajá (PE)","Total","2442","2491","2302","2375","2509","2024","1944","1996","1751","1261","1119","886","856","566","462","318","167","80","34","13","7"
"Ingazeira (PE)","Total","328","332","321","395","342","338","302","330","356","284","298","290","260","176","175","107","76","36","14","3","2"
"Ipojuca (PE)","Total","7581","7929","7866","8306","8514","8258","8374","8631","8229","6243","5390","4257","3334","2277","1640","1036","609","296","116","35","11"
"Ipubi (PE)","Total","2566","2432","2634","2754","2543","2153","2206","2134","1904","1677","1344","1250","953","736","639","442","356","179","82","17","8"
"Itacuruba (PE)","Total","321","332","383","386","362","300","324","344","322","258","204","222","164","105","108","63","44","25","11","2","4"
"Itaíba (PE)","Total","2154","2234","2711","2841","2701","2355","2592","2415","2484","2191","1869","1562","1438","1017","896","556","361","169","68","22","14"
"Ilha de Itamaracá (PE)","Total","1582","1663","1565","1667","1888","2193","2175","1919","2005","1683","1538","1354","1175","827","629","339","197","86","38","14","3"
"Itambé (PE)","Total","2576","2579","2814","2822","2868","2558","2569","2631","2779","2164","1982","1695","1417","1175","914","630","413","226","90","29","4"
"Itapetim (PE)","Total","810","893","1011","982","840","867","1016","1069","1050","884","843","839","669","620","522","357","286","141","63","25","4"
"Itapissuma (PE)","Total","1732","1943","1729","2093","3011","2858","2603","2219","2131","1770","1503","1163","1005","762","547","324","190","106","38","10","12"
"Itaquitinga (PE)","Total","1078","1223","1273","1371","1344","1393","1394","1415","1271","1047","891","807","658","477","374","242","169","81","36","6","4"
"Jaboatão dos Guararapes (PE)","Total","39114","44812","43540","45386","48792","47618","48631","51885","52618","47313","43292","37313","31467","23721","16957","10296","6379","3163","1281","369","90"
"Jaqueira (PE)","Total","744","781","790","979","889","755","766","773","726","640","560","543","393","300","243","173","115","48","22","7","-"
"Jataúba (PE)","Total","1094","1246","1232","1380","1329","1308","1215","1131","928","924","840","809","700","500","445","358","222","106","55","13","8"
"Jatobá (PE)","Total","1065","1144","1112","1126","1032","914","985","1056","1033","906","777","737","651","511","393","273","183","74","35","10","3"
"João Alfredo (PE)","Total","1664","1808","2010","2038","2097","1931","2065","2229","2156","1853","1564","1459","1321","1112","950","632","423","256","109","43","5"
"Joaquim Nabuco (PE)","Total","952","1082","1106","1177","1071","930","1031","993","951","882","759","740","504","374","307","207","120","50","26","3","4"
"Jucati (PE)","Total","785","879","951","1051","890","778","872","927","844","720","636","533","414","371","352","261","134","74","27","17","1"
"Jupi (PE)","Total","1227","1263","1209","1242","1226","1134","1150","1203","994","912","817","763","611","484","445","290","193","108","40","14","4"
"Jurema (PE)","Total","995","994","1153","1191","1112","960","858","960","900","826","718","720","600","518","408","306","255","105","53","13","3"
"Lagoa do Carro (PE)","Total","1174","1295","1344","1423","1372","1322","1375","1410","1507","1318","1065","941","752","598","483","299","183","68","39","10","3"
"Lagoa de Itaenga (PE)","Total","1301","1434","1489","1516","1427","1376","1356","1451","1570","1265","1060","1025","848","673","526","318","197","114","35","17","5"
"Lagoa do Ouro (PE)","Total","772","832","952","1054","962","795","810","833","884","828","689","630","499","437","392","274","162","84","29","10","5"
"Lagoa dos Gatos (PE)","Total","987","1049","1077","1204","1069","1008","973","971","997","931","748","785","639","491","445","300","215","100","59","21","7"
"Lagoa Grande (PE)","Total","2038","2071","2060","2161","2098","1876","1796","1908","1625","1438","1199","1099","872","574","505","373","237","96","43","16","3"
"Lajedo (PE)","Total","2885","3074","3030","3164","3101","3013","3026","3117","2848","2486","2040","1906","1620","1325","1106","792","573","315","128","29","4"
"Limoeiro (PE)","Total","3182","3497","3728","3964","4405","4236","4287","4345","4314","4091","3599","3321","2704","2243","1816","1250","842","395","206","74","11"
"Macaparana (PE)","Total","1726","1691","1718","1796","2014","1875","1722","1812","1778","1482","1296","1219","1016","936","659","433","361","206","88","30","21"
"Machados (PE)","Total","868","826","895","899","937","852","844","875","874","678","608","530","429","352","332","217","158","94","45","18","2"
"Manari (PE)","Total","1605","2236","2476","2556","2195","1988","1935","1738","1683","1128","990","822","687","571","453","359","177","100","42","15","7"
"Maraial (PE)","Total","744","730","824","849","813","586","629","688","643","595","499","468","405","327","223","146","100","64","16","7","3"
"Mirandiba (PE)","Total","1167","1148","1238","1245","1281","1092","1025","990","856","844","718","663","519","450","363","231","172","96","47","19","2"
"Moreno (PE)","Total","3458","3852","3690","4149","4296","4017","3935","4324","4520","3807","3671","3343","2635","2100","1423","983","566","332","132","44","15"
"Nazaré da Mata (PE)","Total","1829","2120","2130","2180","2200","2057","2121","2298","2492","2169","2052","1816","1527","1327","957","659","385","218","81","24","6"
"Olinda (PE)","Total","19318","22653","21991","23530","25673","24161","24204","25854","27742","25835","25058","22401","19215","14617","11406","7562","4775","2536","1061","316","68"
"Orobó (PE)","Total","1405","1501","1568","1665","1800","1589","1566","1621","1547","1344","1276","1199","1018","877","621","486","342","215","124","31","13"
"Orocó (PE)","Total","1099","1243","1134","1239","1138","1075","1029","989","1006","850","708","605","439","333","275","204","135","58","31","17","6"
"Ouricuri (PE)","Total","4898","5067","5565","6016","5358","4836","4770","4686","4517","3864","3530","3288","2394","1922","1616","1316","862","476","184","68","12"
"Palmares (PE)","Total","3509","3892","4172","4468","4439","3939","4152","4144","4013","3715","3391","2985","2492","1868","1413","948","593","291","112","37","11"
"Palmeirina (PE)","Total","429","547","590","605","539","449","475","468","495","472","417","368","309","282","207","181","108","57","23","8","2"
"Panelas (PE)","Total","1718","1710","1914","1996","1744","1519","1484","1646","1571","1393","1170","1152","1031","831","849","575","378","202","82","19","7"
"Paranatama (PE)","Total","791","894","1055","1061","870","821","842","913","868","757","717","641","532","441","365","272","191","103","45","16","4"
"Parnamirim (PE)","Total","1246","1252","1578","1596","1469","1338","1297","1280","1295","1193","1084","1004","829","619","575","422","290","137","64","34","10"
"Passira (PE)","Total","1789","1811","2115","2156","2101","1978","2073","2231","2128","1919","1704","1713","1423","1021","823","579","411","222","99","34","10"
"Paudalho (PE)","Total","4100","4411","4406","4382","4557","4157","4153","4211","4657","3938","3548","2842","2324","1843","1320","930","528","242","82","31","3"
"Paulista (PE)","Total","19843","23222","22437","22522","24299","24047","25845","27985","29328","25508","23236","20390","17767","14075","10216","5648","3293","1540","706","212","48"
"Pedra (PE)","Total","1731","1627","1845","1980","1817","1665","1653","1740","1613","1423","1218","1192","937","719","604","499","294","155","62","15","6"
"Pesqueira (PE)","Total","4184","4574","4846","5036","5099","4699","4544","4404","4317","3960","3649","3517","2913","2291","1756","1293","904","442","213","65","16"
"Petrolândia (PE)","Total","2695","2839","2982","3058","2772","2530","2638","2645","2443","2132","1701","1604","1282","964","738","528","305","172","90","29","14"
"Petrolina (PE)","Total","29176","31104","31130","32039","35777","33907","32327","31626","30082","25011","20309","16523","12476","8833","6675","4567","2935","1419","612","209","54"
"Poção (PE)","Total","654","745","897","895","829","763","751","708","660","656","586","623","527","383","338","226","140","85","27","5","2"
"Pombos (PE)","Total","1853","1999","1965","1892","2180","2043","2182","2277","2132","1858","1651","1513","1220","992","698","495","338","171","63","22","8"
"Primavera (PE)","Total","908","1069","1075","1266","1142","1042","991","1092","1058","991","758","711","575","417","331","192","118","60","33","7","2"
"Quipapá (PE)","Total","1237","1400","1518","1625","1442","1363","1243","1231","1257","1045","977","912","806","561","485","369","243","132","56","20","6"
"Quixaba (PE)","Total","449","471","525","579","461","445","508","471","462","439","363","330","294","259","202","138","96","39","20","2","1"
"Recife (PE)","Total","80947","93275","89504","95331","108788","110525","111506","116312","118769","105430","100962","93575","81917","63441","47650","31091","20825","11611","5401","1722","338"
"Riacho das Almas (PE)","Total","1368","1321","1433","1469","1581","1600","1626","1621","1569","1488","1167","1088","933","687","675","458","293","167","65","18","12"
"Ribeirão (PE)","Total","2136","2396","2494","2677","2485","2386","2231","2461","2556","2297","2284","2031","1616","1223","904","617","417","192","73","20","11"
"Rio Formoso (PE)","Total","1578","1651","1736","1815","1623","1427","1469","1558","1533","1287","1152","1029","747","527","386","236","147","72","26","5","5"
"Sairé (PE)","Total","589","626","679","764","812","804","743","742","845","839","780","618","588","417","376","290","212","114","32","12","5"
"Salgadinho (PE)","Total","290","368","422","421","388","349","390","502","458","408","326","293","280","242","199","203","102","56","26","4","-"
"Salgueiro (PE)","Total","4579","4777","5157","5187","5071","4582","4896","4815","4808","4016","3543","3019","2319","1833","1443","980","721","383","163","57","23"
"Saloá (PE)","Total","923","1019","1195","1140","988","901","908","959","996","920","796","710","590","537","450","369","233","128","54","12","8"
"Sanharó (PE)","Total","1292","1383","1468","1516","1593","1280","1314","1377","1343","1178","1033","1014","846","626","525","419","244","115","42","13","3"
"Santa Cruz (PE)","Total","947","934","1107","1266","1156","1069","971","905","986","842","810","725","536","422","447","334","216","96","50","13","9"
"Santa Cruz da Baixa Verde (PE)","Total","895","858","955","922","869","766","898","853","835","705","624","612","490","405","337","259","151","86","30","13","4"
"Santa Cruz do Capibaribe (PE)","Total","7594","7400","7193","7745","9257","9273","9129","8975","7853","6254","4919","3872","2870","2050","1568","1054","693","329","149","56","21"
"Santa Filomena (PE)","Total","834","771","1021","1043","910","864","801","836","905","807","653","593","552","444","384","307","220","102","42","14","3"
"Santa Maria da Boa Vista (PE)","Total","3348","3480","3694","3709","3365","2998","3059","3205","2848","2464","2035","1771","1387","1045","851","594","369","218","106","24","8"
"Santa Maria do Cambucá (PE)","Total","962","1019","1056","1155","1184","1031","1042","1110","985","947","770","682","542","463","395","306","209","90","43","12","10"
"Santa Terezinha (PE)","Total","701","777","802","877","742","699","771","756","713","662","512","568","485","358","330","227","148","75","23","13","5"
"São Benedito do Sul (PE)","Total","1066","1126","935","1017","1068","817","1138","1012","1073","806","651","593","512","451","354","244","154","60","19","11","6"
"São Bento do Una (PE)","Total","3958","3786","4065","4315","4256","3742","3501","3649","3384","2915","2527","2352","2004","1646","1323","967","585","295","133","41","5"
"São Caitano (PE)","Total","2571","2726","2762","3000","2923","2852","2889","2883","2753","2464","2116","1926","1513","1164","963","691","505","263","119","37","6"
"São João (PE)","Total","1764","1900","1956","2006","1870","1861","1786","1847","1693","1548","1305","1086","862","743","616","457","277","165","67","23","5"
"São Joaquim do Monte (PE)","Total","1440","1500","1525","1603","1505","1487","1488","1485","1327","1274","1142","1085","938","704","547","473","287","142","62","17","6"
"São José da Coroa Grande (PE)","Total","1478","1644","1578","1637","1511","1368","1318","1396","1387","1152","992","994","801","591","427","275","143","85","33","10","5"
"São José do Belmonte (PE)","Total","2458","2678","2768","2849","2707","2623","2506","2563","2431","2181","1878","1793","1457","1249","990","675","566","270","145","44","12"
"São José do Egito (PE)","Total","1948","2093","2239","2311","2206","2037","2229","2356","2275","2027","1888","1791","1464","1217","1063","800","556","320","134","35","15"
"São Lourenço da Mata (PE)","Total","7009","8183","7816","7876","8144","8137","8826","9942","9528","8179","7004","5944","5019","3665","2647","1618","944","500","194","58","16"
"São Vicente Férrer (PE)","Total","1232","1174","1245","1295","1408","1431","1235","1295","1227","1102","912","863","673","512","401","270","204","121","46","20","11"
"Serra Talhada (PE)","Total","6597","6940","7143","7238","7478","7189","7235","7135","6830","6080","5226","4568","3558","2862","2282","1729","1171","597","267","78","25"
"Serrita (PE)","Total","1304","1368","1498","1549","1552","1260","1338","1262","1314","1130","964","886","745","625","475","409","272","146","68","29","13"
"Sertânia (PE)","Total","2105","2267","2553","2688","2373","2146","2251","2579","2384","2073","1882","1915","1600","1322","1022","716","488","281","115","39","12"
"Sirinhaém (PE)","Total","2805","3077","3456","3398","2993","2843","2828","3066","2951","2535","2029","1658","1316","996","712","451","275","136","54","15","2"
"Moreilândia (PE)","Total","705","719","816","960","822","748","760","753","722","631","616","567","457","353","283","251","208","94","43","24","8"
"Solidão (PE)","Total","402","396","435","422","345","372","388","369","367","305","293","295","198","186","184","118","77","35","20","2","1"
"Surubim (PE)","Total","4062","4289","4493","4783","5162","5009","4825","5244","5134","4331","3588","3293","2659","2236","1980","1329","920","468","208","85","22"
"Tabira (PE)","Total","1993","2047","2099","2209","2210","2002","2027","1944","2049","1702","1485","1451","1141","1055","844","655","431","207","93","30","7"
"Tacaimbó (PE)","Total","904","931","955","1032","1102","1047","1084","1276","1009","877","727","719","592","459","391","289","189","101","35","16","3"
"Tacaratu (PE)","Total","1925","1939","2141","2152","1867","1812","1781","1835","1611","1293","1151","1119","904","741","648","434","310","151","57","29","2"
"Tamandaré (PE)","Total","1870","2021","2015","2044","2042","1837","1756","1839","1785","1412","1212","1083","886","648","504","294","182","80","43","7","1"
"Taquaritinga do Norte (PE)","Total","1737","1732","1872","1890","1994","1965","2100","2010","1815","1604","1376","1207","981","799","633","466","299","153","78","20","5"
"Terezinha (PE)","Total","477","493","576","511","521","435","473","475","424","406","343","349","271","250","204","138","93","48","20","6","-"
"Terra Nova (PE)","Total","574","580","614","722","728","625","630","768","705","649","529","423","417","291","236","177","135","67","33","13","4"
"Timbaúba (PE)","Total","2791","3112","3318","3451","3444","3288","3224","3555","3655","3048","2857","2608","2304","1847","1451","912","665","399","158","49","11"
"Toritama (PE)","Total","3280","3496","3291","3486","3921","3769","3724","3868","3176","2479","1827","1523","1116","771","569","393","254","119","57","14","4"
"Tracunhaém (PE)","Total","962","1010","1182","1102","1050","966","1082","1148","1122","913","846","706","555","429","346","204","146","58","29","9","2"
"Trindade (PE)","Total","2571","2537","2729","2740","2750","2393","2333","2336","2107","1655","1466","1254","998","752","659","438","372","146","61","20","4"
"Triunfo (PE)","Total","853","892","1015","1044","1081","1015","1060","1085","1028","980","958","899","721","610","502","401","323","130","74","26","8"
"Tupanatinga (PE)","Total","2031","2226","2402","2518","2455","2238","2033","1960","1825","1529","1248","1076","944","829","624","465","308","129","64","27","6"
"Tuparetama (PE)","Total","498","541","634","579","497","505","560","667","555","518","507","492","358","294","292","221","153","82","39","11","2"
"Venturosa (PE)","Total","1238","1221","1344","1506","1375","1246","1276","1378","1234","1112","938","914","742","549","443","347","214","116","33","19","6"
"Verdejante (PE)","Total","651","673","737","754","714","694","635","688","634","561","465","476","416","355","241","206","139","77","36","13","4"
"Vertente do Lério (PE)","Total","491","500","523","584","553","524","584","577","547","477","428","385","364","309","261","204","115","72","40","13","7"
"Vertentes (PE)","Total","1550","1505","1729","1756","1806","1682","1834","1806","1633","1342","1181","1049","843","664","579","442","293","158","74","22","11"
"Vicência (PE)","Total","1760","1882","1975","2141","2142","2002","1899","2098","1982","1682","1655","1482","1225","850","687","460","234","138","53","10","2"
"Vitória de Santo Antão (PE)","Total","8424","9145","9264","9825","10590","10128","10299","10794","11078","9458","8514","7387","5907","4592","3555","2245","1608","757","377","89","48"
"Xexéu (PE)","Total","837","927","1068","954","896","867","772","821","821","776","742","616","514","357","270","190","107","44","24","4","4"
"Água Branca (AL)","Total","1435","1457","1673","1830","1513","1387","1350","1300","1303","1083","967","961","723","549","552","426","280","133","58","20","8"
"Anadia (AL)","Total","919","1053","1116","1144","1048","936","958","966","1015","893","859","832","699","512","419","269","175","108","34","5","6"
"Arapiraca (AL)","Total","16973","17623","17794","18328","19513","19431","18746","18891","17799","15313","13275","11533","8959","7182","5662","3691","2242","1151","442","127","21"
"Atalaia (AL)","Total","2958","3081","3290","3584","3131","2683","2370","2647","2717","2315","2065","1728","1659","1205","940","552","340","151","61","23","12"
"Barra de Santo Antônio (AL)","Total","1344","1447","1368","1437","1418","1258","1173","1161","1164","1132","861","785","631","503","313","187","108","48","16","5","6"
"Barra de São Miguel (AL)","Total","673","649","603","640","654","673","645","609","625","534","417","383","316","200","159","90","44","13","14","1","2"
"Batalha (AL)","Total","1387","1274","1373","1450","1427","1226","1206","1283","1117","939","851","848","586","482","381","298","180","86","40","11","3"
"Belém (AL)","Total","341","316","336","379","370","316","290","370","342","333","289","258","220","190","144","114","64","29","16","5","-"
"Belo Monte (AL)","Total","459","493","481","521","462","454","425","439","390","357","318","323","262","154","153","124","64","42","12","2","1"
"Boca da Mata (AL)","Total","1387","1564","1668","1884","1627","1323","1262","1519","1621","1511","1334","1168","988","876","626","377","262","128","45","10","7"
"Branquinha (AL)","Total","767","864","851","892","720","648","592","680","667","575","531","541","406","328","230","173","91","32","7","6","2"
"Cacimbinhas (AL)","Total","773","743","925","902","862","735","728","759","773","639","593","513","427","348","304","191","164","64","24","12","3"
"Cajueiro (AL)","Total","1279","1372","1488","1566","1225","1061","1048","1128","1117","970","894","814","673","526","370","231","146","71","34","7","4"
"Campestre (AL)","Total","534","507","588","618","589","487","433","481","477","433","363","349","241","193","148","99","64","36","18","4","3"
"Campo Alegre (AL)","Total","2431","2409","2817","3042","2894","2386","2168","2369","2404","2040","1696","1456","1232","1030","779","483","284","114","51","12","9"
"Campo Grande (AL)","Total","599","566","664","712","680","540","616","604","558","507","444","431","360","292","234","153","112","41","20","5","5"
"Canapi (AL)","Total","1247","1323","1532","1476","1216","1097","1052","1025","943","946","826","758","567","434","427","347","204","80","41","13","5"
"Capela (AL)","Total","1084","1163","1309","1450","1303","994","927","1073","1122","999","861","739","616","483","397","244","147","81","27","8","5"
"Carneiros (AL)","Total","734","816","862","903","823","675","651","611","568","510","443","396","291","236","161","156","91","46","16","5","5"
"Chã Preta (AL)","Total","444","469","536","603","425","384","334","389","418","421","331","300","260","190","172","111","77","27","9","8","2"
"Coité do Nóia (AL)","Total","817","748","882","878","860","790","766","806","785","644","639","585","469","371","315","225","127","64","29","8","2"
"Colônia Leopoldina (AL)","Total","1276","1293","1429","1482","1357","1124","968","1061","1146","1054","851","779","626","491","376","235","150","80","23","7","8"
"Coqueiro Seco (AL)","Total","363","413","462","510","436","392","380","436","409","371","359","290","239","189","153","77","51","34","16","-","1"
"Coruripe (AL)","Total","3978","3992","4255","4382","4070","3694","3769","3961","3715","3294","2816","2553","2048","1437","1083","661","384","204","85","27","6"
"Craíbas (AL)","Total","2139","2070","2105","2182","2181","1950","1996","1946","1721","1458","1281","1210","1005","799","583","370","229","104","55","8","5"
"Delmiro Gouveia (AL)","Total","3752","3994","4296","4312","4024","3948","3876","3985","3692","3180","2857","2565","1998","1605","1366","888","540","281","113","33","13"
"Dois Riachos (AL)","Total","751","676","736","913","891","780","651","673","637","625","555","486","376","352","256","190","141","71","26","9","10"
"Estrela de Alagoas (AL)","Total","966","998","1242","1271","1081","947","1037","1132","1143","1015","841","891","737","605","611","426","280","130","50","22","4"
"Feira Grande (AL)","Total","1711","1738","1889","1880","1908","1835","1597","1696","1602","1473","1144","1131","947","686","601","411","292","104","47","14","6"
"Feliz Deserto (AL)","Total","325","311","336","341","305","299","267","280","298","218","242","217","155","136","110","60","35","17","7","1","3"
"Flexeiras (AL)","Total","757","760","808","758","832","727","685","673","676","614","575","484","457","284","214","155","89","38","22","4","6"
"Girau do Ponciano (AL)","Total","2919","2773","3026","3208","3174","2862","2753","2711","2494","2143","1754","1661","1340","1137","901","553","382","195","84","21","11"
"Ibateguara (AL)","Total","1114","1150","1222","1209","1171","996","902","960","949","805","726","651","592","487","315","195","167","82","22","9","7"
"Igaci (AL)","Total","1738","1703","1978","1963","1688","1634","1593","1801","1770","1607","1306","1300","1093","941","757","563","334","134","70","16","6"
"Igreja Nova (AL)","Total","1509","1725","1774","1730","1597","1500","1602","1601","1591","1367","1213","1051","956","755","541","359","236","159","67","22","17"
"Inhapi (AL)","Total","1267","1312","1563","1453","1138","1062","981","1012","939","857","781","771","560","456","395","285","181","94","41","17","2"
"Jacaré dos Homens (AL)","Total","397","411","438","477","387","364","339","381","343","313","288","259","226","161","123","84","50","28","10","4","-"
"Jacuípe (AL)","Total","349","414","476","504","429","360","358","397","389","394","314","265","240","148","125","103","57","18","7","4","1"
"Japaratinga (AL)","Total","804","769","835","848","816","739","655","654","651","595","493","376","354","246","160","115","57","29","15","4","4"
"Jaramataia (AL)","Total","390","407","475","437","359","363","352","350","344","303","278","260","207","161","103","85","58","24","19","7","3"
"Jequiá da Praia (AL)","Total","793","719","802","844","753","697","637","711","779","628","508","436","387","276","218","130","80","50","16","6","-"
"Joaquim Gomes (AL)","Total","1362","1543","1751","1767","1416","1097","1069","1142","1147","1014","912","805","696","568","356","216","155","63","28","13","30"
"Jundiá (AL)","Total","319","319","338","347","322","273","287","292","287","264","261","234","173","142","107","57","47","16","2","3","2"
"Junqueiro (AL)","Total","1730","1796","1797","2052","1863","1809","1563","1907","1789","1570","1378","1223","961","846","614","452","289","171","67","15","15"
"Lagoa da Canoa (AL)","Total","1496","1419","1433","1595","1598","1521","1306","1357","1291","1118","924","911","694","598","532","334","202","79","30","15","4"
"Limoeiro de Anadia (AL)","Total","1880","1956","1979","2180","2006","1976","1787","2009","1748","1453","1245","1209","996","770","629","441","264","153","48","8","3"
"Maceió (AL)","Total","63010","65126","65327","69989","79597","79300","73145","76853","75521","67389","61459","52647","42954","32452","23241","13995","8664","4479","1951","652","165"
"Major Isidoro (AL)","Total","1268","1277","1426","1466","1462","1406","1218","1250","1183","1106","1032","964","762","610","501","362","232","105","48","18","4"
"Maragogi (AL)","Total","2716","2840","2704","2678","2921","2692","2583","2559","2389","2038","1595","1386","1063","771","546","350","195","87","46","10","5"
"Maravilha (AL)","Total","735","706","819","819","736","646","646","694","656","595","541","512","428","341","253","199","120","54","22","4","8"
"Marechal Deodoro (AL)","Total","4457","4661","4710","5057","4934","4603","4381","4752","4796","4128","3637","3069","2541","1901","1260","700","451","216","78","26","12"
"Maribondo (AL)","Total","1034","989","1022","1080","1146","1010","902","1051","1009","901","775","740","536","516","380","282","161","97","29","13","6"
"Mar Vermelho (AL)","Total","177","196","234","254","266","217","169","215","244","238","213","200","150","122","99","76","41","32","10","1","1"
"Mata Grande (AL)","Total","1693","1777","2020","2092","1664","1523","1460","1614","1364","1240","1126","1074","874","675","638","499","297","125","60","23","6"
"Matriz de Camaragibe (AL)","Total","1978","1992","2158","2109","2137","1829","1581","1699","1686","1540","1268","1082","900","720","509","327","174","103","44","13","8"
"Messias (AL)","Total","1295","1210","1312","1395","1317","1052","1054","1165","1170","963","827","718","643","511","339","219","125","48","18","18","6"
"Minador do Negrão (AL)","Total","315","333","378","392","360","332","325","346","343","345","293","282","210","195","166","110","75","26","15","2","2"
"Monteirópolis (AL)","Total","565","596","627","688","593","522","477","529","495","444","382","315","255","215","168","157","85","39","21","5","6"
"Murici (AL)","Total","2184","2220","2351","2337","2144","1827","1752","1808","1703","1488","1321","1102","988","726","551","320","200","93","56","12","4"
"Novo Lino (AL)","Total","771","799","888","822","867","729","691","758","745","665","606","518","389","286","202","141","86","33","18","3","3"
"Olho d'Água das Flores (AL)","Total","1630","1674","1755","1714","1743","1524","1505","1559","1415","1265","1144","1044","782","676","463","366","234","124","50","16","12"
"Olho d'Água do Casado (AL)","Total","707","698","772","775","682","669","611","621","532","502","446","353","280","227","155","151","103","41","14","6","4"
"Olho d'Água Grande (AL)","Total","335","351","363","443","354","286","274","292","351","268","222","210","168","129","105","85","54","28","4","5","3"
"Olivença (AL)","Total","855","901","869","908","927","871","791","739","711","658","581","517","419","357","263","201","144","65","20","8","7"
"Ouro Branco (AL)","Total","875","839","1013","1039","913","873","811","816","814","700","658","586","406","363","297","218","126","49","26","13","11"
"Palestina (AL)","Total","320","320","382","406","366","341","274","289","305","310","242","220","145","125","100","80","55","29","11","3","2"
"Palmeira dos Índios (AL)","Total","4933","5152","5458","5692","5529","4981","4860","5571","5364","4708","4356","3873","3126","2575","2083","1541","963","499","208","83","19"
"Pão de Açúcar (AL)","Total","1847","1933","2077","2042","1925","1831","1688","1653","1627","1429","1238","1191","984","816","554","436","293","155","76","21","7"
"Pariconha (AL)","Total","724","813","944","1000","984","821","762","724","722","606","570","469","356","290","303","232","148","63","34","7","1"
"Paripueira (AL)","Total","1110","1102","1087","1204","1184","1053","986","1074","1027","899","790","643","533","459","302","185","117","54","16","6","4"
"Passo de Camaragibe (AL)","Total","1076","1117","1203","1463","1208","990","949","1065","1032","888","748","594","436","415","262","158","109","50","28","7","6"
"Paulo Jacinto (AL)","Total","406","508","476","624","513","440","404","509","476","432","362","326","321","263","200","142","85","54","19","10","6"
"Penedo (AL)","Total","4258","4573","4776","4657","4600","4315","4155","4684","4376","3725","3400","3014","2575","1987","1429","911","625","359","162","52","17"
"Piaçabuçu (AL)","Total","1284","1304","1312","1375","1305","1173","1114","1197","1151","1025","858","739","686","504","358","201","193","85","31","9","4"
"Pilar (AL)","Total","2716","2994","3017","2975","2877","2560","2506","2786","2676","2281","1964","1669","1472","1089","781","499","298","128","59","14","9"
"Pindoba (AL)","Total","187","176","202","234","241","191","151","197","225","175","184","151","141","119","62","33","35","18","8","1","-"
"Piranhas (AL)","Total","1836","1879","2179","2091","1922","1768","1751","1731","1549","1332","1110","1039","679","591","481","347","172","95","33","13","11"
"Poço das Trincheiras (AL)","Total","975","977","1241","1109","985","905","882","894","803","724","710","676","465","379","329","189","161","71","27","10","6"
"Porto Calvo (AL)","Total","1802","1938","2061","2145","2152","1914","1649","1660","1813","1619","1380","1149","881","740","491","314","211","96","40","8","8"
"Porto de Pedras (AL)","Total","825","785","768","783","831","785","700","694","636","598","482","432","351","251","169","93","66","27","16","1","2"
"Porto Real do Colégio (AL)","Total","1433","1684","1731","1806","1563","1482","1515","1500","1418","1242","1009","953","828","638","510","353","250","106","41","14","6"
"Quebrangulo (AL)","Total","869","924","968","892","811","831","787","775","808","732","594","497","456","384","326","202","115","69","29","6","5"
"Rio Largo (AL)","Total","7367","7527","7670","7855","7512","7314","7034","7378","6950","6439","5653","4839","3710","2665","1754","1100","650","313","138","43","16"
"Roteiro (AL)","Total","595","572","596","672","617","472","440","507","492","399","263","227","218","143","113","83","40","15","5","2","3"
"Santa Luzia do Norte (AL)","Total","566","551","509","603","619","579","507","516","560","450","381","275","252","206","156","102","46","32","7","1","1"
"Santana do Ipanema (AL)","Total","3610","3591","4019","4192","4032","3596","3583","3404","2983","2794","2400","2303","1664","1338","1028","789","493","233","109","33","26"
"Santana do Mundaú (AL)","Total","892","864","987","1009","990","840","793","885","778","704","610","555","449","381","235","175","104","48","18","5","1"
"São Brás (AL)","Total","454","527","554","537","494","502","458","456","465","457","375","320","284","224","180","116","94","35","11","6","6"
"São José da Laje (AL)","Total","1722","1702","1739","1776","1813","1579","1362","1462","1439","1315","1192","991","861","651","470","334","228","106","47","17","7"
"São José da Tapera (AL)","Total","2596","2676","2883","2985","2856","2436","2209","2095","1866","1678","1405","1366","1015","837","628","507","336","147","60","13","10"
"São Luís do Quitunde (AL)","Total","2605","2728","2814","2912","2843","2322","2098","2211","2202","2034","1606","1307","1068","841","573","350","186","112","39","16","6"
"São Miguel dos Campos (AL)","Total","3824","3819","4127","4545","4355","3964","3776","4121","3938","3467","3000","2662","2169","1667","1101","710","439","194","80","24","8"
"São Miguel dos Milagres (AL)","Total","681","672","665","731","748","703","612","660","664","563","451","400","297","221","192","117","56","34","11","3","1"
"São Sebastião (AL)","Total","2333","2465","2727","2788","2669","2395","2262","2437","2320","1967","1669","1546","1245","1056","788","538","329","153","67","21","11"
"Satuba (AL)","Total","1901","1925","1821","1814","1874","2016","2097","2257","2012","1656","1425","1181","826","566","413","250","132","72","31","5","4"
"Senador Rui Palmeira (AL)","Total","967","1014","1220","1285","1127","968","831","865","728","733","564","578","378","328","282","202","125","70","27","7","4"
"Tanque d'Arca (AL)","Total","366","397","483","443","416","399","397","439","448","404","346","292","280","212","186","141","81","42","17","4","3"
"Taquarana (AL)","Total","1385","1474","1578","1519","1361","1331","1304","1502","1357","1213","1098","990","796","699","598","416","242","111","46","11","1"
"Teotônio Vilela (AL)","Total","2903","2963","3281","3659","3298","2884","2554","2866","2765","2239","2129","1814","1506","1251","869","528","320","153","47","18","6"
"Traipu (AL)","Total","1829","1815","2072","2303","2017","1618","1602","1623","1524","1459","1224","1164","964","742","626","459","285","157","66","11","5"
"União dos Palmares (AL)","Total","4520","4851","5094","5005","4682","4543","3938","4408","4223","3780","3441","2871","2470","1941","1473","958","601","300","121","29","31"
"Viçosa (AL)","Total","1837","1826","1876","2121","1996","1736","1627","1726","1735","1578","1361","1252","1058","884","627","401","247","123","52","23","6"
"Amparo do São Francisco (SE)","Total","155","172","183","175","148","162","145","167","178","143","127","106","102","69","54","35","23","18","3","1","4"
"Aquidabã (SE)","Total","1226","1389","1546","1677","1620","1423","1424","1435","1503","1306","1168","1108","958","788","591","437","263","163","82","19","5"
"Aracaju (SE)","Total","34951","37963","39332","41048","47506","47708","47174","50481","50998","42376","38720","34366","28229","21942","16512","10578","6709","3615","1797","628","124"
"Arauá (SE)","Total","668","716","857","915","762","722","704","786","757","715","646","615","440","361","243","164","127","65","43","11","1"
"Areia Branca (SE)","Total","1194","1305","1408","1547","1629","1623","1348","1436","1407","1109","1070","832","693","515","368","232","194","111","44","14","2"
"Barra dos Coqueiros (SE)","Total","2993","3185","3136","3023","3070","3377","3484","3856","3720","2867","2488","2048","1548","1073","729","433","251","150","51","24","5"
"Boquim (SE)","Total","1473","1611","1918","1922","1756","1749","1683","1829","1852","1767","1696","1513","1121","860","748","551","313","166","77","23","8"
"Brejo Grande (SE)","Total","698","701","734","758","660","649","541","530","538","431","392","348","282","210","150","70","74","51","12","9","3"
"Campo do Brito (SE)","Total","1172","1232","1392","1399","1513","1467","1229","1392","1356","1190","1106","973","775","668","473","358","238","119","72","19","6"
"Canhoba (SE)","Total","300","281","323","317","306","273","302","238","267","231","224","209","140","120","106","60","50","34","4","4","2"
"Canindé de São Francisco (SE)","Total","2388","2344","2360","2570","2441","2217","1959","1891","1916","1714","1403","1132","789","590","443","325","194","97","23","20","18"
"Capela (SE)","Total","2327","2528","2656","2724","2649","2302","2284","2338","2392","2021","1655","1596","1258","965","745","513","342","196","105","39","10"
"Carira (SE)","Total","1296","1386","1547","1590","1519","1502","1435","1443","1415","1310","1221","1071","892","724","598","424","302","146","90","21","7"
"Carmópolis (SE)","Total","1048","1144","1199","1266","1151","1057","1004","1199","1123","851","768","680","508","338","227","131","79","52","21","4","3"
"Cedro de São João (SE)","Total","313","381","378","457","379","358","374","392","404","388","362","368","213","181","160","131","87","41","19","5","-"
"Cristinápolis (SE)","Total","1350","1360","1496","1640","1462","1266","1221","1319","1291","1138","897","802","572","471","309","228","149","76","43","8","2"
"Cumbe (SE)","Total","211","289","270","302","303","271","272","265","298","271","265","216","163","117","109","90","61","32","13","6","-"
"Divina Pastora (SE)","Total","324","353","418","366","351","300","298","321","337","287","287","196","158","122","71","65","54","20","9","2","1"
"Estância (SE)","Total","4718","4601","5071","5216","5037","4854","4890","5243","5018","4203","3898","3498","2817","2203","1515","1045","678","339","162","59","13"
"Feira Nova (SE)","Total","436","478","463","516","515","476","422","427","417","375","347","324","221","212","118","115","61","29","12","7","4"
"Frei Paulo (SE)","Total","1027","1013","1124","1132","1185","1209","1145","1057","1082","916","873","675","622","446","412","268","171","111","35","21","6"
"Gararu (SE)","Total","742","781","857","942","852","747","753","841","832","829","682","597","488","351","308","242","142","78","19","6","7"
"General Maynard (SE)","Total","201","231","244","210","231","256","199","250","237","212","189","170","121","102","72","55","29","14","7","5","2"
"Graccho Cardoso (SE)","Total","363","390","461","443","417","387","416","421","463","388","372","341","280","234","181","123","67","54","17","12","4"
"Ilha das Flores (SE)","Total","668","702","781","745","681","602","583","547","525","522","436","430","348","242","196","121","84","67","28","8","5"
"Indiaroba (SE)","Total","1369","1417","1558","1582","1418","1108","1072","1221","1154","1015","894","791","608","479","344","220","160","90","31","12","6"
"Itabaiana (SE)","Total","6758","6940","7446","7947","8760","9283","8621","8409","8220","6687","6116","5221","3981","3106","2416","1607","1010","555","255","91","11"
"Itabaianinha (SE)","Total","2856","3096","3399","3682","3566","3166","2986","3124","3101","2442","2286","1861","1567","1141","962","623","427","230","117","29","17"
"Itabi (SE)","Total","278","334","310","363","340","315","306","310","337","350","305","305","256","228","172","114","68","31","15","6","2"
"Itaporanga d'Ajuda (SE)","Total","2537","2643","2883","2904","2677","2571","2561","2675","2649","2182","2097","1698","1369","1043","790","534","313","172","91","15","7"
"Japaratuba (SE)","Total","1069","1254","1300","1313","1286","1137","1162","1267","1205","994","994","903","699","567","415","298","189","90","44","22","1"
"Japoatã (SE)","Total","1035","1061","1099","1186","1084","996","1008","1004","1019","841","717","681","484","396","308","230","143","71","28","10","6"
"Lagarto (SE)","Total","6822","6888","7026","7759","8492","8194","7805","7913","7655","6656","6244","5643","4267","3480","2616","1857","1230","599","315","97","21"
"Laranjeiras (SE)","Total","1770","1913","1970","2159","1905","1855","1675","1900","1964","1567","1436","1188","952","676","456","278","185","72","34","14","6"
"Macambira (SE)","Total","398","487","476","570","512","534","501","531","487","448","450","361","319","234","212","143","72","59","29","8","7"
"Malhada dos Bois (SE)","Total","270","316","305","283","288","271","240","255","267","249","213","192","133","95","74","54","39","25","9","1","-"
"Malhador (SE)","Total","765","867","941","900","815","868","779","783","908","816","767","598","561","397","286","222","140","71","35","12","2"
"Maruim (SE)","Total","1096","1320","1410","1344","1249","1189","1101","1170","1244","1055","920","766","601","444","328","235","139","61","32","12","3"
"Moita Bonita (SE)","Total","628","671","731","804","847","842","808","829","909","827","683","579","502","416","354","273","170","98","51","21","7"
"Monte Alegre de Sergipe (SE)","Total","1166","1117","1187","1321","1279","1192","1105","1036","984","891","799","711","456","380","309","181","123","69","13","13","4"
"Muribeca (SE)","Total","580","593","639","590","639","578","613","623","567","510","440","377","341","242","212","125","90","45","15","3","-"
"Neópolis (SE)","Total","1102","1332","1401","1318","1209","1177","1063","1228","1160","1097","1026","888","750","572","438","318","206","84","42","12","3"
"Nossa Senhora Aparecida (SE)","Total","579","552","636","677","721","726","705","665","763","656","582","490","407","332","307","187","133","70","34","6","4"
"Nossa Senhora da Glória (SE)","Total","3060","3051","2990","3274","3525","3673","3506","3446","3160","2590","2211","1903","1502","1102","873","645","374","186","81","46","14"
"Nossa Senhora das Dores (SE)","Total","1587","1730","1868","2076","2055","1927","1829","1969","1879","1631","1391","1370","1098","892","628","494","297","182","75","15","3"
"Nossa Senhora de Lourdes (SE)","Total","361","450","501","530","477","428","437","494","445","417","405","376","269","221","188","129","76","43","16","4","1"
"Nossa Senhora do Socorro (SE)","Total","14683","15332","15072","15486","16100","16642","15866","16363","15375","12417","11736","9767","6976","4490","2802","1648","917","417","180","51","10"
"Pacatuba (SE)","Total","1017","1088","1032","1110","997","852","905","989","925","725","649","589","496","378","310","181","138","81","25","9","6"
"Pedra Mole (SE)","Total","184","208","195","204","210","213","218","195","205","169","176","163","135","109","99","34","37","15","4","4","1"
"Pedrinhas (SE)","Total","471","477","504","701","570","544","465","558","541","499","494","442","354","251","198","151","85","50","22","13","6"
"Pinhão (SE)","Total","367","382","433","443","453","418","385","428","423","357","374","296","259","209","187","123","74","30","29","7","-"
"Pirambu (SE)","Total","590","623","619","743","558","555","543","600","585","510","473","428","373","247","183","124","73","49","25","10","2"
"Poço Redondo (SE)","Total","2843","2856","3140","3221","2823","2688","2545","2509","2150","1946","1570","1523","1069","844","703","492","250","154","55","31","27"
"Poço Verde (SE)","Total","1317","1397","1517","1714","1761","1531","1551","1639","1593","1543","1348","1282","969","789","744","498","329","170","82","15","5"
"Porto da Folha (SE)","Total","1925","2034","2265","2308","2040","2022","2008","2019","1909","1680","1496","1351","1036","800","633","508","283","158","65","25","11"
"Propriá (SE)","Total","1856","1937","2133","2084","2007","1928","2045","2038","1917","1687","1658","1616","1256","858","610","428","314","162","55","20","9"
"Riachão do Dantas (SE)","Total","1052","1207","1398","1622","1536","1370","1252","1361","1361","1274","1154","993","739","551","512","423","280","142","59","21","6"
"Riachuelo (SE)","Total","674","742","757","791","732","631","572","634","751","561","503","420","332","255","157","103","77","35","13","6","2"
"Ribeirópolis (SE)","Total","953","1008","1134","1237","1371","1260","1244","1315","1397","1193","1068","990","815","619","527","404","238","168","65","21","6"
"Rosário do Catete (SE)","Total","684","761","798","776","751","705","682","697","690","650","548","483","359","257","190","134","65","48","13","2","2"
"Salgado (SE)","Total","1288","1483","1524","1589","1574","1422","1448","1502","1613","1456","1358","1141","882","672","501","389","244","132","35","18","8"
"Santa Luzia do Itanhy (SE)","Total","1100","1066","1272","1221","1183","1083","954","954","961","762","759","641","550","427","301","172","118","47","36","6","3"
"Santana do São Francisco (SE)","Total","606","630","667","640","541","564","532","581","574","439","416","311","271","181","151","114","80","28","16","1","3"
"Santa Rosa de Lima (SE)","Total","263","347","324","408","301","253","224","284","307","267","227","204","156","120","93","80","41","29","7","1","1"
"Santo Amaro das Brotas (SE)","Total","751","882","911","910","801","773","762","804","833","702","702","630","539","390","279","190","108","81","32","10","2"
"São Cristóvão (SE)","Total","6575","6911","7180","7237","8245","8315","8331","8779","7750","6116","5358","4544","3723","2616","1715","1041","621","342","152","46","15"
"São Domingos (SE)","Total","669","707","777","817","862","745","735","745","821","750","644","517","405","368","310","232","109","70","35","7","2"
"São Francisco (SE)","Total","210","255","237","254","273","212","241","217","249","235","205","204","141","114","81","53","33","16","7","5","1"
"São Miguel do Aleixo (SE)","Total","216","224","247","248","268","271","271","243","251","253","194","185","155","123","113","73","55","30","12","2","-"
"Simão Dias (SE)","Total","2894","2868","2875","3325","3609","3436","3219","3187","3114","2862","2576","2344","1790","1314","1149","866","594","334","147","57","18"
"Siriri (SE)","Total","570","586","736","666","589","593","552","577","564","509","434","405","305","234","200","129","103","47","17","16","2"
"Telha (SE)","Total","237","272","261","245","259","263","243","243","249","242","201","187","100","96","60","52","34","20","8","1","1"
"Tobias Barreto (SE)","Total","3059","3167","3623","3967","4282","4284","4081","4062","3959","3237","3070","2798","2105","1726","1305","962","679","326","153","50","10"
"Tomar do Geru (SE)","Total","806","896","946","1043","888","822","794","977","969","829","756","617","518","372","282","229","163","62","31","10","2"
"Umbaúba (SE)","Total","1822","1827","1943","2052","1997","1928","1825","1883","1846","1506","1304","1120","949","715","497","320","216","95","54","15","3"
"Abaíra (BA)","Total","324","368","392","447","377","415","448","531","549","461","504","522","478","470","353","242","202","131","59","23","5"
"Abaré (BA)","Total","1407","1448","1503","1734","1401","1325","1267","1302","1339","1063","812","796","629","479","427","310","213","101","55","18","10"
"Acajutiba (BA)","Total","862","965","1130","1209","1065","921","881","1024","1003","886","785","777","633","515","414","304","210","115","64","18","14"
"Adustina (BA)","Total","825","847","973","1167","1197","1018","1131","1088","1064","923","892","779","614","529","411","336","205","120","59","19","4"
"Água Fria (BA)","Total","828","1014","1021","1111","1044","978","947","1138","1158","1002","854","746","683","526","522","397","268","146","72","26","16"
"Érico Cardoso (BA)","Total","562","592","666","771","806","838","762","816","813","663","671","651","533","419","366","285","195","106","64","17","8"
"Aiquara (BA)","Total","264","300","283","356","294","305","294","338","338","286","255","283","283","184","144","89","69","48","28","6","-"
"Alagoinhas (BA)","Total","9198","10581","10341","10370","10937","11300","10921","13109","13402","10733","9746","8525","6908","5089","3926","2600","1714","927","476","139","113"
"Alcobaça (BA)","Total","1827","1885","1980","1903","1724","1661","1652","1837","1827","1650","1428","1357","1164","984","726","412","260","143","64","37","9"
"Almadina (BA)","Total","294","350","344","338","335","291","301","362","386","376","361","318","321","281","213","159","89","51","31","12","5"
"Amargosa (BA)","Total","2270","2374","2409","2933","2969","2801","2662","2782","2904","2486","2148","1869","1625","1248","1058","745","555","355","243","67","18"
"Amélia Rodrigues (BA)","Total","1358","1599","1768","1857","1787","1551","1581","1934","2067","1748","1506","1390","1270","943","719","477","306","162","80","29","6"
"América Dourada (BA)","Total","1028","1151","1337","1382","1148","1020","954","1032","1127","966","875","813","701","510","384","305","223","111","54","12","4"
"Anagé (BA)","Total","1339","1557","1642","2015","1712","1576","1572","1793","1943","1698","1695","1461","1468","1110","1049","702","572","320","145","53","16"
"Andaraí (BA)","Total","861","912","1051","1112","1083","920","950","1071","1003","753","692","648","612","439","363","285","172","82","41","19","11"
"Andorinha (BA)","Total","912","954","1023","1115","1116","1118","1051","1170","1211","1066","1000","856","648","488","457","361","244","122","52","35","13"
"Angical (BA)","Total","907","1000","1094","1081","1009","905","912","1038","1058","865","794","771","652","498","478","310","184","108","53","13","2"
"Anguera (BA)","Total","587","712","734","781","842","849","833","912","903","748","684","599","447","392","343","269","205","100","49","30","12"
"Antas (BA)","Total","748","769","799","979","1095","1154","1068","1176","1018","1015","892","890","661","497","546","353","284","154","62","34","12"
"Antônio Cardoso (BA)","Total","739","802","910","954","827","870","864","831","791","624","641","600","459","322","302","253","185","90","51","23","8"
"Antônio Gonçalves (BA)","Total","708","726","839","827","886","709","809","806","887","737","679","533","471","396","327","239","157","72","39","13","2"
"Aporá (BA)","Total","948","1100","1172","1361","1207","1083","1049","1141","1177","1051","1020","841","761","620","493","413","265","129","66","23","2"
"Apuarema (BA)","Total","483","449","499","572","499","468","440","536","518","425","363","379","374","329","232","165","76","58","35","8","5"
"Aracatu (BA)","Total","831","839","909","1034","971","931","985","1129","999","852","836","855","785","557","493","390","277","161","75","21","6"
"Araçás (BA)","Total","777","862","936","1061","910","967","907","1007","893","718","594","523","432","346","275","159","84","51","26","3","26"
"Araci (BA)","Total","3282","3295","3899","4279","4140","3546","3452","3549","3491","3083","2588","2470","1957","1467","1424","1054","716","344","161","70","27"
"Aramari (BA)","Total","611","696","670","762","756","720","696","817","768","701","650","499","402","351","274","189","133","69","44","13","12"
"Arataca (BA)","Total","682","718","804","881","848","673","677","783","845","636","525","519","520","392","304","173","112","53","36","7","3"
"Aratuípe (BA)","Total","600","662","585","713","654","649","671","692","711","581","543","441","362","294","205","147","89","45","25","7","1"
"Aurelino Leal (BA)","Total","794","890","945","967","803","740","775","861","788","650","610","603","519","447","336","214","115","64","41","13","4"
"Baianópolis (BA)","Total","950","964","1058","1116","1035","994","871","1036","1066","889","725","710","606","495","366","315","224","105","55","19","15"
"Baixa Grande (BA)","Total","1012","1129","1400","1577","1361","1213","1149","1264","1336","1145","1133","1027","914","763","647","505","325","183","89","42","6"
"Banzaê (BA)","Total","787","900","1052","1032","900","785","766","783","883","784","688","679","490","380","366","315","198","105","45","19","1"
"Barra (BA)","Total","4183","4503","4651","4884","4134","3840","3572","3791","3553","2864","2403","2337","1937","1429","1169","810","524","328","121","46","13"
"Barra da Estiva (BA)","Total","1848","1851","1927","2034","2347","1992","2164","2328","2130","1488","1350","1145","1042","772","612","419","307","163","73","27","7"
"Barra do Choça (BA)","Total","2498","2902","2869","3064","2875","2612","2564","2869","2938","2313","1979","1837","1493","1168","942","716","492","253","108","40","7"
"Barra do Mendes (BA)","Total","793","889","961","1118","993","880","850","997","1040","873","813","810","743","599","559","418","281","125","65","22","7"
"Barra do Rocha (BA)","Total","338","406","436","464","380","364","392","446","457","369","342","371","301","259","148","136","78","54","22","9","3"
"Barreiras (BA)","Total","11756","12173","11930","12771","13985","13521","13576","14578","13192","10196","8743","7327","5467","3869","2789","1768","1136","605","252","73","27"
"Barro Alto (BA)","Total","816","862","1014","1149","1068","897","823","1016","1095","872","860","768","639","457","396","355","201","111","43","8","3"
"Barrocas (BA)","Total","966","1100","1213","1227","1164","1077","1207","1311","1264","1009","827","753","575","423","411","329","197","90","39","19","2"
"Barro Preto (BA)","Total","316","382","410","413","380","408","385","449","426","438","380","342","331","259","210","119","110","45","24","3","3"
"Belmonte (BA)","Total","1521","1494","1608","1709","1465","1324","1308","1507","1562","1258","1206","1040","995","782","549","355","224","124","60","29","1"
"Belo Campo (BA)","Total","1143","1177","1237","1498","1330","1231","1196","1313","1344","1119","1145","1076","1017","762","605","509","356","204","106","33","11"
"Biritinga (BA)","Total","947","1053","1155","1157","1179","1024","1079","1160","1208","928","901","832","740","489","452","346","248","152","68","18","10"
"Boa Nova (BA)","Total","879","873","1000","1153","1015","853","897","933","1038","828","731","769","702","546","470","435","300","151","73","32","12"
"Boa Vista do Tupim (BA)","Total","1025","1223","1432","1537","1110","1097","1079","1198","1206","1038","1024","961","848","633","536","404","264","137","83","27","11"
"Bom Jesus da Lapa (BA)","Total","4853","5264","5278","5769","5367","4990","4930","5272","4919","3886","3458","3140","2773","1865","1483","989","680","376","177","60","21"
"Bom Jesus da Serra (BA)","Total","591","611","708","850","743","722","656","730","770","543","547","508","473","384","330","222","188","94","39","15","6"
"Boninal (BA)","Total","904","985","950","1041","992","943","966","945","1012","875","778","753","622","556","425","386","263","141","64","15","6"
"Bonito (BA)","Total","1255","1318","1269","1450","1447","1357","1162","1222","1214","933","830","705","543","406","305","214","122","60","22","7","3"
"Boquira (BA)","Total","1208","1302","1306","1488","1461","1274","1288","1399","1381","1169","1158","1089","946","763","629","600","447","246","113","44","11"
"Botuporã (BA)","Total","677","644","703","832","909","836","769","802","802","669","681","651","570","401","378","298","194","106","68","28","6"
"Brejões (BA)","Total","757","851","980","1089","959","845","863","990","1034","801","757","679","633","563","440","269","183","128","72","34","16"
"Brejolândia (BA)","Total","551","571","667","687","556","490","576","701","676","615","582","608","518","364","339","288","154","96","50","19","-"
"Brotas de Macaúbas (BA)","Total","722","770","836","942","780","689","687","858","863","685","684","712","674","486","443","378","284","155","88","25","4"
"Brumado (BA)","Total","4154","4507","4580","4891","5201","5098","5238","5938","5952","4785","4605","4120","3320","2435","2022","1657","1027","581","277","96","26"
"Buerarema (BA)","Total","881","975","1109","1077","934","931","952","1048","1063","918","916","933","906","709","563","342","276","156","77","32","6"
"Buritirama (BA)","Total","1548","1534","1577","1873","1532","1475","1413","1529","1544","1163","985","875","722","533","504","354","216","125","63","15","9"
"Caatiba (BA)","Total","338","382","433","493","418","372","406","475","507","445","427","367","328","258","197","155","98","60","32","10","4"
"Cabaceiras do Paraguaçu (BA)","Total","1184","1239","1319","1673","1369","1191","1189","1256","1216","992","914","751","640","461","435","310","227","114","48","14","17"
"Cachoeira (BA)","Total","1750","1954","2026","2230","2358","2114","1852","2334","2400","2031","1866","1638","1438","1078","833","597","378","205","107","39","22"
"Caculé (BA)","Total","1385","1426","1343","1523","1762","1592","1639","1794","1782","1420","1432","1226","1042","856","793","618","416","251","104","45","13"
"Caém (BA)","Total","690","714","819","944","814","715","675","734","714","642","609","574","432","337","328","291","180","88","59","18","7"
"Caetanos (BA)","Total","612","710","776","906","839","741","774","916","895","663","676","632","575","401","373","324","231","124","65","25","8"
"Caetité (BA)","Total","3106","3388","3450","3831","4071","3934","4351","4224","4104","3124","3074","2728","2350","1810","1562","1168","820","511","268","109","29"
"Cafarnaum (BA)","Total","1204","1334","1458","1534","1373","1315","1314","1305","1373","1089","953","831","696","522","431","315","248","95","50","21","5"
"Cairu (BA)","Total","1385","1396","1328","1364","1537","1578","1630","1463","1481","1179","981","719","570","431","295","204","124","62","23","7","4"
"Caldeirão Grande (BA)","Total","934","964","1042","1136","1020","949","1000","963","930","794","693","626","524","434","410","280","222","91","41","18","9"
"Camacan (BA)","Total","1516","1641","1831","1952","1667","1444","1425","1600","1679","1359","1292","1159","1283","922","755","450","304","169","94","27","10"
"Camaçari (BA)","Total","20189","22272","22425","21539","22597","22068","24291","29739","28740","21346","17687","14756","11931","8781","5690","3180","1758","858","334","135","56"
"Camamu (BA)","Total","2430","2614","2817","2747","2259","2172","2053","2244","2108","1661","1642","1488","1376","1029","783","443","329","159","77","25","13"
"Campo Alegre de Lourdes (BA)","Total","2501","2472","2461","2517","2262","2087","2092","2275","2258","1756","1590","1703","1311","1004","933","631","427","240","107","36","8"
"Campo Formoso (BA)","Total","5265","5063","5385","5943","6130","5224","5111","5403","5550","4552","4030","3616","2927","2354","1908","1300","878","431","212","69","26"
"Canápolis (BA)","Total","674","771","811","886","783","726","666","755","754","617","550","540","440","390","308","238","181","71","48","12","4"
"Canarana (BA)","Total","1614","1815","1879","2142","1919","1740","1597","1858","1876","1512","1382","1242","1106","806","678","468","334","150","69","15","4"
"Canavieiras (BA)","Total","2125","2486","2338","2495","2339","2154","2206","2476","2571","2134","1971","1781","1604","1364","1062","679","434","273","133","45","13"
"Candeal (BA)","Total","464","476","501","562","603","507","446","487","626","575","503","475","350","321","328","253","147","78","45","18","7"
"Candeias (BA)","Total","4281","4977","5408","5071","5471","4934","5053","6310","6484","5414","4860","4099","3370","2536","1840","1079","682","304","134","51","24"
"Candiba (BA)","Total","700","761","860","923","866","760","854","996","963","815","886","876","791","574","482","389","256","161","77","20","6"
"Cândido Sales (BA)","Total","1481","1699","1950","2043","1718","1665","1632","1828","1924","1675","1598","1520","1366","1004","776","571","396","259","100","33","9"
"Cansanção (BA)","Total","2413","2668","2814","3258","3319","2849","2621","2781","2675","2417","2178","1881","1517","1201","1042","816","509","265","134","62","19"
"Canudos (BA)","Total","1189","1230","1286","1354","1223","1070","1027","1194","1182","1047","1001","881","684","481","444","364","224","137","58","20","9"
"Capela do Alto Alegre (BA)","Total","608","601","629","749","680","675","703","751","775","764","747","715","583","488","433","384","247","118","58","25","11"
"Capim Grosso (BA)","Total","2299","2422","2532","2669","2654","2442","2558","2665","2570","2164","1882","1618","1300","982","910","686","475","232","129","36","10"
"Caraíbas (BA)","Total","514","605","674","730","656","603","629","646","747","635","594","586","605","486","426","338","224","124","79","34","5"
"Caravelas (BA)","Total","1443","1469","1679","1744","1545","1391","1320","1553","1621","1278","1199","1089","968","825","581","405","264","123","60","16","7"
"Cardeal da Silva (BA)","Total","590","702","732","746","715","672","659","671","609","459","430","403","315","239","142","119","67","51","25","9","10"
"Carinhanha (BA)","Total","2186","2187","2506","2615","2329","1990","2130","2207","2104","1722","1525","1425","1160","890","747","492","336","190","91","24","13"
"Casa Nova (BA)","Total","5378","5590","6035","6181","6064","5391","5301","5466","5215","4637","3935","3377","2780","2070","1797","1311","886","415","184","60","13"
"Castro Alves (BA)","Total","1493","1577","1694","1962","1830","1764","1730","2014","1984","1748","1503","1406","1114","886","736","532","346","221","116","45","11"
"Catolândia (BA)","Total","244","275","260","237","210","206","224","267","255","218","196","199","159","131","125","99","60","48","16","3","2"
"Catu (BA)","Total","2525","3127","3443","3384","3206","3287","3318","4168","4319","3645","3347","2855","2441","1827","1355","835","548","267","165","51","35"
"Caturama (BA)","Total","474","539","578","619","633","609","660","698","729","538","470","489","474","390","328","280","165","94","58","11","5"
"Central (BA)","Total","1017","1083","1271","1327","1177","1053","1029","1175","1245","1031","1037","997","857","604","559","418","240","127","67","20","14"
"Chorrochó (BA)","Total","761","850","856","896","913","759","700","746","780","645","568","518","422","312","293","240","165","85","47","19","4"
"Cícero Dantas (BA)","Total","1616","1770","1984","2244","2263","2247","2233","2383","2196","2046","2024","2049","1626","1200","1066","883","584","303","139","41","10"
"Cipó (BA)","Total","1230","1334","1363","1405","1401","1224","1237","1400","1369","1093","933","829","702","538","452","295","218","117","54","22","14"
"Coaraci (BA)","Total","972","1105","1189","1354","1135","963","1052","1171","1315","1062","1089","1054","1067","895","687","503","361","207","109","35","8"
"Cocos (BA)","Total","1268","1338","1362","1589","1520","1452","1341","1388","1382","1190","1056","1018","867","708","615","476","291","165","79","27","19"
"Conceição da Feira (BA)","Total","1299","1345","1563","1660","1718","1565","1423","1681","1792","1486","1285","1016","837","685","562","385","258","129","77","27","7"
"Conceição do Almeida (BA)","Total","792","864","993","1118","1103","1081","1050","1284","1235","1150","1082","1115","922","646","460","366","254","144","93","32","10"
"Conceição do Coité (BA)","Total","4374","5020","5151","5136","5439","4732","4823","5534","5565","4540","4014","3461","2695","2223","1919","1446","959","488","205","84","17"
"Conceição do Jacuípe (BA)","Total","2169","2275","2489","2579","2745","2610","2545","3082","3196","2454","2337","1892","1501","1142","937","598","402","195","111","36","13"
"Conde (BA)","Total","1795","1918","1902","2195","2208","1830","1584","1738","1725","1354","1230","1124","941","678","543","364","265","146","66","30","18"
"Condeúba (BA)","Total","931","1050","1029","1272","1118","1026","1012","1332","1413","1118","1101","1000","934","737","698","524","387","209","111","44","7"
"Contendas do Sincorá (BA)","Total","247","264","296","342","298","287","321","352","329","240","235","244","251","187","162","108","73","55","27","8","7"
"Coração de Maria (BA)","Total","1520","1755","1869","2007","2142","2102","2024","2056","2182","1818","1713","1409","1143","964","801","512","364","178","92","27","14"
"Cordeiros (BA)","Total","440","417","448","511","469","469","485","522","612","493","527","490","412","360","330","224","170","110","37","15","5"
"Coribe (BA)","Total","803","871","1037","1043","891","904","893","1045","1066","895","905","894","761","648","518","396","228","123","50","14","5"
"Coronel João Sá (BA)","Total","1149","1058","1338","1411","1507","1344","1297","1232","1255","1099","992","899","729","537","470","302","240","111","62","18","6"
"Correntina (BA)","Total","2190","2244","2385","2627","2478","2234","2345","2682","2484","2013","1907","1737","1493","1103","969","695","452","243","115","48","13"
"Cotegipe (BA)","Total","896","969","1019","1130","932","883","926","1013","923","780","748","716","679","467","406","251","175","93","43","12","2"
"Cravolândia (BA)","Total","277","255","308","379","278","259","297","335","347","324","247","282","258","177","150","94","67","47","18","9","7"
"Crisópolis (BA)","Total","1255","1420","1524","1551","1467","1383","1259","1528","1534","1378","1172","1020","868","676","623","507","317","145","70","24","8"
"Cristópolis (BA)","Total","931","939","961","1143","1058","1026","1033","1159","1010","831","839","795","650","502","389","313","220","126","48","18","2"
"Cruz das Almas (BA)","Total","3387","3773","4060","4266","4427","4302","4251","5274","5283","4367","4133","3543","2961","2212","1599","994","707","460","247","77","25"
"Curaçá (BA)","Total","2663","2687","2800","2917","2809","2518","2493","2664","2548","2172","1798","1579","1246","906","838","695","446","235","111","41","14"
"Dário Meira (BA)","Total","729","772","886","924","774","663","671","778","824","662","593","614","560","456","347","238","171","89","44","17","8"
"Dias d'Ávila (BA)","Total","4743","5461","5618","5576","5385","5110","5369","6198","6538","4954","4345","3694","3028","2201","1469","880","533","238","96","32","17"
"Dom Basílio (BA)","Total","672","670","743","863","886","812","895","1052","904","787","789","743","607","434","366","284","200","98","55","15","9"
"Dom Macedo Costa (BA)","Total","251","267","278","325","291","326","278","378","380","319","325","232","224","164","145","101","48","47","18","5","5"
"Elísio Medrado (BA)","Total","402","418","570","573","434","459","513","582","645","546","480","544","449","364","284","206","148","115","55","10","11"
"Encruzilhada (BA)","Total","1273","1283","1583","1589","1459","1258","1308","1390","1424","1191","1077","1070","970","764","574","410","268","133","58","16","9"
"Entre Rios (BA)","Total","2540","2719","2871","3168","3046","2986","2562","3082","3052","2630","2282","2050","1554","1257","949","581","412","195","87","42","33"
"Esplanada (BA)","Total","2362","2404","2606","3007","2840","2546","2198","2592","2529","1961","1741","1553","1316","979","745","479","363","185","95","31","22"
"Euclides da Cunha (BA)","Total","3893","4047","4568","4850","4799","4282","4411","4757","4619","4006","3652","3372","2639","2162","1998","1484","1026","506","241","112","32"
"Eunápolis (BA)","Total","8115","8474","8951","8865","8962","8333","8480","9867","9701","7460","6358","5535","4586","3673","2678","1632","1093","567","258","89","33"
"Fátima (BA)","Total","1045","995","1155","1305","1430","1331","1367","1391","1297","1260","1161","1088","806","635","615","457","321","152","64","15","5"
"Feira da Mata (BA)","Total","370","379","374","381","371","363","406","415","419","401","384","320","299","228","215","135","92","52","19","4","4"
"Feira de Santana (BA)","Total","38381","43104","43647","43729","49790","48882","48435","54187","53520","43272","37829","32051","25502","18837","14127","9301","6190","3156","1671","504","157"
"Filadélfia (BA)","Total","1183","1227","1365","1453","1499","1241","1298","1454","1478","1142","990","867","746","576","555","391","239","104","54","31","4"
"Firmino Alves (BA)","Total","287","330","370","393","343","325","340","410","357","304","262","274","230","201","176","125","66","43","25","11","1"
"Floresta Azul (BA)","Total","514","710","794","845","756","661","820","832","819","721","712","684","638","486","397","310","200","96","37","18","9"
"Formosa do Rio Preto (BA)","Total","2100","2129","2179","2229","2236","2146","2013","2177","1769","1530","1196","1072","877","742","629","393","251","120","72","32","7"
"Gandu (BA)","Total","2156","2308","2418","2663","2455","2199","2288","2703","2891","2106","1818","1663","1471","1097","783","516","340","166","100","26","11"
"Gavião (BA)","Total","208","260","295","329","280","281","269","322","333","281","279","290","249","206","191","118","83","46","30","8","2"
"Gentio do Ouro (BA)","Total","643","756","770","878","837","772","696","893","777","675","611","642","538","431","341","288","175","98","49","12","2"
"Glória (BA)","Total","1120","1215","1228","1090","1073","1080","1179","1309","1176","985","945","831","659","499","456","289","217","104","49","14","6"
"Gongogi (BA)","Total","340","438","400","462","384","357","318","490","461","322","272","287","285","240","186","135","83","58","25","5","7"
"Governador Mangabeira (BA)","Total","1264","1399","1450","1756","1509","1334","1437","1689","1746","1400","1262","1152","998","749","592","376","229","138","79","32","14"
"Guajeru (BA)","Total","374","438","510","583","582","510","480","544","612","459","555","550","483","372","324","271","202","120","48","29","4"
"Guanambi (BA)","Total","5523","5798","5826","6242","6693","6664","7034","7230","7112","5815","5561","4808","3930","2983","2506","1739","1185","673","356","110","29"
"Guaratinga (BA)","Total","1214","1270","1475","1489","1284","1078","1200","1394","1460","1257","1127","1187","923","883","742","490","308","158","69","25","16"
"Heliópolis (BA)","Total","671","677","781","957","1057","939","873","886","855","903","812","746","600","434","418","319","214","100","52","12","3"
"Iaçu (BA)","Total","1566","1699","1934","2067","1806","1629","1561","1814","1868","1575","1412","1395","1173","924","757","611","403","201","131","52","29"
"Ibiassucê (BA)","Total","472","539","652","686","751","620","654","833","787","705","721","726","583","487","422","306","233","148","77","24","3"
"Ibicaraí (BA)","Total","1178","1394","1447","1703","1557","1403","1337","1523","1680","1414","1298","1274","1297","997","815","554","421","212","113","37","11"
"Ibicoara (BA)","Total","1641","1671","1761","1867","1788","1768","1811","1929","1680","1130","969","758","673","488","335","225","134","97","41","14","5"
"Ibicuí (BA)","Total","821","846","998","1066","872","926","926","1047","1093","885","843","893","753","583","506","344","276","155","72","25","4"
"Ibipeba (BA)","Total","1058","1182","1186","1321","1143","1008","1081","1232","1370","1084","1124","927","796","606","573","409","279","122","68","19","15"
"Ibipitanga (BA)","Total","727","857","860","1106","1137","1021","918","1015","1102","830","862","816","674","506","448","401","290","171","86","29","7"
"Ibiquera (BA)","Total","245","247","290","347","261","231","230","269","287","231","238","209","167","126","135","104","61","24","13","9","1"
"Ibirapitanga (BA)","Total","1752","1873","2126","2417","2200","1824","1695","1820","1928","1409","1323","1236","1155","940","669","396","301","162","74","36","8"
"Ibirapuã (BA)","Total","608","664","645","680","632","605","638","702","672","540","517","496","409","327","288","199","135","95","31","8","5"
"Ibirataia (BA)","Total","1245","1311","1492","1323","1235","1118","1253","1482","1502","1206","1094","1065","1052","835","583","410","319","161","76","25","5"
"Ibitiara (BA)","Total","711","885","916","1114","1076","1010","959","1081","1164","929","916","801","801","632","533","486","345","127","104","40","7"
"Ibititá (BA)","Total","1062","1172","1176","1289","1164","1113","1106","1260","1311","1102","1104","1085","879","655","547","416","283","138","83","18","6"
"Ibotirama (BA)","Total","1909","2010","2081","2088","2018","1973","1935","2192","1996","1616","1412","1298","1116","822","708","502","331","188","89","23","2"
"Ichu (BA)","Total","365","398","396","469","467","428","426","482","416","395","411","391","326","238","204","150","114","67","36","9","2"
"Igaporã (BA)","Total","826","969","1009","1055","1201","1162","1181","1281","1249","951","938","860","775","554","554","405","284","142","89","32","10"
"Igrapiúna (BA)","Total","931","1019","1015","1076","1111","1000","968","1065","997","812","739","685","575","407","301","204","135","63","33","10","5"
"Iguaí (BA)","Total","1357","1417","1620","1766","1471","1262","1322","1571","1660","1400","1359","1296","1102","864","721","527","387","227","103","40","19"
"Ilhéus (BA)","Total","10566","11849","12215","13071","13084","12372","12289","14379","15081","12352","11488","10499","9709","7210","5158","3130","2228","1210","534","177","48"
"Inhambupe (BA)","Total","2214","2326","2729","2796","2754","2579","2426","2720","2538","2162","1954","1616","1392","1108","904","666","484","213","146","42","21"
"Ipecaetá (BA)","Total","837","863","1009","1082","1265","1026","949","1002","1003","787","750","780","652","511","407","294","223","149","83","28","9"
"Ipiaú (BA)","Total","2613","2680","2906","2983","2861","2599","2683","3388","3390","2488","2375","2286","2243","1867","1267","836","605","342","190","79","25"
"Ipirá (BA)","Total","3439","3753","4101","4632","4396","3867","3975","4309","4442","3534","3260","3081","2547","2232","1882","1483","1008","533","270","90","42"
"Ipupiara (BA)","Total","557","641","650","724","695","686","674","763","736","630","612","591","550","381","422","283","193","87","45","10","5"
"Irajuba (BA)","Total","361","397","464","536","429","363","332","470","478","404","392","349","301","274","196","143","87","74","33","12","6"
"Iramaia (BA)","Total","611","675","776","904","866","831","781","838","813","655","601","561","527","430","347","242","143","72","46","22","11"
"Iraquara (BA)","Total","1735","1720","1869","2075","2068","1841","1737","1857","1817","1346","1251","1180","998","730","594","489","283","159","89","30","11"
"Irará (BA)","Total","1665","1855","2035","2256","1933","1953","1971","2195","2204","1867","1775","1589","1275","1021","884","679","436","283","112","39","16"
"Irecê (BA)","Total","5113","5417","5431","6123","6221","5988","5561","6327","6244","5179","4389","3661","2865","2040","1560","1049","745","358","168","50","18"
"Itabela (BA)","Total","2238","2277","2460","2368","2296","2052","2168","2116","2092","1664","1512","1316","1115","888","674","387","272","166","74","21","9"
"Itaberaba (BA)","Total","4203","4513","4864","5127","5139","4588","4866","5635","5308","4219","3614","3350","2896","2061","1674","1288","911","456","253","86","22"
"Itabuna (BA)","Total","10188","11613","12066","12983","13654","12991","13098","15283","15744","13063","12022","11218","10266","7806","5856","3770","2689","1470","670","189","69"
"Itacaré (BA)","Total","2167","2219","2278","2367","2230","2216","2192","2340","2212","1713","1448","1226","1030","783","562","341","221","102","38","18","1"
"Itaeté (BA)","Total","944","1029","1163","1121","1066","953","876","1005","949","751","755","670","604","479","394","323","196","107","55","17","15"
"Itagi (BA)","Total","905","906","1025","1137","1044","873","870","1003","1050","906","780","762","729","602","470","283","213","147","64","24","10"
"Itagibá (BA)","Total","985","1102","1070","1184","1022","1010","1035","1280","1294","917","811","830","775","702","480","346","215","147","72","22","11"
"Itagimirim (BA)","Total","420","514","476","461","430","386","396","460","511","407","354","390","331","248","209","143","116","59","24","6","6"
"Itaguaçu da Bahia (BA)","Total","955","976","1065","1016","935","844","861","848","845","782","692","680","524","408","355","261","145","72","34","8","5"
"Itaju do Colônia (BA)","Total","412","492","518","600","427","347","340","391","423","410","353","337","308","217","174","117","71","57","28","11","4"
"Itajuípe (BA)","Total","1105","1226","1312","1452","1194","1233","1283","1401","1508","1238","1166","1101","1080","859","634","399","298","169","92","24","7"
"Itamaraju (BA)","Total","4174","4349","4540","4682","4544","4150","4028","4598","4738","3926","3372","3258","2843","2155","1729","1125","721","384","209","63","17"
"Itamari (BA)","Total","438","461","555","603","447","451","405","549","584","427","420","392","374","321","247","159","98","69","30","10","11"
"Itambé (BA)","Total","1542","1615","1693","1906","1974","1594","1676","2042","2016","1735","1499","1317","1078","823","718","477","392","192","73","24","8"
"Itanagra (BA)","Total","442","450","492","499","508","459","409","445","442","358","334","275","269","221","115","77","56","39","15","7","2"
"Itanhém (BA)","Total","945","1077","1187","1202","1180","1052","1164","1250","1296","1157","1220","1174","1069","857","695","549","375","219","99","35","11"
"Itaparica (BA)","Total","1188","1238","1352","1391","1535","1287","1164","1503","1671","1438","1332","1244","1118","899","608","390","233","107","58","24","9"
"Itapé (BA)","Total","597","709","777","807","673","721","749","860","874","690","597","583","523","377","292","214","157","86","35","13","7"
"Itapebi (BA)","Total","613","706","798","753","655","551","576","686","685","559","525","529","490","363","287","155","140","60","32","9","2"
"Itapetinga (BA)","Total","4200","4485","4828","5225","4875","4536","4393","5322","5446","4608","4117","3537","2933","2320","1929","1398","949","472","241","55","28"
"Itapicuru (BA)","Total","2186","2232","2568","2713","2480","2352","2239","2338","2334","2042","1868","1704","1296","1064","864","637","441","185","102","25","9"
"Itapitanga (BA)","Total","780","772","659","781","797","701","729","825","833","658","589","522","467","383","309","222","130","81","31","8","2"
"Itaquara (BA)","Total","454","489","569","508","612","611","616","707","682","557","482","477","395","346","242","156","109","74","48","11","8"
"Itarantim (BA)","Total","1095","1139","1249","1233","1210","1096","1151","1368","1305","1137","1046","974","806","678","546","423","294","191","75","16","20"
"Itatim (BA)","Total","1047","1246","1261","1301","1197","1259","1187","1262","1258","1016","868","758","587","455","381","284","178","99","57","24","12"
"Itiruçu (BA)","Total","657","703","706","885","767","692","688","891","833","677","670","680","627","428","359","305","197","134","71","23","6"
"Itiúba (BA)","Total","2254","2388","2602","3080","2672","2354","2247","2506","2516","2099","1946","1774","1436","1117","1001","832","582","273","119","49","25"
"Itororó (BA)","Total","986","1103","1225","1313","1132","1012","1015","1257","1307","1055","873","998","951","754","608","433","320","168","86","11","10"
"Ituaçu (BA)","Total","1031","1134","1203","1371","1321","1253","1269","1470","1490","1160","1065","966","865","683","575","439","288","183","100","37","11"
"Ituberá (BA)","Total","1376","1529","1728","1901","1523","1436","1497","1759","1810","1457","1331","1126","1044","849","644","388","280","149","55","15","5"
"Iuiu (BA)","Total","750","725","841","938","933","917","905","868","784","695","655","580","472","349","280","176","143","76","18","9","4"
"Jaborandi (BA)","Total","665","631","650","609","617","637","713","733","680","616","555","534","436","371","306","247","151","74","39","6","5"
"Jacaraci (BA)","Total","674","754","790","958","1029","977","1047","1163","1096","867","925","958","856","652","588","460","331","189","89","28","5"
"Jacobina (BA)","Total","5471","5873","5997","6211","6342","5995","6160","6767","6668","5639","4849","4327","3541","2779","2366","1691","1014","517","266","90","27"
"Jaguaquara (BA)","Total","2941","3293","3664","3877","3592","3174","3053","3439","3613","2946","2657","2427","2152","1606","1327","921","609","381","194","73","25"
"Jaguarari (BA)","Total","2074","2239","2279","2391","2500","2233","2336","2492","2613","2282","2071","1842","1471","1124","1063","719","521","258","133","49","13"
"Jaguaripe (BA)","Total","1013","1166","1369","1462","1302","1256","1292","1502","1457","1253","1070","932","792","679","471","284","183","91","56","19","10"
"Jandaíra (BA)","Total","669","758","860","845","778","706","623","646","679","588","506","430","370","273","239","138","101","48","11","9","8"
"Jequié (BA)","Total","10009","11330","11114","11739","11631","11206","11697","13196","13206","10830","9350","8390","7423","6041","4466","2919","2014","1264","655","237","96"
"Jeremoabo (BA)","Total","2495","2487","2873","3266","2821","2703","2708","2744","2668","2495","2296","2089","1631","1297","1098","827","593","287","158","64","26"
"Jiquiriçá (BA)","Total","789","863","976","1063","1022","920","1041","1201","1153","892","783","750","647","530","367","245","170","115","67","24","11"
"Jitaúna (BA)","Total","903","979","991","1161","1031","957","1016","1045","1098","901","836","834","731","620","460","305","257","134","69","20","7"
"João Dourado (BA)","Total","1913","1870","2114","2341","1962","1741","1681","1799","1963","1677","1302","1226","958","734","648","412","290","137","57","25","4"
"Juazeiro (BA)","Total","18953","19246","18437","19663","20817","19554","18174","18624","18313","15515","13273","11115","8366","6175","4531","3224","2073","1108","461","154","45"
"Jucuruçu (BA)","Total","620","713","736","735","636","653","641","758","724","608","574","580","443","462","328","210","141","64","16","8","5"
"Jussara (BA)","Total","1055","1168","1352","1372","1166","1123","1057","1261","1208","1052","969","951","724","569","542","375","223","110","56","17","4"
"Jussari (BA)","Total","330","407","460","437","418","382","390","402","432","415","353","352","335","261","199","133","84","68","26","4","-"
"Jussiape (BA)","Total","319","365","429","432","451","445","496","620","572","484","537","474","451","389","301","251","180","106","49","25","3"
"Lafaiete Coutinho (BA)","Total","250","223","263","281","254","222","267","359","331","268","232","215","255","217","152","114","99","26","34","9","4"
"Lagoa Real (BA)","Total","823","872","923","1006","1238","1152","1150","1227","1036","834","770","760","581","450","484","331","244","126","67","20","11"
"Laje (BA)","Total","1247","1334","1572","1694","1533","1485","1534","1755","1745","1480","1338","1269","924","723","542","341","287","138","75","20","16"
"Lajedão (BA)","Total","260","235","288","271","243","204","243","286","272","269","285","219","198","183","130","124","72","34","21","7","1"
"Lajedinho (BA)","Total","216","232","280","279","247","208","231","268","283","228","212","234","182","130","136","69","46","24","13","8","1"
"Lajedo do Tabocal (BA)","Total","394","457","571","585","573","469","499","561","584","538","491","440","371","286","256","166","133","77","27","11","5"
"Lamarão (BA)","Total","521","605","686","767","670","635","651","662","671","519","567","486","405","350","292","220","167","64","41","26","10"
"Lapão (BA)","Total","1804","1804","1906","2205","2115","1757","1710","1896","2024","1672","1507","1447","1166","861","754","532","311","166","64","30","5"
"Lauro de Freitas (BA)","Total","12356","14071","13524","13594","15094","14629","16180","19734","20618","15420","12527","10114","8425","6609","4731","2676","1622","853","391","119","44"
"Lençóis (BA)","Total","745","833","912","874","866","868","853","941","863","681","582","520","406","288","225","125","101","47","27","12","5"
"Licínio de Almeida (BA)","Total","631","715","776","875","740","710","843","893","939","716","781","691","659","538","495","334","274","136","60","21","7"
"Livramento de Nossa Senhora (BA)","Total","2619","2733","2857","3025","3315","2989","3372","3784","3684","2887","2799","2453","2118","1601","1333","1071","686","321","170","64","22"
"Luís Eduardo Magalhães (BA)","Total","9616","9258","8811","8981","10418","10843","10591","10911","8990","6215","4453","3279","2263","1413","909","452","314","143","38","10","1"
"Macajuba (BA)","Total","609","701","941","974","696","576","620","762","818","682","572","602","522","411","359","254","168","100","52","22","13"
"Macarani (BA)","Total","1052","1285","1531","1558","1668","1501","1798","1977","2016","1584","1247","1227","967","680","597","423","296","108","64","15","5"
"Macaúbas (BA)","Total","2548","2612","2856","3386","3290","2992","2940","2991","3142","2488","2594","2381","2116","1627","1282","1167","742","403","228","51","23"
"Macururé (BA)","Total","522","558","572","672","521","479","438","505","512","475","412","397","296","195","221","196","149","70","36","15","15"
"Madre de Deus (BA)","Total","1112","1207","1281","1288","1432","1294","1260","1491","1653","1405","1317","1156","914","656","436","288","171","89","39","10","5"
"Maetinga (BA)","Total","370","417","398","569","453","421","394","523","563","476","446","397","380","301","326","250","155","77","39","14","4"
"Maiquinique (BA)","Total","535","563","657","760","659","593","570","718","697","569","483","494","430","342","257","181","125","60","28","6","4"
"Mairi (BA)","Total","985","1045","1220","1289","1379","1172","1155","1293","1362","1127","1116","1041","903","745","699","517","329","150","107","32","8"
"Malhada (BA)","Total","1138","1232","1230","1440","1203","1110","1128","1140","1126","926","841","812","644","464","389","257","169","96","38","11","4"
"Malhada de Pedras (BA)","Total","489","541","511","656","644","590","599","694","703","507","591","535","421","329","293","239","184","99","32","9","4"
"Manoel Vitorino (BA)","Total","861","909","1031","1114","1043","899","862","982","1082","863","833","743","710","617","456","383","231","138","61","26","16"
"Mansidão (BA)","Total","880","978","980","1177","1170","1132","1130","1230","1143","818","709","652","592","414","354","253","169","84","39","13","2"
"Maracás (BA)","Total","1676","1922","1864","2103","2102","2030","2082","2345","2221","1655","1571","1490","1375","1013","777","559","412","231","131","46","15"
"Maragogipe (BA)","Total","2064","2135","2584","2894","2695","2396","2464","3028","3102","2711","2331","2041","1628","1279","980","628","462","254","125","42","16"
"Maraú (BA)","Total","1856","2327","1710","2016","2244","1826","1779","2531","2035","1441","1167","1043","861","650","448","283","172","80","43","10","5"
"Marcionílio Souza (BA)","Total","586","637","774","795","676","649","668","673","668","542","569","516","438","326","261","201","141","79","36","23","9"
"Mascote (BA)","Total","778","989","1042","1189","1082","831","901","1128","1064","822","666","649","677","582","521","267","173","114","50","15","4"
"Mata de São João (BA)","Total","2800","3171","3167","3427","3150","3060","3130","3743","3849","2909","2539","2143","1782","1399","986","623","346","184","112","32","14"
"Matina (BA)","Total","637","694","777","931","821","787","768","763","729","668","609","521","470","324","298","241","131","93","45","15","8"
"Medeiros Neto (BA)","Total","1420","1479","1594","1612","1504","1496","1492","1586","1584","1488","1400","1399","1124","927","733","575","391","243","106","35","6"
"Miguel Calmon (BA)","Total","1559","1660","1906","1813","1691","1537","1629","1818","1876","1593","1574","1473","1317","995","799","623","411","220","109","47","11"
"Milagres (BA)","Total","714","765","819","884","901","763","738","829","884","743","686","558","476","376","344","263","175","78","47","22","6"
"Mirangaba (BA)","Total","1020","1120","1217","1283","1200","1073","1090","1216","1240","958","910","837","735","554","506","358","238","111","45","17","6"
"Mirante (BA)","Total","596","614","711","797","774","682","663","768","839","666","609","577","465","398","334","286","221","116","28","29","14"
"Monte Santo (BA)","Total","2893","3205","3632","3985","3525","3235","3268","3518","3580","3147","2973","2645","1976","1634","1630","1329","844","489","173","78","21"
"Morpará (BA)","Total","510","604","633","650","557","483","511","571","534","435","463","502","453","325","281","223","135","77","36","11","2"
"Morro do Chapéu (BA)","Total","2318","2530","2896","2730","2410","2288","2282","2509","2491","2112","1921","1868","1640","1164","938","647","440","241","121","37","11"
"Mortugaba (BA)","Total","613","681","762","691","629","628","702","838","796","748","767","727","669","515","472","375","270","145","80","25","10"
"Mucugê (BA)","Total","810","894","969","932","962","865","956","1034","963","751","703","612","491","355","307","229","140","98","47","14","5"
"Mucuri (BA)","Total","2789","3115","3108","2939","2846","2854","2798","2997","3039","2510","2272","1890","1603","1231","835","529","334","155","91","30","12"
"Mulungu do Morro (BA)","Total","943","1039","1100","1207","1215","1030","965","1049","1014","740","666","599","494","365","268","217","146","61","24","5","5"
"Mundo Novo (BA)","Total","989","1166","1410","1419","1244","1132","1062","1189","1246","1203","1067","1011","908","659","545","437","284","193","106","25","10"
"Muniz Ferreira (BA)","Total","332","413","507","450","462","492","502","641","634","573","504","452","378","277","224","150","103","59","21","15","1"
"Muquém do São Francisco (BA)","Total","808","836","912","1013","918","748","710","781","749","637","518","498","406","280","247","190","117","46","23","4","2"
"Muritiba (BA)","Total","1644","1865","1955","2176","2090","1943","1903","2486","2393","2093","1863","1703","1404","1046","784","559","411","208","116","48","17"
"Mutuípe (BA)","Total","1243","1331","1370","1505","1531","1350","1383","1706","1727","1280","1265","1107","984","761","574","362","248","187","77","36","10"
"Nazaré (BA)","Total","1571","1711","2035","1919","2034","1876","1927","2319","2297","1907","1764","1680","1301","945","645","430","350","201","99","38","11"
"Nilo Peçanha (BA)","Total","874","891","959","975","891","798","828","946","1002","815","735","621","561","395","312","208","128","76","29","15","4"
"Nordestina (BA)","Total","1316","1343","1345","1535","1694","1312","1311","1571","1591","1195","936","887","739","556","494","310","205","95","59","21","8"
"Nova Canaã (BA)","Total","767","870","980","1174","895","795","779","907","1020","898","926","939","816","578","476","370","243","165","76","31","10"
"Nova Fátima (BA)","Total","391","492","503","563","545","497","517","538","664","603","568","516","423","340","312","211","163","63","38","17","3"
"Nova Ibiá (BA)","Total","388","480","503","507","440","385","405","501","576","449","413","380","339","258","205","109","73","54","27","6","3"
"Nova Itarana (BA)","Total","547","558","666","683","637","595","524","568","549","493","429","392","317","250","203","164","101","55","33","10","6"
"Nova Redenção (BA)","Total","465","523","587","676","613","532","460","507","610","442","437","388","340","277","257","194","117","63","30","13","7"
"Nova Soure (BA)","Total","1462","1656","1887","2123","1946","1529","1500","1690","1785","1573","1527","1350","1099","926","817","623","400","181","107","39","16"
"Nova Viçosa (BA)","Total","2918","3229","3300","3346","2987","2835","2766","3008","3043","2493","2140","1882","1760","1419","980","666","366","225","97","34","15"
"Novo Horizonte (BA)","Total","720","719","773","887","843","818","853","954","907","680","611","557","505","389","337","273","179","83","53","20","1"
"Novo Triunfo (BA)","Total","573","620","820","893","861","761","771","860","837","611","638","620","539","347","357","226","162","100","39","15","10"
"Olindina (BA)","Total","1416","1615","1755","1998","1694","1474","1451","1666","1736","1557","1380","1286","1005","794","647","488","370","175","87","30","9"
"Oliveira dos Brejinhos (BA)","Total","1342","1400","1353","1577","1571","1408","1351","1432","1504","1290","1182","1232","1038","790","731","643","442","271","113","32","13"
"Ouriçangas (BA)","Total","452","555","533","514","514","581","584","568","576","500","458","499","387","297","241","169","136","75","48","22","7"
"Ourolândia (BA)","Total","1412","1704","1548","1620","1556","1336","1495","1585","1564","1192","1010","823","796","528","432","306","193","85","41","15","2"
"Palmas de Monte Alto (BA)","Total","1187","1320","1358","1459","1476","1374","1432","1564","1578","1233","1254","1175","1065","816","672","494","342","171","76","20","12"
"Palmeiras (BA)","Total","737","783","775","818","822","771","813","841","821","646","565","499","362","330","267","210","136","72","57","11","3"
"Paramirim (BA)","Total","1068","1180","1266","1343","1506","1437","1455","1656","1654","1321","1313","1217","1040","819","710","553","392","213","119","62","27"
"Paratinga (BA)","Total","2071","2372","2571","2580","2032","2045","2116","2217","2189","1600","1558","1423","1253","973","836","647","413","204","121","21","10"
"Paripiranga (BA)","Total","1571","1570","1875","1997","2144","2072","2075","1827","1938","1783","1719","1546","1182","956","833","636","491","224","106","44","15"
"Pau Brasil (BA)","Total","729","739","802","862","663","604","576","668","659","593","483","494","429","331","280","202","142","71","37","6","-"
"Paulo Afonso (BA)","Total","7560","8009","8605","8418","8939","8375","8233","8443","9027","8115","6975","5939","4678","3756","3108","2123","1394","708","344","100","21"
"Pé de Serra (BA)","Total","752","870","983","986","918","841","913","917","1003","939","913","785","627","478","454","356","277","148","51","25","7"
"Pedrão (BA)","Total","375","424","442","496","501","421","404","458","439","389","360","377","270","263","185","158","130","76","47","11","9"
"Pedro Alexandre (BA)","Total","1026","1074","1258","1238","1176","1148","1094","1145","967","830","750","670","498","363","292","203","117","62","31","11","1"
"Piatã (BA)","Total","1192","1436","1491","1598","1404","1298","1355","1516","1522","1181","1104","1080","997","854","736","560","386","220","107","39","10"
"Pilão Arcado (BA)","Total","2864","2986","3308","3214","2673","2497","2371","2689","2488","1987","1704","1661","1438","1035","955","653","457","243","87","34","13"
"Pindaí (BA)","Total","900","951","985","978","1022","991","1053","1130","1132","948","930","846","746","597","542","424","272","159","88","24","13"
"Pindobaçu (BA)","Total","1312","1411","1526","1716","1372","1322","1265","1432","1429","1262","1169","975","796","621","576","419","256","125","69","23","7"
"Pintadas (BA)","Total","558","585","702","789","872","787","758","712","727","639","634","606","484","408","407","311","191","90","42","16","7"
"Piraí do Norte (BA)","Total","724","781","785","863","1018","937","899","1030","937","574","592","500","501","325","213","108","97","57","20","8","5"
"Piripá (BA)","Total","516","577","620","614","568","545","556","705","747","577","534","558","537","430","381","299","207","113","45","17","6"
"Piritiba (BA)","Total","1071","1143","1403","1373","1250","1121","1052","1265","1339","1192","1035","1015","893","740","623","440","315","164","86","33","13"
"Planaltino (BA)","Total","411","481","620","606","547","500","541","589","641","537","515","487","424","355","263","219","141","89","42","10","4"
"Planalto (BA)","Total","1391","1543","1814","1908","1721","1501","1591","1818","1880","1442","1349","1362","1119","880","688","536","406","219","119","33","14"
"Poções (BA)","Total","3040","3227","3683","4078","3850","3224","3282","3593","3678","2924","2659","2506","2297","1945","1513","1119","842","462","267","82","22"
"Pojuca (BA)","Total","1843","2205","2314","2459","2312","2133","2403","2800","2835","2364","2171","1877","1506","1092","809","456","288","170","62","24","13"
"Ponto Novo (BA)","Total","1323","1387","1352","1456","1471","1289","1325","1321","1421","1116","995","830","687","583","544","373","279","107","63","13","3"
"Porto Seguro (BA)","Total","12931","13459","13697","14194","14821","13835","13374","14579","14282","11337","8854","7297","5705","3999","2748","1532","917","459","217","63","26"
"Potiraguá (BA)","Total","700","761","819","832","815","699","783","795","747","650","583","525","493","344","291","194","121","66","36","12","8"
"Prado (BA)","Total","2889","2838","2902","2878","2820","2579","2274","2622","2595","2150","1894","1806","1577","1215","830","545","324","158","77","23","7"
"Presidente Dutra (BA)","Total","838","911","1067","1160","1072","985","1000","1156","1342","1147","996","896","769","591","438","362","234","108","42","15","1"
"Presidente Jânio Quadros (BA)","Total","690","767","811","918","911","788","807","925","1031","791","807","743","694","539","505","378","259","164","63","22","8"
"Presidente Tancredo Neves (BA)","Total","2062","2106","2239","2426","2375","2134","2246","2463","2154","1605","1361","1236","1037","844","602","365","242","148","54","23","12"
"Queimadas (BA)","Total","1653","1935","1766","2059","2015","1852","1641","1867","1909","1830","1501","1503","1242","961","828","605","446","221","108","37","9"
"Quijingue (BA)","Total","1609","1615","1824","2094","1855","1742","1717","1766","1811","1671","1515","1487","1112","949","905","679","451","250","127","67","26"
"Quixabeira (BA)","Total","560","576","639","722","692","610","627","760","703","631","576","566","455","372","373","283","179","76","38","16","7"
"Rafael Jambeiro (BA)","Total","1228","1352","1360","1760","1534","1262","1183","1348","1459","1261","1092","1139","912","846","700","478","375","208","120","34","11"
"Remanso (BA)","Total","2784","2946","3184","3339","3091","2717","2629","3005","3143","2660","2377","2264","1829","1370","1312","907","584","275","115","45","10"
"Retirolândia (BA)","Total","884","931","1049","1017","1019","856","930","1078","1114","987","816","768","597","447","437","347","193","105","60","12","4"
"Riachão das Neves (BA)","Total","1519","1605","1880","1712","1546","1506","1530","1715","1598","1327","1176","1155","1015","759","612","470","266","153","76","18","4"
"Riachão do Jacuípe (BA)","Total","1908","2107","2204","2446","2402","2208","2335","2478","2795","2202","2195","1924","1599","1389","1141","876","625","304","163","67","18"
"Riacho de Santana (BA)","Total","1749","2093","2233","2421","2328","2170","2074","2320","2381","1892","1980","1732","1572","1008","1004","723","545","271","160","44","11"
"Ribeira do Amparo (BA)","Total","918","961","1061","1100","1152","1064","989","997","1023","862","833","709","569","470","395","328","212","107","63","17","11"
"Ribeira do Pombal (BA)","Total","3373","3602","3982","4329","4384","3982","4002","4098","4049","3632","3153","2901","2410","1773","1660","1158","852","403","187","62","18"
"Ribeirão do Largo (BA)","Total","673","651","708","849","701","646","632","742","738","626","599","596","459","351","301","239","126","62","30","8","3"
"Rio de Contas (BA)","Total","674","810","778","803","787","903","855","991","996","858","882","867","789","615","580","429","280","162","78","34","13"
"Rio do Antônio (BA)","Total","650","730","840","989","954","855","843","1018","1020","866","923","866","676","544","505","356","285","132","62","29","3"
"Rio do Pires (BA)","Total","535","594","691","705","739","728","679","810","825","661","669","630","548","485","434","320","236","128","58","18","4"
"Rio Real (BA)","Total","2459","2534","2740","2917","2628","2690","2433","2737","2764","2395","2111","1923","1466","1144","875","676","461","242","119","30","18"
"Rodelas (BA)","Total","935","933","926","941","899","820","775","752","717","609","522","420","295","202","213","155","106","47","23","15","3"
"Ruy Barbosa (BA)","Total","1856","1973","2067","2329","2305","1939","1925","2014","2162","1749","1587","1517","1341","1029","854","709","467","248","154","48","9"
"Salinas da Margarida (BA)","Total","937","1059","1183","1220","984","1009","951","1218","1261","1097","904","864","707","583","444","266","152","96","38","13","1"
"Salvador (BA)","Total","122445","141324","141898","150329","176681","174296","173758","212114","224460","182336","167966","150996","129702","98972","71342","43751","28965","15639","7684","2504","516"
"Santa Bárbara (BA)","Total","1277","1391","1517","1749","1790","1502","1401","1544","1737","1403","1304","1087","927","663","601","467","306","161","72","36","17"
"Santa Brígida (BA)","Total","1005","1029","1279","1241","1156","1020","1207","1059","1156","955","831","789","629","464","423","299","230","117","46","22","8"
"Santa Cruz Cabrália (BA)","Total","2158","2256","2403","2401","2227","2018","2109","2306","2392","2037","1699","1489","1231","931","700","425","229","105","46","18","5"
"Santa Cruz da Vitória (BA)","Total","301","322","361","398","316","249","291","354","380","289","245","272","261","192","166","114","92","54","15","3","6"
"Santa Inês (BA)","Total","591","747","710","711","770","706","720","777","810","656","598","596","514","432","340","254","145","106","69","32","16"
"Santaluz (BA)","Total","2522","2691","2820","3149","3032","2685","2718","3024","2908","2604","2044","1894","1562","1212","1060","825","590","265","152","60","17"
"Santa Luzia (BA)","Total","1015","1216","924","986","1083","951","1080","1017","1101","865","830","817","693","497","369","191","114","87","35","15","10"
"Santa Maria da Vitória (BA)","Total","2459","2638","3016","3037","2821","2692","2793","3113","2942","2530","2175","2204","1811","1336","1101","843","580","306","143","46","18"
"Santana (BA)","Total","1528","1551","1829","2014","1840","1566","1613","1733","1846","1555","1570","1439","1318","988","874","655","439","223","127","38","9"
"Santanópolis (BA)","Total","487","571","682","716","671","549","568","606","664","602","514","509","396","314","304","224","170","90","55","18","6"
"Santa Rita de Cássia (BA)","Total","1969","2230","2335","2207","2010","1904","1837","2136","1868","1590","1433","1427","1304","1002","799","565","411","211","110","35","7"
"Santa Terezinha (BA)","Total","640","621","741","771","752","748","698","765","778","691","691","630","505","425","338","235","205","111","64","19","13"
"Santo Amaro (BA)","Total","3182","3565","3855","3841","3987","3697","3609","4477","4809","4167","3721","3457","2997","2296","1722","1174","757","378","219","80","22"
"Santo Antônio de Jesus (BA)","Total","6161","6697","7036","6956","8315","8479","8346","9534","9247","7565","6503","5332","4343","2942","2261","1378","940","560","326","91","43"
"Santo Estêvão (BA)","Total","3816","4102","4029","3999","4275","4044","4031","4450","3995","3080","2661","2418","2158","1657","1322","927","669","390","164","56","33"
"São Desidério (BA)","Total","2752","2764","2721","2899","2868","2708","2783","2778","2403","1806","1514","1375","1084","814","639","397","274","136","66","35","12"
"São Domingos (BA)","Total","424","497","539","653","577","478","505","626","732","605","588","488","414","373","350","279","154","80","40","20","4"
"São Félix (BA)","Total","615","702","729","800","806","779","721","906","963","801","717","655","628","430","290","218","134","68","37","15","12"
"São Félix do Coribe (BA)","Total","1044","1119","1221","1251","1185","1087","1125","1226","1211","956","861","777","670","501","376","266","171","88","44","10","5"
"São Felipe (BA)","Total","1119","1216","1298","1455","1399","1393","1370","1681","1797","1500","1411","1209","997","775","590","405","306","195","121","31","15"
"São Francisco do Conde (BA)","Total","2539","2830","3013","3048","3074","2915","2700","3356","3462","2851","2467","2022","1586","1132","728","474","297","144","68","19","8"
"São Gabriel (BA)","Total","1180","1241","1454","1582","1411","1249","1209","1516","1544","1239","1091","973","817","669","558","389","271","131","55","16","5"
"São Gonçalo dos Campos (BA)","Total","2595","2848","2907","2960","3014","2929","3043","3580","3383","2687","2436","1967","1583","1161","912","583","465","246","156","45","13"
"São José da Vitória (BA)","Total","367","379","384","429","334","355","336","400","415","347","322","286","309","225","163","118","68","51","19","5","3"
"São José do Jacuípe (BA)","Total","703","651","811","833","745","663","685","733","789","662","592","560","484","347","314","263","181","85","60","15","11"
"São Miguel das Matas (BA)","Total","542","620","725","782","819","732","677","758","823","777","685","637","504","393","290","222","164","110","50","18","6"
"São Sebastião do Passé (BA)","Total","2421","2742","2856","2795","3019","2727","2778","3504","3731","3041","2669","2338","2047","1636","1109","642","458","258","118","38","31"
"Sapeaçu (BA)","Total","1011","1147","1228","1370","1344","1274","1387","1499","1441","1244","1196","1026","848","646","493","321","238","141","70","27","12"
"Sátiro Dias (BA)","Total","1092","1133","1292","1384","1333","1142","1077","1179","1187","997","888","815","653","511","472","383","269","118","57","21","5"
"Saubara (BA)","Total","665","707","806","813","742","649","746","889","976","804","810","687","706","527","378","218","157","102","44","10","2"
"Saúde (BA)","Total","574","663","854","920","694","619","611","738","790","733","629","633","514","454","410","276","193","95","51","26","1"
"Seabra (BA)","Total","3205","3255","3476","3871","3910","3528","3504","3631","3549","2866","2531","2229","1876","1490","1180","908","564","323","185","55","24"
"Sebastião Laranjeiras (BA)","Total","579","616","688","654","590","643","660","701","709","596","617","604","526","388","314","203","150","78","31","8","5"
"Senhor do Bonfim (BA)","Total","4874","5143","5295","5776","5615","5247","5165","5778","5950","5185","4801","4060","3294","2711","2080","1522","1049","541","277","135","25"
"Serra do Ramalho (BA)","Total","2924","2922","3013","2879","2633","2533","2498","2683","2330","1881","1737","1640","1277","1014","830","671","404","227","89","34","3"
"Sento Sé (BA)","Total","3001","3180","3354","3406","3076","2662","2585","2820","2830","2399","1979","1906","1556","1204","956","561","374","182","84","30","9"
"Serra Dourada (BA)","Total","1071","1171","1197","1215","1173","987","1099","1305","1404","1147","1067","1014","942","629","591","491","283","160","78","34","8"
"Serra Preta (BA)","Total","909","1127","1254","1398","1460","1210","1268","1309","1401","1174","1112","995","836","700","620","511","354","193","100","51","14"
"Serrinha (BA)","Total","5285","5567","5942","6194","6254","6037","5929","7023","6820","5378","4803","3955","3308","2430","2061","1495","1022","518","286","102","26"
"Serrolândia (BA)","Total","870","839","979","961","897","840","893","1049","1038","885","834","763","678","542","478","347","239","127","50","20","6"
"Simões Filho (BA)","Total","7608","8360","8810","8839","9146","8637","8647","9888","10255","8274","7139","5626","4691","3381","2391","1406","813","393","167","72","16"
"Sítio do Mato (BA)","Total","1177","1137","1175","1288","1069","1000","960","1008","964","691","636","660","538","369","279","204","138","67","33","10","5"
"Sítio do Quinto (BA)","Total","825","798","1029","1165","1253","1122","1122","1067","1041","985","941","847","679","548","488","412","224","138","56","24","9"
"Sobradinho (BA)","Total","2043","2014","2004","2163","2138","1880","1706","1828","1975","1696","1470","1113","949","822","686","464","319","113","58","29","5"
"Souto Soares (BA)","Total","1152","1178","1352","1512","1599","1372","1225","1270","1300","1007","927","857","655","498","411","343","223","103","44","20","6"
"Tabocas do Brejo Velho (BA)","Total","777","773","919","1006","855","915","870","835","875","775","695","667","582","403","370","268","187","125","59","18","5"
"Tanhaçu (BA)","Total","1237","1310","1404","1501","1477","1416","1545","1758","1762","1337","1312","1170","1025","777","712","548","360","210","104","29","12"
"Tanque Novo (BA)","Total","1133","1174","1192","1391","1392","1308","1249","1318","1275","1052","982","887","763","575","555","404","287","125","65","19","12"
"Tanquinho (BA)","Total","471","487","472","621","606","574","516","540","615","512","464","400","404","306","262","204","129","76","42","10","6"
"Taperoá (BA)","Total","1319","1355","1542","1557","1462","1193","1250","1411","1426","1138","975","936","802","573","439","264","216","107","52","21","6"
"Tapiramutá (BA)","Total","1117","1111","1420","1437","1322","1258","1173","1181","1141","989","834","792","624","479","359","234","176","93","55","17","6"
"Teixeira de Freitas (BA)","Total","10046","10577","10915","11219","11424","11204","11168","12039","11631","9540","8255","7466","6052","4832","3607","2330","1552","809","376","132","42"
"Teodoro Sampaio (BA)","Total","361","394","437","607","511","493","480","521","572","507","521","474","321","289","207","175","120","57","38","19","6"
"Teofilândia (BA)","Total","1339","1457","1669","1866","1730","1447","1521","1594","1660","1399","1255","1099","859","609","635","503","306","119","82","25","2"
"Teolândia (BA)","Total","1132","1190","1215","1235","1357","1292","1257","1182","1115","895","800","735","606","505","321","228","139","68","41","14","5"
"Terra Nova (BA)","Total","621","714","775","826","849","770","649","834","895","762","674","639","500","426","334","229","150","87","48","16","-"
"Tremedal (BA)","Total","844","916","1099","1133","1075","967","963","1186","1235","1016","1137","1043","944","812","662","545","377","213","81","38","10"
"Tucano (BA)","Total","2895","3248","3370","3664","3576","3415","3530","3894","3755","3338","3081","2828","2287","1779","1579","1063","767","388","181","68","30"
"Uauá (BA)","Total","1561","1612","1740","1855","1667","1489","1586","1802","1898","1735","1527","1574","1186","930","809","706","482","274","153","70","9"
"Ubaíra (BA)","Total","1098","1223","1366","1438","1208","1135","1331","1590","1521","1163","1081","1069","1016","774","617","403","283","168","94","37","11"
"Ubaitaba (BA)","Total","1276","1278","1370","1420","1180","1253","1143","1406","1396","1075","966","953","822","694","526","359","230","141","66","27","15"
"Ubatã (BA)","Total","1023","1122","1273","1339","1053","985","985","1232","1278","960","876","913","889","699","550","396","258","160","78","17","8"
"Uibaí (BA)","Total","763","797","900","955","958","874","874","1091","1095","915","968","841","715","522","416","340","227","118","47","12","4"
"Umburanas (BA)","Total","1085","1055","1076","1182","1022","1008","983","1136","993","830","745","711","567","401","305","231","175","78","43","13","3"
"Una (BA)","Total","1102","1274","1392","1434","1227","1039","1142","1490","1415","1160","1105","1038","1047","815","621","364","253","118","65","27","3"
"Urandi (BA)","Total","845","992","1008","1153","1131","1063","1133","1265","1196","900","947","875","820","579","542","361","283","148","69","32","13"
"Uruçuca (BA)","Total","1489","1638","1655","1764","1509","1381","1526","1731","1772","1299","1145","1159","1017","856","582","430","245","127","62","25","8"
"Utinga (BA)","Total","1130","1186","1257","1351","1354","1200","1105","1175","1192","1124","950","845","709","553","422","311","199","127","55","26","6"
"Valença (BA)","Total","5850","5925","5827","6761","6683","6198","6310","7174","7012","5764","5213","4629","4027","3066","2171","1307","866","501","250","78","43"
"Valente (BA)","Total","1430","1525","1689","1844","1811","1471","1711","2014","2076","1751","1560","1432","1129","884","769","580","363","176","107","34","6"
"Várzea da Roça (BA)","Total","821","829","933","1029","1064","923","1002","1058","1008","900","835","784","713","519","523","368","265","134","73","15","4"
"Várzea do Poço (BA)","Total","442","462","557","585","512","540","538","579","619","536","574","514","441","363","313","219","161","69","46","25","6"
"Várzea Nova (BA)","Total","979","975","1090","1002","944","945","970","993","983","815","776","718","632","470","435","302","187","100","51","8","2"
"Varzedo (BA)","Total","584","599","694","686","763","666","690","834","798","718","692","549","424","361","289","243","144","115","48","12","4"
"Vera Cruz (BA)","Total","2387","2607","2812","3125","2987","2686","2631","3155","3383","3096","3016","2789","2572","2050","1498","853","486","229","111","46","10"
"Vereda (BA)","Total","381","386","417","463","387","387","402","400","416","381","420","396","348","258","201","152","99","61","37","9","2"
"Vitória da Conquista (BA)","Total","23845","25091","25778","28506","31329","29286","28481","31295","30271","24798","21858","19198","15701","11722","8913","6532","4375","2326","1106","377","91"
"Wagner (BA)","Total","565","636","708","722","810","752","725","735","712","566","563","499","397","330","304","220","125","76","38","14","6"
"Wanderley (BA)","Total","856","987","989","1093","1051","940","875","1001","966","770","694","746","625","447","380","249","179","82","28","9","1"
"Wenceslau Guimarães (BA)","Total","1876","1917","2024","2107","1856","1676","1772","2021","1873","1453","1422","1199","1127","816","561","353","217","102","66","22","14"
"Xique-Xique (BA)","Total","3744","3714","3746","4138","3439","3321","3129","3326","3176","2396","2293","2098","1854","1395","1154","787","559","284","138","53","13"
"Abadia dos Dourados (MG)","Total","301","323","324","391","362","393","385","418","478","501","497","466","380","381","270","209","116","51","18","6","2"
"Abaeté (MG)","Total","1130","1196","1152","1398","1493","1620","1483","1661","1588","1464","1689","1718","1523","1218","931","654","410","215","97","30","5"
"Abre Campo (MG)","Total","812","746","817","959","1030","940","944","1063","1066","904","906","918","826","677","518","340","237","139","61","22","2"
"Acaiaca (MG)","Total","211","204","267","260","257","241","256","257","302","287","263","268","242","184","145","118","75","42","19","10","1"
"Açucena (MG)","Total","483","522","523","589","597","581","491","579","599","658","631","605","535","501","349","252","231","126","65","18","8"
"Água Boa (MG)","Total","782","817","910","1013","974","924","887","800","816","851","827","816","660","523","361","264","214","94","32","15","9"
"Água Comprida (MG)","Total","124","138","122","115","116","137","142","152","162","185","119","138","139","115","93","56","33","14","7","1","-"
"Aguanil (MG)","Total","220","269","281","255","279","298","270","313","325","289","287","307","285","264","182","123","57","36","11","4","2"
"Águas Formosas (MG)","Total","1254","1261","1291","1337","1337","1307","1257","1355","1336","1180","1108","1086","849","726","618","499","343","193","76","28","7"
"Águas Vermelhas (MG)","Total","971","936","1030","1171","1223","1093","1084","1049","993","813","772","718","619","512","412","279","202","90","54","13","3"
"Aimorés (MG)","Total","1537","1571","1574","1729","1629","1657","1653","1690","1852","1830","1710","1643","1468","1226","975","646","444","276","120","28","11"
"Aiuruoca (MG)","Total","261","290","326","365","385","391","460","450","449","426","455","477","415","368","261","208","133","69","36","7","1"
"Alagoa (MG)","Total","135","135","174","157","192","162","182","182","194","183","176","226","206","170","115","69","45","32","12","1","1"
"Albertina (MG)","Total","172","190","200","176","194","227","206","207","233","220","201","177","165","133","95","81","35","23","14","3","-"
"Além Paraíba (MG)","Total","1671","1899","1888","1872","2015","2090","1963","1914","2287","1979","2125","2152","2082","1649","1203","776","565","371","157","52","7"
"Alfenas (MG)","Total","4375","4793","4693","5045","5914","5947","6059","5987","6188","5253","5172","4978","4402","3578","2753","1779","1133","619","232","58","12"
"Alfredo Vasconcelos (MG)","Total","382","397","418","528","531","497","520","523","521","498","509","482","347","308","190","138","79","40","18","4","1"
"Almenara (MG)","Total","2633","2842","2866","3036","2645","2601","2883","3214","3064","2619","2422","2421","1976","1553","1302","933","694","384","212","42","22"
"Alpercata (MG)","Total","400","398","411","442","482","428","403","499","539","513","435","462","432","307","303","185","146","74","39","3","2"
"Alpinópolis (MG)","Total","1008","1110","1069","1270","1400","1340","1335","1266","1393","1220","1243","1232","1055","893","606","416","247","145","41","11","-"
"Alterosa (MG)","Total","782","841","822","935","974","893","942","999","996","919","963","930","851","705","518","383","244","140","58","17","3"
"Alto Caparaó (MG)","Total","399","361","401","411","457","412","467","445","424","387","345","303","302","236","172","134","73","39","21","4","2"
"Alto Rio Doce (MG)","Total","541","542","649","677","701","731","713","744","807","724","767","798","663","602","479","343","207","132","58","10","3"
"Alvarenga (MG)","Total","242","238","260","241","200","212","247","284","306","289","272","274","269","216","156","99","97","43","22","5","3"
"Alvinópolis (MG)","Total","770","762","893","935","1012","1009","1021","1021","1178","984","1064","1101","922","750","626","431","279","187","81","24","9"
"Alvorada de Minas (MG)","Total","268","297","327","369","366","330","344","316","292","278","203","202","184","140","89","60","51","27","9","5","2"
"Amparo do Serra (MG)","Total","227","259","268","312","310","287","259","292","299","337","306","312","310","239","198","140","91","61","24","10","-"
"Andradas (MG)","Total","2198","2317","2287","2516","2968","2977","2917","3214","3212","2822","2735","2654","2341","1949","1402","934","584","351","138","33","4"
"Cachoeira de Pajeú (MG)","Total","477","509","606","736","794","611","635","670","650","602","571","515","476","418","298","231","157","99","44","10","1"
"Andrelândia (MG)","Total","623","600","686","727","806","762","729","787","916","864","844","881","798","675","482","340","229","116","53","8","1"
"Angelândia (MG)","Total","569","574","590","724","659","573","569","567","590","460","396","364","298","271","182","150","102","49","23","8","-"
"Antônio Carlos (MG)","Total","601","602","569","706","783","784","757","780","845","853","859","775","673","556","401","280","155","70","35","7","4"
"Antônio Dias (MG)","Total","541","579","601","631","698","680","588","683","690","670","581","642","525","416","262","176","146","73","23","12","2"
"Antônio Prado de Minas (MG)","Total","58","66","69","103","87","91","81","99","118","95","112","124","117","88","71","68","55","25","9","2","-"
"Araçaí (MG)","Total","104","103","138","148","138","119","133","157","148","140","165","179","157","113","92","64","42","33","7","1","-"
"Aracitaba (MG)","Total","111","92","92","113","116","136","114","121","140","126","150","162","176","143","104","69","43","28","9","3","1"
"Araçuaí (MG)","Total","1914","2126","2385","2578","2539","2387","2444","2568","2559","2326","2166","2087","1776","1313","1068","805","598","401","179","60","18"
"Araguari (MG)","Total","6613","7278","7073","7569","8174","8416","8860","8921","9134","8069","8039","7716","6596","5302","4048","2743","1791","965","389","95","17"
"Arantina (MG)","Total","149","167","167","169","182","182","173","183","194","207","242","241","217","158","120","75","50","30","6","3","-"
"Araponga (MG)","Total","513","473","511","599","613","597","615","654","642","588","507","464","381","344","189","151","109","67","21","10","-"
"Araporã (MG)","Total","632","630","597","573","636","701","680","763","648","550","497","470","323","274","197","151","92","45","16","2","2"
"Arapuá (MG)","Total","115","126","138","156","138","177","165","167","196","195","213","189","175","155","133","86","63","22","18","3","1"
"Araújos (MG)","Total","596","597","605","648","715","669","680","691","718","614","575","589","447","367","258","201","121","66","31","10","1"
"Araxá (MG)","Total","6941","7379","6799","7311","7857","8729","8936","9480","8995","7418","7068","6579","5801","4764","3149","2143","1304","685","269","70","14"
"Arceburgo (MG)","Total","417","510","601","620","622","628","627","732","663","617","598","612","587","487","338","236","165","75","34","7","1"
"Arcos (MG)","Total","2400","2486","2351","2514","2739","2992","3143","3395","3581","2787","2870","2726","2336","1917","1297","881","557","291","121","27","5"
"Areado (MG)","Total","702","857","902","956","902","921","982","1058","1144","919","891","905","826","650","449","363","251","129","52","20","2"
"Argirita (MG)","Total","153","164","154","157","173","158","160","178","184","175","191","183","176","148","125","82","64","34","16","13","-"
"Aricanduva (MG)","Total","308","322","353","418","316","297","338","341","334","316","290","276","246","192","142","93","65","41","24","7","-"
"Arinos (MG)","Total","1108","1239","1266","1515","1225","1192","1088","1250","1261","1073","1073","1016","865","743","524","356","268","130","59","19","2"
"Astolfo Dutra (MG)","Total","694","802","787","814","901","1018","1152","1084","1098","944","984","997","842","683","538","360","244","123","55","17","1"
"Ataléia (MG)","Total","795","847","864","989","951","944","928","909","936","880","897","855","825","668","488","415","277","151","80","29","8"
"Augusto de Lima (MG)","Total","234","266","317","329","262","249","272","320","341","334","303","317","291","218","170","130","95","58","22","7","3"
"Baependi (MG)","Total","1008","970","994","1143","1259","1288","1379","1345","1329","1232","1256","1277","1157","987","690","462","325","173","67","22","3"
"Baldim (MG)","Total","343","433","434","490","429","482","472","535","519","499","505","521","524","443","298","236","149","126","40","12","2"
"Bambuí (MG)","Total","1137","1111","1159","1363","1470","1712","1624","1720","1646","1576","1728","1813","1646","1276","965","704","494","273","102","22","5"
"Bandeira (MG)","Total","248","202","274","354","296","266","299","330","357","347","324","369","290","230","202","151","108","61","24","7","2"
"Bandeira do Sul (MG)","Total","362","337","355","369","436","455","409","432","455","409","421","375","331","287","210","150","93","38","15","2","2"
"Barão de Cocais (MG)","Total","1857","2008","2050","2051","2309","2322","2466","2596","2498","2065","1830","1870","1631","1258","831","489","326","198","91","29","3"
"Barão do Monte Alto (MG)","Total","242","278","300","318","309","315","267","308","303","320","327","382","346","296","231","189","114","78","32","6","3"
"Barbacena (MG)","Total","6247","6821","6973","7813","8747","9370","9223","9422","9732","8597","8928","8371","7899","6199","4447","2921","1914","1088","461","126","18"
"Barra Longa (MG)","Total","259","303","320","306","344","330","325","371","372","375","402","436","401","387","278","196","129","81","36","12","3"
"Barroso (MG)","Total","1095","1143","1241","1370","1479","1332","1439","1449","1596","1402","1464","1459","1170","857","666","438","276","144","52","7","1"
"Bela Vista de Minas (MG)","Total","570","652","697","712","757","692","690","737","764","670","679","698","590","402","314","227","157","110","38","8","3"
"Belmiro Braga (MG)","Total","144","202","202","214","204","174","178","182","244","233","242","258","210","177","140","126","64","38","7","4","1"
"Belo Horizonte (MG)","Total","111703","124644","122943","134631","169064","175522","174412","183821","194854","160678","153791","147393","134720","108787","82861","57775","39304","23447","11173","3385","652"
"Belo Oriente (MG)","Total","1606","1634","1638","1647","1783","1790","1639","1768","1846","1677","1611","1428","1137","1017","682","435","292","181","100","12","5"
"Belo Vale (MG)","Total","485","522","503","487","555","594","565","604","646","593","589","599","588","452","334","208","166","82","45","8","2"
"Berilo (MG)","Total","437","517","655","774","760","628","651","713","788","716","724","645","546","405","351","211","162","72","55","13","3"
"Bertópolis (MG)","Total","338","362","384","347","285","253","281","324","313","285","239","259","181","170","155","119","90","46","14","4","2"
"Berizal (MG)","Total","265","259","319","322","283","309","327","338","295","272","235","244","237","158","131","93","65","34","12","3","-"
"Betim (MG)","Total","26400","28644","28010","28274","32574","33784","34688","34284","34732","28736","26059","22514","18966","14287","8745","5159","3300","1691","752","212","35"
"Bias Fortes (MG)","Total","167","184","193","206","203","196","197","201","240","258","236","262","223","216","161","100","71","27","13","6","1"
"Bicas (MG)","Total","702","798","813","851","859","960","907","901","1015","882","974","958","990","758","641","422","265","180","88","10","4"
"Biquinhas (MG)","Total","102","114","116","101","122","128","138","147","137","156","198","213","189","176","121","107","66","39","12","1","-"
"Boa Esperança (MG)","Total","2433","2528","2483","2699","3053","2945","2943","2993","2887","2417","2469","2408","2323","1923","1365","880","593","327","128","45","6"
"Bocaina de Minas (MG)","Total","248","312","253","317","304","363","366","391","425","370","417","462","352","286","211","118","91","38","17","6","1"
"Bocaiúva (MG)","Total","3075","3251","3373","3649","3782","3450","3682","3722","3700","3182","2932","2834","2407","1743","1284","906","569","309","137","39","6"
"Bom Despacho (MG)","Total","3236","3114","3088","3231","3843","3809","3934","3805","4067","3393","3479","3329","2928","2306","1583","1205","737","426","169","44","11"
"Bom Jardim de Minas (MG)","Total","294","387","382","427","462","437","428","461","478","530","500","503","440","372","260","196","136","58","24","8","-"
"Bom Jesus da Penha (MG)","Total","285","250","276","305","327","333","285","315","329","284","322","293","254","208","162","127","68","33","11","6","1"
"Bom Jesus do Amparo (MG)","Total","341","375","341","390","373","410","394","419","402","326","353","384","311","262","217","141","88","64","32","7","1"
"Bom Jesus do Galho (MG)","Total","799","847","913","947","861","840","910","986","1057","991","1013","1065","959","769","611","431","273","174","71","13","6"
"Bom Repouso (MG)","Total","806","811","758","968","1017","1013","938","965","983","854","800","780","639","476","390","248","125","55","15","6","2"
"Bom Sucesso (MG)","Total","876","862","956","1072","1182","1151","1108","1189","1190","1196","1188","1233","1160","936","776","465","332","173","72","27","7"
"Bonfim (MG)","Total","291","309","361","399","460","417","381","477","553","558","630","589","542","485","385","267","177","96","43","11","3"
"Bonfinópolis de Minas (MG)","Total","341","346","361","390","347","365","343","391","426","393","394","360","308","253","195","145","92","46","21","10","1"
"Bonito de Minas (MG)","Total","813","720","831","1008","900","796","612","736","600","559","534","475","396","365","318","208","173","96","47","14","3"
"Borda da Mata (MG)","Total","824","904","996","1056","1154","1136","1136","1297","1369","1156","1201","1304","1174","941","708","449","334","170","78","17","-"
"Botelhos (MG)","Total","762","853","896","891","946","999","1058","1095","1170","981","1019","989","895","782","571","389","284","165","63","16","4"
"Botumirim (MG)","Total","354","364","481","488","388","401","411","458","413","346","326","369","296","243","196","115","76","45","16","2","2"
"Brasilândia de Minas (MG)","Total","1112","1172","1111","1242","1221","1217","1160","1190","1105","930","885","761","620","483","327","223","130","78","40","13","-"
"Brasília de Minas (MG)","Total","2037","1999","2229","2361","2336","2344","2211","2462","2413","2087","2093","1749","1496","1257","1083","773","557","325","166","40","7"
"Brás Pires (MG)","Total","202","213","245","284","242","238","230","271","326","297","322","341","307","216","187","137","114","49","30","7","2"
"Braúnas (MG)","Total","239","221","243","293","288","229","266","257","315","298","339","338","293","204","208","143","130","91","34","7","5"
"Brazópolis (MG)","Total","759","788","787","905","879","891","886","879","1041","1060","1031","1014","877","837","653","424","288","154","68","21","4"
"Brumadinho (MG)","Total","2138","2289","2352","2415","2913","2830","2857","2810","3091","2737","2705","2642","2310","1792","1265","827","488","291","124","32","7"
"Bueno Brandão (MG)","Total","525","484","613","652","692","714","753","732","793","829","851","821","729","578","491","308","205","99","30","12","-"
"Buenópolis (MG)","Total","500","612","597","610","628","638","658","608","673","594","582","574","491","404","362","282","181","93","46","14","3"
"Bugre (MG)","Total","232","231","257","274","278","286","240","257","273","284","292","312","211","193","151","96","90","58","23","3","-"
"Buritis (MG)","Total","1729","1780","1803","1972","1945","1707","1624","1717","1905","1576","1429","1305","1124","866","615","459","264","140","51","16","3"
"Buritizeiro (MG)","Total","1688","1739","1768","1972","1804","1674","1747","1799","1873","1538","1391","1320","1109","966","652","410","241","129","65","18","7"
"Cabeceira Grande (MG)","Total","430","423","466","478","448","432","441","455","482","491","477","467","363","305","209","130","75","33","16","1","5"
"Cabo Verde (MG)","Total","614","655","728","756","736","736","802","793","859","804","828","757","724","590","425","289","181","84","39","10","-"
"Cachoeira da Prata (MG)","Total","190","207","205","209","200","209","253","253","265","268","249","290","247","217","156","135","67","49","20","3","1"
"Cachoeira de Minas (MG)","Total","673","677","720","764","765","742","767","810","857","850","777","840","788","635","485","339","206","123","49","14","2"
"Cachoeira Dourada (MG)","Total","91","133","146","194","137","133","154","184","171","160","171","209","144","98","77","53","24","21","10","5","-"
"Caetanópolis (MG)","Total","630","651","675","688","712","777","854","875","888","738","763","871","756","588","425","236","165","89","39","10","5"
"Caeté (MG)","Total","2163","2391","2399","2486","2732","2563","2626","2825","3013","2590","2508","2589","2402","1879","1400","976","661","394","135","44","-"
"Caiana (MG)","Total","338","326","344","372","421","421","397","414","349","357","324","364","285","227","156","90","64","39","12","2","2"
"Cajuri (MG)","Total","245","230","242","267","296","282","305","276","316","275","239","261","259","214","125","121","76","40","16","1","2"
"Caldas (MG)","Total","726","761","772","805","832","880","876","994","1009","1002","1046","1106","1018","866","607","431","283","131","55","13","4"
"Camacho (MG)","Total","150","134","148","173","164","166","203","224","255","207","219","194","168","149","116","87","50","19","10","2","-"
"Camanducaia (MG)","Total","1651","1723","1658","1699","2063","1994","1976","2005","2027","1768","1648","1537","1411","1096","833","498","291","143","59","16","1"
"Cambuí (MG)","Total","1615","1691","1594","1806","2143","2065","2127","2212","2317","2132","1969","1923","1736","1476","1128","735","491","260","93","17","6"
"Cambuquira (MG)","Total","663","726","721","792","869","842","875","816","878","800","760","782","797","709","528","342","213","142","42","12","4"
"Campanário (MG)","Total","148","176","187","212","200","193","169","186","203","209","234","194","165","134","100","80","81","34","11","2","5"
"Campanha (MG)","Total","972","1005","998","1141","1179","1167","1089","1122","1133","1026","982","1008","941","742","577","388","247","134","63","17","4"
"Campestre (MG)","Total","1062","1053","1112","1314","1465","1503","1404","1535","1505","1436","1484","1439","1304","1117","813","564","320","173","70","19","4"
"Campina Verde (MG)","Total","889","956","1022","1116","1006","1000","1116","1291","1274","1327","1331","1366","1263","1011","779","574","383","192","83","24","8"
"Campo Azul (MG)","Total","228","244","263","295","234","250","228","268","265","248","213","198","186","180","144","108","86","46","22","5","3"
"Campo Belo (MG)","Total","2773","2815","3047","3187","3649","3542","3679","3962","4170","3690","3344","3293","3224","2871","2021","1375","869","487","217","46","16"
"Campo do Meio (MG)","Total","647","653","660","809","762","731","772","767","811","748","759","806","778","669","413","265","178","94","48","6","1"
"Campo Florido (MG)","Total","638","649","622","659","653","689","664","710","640","557","427","450","366","290","172","139","84","36","16","5","-"
"Campos Altos (MG)","Total","830","950","947","969","939","878","895","964","971","898","847","750","630","579","367","268","155","88","40","12","2"
"Campos Gerais (MG)","Total","1495","1599","1671","1809","1887","1892","1739","1817","2001","1952","1794","1660","1518","1213","853","582","357","181","65","18","2"
"Canaã (MG)","Total","252","291","250","293","291","292","306","337","406","339","300","311","298","268","171","132","88","54","26","10","-"
"Canápolis (MG)","Total","573","642","619","629","660","683","767","774","888","770","754","739","628","495","398","275","160","92","42","15","5"
"Cana Verde (MG)","Total","245","279","336","361","330","311","333","396","409","383","359","316","327","313","248","152","88","56","23","4","3"
"Candeias (MG)","Total","640","722","742","763","867","923","946","1023","1092","1021","1014","945","960","813","593","410","255","165","80","20","7"
"Cantagalo (MG)","Total","257","282","283","323","236","268","311","297","281","245","229","222","197","183","139","100","60","38","15","7","1"
"Caparaó (MG)","Total","382","320","302","381","445","412","378","399","379","319","328","301","233","181","133","75","42","30","6","2","-"
"Capela Nova (MG)","Total","177","198","226","300","246","218","246","288","299","331","354","352","311","254","202","147","109","62","34","7","1"
"Capelinha (MG)","Total","2709","2779","2842","3233","3419","3224","3466","3361","3126","2457","2121","1823","1618","1201","885","601","409","234","90","20","8"
"Capetinga (MG)","Total","392","444","402","468","450","398","402","429","537","442","417","372","378","374","274","189","110","66","13","5","-"
"Capim Branco (MG)","Total","598","663","673","676","771","752","779","786","867","709","642","725","621","503","360","229","151","98","45","14","1"
"Capinópolis (MG)","Total","826","891","936","1034","1021","1040","965","1011","1109","1054","1011","993","841","654","496","343","233","140","43","13","1"
"Capitão Andrade (MG)","Total","247","303","321","321","300","220","257","289","294","321","329","319","303","233","207","131","104","43","31","9","3"
"Capitão Enéas (MG)","Total","1099","997","1089","1173","1236","1137","1099","1001","992","827","780","722","608","463","379","227","163","78","26","7","5"
"Capitólio (MG)","Total","586","600","591","688","757","811","768","820","793","715","678","622","614","484","349","229","144","85","35","8","3"
"Caputira (MG)","Total","565","590","633","687","671","634","601","651","608","610","561","540","456","367","283","206","136","74","48","13","2"
"Caraí (MG)","Total","1237","1354","1667","1768","1348","1146","1219","1384","1375","1257","1137","1089","934","812","677","450","357","208","94","29","6"
"Caranaíba (MG)","Total","136","142","187","191","176","172","204","187","192","213","222","247","192","163","119","75","66","28","15","4","2"
"Carandaí (MG)","Total","1318","1401","1436","1525","1807","1704","1784","1655","1773","1658","1641","1635","1457","1106","839","498","340","157","63","14","1"
"Carangola (MG)","Total","1762","1849","1871","1963","2148","2249","2177","2132","2387","2070","1986","1994","1935","1639","1261","792","539","293","144","44","5"
"Caratinga (MG)","Total","5361","5278","5549","5964","6717","6264","6294","6484","6813","6002","5639","5420","4515","3928","2757","1857","1328","754","320","99","17"
"Carbonita (MG)","Total","499","520","542","630","578","558","637","685","664","598","579","536","465","336","249","206","125","65","27","11","2"
"Careaçu (MG)","Total","379","448","428","463","447","464","451","511","489","502","458","412","432","356","219","172","100","56","18","11","-"
"Carlos Chagas (MG)","Total","1079","1087","1200","1227","1144","1257","1243","1387","1331","1340","1196","1246","1053","877","742","504","362","203","108","21","8"
"Carmésia (MG)","Total","183","204","207","200","170","157","171","154","171","176","161","165","141","112","89","61","47","19","8","8","1"
"Carmo da Cachoeira (MG)","Total","753","758","752","858","848","890","794","824","821","729","719","740","663","531","380","223","149","64","40","10","1"
"Carmo da Mata (MG)","Total","538","511","572","742","775","774","708","798","844","781","789","799","669","559","413","337","210","123","48","26","3"
"Carmo de Minas (MG)","Total","836","852","890","1038","1081","1071","978","1026","1041","916","902","833","759","593","388","286","159","97","38","10","3"
"Carmo do Cajuru (MG)","Total","1440","1407","1497","1512","1831","1813","1701","1731","1896","1600","1603","1444","1248","957","723","534","304","147","67","23","1"
"Carmo do Paranaíba (MG)","Total","1432","1683","1719","1771","2055","1925","1939","1963","2204","2007","2178","1982","1836","1480","1099","775","508","290","115","44","6"
"Carmo do Rio Claro (MG)","Total","1124","1204","1248","1333","1393","1384","1451","1545","1720","1477","1484","1412","1288","1043","755","500","330","172","70","14","7"
"Carmópolis de Minas (MG)","Total","1027","1142","1008","1260","1431","1318","1312","1287","1320","1306","1204","1146","1003","766","586","411","260","153","54","7","2"
"Carneirinho (MG)","Total","507","545","563","591","608","590","674","702","778","698","684","645","543","433","349","252","132","71","44","11","2"
"Carrancas (MG)","Total","259","242","231","261","229","247","286","298","283","270","248","318","275","213","154","113","70","27","23","2","-"
"Carvalhópolis (MG)","Total","154","167","187","236","238","219","193","211","226","217","273","222","224","208","133","101","63","40","23","5","1"
"Carvalhos (MG)","Total","196","251","225","239","284","284","301","307","303","298","340","378","296","271","187","113","79","41","25","3","1"
"Casa Grande (MG)","Total","107","119","113","153","159","139","137","148","173","191","172","155","112","93","98","69","46","24","4","2","-"
"Cascalho Rico (MG)","Total","143","154","143","170","156","182","149","179","187","210","205","172","182","157","125","92","68","23","13","2","-"
"Cássia (MG)","Total","1025","1035","1024","1150","1157","1150","1135","1189","1270","1121","1097","1063","1074","952","712","464","300","140","73","18","6"
"Conceição da Barra de Minas (MG)","Total","175","162","198","215","234","242","236","251","273","259","267","287","211","194","148","104","65","31","6","2","-"
"Cataguases (MG)","Total","3374","3718","3727","3858","4120","4446","4700","4812","5193","4411","4589","4704","4344","3589","2607","1780","1199","692","290","96","12"
"Catas Altas (MG)","Total","372","339","328","387","383","393","375","409","457","416","372","342","309","191","150","129","63","37","15","6","-"
"Catas Altas da Noruega (MG)","Total","172","162","219","230","247","191","171","224","235","223","218","201","178","151","108","82","58","20","19","-","1"
"Catuji (MG)","Total","485","533","600","581","454","453","484","572","559","436","416","366","309","252","198","138","109","50","27","6","2"
"Catuti (MG)","Total","288","278","337","329","278","266","342","380","364","353","298","328","276","198","155","121","83","51","9","5","-"
"Caxambu (MG)","Total","1044","1159","1250","1280","1216","1292","1321","1432","1616","1401","1489","1508","1417","1224","943","673","428","228","93","39","3"
"Cedro do Abaeté (MG)","Total","39","57","57","69","64","49","59","64","72","67","76","97","91","82","46","33","31","20","6","1","1"
"Central de Minas (MG)","Total","339","318","377","376","373","359","319","376","462","461","455","484","398","373","254","204","135","64","34","9","1"
"Centralina (MG)","Total","795","752","590","602","633","654","745","769","719","632","648","637","639","457","372","243","190","94","24","12","-"
"Chácara (MG)","Total","180","195","183","191","171","209","190","201","204","190","235","225","226","182","116","66","59","34","12","3","3"
"Chalé (MG)","Total","431","375","404","373","431","413","435","479","473","373","394","355","336","285","213","121","79","52","38","10","5"
"Chapada do Norte (MG)","Total","563","619","783","959","817","666","689","717","764","694","633","638","542","402","333","222","165","79","35","13","4"
"Chapada Gaúcha (MG)","Total","1033","1083","1032","1130","1157","1065","905","1013","798","600","553","503","413","372","284","185","132","67","20","8","2"
"Chiador (MG)","Total","153","178","186","197","168","172","182","172","187","183","179","206","195","128","127","87","59","23","12","6","-"
"Cipotânea (MG)","Total","259","295","365","392","333","339","334","380","409","415","412","439","346","253","211","178","130","55","33","3","-"
"Claraval (MG)","Total","253","297","268","317","333","314","321","353","324","301","306","285","311","283","183","115","60","20","12","2","-"
"Claro dos Poções (MG)","Total","378","439","474","486","399","374","445","484","571","566","509","507","430","355","268","220","135","85","36","4","1"
"Cláudio (MG)","Total","1944","1893","1808","2155","2326","2439","2400","2381","2445","2110","1883","1690","1521","1126","848","529","356","188","82","26","9"
"Coimbra (MG)","Total","326","361","379","457","538","441","466","532","565","488","494","504","451","392","279","206","114","86","28","9","1"
"Coluna (MG)","Total","458","507","609","655","573","538","604","572","579","581","497","462","373","357","279","245","146","80","35","10","3"
"Comendador Gomes (MG)","Total","150","173","212","184","165","212","177","234","212","183","184","192","157","125","87","66","31","19","9","1","-"
"Comercinho (MG)","Total","284","386","453","489","372","371","393","439","482","457","471","470","413","342","294","230","158","90","51","9","6"
"Conceição da Aparecida (MG)","Total","586","598","662","747","731","677","713","771","815","708","717","632","624","498","375","245","142","86","31","11","2"
"Conceição das Pedras (MG)","Total","133","156","140","168","170","185","201","215","189","208","218","217","175","134","98","71","52","25","14","3","-"
"Conceição das Alagoas (MG)","Total","1932","2119","2007","2061","2284","2383","2362","2342","2302","1867","1643","1474","1218","919","662","396","240","118","43","8","1"
"Conceição de Ipanema (MG)","Total","249","246","264","297","251","238","273","271","340","329","340","328","269","234","187","120","95","51","24","1","2"
"Conceição do Mato Dentro (MG)","Total","1551","1664","1642","1679","1891","1867","2016","1834","1680","1438","1354","1145","949","837","556","419","324","194","81","34","8"
"Conceição do Pará (MG)","Total","296","324","325","332","333","298","347","423","397","378","385","389","352","298","222","147","92","53","18","5","1"
"Conceição do Rio Verde (MG)","Total","797","765","845","901","937","878","836","872","908","836","826","773","700","581","437","303","211","85","41","8","1"
"Conceição dos Ouros (MG)","Total","604","670","681","755","843","774","789","755","769","774","727","773","634","481","361","248","147","66","21","6","2"
"Cônego Marinho (MG)","Total","464","520","566","546","492","509","494","539","508","452","421","391","328","300","260","209","128","63","37","10","-"
"Confins (MG)","Total","436","434","423","475","569","611","524","508","591","539","513","467","438","299","204","135","103","44","25","9","3"
"Congonhal (MG)","Total","564","623","611","686","722","742","722","820","859","822","779","758","713","603","411","296","205","86","53","6","2"
"Congonhas (MG)","Total","3275","3466","3539","3519","3794","4188","4291","4278","4227","3325","3412","3259","2879","2105","1435","877","525","328","139","23","6"
"Congonhas do Norte (MG)","Total","267","310","289","432","373","356","318","339","369","329","289","255","246","185","168","120","94","57","32","2","1"
"Conquista (MG)","Total","403","407","404","450","454","501","470","469","491","439","440","429","412","359","252","154","93","36","26","5","-"
"Conselheiro Lafaiete (MG)","Total","7618","7825","7791","8071","9228","10155","10882","10885","10812","8634","8203","8098","7432","5965","4163","2668","1726","947","401","104","13"
"Conselheiro Pena (MG)","Total","1272","1349","1362","1336","1388","1366","1362","1451","1486","1432","1344","1334","1226","1039","821","525","368","223","110","23","7"
"Consolação (MG)","Total","81","85","87","87","107","94","95","98","118","99","114","124","100","84","76","53","30","21","8","2","-"
"Contagem (MG)","Total","34870","38036","37325","39312","47095","49009","49083","51259","54737","44942","41503","37143","31781","24785","17276","11213","6772","3761","1531","379","51"
"Coqueiral (MG)","Total","522","520","522","613","663","616","591","614","641","567","616","606","571","504","350","228","149","82","38","10","-"
"Coração de Jesus (MG)","Total","1521","1745","1813","1865","1676","1624","1736","1934","1929","1654","1629","1604","1322","1078","880","614","379","228","99","35","12"
"Cordisburgo (MG)","Total","352","381","438","454","437","443","450","519","569","537","544","537","543","450","334","238","180","94","31","15","1"
"Cordislândia (MG)","Total","201","201","214","230","207","194","194","201","231","201","230","214","205","168","125","92","55","23","11","2","1"
"Corinto (MG)","Total","1505","1483","1481","1679","1703","1566","1556","1637","1668","1367","1525","1579","1456","1163","819","547","433","230","103","28","4"
"Coroaci (MG)","Total","495","547","608","729","862","924","849","866","831","737","689","627","591","496","354","281","193","114","69","16","6"
"Coromandel (MG)","Total","1593","1666","1668","1815","1957","1953","1964","2137","2193","2093","2171","1962","1779","1397","1092","710","395","228","98","19","4"
"Coronel Fabriciano (MG)","Total","6213","6541","6686","6872","7569","7419","7465","7925","8173","7094","6987","6770","5975","4761","3254","2197","1538","821","372","92","12"
"Coronel Murta (MG)","Total","491","468","554","589","628","540","546","598","596","559","479","499","460","375","284","223","159","84","40","25","3"
"Coronel Pacheco (MG)","Total","130","175","151","156","154","160","204","187","193","178","222","212","201","152","110","69","57","34","14","3","-"
"Coronel Xavier Chaves (MG)","Total","156","209","231","211","209","199","207","230","278","273","251","248","249","175","146","105","67","31","8","3","-"
"Córrego Danta (MG)","Total","124","146","139","188","179","165","178","168","213","212","218","209","220","183","167","121","69","42","14","5","-"
"Córrego do Bom Jesus (MG)","Total","180","231","219","215","199","215","282","310","303","329","288","360","307","294","222","153","95","50","15","4","1"
"Córrego Fundo (MG)","Total","329","352","333","388","411","414","445","478","551","468","427","383","343","302","202","124","105","49","19","9","1"
"Córrego Novo (MG)","Total","150","169","183","221","146","154","165","197","231","199","209","171","203","158","137","75","47","37","18","4","1"
"Couto de Magalhães de Minas (MG)","Total","255","291","301","292","294","337","308","303","275","279","258","277","223","176","123","119","77","36","16","5","-"
"Crisólita (MG)","Total","420","379","363","445","369","334","344","373","393","332","281","301","234","218","148","142","93","60","27","9","-"
"Cristais (MG)","Total","730","748","740","829","958","874","817","978","1038","807","788","689","608","560","419","281","182","106","35","8","2"
"Cristália (MG)","Total","357","358","461","476","433","414","431","410","331","290","268","239","206","158","117","85","40","26","11","9","1"
"Cristiano Otoni (MG)","Total","274","286","281","338","360","298","298","335","425","320","288","291","252","222","189","87","71","42","6","3","1"
"Cristina (MG)","Total","577","597","618","648","767","765","722","741","733","691","791","661","639","457","408","250","160","96","37","12","4"
"Crucilândia (MG)","Total","238","283","338","329","371","305","325","397","422","380","385","411","365","303","235","159","105","53","23","5","2"
"Cruzeiro da Fortaleza (MG)","Total","228","238","219","250","273","271","233","227","225","239","263","213","204","128","123","85","56","25","12","5","4"
"Cruzília (MG)","Total","892","892","813","978","1145","1135","1068","1056","1066","1012","1088","1054","951","751","567","398","283","141","60","11","1"
"Cuparaque (MG)","Total","263","252","276","265","243","238","240","268","270","282","278","282","252","214","149","95","63","34","13","4","2"
"Curral de Dentro (MG)","Total","545","529","543","644","600","554","554","539","501","465","409","348","339","242","221","145","126","62","28","10","2"
"Curvelo (MG)","Total","4530","4856","4873","5529","6029","6137","6093","6256","6171","5389","5325","5163","4312","3423","2471","1737","1212","737","309","92","21"
"Datas (MG)","Total","360","408","397","435","385","392","401","390","373","320","298","357","290","233","148","127","73","52","21","5","-"
"Delfim Moreira (MG)","Total","422","446","472","486","499","521","490","586","534","552","630","645","506","460","309","188","108","58","32","8","-"
"Delfinópolis (MG)","Total","517","551","539","555","655","630","584","584","631","578","566","545","444","371","279","176","107","54","16","10","1"
"Delta (MG)","Total","831","841","830","947","904","815","880","931","819","684","527","448","333","270","192","139","70","22","9","1","1"
"Descoberto (MG)","Total","275","247","280","282","316","295","330","405","404","310","329","324","315","275","202","135","101","62","31","7","3"
"Desterro de Entre Rios (MG)","Total","391","406","458","440","473","493","514","575","517","551","567","560","531","393","312","214","147","85","22","2","2"
"Desterro do Melo (MG)","Total","135","145","171","197","164","164","188","236","205","245","241","222","177","163","159","93","42","31","15","1","-"
"Diamantina (MG)","Total","2873","3041","2878","3266","3987","3874","3892","3770","3656","3010","2866","2832","2403","1806","1297","923","695","374","188","58","13"
"Diogo de Vasconcelos (MG)","Total","178","194","202","232","192","203","211","202","230","254","270","250","234","230","167","114","95","51","32","6","2"
"Dionísio (MG)","Total","305","338","372","428","426","405","376","449","524","460","526","523","459","413","333","218","151","90","40","10","1"
"Divinésia (MG)","Total","251","280","309","290","259","330","334","314","280","257","252","306","257","172","144","80","52","42","14","3","-"
"Divino (MG)","Total","1407","1302","1353","1607","1598","1476","1419","1539","1505","1303","1332","1210","1072","927","694","419","305","163","54","13","8"
"Divino das Laranjeiras (MG)","Total","229","249","275","259","262","196","219","269","275","312","311","313","289","243","181","136","72","47","29","8","4"
"Divinolândia de Minas (MG)","Total","430","435","456","465","460","435","474","453","458","393","408","425","348","297","227","150","112","53","27","8","2"
"Divinópolis (MG)","Total","12643","12802","12729","13911","16653","17523","18058","18071","19335","16341","15710","15417","13454","10269","7549","4865","3173","1723","663","173","29"
"Divisa Alegre (MG)","Total","424","478","476","580","553","510","451","474","485","377","399","310","225","177","158","109","80","30","14","8","3"
"Divisa Nova (MG)","Total","355","377","383","422","432","425","406","393","394","421","365","346","337","270","202","138","100","63","20","1","1"
"Divisópolis (MG)","Total","561","573","653","752","875","826","816","838","777","691","608","555","472","386","314","211","164","76","40","20","5"
"Dom Bosco (MG)","Total","255","231","249","273","194","243","249","284","257","237","257","263","239","182","135","71","46","18","7","6","1"
"Dom Cavati (MG)","Total","252","259","280","344","334","254","316","287","334","319","364","325","296","296","206","182","124","77","47","7","1"
"Dom Joaquim (MG)","Total","314","320","284","412","370","358","326","375","369","308","274","255","280","215","155","111","84","54","20","12","3"
"Dom Silvério (MG)","Total","219","263","268","302","336","378","308","340","351","348","394","386","359","252","241","178","145","99","47","9","5"
"Dom Viçoso (MG)","Total","138","156","192","194","178","198","176","216","253","226","249","239","227","158","118","77","53","35","8","4","-"
"Dona Euzébia (MG)","Total","351","357","330","427","454","472","419","446","455","419","427","406","392","252","182","134","90","56","16","6","2"
"Dores de Campos (MG)","Total","529","535","606","625","706","787","705","762","776","675","737","710","631","459","332","254","103","55","14","6","-"
"Dores de Guanhães (MG)","Total","294","318","324","361","356","318","333","318","388","334","339","321","298","220","169","123","112","69","28","3","3"
"Dores do Indaiá (MG)","Total","509","582","611","781","783","835","741","743","890","872","937","973","865","777","588","489","344","192","94","21","3"
"Dores do Turvo (MG)","Total","276","252","305","340","357","338","328","317","358","367","346","381","316","231","171","151","84","37","23","8","1"
"Doresópolis (MG)","Total","75","86","86","100","103","97","74","99","108","121","98","110","86","77","64","44","20","8","4","1","-"
"Douradoquara (MG)","Total","108","99","116","112","93","105","134","134","118","130","135","133","105","98","87","67","33","11","8","1","2"
"Durandé (MG)","Total","607","539","491","594","636","642","567","605","560","483","452","448","379","298","195","133","99","55","25","7","2"
"Elói Mendes (MG)","Total","1600","1606","1725","1809","1875","1965","1896","1948","2006","1693","1688","1620","1507","1280","915","557","370","176","77","20","3"
"Engenheiro Caldas (MG)","Total","893","1333","1023","935","973","1121","1127","1057","1014","821","714","715","623","401","332","211","151","112","49","10","7"
"Engenheiro Navarro (MG)","Total","393","414","448","464","449","404","429","441","474","436","424","395","361","319","222","122","92","49","12","6","-"
"Entre Folhas (MG)","Total","313","321","323","354","311","317","314","352","390","382","340","361","304","260","208","134","110","51","25","8","1"
"Entre Rios de Minas (MG)","Total","776","819","885","967","1026","1075","1049","1061","1170","1041","983","991","832","693","516","371","268","146","58","16","3"
"Ervália (MG)","Total","1120","1097","1309","1381","1474","1414","1660","1672","1544","1428","1245","1210","1099","878","636","425","336","197","99","27","4"
"Esmeraldas (MG)","Total","6122","6433","6118","5959","6215","6443","6949","6966","7016","5670","5150","4652","4059","3029","2135","1238","782","411","189","51","11"
"Espera Feliz (MG)","Total","1527","1564","1523","1672","1813","1870","1758","1806","1881","1670","1439","1421","1270","1108","753","463","298","170","65","25","6"
"Espinosa (MG)","Total","2003","2107","2074","2251","2192","2160","2142","2312","2395","1803","1876","1717","1533","1198","967","744","491","285","125","50","18"
"Espírito Santo do Dourado (MG)","Total","504","463","442","480","555","533","460","517","449","384","371","350","335","269","207","142","78","47","16","5","4"
"Estiva (MG)","Total","611","633","669","687","758","804","796","867","858","828","800","825","689","581","445","313","202","89","39","7","1"
"Estrela Dalva (MG)","Total","104","114","133","136","111","140","148","138","153","139","165","130","157","155","86","88","48","23","13","4","1"
"Estrela do Indaiá (MG)","Total","103","115","133","154","147","154","155","169","202","185","234","201","203","213","144","128","64","41","17","6","4"
"Estrela do Sul (MG)","Total","422","395","404","397","452","458","465","500","479","499","459","508","464","331","224","166","110","65","25","14","3"
"Eugenópolis (MG)","Total","564","557","653","639","703","688","797","839","836","765","710","695","679","553","445","300","202","97","52","23","4"
"Ewbank da Câmara (MG)","Total","263","276","250","257","288","317","290","258","269","246","257","247","224","180","99","70","40","30","13","1","-"
"Extrema (MG)","Total","3531","3730","3355","3658","5021","5038","4651","4491","4263","3423","2862","2516","2149","1804","1343","788","490","246","104","15","4"
"Fama (MG)","Total","113","139","142","145","145","128","151","174","177","173","181","194","206","192","125","99","47","34","11","2","-"
"Faria Lemos (MG)","Total","181","210","209","217","207","219","214","195","229","206","203","193","197","160","134","84","63","45","19","2","1"
"Felício dos Santos (MG)","Total","272","321","361","379","353","361","357","343","336","304","335","365","293","243","156","145","93","80","26","7","3"
"São Gonçalo do Rio Preto (MG)","Total","130","151","191","211","229","214","220","193","244","218","201","214","179","138","111","98","59","21","5","4","1"
"Felisburgo (MG)","Total","451","496","445","488","421","422","458","419","445","428","392","394","299","257","238","183","140","75","23","10","5"
"Felixlândia (MG)","Total","662","732","835","879","887","877","847","943","976","1024","1040","981","1008","851","609","372","239","138","58","17","3"
"Fernandes Tourinho (MG)","Total","152","143","165","179","183","144","165","146","202","211","208","218","207","154","108","76","69","42","15","2","-"
"Ferros (MG)","Total","476","493","582","622","580","558","596","632","688","650","682","700","656","473","409","278","260","170","63","19","3"
"Fervedouro (MG)","Total","638","654","755","796","812","778","752","775","841","719","637","586","537","429","300","205","116","72","29","9","5"
"Florestal (MG)","Total","430","447","447","498","569","587","561","560","593","565","574","526","518","381","296","230","136","81","36","9","1"
"Formiga (MG)","Total","3345","3524","3679","3968","4663","5033","5198","5191","5323","4679","4815","4807","4257","3543","2501","1698","1109","616","230","57","12"
"Formoso (MG)","Total","616","575","669","665","585","558","574","580","537","498","436","451","369","300","217","142","97","46","23","8","3"
"Fortaleza de Minas (MG)","Total","178","212","208","202","224","220","218","241","236","243","248","266","231","202","147","104","58","28","10","1","-"
"Fortuna de Minas (MG)","Total","165","170","194","188","193","218","227","233","261","212","217","209","179","135","114","73","67","28","8","2","-"
"Francisco Badaró (MG)","Total","326","353","400","516","533","404","467","503","559","549","522","515","471","362","312","229","189","90","51","8","7"
"Francisco Dumont (MG)","Total","282","299","328","344","302","331","284","335","317","326","316","244","252","184","156","97","47","37","15","4","3"
"Francisco Sá (MG)","Total","1333","1429","1658","1723","1681","1661","1652","1821","1800","1605","1550","1435","1205","927","797","569","335","189","77","20","9"
"Franciscópolis (MG)","Total","257","269","361","392","382","338","313","357","394","352","322","322","280","244","155","132","78","51","28","7","-"
"Frei Gaspar (MG)","Total","406","373","402","464","375","368","350","407","401","367","348","369","292","218","184","122","95","57","30","10","2"
"Frei Inocêncio (MG)","Total","493","510","537","635","612","527","473","534","555","586","585","562","428","408","295","227","124","91","29","11","4"
"Frei Lagonegro (MG)","Total","205","200","252","268","207","209","255","274","296","238","225","164","160","136","131","83","43","29","11","5","-"
"Fronteira (MG)","Total","878","953","1019","1029","971","1036","1073","1101","1212","1014","996","849","773","658","416","285","154","86","27","9","1"
"Fronteira dos Vales (MG)","Total","257","269","312","341","281","255","243","294","318","346","270","285","217","182","184","130","94","42","18","6","1"
"Fruta de Leite (MG)","Total","290","293","427","473","326","283","272","343","334","270","241","224","240","201","178","108","76","42","11","12","3"
"Frutal (MG)","Total","3620","3671","3760","3805","4145","4447","4618","4814","4608","3960","3759","3471","3108","2384","1795","1280","762","401","131","43","6"
"Funilândia (MG)","Total","244","289","309","321","354","301","283","306","336","328","339","349","292","255","154","104","72","30","16","4","-"
"Galiléia (MG)","Total","425","421","408","405","436","394","345","398","447","425","420","402","350","323","254","183","105","42","26","11","2"
"Gameleiras (MG)","Total","302","309","364","351","296","275","345","354","415","282","292","304","298","195","173","117","71","29","12","5","4"
"Glaucilândia (MG)","Total","160","165","171","228","168","147","163","207","242","222","213","215","171","146","104","99","60","27","17","3","-"
"Goiabeira (MG)","Total","174","178","191","179","177","146","184","179","208","188","210","195","196","158","120","67","51","18","7","3","1"
"Goianá (MG)","Total","196","199","255","254","241","256","264","253","267","267","268","364","290","231","190","110","82","45","15","6","-"
"Gonçalves (MG)","Total","239","257","250","263","308","281","322","315","334","358","345","380","352","252","202","146","77","33","12","-","1"
"Gonzaga (MG)","Total","270","355","364","391","400","335","317","310","369","317","365","342","310","267","218","131","93","50","19","6","1"
"Gouveia (MG)","Total","626","700","713","760","754","777","822","898","848","723","748","736","638","547","410","279","169","113","49","15","6"
"Governador Valadares (MG)","Total","14948","15310","15471","17449","20086","18720","18476","19346","20241","17457","17222","16183","13648","11159","8353","5679","3969","2215","945","237","57"
"Grão Mogol (MG)","Total","874","904","1020","1141","998","994","986","1100","1027","915","847","827","683","562","397","293","161","95","47","20","10"
"Grupiara (MG)","Total","60","70","75","80","84","82","82","96","102","92","106","104","105","84","54","53","38","13","8","4","-"
"Guanhães (MG)","Total","2039","2061","1934","2161","2589","2511","2463","2386","2506","2099","2071","1882","1631","1332","975","699","434","286","131","43","11"
"Guapé (MG)","Total","771","820","823","880","993","952","929","1032","1065","978","976","905","852","695","471","311","179","95","33","11","1"
"Guaraciaba (MG)","Total","448","490","545","553","620","570","608","723","715","666","704","701","674","575","422","299","225","131","63","15","6"
"Guaraciama (MG)","Total","287","338","329","343","326","320","386","361","400","341","325","353","264","241","181","126","68","45","12","4","1"
"Guaranésia (MG)","Total","1175","1083","1074","1132","1385","1510","1402","1497","1461","1280","1273","1208","1124","929","708","419","280","140","52","16","2"
"Guarani (MG)","Total","445","457","453","434","501","549","527","513","497","506","554","535","541","376","302","222","153","92","47","9","1"
"Guarará (MG)","Total","166","201","195","208","213","224","232","219","241","183","181","217","206","151","141","79","45","27","17","3","-"
"Guarda-Mor (MG)","Total","409","457","436","446","375","448","501","469","499","459","488","461","359","266","192","132","74","41","20","7","-"
"Guaxupé (MG)","Total","2676","2968","2937","3049","3533","3702","3902","3894","3913","3414","3359","3361","3146","2587","1845","1227","799","389","162","38","10"
"Guidoval (MG)","Total","399","401","383","420","495","499","483","475","512","485","494","527","504","374","274","171","106","80","39","10","-"
"Guimarânia (MG)","Total","585","548","554","629","734","657","551","558","597","528","569","506","429","351","262","205","120","65","22","8","-"
"Guiricema (MG)","Total","351","337","436","495","509","450","477","551","560","531","528","598","542","488","348","262","162","107","33","8","5"
"Gurinhatã (MG)","Total","241","274","286","283","222","270","259","294","365","430","447","432","395","288","283","181","139","67","32","3","1"
"Heliodora (MG)","Total","312","333","370","374","417","408","393","399","470","411","426","466","422","340","255","181","78","53","24","2","-"
"Iapu (MG)","Total","697","638","682","739","879","907","909","924","919","850","832","798","642","558","398","287","206","109","46","8","2"
"Ibertioga (MG)","Total","276","296","312","361","318","353","313","359","392","364","388","378","326","262","194","166","83","39","14","2","2"
"Ibiá (MG)","Total","1470","1469","1421","1525","1515","1568","1560","1726","1699","1478","1430","1415","1294","1008","713","446","274","136","66","15","1"
"Ibiaí (MG)","Total","443","412","501","469","440","392","451","487","522","407","359","342","303","270","199","131","83","47","18","6","4"
"Ibiracatu (MG)","Total","302","353","397","384","336","308","322","391","379","267","304","338","298","217","196","117","88","55","24","2","3"
"Ibiraci (MG)","Total","803","763","783","783","784","810","790","773","785","670","699","648","546","470","340","233","162","70","31","5","-"
"Ibirité (MG)","Total","10934","12036","12038","12507","14733","14075","13261","13347","14385","11973","10926","9241","7534","5524","3569","2125","1320","669","244","76","20"
"Ibitiúra de Minas (MG)","Total","176","176","176","179","210","237","201","232","247","227","239","234","224","222","162","110","63","34","14","2","-"
"Ibituruna (MG)","Total","127","153","153","203","221","164","149","189","200","205","179","183","152","137","101","87","52","30","10","3","-"
"Icaraí de Minas (MG)","Total","663","736","783","850","896","842","874","932","915","603","576","484","448","346","309","180","117","77","33","9","4"
"Igarapé (MG)","Total","3055","3371","3294","3320","3445","3398","3741","3877","3813","3203","2704","2419","2015","1612","1103","713","427","217","98","18","4"
"Igaratinga (MG)","Total","720","703","706","761","940","901","931","827","870","716","655","581","480","379","301","187","91","59","18","4","-"
"Iguatama (MG)","Total","358","423","367","361","366","404","468","546","498","448","472","528","505","396","293","179","125","58","24","6","1"
"Ijaci (MG)","Total","432","414","421","468","484","511","480","550","588","475","487","440","381","324","246","142","91","44","16","5","4"
"Ilicínea (MG)","Total","759","752","748","904","1072","1024","976","922","883","839","838","805","657","595","391","254","195","83","37","3","4"
"Imbé de Minas (MG)","Total","453","451","512","549","469","433","488","527","511","514","440","446","354","316","182","156","105","54","18","8","-"
"Inconfidentes (MG)","Total","332","353","409","427","474","494","477","548","581","571","569","509","481","408","304","182","102","53","22","5","-"
"Indaiabira (MG)","Total","374","387","417","485","448","415","372","446","470","425","404","397","376","300","237","181","105","60","27","17","3"
"Indianópolis (MG)","Total","424","413","411","402","453","431","442","442","488","421","411","430","323","243","182","109","82","39","18","7","-"
"Ingaí (MG)","Total","138","123","163","158","194","171","178","180","186","183","182","201","149","135","101","59","44","23","10","2","-"
"Inhapim (MG)","Total","1183","1191","1329","1507","1499","1332","1385","1572","1758","1655","1657","1665","1423","1164","884","573","468","270","134","34","9"
"Inhaúma (MG)","Total","301","399","353","432","469","428","456","496","504","419","384","408","371","323","211","136","83","45","18","3","-"
"Inimutaba (MG)","Total","392","433","418","555","513","504","490","550","556","516","469","464","445","361","291","200","102","73","28","9","2"
"Ipaba (MG)","Total","1073","1025","1085","1170","1431","1506","1384","1237","1340","1200","1129","910","805","680","465","286","226","119","53","10","2"
"Ipanema (MG)","Total","1103","1210","1178","1284","1300","1187","1273","1428","1453","1399","1305","1235","1109","997","809","527","382","207","96","31","9"
"Ipatinga (MG)","Total","13065","13447","14028","14855","16765","16416","16227","17213","19162","16029","14915","13826","13014","11400","7538","4384","2885","1655","692","182","33"
"Ipiaçu (MG)","Total","212","202","223","228","221","245","235","251","238","291","293","300","220","191","159","124","87","39","12","3","1"
"Ipuiúna (MG)","Total","471","478","547","583","617","632","596","626","730","647","734","649","544","423","343","261","146","67","31","8","2"
"Iraí de Minas (MG)","Total","526","523","511","510","565","552","546","532","562","445","458","417","318","258","194","136","75","29","21","1","1"
"Itabira (MG)","Total","6285","7301","6997","7004","8185","8052","8412","8814","9321","7896","7770","7519","6166","4888","3446","2298","1543","915","396","114","21"
"Itabirinha (MG)","Total","616","637","706","781","762","656","616","718","823","724","662","651","559","466","358","256","174","134","50","13","-"
"Itabirito (MG)","Total","3246","3481","3419","3426","3906","3985","4312","4488","4513","3631","3234","3178","2728","2147","1491","955","666","340","170","44","5"
"Itacambira (MG)","Total","209","257","277","310","333","277","258","309","359","283","262","274","231","195","160","122","76","41","14","3","2"
"Itacarambi (MG)","Total","1249","1221","1379","1466","1482","1344","1221","1244","1114","1008","961","889","777","601","467","368","216","123","58","11","9"
"Itaguara (MG)","Total","765","817","782","854","1019","1004","927","986","1100","987","1002","898","856","688","439","317","216","121","52","14","2"
"Itaipé (MG)","Total","811","795","868","934","866","666","696","759","767","672","603","501","426","370","249","206","138","82","38","12","4"
"Itajubá (MG)","Total","5195","5753","5407","5703","7024","7258","7081","7001","6987","6041","5982","6028","5661","4237","3102","2106","1310","757","330","93","17"
"Itamarandiba (MG)","Total","2153","2245","2392","2734","2723","2569","2538","2693","2508","2104","1803","1726","1465","1106","811","630","389","196","127","29","7"
"Itamarati de Minas (MG)","Total","203","211","226","201","225","246","271","229","233","218","290","253","255","214","158","97","79","53","23","3","2"
"Itambacuri (MG)","Total","1332","1431","1501","1579","1600","1441","1364","1396","1463","1311","1244","1313","1128","894","640","507","432","282","130","44","10"
"Itambé do Mato Dentro (MG)","Total","104","103","136","132","98","122","127","151","154","138","137","172","169","126","95","75","51","34","14","3","1"
"Itamogi (MG)","Total","621","637","657","604","707","738","817","815","799","644","666","748","744","612","430","253","164","72","35","6","1"
"Itamonte (MG)","Total","864","840","888","966","1013","1092","1129","1164","1235","990","912","949","847","748","540","282","190","95","30","12","-"
"Itanhandu (MG)","Total","780","879","974","971","968","1068","1083","1180","1249","1012","1105","1019","954","700","529","362","226","111","56","9","1"
"Itanhomi (MG)","Total","624","695","721","697","700","690","644","674","701","820","827","839","689","601","452","303","239","135","55","20","2"
"Itaobim (MG)","Total","1116","1186","1284","1451","1445","1337","1251","1370","1447","1232","1152","1196","965","800","696","520","354","216","96","25","12"
"Itapagipe (MG)","Total","674","762","833","824","919","886","991","1031","1068","919","1054","990","828","675","469","315","234","147","48","20","3"
"Itapecerica (MG)","Total","957","994","1106","1197","1380","1357","1413","1399","1580","1540","1561","1446","1380","1237","964","690","433","260","115","34","3"
"Itapeva (MG)","Total","834","809","791","858","1014","950","957","1068","968","838","778","684","670","566","392","281","139","60","28","7","-"
"Itatiaiuçu (MG)","Total","756","879","834","855","925","939","936","999","977","964","837","785","711","603","429","271","156","81","23","3","3"
"Itaú de Minas (MG)","Total","771","820","820","853","951","965","988","994","1026","928","1024","1091","980","792","582","382","247","120","55","16","1"
"Itaúna (MG)","Total","5289","5517","5354","5841","7296","7693","7761","7809","7999","6842","6659","6357","5685","4279","3085","1961","1200","658","304","71","9"
"Itaverava (MG)","Total","283","327","330","400","391","391","354","404","410","383","361","386","372","312","207","162","88","53","23","5","-"
"Itinga (MG)","Total","778","897","958","1192","1079","853","948","955","1007","896","811","763","687","589","496","369","237","133","66","26","5"
"Itueta (MG)","Total","382","407","365","355","329","374","370","394","445","434","424","419","372","315","244","187","124","70","38","5","2"
"Ituiutaba (MG)","Total","5677","6402","6179","6412","6902","7447","7343","7412","7621","7094","7123","6757","5697","4580","3724","2587","1750","968","394","129","19"
"Itumirim (MG)","Total","371","383","369","428","444","432","486","475","465","467","492","479","379","341","233","187","103","68","31","5","-"
"Iturama (MG)","Total","2399","2514","2365","2587","3134","3103","2960","2941","3170","2701","2505","2231","1821","1386","1019","684","429","218","100","21","7"
"Itutinga (MG)","Total","233","223","222","263","244","281","307","276","297","283","359","334","277","233","146","124","63","37","12","1","2"
"Jaboticatubas (MG)","Total","1083","1222","1174","1276","1264","1291","1320","1404","1579","1444","1399","1414","1377","1136","821","563","337","190","88","20","4"
"Jacinto (MG)","Total","585","658","801","856","718","599","672","794","769","752","741","765","611","504","421","322","233","125","71","22","23"
"Jacuí (MG)","Total","447","432","461","474","510","477","499","505","570","466","488","482","479","430","343","220","126","52","28","6","-"
"Jacutinga (MG)","Total","1483","1532","1624","1735","1791","1733","1923","2116","2022","1809","1693","1577","1366","1106","832","529","357","184","93","17","3"
"Jaguaraçu (MG)","Total","175","184","184","200","182","200","225","234","235","183","212","214","221","175","120","63","44","23","15","2","1"
"Jaíba (MG)","Total","3214","3194","3111","3069","3058","3073","3211","3171","3015","2047","1827","1616","1263","1020","801","475","288","139","43","23","2"
"Jampruca (MG)","Total","260","254","313","317","265","277","269","254","279","263","323","315","265","199","142","121","86","52","29","8","5"
"Janaúba (MG)","Total","4868","4827","4815","5250","5867","5694","5528","5842","5623","4567","4052","3626","3197","2326","1887","1250","760","443","201","58","18"
"Januária (MG)","Total","4695","4904","5030","5288","4963","4636","4593","4968","4486","3645","3603","3427","3192","2579","1906","1393","920","539","255","109","19"
"Japaraíba (MG)","Total","302","310","312","324","295","324","336","354","330","343","280","275","212","199","145","78","48","21","9","8","1"
"Japonvar (MG)","Total","512","524","561","628","584","599","567","641","622","527","493","436","412","333","280","166","148","60","24","8","2"
"Jeceaba (MG)","Total","328","360","357","392","427","425","416","434","479","445","451","429","374","300","260","139","103","54","19","5","-"
"Jenipapo de Minas (MG)","Total","358","430","457","543","452","421","463","508","443","391","344","333","272","201","185","118","95","55","26","5","-"
"Jequeri (MG)","Total","697","706","760","830","837","860","842","940","936","841","833","769","664","627","466","354","233","142","62","18","2"
"Jequitaí (MG)","Total","348","422","433","437","326","422","451","463","460","441","438","458","419","341","223","161","121","83","24","13","-"
"Jequitibá (MG)","Total","312","322","366","367","373","364","406","448","415","416","404","389","364","355","225","149","99","69","26","13","1"
"Jequitinhonha (MG)","Total","1500","1488","1698","1912","1800","1633","1537","1663","1692","1544","1459","1384","1199","1045","847","629","479","303","139","43","13"
"Jesuânia (MG)","Total","282","345","265","275","357","401","353","346","375","362","338","366","349","265","197","133","77","37","10","5","-"
"Joaíma (MG)","Total","979","984","1050","1209","975","892","886","888","877","916","826","793","691","575","464","383","278","146","50","13","13"
"Joanésia (MG)","Total","181","209","231","241","253","223","225","253","290","344","346","354","313","263","201","153","118","73","47","11","-"
"João Monlevade (MG)","Total","4501","4759","4741","5017","5917","5894","5827","5966","6305","5149","5258","5448","4771","3645","2760","1897","1208","685","330","88","21"
"João Pinheiro (MG)","Total","3096","2989","2989","3442","3690","3547","3584","3703","3608","3297","3022","2837","2267","1762","1259","834","513","241","80","33","8"
"Joaquim Felício (MG)","Total","213","254","255","280","240","226","256","291","256","235","261","270","229","179","176","101","65","38","16","9","4"
"Jordânia (MG)","Total","641","654","654","830","805","811","695","679","686","649","637","646","509","392","350","242","221","128","57","12","6"
"José Gonçalves de Minas (MG)","Total","228","269","276","317","312","270","287","344","325","298","233","223","178","153","113","71","40","18","12","2","-"
"José Raydan (MG)","Total","233","294","302","296","258","269","278","337","312","289","287","265","212","199","154","112","80","65","17","8","1"
"Josenópolis (MG)","Total","221","223","324","365","324","256","247","297","247","191","190","178","181","134","96","63","49","26","9","7","2"
"Nova União (MG)","Total","363","382","389","379","366","403","399","402","457","440","423","371","351","280","195","136","97","48","22","5","1"
"Juatuba (MG)","Total","1968","2193","2083","2284","2395","2330","2425","2505","2506","2094","1933","1609","1403","1159","832","488","287","148","58","9","7"
"Juiz de Fora (MG)","Total","26886","29623","29363","32398","40547","41817","42012","40424","42017","35158","35441","35704","32766","26795","20326","13149","8319","4953","2338","627","93"
"Juramento (MG)","Total","218","218","248","254","258","240","274","241","328","282","246","248","216","169","162","86","55","14","7","4","-"
"Juruaia (MG)","Total","660","714","640","797","851","887","986","875","872","647","700","617","544","504","340","191","142","85","26","4","2"
"Juvenília (MG)","Total","391","393","472","537","452","390","409","436","418","346","300","318","251","251","162","122","67","45","24","3","2"
"Ladainha (MG)","Total","885","995","1156","1401","1118","940","910","1020","1066","885","791","762","679","567","459","304","222","137","63","18","5"
"Lagamar (MG)","Total","297","333","369","400","354","335","372","395","503","547","532","514","495","414","322","224","131","62","22","8","2"
"Lagoa da Prata (MG)","Total","3074","2947","3011","3428","4098","4269","4053","3924","4185","3584","3388","3172","2691","2113","1418","946","587","345","134","41","4"
"Lagoa dos Patos (MG)","Total","225","211","249","254","186","230","223","250","288","233","202","176","171","127","130","62","50","23","16","5","2"
"Lagoa Dourada (MG)","Total","758","824","804","944","995","946","955","948","1036","832","821","768","711","491","373","270","164","87","34","6","2"
"Lagoa Formosa (MG)","Total","1029","1034","1091","1309","1387","1368","1294","1311","1352","1320","1427","1276","1068","915","687","472","305","176","66","17","-"
"Lagoa Grande (MG)","Total","546","563","557","676","685","658","669","671","647","664","652","572","459","327","256","171","112","50","27","4","3"
"Lagoa Santa (MG)","Total","4369","4930","4592","4588","5133","5352","5905","6567","6964","5383","4886","4407","3893","2936","2140","1379","882","532","222","71","14"
"Lajinha (MG)","Total","1438","1407","1502","1446","1597","1484","1527","1694","1643","1353","1257","1093","1001","849","603","395","279","159","79","27","2"
"Lambari (MG)","Total","1049","1102","1187","1402","1367","1421","1371","1480","1557","1343","1382","1375","1309","1062","837","560","320","186","81","19","4"
"Lamim (MG)","Total","132","157","193","228","246","185","172","208","260","215","235","224","208","166","141","95","71","38","9","1","-"
"Laranjal (MG)","Total","280","306","339","329","362","359","337","421","478","411","388","418","415","375","299","208","112","79","37","9","1"
"Lassance (MG)","Total","461","423","481","559","556","489","524","495","508","434","405","458","406","333","229","153","112","74","20","3","1"
"Lavras (MG)","Total","5780","6287","5571","6889","8837","8589","8187","8318","8265","6605","6514","6357","5716","4777","3280","2198","1363","808","315","95","10"
"Leandro Ferreira (MG)","Total","182","193","192","210","230","205","242","217","244","209","211","207","185","147","124","85","62","29","17","7","1"
"Leme do Prado (MG)","Total","231","288","317","370","322","290","311","353","328","282","279","275","223","177","112","73","61","30","14","5","-"
"Leopoldina (MG)","Total","2786","3095","3144","3319","3449","3398","3385","3677","3748","3413","3514","3435","3006","2567","2020","1427","951","520","215","67","9"
"Liberdade (MG)","Total","190","216","248","316","296","236","265","305","358","362","381","369","349","261","234","172","93","56","23","7","-"
"Lima Duarte (MG)","Total","899","1020","977","1041","1206","1162","1195","1151","1232","1202","1233","1245","1079","922","674","421","301","171","69","18","3"
"Limeira do Oeste (MG)","Total","560","623","521","566","634","708","662","721","706","607","565","547","446","287","217","141","102","48","20","6","-"
"Lontra (MG)","Total","598","607","618","674","664","644","627","718","643","468","474","493","413","390","300","220","127","72","28","9","3"
"Luisburgo (MG)","Total","482","514","458","532","538","496","538","565","496","425","460","374","360","240","183","119","92","61","19","1","3"
"Luislândia (MG)","Total","408","423","503","554","495","453","420","466","446","383","360","328","284","226","170","137","81","39","25","7","2"
"Luminárias (MG)","Total","290","321","310","356","387","412","356","403","388","418","419","387","359","280","208","152","84","37","15","4","-"
"Luz (MG)","Total","922","972","1011","1100","1239","1313","1328","1242","1275","1162","1292","1218","1100","927","702","493","316","178","64","18","3"
"Machacalis (MG)","Total","375","402","398","491","436","387","434","485","469","453","396","418","344","310","234","191","120","81","42","18","3"
"Machado (MG)","Total","2243","2185","2358","2625","2894","2778","2778","2833","2827","2482","2449","2362","2169","1703","1262","781","540","270","107","29","9"
"Madre de Deus de Minas (MG)","Total","278","286","321","321","397","395","371","341","382","360","343","389","331","245","170","112","75","52","16","5","1"
"Malacacheta (MG)","Total","1025","1111","1188","1265","1315","1230","1239","1207","1193","1180","1139","1058","940","747","612","461","304","188","79","25","10"
"Mamonas (MG)","Total","301","313","337","357","335","309","306","443","481","410","430","441","432","304","263","240","156","86","35","15","3"
"Manga (MG)","Total","1320","1339","1457","1642","1509","1397","1302","1329","1376","1110","1093","1041","854","710","528","381","266","144","60","19","9"
"Manhuaçu (MG)","Total","6355","6181","6276","6815","7667","7265","7236","7276","7152","5846","5511","4938","4071","3391","2417","1498","1043","573","273","91","11"
"Manhumirim (MG)","Total","1261","1286","1292","1558","1534","1493","1372","1502","1593","1372","1280","1273","1155","920","677","459","311","184","67","21","3"
"Mantena (MG)","Total","1614","1676","1670","1759","1681","1637","1721","2003","1990","1873","1833","1742","1493","1293","986","648","463","279","134","33","7"
"Maravilhas (MG)","Total","403","403","478","556","527","559","555","538","543","525","517","492","405","299","206","150","104","47","17","9","-"
"Mar de Espanha (MG)","Total","775","774","701","825","920","979","929","925","900","775","840","819","787","604","464","308","229","115","38","13","1"
"Maria da Fé (MG)","Total","882","902","906","907","1014","1009","1017","993","966","976","997","956","875","713","481","338","185","78","43","9","-"
"Mariana (MG)","Total","3808","4166","3872","4225","5040","5164","4984","5082","4990","4067","3723","3346","2979","2214","1582","953","645","336","157","49","5"
"Marilac (MG)","Total","272","256","294","319","337","301","276","294","299","265","260","265","209","189","124","110","71","52","27","3","1"
"Mário Campos (MG)","Total","1090","1173","1074","1104","1279","1320","1277","1285","1278","1066","993","897","674","553","360","227","126","84","33","6","1"
"Maripá de Minas (MG)","Total","194","186","211","196","220","249","221","232","226","245","230","225","220","172","153","77","56","49","18","6","1"
"Marliéria (MG)","Total","253","298","299","290","285","299","267","301","369","316","291","341","278","242","181","125","79","46","25","7","-"
"Marmelópolis (MG)","Total","199","206","187","183","184","233","220","227","209","233","228","277","190","152","118","72","46","27","7","2","-"
"Martinho Campos (MG)","Total","821","846","838","918","966","1012","982","982","1034","968","946","903","813","663","553","345","209","142","48","12","2"
"Martins Soares (MG)","Total","616","588","565","669","632","597","629","644","643","556","461","472","368","337","272","159","99","60","20","7","2"
"Mata Verde (MG)","Total","529","535","610","681","822","690","638","691","668","657","561","531","390","342","261","230","141","77","40","13","5"
"Materlândia (MG)","Total","229","231","268","300","255","230","234","290","267","285","264","245","246","183","148","104","99","48","28","7","2"
"Mateus Leme (MG)","Total","2471","2583","2586","2664","2800","2809","2986","3096","2966","2431","2228","2228","1876","1542","1109","676","424","235","105","24","2"
"Matias Barbosa (MG)","Total","707","790","806","877","1085","957","977","1007","1059","936","958","996","918","715","527","354","236","141","54","18","3"
"Matias Cardoso (MG)","Total","692","702","771","833","708","600","645","701","659","479","455","455","362","280","225","140","105","53","20","8","2"
"Matipó (MG)","Total","1349","1347","1346","1523","1553","1407","1358","1371","1383","1093","1070","984","860","707","452","333","218","118","63","13","4"
"Mato Verde (MG)","Total","685","731","752","770","791","805","855","912","933","838","846","744","688","548","436","314","199","104","57","25","5"
"Matozinhos (MG)","Total","2187","2477","2489","2499","2761","2861","2882","2880","3187","2672","2472","2395","1889","1411","1054","667","468","255","83","22","7"
"Matutina (MG)","Total","213","208","215","203","243","260","227","216","259","256","264","282","239","228","171","138","113","48","24","6","1"
"Medeiros (MG)","Total","235","266","237","251","288","315","314","288","282","245","275","257","196","180","105","82","50","23","7","2","2"
"Medina (MG)","Total","1296","1220","1463","1520","1478","1339","1335","1373","1445","1285","1283","1172","969","868","735","580","424","229","92","40","10"
"Mendes Pimentel (MG)","Total","294","291","339","353","298","301","298","361","427","426","480","396","353","299","258","184","143","69","25","10","1"
"Mercês (MG)","Total","462","544","624","671","714","673","725","728","762","719","702","748","648","566","413","288","202","126","49","9","-"
"Mesquita (MG)","Total","255","320","309","306","308","299","303","337","342","361","341","343","338","281","227","172","91","60","39","5","3"
"Minas Novas (MG)","Total","1400","1593","1789","2143","1900","1756","1793","1961","1917","1510","1351","1451","1147","975","683","448","342","160","60","19","7"
"Minduri (MG)","Total","183","204","229","254","260","262","242","240","269","271","264","263","246","204","159","83","61","28","18","1","-"
"Mirabela (MG)","Total","881","840","850","960","1048","1073","1042","1013","948","913","807","808","699","557","473","323","218","120","55","15","8"
"Miradouro (MG)","Total","478","468","543","608","581","612","615","640","715","604","663","613","519","494","313","203","158","85","42","11","3"
"Miraí (MG)","Total","835","733","838","873","1012","1002","920","977","955","941","908","861","812","691","545","319","210","136","47","14","4"
"Miravânia (MG)","Total","262","272","305","340","273","236","262","269","286","251","249","237","234","159","121","109","71","33","10","5","1"
"Moeda (MG)","Total","294","279","299","290","342","342","347","318","416","336","335","357","343","262","219","138","104","56","35","11","2"
"Moema (MG)","Total","405","399","458","518","571","503","547","565","615","557","525","495","407","324","271","180","120","53","25","9","1"
"Monjolos (MG)","Total","89","127","125","163","149","121","131","157","161","169","159","139","109","117","87","75","57","27","5","2","-"
"Monsenhor Paulo (MG)","Total","465","468","516","538","584","589","550","614","661","557","549","555","535","442","305","198","124","53","27","9","1"
"Montalvânia (MG)","Total","885","920","1041","1104","996","885","869","1034","1009","879","871","866","732","580","507","437","237","132","56","12","8"
"Monte Alegre de Minas (MG)","Total","1155","1292","1272","1284","1349","1334","1385","1422","1553","1377","1386","1348","1172","929","728","500","348","211","96","19","10"
"Monte Azul (MG)","Total","1121","1187","1227","1242","1138","1231","1314","1645","1581","1373","1370","1403","1292","974","825","623","431","228","92","23","8"
"Monte Belo (MG)","Total","670","679","716","803","955","970","917","948","981","917","883","885","822","659","502","337","212","118","53","17","2"
"Monte Carmelo (MG)","Total","2770","2843","2888","3126","3651","3610","3450","3473","3885","3555","3395","3047","2703","1904","1475","905","560","293","124","29","6"
"Monte Formoso (MG)","Total","286","290","347","449","386","290","250","294","333","247","243","217","196","175","130","105","71","45","20","5","2"
"Monte Santo de Minas (MG)","Total","1191","1181","1133","1267","1430","1419","1483","1512","1482","1419","1385","1392","1316","1165","846","570","389","191","93","22","4"
"Montes Claros (MG)","Total","27416","27234","26309","29400","35434","34790","34183","33860","33870","27571","24660","21734","18094","14038","10600","7078","4262","2317","1012","298","80"
"Monte Sião (MG)","Total","1312","1355","1461","1585","1644","1673","1933","1951","2039","1717","1612","1504","1430","1091","751","477","315","151","71","16","1"
"Montezuma (MG)","Total","416","450","474","589","500","442","445","535","549","450","442","385","366","268","217","154","93","70","33","5","5"
"Morada Nova de Minas (MG)","Total","529","583","555","591","627","648","634","657","636","582","677","655","535","417","300","201","130","80","25","4","1"
"Morro da Garça (MG)","Total","143","134","142","190","157","150","137","208","170","149","162","155","151","130","90","71","39","18","11","3","1"
"Morro do Pilar (MG)","Total","155","185","175","214","195","222","228","184","217","216","222","205","207","150","119","96","64","46","22","9","2"
"Munhoz (MG)","Total","465","510","463","488","548","527","525","565","540","486","484","495","481","352","243","153","71","39","16","-","-"
"Muriaé (MG)","Total","5866","6297","5954","6671","7333","7619","7910","8388","8297","6925","6758","6498","5829","4937","3645","2275","1492","898","376","121","19"
"Mutum (MG)","Total","1839","1759","1797","1934","1939","1805","1866","2095","2067","1981","1775","1665","1413","1230","949","684","438","261","106","24","8"
"Muzambinho (MG)","Total","1203","1248","1230","1341","1431","1524","1557","1571","1692","1449","1488","1480","1477","1132","846","570","327","227","78","19","1"
"Nacip Raydan (MG)","Total","132","145","168","173","152","131","153","152","171","167","183","188","129","113","88","92","61","38","16","6","1"
"Nanuque (MG)","Total","2105","2236","2387","2393","2255","2214","2291","2662","2853","2331","2211","2207","1909","1561","1221","968","644","346","172","52","20"
"Naque (MG)","Total","499","447","461","443","419","478","500","475","441","373","407","332","315","253","198","117","77","48","16","3","1"
"Natalândia (MG)","Total","230","233","240","272","294","247","264","271","283","228","230","192","195","113","83","65","57","13","6","3","1"
"Natércia (MG)","Total","202","225","261","258","271","255","288","311","351","325","355","358","359","271","243","154","108","58","29","9","-"
"Nazareno (MG)","Total","472","434","497","553","629","602","539","555","616","564","617","532","467","398","257","212","129","69","31","4","2"
"Nepomuceno (MG)","Total","1348","1528","1509","1686","1861","1669","1753","1772","2025","1645","1524","1507","1513","1379","914","632","405","223","91","28","6"
"Ninheira (MG)","Total","617","600","675","835","893","832","797","792","838","679","624","587","499","402","394","223","155","89","33","18","6"
"Nova Belém (MG)","Total","203","193","225","203","185","163","190","234","236","250","242","221","193","147","117","67","48","24","5","4","1"
"Nova Era (MG)","Total","967","1163","1087","1251","1129","1117","1210","1307","1352","1161","1144","1156","1022","834","567","410","272","175","77","35","2"
"Nova Lima (MG)","Total","6640","7271","6906","6634","7378","7627","8359","9600","10450","8428","7452","6596","6040","4534","3357","2111","1262","658","297","80","17"
"Nova Módica (MG)","Total","218","225","256","219","255","237","209","252","267","255","247","256","195","176","128","134","73","35","19","4","3"
"Nova Ponte (MG)","Total","968","1012","1078","1077","1176","1157","1167","1185","1212","1037","877","840","610","447","359","187","124","49","28","5","3"
"Nova Porteirinha (MG)","Total","466","467","485","478","525","506","519","499","543","411","411","389","294","210","210","145","87","33","22","5","1"
"Nova Resende (MG)","Total","1037","1050","1084","1097","1204","1218","1232","1183","1229","1109","1103","981","886","764","540","322","194","103","40","11","-"
"Nova Serrana (MG)","Total","8703","7911","7433","8287","10365","10820","10629","9974","8417","6071","4913","3953","2989","2119","1305","801","513","261","71","11","6"
"Novo Cruzeiro (MG)","Total","1714","1834","2216","2404","1988","1766","1856","2003","1935","1705","1556","1533","1236","1039","786","591","401","246","125","29","12"
"Novo Oriente de Minas (MG)","Total","704","704","689","808","733","710","683","683","740","651","602","545","472","462","394","305","225","102","47","13","3"
"Novorizonte (MG)","Total","292","274","333","374","303","256","295","336","350","253","269","273","244","204","161","133","126","50","33","10","2"
"Olaria (MG)","Total","86","109","117","116","124","123","114","115","158","136","158","144","125","114","92","58","37","16","2","1","-"
"Olhos-d'Água (MG)","Total","379","400","404","455","402","381","424","460","375","339","331","285","255","180","137","80","58","23","15","1","1"
"Olímpio Noronha (MG)","Total","138","145","145","147","187","146","143","173","204","180","180","156","199","156","113","68","40","23","11","1","-"
"Oliveira (MG)","Total","1977","2022","2227","2451","2756","2791","2807","2898","3098","2818","2763","2628","2392","1994","1371","960","673","396","182","46","12"
"Oliveira Fortes (MG)","Total","122","129","112","132","112","147","110","132","141","144","141","154","125","115","96","59","35","16","4","1","-"
"Onça de Pitangui (MG)","Total","174","171","178","182","203","186","185","180","237","228","251","190","192","161","86","81","52","16","13","2","1"
"Oratórios (MG)","Total","288","303","357","354","358","320","332","402","413","319","304","286","274","218","140","120","76","30","20","2","1"
"Orizânia (MG)","Total","597","622","580","644","646","640","603","637","630","553","553","451","395","306","232","147","102","56","31","11","1"
"Ouro Branco (MG)","Total","2445","2605","2479","2323","2874","2873","3274","3375","3432","2380","2224","2186","2227","1770","1093","584","318","170","70","17","5"
"Ouro Fino (MG)","Total","1647","1648","1837","1901","2114","2148","2191","2245","2439","2278","2269","2369","2071","1735","1295","918","542","302","113","26","6"
"Ouro Preto (MG)","Total","3960","4346","4369","4815","5843","5886","5786","5736","5924","5144","4967","4757","4144","3208","2391","1538","1060","583","257","94","13"
"Ouro Verde de Minas (MG)","Total","395","377","419","448","419","388","366","424","416","382","344","300","294","255","185","143","109","58","28","5","2"
"Padre Carvalho (MG)","Total","312","396","434","521","389","368","393","395","393","297","250","203","203","183","132","94","50","21","11","5","8"
"Padre Paraíso (MG)","Total","1234","1243","1213","1461","1390","1248","1180","1206","1191","1098","989","883","775","678","504","438","330","148","91","27","7"
"Paineiras (MG)","Total","180","201","225","238","204","252","214","261","279","297","354","345","344","270","212","158","109","56","16","8","1"
"Pains (MG)","Total","419","405","446","498","507","583","569","601","581","566","623","652","533","381","295","228","138","90","23","4","-"
"Pai Pedro (MG)","Total","337","359","407","453","376","395","350","422","460","323","366","331","310","207","169","127","87","44","18","8","2"
"Paiva (MG)","Total","64","82","73","74","81","93","79","104","92","112","102","123","120","91","62","52","31","23","10","6","-"
"Palma (MG)","Total","292","303","293","359","390","327","346","400","414","355","387","450","394","310","276","202","116","62","26","4","1"
"Palmópolis (MG)","Total","400","350","408","457","396","428","429","439","453","393","404","405","343","327","262","168","117","72","41","7","2"
"Papagaios (MG)","Total","856","890","927","1078","1166","1140","1072","1013","999","1004","921","859","679","496","338","221","138","88","27","7","1"
"Paracatu (MG)","Total","6547","6496","6210","6913","7808","8114","8240","7558","7333","6221","5779","4905","4054","2993","2038","1201","821","462","231","85","14"
"Pará de Minas (MG)","Total","5595","5844","5687","6253","7689","8028","7886","7711","7993","6612","6391","5844","4954","3922","2734","1838","1116","676","271","78","17"
"Paraguaçu (MG)","Total","1289","1309","1283","1345","1538","1495","1647","1655","1548","1446","1391","1399","1244","1015","838","587","378","198","86","25","7"
"Paraisópolis (MG)","Total","1055","1106","1230","1280","1451","1447","1423","1534","1575","1492","1380","1408","1224","1014","719","536","324","165","65","16","1"
"Paraopeba (MG)","Total","1418","1512","1526","1674","1884","1887","1884","1804","1758","1625","1626","1632","1269","992","677","436","276","139","64","20","4"
"Passabém (MG)","Total","74","94","78","96","75","91","101","114","103","93","107","132","108","96","77","63","49","27","17","4","1"
"Passa Quatro (MG)","Total","820","882","882","943","1071","990","1100","1074","1287","1141","1222","1054","945","828","546","354","213","104","43","16","-"
"Passa Tempo (MG)","Total","366","418","458","480","569","551","574","603","602","611","637","647","562","449","363","260","183","97","34","8","1"
"Passa Vinte (MG)","Total","108","126","131","123","128","134","141","148","166","170","171","170","166","120","87","67","38","24","8","7","-"
"Passos (MG)","Total","6632","6882","6756","7078","8546","8439","8495","8081","8435","7491","7447","7206","6258","5181","3772","2541","1537","779","280","91","12"
"Patis (MG)","Total","276","322","364","387","317","328","333","352","382","318","319","300","214","183","180","135","65","37","17","5","3"
"Patos de Minas (MG)","Total","8869","9074","8942","10181","12480","12922","12459","12168","12349","11121","11130","10042","8654","6846","4896","3262","2201","1043","449","123","24"
"Patrocínio (MG)","Total","5554","5882","5538","6001","7062","7127","7272","7002","6996","6030","5921","5368","4527","3534","2471","1622","1096","515","236","62","10"
"Patrocínio do Muriaé (MG)","Total","316","329","303","329","391","342","382","383","427","367","366","367","327","311","246","182","126","50","25","4","3"
"Paula Cândido (MG)","Total","471","450","560","586","614","589","596","614","628","573","567","578","547","426","336","204","157","98","44","18","3"
"Paulistas (MG)","Total","256","279","295","365","299","259","304","271","291","276","263","288","245","210","159","143","85","56","37","8","-"
"Pavão (MG)","Total","499","524","536","600","552","509","531","542","598","520","492","482","425","326","311","255","175","97","47","22","4"
"Peçanha (MG)","Total","996","1031","1198","1299","1382","1279","1299","1366","1311","1078","1085","1021","801","732","533","399","326","204","76","27","3"
"Pedra Azul (MG)","Total","1470","1633","1760","1821","1971","1860","1818","1781","1813","1510","1535","1342","1089","908","782","553","402","226","95","36","5"
"Pedra Bonita (MG)","Total","548","502","524","628","632","535","508","618","591","493","393","354","321","283","156","101","65","48","14","5","1"
"Pedra do Anta (MG)","Total","134","169","163","217","209","217","192","201","235","231","242","223","214","224","159","135","81","42","17","5","1"
"Pedra do Indaiá (MG)","Total","196","209","228","262","258","278","284","267","329","298","290","308","251","232","170","105","77","52","18","-","-"
"Pedra Dourada (MG)","Total","137","182","189","201","228","213","201","195","198","196","188","149","151","109","102","49","44","13","10","1","1"
"Pedralva (MG)","Total","582","605","640","680","778","734","665","689","771","729","788","785","692","564","452","268","192","88","49","9","-"
"Pedras de Maria da Cruz (MG)","Total","709","776","778","820","744","734","719","842","732","624","614","627","543","420","313","197","122","72","35","8","4"
"Pedrinópolis (MG)","Total","186","200","221","216","244","196","221","224","237","245","246","248","196","167","138","84","46","18","9","2","-"
"Pedro Leopoldo (MG)","Total","3534","3782","3626","3932","4286","4447","4872","4963","5319","4227","4096","4000","3682","2909","2052","1235","798","503","236","70","11"
"Pedro Teixeira (MG)","Total","84","75","109","117","124","112","111","117","145","161","140","140","110","88","74","56","27","12","6","2","-"
"Pequeri (MG)","Total","160","222","206","217","241","250","223","249","251","249","181","237","193","163","129","93","44","30","10","3","-"
"Pequi (MG)","Total","231","287","236","262","249","290","279","255","303","291","299","293","247","239","141","116","66","47","15","8","1"
"Perdigão (MG)","Total","916","876","888","843","981","1056","1055","1007","889","784","745","606","512","385","279","197","143","76","22","7","1"
"Perdizes (MG)","Total","1232","1219","1207","1265","1457","1371","1352","1389","1353","1094","1034","930","731","620","418","238","143","72","17","7","2"
"Perdões (MG)","Total","1204","1268","1224","1306","1503","1578","1568","1567","1652","1397","1419","1321","1264","1082","787","532","341","243","98","25","5"
"Periquito (MG)","Total","456","484","469","501","475","430","387","479","458","454","439","376","334","288","205","130","109","53","17","4","5"
"Pescador (MG)","Total","205","241","248","267","234","211","210","230","238","231","228","216","215","177","137","121","80","47","24","4","6"
"Piau (MG)","Total","119","150","172","141","146","151","180","181","205","201","222","206","200","173","131","94","74","30","19","1","-"
"Piedade de Caratinga (MG)","Total","587","559","597","659","692","617","593","629","659","629","558","503","357","330","236","144","102","49","21","5","3"
"Piedade de Ponte Nova (MG)","Total","265","244","277","297","283","319","297","261","303","254","236","256","191","169","113","90","67","27","23","4","-"
"Piedade do Rio Grande (MG)","Total","251","241","239","250","294","277","299","256","335","305","351","372","328","290","198","129","102","52","26","7","2"
"Piedade dos Gerais (MG)","Total","227","270","274","324","300","323","312","315","388","389","385","384","328","273","211","147","98","46","18","6","1"
"Pimenta (MG)","Total","393","407","492","507","615","575","604","633","663","687","660","633","545","467","285","172","127","64","27","6","1"
"Pingo-d'Água (MG)","Total","302","309","343","368","288","285","297","360","381","332","303","279","259","210","160","115","68","35","6","4","2"
"Pintópolis (MG)","Total","488","514","557","682","502","427","483","574","476","384","386","339","332","301","248","179","112","57","37","4","2"
"Piracema (MG)","Total","314","330","355","394","452","447","449","442","486","477","551","499","473","378","258","183","114","62","31","4","1"
"Pirajuba (MG)","Total","365","394","378","411","362","437","444","513","454","388","305","314","220","217","131","92","52","37","18","4","1"
"Piranga (MG)","Total","897","922","1135","1221","1298","1242","1134","1122","1186","1134","1153","1115","1013","809","598","426","319","167","90","31","6"
"Piranguçu (MG)","Total","313","340","417","353","385","387","398","427","497","397","415","438","396","350","219","136","91","46","30","4","2"
"Piranguinho (MG)","Total","573","585","560","602","570","611","679","708","714","623","648","567","530","439","261","196","141","83","23","5","2"
"Pirapetinga (MG)","Total","655","675","652","663","772","798","759","832","876","792","747","705","647","542","416","270","146","84","32","11","3"
"Pirapora (MG)","Total","3716","4050","3920","4018","3856","4110","4278","4484","4599","3580","3401","3078","2645","2209","1538","942","634","330","161","47","10"
"Piraúba (MG)","Total","569","647","700","770","729","732","806","880","867","778","828","822","712","598","464","313","207","126","50","12","-"
"Pitangui (MG)","Total","1618","1652","1638","1924","2068","2119","1920","1965","2061","1771","1809","1644","1365","1104","806","552","353","196","78","34","8"
"Piumhi (MG)","Total","2037","2046","1920","2368","2641","2784","2716","2817","2848","2458","2301","2238","2154","1664","1219","828","552","304","122","41","4"
"Planura (MG)","Total","707","761","849","780","824","786","857","906","833","755","666","693","538","448","322","208","114","62","25","11","-"
"Poço Fundo (MG)","Total","774","850","949","1019","1124","1020","1093","1200","1215","1137","1176","1201","1061","886","725","459","274","158","55","13","1"
"Poços de Caldas (MG)","Total","8332","9045","9362","9620","11981","12543","12217","12772","13497","11272","10744","9964","9400","8125","6149","4076","2612","1322","533","153","23"
"Pocrane (MG)","Total","463","468","476","517","446","458","499","614","607","576","567","615","525","463","384","272","208","115","60","16","1"
"Pompéu (MG)","Total","2045","2065","2071","2273","2375","2391","2370","2321","2283","1886","2037","1877","1622","1185","909","612","389","221","89","23","3"
"Ponte Nova (MG)","Total","3003","3170","3215","3780","4006","4251","4242","4346","4681","3978","3808","3889","3424","2831","2070","1344","855","548","247","82","6"
"Ponto Chique (MG)","Total","255","299","289","285","233","257","306","322","288","233","222","179","158","143","117","71","51","25","11","1","2"
"Ponto dos Volantes (MG)","Total","682","756","888","1006","835","683","653","759","724","695","651","579","490","406","366","289","225","126","57","9","4"
"Porteirinha (MG)","Total","2206","2316","2473","2530","2504","2748","2594","3101","2990","2435","2406","2294","1983","1521","1347","886","572","301","155","62","14"
"Porto Firme (MG)","Total","516","497","655","681","812","711","626","761","858","713","677","694","714","584","385","287","210","121","50","12","5"
"Poté (MG)","Total","809","821","903","1072","929","812","756","965","1034","956","921","812","759","625","508","369","301","176","104","29","5"
"Pouso Alegre (MG)","Total","8912","9313","8906","9363","11471","12538","12785","12945","12433","10318","9726","8793","7756","6320","4486","2823","1784","988","433","100","24"
"Pouso Alto (MG)","Total","332","353","366","350","357","471","455","459","432","446","537","508","500","370","257","162","115","72","17","6","1"
"Prados (MG)","Total","437","497","553","635","672","615","623","661","713","686","629","626","552","424","292","186","151","58","28","8","2"
"Prata (MG)","Total","1739","1920","1913","1956","2048","2135","2223","2118","2177","1907","1957","1715","1409","1090","873","552","338","161","84","24","3"
"Pratápolis (MG)","Total","394","435","446","494","571","545","533","509","574","579","555","615","594","575","403","264","170","93","49","8","-"
"Pratinha (MG)","Total","229","217","202","218","262","222","254","252","294","238","248","244","211","166","139","67","53","27","15","1","-"
"Presidente Bernardes (MG)","Total","202","224","290","352","321","283","261","296","336","380","364","374","336","277","194","152","113","63","27","3","2"
"Presidente Juscelino (MG)","Total","176","182","199","241","188","219","225","228","266","252","266","251","214","185","133","107","66","50","14","-","3"
"Presidente Kubitschek (MG)","Total","186","216","268","270","225","227","235","227","230","177","176","142","121","113","89","65","57","28","14","4","1"
"Presidente Olegário (MG)","Total","1016","1071","1179","1271","1280","1324","1254","1333","1434","1417","1422","1270","1021","880","643","446","279","144","64","14","3"
"Alto Jequitibá (MG)","Total","503","477","503","557","600","554","573","643","650","566","519","573","484","461","292","163","138","85","41","13","2"
"Prudente de Morais (MG)","Total","748","791","774","792","855","900","976","936","890","777","681","678","567","419","278","195","117","60","23","7","2"
"Quartel Geral (MG)","Total","140","168","195","205","211","222","204","198","205","194","206","243","224","205","147","110","57","26","15","4","-"
"Queluzito (MG)","Total","82","88","78","97","99","117","96","96","112","150","154","143","141","114","87","70","27","10","8","-","1"
"Raposos (MG)","Total","934","1018","1037","1033","1176","1313","1229","1199","1430","1154","1091","963","914","686","503","302","155","95","40","6","1"
"Raul Soares (MG)","Total","1199","1305","1355","1551","1459","1479","1507","1614","1695","1630","1682","1622","1546","1203","951","648","484","293","149","40","11"
"Recreio (MG)","Total","462","487","512","627","751","638","761","690","887","748","838","783","777","690","553","343","254","125","64","12","5"
"Reduto (MG)","Total","585","522","555","564","600","596","594","641","603","485","482","449","385","275","209","136","83","56","18","8","2"
"Resende Costa (MG)","Total","497","643","658","722","786","780","799","772","785","757","815","825","736","622","398","300","190","95","44","6","-"
"Resplendor (MG)","Total","1054","1108","1080","1110","1151","1124","1054","1171","1220","1194","1139","1142","1000","835","722","508","332","171","85","22","4"
"Ressaquinha (MG)","Total","235","255","284","269","319","312","315","310","303","357","354","337","263","227","154","124","76","35","17","2","-"
"Riachinho (MG)","Total","433","446","482","487","497","473","423","481","498","496","430","458","383","316","233","145","100","48","25","9","-"
"Riacho dos Machados (MG)","Total","616","580","663","750","691","702","670","683","607","442","508","483","391","312","269","181","101","66","24","13","4"
"Ribeirão das Neves (MG)","Total","21248","23364","22606","23929","28131","27485","26797","27123","28226","22817","19666","16438","14261","11428","7460","4376","2535","1226","504","138","36"
"Ribeirão Vermelho (MG)","Total","227","241","224","247","256","258","297","334","291","263","244","268","305","232","155","96","71","39","27","5","-"
"Rio Acima (MG)","Total","601","626","631","622","840","777","789","809","845","724","678","633","544","450","281","197","120","69","18","7","-"
"Rio Casca (MG)","Total","699","747","767","881","874","815","796","924","1027","859","780","844","800","670","502","326","236","138","80","22","2"
"Rio Doce (MG)","Total","124","100","120","152","179","174","196","175","176","158","161","185","190","143","90","70","43","28","12","7","1"
"Rio do Prado (MG)","Total","263","289","322","316","289","281","303","330","321","344","338","275","278","193","170","141","82","52","41","9","2"
"Rio Espera (MG)","Total","237","228","277","367","389","306","295","282","378","430","457","461","337","288","243","197","132","84","33","7","1"
"Rio Manso (MG)","Total","260","280","277","308","367","338","341","381","427","431","384","423","399","350","268","158","97","54","21","4","-"
"Rio Novo (MG)","Total","470","472","451","578","540","562","571","576","599","533","596","674","541","423","374","244","169","93","32","18","2"
"Rio Paranaíba (MG)","Total","884","880","883","1019","1212","1199","1164","1247","1229","1040","868","791","657","548","354","254","171","82","35","11","4"
"Rio Pardo de Minas (MG)","Total","1866","1913","1933","2260","2285","2240","2066","2188","2136","1775","1669","1553","1302","1020","805","582","356","195","87","32","8"
"Rio Piracicaba (MG)","Total","756","864","887","966","941","970","959","993","1083","1029","1042","1024","945","749","561","405","251","126","57","18","5"
"Rio Pomba (MG)","Total","938","1009","962","968","1207","1296","1324","1301","1247","1145","1189","1154","1016","861","673","459","353","212","89","31","9"
"Rio Preto (MG)","Total","245","238","300","339","350","305","315","315","375","352","425","383","345","291","191","163","101","64","32","8","4"
"Rio Vermelho (MG)","Total","664","751","921","1032","1020","864","804","834","814","857","782","804","694","548","458","311","257","144","62","17","3"
"Ritápolis (MG)","Total","211","250","261","271","273","331","313","312","362","368","381","392","368","313","237","161","104","54","24","7","1"
"Rochedo de Minas (MG)","Total","132","144","153","134","170","175","177","159","141","152","152","139","145","109","78","59","44","19","6","2","1"
"Rodeiro (MG)","Total","552","610","589","577","695","752","715","668","645","590","546","487","387","295","216","155","101","60","21","3","-"
"Romaria (MG)","Total","203","212","215","202","213","234","235","235","254","244","246","243","208","152","131","66","58","24","9","1","1"
"Rosário da Limeira (MG)","Total","272","257","253","324","311","350","328","362","359","314","334","334","257","246","169","124","73","34","25","7","1"
"Rubelita (MG)","Total","271","292","414","459","359","303","288","366","422","380","389","394","346","321","262","184","114","75","25","13","2"
"Rubim (MG)","Total","559","546","633","736","787","799","784","706","724","713","707","654","521","371","371","273","216","121","58","14","5"
"Sabará (MG)","Total","7579","8324","8286","8662","9867","9603","9677","9951","10805","9123","8456","8010","6884","5217","3715","2318","1544","820","406","111","22"
"Sabinópolis (MG)","Total","767","899","963","1066","1004","923","978","985","964","912","891","913","867","604","531","396","267","182","86","31","11"
"Sacramento (MG)","Total","1609","1747","1630","1690","1939","2132","2070","2146","2097","1837","1580","1643","1363","1112","801","581","366","191","101","30","5"
"Salinas (MG)","Total","2308","2452","2512","2829","2931","2840","2909","3099","3193","2643","2467","2296","1998","1735","1427","1077","764","444","182","52","20"
"Salto da Divisa (MG)","Total","339","445","481","510","431","392","365","473","418","371","369","352","352","233","222","125","119","64","30","15","4"
"Santa Bárbara (MG)","Total","1840","2066","2031","1968","2138","2284","2443","2537","2542","2158","1872","1811","1571","1200","841","504","355","186","88","24","7"
"Santa Bárbara do Leste (MG)","Total","568","531","519","620","581","607","610","657","643","599","537","526","431","345","252","190","134","70","34","3","1"
"Santa Bárbara do Monte Verde (MG)","Total","190","208","213","227","189","175","177","222","222","235","221","199","172","164","119","78","49","19","11","4","1"
"Santa Bárbara do Tugúrio (MG)","Total","216","218","258","253","291","299","288","257","337","291","309","290","266","227","175","130","52","30","17","3","1"
"Santa Cruz de Minas (MG)","Total","465","509","501","532","617","655","570","592","652","619","589","506","461","359","218","126","79","41","13","3","2"
"Santa Cruz de Salinas (MG)","Total","208","209","265","344","274","226","218","257","287","264","228","225","231","195","170","128","88","58","22","12","1"
"Santa Cruz do Escalvado (MG)","Total","234","232","244","299","281","287","270","315","363","357","340","310","306","290","179","153","112","62","25","13","1"
"Santa Efigênia de Minas (MG)","Total","229","281","281","308","253","226","274","260","284","276","265","237","216","210","169","131","84","32","16","7","-"
"Santa Fé de Minas (MG)","Total","244","267","243","288","239","261","229","229","240","212","216","230","209","154","104","57","53","30","15","2","-"
"Santa Helena de Minas (MG)","Total","459","548","524","514","409","357","377","410","413","330","302","303","272","218","185","137","103","40","28","7","2"
"Santa Juliana (MG)","Total","1184","1104","1127","1219","1441","1417","1406","1369","1193","944","834","742","604","441","321","222","91","51","16","7","1"
"Santa Luzia (MG)","Total","13585","14949","14145","15233","17499","17382","17160","17676","18814","15589","13819","11717","10283","8191","5734","3509","2189","1060","442","138","18"
"Santa Margarida (MG)","Total","1182","1158","1180","1320","1297","1231","1125","1272","1261","1061","1004","840","777","614","450","276","184","109","49","4","1"
"Santa Maria de Itabira (MG)","Total","656","719","633","764","811","834","766","713","729","692","656","628","554","432","328","215","173","105","59","16","2"
"Santa Maria do Salto (MG)","Total","283","288","314","362","263","265","307","340","352","286","287","317","315","228","211","128","104","58","25","13","9"
"Santa Maria do Suaçuí (MG)","Total","748","808","901","994","970","877","917","915","880","808","779","746","704","532","448","306","241","127","65","18","4"
"Santana da Vargem (MG)","Total","352","357","388","453","524","463","442","479","508","495","502","420","398","337","243","178","79","48","20","4","1"
"Santana de Cataguases (MG)","Total","161","161","225","212","209","217","206","223","246","245","265","242","274","201","158","107","69","46","18","4","-"
"Santana de Pirapama (MG)","Total","316","334","374","459","399","388","406","448","530","553","528","503","483","419","337","234","180","96","30","12","1"
"Santana do Deserto (MG)","Total","187","267","222","228","256","272","243","243","272","240","244","266","244","186","158","101","64","33","19","2","-"
"Santana do Garambéu (MG)","Total","104","120","115","173","137","132","138","169","168","154","139","132","123","104","96","79","27","17","6","1","3"
"Santana do Jacaré (MG)","Total","222","220","195","258","307","268","270","285","314","323","306","290","271","243","163","121","86","47","19","6","-"
"Santana do Manhuaçu (MG)","Total","690","572","562","718","669","629","642","654","649","618","563","532","439","371","265","188","117","67","34","7","1"
"Santana do Paraíso (MG)","Total","3421","3118","2803","2679","3237","3574","4349","4354","4211","3134","2693","2137","1747","1411","848","490","295","190","88","18","3"
"Santana do Riacho (MG)","Total","292","329","313","326","374","359","421","446","445","389","319","322","304","253","188","114","53","35","20","8","3"
"Santana dos Montes (MG)","Total","156","196","190","249","227","223","194","193","220","267","276","280","221","199","135","115","75","35","12","6","-"
"Santa Rita de Caldas (MG)","Total","394","397","477","438","525","494","520","607","630","630","607","624","595","523","434","296","142","92","28","7","-"
"Santa Rita de Jacutinga (MG)","Total","231","274","266","269","290","305","270","306","346","325","312","368","349","278","204","168","106","49","32","5","2"
"Santa Rita de Minas (MG)","Total","457","460","436","467","466","493","479","493","519","493","433","388","354","286","210","147","96","61","27","5","3"
"Santa Rita de Ibitipoca (MG)","Total","169","190","193","217","218","203","198","199","234","264","251","247","207","179","128","84","68","36","12","3","1"
"Santa Rita do Itueto (MG)","Total","405","364","363","400","381","375","373","418","468","422","391","343","321","280","205","155","84","51","21","5","1"
"Santa Rita do Sapucaí (MG)","Total","2322","2525","2431","2708","3068","3113","3170","3240","3245","2864","2670","2473","2097","1700","1238","853","486","260","128","40","4"
"Santa Rosa da Serra (MG)","Total","215","201","227","253","264","208","225","223","257","211","232","226","184","159","120","94","45","20","12","3","3"
"Santa Vitória (MG)","Total","1217","1323","1314","1331","1296","1331","1445","1603","1661","1598","1567","1399","1158","909","698","534","321","173","79","12","4"
"Santo Antônio do Amparo (MG)","Total","998","996","1111","1188","1293","1291","1258","1313","1353","1113","1024","1052","1009","860","594","374","256","126","57","16","3"
"Santo Antônio do Aventureiro (MG)","Total","197","188","219","214","265","262","229","258","259","257","284","267","245","205","168","105","68","46","28","5","-"
"Santo Antônio do Grama (MG)","Total","256","294","255","252","276","312","296","306","306","278","292","261","236","173","161","95","105","48","21","6","-"
"Santo Antônio do Itambé (MG)","Total","187","216","284","363","296","283","311","295","263","249","233","197","200","183","144","78","70","39","15","9","-"
"Santo Antônio do Jacinto (MG)","Total","603","682","744","819","636","594","620","762","747","679","630","639","580","459","438","294","204","109","65","18","5"
"Santo Antônio do Monte (MG)","Total","1637","1692","1714","1792","2141","2055","2164","1964","2128","1809","1731","1668","1521","1170","838","545","362","230","106","24","4"
"Santo Antônio do Retiro (MG)","Total","454","410","526","577","447","409","454","529","529","408","377","354","326","287","209","149","87","65","21","7","4"
"Santo Antônio do Rio Abaixo (MG)","Total","81","93","126","140","116","99","113","130","138","117","131","146","118","100","59","47","22","19","12","1","-"
"Santo Hipólito (MG)","Total","139","133","159","182","152","150","161","189","198","147","176","224","224","175","107","86","65","33","15","2","-"
"Santos Dumont (MG)","Total","2135","2334","2475","2646","2903","2952","2910","2919","3161","2763","2938","3246","2828","2223","1560","1085","699","391","178","49","11"
"São Bento Abade (MG)","Total","345","327","310","412","368","360","342","355","342","299","298","275","210","179","111","77","58","31","10","4","-"
"São Brás do Suaçuí (MG)","Total","180","245","239","248","238","289","291","292","311","283","266","298","256","186","139","101","69","32","20","6","-"
"São Domingos das Dores (MG)","Total","383","373","395","438","430","345","396","469","460","393","337","360","269","213","133","92","75","38","20","6","1"
"São Domingos do Prata (MG)","Total","835","960","983","1106","1009","1017","1053","1165","1299","1138","1209","1318","1193","1043","728","581","397","213","99","40","6"
"São Félix de Minas (MG)","Total","176","183","192","231","205","200","166","247","221","246","241","236","190","130","117","94","66","30","18","5","6"
"São Francisco (MG)","Total","3830","4075","4098","4565","4580","3962","3853","3869","3642","3001","2824","2580","2295","1871","1470","1018","646","361","175","39","8"
"São Francisco de Paula (MG)","Total","312","324","332","336","462","385","456","451","540","492","387","396","394","325","228","157","103","58","39","10","-"
"São Francisco de Sales (MG)","Total","303","400","390","337","369","380","394","476","486","406","431","388","354","255","146","101","66","30","17","2","1"
"São Francisco do Glória (MG)","Total","258","261","284","321","354","301","314","299","365","338","347","322","316","244","187","127","96","39","21","4","2"
"São Geraldo (MG)","Total","617","589","623","691","708","790","762","801","735","693","684","673","538","480","354","238","153","98","37","16","2"
"São Geraldo da Piedade (MG)","Total","154","202","242","254","170","168","175","231","264","248","183","251","202","179","145","98","69","53","16","1","-"
"São Geraldo do Baixio (MG)","Total","181","190","220","197","191","159","206","206","212","212","248","257","206","156","115","74","58","29","17","8","1"
"São Gonçalo do Abaeté (MG)","Total","477","521","532","613","534","531","549","517","557","486","450","440","381","302","190","141","87","37","22","7","1"
"São Gonçalo do Pará (MG)","Total","691","735","747","798","786","805","837","843","958","794","766","767","678","537","386","279","204","109","38","9","3"
"São Gonçalo do Rio Abaixo (MG)","Total","741","785","828","794","920","867","939","930","1055","767","724","634","599","439","311","240","143","78","42","14","-"
"São Gonçalo do Sapucaí (MG)","Total","1553","1581","1525","1648","1716","1744","1711","1723","1773","1495","1580","1488","1359","1108","799","527","352","175","86","16","-"
"São Gotardo (MG)","Total","2903","2778","2633","3008","3984","3789","3514","3421","3140","2441","2263","1968","1622","1245","882","606","379","200","98","27","9"
"São João Batista do Glória (MG)","Total","431","455","433","447","532","580","530","571","601","556","555","448","439","384","318","188","107","49","17","6","5"
"São João da Lagoa (MG)","Total","369","303","296","318","315","304","330","389","348","309","311","327","296","236","160","89","57","47","14","4","-"
"São João da Mata (MG)","Total","152","146","170","186","163","194","210","192","230","206","225","214","199","174","101","90","34","21","6","1","-"
"São João da Ponte (MG)","Total","1539","1541","1617","1830","1780","1645","1679","1909","1854","1467","1438","1396","1208","1022","804","549","346","191","90","16","9"
"São João das Missões (MG)","Total","1247","1218","1305","1374","1288","1077","940","957","819","570","507","447","375","284","242","173","113","54","14","14","6"
"São João del Rei (MG)","Total","4366","4677","4611","5202","6594","6730","6838","6585","7159","6456","6319","6445","5795","4608","3222","2082","1373","743","330","73","17"
"São João do Manhuaçu (MG)","Total","869","852","832","870","915","887","884","862","847","688","646","610","482","382","245","159","117","69","21","6","3"
"São João do Manteninha (MG)","Total","323","326","330","385","346","351","347","376","390","390","380","369","285","231","175","142","94","53","29","8","1"
"São João do Oriente (MG)","Total","422","386","418","462","409","420","481","438","506","531","515","509","442","379","293","187","161","69","26","15","1"
"São João do Pacuí (MG)","Total","233","265","303","291","227","247","271","330","327","256","223","235","191","181","151","104","72","42","19","4","-"
"São João do Paraíso (MG)","Total","1458","1506","1523","1847","1909","1901","1849","1911","1847","1520","1382","1231","1170","867","784","534","343","197","103","22","6"
"São João Evangelista (MG)","Total","1005","932","1039","1074","1124","1101","1031","1004","1099","979","972","939","824","690","544","377","316","162","74","24","5"
"São João Nepomuceno (MG)","Total","1500","1513","1417","1615","1647","1745","1744","1827","1822","1677","1679","1858","1683","1340","996","654","428","259","126","32","3"
"São Joaquim de Bicas (MG)","Total","2222","2362","2394","2447","2959","3284","2981","2888","2891","2179","1913","1624","1414","1039","785","466","292","136","53","17","2"
"São José da Barra (MG)","Total","523","521","558","500","491","531","534","564","584","515","570","498","457","370","256","168","88","43","15","7","-"
"São José da Lapa (MG)","Total","1636","1805","1631","1727","2044","2016","2161","2160","2263","1819","1678","1411","1242","980","645","389","266","138","57","19","3"
"São José da Safira (MG)","Total","272","255","295","345","284","266","262","286","255","275","247","205","154","147","101","62","49","33","9","4","-"
"São José da Varginha (MG)","Total","236","317","310","326","335","312","350","319","342","308","317","300","226","202","128","99","53","40","12","4","-"
"São José do Alegre (MG)","Total","247","250","247","241","298","276","285","284","267","261","307","297","265","217","161","119","64","38","7","2","-"
"São José do Divino (MG)","Total","199","239","251","231","241","225","204","247","251","223","233","220","207","163","126","88","60","34","14","5","3"
"São José do Goiabal (MG)","Total","257","307","344","347","315","323","332","372","398","350","398","415","387","279","226","148","97","66","22","11","2"
"São José do Jacuri (MG)","Total","364","371","434","518","432","400","430","441","407","405","417","412","309","245","232","162","116","70","27","5","-"
"São José do Mantimento (MG)","Total","176","197","161","163","219","178","187","212","194","183","168","184","161","104","103","74","45","29","9","5","1"
"São Lourenço (MG)","Total","2261","2497","2607","2738","2969","3074","3038","3465","3712","3067","2845","2953","2771","2356","1741","1214","807","421","208","45","9"
"São Miguel do Anta (MG)","Total","288","347","385","444","402","409","405","427","486","440","414","449","440","356","234","157","121","72","45","10","3"
"São Pedro da União (MG)","Total","262","282","256","273","288","329","356","401","335","334","311","339","336","259","221","147","85","51","16","4","-"
"São Pedro dos Ferros (MG)","Total","405","393","425","522","483","415","447","492","526","436","464","492","473","396","302","196","145","93","50","9","2"
"São Pedro do Suaçuí (MG)","Total","273","308","309","388","335","338","350","338","357","327","339","305","285","235","223","179","112","59","34","8","1"
"São Romão (MG)","Total","679","716","768","855","935","908","839","752","675","648","575","514","433","375","264","153","118","65","28","14","1"
"São Roque de Minas (MG)","Total","388","349","422","453","494","525","516","559","560","514","518","481","393","342","251","177","109","52","20","4","2"
"São Sebastião da Bela Vista (MG)","Total","429","458","429","409","452","440","459","474","515","399","399","369","358","297","228","140","76","33","19","4","-"
"São Sebastião da Vargem Alegre (MG)","Total","164","176","210","208","204","218","225","225","244","222","217","230","166","155","106","64","44","23","7","5","-"
"São Sebastião do Anta (MG)","Total","424","405","472","470","448","412","426","481","467","473","374","352","283","248","168","131","76","49","27","3","5"
"São Sebastião do Maranhão (MG)","Total","577","568","667","862","834","632","631","734","745","629","625","627","508","433","385","249","183","125","51","9","5"
"São Sebastião do Oeste (MG)","Total","712","590","589","617","860","816","764","646","600","428","457","440","386","336","227","165","102","54","21","2","3"
"São Sebastião do Paraíso (MG)","Total","4291","4301","4309","4542","5322","5483","5461","5387","5525","4744","4635","4316","4050","3283","2453","1687","1132","570","238","60","7"
"São Sebastião do Rio Preto (MG)","Total","50","78","74","92","78","68","69","71","97","88","87","91","80","76","55","41","32","19","10","3","-"
"São Sebastião do Rio Verde (MG)","Total","120","130","124","128","134","133","156","151","190","156","160","183","176","125","99","59","33","25","12","6","-"
"São Tiago (MG)","Total","641","645","669","712","811","782","812","789","845","755","713","726","682","530","420","305","207","89","45","14","-"
"São Tomás de Aquino (MG)","Total","415","379","451","490","501","457","470","460","519","430","386","374","397","298","278","201","142","66","20","6","-"
"São Tomé das Letras (MG)","Total","402","429","365","429","488","534","532","496","551","511","524","508","444","287","190","105","60","31","14","4","-"
"São Vicente de Minas (MG)","Total","373","398","414","456","525","481","450","428","513","459","442","482","415","350","256","162","106","58","29","5","2"
"Sapucaí-Mirim (MG)","Total","378","400","416","433","453","440","437","491","475","428","384","414","361","296","227","141","80","36","18","3","-"
"Sardoá (MG)","Total","312","303","335","365","422","331","329","337","387","356","322","333","295","211","165","118","125","40","13","2","3"
"Sarzedo (MG)","Total","2372","2742","2472","2532","2969","2885","3091","3178","3400","2712","2505","1913","1499","1020","725","401","225","135","55","8","5"
"Setubinha (MG)","Total","721","804","954","1151","797","654","661","711","607","531","450","431","402","352","256","209","114","76","28","6","2"
"Sem-Peixe (MG)","Total","90","101","137","146","114","130","134","148","172","160","175","204","183","142","120","117","89","51","14","5","1"
"Senador Amaral (MG)","Total","460","433","455","506","528","499","476","493","475","399","373","344","267","192","141","86","47","18","10","4","-"
"Senador Cortes (MG)","Total","128","178","165","165","169","166","146","149","164","139","146","128","127","101","69","47","32","11","7","3","-"
"Senador Firmino (MG)","Total","393","458","493","495","509","551","536","545","515","475","523","560","463","372","311","221","161","92","30","13","-"
"Senador José Bento (MG)","Total","83","79","103","120","106","115","107","134","132","145","174","192","143","164","97","79","55","30","7","2","1"
"Senador Modestino Gonçalves (MG)","Total","190","219","265","301","256","234","257","278","310","275","286","297","219","186","147","126","97","38","21","6","-"
"Senhora de Oliveira (MG)","Total","230","258","338","355","395","339","376","398","416","392","453","383","364","244","189","121","123","70","33","5","1"
"Senhora do Porto (MG)","Total","165","207","228","258","186","169","186","186","233","211","184","197","155","145","105","99","71","65","9","4","4"
"Senhora dos Remédios (MG)","Total","535","520","535","704","759","708","725","668","838","737","814","739","585","502","413","290","181","83","42","3","3"
"Sericita (MG)","Total","458","463","492","558","611","510","528","578","573","545","460","420","339","283","225","140","85","51","19","6","1"
"Seritinga (MG)","Total","100","98","89","109","110","144","132","119","132","120","128","138","120","103","73","46","29","22","6","-","1"
"Serra Azul de Minas (MG)","Total","225","263","265","329","342","299","284","276","237","223","205","224","177","148","101","74","74","30","12","4","-"
"Serra da Saudade (MG)","Total","29","52","38","47","42","48","48","70","60","57","64","73","63","51","44","22","12","8","3","2","-"
"Serra dos Aimorés (MG)","Total","453","438","539","594","483","369","451","484","510","444","473","413","367","288","215","176","122","84","29","9","3"
"Serra do Salitre (MG)","Total","860","893","795","899","940","1004","996","928","873","836","739","620","507","370","257","133","89","41","17","4","-"
"Serrania (MG)","Total","445","433","481","567","567","565","548","545","553","499","502","482","441","349","264","177","104","70","23","6","-"
"Serranópolis de Minas (MG)","Total","237","271","311","317","297","319","281","346","354","262","272","258","274","176","172","122","73","34","17","4","2"
"Serranos (MG)","Total","113","100","113","112","145","119","141","143","167","126","125","174","121","90","81","58","32","23","6","1","-"
"Serro (MG)","Total","1340","1300","1381","1794","1939","1737","1837","1710","1547","1258","1269","1214","1115","857","565","437","319","186","100","35","12"
"Sete Lagoas (MG)","Total","12561","13241","12945","14817","17054","17680","18301","18701","18670","15709","15178","14231","12423","9627","6617","4397","2775","1616","623","202","29"
"Silveirânia (MG)","Total","144","125","123","139","148","137","158","180","156","150","154","185","177","105","80","68","51","30","11","1","1"
"Silvianópolis (MG)","Total","324","342","337","369","386","379","402","421","405","420","422","424","419","352","332","207","146","61","19","9","3"
"Simão Pereira (MG)","Total","168","157","143","196","186","181","215","181","214","211","188","211","219","177","117","85","53","31","12","2","-"
"Simonésia (MG)","Total","1532","1356","1394","1471","1532","1432","1400","1553","1611","1343","1150","1033","872","729","521","376","240","135","52","14","4"
"Sobrália (MG)","Total","290","283","330","355","314","315","305","292","383","347","351","371","369","269","219","144","88","62","35","14","1"
"Soledade de Minas (MG)","Total","275","345","365","359","330","345","369","396","450","386","387","376","368","315","226","160","84","56","16","5","-"
"Tabuleiro (MG)","Total","193","212","221","245","228","266","254","289","281","229","295","278","302","227","181","124","112","52","22","2","1"
"Taiobeiras (MG)","Total","2119","2161","2197","2367","2562","2562","2436","2618","2536","2196","2017","1692","1587","1247","1012","714","481","320","170","43","13"
"Taparuba (MG)","Total","160","216","254","226","164","176","223","225","255","224","208","239","208","195","150","116","77","47","20","4","-"
"Tapira (MG)","Total","278","299","310","262","252","291","294","313","317","262","256","255","254","210","120","74","42","19","7","2","1"
"Tapiraí (MG)","Total","101","96","79","118","118","90","96","110","105","100","128","145","125","101","73","45","34","20","4","1","1"
"Taquaraçu de Minas (MG)","Total","215","251","281","246","225","243","281","264","307","309","297","293","317","274","169","125","73","34","14","4","2"
"Tarumirim (MG)","Total","809","951","948","968","1020","969","960","984","974","971","940","969","895","744","610","454","284","155","78","20","6"
"Teixeiras (MG)","Total","604","667","675","729","770","879","841","801","908","855","880","844","787","706","471","336","239","170","72","21","-"
"Teófilo Otoni (MG)","Total","8290","8476","8951","9660","10671","10014","9912","10225","10609","9425","8693","8110","6903","5719","4292","3061","2151","1359","617","226","54"
"Timóteo (MG)","Total","4657","4871","4928","5288","5560","5708","5907","6115","6521","5338","5707","5890","4980","3697","2557","1667","1149","669","278","78","14"
"Tiradentes (MG)","Total","400","484","429","460","546","543","549","608","639","590","524","537","488","396","230","155","95","41","26","2","2"
"Tiros (MG)","Total","487","426","459","490","546","509","531","539","602","559","537","522","471","436","287","228","135","62","45","8","4"
"Tocantins (MG)","Total","872","929","920","1021","1087","1169","1136","1185","1273","1169","1146","1080","965","699","621","412","258","164","66","12","1"
"Tocos do Moji (MG)","Total","151","182","166","166","220","215","238","286","278","309","294","329","324","221","197","114","74","36","22","4","-"
"Toledo (MG)","Total","443","466","431","443","505","567","508","519","532","469","467","429","445","364","257","190","112","38","28","1","-"
"Tombos (MG)","Total","419","506","537","518","547","527","572","639","598","541","534","579","553","529","376","250","184","121","54","22","3"
"Três Corações (MG)","Total","4714","4789","4724","4976","5855","5869","5649","5862","5985","4929","4679","4455","4112","3386","2291","1525","937","497","187","53","11"
"Três Marias (MG)","Total","1745","1827","1871","2012","1963","2008","1982","2244","2364","2074","1971","1861","1623","1295","921","545","349","158","61","19","2"
"Três Pontas (MG)","Total","3268","3377","3439","3624","4337","4129","3946","4044","4353","3788","3608","3287","3236","2615","1770","1138","711","383","162","32","8"
"Tumiritinga (MG)","Total","354","375","468","451","440","407","388","388","397","397","378","367","327","248","170","157","102","42","22","8","-"
"Tupaciguara (MG)","Total","1412","1496","1616","1620","1664","1754","1878","1821","1883","1759","1812","1709","1429","1134","987","647","447","257","113","26","6"
"Turmalina (MG)","Total","1257","1244","1338","1452","1638","1671","1736","1752","1519","1231","1066","1053","914","690","560","343","279","161","74","20","2"
"Turvolândia (MG)","Total","328","301","313","346","348","352","338","354","355","340","308","302","283","232","171","120","90","40","9","5","-"
"Ubá (MG)","Total","6101","6196","6336","6630","7899","7959","8154","8419","8245","7026","6742","6474","5515","4260","3054","1990","1240","699","328","92","6"
"Ubaí (MG)","Total","749","778","851","1053","994","930","871","981","850","717","638","539","473","413","350","214","167","86","36","12","6"
"Ubaporanga (MG)","Total","821","870","847","946","827","858","893","958","915","877","880","841","778","613","448","279","190","116","37","19","4"
"Uberaba (MG)","Total","19283","21065","20830","21713","25500","26461","26777","27260","27303","22400","20862","19970","18266","14262","10538","6918","4465","2523","1076","315","49"
"Uberlândia (MG)","Total","41275","45240","43944","47409","57203","60249","59398","58657","58167","48587","44185","40762","34977","26992","19249","12228","7979","4274","1838","512","99"
"Umburatiba (MG)","Total","156","176","172","236","157","155","173","204","231","165","152","160","166","112","97","72","46","36","15","3","-"
"Unaí (MG)","Total","5703","5671","5429","6092","6962","6841","6760","6873","7195","6057","5502","4915","4331","3203","2204","1343","866","437","173","49","13"
"União de Minas (MG)","Total","204","251","268","242","233","234","278","266","293","310","297","257","230","177","114","95","51","15","10","1","2"
"Uruana de Minas (MG)","Total","177","237","225","225","207","217","203","253","243","222","219","219","184","165","122","78","44","27","9","5","1"
"Urucânia (MG)","Total","718","644","651","743","828","820","804","805","823","709","686","650","498","428","282","229","155","82","32","9","4"
"Urucuia (MG)","Total","1324","1557","1404","1621","1617","1358","1265","1366","1305","978","813","630","716","509","431","267","198","74","31","11","4"
"Vargem Alegre (MG)","Total","331","339","351","388","406","325","350","339","420","446","373","433","336","325","231","159","120","72","29","5","2"
"Vargem Bonita (MG)","Total","116","130","139","133","113","126","137","188","154","146","160","128","154","116","93","64","40","15","5","1","-"
"Vargem Grande do Rio Pardo (MG)","Total","346","284","304","356","421","361","329","309","334","296","295","256","217","180","130","83","65","36","20","11","-"
"Varginha (MG)","Total","8233","8212","8063","8579","9949","10331","10713","11014","11788","9371","8673","8266","7529","6171","4195","2501","1571","844","368","84","12"
"Varjão de Minas (MG)","Total","467","510","518","516","588","534","593","540","549","472","425","381","323","205","147","100","55","32","10","2","2"
"Várzea da Palma (MG)","Total","2064","2031","2041","2501","2455","2506","2478","2909","2830","2209","2220","2079","1841","1368","914","594","382","197","82","37","6"
"Varzelândia (MG)","Total","1319","1339","1588","1625","1322","1247","1408","1499","1308","1061","1029","1017","900","706","591","389","255","151","58","24","4"
"Vazante (MG)","Total","1146","1275","1225","1325","1375","1477","1478","1539","1552","1512","1497","1310","1096","782","562","394","251","116","48","11","4"
"Verdelândia (MG)","Total","607","623","643","711","682","663","599","606","543","373","370","358","292","211","177","97","62","33","13","7","2"
"Veredinha (MG)","Total","306","329","301","389","407","358","411","409","388","340","296","330","277","227","176","103","75","32","20","5","2"
"Veríssimo (MG)","Total","186","216","234","206","201","202","210","178","228","273","249","260","218","202","169","104","42","21","8","4","-"
"Vermelho Novo (MG)","Total","273","303","344","328","294","306","310","390","359","392","351","308","263","208","180","130","81","44","27","6","2"
"Vespasiano (MG)","Total","8699","9310","8973","9192","10726","10902","11257","10842","11419","9060","7759","6206","5388","3886","2496","1481","888","507","192","54","9"
"Viçosa (MG)","Total","4139","4120","4020","4842","6200","6294","6049","6234","6047","4909","4772","4761","4327","3570","2488","1528","1071","660","298","85","16"
"Vieiras (MG)","Total","179","211","228","218","234","224","242","254","283","242","268","266","265","226","157","90","62","33","12","6","-"
"Mathias Lobato (MG)","Total","183","214","256","275","224","209","220","190","202","161","171","185","204","125","103","60","27","15","10","4","-"
"Virgem da Lapa (MG)","Total","643","643","759","892","884","825","815","816","864","746","758","750","673","512","434","331","216","141","82","17","3"
"Virgínia (MG)","Total","478","456","534","570","666","569","598","700","700","600","637","555","551","471","355","219","139","67","32","10","1"
"Virginópolis (MG)","Total","577","676","659","718","705","713","727","710","696","659","634","699","642","522","343","251","186","117","63","13","4"
"Virgolândia (MG)","Total","237","269","313","297","281","237","290","289","255","312","332","345","305","221","188","140","105","78","44","10","4"
"Visconde do Rio Branco (MG)","Total","2418","2461","2455","2382","2768","2917","2911","3128","3096","2526","2564","2546","2195","1656","1255","811","558","322","149","36","6"
"Volta Grande (MG)","Total","250","267","260","302","318","289","313","307","310","274","298","307","264","240","173","107","86","43","20","10","5"
"Wenceslau Braz (MG)","Total","118","117","134","166","142","123","141","159","175","157","188","180","165","141","97","74","49","23","6","1","-"
"Afonso Cláudio (ES)","Total","1933","1885","1987","2044","1946","1960","2107","2257","2550","2210","1972","1928","1679","1450","1113","726","517","271","116","27","6"
"Águia Branca (ES)","Total","630","634","605","653","631","653","682","702","713","683","742","608","572","432","331","206","126","76","26","4","2"
"Água Doce do Norte (ES)","Total","760","793","819","826","785","750","713","836","913","883","833","774","696","601","397","281","187","117","46","25","7"
"Alegre (ES)","Total","1712","1702","1706","1855","2206","2017","2063","2096","2244","1867","1917","1843","1719","1457","1093","694","510","286","136","43","11"
"Alfredo Chaves (ES)","Total","712","786","781","833","806","857","898","1058","1111","1046","945","963","882","727","548","368","263","158","68","20","6"
"Alto Rio Novo (ES)","Total","463","489","503","518","453","408","477","557","595","553","527","474","435","366","246","171","108","61","25","4","1"
"Anchieta (ES)","Total","1872","2107","1875","2060","1886","1990","2260","2624","2607","2035","1869","1719","1608","1331","874","569","349","211","105","29","4"
"Apiacá (ES)","Total","391","442","452","467","468","498","467","537","533","471","495","466","422","396","282","184","121","84","35","11","1"
"Aracruz (ES)","Total","6759","7016","6737","6818","6996","7010","7439","8029","7786","6548","5631","4949","4417","3470","2261","1325","825","473","210","57","9"
"Atílio Vivácqua (ES)","Total","727","735","646","746","688","696","798","830","836","684","684","627","590","454","351","212","122","67","38","5","4"
"Baixo Guandu (ES)","Total","2049","1999","1916","2088","2105","2024","2152","2159","2327","2122","2020","2007","1714","1361","967","697","527","303","96","36","5"
"Barra de São Francisco (ES)","Total","2871","2905","2900","2883","2926","2931","2959","3237","3253","2908","2875","2624","2221","1761","1284","878","605","307","124","36","10"
"Boa Esperança (ES)","Total","887","931","882","1042","927","936","944","1025","1043","964","878","832","705","592","402","287","170","93","48","16","4"
"Bom Jesus do Norte (ES)","Total","608","612","649","645","745","686","763","738","858","692","668","599","576","534","342","199","182","83","61","13","1"
"Brejetuba (ES)","Total","1012","938","924","1035","1043","928","944","1105","1109","869","781","660","571","433","279","165","108","50","25","4","2"
"Cachoeiro de Itapemirim (ES)","Total","11033","11808","11366","11529","12452","13666","14562","14793","15106","12366","12351","11848","10478","8383","5765","3534","2516","1402","608","191","29"
"Cariacica (ES)","Total","22966","25494","24648","24762","26053","25148","26548","28348","28814","24129","22496","20080","17848","14188","9488","5811","3629","1937","820","243","41"
"Castelo (ES)","Total","2128","2138","1979","2253","2489","2494","2747","2993","3061","2517","2497","2463","2183","1707","1240","864","606","355","159","52","5"
"Colatina (ES)","Total","7098","7317","6926","7193","8455","8813","9183","9662","9799","8251","8261","7584","6687","5306","3744","2455","1723","990","426","136","24"
"Conceição da Barra (ES)","Total","1933","1996","2137","2034","1816","1859","1794","2107","2191","1817","1721","1585","1458","1137","801","495","318","164","78","8","9"
"Conceição do Castelo (ES)","Total","735","799","734","845","812","801","883","965","979","818","731","659","663","527","400","248","174","104","52","7","1"
"Divino de São Lourenço (ES)","Total","347","314","331","366","368","359","384","429","346","338","327","327","280","227","150","90","53","31","13","3","-"
"Domingos Martins (ES)","Total","2015","2176","2134","2267","2261","2426","2544","2821","3050","2600","2446","2318","2066","1522","1143","711","493","265","119","36","3"
"Dores do Rio Preto (ES)","Total","399","401","464","471","489","432","479","512","492","482","425","405","367","278","214","116","84","58","22","6","-"
"Ecoporanga (ES)","Total","1406","1357","1386","1483","1434","1306","1379","1646","1773","1586","1536","1426","1291","1094","770","490","335","190","71","24","9"
"Fundão (ES)","Total","1087","1166","1188","1151","1205","1151","1307","1278","1387","1238","1237","1187","1103","865","594","333","265","167","78","24","3"
"Governador Lindenberg (ES)","Total","707","669","672","744","755","740","787","871","862","727","771","717","650","476","319","238","153","97","42","12","-"
"Guaçuí (ES)","Total","1971","2017","1888","1957","2146","2100","2097","2164","2126","1896","1744","1748","1571","1438","1029","600","442","254","127","38","5"
"Guarapari (ES)","Total","7420","8351","8184","8225","8558","8664","8786","9693","10536","8546","8314","7624","7167","5657","3910","2336","1446","797","334","92","16"
"Ibatiba (ES)","Total","1792","1711","1738","1865","1971","1898","1912","1953","2106","1732","1562","1288","1140","981","724","444","293","172","79","15","4"
"Ibiraçu (ES)","Total","738","781","735","733","794","803","893","905","952","763","771","734","637","549","375","229","146","112","54","16","3"
"Ibitirama (ES)","Total","724","718","700","739","747","641","694","728","736","598","540","555","471","372","222","156","94","66","12","5","2"
"Iconha (ES)","Total","639","672","644","681","752","804","865","1061","1046","860","856","886","791","673","413","267","231","117","50","16","2"
"Irupi (ES)","Total","1015","929","933","1066","1044","952","990","1143","1115","940","846","731","595","495","382","250","153","82","38","10","1"
"Itaguaçu (ES)","Total","729","699","763","817","836","735","887","990","1036","959","979","945","907","787","558","376","269","199","84","29","5"
"Itapemirim (ES)","Total","2640","2891","2900","2942","2820","2672","2808","3046","3139","2668","2404","2353","2101","1709","1215","702","451","232","101","30","8"
"Itarana (ES)","Total","586","547","535","598","722","686","685","794","849","730","752","724","640","580","434","306","210","143","62","13","1"
"Iúna (ES)","Total","2041","2059","1916","2027","2163","2049","2147","2283","2274","1879","1691","1644","1415","1117","767","524","314","178","81","20","1"
"Jaguaré (ES)","Total","2213","2254","2237","2192","2202","2164","2244","2391","2307","1862","1649","1482","1202","986","653","405","264","149","54","17","4"
"Jerônimo Monteiro (ES)","Total","734","701","702","746","809","781","827","792","816","762","762","787","648","560","404","318","212","124","64","17","9"
"João Neiva (ES)","Total","774","857","808","836","896","866","939","994","1133","1044","922","998","877","739","515","366","245","165","80","19","6"
"Laranja da Terra (ES)","Total","557","570","617","602","651","689","746","789","871","805","902","824","676","600","457","371","203","115","32","15","2"
"Linhares (ES)","Total","11615","12247","11616","12371","13238","13493","13785","14112","14130","10688","9616","8135","7008","5664","3728","2414","1520","876","390","119","21"
"Mantenópolis (ES)","Total","796","856","880","833","751","758","780","912","965","901","906","908","782","629","419","295","202","134","42","17","4"
"Marataízes (ES)","Total","2672","2864","2782","2994","2948","2813","2934","3085","3342","2847","2582","2455","2375","2022","1407","863","517","275","114","30","8"
"Marechal Floriano (ES)","Total","1118","1203","1127","1155","1245","1297","1260","1471","1446","1320","1133","987","893","743","511","318","231","125","42","14","2"
"Marilândia (ES)","Total","715","695","673","737","834","842","869","956","981","851","912","846","735","584","403","339","217","138","46","13","1"
"Mimoso do Sul (ES)","Total","1376","1398","1399","1558","1550","1579","1698","1863","1837","1753","1598","1789","1576","1280","925","554","404","208","101","27","2"
"Montanha (ES)","Total","1282","1282","1316","1388","1241","1305","1299","1461","1401","1304","1185","1132","966","763","575","412","301","169","88","23","7"
"Mucurici (ES)","Total","360","342","312","373","333","325","368","389","431","369","395","379","330","261","171","145","107","51","16","6","3"
"Muniz Freire (ES)","Total","1221","1209","1140","1261","1219","1253","1268","1348","1388","1213","1226","1098","985","824","559","404","266","180","67","16","8"
"Muqui (ES)","Total","781","876","844","878","856","893","998","1062","1016","929","921","911","838","655","496","302","226","164","80","16","3"
"Nova Venécia (ES)","Total","3151","3072","3044","3205","3500","3760","3710","3758","3780","3387","3303","3043","2686","2115","1415","890","662","344","181","44","15"
"Pancas (ES)","Total","1150","1157","1188","1312","1171","1202","1275","1368","1462","1341","1335","1245","1120","903","672","454","286","153","68","27","4"
"Pedro Canário (ES)","Total","1609","1648","1545","1676","1501","1510","1449","1644","1702","1493","1276","1216","1065","799","563","390","225","146","47","12","6"
"Pinheiros (ES)","Total","1684","1688","1757","1844","1744","1606","1614","1852","1920","1649","1445","1350","1127","922","652","480","319","162","75","20","5"
"Piúma (ES)","Total","1508","1561","1385","1425","1504","1610","1562","1698","1851","1503","1491","1316","1262","1045","664","423","251","159","71","8","3"
"Ponto Belo (ES)","Total","432","423","476","440","400","385","390","380","492","443","470","436","349","325","240","182","120","71","28","12","3"
"Presidente Kennedy (ES)","Total","1031","1008","939","999","955","997","984","1083","1052","893","786","755","677","575","399","283","152","78","39","9","2"
"Rio Bananal (ES)","Total","1312","1297","1246","1291","1366","1401","1456","1564","1557","1306","1228","1179","944","790","537","357","219","139","62","18","5"
"Rio Novo do Sul (ES)","Total","678","697","647","668","708","695","788","890","882","730","736","718","662","577","396","249","184","97","51","15","1"
"Santa Leopoldina (ES)","Total","778","804","787","836","825","801","864","941","1013","931","972","920","846","646","488","276","208","105","50","14","1"
"Santa Maria de Jetibá (ES)","Total","3018","2674","2632","2872","3375","3413","3529","3680","3496","2809","2501","2085","1731","1496","977","695","407","167","65","11","3"
"Santa Teresa (ES)","Total","1269","1234","1292","1385","1397","1464","1661","1830","1799","1559","1591","1560","1375","1131","871","606","385","238","129","28","4"
"São Domingos do Norte (ES)","Total","514","513","516","537","661","634","641","668","689","590","579","527","469","409","244","182","105","67","31","13","-"
"São Gabriel da Palha (ES)","Total","2006","2000","1977","2043","2139","2379","2433","2731","2843","2248","2076","1921","1693","1404","927","626","402","257","110","30","7"
"São José do Calçado (ES)","Total","638","683","691","657","707","742","699","695","735","663","755","757","692","596","466","312","185","123","64","15","3"
"São Mateus (ES)","Total","8379","8621","8277","9359","9749","9496","9200","10015","9939","8604","7593","6871","5876","4566","3125","1788","1217","661","298","91","27"
"São Roque do Canaã (ES)","Total","541","527","600","693","718","691","700","774","828","817","861","766","672","571","412","283","229","128","62","11","2"
"Serra (ES)","Total","35057","38285","36482","36490","39738","40291","43267","47524","45103","35226","30278","26431","23125","18306","11385","6462","3945","2015","910","264","69"
"Sooretama (ES)","Total","2097","2187","2138","2172","2216","2086","1984","2117","2040","1736","1410","1222","1020","811","557","343","204","101","44","14","3"
"Vargem Alta (ES)","Total","1246","1248","1247","1305","1455","1391","1376","1517","1582","1243","1299","1289","1073","806","607","347","259","175","71","19","8"
"Venda Nova do Imigrante (ES)","Total","1506","1401","1375","1574","1745","1826","1922","2063","1925","1698","1582","1448","1148","910","670","446","320","167","79","19","7"
"Viana (ES)","Total","4733","5336","4928","5184","5629","5867","6074","6403","6300","5006","4349","3856","3453","2598","1712","919","602","291","140","35","8"
"Vila Pavão (ES)","Total","563","565","566","576","528","650","632","703","710","685","649","574","500","373","249","185","107","60","28","7","1"
"Vila Valério (ES)","Total","913","889","817","917","993","1036","1042","1102","1163","983","869","844","693","532","403","240","147","86","44","13","2"
"Vila Velha (ES)","Total","25925","28005","27506","28769","34117","35678","37276","39602","39329","31720","30013","28733","25601","20643","14310","9116","5888","3412","1586","414","79"
"Vitória (ES)","Total","17078","18419","17857","18615","22666","23212","23980","26637","26887","22069","20112","20532","19349","16196","11644","7493","4930","3162","1501","445","85"
"Angra dos Reis (RJ)","Total","10806","11912","11142","11667","12282","12377","12219","13409","14190","11556","10482","9951","8835","6855","4589","2613","1484","724","257","71","13"
"Aperibé (RJ)","Total","613","672","599","692","729","698","779","815","865","763","768","807","654","583","391","270","207","90","28","9","2"
"Araruama (RJ)","Total","7335","8515","8172","8611","8514","8034","8191","8913","9961","8842","8871","8418","8242","6796","5197","3292","2013","1121","471","137","25"
"Areal (RJ)","Total","750","777","730","763","873","867","877","804","860","767","794","755","697","538","402","276","156","88","40","10","4"
"Armação dos Búzios (RJ)","Total","2331","2755","2670","2620","2763","2990","3055","3183","3762","2879","2767","2434","2095","1566","1004","545","320","182","68","12","5"
"Arraial do Cabo (RJ)","Total","1664","1878","1977","2008","2152","2092","2112","2123","2384","2013","2095","2215","2078","1659","1103","684","424","203","104","18","-"
"Barra do Piraí (RJ)","Total","5219","5862","5603","6066","6462","6099","6049","6616","7142","6112","6131","6350","5970","4866","3463","2225","1391","793","339","115","10"
"Barra Mansa (RJ)","Total","9054","10142","10103","10533","11946","11566","11629","12522","13182","11858","11625","11806","10801","8695","6119","3925","2427","1284","526","132","19"
"Belford Roxo (RJ)","Total","30103","35404","31940","33084","37645","36664","35829","36588","39863","35169","32893","28003","23652","18596","12877","7336","4361","2046","801","210","23"
"Bom Jardim (RJ)","Total","1632","1729","1728","1809","2003","1921","2063","2027","2257","2020","1885","1841","1517","1350","1007","602","408","195","82","25","1"
"Bom Jesus do Itabapoana (RJ)","Total","2106","2197","2054","2187","2428","2405","2406","2402","2527","2297","2361","2411","2192","1799","1284","904","625","346","176","50","16"
"Cabo Frio (RJ)","Total","13306","14933","14691","14846","15466","15422","15065","16259","17281","15285","14676","14294","13083","10715","7548","4467","2686","1376","600","140","22"
"Cachoeiras de Macacu (RJ)","Total","3359","3642","3508","3666","3963","4042","3967","3976","4420","4053","3913","3753","3435","2661","2017","1209","755","381","167","44","12"
"Cambuci (RJ)","Total","727","769","801","901","957","847","910","1021","1103","1007","1083","1077","975","819","646","440","281","133","87","29","3"
"Carapebus (RJ)","Total","781","1013","995","988","872","941","941","1033","1042","1024","945","861","787","563","468","275","172","92","39","11","4"
"Comendador Levy Gasparian (RJ)","Total","529","580","569","596","597","625","587","583","636","577","613","608","508","395","309","204","139","53","26","7","-"
"Campos dos Goytacazes (RJ)","Total","30196","33762","31149","33327","36775","35918","35982","36427","37270","31253","29802","29113","26425","20127","15215","9386","6334","3167","1469","374","69"
"Cantagalo (RJ)","Total","1098","1226","1238","1269","1313","1154","1317","1312","1513","1280","1370","1300","1145","908","761","545","351","168","93","26","3"
"Cardoso Moreira (RJ)","Total","738","782","865","841","840","777","845","901","997","889","887","814","730","673","530","378","261","139","52","18","1"
"Carmo (RJ)","Total","928","992","1076","1116","1184","1063","1090","1250","1373","1181","1193","1161","1060","944","636","435","269","145","77","24","1"
"Casimiro de Abreu (RJ)","Total","2903","3378","3244","3155","3119","3070","3172","3544","3735","3188","3076","2827","2457","2024","1407","866","540","246","122","29","8"
"Conceição de Macabu (RJ)","Total","1334","1469","1322","1466","1378","1483","1437","1461","1612","1374","1406","1475","1205","953","680","477","299","163","83","25","2"
"Cordeiro (RJ)","Total","1186","1333","1201","1316","1399","1374","1415","1561","1590","1380","1404","1400","1210","1025","815","519","360","187","81","24","3"
"Duas Barras (RJ)","Total","629","695","720","751","757","715","742","825","836","772","703","766","628","515","398","257","133","87","35","14","2"
"Duque de Caxias (RJ)","Total","49627","57901","53339","56238","62105","60581","58821","59495","64101","54930","53629","48903","42526","34015","23458","13711","8368","4195","1710","429","79"
"Engenheiro Paulo de Frontin (RJ)","Total","642","673","643","720","820","796","834","835","918","861","883","876","821","714","477","329","207","128","55","7","3"
"Guapimirim (RJ)","Total","3193","3673","3483","3657","3883","3807","3763","3946","4084","3482","3377","2932","2722","2187","1565","940","562","267","124","39","10"
"Iguaba Grande (RJ)","Total","1450","1694","1678","1757","1793","1656","1618","1870","2098","1889","1861","1936","1861","1735","1305","818","486","274","111","25","5"
"Itaboraí (RJ)","Total","13269","15318","14127","14651","15788","15991","16066","16855","18729","16668","15405","14124","12358","9737","6954","4063","2367","1136","478","156","27"
"Itaguaí (RJ)","Total","7625","8713","8168","8270","8911","8644","8350","8908","9564","7670","7427","6556","5932","4711","3432","1928","1174","573","226","54","5"
"Italva (RJ)","Total","707","821","767","780","814","798","981","1073","1019","917","965","1057","940","841","623","435","303","142","67","17","6"
"Itaocara (RJ)","Total","1159","1309","1162","1350","1396","1395","1441","1580","1791","1567","1683","1660","1524","1279","1031","751","442","275","92","30","2"
"Itaperuna (RJ)","Total","5455","5842","5788","6058","7003","6990","7146","7432","8339","7121","6926","6899","5942","4889","3628","2504","1575","939","426","117","22"
"Itatiaia (RJ)","Total","1841","2049","1912","1987","2294","2216","2155","2259","2560","2194","2130","2031","1762","1298","973","586","391","181","60","21","8"
"Japeri (RJ)","Total","6024","7097","6650","7313","8517","7899","7531","7725","8289","6673","5970","4942","4004","3029","2136","1256","699","364","123","41","7"
"Laje do Muriaé (RJ)","Total","425","427","415","487","554","538","425","469","515","510","503","535","473","382","264","195","109","68","35","6","1"
"Macaé (RJ)","Total","16251","18653","17051","16527","17517","18871","20228","22726","22086","16674","14182","13127","11414","8300","5506","3393","2096","1149","482","133","25"
"Macuco (RJ)","Total","280","361","389","419","416","310","333","373","453","395","378","311","272","229","218","143","68","41","20","3","3"
"Magé (RJ)","Total","14589","16112","15571","16486","17082","16911","16169","16384","17313","15512","15234","13852","11895","9556","6893","4191","2533","1219","490","115","20"
"Mangaratiba (RJ)","Total","2209","2563","2532","2633","2716","2647","2888","2910","3194","2954","2951","2890","2638","2160","1518","844","579","263","93","37","1"
"Maricá (RJ)","Total","10412","12666","12235","12522","12808","12510","12772","14668","16520","14710","14168","13371","12296","10154","6921","4082","2403","1318","565","153","23"
"Mendes (RJ)","Total","921","994","967","967","1107","1103","1122","1131","1291","1256","1243","1365","1298","1002","716","431","296","176","87","23","6"
"Mesquita (RJ)","Total","9510","11062","10472","11028","12755","12552","11858","12082","13402","11639","11210","10406","9375","7537","5350","3285","2062","1008","391","124","19"
"Miguel Pereira (RJ)","Total","1315","1474","1456","1538","1695","1649","1657","1719","1955","1783","1854","1932","1866","1527","1255","871","520","321","137","50","8"
"Miracema (RJ)","Total","1671","1586","1747","1810","1922","1843","1874","1748","2035","1752","1784","1784","1548","1283","939","655","472","283","109","30","6"
"Natividade (RJ)","Total","822","928","872","944","1058","1005","937","1036","1139","935","1036","1048","895","843","608","400","261","190","83","25","9"
"Nilópolis (RJ)","Total","7511","9071","7895","8983","9927","10046","10580","11225","11743","10359","10176","9716","9257","7441","5565","3369","2170","1126","480","121","13"
"Niterói (RJ)","Total","21643","25012","23616","25087","31177","32996","34033","35964","39576","33282","31826","32716","31793","27087","21056","14783","10057","6098","2954","831","162"
"Nova Friburgo (RJ)","Total","9321","10485","10758","11293","12684","12643","13160","14082","15171","13404","13347","13164","12130","9772","7589","4943","3234","1740","799","189","31"
"Nova Iguaçu (RJ)","Total","47372","54146","51377","54253","61418","59815","56739","57120","61794","53411","53130","47973","42007","32611","23239","14149","8567","4421","1801","456","68"
"Paracambi (RJ)","Total","2152","2419","2362","2454","2925","2975","3037","3140","3257","2856","3025","3016","2494","1947","1395","880","585","314","109","25","8"
"Paraíba do Sul (RJ)","Total","2429","2769","2800","2704","3032","2860","2737","2914","3146","2725","2896","2760","2590","2034","1483","935","655","355","198","33","8"
"Paraty (RJ)","Total","2984","3116","3019","3224","3225","3223","3338","3845","4013","3377","2919","2654","2240","1678","1121","616","347","200","83","18","3"
"Paty do Alferes (RJ)","Total","1861","2011","1868","1948","2140","2066","2105","2100","2201","1884","1966","1958","1756","1367","946","676","409","225","105","20","7"
"Petrópolis (RJ)","Total","14400","16083","15553","16577","19103","18797","19148","19850","21835","19654","19783","18669","16658","14247","11496","7621","4960","2831","1243","319","54"
"Pinheiral (RJ)","Total","1431","1625","1565","1590","1662","1737","1601","1857","2030","1585","1524","1610","1496","1214","792","494","248","152","64","17","4"
"Piraí (RJ)","Total","1645","1787","1721","1697","1921","1940","1900","1941","2194","1834","1874","1802","1652","1286","1022","580","377","194","80","21","6"
"Porciúncula (RJ)","Total","1077","1083","1124","1171","1231","1157","1176","1242","1308","1067","1123","1151","1010","801","613","419","264","151","86","26","8"
"Porto Real (RJ)","Total","1296","1429","1464","1383","1568","1497","1541","1651","1675","1425","1338","1167","1062","746","496","298","199","92","36","9","1"
"Quatis (RJ)","Total","793","888","939","896","1002","946","949","1044","1072","961","888","869","743","616","458","312","141","97","57","10","1"
"Queimados (RJ)","Total","9061","10253","9618","10231","11005","10625","10304","10431","11325","9855","9235","7982","7044","5345","3773","2151","1324","612","268","67","14"
"Quissamã (RJ)","Total","1391","1697","1538","1562","1566","1585","1556","1608","1691","1386","1468","1446","1226","984","733","421","289","164","53","23","6"
"Resende (RJ)","Total","7195","8078","8129","8247","9261","9550","9742","10706","10876","9204","8553","7915","7021","5609","4057","2527","1590","879","345","109","19"
"Rio Bonito (RJ)","Total","3226","3429","3370","3664","3967","3906","3772","4164","4646","4127","3903","3543","3199","2647","2010","1234","760","437","204","59","9"
"Rio Claro (RJ)","Total","921","1046","1119","1171","1255","1128","1071","1225","1473","1252","1231","1089","1026","865","632","400","276","147","53","16","5"
"Rio das Flores (RJ)","Total","515","612","590","626","665","670","620","558","675","635","568","596","498","352","290","224","152","61","35","10","2"
"Rio das Ostras (RJ)","Total","9397","11319","10881","10544","10765","10781","11424","13742","14010","11532","9808","8859","7842","6334","4294","2438","1437","716","278","70","20"
"Rio de Janeiro (RJ)","Total","310648","367196","354457","371931","439660","454428","460448","479813","504195","426864","402001","386411","360818","304598","233160","151529","102752","61497","29295","8132","1390"
"Santa Maria Madalena (RJ)","Total","537","613","616","659","620","614","607","694","730","743","730","705","650","608","438","286","213","107","41","18","3"
"Santo Antônio de Pádua (RJ)","Total","2462","2394","2337","2502","2818","2708","2810","3024","3211","2814","2906","2818","2472","2073","1569","1133","695","357","167","45","10"
"São Francisco de Itabapoana (RJ)","Total","2976","3132","3047","3113","3166","3069","3050","3203","3369","3057","2875","2895","2579","1997","1584","919","536","311","110","45","26"
"São Fidélis (RJ)","Total","2173","2454","2358","2339","2623","2423","2613","2834","3124","2590","2675","2491","2455","1934","1531","1070","685","373","162","48","6"
"São Gonçalo (RJ)","Total","46231","54374","49123","52492","61873","64382","65221","68548","74099","65527","63813","59898","54136","43571","31876","19756","12417","6138","2499","673","97"
"São João da Barra (RJ)","Total","2074","2397","2270","2176","2324","2433","2563","2691","2900","2803","2563","2435","2282","1715","1208","814","533","256","116","16","4"
"São João de Meriti (RJ)","Total","24463","31704","26998","29036","32533","33945","32453","32921","34021","29969","29563","27588","25164","20410","13732","7711","4880","2485","1074","270","42"
"São José de Ubá (RJ)","Total","399","403","403","410","458","458","445","478","599","482","522","511","438","332","274","212","139","71","25","10","1"
"São José do Vale do Rio Preto (RJ)","Total","1493","1455","1315","1498","1693","1756","1661","1528","1673","1482","1555","1428","1127","925","699","372","259","109","44","7","1"
"São Pedro da Aldeia (RJ)","Total","6563","7063","6723","6907","7186","7226","7164","7932","8924","7384","7203","6431","5594","4508","3228","1980","1166","569","213","53","12"
"São Sebastião do Alto (RJ)","Total","455","473","476","447","432","492","485","498","593","527","571","591","515","422","290","207","148","88","31","7","2"
"Sapucaia (RJ)","Total","968","1042","1128","1148","1248","1131","1210","1241","1314","1167","1268","1243","1132","936","657","415","261","140","64","14","2"
"Saquarema (RJ)","Total","4950","5785","5387","5561","5717","5706","5827","6197","6624","5956","6034","6120","6165","5137","3767","2279","1339","666","254","78","10"
"Seropédica (RJ)","Total","5126","5810","5397","5620","6445","6277","5837","5668","6062","5350","5321","4785","4295","3359","2367","1385","836","400","198","50","8"
"Silva Jardim (RJ)","Total","1358","1511","1452","1505","1611","1494","1385","1545","1665","1386","1412","1261","1217","939","679","416","272","151","70","19","4"
"Sumidouro (RJ)","Total","970","969","948","958","1069","1160","1117","1175","1292","997","1081","1004","826","651","444","269","142","99","23","10","2"
"Tanguá (RJ)","Total","1926","2231","1995","2027","2342","2206","2123","2205","2610","2273","2183","1860","1636","1319","947","581","354","183","68","14","3"
"Teresópolis (RJ)","Total","9087","10171","9931","10740","12011","11759","11536","11988","12784","11405","10947","10678","9623","7996","5871","3940","2491","1332","608","204","21"
"Trajano de Moraes (RJ)","Total","561","586","652","683","655","635","654","711","781","707","735","787","640","533","376","275","183","101","39","4","4"
"Três Rios (RJ)","Total","4533","5197","5010","5109","5445","5677","5568","5595","5945","5220","5171","4978","4604","3698","2734","1809","1099","600","265","76","13"
"Valença (RJ)","Total","3553","3973","4118","4564","4943","4643","4302","4514","4844","4324","4442","4781","4530","3511","2729","1919","1226","722","353","84","13"
"Varre-Sai (RJ)","Total","701","685","723","905","756","694","706","747","761","677","652","582","484","456","264","195","119","60","32","8","-"
"Vassouras (RJ)","Total","2021","2073","2003","2275","2512","2292","2242","2412","2638","2228","2256","2250","2033","1632","1279","844","529","280","141","31","5"
"Volta Redonda (RJ)","Total","13196","15359","14942","15648","18001","18519","18124","19214","20776","17044","17148","18212","17536","14541","10233","5929","3692","2187","975","246","41"
"Adamantina (SP)","Total","1763","1739","1766","1916","2188","2240","2621","2591","2556","2412","2430","2470","2290","1838","1424","1074","751","403","169","41","5"
"Adolfo (SP)","Total","242","291","248","271","254","288","298","324","285","263","307","331","276","247","178","135","65","24","19","5","-"
"Aguaí (SP)","Total","1970","2061","2124","2180","2360","2411","2311","2546","2451","2144","2006","1919","1772","1409","1071","622","380","207","102","25","1"
"Águas da Prata (SP)","Total","343","422","383","380","395","397","457","532","528","505","455","532","536","515","352","252","185","119","65","14","2"
"Águas de Lindóia (SP)","Total","803","943","1025","1045","1076","1135","1172","1336","1465","1287","1293","1261","1151","991","792","502","335","200","98","20","-"
"Águas de Santa Bárbara (SP)","Total","377","460","497","484","423","432","458","481","498","510","467","493","476","394","321","182","130","58","29","6","1"
"Águas de São Pedro (SP)","Total","97","120","149","132","159","137","143","173","188","179","182","177","252","212","171","119","108","55","20","6","1"
"Agudos (SP)","Total","2338","2525","2556","2396","2613","2740","2822","2998","3000","2735","2378","2149","1981","1624","1165","758","511","265","101","25","-"
"Alambari (SP)","Total","367","418","436","403","435","433","444","518","461","402","347","346","370","316","224","111","62","34","10","2","2"
"Alfredo Marcondes (SP)","Total","243","250","261","247","276","277","286","290","325","304","314","300","305","219","185","182","95","50","31","5","-"
"Altair (SP)","Total","199","236","224","227","245","228","256","265","296","230","221","215","179","142","113","93","48","20","13","1","-"
"Altinópolis (SP)","Total","986","1068","1039","1032","1168","1243","1199","1296","1347","1073","996","1039","927","844","602","437","282","154","73","12","1"
"Alto Alegre (SP)","Total","167","190","221","200","205","199","246","266","298","267","265","279","271","226","226","149","99","43","19","5","-"
"Alumínio (SP)","Total","1068","1187","1162","1291","1308","1255","1261","1410","1408","1273","1088","1018","811","638","488","321","196","78","33","6","1"
"Álvares Florence (SP)","Total","169","187","216","223","219","198","210","237","284","251","285","297","322","286","211","152","100","55","9","4","-"
"Álvares Machado (SP)","Total","1696","1842","1639","1755","1922","2065","1983","2005","2063","1803","1864","1737","1494","1176","875","645","401","172","89","26","3"
"Álvaro de Carvalho (SP)","Total","191","202","227","215","405","510","612","530","514","317","232","198","194","176","120","86","50","23","5","1","-"
"Alvinlândia (SP)","Total","168","188","198","191","211","208","176","200","234","199","206","169","166","128","110","56","47","19","10","1","-"
"Americana (SP)","Total","12301","13280","13142","13758","15112","17213","18838","20051","19997","16795","16339","15354","14080","11176","8030","5364","3471","1923","812","180","24"
"Américo Brasiliense (SP)","Total","1926","2149","2193","2313","2591","2619","2530","2560","2869","2439","2288","1926","1596","1158","819","531","321","134","41","13","3"
"Américo de Campos (SP)","Total","281","291","350","329","413","357","369","385","454","385","417","432","401","349","247","193","132","57","24","4","-"
"Amparo (SP)","Total","3398","3928","3555","3903","4661","4471","5320","5586","5733","4838","4640","4150","3946","3428","2501","1707","1210","671","290","59","13"
"Analândia (SP)","Total","283","309","293","299","297","303","315","373","386","299","274","273","300","193","141","111","80","39","16","4","1"
"Andradina (SP)","Total","3167","3500","3430","3506","3873","4274","4422","4737","4677","4218","4086","3856","3615","2829","2194","1623","1010","514","188","54","10"
"Angatuba (SP)","Total","1536","1636","1593","1609","1749","1659","1744","1797","1800","1581","1601","1517","1378","1061","760","495","295","147","52","11","1"
"Anhembi (SP)","Total","367","371","432","444","371","391","362","351","427","408","371","337","339","270","204","116","53","40","17","2","1"
"Anhumas (SP)","Total","241","263","239","264","253","283","273","300","305","255","285","252","249","170","148","109","72","42","15","5","-"
"Aparecida (SP)","Total","1781","1988","1866","2066","2236","2292","2418","2467","2558","2137","2249","2199","1984","1651","1125","751","443","248","83","24","3"
"Aparecida d'Oeste (SP)","Total","189","220","207","229","260","228","213","231","282","307","328","328","293","262","210","132","95","52","14","5","1"
"Apiaí (SP)","Total","1489","1715","1706","1818","1781","1805","1775","1749","1839","1733","1666","1457","1303","984","758","512","272","155","53","13","2"
"Araçariguama (SP)","Total","1576","1589","1548","1662","1775","1653","1747","1779","1612","1395","1260","1103","1001","691","530","319","160","83","31","6","2"
"Araçatuba (SP)","Total","10442","11718","11583","11201","13495","14181","14724","16005","16275","14350","13713","13250","11686","9593","7197","4951","3144","1717","686","186","27"
"Araçoiaba da Serra (SP)","Total","1541","1961","1962","2020","2057","1865","2075","2363","2612","2400","2269","2290","2320","1916","1279","747","420","221","92","25","8"
"Aramina (SP)","Total","274","347","347","335","313","374","397","412","375","362","364","392","341","268","181","152","109","47","22","8","-"
"Arandu (SP)","Total","465","469","465","448","515","491","514","485","494","469","450","376","387","328","228","143","81","53","20","4","-"
"Arapeí (SP)","Total","117","129","158","165","147","137","144","143","151","160","171","198","159","143","84","56","33","26","7","2","-"
"Araraquara (SP)","Total","12597","14387","13964","14185","16370","17903","19149","20185","20528","16856","15673","14986","13762","11137","8267","5481","3566","2073","902","218","39"
"Araras (SP)","Total","7122","7838","7631","7841","8774","9711","10252","10661","10783","9075","8640","8352","7452","5937","4368","2909","1926","1046","445","90","13"
"Arco-Íris (SP)","Total","122","148","124","125","132","122","120","161","147","110","136","150","144","91","79","68","39","18","6","2","-"
"Arealva (SP)","Total","433","468","456","487","475","492","489","524","577","541","488","626","599","507","388","279","169","77","44","10","1"
"Areias (SP)","Total","225","231","233","255","240","239","240","243","293","241","227","230","206","172","108","82","59","25","20","6","2"
"Areiópolis (SP)","Total","639","681","725","728","824","747","809","793","787","679","733","622","451","333","243","155","109","50","18","4","-"
"Ariranha (SP)","Total","372","411","425","501","470","503","489","605","613","608","525","500","448","408","303","197","111","81","27","5","-"
"Artur Nogueira (SP)","Total","3117","3350","3385","3577","3952","3986","4001","4362","4186","3558","3296","2919","2560","2021","1386","861","528","283","98","26","4"
"Arujá (SP)","Total","5204","5967","5925","6265","6897","6420","6255","7112","7330","6099","5518","5023","4271","3426","2263","1320","752","415","169","45","2"
"Aspásia (SP)","Total","104","115","100","107","101","106","97","124","134","123","151","143","116","97","97","63","39","13","12","-","-"
"Assis (SP)","Total","5207","6248","6058","6066","6936","7332","7607","7850","8172","7058","6828","6624","5921","4743","3515","2404","1476","894","371","80","19"
"Atibaia (SP)","Total","9060","10241","9867","9607","10711","10573","11917","13060","13610","11482","10299","9561","8567","7080","5274","3469","2212","1309","575","157","16"
"Auriflama (SP)","Total","686","793","752","807","814","893","979","968","1053","989","939","1044","871","694","555","401","231","145","67","11","-"
"Avaí (SP)","Total","291","315","275","294","299","326","318","326","307","302","294","289","273","219","152","108","51","28","11","5","-"
"Avanhandava (SP)","Total","619","703","729","733","1037","1124","960","875","846","691","672","607","525","420","294","209","121","66","26","6","-"
"Avaré (SP)","Total","5551","6086","5766","5984","6646","6848","7045","7413","7397","6546","5751","5440","4964","4029","3070","1967","1246","678","304","59","15"
"Bady Bassitt (SP)","Total","1811","1787","1744","1575","1851","2280","2513","2546","2356","1938","1587","1445","1247","969","667","435","284","163","50","11","1"
"Balbinos (SP)","Total","72","82","85","94","235","600","654","617","502","309","160","138","87","102","66","37","28","10","9","-","-"
"Bálsamo (SP)","Total","482","513","574","565","609","668","688","732","747","696","690","669","583","462","375","255","172","73","31","12","-"
"Bananal (SP)","Total","596","557","597","695","701","635","683","702","739","699","683","682","573","480","385","274","148","98","30","10","2"
"Barão de Antonina (SP)","Total","229","235","262","242","236","233","226","242","252","215","216","208","204","208","134","86","58","27","13","5","-"
"Barbosa (SP)","Total","341","388","358","392","389","412","400","382","371","364","369","372","326","278","204","151","71","50","18","4","-"
"Bariri (SP)","Total","1836","1899","1865","1981","2215","2211","2164","2435","2300","2166","1949","2114","1919","1590","1138","820","561","301","100","28","3"
"Barra Bonita (SP)","Total","1586","1693","1831","1903","2014","2178","2446","2701","2863","2678","2541","2559","2238","1807","1304","902","594","313","157","35","3"
"Barra do Chapéu (SP)","Total","369","332","382","413","389","384","344","374","416","342","316","306","257","200","136","114","59","32","8","6","-"
"Barra do Turvo (SP)","Total","467","439","559","536","431","360","438","461","496","444","441","420","388","383","227","187","117","58","21","1","2"
"Barretos (SP)","Total","6746","7665","7120","7241","8506","8953","10001","10271","10167","8405","7698","7692","6772","5363","4030","2775","1686","899","376","104","15"
"Barrinha (SP)","Total","2184","2263","2357","2415","2605","2509","2636","2821","2613","2193","1894","1680","1401","1019","654","407","245","125","57","14","-"
"Barueri (SP)","Total","18562","23880","21855","22309","23392","23698","26170","29306","30248","24285","18943","15618","13509","10269","6870","3795","2118","1036","479","115","16"
"Bastos (SP)","Total","1214","1320","1347","1443","1479","1532","1432","1536","1541","1476","1582","1464","1285","997","763","492","349","163","71","16","1"
"Batatais (SP)","Total","3213","3402","3473","3620","3978","4314","4330","4549","4643","3705","3741","3621","3447","2885","2186","1471","984","531","238","61","10"
"Bauru (SP)","Total","20905","22807","22219","23716","28220","29680","28872","30560","30846","26233","24050","22803","20537","16634","12223","8518","5406","3149","1411","321","36"
"Bebedouro (SP)","Total","4340","4455","4453","4553","4988","5323","5635","6089","6130","5433","5156","4771","4334","3625","2864","1897","1244","676","314","85","8"
"Bento de Abreu (SP)","Total","166","183","169","155","175","182","204","179","199","178","198","159","138","109","79","61","46","19","6","1","-"
"Bernardino de Campos (SP)","Total","617","662","625","649","799","995","1017","916","830","735","689","758","612","536","421","323","226","117","60","19","1"
"Bertioga (SP)","Total","4308","4670","4660","4740","5100","4849","4935","5220","5266","4632","3900","3420","2914","2322","1590","869","456","212","92","27","6"
"Bilac (SP)","Total","358","447","415","407","452","468","500","525","556","534","533","463","457","401","324","218","128","83","37","12","1"
"Birigui (SP)","Total","6381","7246","7168","7120","7876","8355","8782","9326","9709","8912","8646","7802","6589","5361","3978","2743","1694","864","337","78","12"
"Biritiba Mirim (SP)","Total","1770","1968","2033","2198","2307","2120","2066","2208","2164","1988","1982","1784","1543","1259","998","660","347","193","75","18","2"
"Boa Esperança do Sul (SP)","Total","856","918","878","874","972","983","908","974","1032","856","828","756","678","532","415","263","142","72","34","6","1"
"Bocaina (SP)","Total","614","732","712","734","754","832","797","913","934","808","721","678","611","494","396","229","166","94","29","10","1"
"Bofete (SP)","Total","579","677","657","717","678","637","588","727","749","732","695","714","677","618","433","273","172","100","29","8","-"
"Boituva (SP)","Total","3591","4069","4055","3986","4313","4466","4831","5353","5187","4260","3699","3443","3052","2549","1819","1209","688","340","137","29","5"
"Bom Jesus dos Perdões (SP)","Total","1359","1427","1481","1496","1664","1652","1723","1858","1818","1540","1341","1248","1087","836","608","437","237","118","59","16","1"
"Bom Sucesso de Itararé (SP)","Total","276","280","268","299","290","304","261","244","250","252","211","185","154","107","80","54","24","7","8","1","-"
"Borá (SP)","Total","64","55","61","53","48","56","61","71","66","60","60","67","56","50","41","20","10","5","1","1","1"
"Boracéia (SP)","Total","314","323","340","334","352","336","364","393","331","286","302","261","241","197","135","96","61","35","11","3","-"
"Borborema (SP)","Total","682","812","791","885","877","900","917","1033","1106","1033","985","1036","970","760","575","376","283","146","54","4","1"
"Borebi (SP)","Total","177","225","190","230","181","196","206","199","205","178","169","144","135","108","69","47","23","19","9","2","1"
"Botucatu (SP)","Total","7803","9057","8866","9515","10703","10792","11154","11831","11718","9974","8897","8379","7737","6537","4847","3240","2092","1267","580","142","24"
"Bragança Paulista (SP)","Total","9537","10693","10393","10970","12868","13138","13876","14774","15046","12698","11564","10300","9594","7481","5766","3837","2331","1230","567","130","18"
"Braúna (SP)","Total","357","334","333","341","370","378","355","361","384","353","366","293","322","245","188","140","128","70","23","13","2"
"Brejo Alegre (SP)","Total","131","156","159","162","160","164","163","162","245","186","181","170","165","130","101","73","29","19","7","1","1"
"Brodowski (SP)","Total","1518","1604","1534","1674","1779","1886","2013","1986","1917","1713","1625","1527","1333","1066","850","511","372","185","86","17","5"
"Brotas (SP)","Total","1358","1427","1438","1654","1629","1618","1727","1830","1873","1696","1661","1510","1342","1018","865","538","375","228","88","22","1"
"Buri (SP)","Total","1483","1554","1602","1650","1599","1444","1513","1582","1458","1278","1181","1054","955","700","542","312","189","99","45","10","-"
"Buritama (SP)","Total","874","1035","1117","1027","1019","1053","1157","1198","1237","1182","1322","1230","1196","941","667","492","276","132","43","11","1"
"Buritizal (SP)","Total","244","259","258","297","259","283","298","325","369","320","266","266","256","214","157","123","96","44","15","6","1"
"Cabrália Paulista (SP)","Total","258","278","271","309","300","313","302","331","305","306","297","272","229","186","137","102","53","34","15","1","-"
"Cabreúva (SP)","Total","3107","3302","3330","3446","3811","3827","3775","3873","3795","3160","2952","2575","2038","1546","1091","677","383","198","94","27","4"
"Caçapava (SP)","Total","5756","6178","6220","6114","6585","6535","7018","8127","8091","6770","6227","5881","5269","4196","3046","1982","1246","628","261","59","13"
"Cachoeira Paulista (SP)","Total","1882","2058","2028","2147","2114","2073","2142","2355","2600","2213","1978","2095","1757","1470","1119","755","423","225","101","26","3"
"Caconde (SP)","Total","985","981","989","1175","1216","1137","1109","1125","1229","1099","1100","1144","1090","934","708","499","321","178","66","13","3"
"Cafelândia (SP)","Total","983","1042","1093","1076","1025","1101","1177","1232","1335","1094","1112","1043","973","826","640","395","250","165","75","13","4"
"Caiabu (SP)","Total","195","206","239","192","205","248","276","252","244","241","260","306","278","185","145","109","76","36","15","4","-"
"Caieiras (SP)","Total","5495","6237","6520","6746","7136","7199","7077","7561","7697","6950","6654","5998","4757","3625","2504","1446","811","389","172","48","10"
"Caiuá (SP)","Total","214","224","278","317","565","533","484","426","350","333","363","397","330","230","175","112","82","37","10","6","-"
"Cajamar (SP)","Total","6322","6808","6579","6518","7263","7425","8004","8850","8505","6676","5536","4376","3530","2560","1746","1019","568","268","100","28","8"
"Cajati (SP)","Total","1955","2162","2181","2154","2127","2097","1997","2081","2230","1947","1703","1547","1324","1081","757","534","353","191","72","15","7"
"Cajobi (SP)","Total","472","517","518","577","570","607","621","738","727","590","609","630","553","458","396","268","156","87","31","8","-"
"Cajuru (SP)","Total","1376","1520","1641","1631","1683","1789","1824","1793","1792","1554","1533","1447","1289","1046","775","505","343","177","87","21","4"
"Campina do Monte Alegre (SP)","Total","385","339","391","389","455","402","437","413","441","426","387","384","331","291","221","123","88","30","19","2","-"
"Campinas (SP)","Total","59317","66300","65265","67617","82049","88931","89522","92559","94732","79692","74451","69345","62418","51258","38469","25459","16822","9381","4119","1172","169"
"Campo Limpo Paulista (SP)","Total","4487","5342","5273","5321","5710","5718","5657","6193","6298","5415","5204","4500","4152","3285","2284","1330","824","403","178","50","8"
"Campos do Jordão (SP)","Total","2816","3101","3064","3248","3663","3546","3539","3584","3734","3323","3245","2848","2448","1879","1309","777","476","247","94","28","5"
"Campos Novos Paulista (SP)","Total","333","335","281","351","384","327","321","335","355","335","324","294","272","219","179","125","72","31","14","1","-"
"Cananéia (SP)","Total","746","819","835","901","833","796","765","887","939","861","774","745","731","559","464","289","166","118","46","7","8"
"Canas (SP)","Total","349","366","378","355","385","386","381","367","413","287","276","289","245","203","116","73","36","14","8","4","-"
"Cândido Mota (SP)","Total","1618","1728","1859","1815","1940","1922","2144","2213","2151","1947","2047","2041","1829","1505","1064","737","455","297","104","23","10"
"Cândido Rodrigues (SP)","Total","134","135","141","166","191","165","211","217","216","190","198","208","210","148","120","102","78","39","17","3","-"
"Canitar (SP)","Total","491","463","456","497","568","577","480","475","484","438","341","298","224","179","133","82","59","28","9","-","1"
"Capão Bonito (SP)","Total","2829","3145","3101","3551","3417","3407","3369","3484","3750","3188","2914","2587","2324","1859","1436","958","592","282","116","23","5"
"Capela do Alto (SP)","Total","1438","1531","1409","1429","2003","2117","1956","1865","1731","1505","1325","1245","1115","838","608","373","203","116","49","8","2"
"Capivari (SP)","Total","2973","3190","3206","3458","3534","3743","3743","4085","4003","3521","3322","3072","2604","2046","1455","1014","633","330","108","24","4"
"Caraguatatuba (SP)","Total","8306","9457","9282","9208","9161","9643","9920","10546","11078","9565","8603","7533","6949","6004","4240","2608","1547","781","335","89","18"
"Carapicuíba (SP)","Total","23464","27556","26282","28129","30978","29571","29166","32667","32445","27699","24866","21104","17522","14192","10067","5834","3189","1450","618","153","32"
"Cardoso (SP)","Total","520","625","678","704","636","605","716","786","844","742","775","859","789","719","528","408","246","112","42","11","-"
"Casa Branca (SP)","Total","1522","1566","1768","1737","1943","2071","2113","2336","2257","1859","1725","1791","1592","1354","1019","680","417","208","92","30","3"
"Cássia dos Coqueiros (SP)","Total","120","158","158","161","181","160","185","194","208","188","196","223","193","165","108","77","58","40","19","6","1"
"Castilho (SP)","Total","1152","1336","1377","1290","1299","1260","1310","1408","1513","1461","1398","1347","1161","1007","686","468","276","129","80","16","3"
"Catanduva (SP)","Total","5951","6612","6672","6633","7190","8134","8616","9316","9530","8130","7894","7679","6772","5658","4236","2962","2037","1155","476","123","15"
"Catiguá (SP)","Total","349","435","447","461","427","451","515","589","582","493","496","470","387","326","275","133","87","59","17","4","-"
"Cedral (SP)","Total","729","750","802","783","761","915","1034","1101","1110","861","812","702","654","522","425","302","189","103","51","10","2"
"Cerqueira César (SP)","Total","1283","1404","1407","1483","1525","1634","1865","1787","1639","1374","1291","1189","1095","867","658","441","290","143","75","14","5"
"Cerquilho (SP)","Total","2401","2733","2752","2763","3128","3099","3382","3800","3905","3188","2956","2624","2396","1989","1537","1011","540","324","127","37","3"
"Cesário Lange (SP)","Total","1110","1274","1249","1252","1483","1458","1583","1605","1512","1271","1103","1072","942","740","602","386","236","115","45","10","-"
"Charqueada (SP)","Total","952","1031","1005","1004","1122","1131","1253","1217","1183","1073","1014","914","824","673","492","309","180","109","37","11","1"
"Clementina (SP)","Total","449","469","502","504","472","462","598","570","509","423","393","433","370","305","221","133","92","56","15","6","-"
"Colina (SP)","Total","1074","1276","1064","1180","1281","1274","1400","1431","1424","1226","1321","1189","1006","808","610","459","225","153","75","8","2"
"Colômbia (SP)","Total","415","480","485","461","406","435","457","480","518","497","438","435","370","279","197","153","71","38","13","1","-"
"Conchal (SP)","Total","1945","1886","1839","2010","2297","2279","2340","2152","2165","1793","1722","1535","1296","990","751","510","317","183","74","15","2"
"Conchas (SP)","Total","809","944","982","977","1017","933","1052","1082","1099","1000","1002","1035","1018","806","601","390","262","148","52","19","4"
"Cordeirópolis (SP)","Total","1491","1674","1577","1620","1842","1968","2027","2007","2038","1657","1576","1327","1140","892","699","450","285","161","70","10","3"
"Coroados (SP)","Total","281","379","333","319","295","390","379","393","445","405","372","358","312","273","202","114","81","49","19","1","-"
"Coronel Macedo (SP)","Total","222","246","269","280","283","285","272","286","326","291","264","313","293","238","171","125","71","29","9","7","-"
"Corumbataí (SP)","Total","257","283","269","283","313","280","372","334","290","266","253","271","244","164","143","90","49","22","9","3","-"
"Cosmópolis (SP)","Total","3470","3717","4020","3942","4293","4531","4849","4882","4896","4287","3955","3641","3006","2387","1714","1040","612","362","131","31","7"
"Cosmorama (SP)","Total","499","526","495","534","622","612","599","657","636","551","543","533","534","447","383","238","185","81","25","17","2"
"Cotia (SP)","Total","17476","20535","19544","19160","19722","19917","21299","25095","25006","19905","17009","14416","12172","9395","6300","3646","2118","1109","455","118","16"
"Cravinhos (SP)","Total","1787","2006","1993","2304","2429","2452","2435","2649","2754","2248","2234","2117","1905","1468","1037","687","419","213","106","36","2"
"Cristais Paulista (SP)","Total","597","633","589","614","623","632","673","775","713","613","596","583","554","399","273","188","113","66","28","9","1"
"Cruzália (SP)","Total","103","107","131","108","109","138","135","129","168","147","133","181","171","119","84","54","57","22","9","3","-"
"Cruzeiro (SP)","Total","4171","4537","4827","4840","5073","5047","5146","5695","5942","5196","4800","5021","4608","3710","2694","1694","1066","572","262","50","10"
"Cubatão (SP)","Total","7045","7914","7822","8306","8911","8413","8614","8898","8935","7823","7307","6746","5381","4046","2747","1712","1119","459","205","61","12"
"Cunha (SP)","Total","1232","1235","1236","1394","1469","1474","1517","1529","1668","1544","1655","1649","1397","1125","819","561","363","172","60","9","2"
"Descalvado (SP)","Total","1614","1886","1807","1906","2080","2165","2350","2591","2514","2254","2154","2054","1867","1539","1173","787","536","300","152","26","1"
"Diadema (SP)","Total","21257","25229","25151","27032","30924","30323","31441","34016","33926","29112","27180","22836","18812","14091","10137","5917","3285","1672","670","190","36"
"Dirce Reis (SP)","Total","78","83","90","101","81","89","95","111","118","121","127","128","102","98","73","55","40","21","7","2","-"
"Divinolândia (SP)","Total","574","554","558","600","714","712","787","865","896","750","840","740","748","712","502","310","168","89","35","4","-"
"Dobrada (SP)","Total","522","611","663","602","667","713","756","819","735","530","508","461","364","305","217","141","91","37","13","3","1"
"Dois Córregos (SP)","Total","1461","1572","1701","1644","1581","1601","1781","1970","1880","1723","1559","1467","1350","1139","801","572","368","225","92","21","2"
"Dolcinópolis (SP)","Total","99","124","119","155","112","162","144","136","150","164","163","158","177","106","81","72","61","17","5","1","1"
"Dourado (SP)","Total","362","436","434","488","525","547","553","631","645","580","563","562","529","432","329","226","133","75","38","6","2"
"Dracena (SP)","Total","2260","2441","2440","2485","2858","3192","3343","3496","3618","3153","3121","3055","2926","2427","1770","1269","863","528","174","51","4"
"Duartina (SP)","Total","626","669","676","713","762","794","832","857","911","877","865","888","797","696","531","391","258","123","43","16","3"
"Dumont (SP)","Total","569","558","565","671","836","730","763","884","756","645","547","527","450","367","261","160","94","58","25","4","1"
"Echaporã (SP)","Total","407","391","393","366","426","445","428","438","396","414","421","424","371","290","244","154","100","69","19","9","-"
"Eldorado (SP)","Total","944","1001","1005","1021","881","883","843","873","985","814","829","721","624","546","412","311","209","102","47","14","4"
"Elias Fausto (SP)","Total","1122","1209","1174","1237","1342","1357","1348","1348","1377","1224","1145","1047","954","699","488","293","193","90","39","13","-"
"Elisiário (SP)","Total","145","214","187","182","171","231","230","245","257","241","221","202","166","166","112","78","48","32","9","1","-"
"Embaúba (SP)","Total","108","123","154","143","111","130","161","191","179","158","161","176","163","129","97","57","44","22","15","1","-"
"Embu das Artes (SP)","Total","15755","18540","18047","18738","20513","19823","19480","21187","21179","17574","15589","12809","10802","8443","5927","3334","1770","758","318","94","11"
"Embu-Guaçu (SP)","Total","4079","4879","4740","4868","5061","4955","4709","5250","5598","4736","4252","3691","3339","2678","1859","1155","632","311","129","43","6"
"Emilianópolis (SP)","Total","161","164","153","193","193","157","187","185","206","204","242","248","195","153","149","106","69","33","14","2","-"
"Engenheiro Coelho (SP)","Total","1361","1362","1299","1490","1928","1807","1723","1666","1434","1129","1090","959","767","533","396","295","180","94","34","13","6"
"Espírito Santo do Pinhal (SP)","Total","1880","2081","2206","2329","2787","2788","2814","2888","3091","2881","2997","2761","2464","2038","1530","1030","690","362","156","40","3"
"Espírito Santo do Turvo (SP)","Total","298","301","309","296","334","337","325","313","305","265","244","225","199","155","118","79","30","16","5","2","1"
"Estrela d'Oeste (SP)","Total","463","546","524","589","688","666","653","710","761","641","622","657","541","467","361","229","177","83","31","6","2"
"Estrela do Norte (SP)","Total","149","172","193","179","175","162","202","204","178","165","199","208","181","104","90","56","49","19","12","5","1"
"Euclides da Cunha Paulista (SP)","Total","463","501","576","586","438","493","509","505","553","614","636","563","463","351","239","201","147","64","16","6","-"
"Fartura (SP)","Total","947","999","1050","1045","1105","1041","1198","1303","1268","1094","1067","1067","1042","848","639","448","280","122","67","11","-"
"Fernandópolis (SP)","Total","3697","4129","3826","4119","4867","4983","5197","5395","5736","4771","4815","4568","4290","3643","2772","1959","1304","733","296","77","9"
"Fernando Prestes (SP)","Total","289","315","327","365","369","354","416","428","509","419","445","374","352","267","274","198","125","75","34","7","-"
"Fernão (SP)","Total","101","116","92","125","90","113","122","112","129","129","95","77","101","73","81","49","34","10","5","2","-"
"Ferraz de Vasconcelos (SP)","Total","11681","13003","12612","13187","14513","14480","14025","14804","14194","12381","11501","9889","8155","6196","4093","2305","1265","600","250","54","10"
"Flora Rica (SP)","Total","65","82","81","90","73","75","92","87","94","87","119","132","107","86","88","63","34","19","11","2","-"
"Floreal (SP)","Total","97","134","120","161","130","140","154","156","187","195","190","233","210","200","162","116","73","49","21","4","1"
"Flórida Paulista (SP)","Total","624","662","686","724","982","1158","1154","993","991","862","832","809","746","568","460","337","197","124","39","5","5"
"Florínea (SP)","Total","143","192","171","169","234","377","414","412","393","288","232","211","198","158","117","77","36","18","8","3","-"
"Franca (SP)","Total","20456","22486","21121","23408","26509","26529","27569","27555","27502","23872","23414","21536","18922","15097","11077","7190","4607","2396","1001","242","47"
"Francisco Morato (SP)","Total","12224","12296","12119","12949","13935","13900","13383","13208","12532","10515","9494","8216","7507","5784","3752","1754","949","403","165","45","9"
"Franco da Rocha (SP)","Total","9013","10210","9780","10495","11967","11798","11994","12546","12635","10259","8747","7005","6130","5087","3594","1873","1033","439","182","52","10"
"Gabriel Monteiro (SP)","Total","133","163","161","156","144","142","185","200","184","202","235","209","165","155","134","91","62","30","11","1","-"
"Gália (SP)","Total","316","359","375","370","342","384","404","454","524","478","445","425","402","371","305","198","113","81","26","7","1"
"Garça (SP)","Total","2272","2367","2468","2657","2912","2840","2984","3036","3286","3052","2885","2641","2494","2191","1668","1093","671","378","161","47","7"
"Gastão Vidigal (SP)","Total","146","214","205","238","190","177","191","260","248","214","213","217","202","166","152","114","58","33","12","2","-"
"Gavião Peixoto (SP)","Total","325","330","318","328","328","338","388","368","365","301","299","283","242","170","126","89","51","36","14","3","-"
"General Salgado (SP)","Total","494","622","587","592","619","605","673","762","722","726","717","790","695","594","456","320","201","87","36","13","1"
"Getulina (SP)","Total","450","518","548","598","713","841","873","884","871","722","648","611","590","458","361","255","149","94","39","8","1"
"Glicério (SP)","Total","243","251","264","236","265","226","261","269","294","284","316","291","278","253","172","102","73","41","17","2","-"
"Guaiçara (SP)","Total","713","771","808","766","784","796","821","885","869","731","751","689","586","499","304","224","142","61","31","6","2"
"Guaimbê (SP)","Total","316","367","365","388","379","355","370","396","423","338","362","341","332","275","188","154","90","45","20","8","-"
"Guaíra (SP)","Total","2162","2256","2419","2711","2679","2754","2871","3194","3144","2822","2772","2509","2201","1738","1297","881","533","220","89","25","2"
"Guapiaçu (SP)","Total","1286","1429","1343","1408","1669","1706","1708","1764","1740","1463","1416","1204","1080","880","673","443","255","188","48","6","2"
"Guapiara (SP)","Total","1012","1130","1171","1217","1157","1146","1214","1167","1270","1173","1161","1122","994","780","590","369","228","106","45","19","-"
"Guará (SP)","Total","1089","1187","1196","1430","1487","1344","1259","1397","1444","1272","1187","1075","972","818","649","394","225","105","50","25","1"
"Guaraçaí (SP)","Total","325","356","403","435","433","405","435","493","541","559","595","551","515","456","343","262","169","117","34","10","4"
"Guaraci (SP)","Total","539","609","718","705","687","685","734","849","771","709","694","656","580","481","388","256","143","101","36","7","2"
"Guarani d'Oeste (SP)","Total","96","113","120","118","91","121","125","135","139","144","150","147","140","103","89","60","42","24","9","1","1"
"Guarantã (SP)","Total","405","404","493","436","479","439","424","483","483","453","389","356","347","311","236","133","88","44","19","5","-"
"Guararapes (SP)","Total","1575","1912","1890","1835","1887","1969","2181","2498","2388","2148","2221","2167","1886","1453","1120","859","573","334","111","32","4"
"Guararema (SP)","Total","1762","2116","2070","2134","2221","2079","2241","2377","2485","2158","2104","1902","1680","1427","1098","717","387","184","65","23","6"
"Guaratinguetá (SP)","Total","6472","7066","6977","7239","7819","7993","8674","9079","9443","8450","8343","7826","7118","5513","4147","2785","1704","879","383","118","16"
"Guareí (SP)","Total","756","798","730","834","1231","1492","1457","1353","1310","1051","895","806","710","588","403","274","195","95","30","5","-"
"Guariba (SP)","Total","2199","2426","2582","2710","2782","2851","2982","3324","3175","2472","2357","2181","1866","1391","894","600","392","214","78","20","2"
"Guarujá (SP)","Total","17334","19953","19293","20340","22220","21847","21313","22409","23063","20220","19146","17399","14693","11152","7679","4625","2720","1459","583","149","37"
"Guarulhos (SP)","Total","78452","89942","86180","91005","101087","99030","101252","108519","107675","92039","85512","72337","60951","46423","32351","19261","11268","5533","2255","597","102"
"Guatapará (SP)","Total","442","501","516","520","477","512","494","520","564","517","440","460","397","368","273","165","88","39","18","8","1"
"Guzolândia (SP)","Total","235","257","285","288","254","293","284","311","345","275","277","286","273","227","126","111","65","37","12","4","1"
"Herculândia (SP)","Total","568","559","557","673","634","652","636","685","663","655","575","592","528","401","287","212","142","70","32","4","-"
"Holambra (SP)","Total","919","984","955","1069","1051","1098","1064","1304","1308","1176","991","858","716","606","420","252","170","98","49","6","-"
"Hortolândia (SP)","Total","14388","16233","15486","16089","18759","20146","20657","21025","19911","16375","14939","12606","10636","8002","5185","3024","1819","862","381","105","13"
"Iacanga (SP)","Total","612","644","671","647","651","691","749","838","864","779","683","700","538","501","350","260","147","76","29","5","2"
"Iacri (SP)","Total","320","362","360","379","408","411","402","414","415","436","409","449","419","305","258","183","113","61","26","1","-"
"Iaras (SP)","Total","391","397","462","494","457","514","627","758","791","781","590","542","431","333","225","115","51","32","16","2","1"
"Ibaté (SP)","Total","2069","2222","2127","2363","2474","2434","2638","2756","2578","2240","2053","1792","1523","1106","746","493","342","158","51","10","3"
"Ibirá (SP)","Total","639","712","660","707","695","791","824","932","944","762","757","752","721","602","431","347","224","121","58","9","2"
"Ibirarema (SP)","Total","347","421","386","433","426","423","410","455","454","457","451","452","349","286","241","171","124","75","16","7","1"
"Ibitinga (SP)","Total","3718","3686","3697","3749","4246","4377","4662","4935","4929","4171","3901","3629","3184","2571","1835","1281","829","400","190","37","6"
"Ibiúna (SP)","Total","4807","5194","5086","5246","5442","5163","5277","5745","5820","5324","4898","4495","4140","3427","2478","1522","877","437","183","33","11"
"Icém (SP)","Total","360","458","427","454","684","677","627","626","656","506","515","464","373","369","264","180","93","60","20","6","-"
"Iepê (SP)","Total","407","477","461","475","483","518","486","526","533","516","569","532","487","401","284","209","131","78","38","7","1"
"Igaraçu do Tietê (SP)","Total","1302","1378","1478","1531","1518","1593","1697","1890","1869","1693","1704","1615","1432","915","630","426","235","138","47","15","-"
"Igarapava (SP)","Total","1449","1584","1628","1673","1709","1732","1997","2078","1996","1735","1681","1721","1587","1211","916","654","469","246","112","29","5"
"Igaratá (SP)","Total","643","698","652","732","748","741","756","797","851","678","688","643","633","502","380","222","143","69","21","7","1"
"Iguape (SP)","Total","1630","1888","2011","2076","1832","1695","1678","1921","2065","2067","2027","1950","1800","1592","1178","799","506","263","99","29","9"
"Ilhabela (SP)","Total","2045","2372","2389","2419","2594","2585","2775","3260","3274","2597","2172","1816","1538","1159","873","529","298","140","74","22","3"
"Ilha Comprida (SP)","Total","684","827","817","799","691","658","674","830","938","887","865","1009","1139","1110","780","371","214","83","36","7","-"
"Ilha Solteira (SP)","Total","1173","1392","1457","1520","1684","1722","1691","1665","1867","1929","2003","1865","1618","1358","1042","790","449","214","88","20","2"
"Indaiatuba (SP)","Total","14487","16149","15348","15560","17227","18089","20623","23339","23015","19055","16633","14690","13174","10467","7629","4945","2998","1474","674","153","19"
"Indiana (SP)","Total","291","304","300","300","349","327","375","364","388","343","384","335","313","250","193","133","86","33","19","3","-"
"Indiaporã (SP)","Total","183","225","246","221","199","219","260","273","301","269","297","266","327","242","201","153","84","37","27","5","-"
"Inúbia Paulista (SP)","Total","186","192","205","228","252","216","215","288","275","265","257","260","245","187","133","86","65","37","22","1","-"
"Ipaussu (SP)","Total","831","883","961","965","978","982","953","1027","1014","938","843","838","784","576","452","338","209","89","40","9","2"
"Iperó (SP)","Total","2348","2594","2456","2435","2796","3115","3184","3145","2954","2434","2072","1971","1688","1347","871","567","283","139","48","9","3"
"Ipeúna (SP)","Total","407","475","431","474","536","548","484","527","540","451","442","387","333","288","208","139","95","44","18","4","-"
"Ipiguá (SP)","Total","402","459","502","385","417","458","482","530","494","469","473","448","385","315","232","145","93","49","20","2","1"
"Iporanga (SP)","Total","254","302","323","315","249","262","296","283","307","292","249","226","227","175","102","80","57","32","13","2","-"
"Ipuã (SP)","Total","856","917","868","1083","1133","1115","1106","1170","1206","1059","928","824","722","543","417","257","152","69","22","6","1"
"Iracemápolis (SP)","Total","1279","1343","1339","1446","1649","1616","1718","1945","1886","1454","1425","1400","1142","864","592","420","229","144","61","15","-"
"Irapuã (SP)","Total","374","440","434","468","484","465","475","519","529","452","434","401","413","359","271","164","103","50","24","7","1"
"Irapuru (SP)","Total","293","311","321","391","499","668","614","578","509","464","439","456","404","360","299","212","125","104","31","7","-"
"Itaberá (SP)","Total","1111","1147","1144","1212","1287","1322","1297","1402","1434","1218","1161","1084","970","813","581","369","258","116","43","12","2"
"Itaí (SP)","Total","1650","1732","1716","1742","1686","1797","1770","2051","2076","1746","1603","1546","1325","1084","727","452","259","139","56","21","2"
"Itajobi (SP)","Total","971","953","952","1082","1244","1273","1221","1260","1255","1120","1102","1023","961","857","718","450","290","170","67","18","2"
"Itaju (SP)","Total","235","249","218","257","241","243","246","277","240","242","200","227","214","201","134","98","57","23","15","1","-"
"Itanhaém (SP)","Total","6148","7539","8074","7865","6979","6536","6831","7817","8396","7491","7147","7184","7372","6743","4850","2804","1524","776","302","90","8"
"Itaoca (SP)","Total","215","248","216","247","217","207","194","252","250","272","241","187","208","155","130","85","52","28","13","4","1"
"Itapecerica da Serra (SP)","Total","9899","11689","11696","11805","12588","12031","11643","13123","13019","11391","10345","8462","7140","5568","3885","2152","1185","599","236","60","6"
"Itapetininga (SP)","Total","9533","10330","10221","11081","12448","12315","12299","12603","12495","10391","9505","8750","8222","6412","4750","3038","1831","1007","423","116","20"
"Itapeva (SP)","Total","5656","6137","5952","6540","6981","6688","6700","7011","7155","5940","5658","5395","4511","3327","2674","1674","990","516","172","45","6"
"Itapevi (SP)","Total","15839","18611","16654","17444","18905","19049","19283","20349","19114","15908","14285","11372","9225","7003","4581","2443","1339","611","205","65","12"
"Itapira (SP)","Total","3683","4064","3875","4197","4877","5278","5491","5713","5915","4927","5001","4659","4314","3543","2704","1712","1104","600","287","72","6"
"Itapirapuã Paulista (SP)","Total","318","313","273","387","397","340","309","348","299","291","251","219","169","114","114","93","44","17","8","1","1"
"Itápolis (SP)","Total","2115","2265","2208","2386","2552","2771","2826","3140","3085","2686","2793","2726","2295","1886","1448","1061","679","382","151","33","5"
"Itaporanga (SP)","Total","768","928","1011","984","889","840","934","1058","1065","964","904","866","861","757","538","348","196","108","54","11","1"
"Itapuí (SP)","Total","967","906","942","970","999","1068","1021","1044","1011","925","829","747","723","575","415","215","177","72","42","9","2"
"Itapura (SP)","Total","223","250","261","256","262","238","270","256","284","289","295","263","278","203","159","90","65","28","8","1","-"
"Itaquaquecetuba (SP)","Total","25694","28890","27627","28740","30985","29374","28969","30547","28956","24684","22813","19178","15957","11577","7473","4120","2178","1006","388","107","12"
"Itararé (SP)","Total","2754","2994","2810","3227","3163","3260","3140","3361","3288","3109","2853","2669","2365","1942","1499","962","551","315","139","32","5"
"Itariri (SP)","Total","1062","1135","1224","1202","1089","993","1024","1128","1090","1002","905","933","820","677","512","326","233","128","41","4","-"
"Itatiba (SP)","Total","6746","7363","7162","7363","8479","8845","9433","10597","10811","8786","8022","7321","6697","5066","3870","2338","1451","818","339","76","7"
"Itatinga (SP)","Total","1179","1239","1321","1453","1643","1656","1573","1540","1423","1224","1167","1020","836","655","483","317","191","96","35","15","4"
"Itirapina (SP)","Total","827","866","879","877","1365","1670","1613","1557","1324","1022","950","865","694","602","438","268","186","108","25","7","5"
"Itirapuã (SP)","Total","386","389","412","419","427","429","372","411","387","407","341","318","264","281","218","157","86","46","24","4","1"
"Itobi (SP)","Total","472","476","479","517","592","608","601","684","627","553","428","481","500","366","280","180","117","48","29","8","-"
"Itu (SP)","Total","10032","10849","10861","11147","12211","12475","12503","13551","13945","12111","11374","10011","8854","6829","4893","3075","1872","1074","444","112","17"
"Itupeva (SP)","Total","4712","5222","4959","4823","5443","5581","5964","6309","6447","4937","4120","3624","2885","2140","1596","871","542","274","136","25","6"
"Ituverava (SP)","Total","2091","2051","2198","2436","2529","2540","2522","2894","3200","2590","2472","2308","2256","1889","1427","1012","627","363","126","36","4"
"Jaborandi (SP)","Total","308","353","408","415","419","400","437","518","481","436","427","445","370","284","213","137","102","46","17","4","1"
"Jaboticabal (SP)","Total","3551","3993","4093","4412","4946","5090","5251","5675","5931","5045","4859","4581","4176","3484","2731","1850","1173","629","261","73","17"
"Jacareí (SP)","Total","13300","15621","15597","15631","16400","16874","17981","19805","20157","17478","15944","14668","12681","10355","7835","4950","2812","1428","606","135","17"
"Jaci (SP)","Total","496","540","478","511","593","575","598","665","596","576","443","421","387","266","194","136","81","36","17","4","-"
"Jacupiranga (SP)","Total","1052","1162","1071","1213","1064","1055","1054","1127","1237","1124","1044","1001","848","708","544","353","245","123","56","15","1"
"Jaguariúna (SP)","Total","3501","3649","3569","3814","4471","4660","4945","5167","5303","4241","3789","3203","2928","2230","1598","1074","676","338","152","33","6"
"Jales (SP)","Total","2464","2608","2660","2677","2950","3155","3349","3674","3935","3588","3476","3462","3138","2588","1934","1456","943","479","191","46","3"
"Jambeiro (SP)","Total","401","428","415","406","412","417","451","444","508","468","407","420","380","312","242","134","84","43","18","7","-"
"Jandira (SP)","Total","7267","8310","8024","8117","9682","9456","9321","10223","9940","8376","7933","6669","5244","3981","2575","1522","840","405","126","32","2"
"Jardinópolis (SP)","Total","2746","3048","2920","3134","3389","3598","3606","3741","3747","3054","2716","2511","2220","1756","1357","823","484","283","113","32","4"
"Jarinu (SP)","Total","2514","2672","2590","2526","2694","2696","3043","3200","3108","2599","2283","2039","1786","1436","1050","642","340","201","89","24","3"
"Jaú (SP)","Total","6991","7718","7780","8412","9001","8977","9657","10938","11130","9586","9038","8570","7888","6435","4619","3079","1983","1103","471","112","9"
"Jeriquara (SP)","Total","266","301","281","284","323","314","279","314","288","273","214","202","162","138","85","61","40","25","9","3","1"
"Joanópolis (SP)","Total","716","793","827","850","755","823","945","1000","976","860","879","808","775","605","509","323","214","96","48","13","-"
"João Ramalho (SP)","Total","267","327","330","295","276","305","327","338","334","296","291","262","227","192","125","86","52","28","13","-","-"
"José Bonifácio (SP)","Total","2168","2253","2229","2379","2636","2747","2830","2980","2913","2414","2337","2291","1998","1614","1145","830","493","240","112","20","4"
"Júlio Mesquita (SP)","Total","285","283","265","270","334","295","278","313","304","264","279","270","248","196","140","125","53","34","17","1","-"
"Jumirim (SP)","Total","210","233","176","219","242","212","242","229","238","185","189","163","164","119","79","68","44","33","10","1","-"
"Jundiaí (SP)","Total","23748","25949","25548","25660","28638","31082","35413","39195","39815","32068","29080","26444","23706","19455","14799","10109","6639","3872","1557","398","46"
"Junqueirópolis (SP)","Total","1020","1166","1232","1186","1197","1467","1688","1583","1664","1417","1437","1353","1099","993","759","535","353","199","77","21","2"
"Juquiá (SP)","Total","1057","1186","1163","1242","1206","967","1009","1160","1255","1178","1105","1122","1053","852","633","461","282","138","72","11","2"
"Juquitiba (SP)","Total","1735","1994","1904","1954","2050","1791","1852","2023","2016","1884","1877","1664","1512","1229","892","521","295","137","54","17","3"
"Lagoinha (SP)","Total","235","253","274","313","282","311","292","328","404","347","449","369","350","283","211","177","105","70","21","7","2"
"Laranjal Paulista (SP)","Total","1539","1590","1593","1729","1938","1895","1966","2062","2050","1722","1594","1567","1467","1189","934","640","401","256","102","21","6"
"Lavínia (SP)","Total","237","261","290","305","891","1436","1462","1243","982","595","462","382","330","262","203","166","107","51","17","7","-"
"Lavrinhas (SP)","Total","472","541","522","514","512","556","525","588","571","504","465","388","342","266","170","124","63","33","11","4","-"
"Leme (SP)","Total","5607","6096","6288","6665","7202","7507","7826","8363","7962","6710","6221","5825","4920","3997","2982","1895","1144","607","265","68","11"
"Lençóis Paulista (SP)","Total","3904","4180","4211","4336","4828","4989","5155","5495","5424","4630","4343","4049","3592","2713","2006","1299","759","401","150","34","7"
"Limeira (SP)","Total","15503","16835","16865","18323","20916","21087","22697","24019","24164","20686","19734","18466","16803","13578","9417","5983","3744","2019","846","163","21"
"Lindóia (SP)","Total","395","417","422","418","453","434","488","548","559","463","522","469","443","338","271","170","123","53","26","2","-"
"Lins (SP)","Total","4110","4454","4401","4385","5251","5276","5389","5890","5958","5115","4941","4865","4337","3615","2732","1750","1210","724","292","75","9"
"Lorena (SP)","Total","4906","5254","5242","5633","5944","6151","6309","6525","6769","5571","5335","5347","4755","3924","2982","2033","1163","637","303","68","4"
"Lourdes (SP)","Total","100","116","104","118","121","102","100","138","146","137","147","128","115","127","103","79","44","15","7","3","-"
"Louveira (SP)","Total","3493","3822","3447","3391","4283","4606","4509","4839","4560","3347","2864","2385","2060","1637","1110","676","455","231","99","31","2"
"Lucélia (SP)","Total","965","978","1073","1103","1240","1385","1468","1599","1663","1539","1507","1447","1250","970","736","539","335","151","84","23","6"
"Lucianópolis (SP)","Total","124","132","148","153","175","165","145","201","201","155","132","110","132","142","126","61","41","16","11","2","-"
"Luís Antônio (SP)","Total","798","819","912","936","887","988","958","1037","972","817","733","659","628","428","302","174","125","64","19","6","3"
"Luiziânia (SP)","Total","299","342","297","320","293","329","342","387","319","272","293","316","295","197","153","105","78","42","15","5","2"
"Lupércio (SP)","Total","233","277","275","272","234","236","279","273","329","247","250","269","236","212","139","104","69","31","13","2","1"
"Lutécia (SP)","Total","148","180","180","158","161","159","196","198","186","177","165","194","179","134","87","73","48","25","8","3","2"
"Macatuba (SP)","Total","1021","1057","1134","1123","1172","1233","1292","1369","1315","1066","1104","1111","926","662","489","315","234","137","57","12","-"
"Macaubal (SP)","Total","378","386","393","438","421","447","476","534","554","486","542","527","521","442","334","250","212","98","36","5","1"
"Macedônia (SP)","Total","201","201","207","268","228","213","230","268","319","291","291","298","276","218","188","121","71","50","21","2","1"
"Magda (SP)","Total","124","180","190","155","187","170","224","186","241","240","234","216","228","192","147","116","78","40","16","1","-"
"Mairinque (SP)","Total","2966","3227","3297","3267","3661","3747","3789","4136","4114","3485","3253","2995","2640","2086","1553","924","517","247","98","18","7"
"Mairiporã (SP)","Total","5548","6420","6235","6201","6594","6473","6751","7343","7722","6766","6423","5802","5243","4069","2794","1741","950","512","208","50","8"
"Manduri (SP)","Total","565","575","634","632","651","678","737","730","725","649","724","609","563","437","397","263","169","85","42","5","1"
"Marabá Paulista (SP)","Total","198","209","225","209","508","532","411","324","321","312","294","300","241","190","135","81","57","18","7","1","-"
"Maracaí (SP)","Total","727","798","769","803","851","837","873","994","1002","897","886","855","701","608","452","318","173","81","42","6","-"
"Marapoama (SP)","Total","199","189","178","198","222","229","262","259","275","225","229","204","184","155","118","86","46","19","13","-","2"
"Mariápolis (SP)","Total","190","201","208","209","205","212","256","251","257","211","228","291","251","191","138","101","65","37","11","-","-"
"Marília (SP)","Total","13817","14664","13990","14106","16467","17552","17349","18405","19110","17117","15546","14669","13315","10924","8237","5516","3647","2049","902","213","32"
"Marinópolis (SP)","Total","77","87","93","110","114","111","113","128","134","142","157","155","159","107","75","45","27","17","6","2","1"
"Martinópolis (SP)","Total","1337","1442","1467","1540","1715","1883","1867","1949","1858","1615","1723","1728","1453","1170","852","560","383","223","95","18","3"
"Matão (SP)","Total","3955","4627","4514","4819","5268","5663","5991","6592","6629","5607","5438","5242","4672","3799","2709","1640","1018","549","249","46","6"
"Mauá (SP)","Total","24433","26611","26605","27976","32726","33264","34211","35912","34648","29218","27797","24561","20500","15687","10913","6491","3913","1891","714","171","19"
"Mendonça (SP)","Total","374","355","378","371","393","416","490","513","479","388","398","407","312","297","238","175","101","48","19","6","1"
"Meridiano (SP)","Total","220","277","277","292","295","303","304","318","358","356","318","309","287","234","157","126","77","40","21","3","-"
"Mesópolis (SP)","Total","107","117","142","122","144","121","132","138","144","145","107","138","124","98","66","46","31","15","14","1","-"
"Miguelópolis (SP)","Total","1209","1181","1274","1375","1446","1427","1298","1543","1497","1402","1287","1227","1029","835","625","413","221","110","29","9","4"
"Mineiros do Tietê (SP)","Total","632","674","707","737","711","749","805","918","919","778","730","712","666","590","415","213","149","82","34","8","1"
"Miracatu (SP)","Total","1226","1364","1353","1326","1258","1175","1163","1279","1325","1239","1190","1199","1046","874","664","419","246","132","56","16","3"
"Mira Estrela (SP)","Total","161","180","171","152","154","171","201","197","227","234","225","226","252","230","179","84","47","19","14","2","-"
"Mirandópolis (SP)","Total","1102","1344","1394","1423","1479","2045","2410","2621","2513","2115","1957","1924","1610","1265","1049","778","532","264","127","24","7"
"Mirante do Paranapanema (SP)","Total","848","1004","1022","1039","928","862","972","1047","1121","1122","1203","1263","1061","832","617","442","284","157","68","22","3"
"Mirassol (SP)","Total","3745","3862","3669","3789","4065","4390","4834","5117","5241","4561","4404","4133","3570","2822","2151","1342","881","490","203","61","7"
"Mirassolândia (SP)","Total","280","282","301","298","314","335","307","351","344","336","296","298","250","221","172","132","89","38","20","5","-"
"Mococa (SP)","Total","3469","3940","3912","4215","4485","4557","4737","5203","5423","4657","4535","4543","4136","3491","2726","1737","1050","556","235","67","7"
"Mogi das Cruzes (SP)","Total","27214","30359","30713","31322","33828","33224","34015","36367","36915","31391","29109","26421","22769","17970","12711","8084","5093","2652","1037","274","37"
"Mogi Guaçu (SP)","Total","8655","9387","9227","9379","10620","11536","11975","12958","12521","10793","10110","9506","8381","6997","4919","3324","1962","941","372","81","14"
"Mogi Mirim (SP)","Total","4831","5404","5375","5596","6008","6367","6775","7527","7585","6534","6386","6105","5549","4564","3365","2161","1316","724","308","69","9"
"Mombuca (SP)","Total","292","294","252","252","259","284","257","281","262","237","247","238","198","133","92","74","43","16","8","3","-"
"Monções (SP)","Total","88","114","109","113","81","84","99","136","137","147","142","154","152","130","92","76","41","24","15","3","-"
"Mongaguá (SP)","Total","3138","4255","3965","3947","3973","4247","3706","4237","4238","4308","3905","3898","4526","3766","3232","1386","742","322","117","40","3"
"Monte Alegre do Sul (SP)","Total","403","490","459","458","506","533","590","679","661","606","595","616","647","493","345","262","151","91","33","8","1"
"Monte Alto (SP)","Total","2419","2607","2505","2698","3032","3266","3441","3888","3831","3294","3382","3242","2920","2424","1847","1234","815","482","204","37","6"
"Monte Aprazível (SP)","Total","1149","1238","1294","1372","1423","1408","1597","1786","1763","1537","1515","1472","1295","1142","902","633","428","219","82","17","8"
"Monte Azul Paulista (SP)","Total","918","969","1006","1106","1113","1281","1360","1444","1440","1211","1307","1229","1103","847","720","498","324","174","75","23","3"
"Monte Castelo (SP)","Total","252","258","239","259","250","268","269","300","336","275","271","287","283","239","163","125","84","42","8","11","3"
"Monteiro Lobato (SP)","Total","229","289","312","244","233","216","250","312","310","278","258","311","291","235","140","120","65","24","16","5","-"
"Monte Mor (SP)","Total","4249","4698","4593","4458","4822","4961","5192","5549","5859","4530","3951","3265","2922","2248","1548","873","548","270","91","32","3"
"Morro Agudo (SP)","Total","1713","1864","1912","2013","2023","2051","2099","2352","2184","1939","1822","1643","1367","1068","811","534","324","154","48","9","3"
"Morungaba (SP)","Total","858","893","858","939","1004","1029","1048","1077","1118","964","881","802","675","566","464","267","155","82","29","10","1"
"Motuca (SP)","Total","214","272","246","267","246","287","285","293","339","301","264","268","252","178","142","82","57","23","14","4","-"
"Murutinga do Sul (SP)","Total","170","200","184","209","223","186","199","223","260","265","309","332","267","229","176","148","69","56","23","9","-"
"Nantes (SP)","Total","169","187","194","183","172","190","199","196","204","170","206","181","133","96","68","53","35","16","5","2","1"
"Narandiba (SP)","Total","398","467","440","376","436","459","405","453","423","369","355","314","282","177","152","100","52","36","15","4","-"
"Natividade da Serra (SP)","Total","388","439","464","383","401","368","409","468","525","451","513","511","474","436","321","221","127","67","24","7","2"
"Nazaré Paulista (SP)","Total","1087","1112","1161","1151","1222","1176","1382","1421","1416","1205","1264","1219","1024","813","647","406","296","141","66","7","1"
"Neves Paulista (SP)","Total","526","492","517","523","511","576","628","808","750","679","686","684","639","533","430","301","233","127","49","6","1"
"Nhandeara (SP)","Total","418","511","561","561","525","505","583","707","755","641","685","778","701","617","490","381","245","130","50","6","2"
"Nipoã (SP)","Total","313","356","301","311","320","346","396","382","377","337","307","276","214","161","132","110","67","31","11","2","-"
"Nova Aliança (SP)","Total","399","402","408","436","487","480","452","482","514","464","432","425","370","353","219","155","122","64","21","8","-"
"Nova Campina (SP)","Total","605","663","615","668","749","688","665","661","630","535","487","453","382","258","188","133","57","42","17","1","-"
"Nova Canaã Paulista (SP)","Total","80","85","102","124","113","93","87","123","153","150","143","137","177","153","138","81","57","25","6","5","-"
"Nova Castilho (SP)","Total","57","79","72","71","56","69","83","77","71","60","89","72","57","55","35","29","20","10","-","-","-"
"Nova Europa (SP)","Total","559","592","648","623","613","647","676","764","793","696","592","545","487","401","271","204","114","61","17","8","-"
"Nova Granada (SP)","Total","1145","1233","1224","1140","1376","1315","1396","1510","1581","1318","1254","1183","1105","878","697","484","299","181","78","18","4"
"Nova Guataporanga (SP)","Total","130","126","117","124","140","124","126","147","156","153","126","134","166","137","94","68","44","30","14","-","-"
"Nova Independência (SP)","Total","263","283","273","302","415","498","401","400","385","276","263","224","218","144","108","81","45","24","5","1","-"
"Novais (SP)","Total","289","339","312","314","313","363","395","366","352","270","259","229","177","132","117","81","62","30","9","3","-"
"Nova Luzitânia (SP)","Total","154","156","161","200","175","159","180","212","231","217","224","161","183","156","113","74","47","18","12","4","-"
"Nova Odessa (SP)","Total","3424","3844","3754","3801","4255","4431","4732","5214","5514","4606","4233","3853","3450","2603","1913","1128","745","351","136","26","6"
"Novo Horizonte (SP)","Total","2089","2312","2376","2422","2435","2592","2806","2974","2996","2649","2619","2486","2263","1877","1374","961","630","306","127","26","4"
"Nuporanga (SP)","Total","444","474","472","451","462","531","609","549","573","434","520","498","426","356","253","152","90","63","28","6","-"
"Ocauçu (SP)","Total","282","286","294","253","310","290","268","308","292","276","267","277","260","246","168","103","73","59","14","5","-"
"Óleo (SP)","Total","116","150","166","143","161","181","156","147","184","168","163","172","180","153","116","69","50","27","8","2","-"
"Olímpia (SP)","Total","3151","3425","3416","3466","3605","3985","4368","4630","4409","3591","3483","3193","2931","2405","2047","1365","851","500","205","43","5"
"Onda Verde (SP)","Total","289","332","316","359","322","322","356","405","364","345","286","301","254","182","148","96","56","26","7","3","2"
"Oriente (SP)","Total","324","359","345","363","403","356","412","503","413","363","407","436","470","328","219","164","123","56","30","10","1"
"Orindiúva (SP)","Total","399","404","416","386","414","396","499","549","497","447","402","341","268","227","163","93","69","35","15","4","-"
"Orlândia (SP)","Total","1985","2235","2241","2497","2625","2738","2813","3013","3031","2554","2698","2590","2349","1736","1346","861","571","273","129","33","1"
"Osasco (SP)","Total","41299","48512","45942","48662","54061","56388","58154","61969","60933","51070","47662","42834","36642","27792","20185","12638","7776","4021","1569","432","74"
"Oscar Bressane (SP)","Total","98","124","171","131","132","109","146","164","189","163","179","189","159","145","155","104","68","29","12","3","-"
"Osvaldo Cruz (SP)","Total","1441","1707","1648","1736","2206","2172","2144","2195","2325","2116","2191","2181","2064","1726","1289","934","646","360","156","28","7"
"Ourinhos (SP)","Total","5774","6368","6636","6692","7043","7127","7272","7890","8066","7283","7087","6777","5914","4945","3811","2550","1558","760","326","79","12"
"Ouroeste (SP)","Total","577","633","658","652","653","687","736","849","795","738","697","638","619","484","367","242","143","82","33","11","-"
"Ouro Verde (SP)","Total","539","509","516","552","497","538","554","566","563","526","534","485","428","321","253","172","118","70","30","8","-"
"Pacaembu (SP)","Total","487","546","555","563","1204","1819","1716","1494","1348","936","848","812","751","573","437","330","239","145","59","13","2"
"Palestina (SP)","Total","676","665","712","696","695","758","823","938","868","780","743","736","659","550","468","324","213","108","49","13","2"
"Palmares Paulista (SP)","Total","585","627","656","678","734","727","787","841","862","679","605","574","441","307","221","149","103","54","18","2","-"
"Palmeira d'Oeste (SP)","Total","393","411","463","517","510","497","498","543","641","671","685","741","690","514","402","332","246","113","32","4","-"
"Palmital (SP)","Total","966","1082","1124","1253","1210","1271","1277","1373","1473","1421","1289","1315","1208","1116","881","646","368","213","94","11","3"
"Panorama (SP)","Total","969","1069","1051","1058","1037","1092","1026","1033","1084","1045","1018","871","771","668","525","325","186","89","31","14","2"
"Paraguaçu Paulista (SP)","Total","2363","2654","2556","2538","2805","2968","3060","3129","3091","2883","2751","2664","2318","1819","1439","976","599","336","130","34","7"
"Paraibuna (SP)","Total","1068","1084","1098","1087","1188","1167","1284","1202","1291","1133","1207","1267","1099","897","652","441","301","127","60","13","1"
"Paraíso (SP)","Total","320","328","364","365","379","386","424","500","527","429","424","407","369","308","218","161","102","55","27","5","1"
"Paranapanema (SP)","Total","1347","1378","1248","1323","1503","1529","1387","1500","1527","1350","1182","1152","1005","795","515","338","179","100","27","8","2"
"Paranapuã (SP)","Total","244","261","203","299","273","263","275","275","311","272","266","244","262","199","167","87","77","32","15","4","2"
"Parapuã (SP)","Total","521","583","577","637","640","690","656","764","782","708","754","743","735","587","466","315","228","140","39","15","-"
"Pardinho (SP)","Total","437","482","518","537","572","488","491","518","551","493","478","410","341","307","209","158","93","42","26","2","-"
"Pariquera-Açu (SP)","Total","1159","1315","1305","1387","1346","1337","1208","1484","1557","1376","1226","1088","977","829","644","438","322","151","65","16","3"
"Parisi (SP)","Total","151","186","173","179","182","171","206","211","213","188","176","201","185","169","119","95","50","23","11","3","-"
"Patrocínio Paulista (SP)","Total","920","1015","1030","1047","1075","1037","1123","1039","1124","912","895","871","752","630","446","271","173","101","37","12","2"
"Paulicéia (SP)","Total","493","620","571","540","535","549","558","594","572","516","529","495","474","363","240","166","88","37","11","4","-"
"Paulínia (SP)","Total","6183","7503","7428","7517","7527","7522","8708","10001","10309","8559","7293","6248","5219","4040","2931","1733","997","524","233","54","8"
"Paulistânia (SP)","Total","142","130","121","151","139","145","152","157","149","156","143","130","100","96","56","59","40","14","6","2","2"
"Paulo de Faria (SP)","Total","371","393","444","446","507","487","541","530","550","513","520","537","443","360","302","200","149","66","26","12","3"
"Pederneiras (SP)","Total","2554","2915","2936","3053","3153","3337","3235","3599","3512","3214","2961","2769","2386","1881","1381","900","567","306","129","33","6"
"Pedra Bela (SP)","Total","349","373","356","401","362","441","485","522","508","466","459","431","379","385","285","176","110","46","18","5","-"
"Pedranópolis (SP)","Total","119","143","158","167","147","129","154","181","218","226","186","206","225","199","134","86","60","27","14","5","3"
"Pedregulho (SP)","Total","919","990","1007","1115","1134","1071","1151","1199","1215","985","968","902","890","739","508","326","223","120","48","13","2"
"Pedreira (SP)","Total","2203","2425","2380","2646","3103","3155","3368","3513","3590","3070","3037","2896","2459","1920","1347","922","605","321","116","35","1"
"Pedrinhas Paulista (SP)","Total","134","156","139","162","165","195","185","196","200","193","232","219","185","157","110","84","54","26","11","1","-"
"Pedro de Toledo (SP)","Total","611","899","766","757","651","670","838","787","792","649","788","743","774","608","432","271","144","60","30","9","2"
"Penápolis (SP)","Total","3425","3777","3817","3709","4048","4040","4260","4592","4827","4292","4159","4041","3759","3071","2282","1632","1087","579","218","52","12"
"Pereira Barreto (SP)","Total","1262","1448","1495","1397","1417","1515","1724","1634","1795","1752","1860","1748","1469","1180","938","702","427","230","73","26","3"
"Pereiras (SP)","Total","520","615","584","582","573","582","640","680","603","563","583","549","517","405","322","213","107","66","23","10","-"
"Peruíbe (SP)","Total","3817","4392","4795","4690","4374","4052","4170","4679","5028","4579","4390","4291","4377","3974","3001","1838","1052","533","247","67","6"
"Piacatu (SP)","Total","275","314","350","314","370","359","380","439","423","367","349","420","334","299","191","152","113","44","20","5","1"
"Piedade (SP)","Total","2934","3285","3256","3391","3637","3751","3862","4050","4104","3713","3604","3443","3247","2461","1758","1130","761","400","136","43","4"
"Pilar do Sul (SP)","Total","1726","1799","1870","1892","2030","1958","1934","2027","2008","1906","1807","1694","1526","1228","951","641","372","176","58","15","1"
"Pindamonhangaba (SP)","Total","10222","11030","10740","11044","11632","11893","12414","13436","13894","11562","10229","9690","8889","7283","5252","3042","1773","918","377","98","10"
"Pindorama (SP)","Total","688","801","852","864","886","917","1000","1147","1225","1040","1075","897","866","729","638","410","260","166","67","10","4"
"Pinhalzinho (SP)","Total","763","894","891","933","965","959","982","1079","1201","1067","1013","1032","1029","873","685","414","268","115","51","8","2"
"Piquerobi (SP)","Total","156","181","188","216","189","194","226","241","242","217","252","274","213","157","116","95","73","24","10","-","-"
"Piquete (SP)","Total","578","734","759","829","749","765","826","840","888","832","895","941","875","721","510","354","194","129","53","18","-"
"Piracaia (SP)","Total","1321","1477","1426","1505","1791","1714","1949","1891","2150","1848","1912","1663","1570","1337","1113","649","407","193","92","18","3"
"Piracicaba (SP)","Total","22733","25979","24897","26263","30032","32240","33874","36641","35672","29265","26440","24850","22485","18340","13931","9063","5637","3137","1449","350","45"
"Piraju (SP)","Total","1598","1764","1817","1929","1932","1939","2049","2170","2145","2002","1880","2016","1799","1571","1208","735","473","270","118","18","3"
"Pirajuí (SP)","Total","1037","1106","1184","1220","1616","1996","2004","1967","1899","1485","1297","1349","1371","1046","734","488","335","192","84","19","2"
"Pirangi (SP)","Total","570","605","599","660","676","794","761","824","842","747","785","733","641","541","423","297","202","129","44","11","1"
"Pirapora do Bom Jesus (SP)","Total","1361","1465","1350","1462","1498","1511","1402","1438","1489","1268","1150","884","745","524","365","223","138","65","27","4","1"
"Pirapozinho (SP)","Total","1445","1501","1572","1540","1839","1816","1862","1773","1883","1780","1881","1738","1487","1143","820","556","395","210","84","22","1"
"Pirassununga (SP)","Total","3997","4325","4478","4420","4800","4908","5323","5790","5914","4984","4840","4816","4404","3499","2794","1979","1196","679","312","78","9"
"Piratininga (SP)","Total","896","1032","962","889","935","884","999","1215","1442","1107","976","907","860","744","525","327","201","131","64","11","1"
"Pitangueiras (SP)","Total","2134","2158","2226","2467","2740","2577","2538","2802","2681","2198","2178","1989","1598","1203","887","604","386","208","84","16","-"
"Planalto (SP)","Total","243","278","280","320","297","269","300","327","385","303","293","288","262","203","134","95","62","37","12","-","1"
"Platina (SP)","Total","194","199","218","195","189","197","193","224","186","247","195","195","172","148","117","71","53","25","6","1","-"
"Poá (SP)","Total","5862","6894","7126","7306","8061","7598","7428","8146","8289","7558","6988","6260","5477","4233","3036","1747","1022","449","224","51","10"
"Poloni (SP)","Total","313","320","350","330","353","354","411","419","399","349","365","333","339","291","224","183","129","78","40","12","-"
"Pompéia (SP)","Total","1068","1265","1164","1205","1380","1286","1352","1544","1801","1465","1313","1304","1189","1046","729","530","312","153","61","23","6"
"Pongaí (SP)","Total","148","191","181","213","196","200","222","243","276","214","232","227","253","234","142","104","69","35","13","2","-"
"Pontal (SP)","Total","2431","2507","2580","2811","3190","3029","3092","3199","3144","2639","2183","2075","1673","1227","753","506","293","192","69","11","3"
"Pontalinda (SP)","Total","261","269","290","265","288","284","280","351","325","263","275","241","216","181","149","92","50","31","11","2","3"
"Pontes Gestal (SP)","Total","127","154","158","118","122","156","189","165","174","138","163","162","155","125","102","95","45","22","12","5","-"
"Populina (SP)","Total","180","242","280","254","228","220","252","315","301","280","287","294","301","226","185","130","96","38","16","2","-"
"Porangaba (SP)","Total","556","584","621","620","610","590","659","651","684","678","721","786","804","710","535","319","175","105","37","5","1"
"Porto Feliz (SP)","Total","3167","3605","3416","3482","4208","4331","4280","4709","4491","3919","3717","3493","3041","2480","1762","1150","659","397","148","36","6"
"Porto Ferreira (SP)","Total","2709","3114","3150","3612","3621","3725","3956","4132","4183","3690","3537","3441","3008","2328","1757","1202","811","447","184","38","4"
"Potim (SP)","Total","1239","1307","1271","1313","1881","1997","1832","1834","1748","1354","1268","1013","833","601","425","251","139","47","27","8","4"
"Potirendaba (SP)","Total","1073","1208","1133","1131","1226","1269","1397","1407","1599","1161","1166","1152","1048","845","648","451","304","176","79","21","2"
"Pracinha (SP)","Total","70","92","81","118","351","495","344","221","152","136","116","109","72","79","68","41","20","9","4","-","-"
"Pradópolis (SP)","Total","933","1075","1145","1187","1159","1218","1344","1461","1445","1172","1132","998","921","699","513","356","174","87","46","13","-"
"Praia Grande (SP)","Total","20143","23424","23720","23446","23830","23150","25374","28325","29703","23864","22128","19978","19542","16587","12228","7239","4194","2015","811","199","35"
"Pratânia (SP)","Total","327","399","363","405","430","455","413","408","367","319","307","261","225","186","113","70","42","28","5","2","1"
"Presidente Alves (SP)","Total","210","227","258","216","227","205","236","293","292","279","252","241","248","234","155","108","64","32","22","5","-"
"Presidente Bernardes (SP)","Total","568","659","674","717","928","1223","1273","1206","1101","981","971","1013","948","684","575","458","269","147","68","22","5"
"Presidente Epitácio (SP)","Total","2141","2480","2440","2698","2530","2546","2637","2806","3060","2853","2795","2773","2407","1947","1416","947","590","272","130","33","4"
"Presidente Prudente (SP)","Total","12259","13040","12736","13661","15811","16463","16484","16980","17625","15699","15762","14919","13126","10685","8056","5668","3659","2037","791","185","22"
"Presidente Venceslau (SP)","Total","1687","1860","1958","1969","2068","2059","2273","2549","2889","2618","2661","2655","2343","1856","1456","996","695","384","178","43","4"
"Promissão (SP)","Total","1993","2186","2267","2458","2356","2461","2469","2492","2712","2485","2352","2300","2052","1525","1207","856","543","287","106","21","3"
"Quadra (SP)","Total","176","235","234","220","218","198","235","247","247","235","257","220","208","181","129","93","45","17","9","1","-"
"Quatá (SP)","Total","785","911","880","852","888","930","932","1001","1042","923","920","842","688","600","384","271","175","105","23","7","4"
"Queiroz (SP)","Total","207","247","234","237","238","239","223","291","279","220","211","180","152","104","63","65","45","17","7","6","-"
"Queluz (SP)","Total","597","604","593","624","692","726","645","615","706","614","604","561","501","388","307","169","117","61","24","9","2"
"Quintana (SP)","Total","484","452","428","451","524","532","471","588","528","496","439","392","368","305","217","173","109","56","15","10","-"
"Rafard (SP)","Total","573","533","591","587","619","638","668","732","723","604","564","587","476","346","267","209","131","75","35","7","-"
"Rancharia (SP)","Total","1634","1826","1720","1813","1889","1884","1937","2087","2103","1988","1999","2078","1766","1355","954","701","460","247","111","33","3"
"Redenção da Serra (SP)","Total","233","264","295","277","262","234","251","267","338","333","317","315","351","307","197","131","76","33","9","4","-"
"Regente Feijó (SP)","Total","1105","1224","1211","1266","1346","1378","1407","1521","1605","1362","1378","1425","1201","951","678","497","344","160","68","16","2"
"Reginópolis (SP)","Total","276","367","379","412","1094","943","688","572","553","433","397","338","327","305","230","150","123","46","22","6","1"
"Registro (SP)","Total","3543","4126","4048","4096","4227","4068","4133","4699","5101","4294","3977","3463","2989","2507","1864","1291","827","425","210","51","8"
"Restinga (SP)","Total","383","488","458","493","471","466","431","514","495","400","421","414","327","247","168","104","78","34","10","2","-"
"Ribeira (SP)","Total","194","196","226","231","189","188","209","220","209","216","210","190","193","155","126","82","62","23","11","1","1"
"Ribeirão Bonito (SP)","Total","621","701","713","704","750","764","768","834","857","802","752","677","581","510","355","257","184","101","47","11","-"
"Ribeirão Branco (SP)","Total","1396","1384","1357","1479","1476","1468","1420","1388","1399","1231","1142","1005","824","637","451","314","153","72","21","8","2"
"Ribeirão Corrente (SP)","Total","299","353","346","317","377","326","340","339","341","286","284","262","221","175","142","104","55","29","6","6","-"
"Ribeirão do Sul (SP)","Total","263","269","267","290","276","310","279","327","348","355","310","329","291","255","204","155","88","45","10","5","1"
"Ribeirão dos Índios (SP)","Total","96","94","106","123","131","115","115","138","137","147","148","159","134","122","90","82","47","27","11","3","-"
"Ribeirão Grande (SP)","Total","426","448","506","561","463","500","488","569","618","494","551","467","398","316","276","173","109","59","21","6","1"
"Ribeirão Pires (SP)","Total","5865","6902","6870","7150","8048","7903","8289","9048","9696","8808","8185","7633","6509","5497","4033","2586","1391","741","319","74","12"
"Ribeirão Preto (SP)","Total","37203","40348","40156","42065","51815","56947","58480","60884","59183","47129","42864","40112","36439","29787","22086","14787","9752","5464","2433","618","90"
"Riversul (SP)","Total","359","363","384","401","364","385","348","347","407","351","361","391","373","275","190","142","96","40","17","4","1"
"Rifaina (SP)","Total","224","255","232","283","298","259","252","328","314","266","268","262","249","188","144","110","66","32","17","2","-"
"Rincão (SP)","Total","517","567","586","597","622","621","610","655","699","634","643","636","541","402","315","219","130","66","32","6","-"
"Rinópolis (SP)","Total","472","511","502","581","602","580","655","658","674","576","618","623","603","520","389","279","225","127","53","8","3"
"Rio Claro (SP)","Total","10761","11902","11984","12179","14436","14909","15336","16441","16797","14140","13094","12401","11320","8820","6673","4649","2978","1613","765","202","18"
"Rio das Pedras (SP)","Total","1933","2100","2075","2172","2385","2287","2439","2735","2596","2327","1958","1812","1508","1132","847","491","321","154","49","6","1"
"Rio Grande da Serra (SP)","Total","2643","3012","3109","3280","3516","3281","3300","3605","3693","3106","2930","2571","2061","1665","1081","670","387","169","67","21","3"
"Riolândia (SP)","Total","503","494","523","588","1022","1069","988","1024","899","718","549","486","451","348","269","194","97","55","27","5","-"
"Rosana (SP)","Total","940","1059","1122","1192","1098","1056","1078","1117","1298","1324","1350","1290","1123","871","686","450","230","112","37","5","2"
"Roseira (SP)","Total","656","789","747","721","732","825","775","865","908","747","714","670","538","479","303","201","85","57","16","4","-"
"Rubiácea (SP)","Total","173","208","186","174","154","178","195","192","221","193","197","189","149","110","74","44","38","16","6","3","-"
"Rubinéia (SP)","Total","210","183","226","195","204","169","190","224","256","268","288","309","325","295","214","136","83","40","14","3","1"
"Sabino (SP)","Total","244","281","337","311","258","305","300","328","393","345","352","343","384","334","221","172","119","53","25","7","-"
"Sagres (SP)","Total","155","152","175","140","149","167","164","171","178","160","167","146","171","123","115","65","35","25","11","4","1"
"Sales (SP)","Total","306","389","419","372","387","357","418","479","468","407","458","474","492","396","264","176","99","56","16","3","1"
"Sales Oliveira (SP)","Total","613","682","680","704","761","820","850","932","923","773","761","716","650","531","399","301","167","92","49","6","1"
"Salesópolis (SP)","Total","912","944","992","1076","1091","1025","1079","1015","1104","1095","1044","969","924","709","530","345","195","101","44","8","-"
"Salmourão (SP)","Total","296","313","271","335","344","332","313","332","376","308","295","302","281","233","189","136","93","37","19","3","-"
"Saltinho (SP)","Total","433","444","443","514","525","537","565","678","693","611","521","505","497","422","345","191","131","69","34","3","-"
"Salto (SP)","Total","8277","8759","8266","8465","9337","10340","11022","11707","11194","9305","8516","8103","7080","5335","3670","2304","1442","773","326","82","16"
"Salto de Pirapora (SP)","Total","2436","2907","2884","2863","3289","3260","3244","3447","3416","2923","2876","2662","2433","1917","1348","957","495","273","100","15","3"
"Salto Grande (SP)","Total","527","586","551","602","618","586","572","643","645","624","599","596","517","490","360","256","154","85","28","11","-"
"Sandovalina (SP)","Total","235","266","285","231","242","251","244","251","257","267","253","236","209","150","124","74","40","20","9","1","-"
"Santa Adélia (SP)","Total","723","837","811","899","959","982","985","1080","1131","1041","920","908","780","649","532","352","238","129","51","10","1"
"Santa Albertina (SP)","Total","367","399","355","348","327","398","475","459","471","420","414","418","430","391","303","206","104","77","26","3","2"
"Santa Bárbara d'Oeste (SP)","Total","9706","10898","10329","10826","12225","13454","14368","15075","14941","12513","12946","12453","11322","8846","5963","3496","2195","1160","505","113","13"
"Santa Branca (SP)","Total","740","773","844","911","931","933","932","985","1004","1001","1043","984","892","734","523","370","207","118","42","7","1"
"Santa Clara d'Oeste (SP)","Total","180","152","174","140","162","165","185","193","196","182","160","152","160","144","101","77","51","17","5","1","1"
"Santa Cruz da Conceição (SP)","Total","169","234","237","243","250","207","245","322","337","309","319","313","313","267","211","136","86","50","22","6","1"
"Santa Cruz da Esperança (SP)","Total","116","143","148","137","123","162","129","155","134","119","125","151","137","106","97","65","42","22","5","-","-"
"Santa Cruz das Palmeiras (SP)","Total","1648","1805","1775","1977","2034","2099","2173","2478","2269","1961","1918","1768","1565","1217","877","612","388","200","77","20","3"
"Santa Cruz do Rio Pardo (SP)","Total","2715","2884","2985","3072","3225","3187","3296","3558","3497","3055","3047","2868","2546","2187","1736","1145","805","399","179","54","2"
"Santa Ernestina (SP)","Total","403","335","399","417","463","525","504","493","486","409","413","365","295","236","144","122","68","25","9","7","-"
"Santa Fé do Sul (SP)","Total","1969","1990","1954","1985","2326","2401","2419","2634","2778","2407","2389","2287","2042","1763","1337","1016","618","312","130","29","8"
"Santa Gertrudes (SP)","Total","1516","1630","1612","1685","2120","2072","1934","1944","1888","1644","1445","1190","948","685","529","356","214","128","57","12","2"
"Santa Isabel (SP)","Total","3040","3465","3532","3594","4003","3741","3814","4089","4280","3668","3665","3280","2969","2268","1700","969","625","312","118","38","4"
"Santa Lúcia (SP)","Total","385","487","414","462","503","539","545","567","580","438","516","470","413","308","195","169","100","41","12","4","1"
"Santa Maria da Serra (SP)","Total","341","353","381","378","328","405","382","442","351","334","339","312","315","194","143","115","71","42","10","5","2"
"Santa Mercedes (SP)","Total","172","207","183","196","161","196","192","241","199","213","190","217","192","133","91","77","56","26","12","1","1"
"Santana da Ponte Pensa (SP)","Total","55","84","87","90","75","77","93","91","130","105","128","143","142","117","93","72","51","27","7","2","1"
"Santana de Parnaíba (SP)","Total","9801","11394","11472","11055","11101","10650","11005","12965","13966","11450","9548","8608","7134","5573","3917","2120","1245","712","294","81","14"
"Santa Rita d'Oeste (SP)","Total","132","139","119","152","163","135","163","186","197","172","195","211","192","194","145","114","65","36","21","1","1"
"Santa Rita do Passa Quatro (SP)","Total","1108","1289","1323","1398","1419","1393","1533","1811","1946","1739","1707","1842","1715","1497","1178","821","604","319","153","34","4"
"Santa Rosa de Viterbo (SP)","Total","1202","1433","1418","1439","1464","1601","1707","1732","1796","1614","1620","1522","1436","1149","912","609","401","227","100","26","3"
"Santa Salete (SP)","Total","77","88","94","99","94","86","92","108","121","127","123","119","109","98","88","52","41","17","10","1","1"
"Santo Anastácio (SP)","Total","918","943","1011","1103","1127","1174","1139","1202","1287","1218","1321","1434","1188","884","732","565","376","238","78","24","1"
"Santo André (SP)","Total","36797","42132","42120","44263","49561","52132","57486","63789","64131","54046","50904","47751","42323","34764","26257","17795","12145","6707","2975","751","90"
"Santo Antônio da Alegria (SP)","Total","427","408","418","405","467","455","449","516","518","398","429","431","428","374","282","186","102","57","22","3","-"
"Santo Antônio de Posse (SP)","Total","1411","1535","1468","1567","1874","1830","1877","1821","1844","1517","1556","1262","1224","932","646","402","269","143","55","11","-"
"Santo Antônio do Aracanguá (SP)","Total","453","546","562","492","458","527","563","618","660","589","637","628","563","431","284","185","117","43","21","2","-"
"Santo Antônio do Jardim (SP)","Total","322","338","354","438","395","373","408","444","455","459","425","371","414","313","278","162","90","63","20","4","-"
"Santo Antônio do Pinhal (SP)","Total","383","441","426","456","507","443","473","545","564","517","490","534","461","338","222","148","103","65","14","2","1"
"Santo Expedito (SP)","Total","169","171","148","214","176","190","164","199","203","203","213","231","198","171","136","104","68","24","12","5","1"
"Santópolis do Aguapeí (SP)","Total","236","269","251","260","282","278","282","314","285","250","255","231","248","162","111","78","49","31","21","6","-"
"Santos (SP)","Total","17452","21045","21873","22979","24963","25449","27320","30702","34224","29334","28203","29007","27637","24368","19477","14332","10097","6304","2965","770","107"
"São Bento do Sapucaí (SP)","Total","582","691","699","710","723","733","772","821","906","808","843","825","803","616","441","327","217","104","41","10","2"
"São Bernardo do Campo (SP)","Total","41002","48852","49236","50482","57601","57987","61438","67602","69860","60298","55737","51476","44188","35243","25725","16359","10083","4951","2021","520","68"
"São Caetano do Sul (SP)","Total","7320","8993","9026","8912","9049","9124","10409","13374","14614","12240","11003","11364","10572","9253","7462","5284","3852","2308","1145","312","39"
"São Carlos (SP)","Total","13749","15186","14344","15959","19843","19367","19451","20403","20806","17791","16313","15290","14108","11310","8473","5597","3624","2051","921","238","33"
"São Francisco (SP)","Total","116","126","140","150","158","152","149","153","168","188","188","210","186","152","141","92","79","34","17","2","1"
"São João da Boa Vista (SP)","Total","4783","5227","5014","5382","6173","6360","6507","7330","7591","6595","6503","6320","5538","4679","3430","2243","1499","862","387","108","16"
"São João das Duas Pontes (SP)","Total","139","135","144","167","173","166","160","168","191","188","203","192","165","135","100","64","55","26","7","2","-"
"São João de Iracema (SP)","Total","114","108","117","120","122","137","129","99","112","140","136","123","99","99","82","52","34","18","4","1","-"
"São João do Pau d'Alho (SP)","Total","111","113","119","113","127","132","135","136","131","157","160","161","168","167","117","82","63","34","10","6","-"
"São Joaquim da Barra (SP)","Total","2571","2931","3017","3232","3216","3461","3559","4033","4083","3459","3212","2967","2681","2109","1679","1071","705","356","167","46","3"
"São José da Bela Vista (SP)","Total","489","517","567","618","609","595","557","523","502","495","509","415","369","295","252","153","84","49","22","5","1"
"São José do Barreiro (SP)","Total","242","239","268","254","262","230","248","265","266","246","281","267","236","206","126","96","69","34","14","4","-"
"São José do Rio Pardo (SP)","Total","2848","3131","2912","2971","3228","3547","3928","4081","4087","3309","3375","3382","3417","2858","2091","1391","905","495","198","45","6"
"São José do Rio Preto (SP)","Total","25806","27587","27050","27738","33827","36749","38358","39456","40111","33462","31277","29581","26838","21564","16224","11323","7312","4025","1641","420","44"
"São José dos Campos (SP)","Total","39987","44960","43908","44369","49806","50555","53937","57604","59458","49163","44477","41337","36989","30242","22173","13818","7851","4044","1800","491","85"
"São Lourenço da Serra (SP)","Total","960","1087","1029","1097","1194","1117","1128","1177","1289","1149","1131","997","832","738","516","294","177","101","42","10","2"
"São Luiz do Paraitinga (SP)","Total","504","544","554","604","606","650","654","722","712","735","788","812","743","622","423","309","199","113","33","9","1"
"São Manuel (SP)","Total","2060","2306","2313","2373","2569","2637","2812","2881","3011","2862","2561","2204","2093","1645","1231","796","520","282","105","27","1"
"São Miguel Arcanjo (SP)","Total","1950","2158","2201","2270","2344","2258","2275","2348","2523","2099","2208","1956","1715","1320","987","687","418","219","87","14","2"
"São Paulo (SP)","Total","599931","682444","670931","720787","845139","882865","888568","942674","947455","812857","752842","682446","606419","490960","370447","244904","161775","92602","42666","11526","1761"
"São Pedro (SP)","Total","2009","2290","2232","2416","2523","2411","2499","2815","2998","2719","2550","2386","2395","1962","1654","1171","667","375","135","42","7"
"São Pedro do Turvo (SP)","Total","483","482","478","530","511","463","483","519","550","435","477","482","366","332","266","197","83","53","22","5","-"
"São Roque (SP)","Total","4396","5113","5060","5077","5161","5273","5663","6328","6719","5599","5197","4873","4665","3736","2769","1760","1138","639","243","65","10"
"São Sebastião (SP)","Total","5186","5795","5838","5947","6168","6021","6265","6613","7158","5880","5183","4441","3754","2848","2009","1201","709","376","160","40","3"
"São Sebastião da Grama (SP)","Total","534","574","610","651","677","713","766","798","814","696","724","716","643","541","391","261","184","89","47","11","1"
"São Simão (SP)","Total","622","745","844","927","869","847","914","1030","1029","882","934","920","850","680","517","360","259","135","62","15","1"
"São Vicente (SP)","Total","18159","21406","20841","22364","25277","24188","24426","25343","26530","23288","22053","19843","17538","14428","10584","6504","4022","2064","828","197","28"
"Sarapuí (SP)","Total","607","733","697","747","716","731","723","755","764","672","626","652","621","500","333","252","149","59","26","5","1"
"Sarutaiá (SP)","Total","223","214","238","283","273","289","252","253","245","229","217","241","222","185","130","104","53","36","13","3","1"
"Sebastianópolis do Sul (SP)","Total","179","196","191","171","153","185","226","259","232","194","204","226","220","185","121","83","67","29","6","2","1"
"Serra Azul (SP)","Total","556","623","621","738","1108","1337","1298","1263","1191","869","785","666","575","456","304","185","92","52","22","5","-"
"Serrana (SP)","Total","2715","3115","3121","3272","3606","3537","3593","3743","3521","2967","2695","2387","1897","1438","981","641","403","186","76","13","2"
"Serra Negra (SP)","Total","1487","1611","1628","1757","1908","1858","1991","2156","2482","2118","2044","1917","1956","1653","1338","828","605","357","156","40","4"
"Sertãozinho (SP)","Total","7562","8276","8268","8303","9053","9551","10396","11225","10838","8860","7889","7285","6296","4801","3654","2207","1377","670","293","73","10"
"Sete Barras (SP)","Total","866","902","954","948","833","755","771","864","956","902","848","757","661","625","431","325","190","101","32","8","1"
"Severínia (SP)","Total","894","940","893","1028","1177","1154","1023","1202","1142","957","940","882","810","536","435","240","168","107","37","10","1"
"Silveiras (SP)","Total","369","396","385","475","447","384","438","437","469","436","375","393","369","281","213","144","92","52","25","4","2"
"Socorro (SP)","Total","1935","2181","2202","2315","2439","2508","2802","2944","3158","2758","2827","2685","2587","2334","1740","1211","831","446","174","45","-"
"Sorocaba (SP)","Total","42358","45600","44045","46001","53234","56508","59451","62059","61562","50432","45753","41910","36960","28817","20560","13302","8234","4440","1913","481","62"
"Sud Mennucci (SP)","Total","436","447","470","466","453","482","504","525","556","557","551","494","445","340","264","184","99","52","20","10","-"
"Sumaré (SP)","Total","16743","18981","19047","18774","20559","21420","23298","24842","24654","19670","17832","15210","13177","10313","6932","4085","2322","1076","469","120","21"
"Suzano (SP)","Total","19463","21882","21268","22250","23915","24292","23714","25420","25263","21519","19505","16634","14327","11122","7776","4557","2573","1288","510","130","21"
"Suzanápolis (SP)","Total","169","207","222","219","208","202","242","255","254","237","259","253","212","165","128","89","50","20","15","2","-"
"Tabapuã (SP)","Total","517","658","637","680","668","722","777","929","890","790","818","774","723","570","443","330","232","119","38","7","1"
"Tabatinga (SP)","Total","968","971","933","929","1011","1029","1125","1164","1198","1015","953","824","821","679","450","327","198","112","49","11","2"
"Taboão da Serra (SP)","Total","15411","18319","18296","18919","21449","21247","21101","23927","24408","20462","17969","15056","12546","9561","6720","4044","2334","1161","462","125","25"
"Taciba (SP)","Total","408","436","433","402","399","460","460","463","442","446","422","441","310","256","192","126","99","41","20","4","-"
"Taguaí (SP)","Total","859","864","899","903","1034","1023","1055","1064","918","768","717","684","596","467","367","234","112","74","24","7","-"
"Taiaçu (SP)","Total","332","336","314","378","398","407","393","426","418","379","413","379","313","234","206","151","115","62","16","7","-"
"Taiúva (SP)","Total","301","324","290","374","578","606","539","616","501","393","387","354","353","295","254","159","116","64","34","9","1"
"Tambaú (SP)","Total","1205","1350","1377","1319","1363","1503","1649","1547","1594","1394","1409","1425","1315","1051","781","523","330","198","78","22","2"
"Tanabi (SP)","Total","1390","1519","1489","1464","1560","1685","1741","1917","2040","1641","1698","1751","1555","1272","1003","665","489","261","102","21","2"
"Tapiraí (SP)","Total","524","564","592","624","614","578","489","534","584","552","522","416","419","305","266","215","115","58","20","5","-"
"Tapiratiba (SP)","Total","572","663","689","722","797","820","837","792","888","792","868","883","814","588","405","291","212","120","52","10","1"
"Taquaral (SP)","Total","124","139","169","195","176","159","178","191","232","171","177","162","181","121","102","72","31","25","12","2","-"
"Taquaritinga (SP)","Total","2713","3084","3131","3417","3456","3609","3724","3994","4108","3725","3556","3417","3062","2498","1895","1292","871","439","212","53","4"
"Taquarituba (SP)","Total","1393","1432","1514","1532","1849","1982","2052","1957","1952","1683","1512","1430","1294","1082","695","460","305","140","69","16","1"
"Taquarivaí (SP)","Total","533","473","492","549","591","565","499","540","527","424","395","348","342","246","172","89","56","25","9","1","-"
"Tarabai (SP)","Total","400","428","437","443","492","521","461","452","483","450","433","446","357","254","183","128","99","45","19","5","-"
"Tarumã (SP)","Total","920","1116","1091","1018","1055","1070","1132","1179","1115","1107","960","934","751","550","362","264","154","77","23","3","1"
"Tatuí (SP)","Total","7548","8053","8188","8502","9166","9394","9366","10030","10036","8584","7701","7063","6339","4946","3787","2524","1551","767","293","92","12"
"Taubaté (SP)","Total","17286","19617","18990","19384","21500","22482","23849","25391","26341","21514","20660","18954","16861","13812","10128","6648","3990","2149","924","234","25"
"Tejupá (SP)","Total","263","279","286","322","319","280","259","295","295","290","233","232","224","190","157","118","52","25","7","1","-"
"Teodoro Sampaio (SP)","Total","1498","1609","1521","1516","1542","1461","1606","1708","1783","1552","1520","1370","1071","874","636","453","250","132","50","18","3"
"Terra Roxa (SP)","Total","429","465","477","539","509","532","585","654","580","529","528","514","492","400","251","198","106","76","26","13","1"
"Tietê (SP)","Total","2005","2195","2277","2374","2558","2674","2907","3205","3056","2570","2485","2298","2130","1700","1326","851","561","318","129","42","2"
"Timburi (SP)","Total","102","151","160","142","146","161","151","185","145","137","148","194","194","148","149","71","40","29","9","2","-"
"Torre de Pedra (SP)","Total","115","112","110","148","121","116","120","133","149","147","138","142","146","129","88","62","36","24","7","2","1"
"Torrinha (SP)","Total","533","554","519","529","553","597","649","753","717","604","655","631","566","496","372","266","171","101","61","5","3"
"Trabiju (SP)","Total","96","102","137","129","126","128","116","121","122","124","110","101","84","52","49","37","21","18","6","2","1"
"Tremembé (SP)","Total","2603","3097","3009","3038","4136","4322","4374","4596","4522","3604","3097","3011","2498","1965","1386","916","542","298","126","26","7"
"Três Fronteiras (SP)","Total","374","425","399","376","473","460","482","488","510","456","463","446","406","362","260","195","126","76","23","3","1"
"Tuiuti (SP)","Total","332","394","389","399","347","381","472","483","532","470","472","443","458","410","332","233","131","63","31","6","-"
"Tupã (SP)","Total","3279","3584","3500","3814","4009","4103","4290","4823","5047","4447","4368","4355","3918","3293","2681","1975","1305","697","344","84","12"
"Tupi Paulista (SP)","Total","658","760","725","693","888","1116","1272","1390","1385","1116","1034","1100","1032","881","667","520","316","203","81","15","2"
"Turiúba (SP)","Total","90","103","97","99","93","100","94","102","120","137","127","150","129","118","98","85","41","26","7","2","-"
"Turmalina (SP)","Total","66","53","67","85","89","74","83","97","87","99","131","196","160","118","99","89","47","20","8","1","-"
"Ubarana (SP)","Total","352","364","391","393","380","408","415","406","382","393","337","305","238","218","174","98","67","30","9","2","3"
"Ubatuba (SP)","Total","5880","6126","6019","6205","6828","7102","7206","7500","7861","6801","6110","5415","4649","3598","2576","1548","906","408","189","44","10"
"Ubirajara (SP)","Total","362","375","379","370","343","372","383","391","389","310","285","297","262","245","179","95","43","37","12","2","1"
"Uchoa (SP)","Total","505","599","637","647","600","677","733","798","789","733","663","736","627","553","412","308","182","126","53","14","2"
"União Paulista (SP)","Total","127","105","118","114","123","98","126","112","120","106","82","103","77","71","56","28","19","16","1","1","-"
"Urânia (SP)","Total","431","473","504","550","505","525","568","624","727","574","622","618","626","496","371","267","173","113","54","12","-"
"Uru (SP)","Total","85","82","85","69","82","75","75","104","105","84","85","113","106","87","76","30","24","11","8","1","-"
"Urupês (SP)","Total","684","732","744","794","844","937","987","1058","1076","931","899","970","848","739","575","404","273","165","64","19","1"
"Valentim Gentil (SP)","Total","890","919","835","886","955","1067","1116","1180","1184","965","885","791","742","616","417","331","193","85","29","12","-"
"Valinhos (SP)","Total","6236","7174","7184","7303","7839","8481","9452","10649","11014","9814","9291","8776","7281","5671","4184","2728","1830","921","425","110","10"
"Valparaíso (SP)","Total","1358","1565","1547","1346","1559","2003","2187","2344","2152","1712","1493","1429","1159","819","612","416","296","156","65","20","3"
"Vargem (SP)","Total","687","711","673","619","765","822","781","787","811","703","672","583","550","463","401","245","142","58","33","6","-"
"Vargem Grande do Sul (SP)","Total","2324","2427","2445","2706","2788","2851","2906","3114","3098","2665","2669","2615","2306","1875","1377","941","602","280","111","29","4"
"Vargem Grande Paulista (SP)","Total","3040","3531","3503","3435","3618","3431","3676","4153","4390","3756","3284","2894","2577","1931","1435","845","530","267","100","17","2"
"Várzea Paulista (SP)","Total","7032","7866","7619","7757","8924","9427","9626","10032","9366","7767","7557","6483","5707","4431","2879","1638","953","467","194","40","6"
"Vera Cruz (SP)","Total","527","597","570","611","698","636","646","678","693","760","732","714","604","539","421","350","202","130","52","13","3"
"Vinhedo (SP)","Total","4014","4855","4657","4622","5136","5222","5475","6489","6906","5769","5082","4655","4178","3302","2513","1697","1024","584","291","61","8"
"Viradouro (SP)","Total","1061","1064","1137","1165","1226","1318","1334","1473","1309","1180","1045","1018","922","741","593","396","238","120","63","8","3"
"Vista Alegre do Alto (SP)","Total","547","576","509","573","625","664","663","683","687","525","490","420","341","281","207","146","107","49","13","3","-"
"Vitória Brasil (SP)","Total","91","83","130","112","134","102","96","138","149","139","140","126","101","88","68","43","31","20","2","1","-"
"Votorantim (SP)","Total","7817","8427","8252","8626","9792","9980","10332","10855","10842","8913","7840","7198","6347","4874","3522","2226","1256","566","194","51","13"
"Votuporanga (SP)","Total","5314","5480","5349","5381","6561","7070","7675","7701","7642","6611","6460","6173","5686","4607","3563","2438","1692","807","327","84","13"
"Zacarias (SP)","Total","142","168","197","148","174","135","177","197","209","172","183","204","174","143","108","73","44","36","6","2","-"
"Chavantes (SP)","Total","718","829","820","803","851","858","785","845","925","832","839","779","681","585","451","295","171","102","32","9","1"
"Estiva Gerbi (SP)","Total","711","722","705","735","789","777","895","1007","881","762","752","709","618","487","347","192","119","60","16","9","2"
"Abatiá (PR)","Total","470","474","440","451","396","510","451","473","481","471","527","539","478","381","302","176","139","51","26","5","-"
"Adrianópolis (PR)","Total","397","429","484","489","421","389","371","434","457","366","416","391","376","271","218","177","87","53","19","8","3"
"Agudos do Sul (PR)","Total","706","755","727","706","766","768","694","685","674","671","645","662","633","431","334","196","114","49","10","7","-"
"Almirante Tamandaré (PR)","Total","8185","10003","8912","9361","9744","9859","9615","9605","9815","8025","7282","5912","4943","3568","2428","1324","748","333","129","27","7"
"Altamira do Paraná (PR)","Total","209","246","221","249","222","242","258","233","262","231","247","276","202","181","141","87","40","29","11","2","1"
"Altônia (PR)","Total","1054","1153","1098","1179","1101","1133","1250","1281","1301","1285","1325","1276","1247","1036","805","567","382","179","73","15","2"
"Alto Paraná (PR)","Total","939","958","965","923","913","1021","952","951","933","929","965","873","780","635","429","352","223","101","51","15","1"
"Alto Piquiri (PR)","Total","642","621","652","626","667","629","651","648","675","686","682","660","580","453","325","257","165","73","32","3","-"
"Alvorada do Sul (PR)","Total","578","613","551","580","586","664","604","688","705","717","718","863","774","629","486","264","189","69","34","9","5"
"Amaporã (PR)","Total","311","305","353","370","336","322","351","335","317","351","333","337","260","183","119","71","53","34","10","10","1"
"Ampére (PR)","Total","1396","1267","1283","1303","1503","1544","1488","1460","1340","1288","1244","1251","1069","790","592","394","245","115","32","15","1"
"Anahy (PR)","Total","168","174","192","173","196","199","184","180","196","233","221","183","175","155","112","90","53","20","13","1","-"
"Andirá (PR)","Total","1071","1212","1163","1279","1264","1216","1289","1421","1494","1396","1433","1375","1206","1042","842","534","360","186","77","17","1"
"Ângulo (PR)","Total","212","232","209","208","204","219","245","223","208","198","226","240","180","155","106","81","48","28","10","1","2"
"Antonina (PR)","Total","1081","1267","1257","1217","1112","1129","1092","1190","1204","1199","1274","1282","1179","900","713","503","289","142","42","14","5"
"Antônio Olinto (PR)","Total","390","434","449","453","434","431","459","471","491","476","491","549","459","393","292","170","113","43","17","3","-"
"Apucarana (PR)","Total","7678","8664","8280","8451","9102","9589","9813","9824","9967","8688","8821","8176","6941","5683","4339","2925","1827","920","345","81","20"
"Arapongas (PR)","Total","7199","7857","7613","7686","8315","8881","9162","9321","9523","8422","8070","7369","6008","4903","3531","2496","1572","796","338","67","9"
"Arapoti (PR)","Total","1801","1897","1840","1924","1880","2031","1940","1871","1959","1698","1704","1472","1250","913","689","429","268","150","45","12","4"
"Arapuã (PR)","Total","182","214","219","222","216","221","226","216","225","240","279","267","235","177","131","112","79","39","20","3","4"
"Araruna (PR)","Total","893","949","896","893","968","1060","1012","1000","961","1069","1080","1019","819","647","531","329","197","101","47","12","2"
"Araucária (PR)","Total","10075","11450","10882","10749","11924","12476","13153","12509","12530","10531","9501","7880","6447","4803","3108","1855","1020","528","196","44","5"
"Ariranha do Ivaí (PR)","Total","113","136","159","134","128","116","146","163","175","159","170","193","151","119","102","79","48","32","6","-","-"
"Assaí (PR)","Total","685","841","914","886","775","785","868","960","1029","911","988","965","845","777","587","467","277","149","75","9","4"
"Assis Chateaubriand (PR)","Total","2189","2296","2166","2306","2528","2626","2550","2410","2582","2589","2717","2594","2049","1758","1344","1016","662","286","104","33","3"
"Astorga (PR)","Total","1524","1564","1613","1502","1505","1662","1785","1736","1865","1775","1811","1774","1554","1361","957","677","458","220","99","28","5"
"Atalaia (PR)","Total","190","215","206","218","226","261","256","291","275","304","316","315","259","213","169","138","76","32","16","3","1"
"Balsa Nova (PR)","Total","832","988","926","835","874","978","975","1062","1048","932","892","907","735","522","403","251","125","79","26","4","1"
"Bandeirantes (PR)","Total","1828","1952","1909","1976","2132","2163","2033","2239","2125","2120","2192","2169","1891","1574","1246","778","490","296","124","31","5"
"Barbosa Ferraz (PR)","Total","584","619","655","679","616","661","644","687","728","738","828","844","727","609","450","325","225","114","50","8","4"
"Barracão (PR)","Total","645","716","640","672","681","724","719","706","682","651","607","603","577","398","309","212","132","55","24","5","1"
"Barra do Jacaré (PR)","Total","158","175","144","141","162","168","202","182","197","182","202","214","196","158","138","96","54","30","12","2","1"
"Bela Vista da Caroba (PR)","Total","235","241","276","275","228","241","276","230","289","235","321","321","274","235","129","102","72","33","13","5","-"
"Bela Vista do Paraíso (PR)","Total","857","892","915","931","933","1009","958","1006","1057","982","1009","1026","922","768","608","431","291","181","43","14","-"
"Bituruna (PR)","Total","1202","1144","1096","1231","1266","1118","1051","1127","1109","1046","964","887","747","579","463","253","149","76","18","5","2"
"Boa Esperança (PR)","Total","267","266","264","302","284","269","305","322","311","327","342","361","293","220","149","108","100","49","16","2","1"
"Boa Esperança do Iguaçu (PR)","Total","139","180","160","150","147","166","166","158","171","194","183","166","149","127","92","57","27","16","6","1","-"
"Boa Ventura de São Roque (PR)","Total","444","444","434","453","486","461","486","477","445","492","390","387","324","261","186","106","65","21","10","4","2"
"Boa Vista da Aparecida (PR)","Total","519","574","545","541","511","545","466","524","563","564","562","487","418","407","281","229","112","53","15","5","3"
"Bocaiúva do Sul (PR)","Total","953","1044","966","1050","1011","1023","899","942","963","876","847","714","644","501","386","250","131","67","24","5","3"
"Bom Jesus do Sul (PR)","Total","257","270","276","231","257","273","247","249","278","279","263","266","221","228","152","110","77","37","9","-","-"
"Bom Sucesso (PR)","Total","444","480","459","433","415","508","447","438","455","417","486","425","351","281","210","136","106","53","27","9","1"
"Bom Sucesso do Sul (PR)","Total","205","216","196","171","202","198","226","240","203","213","220","215","206","164","138","104","51","19","15","-","-"
"Borrazópolis (PR)","Total","370","448","473","450","408","508","485","518","524","586","575","579","532","436","312","254","153","85","36","2","1"
"Braganey (PR)","Total","283","286","294","330","295","305","303","317","328","356","357","376","314","247","170","133","102","43","14","1","-"
"Brasilândia do Sul (PR)","Total","246","260","210","228","235","300","258","231","232","277","291","286","182","152","138","86","59","26","8","3","-"
"Cafeara (PR)","Total","149","147","162","150","167","188","177","180","186","200","248","198","147","105","79","69","42","23","6","4","-"
"Cafelândia (PR)","Total","1409","1381","1188","1314","1447","1675","1673","1509","1393","1307","1308","1053","756","579","419","301","163","86","27","7","2"
"Cafezal do Sul (PR)","Total","281","244","279","270","294","289","272","266","306","320","327","320","289","258","160","129","100","49","14","5","1"
"Califórnia (PR)","Total","563","617","551","587","589","600","653","579","563","554","617","585","505","399","301","226","121","74","20","2","4"
"Cambará (PR)","Total","1444","1456","1387","1507","1479","1567","1595","1675","1662","1517","1591","1594","1406","1119","897","600","399","209","87","20","1"
"Cambé (PR)","Total","6176","6946","6458","7036","7825","7944","8199","8224","8389","7424","7286","6727","5660","4682","3451","2253","1427","711","297","82","11"
"Cambira (PR)","Total","597","642","585","601","613","738","746","704","693","565","604","613","517","468","300","207","148","74","38","5","2"
"Campina da Lagoa (PR)","Total","975","1088","1015","1027","1141","1109","1027","994","1068","1037","1121","1089","921","731","603","364","236","108","47","17","5"
"Campina do Simão (PR)","Total","276","286","271","300","303","314","273","224","265","266","265","258","220","172","109","61","47","19","7","-","-"
"Campina Grande do Sul (PR)","Total","3223","3561","3642","3426","3783","3825","3858","3840","3718","3219","3099","2555","2095","1640","1082","633","334","215","64","13","-"
"Campo Bonito (PR)","Total","248","278","250","282","272","269","270","260","289","262","318","285","233","188","161","72","56","20","11","1","2"
"Campo do Tenente (PR)","Total","580","602","613","577","594","595","530","496","539","485","448","406","344","274","187","117","59","46","12","4","-"
"Campo Largo (PR)","Total","8119","9466","9071","8662","10178","10469","10685","10956","11472","9985","9144","7962","6697","5280","3745","2300","1258","578","244","49","7"
"Campo Magro (PR)","Total","1911","2072","2162","2029","2416","2378","2456","2376","2479","2159","2085","1692","1459","1044","669","409","210","110","35","7","2"
"Campo Mourão (PR)","Total","6305","6610","6130","6393","7456","7987","7998","7504","7486","6669","6526","6245","5169","4065","2934","1926","1160","563","243","54","9"
"Cândido de Abreu (PR)","Total","944","1037","1032","1116","1013","1043","948","1044","1121","1062","1081","958","892","717","539","372","196","82","41","5","1"
"Candói (PR)","Total","1097","1153","1088","1141","1086","1087","1018","1055","1088","1000","1023","910","731","590","417","245","146","69","22","5","2"
"Cantagalo (PR)","Total","725","852","759","873","755","755","719","728","757","774","747","599","586","505","359","223","126","63","20","5","3"
"Capanema (PR)","Total","1293","1269","1195","1255","1400","1455","1480","1439","1388","1353","1417","1426","1211","1045","785","523","327","159","54","6","1"
"Capitão Leônidas Marques (PR)","Total","963","992","943","926","1011","957","974","1081","1088","1037","976","922","769","719","557","346","229","110","36","11","1"
"Carambeí (PR)","Total","1772","1927","1859","1839","1858","1921","1767","1802","1752","1592","1371","1114","945","689","472","318","159","77","37","10","2"
"Carlópolis (PR)","Total","1121","1127","1088","1167","1209","1167","1150","1295","1167","1057","1068","1062","1051","831","620","349","192","122","53","7","2"
"Cascavel (PR)","Total","23119","23384","21736","22885","28087","31372","29375","28331","26188","23478","21775","19679","16066","12564","8673","5632","3273","1640","624","139","31"
"Castro (PR)","Total","5223","5622","5669","5749","5906","5695","5338","5418","5452","4875","4378","3766","3227","2503","1848","1218","675","355","117","34","7"
"Catanduvas (PR)","Total","707","719","658","748","773","880","776","738","712","714","685","612","522","437","295","239","131","72","26","2","-"
"Centenário do Sul (PR)","Total","647","719","620","613","625","681","783","782","755","786","819","820","652","558","406","261","173","81","42","7","2"
"Cerro Azul (PR)","Total","1096","1175","1087","1313","1247","1156","1068","1107","1181","1103","998","966","855","659","500","306","173","92","40","8","4"
"Céu Azul (PR)","Total","663","674","658","772","731","776","741","754","824","858","786","704","613","501","427","316","170","84","28","6","1"
"Chopinzinho (PR)","Total","1435","1391","1384","1487","1535","1537","1544","1541","1432","1353","1404","1378","1126","852","733","467","273","152","48","10","3"
"Cianorte (PR)","Total","5041","5161","4961","4916","5298","6008","6209","6104","5931","5536","5595","5040","4146","3383","2477","1674","1113","608","258","59","9"
"Cidade Gaúcha (PR)","Total","788","784","760","767","858","883","812","837","843","830","751","723","559","454","322","216","161","75","36","8","-"
"Clevelândia (PR)","Total","1091","1114","1035","1030","1144","1139","971","995","933","905","1009","1042","854","669","476","301","199","115","35","12","1"
"Colombo (PR)","Total","14801","17008","16624","16980","18729","19194","19235","18823","18915","16006","14795","12348","10063","7475","5175","3035","1753","833","330","76","14"
"Colorado (PR)","Total","1302","1289","1262","1288","1450","1587","1658","1702","1653","1662","1779","1599","1478","1144","778","608","348","209","86","10","4"
"Congonhinhas (PR)","Total","517","600","570","575","511","532","522","561","563","525","567","597","529","373","306","225","134","73","26","11","3"
"Conselheiro Mairinck (PR)","Total","210","231","219","226","196","241","245","247","239","256","216","222","209","178","136","101","52","21","12","4","-"
"Contenda (PR)","Total","1243","1380","1360","1288","1434","1428","1380","1434","1516","1311","1238","1115","942","796","574","373","180","83","48","5","-"
"Corbélia (PR)","Total","1114","1218","1085","1084","1164","1321","1284","1354","1210","1111","1173","1205","975","722","588","429","231","135","51","12","4"
"Cornélio Procópio (PR)","Total","2269","2504","2491","2755","2960","3007","3073","3357","3366","3118","3218","3118","2846","2448","1904","1247","815","441","214","49","6"
"Coronel Domingos Soares (PR)","Total","452","451","424","439","379","457","421","399","338","412","409","312","247","188","149","83","56","23","6","3","1"
"Coronel Vivida (PR)","Total","1465","1613","1472","1479","1628","1731","1638","1739","1655","1462","1461","1455","1384","1127","815","551","353","209","65","21","8"
"Corumbataí do Sul (PR)","Total","219","213","247","231","196","222","245","256","266","254","277","280","263","206","131","127","77","34","12","3","1"
"Cruzeiro do Iguaçu (PR)","Total","253","288","273","274","259","265","274","298","282","266","324","299","230","209","140","99","49","32","17","1","1"
"Cruzeiro do Oeste (PR)","Total","1361","1497","1382","1388","1608","1942","1831","1858","1806","1709","1702","1554","1240","1048","734","552","346","179","73","18","3"
"Cruzeiro do Sul (PR)","Total","264","268","291","287","226","273","351","328","315","314","333","344","276","217","172","102","68","39","21","5","-"
"Cruz Machado (PR)","Total","890","1026","982","1187","1196","1046","1076","1174","1206","1162","1164","1066","920","691","470","354","220","106","38","4","-"
"Cruzmaltina (PR)","Total","173","179","188","150","173","173","178","173","222","214","223","184","211","164","117","75","57","24","13","1","-"
"Curitiba (PR)","Total","85003","100444","101958","106401","131613","138949","138214","142224","147403","127287","120887","111658","97950","79499","59039","39360","24369","13618","5995","1610","237"
"Curiúva (PR)","Total","900","905","881","978","950","943","965","981","1042","904","912","854","777","586","436","289","185","98","48","10","3"
"Diamante do Norte (PR)","Total","233","280","311","305","320","333","295","330","385","361","405","415","331","260","216","152","123","63","20","3","1"
"Diamante do Sul (PR)","Total","215","198","209","244","190","204","187","207","245","244","237","227","166","144","111","58","44","20","14","7","-"
"Diamante D'Oeste (PR)","Total","277","344","342","344","305","306","308","281","305","276","310","302","258","195","164","125","65","35","13","2","-"
"Dois Vizinhos (PR)","Total","3063","3056","2726","2978","3816","3987","3670","3404","3247","2880","2781","2599","2157","1747","1193","758","477","222","86","16","6"
"Douradina (PR)","Total","590","609","599","571","562","656","729","719","690","630","652","551","459","399","292","182","153","86","25","3","4"
"Doutor Camargo (PR)","Total","353","353","336","347","401","397","413","406","419","420","466","529","410","352","275","186","142","79","31","11","1"
"Enéas Marques (PR)","Total","346","407","375","382","354","351","401","414","372","407","434","510","414","336","195","167","81","33","18","1","1"
"Engenheiro Beltrão (PR)","Total","661","737","709","800","749","760","774","849","869","898","948","990","803","674","509","329","222","104","57","11","1"
"Esperança Nova (PR)","Total","89","121","103","102","112","101","93","110","105","151","160","146","106","104","86","80","50","16","12","2","-"
"Entre Rios do Oeste (PR)","Total","303","290","286","315","297","321","346","346","329","296","337","286","243","192","161","123","72","20","9","3","-"
"Espigão Alto do Iguaçu (PR)","Total","368","369","365","348","310","317","311","312","275","300","330","318","273","201","178","124","52","29","15","2","-"
"Farol (PR)","Total","161","211","186","212","180","190","172","203","201","220","241","246","185","144","118","83","42","27","12","4","1"
"Faxinal (PR)","Total","1105","1211","1138","1152","1123","1181","1105","1105","1164","1031","1076","1080","826","730","569","390","234","113","41","12","3"
"Fazenda Rio Grande (PR)","Total","11090","12497","12121","11269","11689","13114","14203","13579","12222","9550","8114","6527","5002","3509","2143","1192","644","259","108","31","10"
"Fênix (PR)","Total","281","262","244","288","239","314","278","274","301","287","346","362","276","246","190","129","92","47","27","7","2"
"Fernandes Pinheiro (PR)","Total","394","455","485","442","454","478","425","436","430","445","416","397","318","256","200","119","57","37","10","1","-"
"Figueira (PR)","Total","433","494","497","555","506","565","513","543","569","642","598","512","482","401","277","233","145","67","24","3","3"
"Floraí (PR)","Total","251","265","265","237","216","295","303","322","330","339","333","348","336","312","265","180","103","53","29","10","-"
"Flor da Serra do Sul (PR)","Total","268","310","260","273","280","313","248","262","274","331","316","363","297","210","139","111","66","28","10","3","2"
"Floresta (PR)","Total","745","788","684","670","676","803","924","906","784","692","667","561","511","380","267","179","131","59","25","5","1"
"Florestópolis (PR)","Total","720","755","716","765","734","811","820","823","832","825","816","814","693","500","349","231","128","86","24","4","-"
"Flórida (PR)","Total","172","162","180","172","145","175","186","197","183","168","193","175","181","126","99","65","34","27","11","1","-"
"Formosa do Oeste (PR)","Total","470","418","407","385","394","482","493","490","459","481","610","643","549","462","339","256","175","74","37","9","2"
"Foz do Iguaçu (PR)","Total","18300","19890","19591","20199","23356","24331","23312","22616","21998","19676","18314","16179","13033","10033","6644","3978","2351","1147","366","78","23"
"Francisco Alves (PR)","Total","591","561","559","590","637","679","541","504","494","464","510","484","433","351","303","179","130","68","30","8","-"
"Francisco Beltrão (PR)","Total","6254","6326","6059","6313","7768","8506","8060","7802","7067","6005","5907","5868","4823","3737","2671","1793","996","467","188","43","13"
"Foz do Jordão (PR)","Total","352","378","348","390","368","325","318","329","366","325","338","276","261","224","139","112","53","19","4","1","-"
"General Carneiro (PR)","Total","880","872","758","875","920","813","701","740","742","746","727","655","535","416","277","206","113","55","22","9","-"
"Godoy Moreira (PR)","Total","139","165","204","199","118","138","154","163","211","209","237","252","243","187","139","98","66","35","17","3","-"
"Goioerê (PR)","Total","1670","1856","1686","1866","1829","1897","2021","2097","2043","1973","1991","1995","1710","1326","944","716","450","258","85","22","2"
"Goioxim (PR)","Total","478","468","468","578","488","462","433","445","442","445","406","421","349","267","183","127","68","24","6","6","2"
"Grandes Rios (PR)","Total","369","362","339","319","339","363","383","338","366","409","396","457","341","314","227","159","81","49","24","6","-"
"Guaíra (PR)","Total","2246","2290","2301","2317","2246","2310","2335","2275","2242","2187","2083","1936","1671","1257","944","705","438","202","85","24","3"
"Guairaçá (PR)","Total","468","438","450","450","443","506","492","490","447","408","441","418","357","254","204","141","100","63","13","4","-"
"Guamiranga (PR)","Total","498","545","551","535","503","610","545","585","529","497","565","588","475","325","222","149","76","37","19","2","-"
"Guapirama (PR)","Total","296","349","332","281","282","356","371","316","324","276","332","334","257","193","146","98","49","28","6","-","-"
"Guaporema (PR)","Total","113","131","129","132","163","138","158","153","137","164","158","153","153","97","85","50","45","16","11","5","-"
"Guaraci (PR)","Total","273","287","281","294","284","304","320","330","326","352","345","351","283","222","197","142","79","51","22","5","-"
"Guaraniaçu (PR)","Total","903","907","807","949","809","988","878","902","918","913","987","946","848","684","476","397","236","124","45","15","3"
"Guarapuava (PR)","Total","12791","13186","12368","13219","15418","14915","13900","12969","13274","11810","11558","10493","8715","6800","4671","3066","1727","865","272","66","10"
"Guaraqueçaba (PR)","Total","538","492","583","563","465","480","485","508","552","530","506","450","411","317","226","167","92","41","16","6","2"
"Guaratuba (PR)","Total","2591","3141","3034","2845","2525","2659","2735","2825","3066","2802","2919","2792","2663","2291","1542","848","463","201","87","28","5"
"Honório Serpa (PR)","Total","349","377","315","325","302","328","328","333","358","350","335","338","280","256","179","89","65","27","6","1","-"
"Ibaiti (PR)","Total","1870","1815","1925","2003","1986","2067","2041","2050","2180","1871","1891","1846","1690","1297","961","655","386","193","79","24","-"
"Ibema (PR)","Total","438","471","408","468","449","426","407","393","438","427","419","408","347","238","184","144","92","41","15","3","2"
"Ibiporã (PR)","Total","2954","3454","3382","3322","3695","3617","3753","3864","4078","3366","3429","3209","2824","2435","1804","1139","718","369","142","41","8"
"Icaraíma (PR)","Total","585","538","513","607","592","613","550","587","601","641","675","650","541","427","341","240","165","82","36","7","-"
"Iguaraçu (PR)","Total","341","394","333","320","353","405","423","414","393","391","366","351","259","218","156","101","69","36","11","4","-"
"Iguatu (PR)","Total","104","116","127","158","134","120","128","153","168","147","156","166","135","107","73","73","45","26","6","2","-"
"Imbaú (PR)","Total","1144","1211","916","1065","1265","1115","1013","929","1041","975","862","707","671","523","399","202","120","58","28","4","1"
"Imbituva (PR)","Total","2192","2210","2060","2301","2518","2404","2233","2240","2221","1976","1866","1655","1381","1015","725","488","268","128","34","8","1"
"Inácio Martins (PR)","Total","681","747","725","777","791","720","647","590","700","673","621","531","481","386","247","184","102","34","26","4","3"
"Inajá (PR)","Total","146","166","168","151","123","150","159","168","185","178","197","197","152","148","100","75","37","26","7","3","-"
"Indianópolis (PR)","Total","254","293","265","310","256","316","300","297","313","308","295","311","266","219","181","112","70","55","24","3","-"
"Ipiranga (PR)","Total","1009","985","1014","1077","1101","1097","1022","1093","1058","971","897","779","671","536","361","234","145","67","17","8","-"
"Iporã (PR)","Total","1061","1019","939","1007","1048","1086","1024","1045","1064","1056","1062","1045","956","821","602","374","284","162","65","24","2"
"Iracema do Oeste (PR)","Total","133","131","141","145","132","163","146","149","173","160","206","203","155","80","81","63","49","24","8","-","1"
"Irati (PR)","Total","3514","3827","3845","4023","4167","4396","4410","4467","4429","4269","4037","3836","3210","2556","1813","1196","744","349","126","29","7"
"Iretama (PR)","Total","653","715","672","738","762","754","637","673","724","751","788","756","622","530","383","240","159","73","34","16","4"
"Itaguajé (PR)","Total","290","326","306","294","258","311","307","294","281","281","318","319","307","237","138","94","58","42","13","6","1"
"Itaipulândia (PR)","Total","820","842","810","813","896","918","869","806","802","785","721","643","542","447","333","241","124","49","18","6","-"
"Itambaracá (PR)","Total","328","335","364","395","375","330","332","389","437","430","423","415","409","347","258","164","100","51","22","4","-"
"Itambé (PR)","Total","332","329","367","381","399","410","444","395","463","424","465","449","334","344","246","157","100","48","19","4","1"
"Itapejara d'Oeste (PR)","Total","845","845","746","843","848","951","915","906","843","766","831","778","703","544","415","265","161","89","41","8","1"
"Itaperuçu (PR)","Total","2370","2572","2368","2595","2692","2627","2339","2638","2571","2103","1851","1408","1030","834","585","327","184","83","26","12","2"
"Itaúna do Sul (PR)","Total","216","232","247","266","204","230","232","241","245","242","237","244","208","169","121","95","78","43","19","2","1"
"Ivaí (PR)","Total","942","939","951","1011","976","1001","913","1004","987","887","788","756","665","497","415","272","123","74","21","3","4"
"Ivaiporã (PR)","Total","1748","1953","1990","2015","2082","2265","2262","2369","2402","2211","2346","2273","2042","1635","1190","877","598","301","112","41","8"
"Ivaté (PR)","Total","375","467","433","436","394","406","436","501","521","481","536","470","444","298","251","169","116","71","17","8","1"
"Ivatuba (PR)","Total","127","156","162","157","159","185","175","199","205","162","180","197","171","183","119","66","47","40","14","4","-"
"Jaboti (PR)","Total","304","330","393","369","340","353","297","363","401","420","399","378","346","258","199","143","79","38","13","1","3"
"Jacarezinho (PR)","Total","2747","2676","2660","2719","2815","2940","2974","2908","2956","2575","2648","2555","2247","1806","1365","835","514","289","108","34","4"
"Jaguapitã (PR)","Total","1031","1095","962","1022","1142","1220","1175","1142","1135","974","974","889","767","569","394","282","170","114","51","11","3"
"Jaguariaíva (PR)","Total","2498","2693","2566","2572","2570","2714","2694","2816","2776","2364","2141","1885","1663","1312","871","536","269","127","55","15","4"
"Jandaia do Sul (PR)","Total","1216","1227","1187","1285","1526","1511","1489","1510","1558","1468","1522","1480","1219","1074","766","665","366","229","86","22","2"
"Janiópolis (PR)","Total","305","339","328","362","369","373","326","384","370","409","487","449","389","325","273","180","112","61","22","4","3"
"Japira (PR)","Total","322","325","328","345","310","293","339","330","375","339","326","338","298","258","190","129","79","35","9","2","2"
"Japurá (PR)","Total","462","494","521","550","598","614","599","634","634","629","638","697","610","486","398","246","185","99","37","11","2"
"Jardim Alegre (PR)","Total","663","718","755","762","702","791","786","805","830","823","865","844","764","666","483","347","232","105","50","11","2"
"Jardim Olinda (PR)","Total","72","93","118","82","81","77","91","110","85","85","119","125","69","50","31","23","22","7","2","1","-"
"Jataizinho (PR)","Total","762","815","751","833","909","862","784","844","885","771","795","721","590","568","383","273","159","62","34","10","2"
"Jesuítas (PR)","Total","509","691","665","633","616","646","719","762","716","739","765","721","644","539","459","325","212","100","40","4","1"
"Joaquim Távora (PR)","Total","816","852","747","808","871","923","890","899","856","778","733","706","617","513","386","268","148","92","32","9","1"
"Jundiaí do Sul (PR)","Total","222","226","187","214","204","226","203","182","196","239","239","236","236","186","128","102","65","19","16","5","2"
"Juranda (PR)","Total","516","486","466","506","555","548","523","505","586","542","590","572","447","316","267","155","106","59","21","5","-"
"Jussara (PR)","Total","394","423","452","426","432","457","439","506","449","462","498","507","379","286","209","191","97","55","22","6","-"
"Kaloré (PR)","Total","232","278","237","259","253","292","282","298","306","301","351","377","311","252","217","139","96","61","29","10","1"
"Lapa (PR)","Total","2543","2886","3054","3060","3295","3177","3243","3349","3497","3216","3082","2844","2491","1995","1445","928","504","265","101","26","2"
"Laranjal (PR)","Total","437","424","422","455","384","422","390","391","405","403","325","328","269","203","130","109","70","24","5","2","2"
"Laranjeiras do Sul (PR)","Total","2278","2269","2155","2305","2451","2640","2399","2332","2271","1978","1959","1939","1687","1355","938","582","408","199","72","8","2"
"Leópolis (PR)","Total","207","229","234","195","201","214","231","291","235","269","250","284","269","261","159","124","56","22","18","2","1"
"Lidianópolis (PR)","Total","214","242","244","230","206","235","233","241","265","264","304","329","256","214","192","122","86","40","17","4","-"
"Lindoeste (PR)","Total","360","369","331","343","318","321","344","330","359","323","374","365","299","268","205","145","79","26","14","2","-"
"Loanda (PR)","Total","1489","1580","1572","1509","1594","1769","1689","1767","1664","1587","1581","1515","1198","914","708","501","320","168","79","16","5"
"Lobato (PR)","Total","234","296","267","300","281","313","285","339","353","356","330","353","297","245","127","100","69","37","16","1","2"
"Londrina (PR)","Total","30194","33759","33061","35377","42012","44196","42573","41684","43308","36590","36273","34990","29691","25078","18880","13055","8282","4513","1919","465","65"
"Luiziana (PR)","Total","445","474","507","457","454","443","454","486","470","422","493","442","370","259","213","140","98","36","17","10","-"
"Lunardelli (PR)","Total","239","283","290","301","273","286","268","327","302","334","390","394","350","283","216","168","86","54","21","6","1"
"Lupionópolis (PR)","Total","273","293","312","319","325","324","323","319","321","308","391","388","247","227","156","118","88","54","23","4","-"
"Mallet (PR)","Total","810","835","798","905","964","1033","996","1060","1020","898","860","871","785","607","425","295","139","91","30","5","1"
"Mamborê (PR)","Total","772","851","837","864","884","912","900","936","976","915","992","951","826","711","495","303","200","82","39","5","1"
"Mandaguaçu (PR)","Total","2321","2217","2077","2064","2304","2707","2677","2545","2297","2071","1962","1829","1395","1121","766","515","333","174","63","18","1"
"Mandaguari (PR)","Total","2261","2319","2158","2218","2584","2753","2630","2758","2642","2488","2461","2444","2095","1686","1294","900","552","320","112","37","4"
"Mandirituba (PR)","Total","1769","1960","1975","2003","2013","1986","1836","1863","1933","1790","1873","1777","1620","1255","786","509","285","143","48","10","5"
"Manfrinópolis (PR)","Total","168","188","177","201","155","171","159","196","219","174","220","201","167","148","92","71","31","26","4","2","-"
"Mangueirinha (PR)","Total","1168","1254","1186","1224","1217","1266","1195","1200","1184","1082","1015","994","823","681","484","325","188","82","23","9","3"
"Manoel Ribas (PR)","Total","1003","1082","1051","1019","995","1131","1058","982","1021","873","900","796","712","604","431","282","176","78","30","13","3"
"Marechal Cândido Rondon (PR)","Total","3634","3600","3345","3488","4176","4453","4380","4251","4124","3826","3668","3498","2838","2272","1789","1186","768","385","130","21","4"
"Maria Helena (PR)","Total","337","352","339","344","362","381","389","418","386","416","465","455","360","286","227","141","119","53","27","7","1"
"Marialva (PR)","Total","2628","2782","2664","2617","2734","3070","3221","3423","3129","2860","2802","2484","2185","1928","1403","953","556","273","111","27","1"
"Marilândia do Sul (PR)","Total","536","626","538","616","643","547","569","615","594","555","617","568","516","410","287","198","140","78","18","5","1"
"Marilena (PR)","Total","454","471","486","472","464","517","463","510","506","505","504","533","385","332","263","168","125","55","28","10","2"
"Mariluz (PR)","Total","652","698","688","652","647","710","725","690","669","640","695","690","511","373","292","245","148","75","39","6","2"
"Maringá (PR)","Total","21680","23148","22398","24315","31906","33607","32776","31953","31575","27106","27539","26650","22292","18379","14168","9422","6054","3071","1258","313","47"
"Mariópolis (PR)","Total","437","424","405","392","400","401","431","457","409","420","397","457","436","348","252","165","72","48","17","3","-"
"Maripá (PR)","Total","357","470","497","390","362","431","482","487","583","429","415","404","391","270","247","170","108","48","10","4","-"
"Marmeleiro (PR)","Total","1080","1119","954","1034","1105","1249","1168","1164","1077","983","1085","1011","845","686","561","388","224","106","47","12","3"
"Marquinho (PR)","Total","307","320","329","305","294","273","278","321","317","324","306","289","262","220","153","111","55","29","4","2","5"
"Marumbi (PR)","Total","273","305","292","269","310","331","365","341","324","317","295","314","301","244","143","121","87","48","13","6","-"
"Matelândia (PR)","Total","1364","1316","1210","1283","1511","1489","1342","1305","1267","1222","1121","1090","900","735","527","355","238","111","46","15","3"
"Matinhos (PR)","Total","2293","2572","2759","2605","2382","2458","2647","2734","2854","2620","2727","2654","2615","2270","1526","839","435","185","66","12","6"
"Mato Rico (PR)","Total","206","184","210","231","202","213","225","223","215","238","220","230","243","186","100","65","43","19","10","3","1"
"Mauá da Serra (PR)","Total","741","762","732","658","710","739","759","664","727","581","637","501","402","298","190","139","86","36","15","6","-"
"Medianeira (PR)","Total","3596","3623","3298","3610","4731","4955","4629","4261","3861","3450","3286","3173","2622","1954","1374","972","574","269","105","23","3"
"Mercedes (PR)","Total","326","399","418","363","399","435","409","421","428","415","416","414","315","269","191","145","109","43","14","2","-"
"Mirador (PR)","Total","171","168","152","164","126","152","168","140","157","139","166","149","131","99","62","42","29","18","5","-","-"
"Miraselva (PR)","Total","94","126","103","138","109","114","114","141","153","139","155","130","115","116","96","61","36","18","5","3","-"
"Missal (PR)","Total","633","663","692","683","689","713","710","742","743","742","855","846","668","535","478","338","228","69","28","8","1"
"Moreira Sales (PR)","Total","617","651","673","696","657","666","681","701","738","750","814","929","781","660","416","294","239","127","73","9","3"
"Morretes (PR)","Total","1170","1249","1244","1281","1273","1255","1214","1286","1272","1255","1217","1232","994","902","617","415","230","125","61","13","4"
"Munhoz de Melo (PR)","Total","243","267","212","235","252","259","306","241","217","249","300","320","227","186","168","117","85","42","21","4","-"
"Nossa Senhora das Graças (PR)","Total","212","250","222","209","225","232","253","251","269","258","239","328","254","177","122","80","54","19","13","2","-"
"Nova Aliança do Ivaí (PR)","Total","75","89","87","97","80","89","89","74","101","102","94","103","84","59","43","21","22","9","2","3","-"
"Nova América da Colina (PR)","Total","175","195","207","242","215","191","205","239","230","230","266","241","191","152","114","90","60","25","9","3","-"
"Nova Aurora (PR)","Total","857","1004","846","804","856","943","1098","952","918","895","1018","937","785","625","496","348","208","129","38","7","1"
"Nova Cantu (PR)","Total","418","441","438","456","483","497","422","442","399","504","495","492","409","294","240","167","120","46","17","9","1"
"Nova Esperança (PR)","Total","1528","1595","1598","1722","1664","1860","1865","1823","1876","1866","1963","1897","1616","1329","912","701","425","222","91","25","7"
"Nova Esperança do Sudoeste (PR)","Total","359","369","385","396","401","425","381","326","387","392","416","395","318","250","165","120","54","48","9","-","1"
"Nova Fátima (PR)","Total","360","441","485","464","447","454","462","509","516","525","506","510","458","393","287","194","121","56","32","4","1"
"Nova Laranjeiras (PR)","Total","1016","958","981","986","954","904","791","758","774","716","722","669","573","465","315","221","148","73","30","13","7"
"Nova Londrina (PR)","Total","810","889","807","825","908","959","944","908","891","911","897","873","742","516","412","292","194","97","37","10","1"
"Nova Olímpia (PR)","Total","325","361","369","329","376","392","389","391","428","415","430","409","340","316","214","157","108","58","20","6","-"
"Nova Santa Bárbara (PR)","Total","268","292","247","285","268","326","255","284","296","228","313","309","219","194","144","120","69","42","14","8","3"
"Nova Santa Rosa (PR)","Total","524","550","510","507","529","538","614","664","648","583","537","526","494","350","313","212","127","66","23","7","-"
"Nova Prata do Iguaçu (PR)","Total","916","830","859","900","936","890","870","887","908","886","901","787","666","512","420","277","154","78","16","6","-"
"Nova Tebas (PR)","Total","386","427","463","470","419","430","399","438","477","486","510","477","446","375","261","169","130","50","29","5","1"
"Novo Itacolomi (PR)","Total","168","189","159","197","222","213","223","209","197","205","218","256","193","164","128","87","57","22","14","4","-"
"Ortigueira (PR)","Total","1733","1816","1772","1831","1681","1630","1676","1729","1823","1658","1568","1391","1241","956","729","495","259","143","50","10","1"
"Ourizona (PR)","Total","157","192","196","176","176","200","219","231","232","194","239","254","201","182","110","101","73","41","11","2","-"
"Ouro Verde do Oeste (PR)","Total","454","479","441","462","441","497","522","504","565","460","451","404","340","256","194","160","98","42","12","2","1"
"Paiçandu (PR)","Total","3271","3418","2953","2932","3454","3704","3777","3627","3425","3196","3005","2679","2149","1703","1109","760","457","234","88","19","2"
"Palmas (PR)","Total","3747","3946","3783","3901","4077","3953","3686","3437","3372","2983","2923","2507","2035","1557","1104","612","365","167","63","23","6"
"Palmeira (PR)","Total","2171","2265","2304","2255","2506","2641","2558","2516","2533","2271","2253","2169","1836","1335","921","657","366","207","65","22","4"
"Palmital (PR)","Total","902","930","911","1002","885","865","868","896","946","905","878","759","719","595","420","306","142","66","28","6","4"
"Palotina (PR)","Total","2435","2454","2272","2228","2537","2802","2723","2743","2729","2228","2245","2058","1565","1322","1046","775","500","226","94","26","3"
"Paraíso do Norte (PR)","Total","904","894","872","862","909","1060","1066","983","898","929","918","825","675","464","403","261","180","92","39","9","2"
"Paranacity (PR)","Total","578","640","675","628","644","686","636","663","707","691","693","694","507","381","274","215","132","80","25","7","1"
"Paranaguá (PR)","Total","10180","10623","10449","11143","11128","11494","11058","11014","10966","9938","9450","8451","6832","5026","3526","2189","1341","696","258","61","6"
"Paranapoema (PR)","Total","138","175","187","152","119","175","175","186","183","163","180","151","145","102","67","47","34","7","8","4","-"
"Paranavaí (PR)","Total","5686","6093","5892","5964","6354","6782","6790","6724","6720","6027","6333","5956","5046","4036","3003","2099","1353","754","289","90","10"
"Pato Bragado (PR)","Total","399","380","358","383","398","425","441","397","406","368","369","352","286","268","223","136","102","26","14","2","-"
"Pato Branco (PR)","Total","5897","6145","5804","6250","7567","8160","7676","7314","6910","5753","5474","5086","4519","3495","2524","1540","927","537","197","50","11"
"Paula Freitas (PR)","Total","322","384","345","409","374","348","411","402","423","407","414","385","372","245","168","127","78","36","10","3","3"
"Paulo Frontin (PR)","Total","318","370","377","441","437","447","429","498","505","455","438","408","382","323","236","152","75","35","13","3","1"
"Peabiru (PR)","Total","851","914","891","901","873","1004","907","959","899","873","931","870","764","595","426","335","198","105","38","12","-"
"Perobal (PR)","Total","497","448","455","472","514","497","492","524","479","507","532","488","390","294","217","186","105","58","30","4","-"
"Pérola (PR)","Total","741","753","710","669","708","798","817","931","910","784","763","779","735","624","442","311","211","124","55","12","1"
"Pérola d'Oeste (PR)","Total","381","322","354","377","388","380","402","393","378","394","454","499","467","367","283","194","110","54","21","3","-"
"Piên (PR)","Total","1010","1014","964","925","1081","1029","1046","1101","1081","931","805","753","643","534","351","206","99","50","25","7","-"
"Pinhais (PR)","Total","6847","8409","8386","8847","10140","10329","10037","10021","10589","9442","8489","7269","6017","4795","3407","2085","1112","536","202","51","9"
"Pinhalão (PR)","Total","384","409","412","447","399","415","436","447","514","413","447","500","436","338","251","150","92","44","27","4","1"
"Pinhal de São Bento (PR)","Total","164","174","178","217","195","194","170","185","156","192","197","206","174","138","100","66","34","13","6","2","-"
"Pinhão (PR)","Total","2386","2427","2228","2425","2439","2341","1947","2062","2073","1939","1834","1630","1414","1079","757","472","242","130","47","7","7"
"Piraí do Sul (PR)","Total","1586","1760","1722","1802","1793","1674","1700","1692","1640","1632","1485","1388","1157","927","678","478","316","143","57","20","1"
"Piraquara (PR)","Total","7896","9247","8973","9098","10255","10956","10445","9863","9401","7934","6970","5750","4335","3273","1971","1239","653","305","124","34","8"
"Pitanga (PR)","Total","2220","2252","2254","2430","2331","2538","2385","2432","2502","2354","2278","2102","1756","1334","1036","682","380","209","75","10","7"
"Pitangueiras (PR)","Total","181","196","209","189","209","207","224","221","210","204","213","228","166","154","95","63","53","16","6","2","-"
"Planaltina do Paraná (PR)","Total","271","271","248","263","278","289","308","259","254","258","310","292","241","162","130","88","77","51","14","4","2"
"Planalto (PR)","Total","899","797","773","900","975","1042","962","1032","875","946","990","1102","976","744","594","366","224","120","46","11","-"
"Ponta Grossa (PR)","Total","22756","25593","24861","26039","29177","29617","28683","26819","27129","23883","21563","19599","17081","13389","9514","6238","3549","1889","761","201","30"
"Pontal do Paraná (PR)","Total","1760","1951","1922","1940","1778","1891","1995","2098","2196","1990","2040","2283","2108","1920","1301","680","324","178","53","14","3"
"Porecatu (PR)","Total","577","684","628","671","692","751","731","771","847","868","923","884","731","606","507","360","224","113","39","17","-"
"Porto Amazonas (PR)","Total","238","265","301","287","300","292","286","298","322","250","272","299","210","193","123","80","43","28","8","3","-"
"Porto Barreiro (PR)","Total","204","214","183","204","194","211","193","228","227","223","197","200","209","164","119","76","33","20","9","1","1"
"Porto Rico (PR)","Total","188","207","220","201","196","257","264","250","230","232","237","200","182","121","92","51","35","16","3","-","-"
"Porto Vitória (PR)","Total","220","252","245","239","267","229","203","266","289","234","216","222","213","156","135","81","59","27","6","2","1"
"Prado Ferreira (PR)","Total","250","249","243","237","264","252","262","256","276","243","255","244","202","160","124","97","55","31","9","-","-"
"Pranchita (PR)","Total","379","337","364","376","335","409","424","379","374","392","395","393","336","299","232","138","101","52","15","4","3"
"Presidente Castelo Branco (PR)","Total","280","255","268","280","307","339","274","298","327","322","333","301","257","199","131","75","43","24","16","6","1"
"Primeiro de Maio (PR)","Total","490","555","534","611","630","613","651","678","735","639","775","742","702","637","430","315","203","81","48","13","-"
"Prudentópolis (PR)","Total","3046","3287","3303","3540","3472","3607","3347","3678","3789","3475","3339","3018","2653","2172","1543","1097","604","278","111","28","6"
"Quarto Centenário (PR)","Total","281","260","261","272","226","316","290","289","257","272","350","341","258","201","108","95","60","44","15","3","2"
"Quatiguá (PR)","Total","458","515","480","453","510","563","605","634","556","541","578","548","533","370","292","231","128","74","26","1","3"
"Quatro Barras (PR)","Total","1474","1714","1811","1700","1800","1807","1889","1929","2025","1727","1623","1472","1089","854","574","355","202","100","36","5","5"
"Quatro Pontes (PR)","Total","290","272","250","257","259","291","324","360","298","296","314","324","269","240","179","108","74","51","22","2","-"
"Quedas do Iguaçu (PR)","Total","2227","2246","2160","2260","2314","2247","2082","2098","2255","2080","2061","1797","1588","1193","922","604","367","154","68","9","6"
"Querência do Norte (PR)","Total","731","798","744","718","612","719","667","742","792","754","776","779","590","451","311","249","150","56","38","7","1"
"Quinta do Sol (PR)","Total","320","303","337","339","300","328","336","335","344","340","366","380","271","230","180","146","73","56","12","3","2"
"Quitandinha (PR)","Total","1179","1178","1209","1246","1177","1302","1310","1357","1340","1275","1306","1201","1060","901","596","434","206","90","24","5","2"
"Ramilândia (PR)","Total","332","304","286","321","336","319","270","286","285","273","285","261","203","171","107","92","47","30","12","1","-"
"Rancho Alegre (PR)","Total","163","181","185","207","222","231","176","219","254","219","295","273","233","213","174","130","76","40","19","2","-"
"Rancho Alegre D'Oeste (PR)","Total","157","165","176","162","174","181","171","175","168","201","193","183","149","129","87","59","44","30","12","-","2"
"Realeza (PR)","Total","1161","1192","1229","1216","1497","1532","1451","1441","1398","1224","1231","1237","1000","847","643","460","283","135","62","6","2"
"Rebouças (PR)","Total","910","1024","928","1076","1030","1066","1076","1046","982","956","985","914","785","668","448","340","156","80","32","8","4"
"Renascença (PR)","Total","449","463","440","476","481","458","475","449","443","436","486","485","407","349","239","135","99","53","18","1","3"
"Reserva (PR)","Total","1719","1695","1810","1983","1839","1818","1665","1790","1812","1688","1517","1435","1165","937","739","477","270","132","66","10","6"
"Reserva do Iguaçu (PR)","Total","544","579","503","515","506","517","418","422","440","447","412","372","313","254","147","85","45","22","9","3","-"
"Ribeirão Claro (PR)","Total","746","804","705","764","854","836","849","872","874","846","852","827","749","608","490","330","197","101","48","10","2"
"Ribeirão do Pinhal (PR)","Total","790","872","862","857","928","916","845","817","942","853","902","895","802","626","463","311","197","126","36","15","5"
"Rio Azul (PR)","Total","899","930","927","1008","1010","1079","1077","1074","1048","912","928","896","716","559","433","287","154","59","27","2","-"
"Rio Bom (PR)","Total","160","188","184","194","199","199","196","208","197","189","239","269","236","177","106","113","76","42","19","6","-"
"Rio Bonito do Iguaçu (PR)","Total","998","1071","1078","1036","995","910","939","994","1125","943","945","869","681","552","356","245","118","50","16","8","-"
"Rio Branco do Ivaí (PR)","Total","252","294","293","275","209","280","296","279","260","238","246","244","221","153","106","75","48","19","12","4","4"
"Rio Branco do Sul (PR)","Total","2560","2904","2662","2766","2646","2819","2624","3609","3120","2644","2383","2094","1623","1321","811","495","299","126","38","9","5"
"Rio Negro (PR)","Total","1930","2100","2012","2221","2297","2307","2246","2336","2433","2261","2076","1900","1662","1279","1001","642","343","160","90","25","3"
"Rolândia (PR)","Total","4918","4921","4587","4604","5681","5717","5556","5469","5228","4667","4547","4175","3416","2858","2095","1569","938","506","162","46","10"
"Roncador (PR)","Total","737","747","678","802","729","755","747","813","861","808","777","743","610","545","380","238","162","85","25","7","2"
"Rondon (PR)","Total","540","604","580","642","629","662","628","656","648","600","661","661","474","355","303","191","125","96","33","8","1"
"Rosário do Ivaí (PR)","Total","293","326","373","342","320","338","331","352","366","407","385","421","307","283","230","164","109","60","20","6","2"
"Sabáudia (PR)","Total","562","639","566","610","615","719","654","663","646","603","567","535","463","359","278","152","112","53","17","7","2"
"Salgado Filho (PR)","Total","252","274","231","251","300","316","263","258","295","284","305","270","250","192","133","83","61","44","10","2","1"
"Salto do Itararé (PR)","Total","321","324","309","321","313","345","332","345","342","352","363","363","335","326","228","150","66","39","15","2","1"
"Salto do Lontra (PR)","Total","1022","997","978","1022","1008","1144","1142","1076","1084","974","1043","988","875","724","497","318","205","83","33","7","3"
"Santa Amélia (PR)","Total","192","224","229","234","181","239","206","210","192","225","238","254","241","189","149","88","47","35","16","4","1"
"Santa Cecília do Pavão (PR)","Total","196","232","192","198","224","184","240","228","207","199","258","255","228","170","143","103","57","26","24","1","-"
"Santa Cruz de Monte Castelo (PR)","Total","516","579","531","550","569","537","619","664","617","566","568","582","564","406","294","207","136","75","26","6","1"
"Santa Fé (PR)","Total","624","719","655","689","703","766","821","847","820","778","774","867","704","573","396","268","201","109","42","17","5"
"Santa Helena (PR)","Total","1692","1704","1599","1642","1771","1888","1737","1861","1796","1691","1794","1688","1377","1137","889","626","364","165","52","16","3"
"Santa Inês (PR)","Total","99","112","87","117","109","113","99","125","98","109","158","143","114","87","75","59","28","11","5","-","-"
"Santa Isabel do Ivaí (PR)","Total","525","552","536","574","575","533","631","613","620","565","636","657","579","443","323","245","159","94","43","7","2"
"Santa Izabel do Oeste (PR)","Total","877","944","853","865","1001","1127","1069","995","975","885","936","904","864","637","450","327","215","113","22","9","2"
"Santa Lúcia (PR)","Total","230","217","258","249","230","210","241","229","216","268","259","242","226","182","155","104","72","38","15","3","-"
"Santa Maria do Oeste (PR)","Total","633","711","698","758","627","668","640","705","688","754","648","616","577","461","340","220","109","53","24","2","2"
"Santa Mariana (PR)","Total","635","648","635","640","630","714","677","719","758","788","758","824","743","647","518","340","210","125","50","7","-"
"Santa Mônica (PR)","Total","221","267","226","208","208","221","249","225","232","245","199","220","202","140","107","88","59","26","9","4","-"
"Santana do Itararé (PR)","Total","336","359","326","373","337","427","334","376","411","363","386","392","353","279","195","133","74","34","18","7","1"
"Santa Tereza do Oeste (PR)","Total","1055","1008","937","885","928","1065","1006","1051","912","876","833","783","599","451","346","224","112","75","23","5","-"
"Santa Terezinha de Itaipu (PR)","Total","1549","1644","1585","1618","1717","1740","1819","1791","1828","1674","1706","1496","1324","1045","764","492","276","125","54","9","6"
"Santo Antônio da Platina (PR)","Total","2832","2859","2992","3053","3193","3203","3242","3269","3172","2912","2867","2821","2396","1981","1500","1033","546","338","119","36","5"
"Santo Antônio do Caiuá (PR)","Total","148","154","134","140","167","161","137","164","172","199","174","203","162","131","83","68","42","33","15","5","1"
"Santo Antônio do Paraíso (PR)","Total","91","127","125","155","128","135","138","144","150","134","160","149","159","125","87","61","30","16","7","2","2"
"Santo Antônio do Sudoeste (PR)","Total","1609","1580","1639","1709","1786","1805","1703","1708","1672","1454","1434","1455","1259","1053","729","522","307","167","58","20","4"
"Santo Inácio (PR)","Total","455","424","421","405","364","465","429","469","415","430","413","439","317","265","182","145","82","44","14","2","1"
"São Carlos do Ivaí (PR)","Total","419","459","404","399","453","531","491","474","454","470","455","452","333","274","190","159","93","49","26","2","-"
"São Jerônimo da Serra (PR)","Total","735","749","772","800","752","727","712","727","733","689","719","693","634","490","351","242","159","98","32","14","2"
"São João (PR)","Total","790","775","674","721","823","888","843","851","757","766","801","798","723","630","476","255","181","85","40","7","2"
"São João do Caiuá (PR)","Total","369","377","363","377","338","397","360","352","394","399","386","388","336","257","177","127","104","55","21","7","2"
"São João do Ivaí (PR)","Total","573","603","610","620","656","603","671","716","743","705","795","797","728","624","485","341","214","111","48","18","6"
"São João do Triunfo (PR)","Total","908","906","979","1080","1000","1083","1011","1063","1039","943","882","779","686","536","372","242","131","56","24","3","3"
"São Jorge d'Oeste (PR)","Total","559","591","590","555","567","659","644","685","646","586","663","715","595","497","324","244","142","85","22","6","3"
"São Jorge do Ivaí (PR)","Total","243","275","305","316","294","308","320","343","336","346","392","435","342","285","221","198","128","50","25","6","-"
"São Jorge do Patrocínio (PR)","Total","413","388","345","374","405","415","454","446","425","423","502","447","429","351","263","200","135","60","23","5","1"
"São José da Boa Vista (PR)","Total","391","396","353","377","388","436","321","425","398","409","446","431","396","338","232","134","92","53","16","8","-"
"São José das Palmeiras (PR)","Total","270","285","278","253","247","227","251","272","274","287","279","269","211","191","141","126","62","22","8","3","1"
"São José dos Pinhais (PR)","Total","21137","24062","22954","22634","25948","28347","28731","28747","27923","22857","20095","17161","13657","10439","6907","4097","2253","1189","383","92","15"
"São Manoel do Paraná (PR)","Total","108","125","123","138","126","124","133","157","137","146","176","161","143","123","81","59","33","27","15","2","1"
"São Mateus do Sul (PR)","Total","2728","2850","2900","2931","3100","3092","3077","3202","3242","3163","2850","2639","2180","1621","1156","816","489","229","83","17","1"
"São Miguel do Iguaçu (PR)","Total","2022","2087","1889","1965","2099","2196","2129","2046","2030","1892","1944","1908","1526","1225","886","650","379","166","63","14","6"
"São Pedro do Iguaçu (PR)","Total","380","374","344","340","366","380","330","377","399","426","402","416","348","329","233","175","102","48","11","3","1"
"São Pedro do Ivaí (PR)","Total","484","520","564","563","497","580","614","620","653","594","593","604","551","427","338","231","148","74","21","12","2"
"São Pedro do Paraná (PR)","Total","157","168","163","153","172","201","146","172","202","192","213","199","153","129","98","74","41","20","7","-","1"
"São Sebastião da Amoreira (PR)","Total","472","514","544","557","514","543","590","530","577","503","596","554","468","380","291","218","124","53","22","11","2"
"São Tomé (PR)","Total","292","367","326","339","346","357","385","350","357","346","394","391","313","253","160","122","75","39","12","8","-"
"Sapopema (PR)","Total","412","423","412","465","470","536","391","471","509","464","458","452","357","288","221","193","87","61","15","10","-"
"Sarandi (PR)","Total","8567","8831","8066","7657","8958","10697","10881","9821","8926","7777","7378","6184","4802","3898","2707","1733","909","458","150","46","9"
"Saudade do Iguaçu (PR)","Total","445","457","500","450","439","445","494","432","409","374","363","320","307","258","184","109","76","35","8","2","1"
"Sengés (PR)","Total","1215","1301","1225","1422","1327","1314","1170","1237","1263","1186","1115","968","862","635","449","285","172","82","30","9","3"
"Serranópolis do Iguaçu (PR)","Total","276","295","312","303","294","356","280","355","341","331","365","369","312","271","192","177","110","47","16","5","-"
"Sertaneja (PR)","Total","266","324","334","336","338","345","344","388","395","402","368","419","384","354","235","179","122","45","33","5","-"
"Sertanópolis (PR)","Total","899","965","947","962","1044","1118","1145","1162","1137","1055","1140","1142","934","813","569","409","285","124","70","9","1"
"Siqueira Campos (PR)","Total","1450","1509","1413","1417","1777","1791","1702","1742","1747","1555","1454","1339","1291","966","674","490","278","153","56","6","1"
"Sulina (PR)","Total","209","203","212","230","194","220","227","220","230","209","264","261","224","180","133","113","75","26","7","3","-"
"Tamarana (PR)","Total","761","801","827","866","785","776","718","732","728","675","653","635","514","435","331","231","137","68","23","9","2"
"Tamboara (PR)","Total","317","300","315","292","310","313","325","351","302","353","352","359","316","241","173","121","67","46","22","4","1"
"Tapejara (PR)","Total","986","1087","1102","1030","1084","1136","1138","1201","1121","1155","1170","1074","801","648","427","313","198","140","48","8","2"
"Tapira (PR)","Total","327","359","331","357","350","336","369","365","350","376","436","443","410","290","230","177","113","79","33","11","3"
"Teixeira Soares (PR)","Total","639","662","637","757","695","730","694","667","683","636","610","613","525","358","258","191","120","49","18","4","1"
"Telêmaco Borba (PR)","Total","5110","5604","5415","5274","5768","5661","5879","5998","6057","4914","4604","4148","3408","2692","1908","1297","764","374","133","28","6"
"Terra Boa (PR)","Total","1098","1170","1076","1019","1183","1311","1223","1362","1268","1204","1272","1178","964","739","571","405","289","160","59","15","2"
"Terra Rica (PR)","Total","875","990","1030","982","887","951","1035","975","1083","1038","1057","1045","857","677","507","390","248","140","54","17","4"
"Terra Roxa (PR)","Total","1254","1179","1226","1195","1232","1189","1283","1231","1191","1200","1291","1188","1075","794","633","418","320","140","59","16","5"
"Tibagi (PR)","Total","1432","1515","1504","1521","1413","1454","1438","1377","1486","1302","1272","1179","1053","777","512","346","217","103","48","9","3"
"Tijucas do Sul (PR)","Total","1200","1295","1221","1286","1236","1313","1196","1172","1263","1179","1178","1146","970","775","483","371","213","90","24","5","5"
"Toledo (PR)","Total","9412","10210","9350","9217","11557","12677","12684","12360","11514","10110","9866","9298","7388","5494","3879","2519","1615","909","335","69","7"
"Tomazina (PR)","Total","469","535","476","493","499","530","565","620","579","544","642","660","577","447","352","219","123","62","28","5","1"
"Três Barras do Paraná (PR)","Total","735","776","747","794","738","762","740","772","775","722","779","766","643","485","379","257","154","79","26","6","-"
"Tunas do Paraná (PR)","Total","533","546","524","562","502","517","465","478","424","381","308","286","238","187","114","81","43","20","7","3","-"
"Tuneiras do Oeste (PR)","Total","499","527","522","534","544","515","509","552","580","589","616","569","450","372","267","195","134","64","21","5","3"
"Tupãssi (PR)","Total","455","470","492","537","507","490","509","521","552","581","594","553","478","444","346","283","165","71","27","2","-"
"Turvo (PR)","Total","999","1031","1040","1045","998","1199","1082","1045","988","914","880","805","684","592","419","262","145","65","28","9","1"
"Ubiratã (PR)","Total","1545","1583","1593","1589","1668","1790","1785","1780","1747","1693","1786","1630","1411","1152","804","529","355","207","73","25","4"
"Umuarama (PR)","Total","7514","7597","7189","7355","8225","8877","9000","8995","8702","8017","7934","7292","6292","4902","3667","2568","1685","830","347","92","15"
"União da Vitória (PR)","Total","3552","3635","3572","4013","4576","4437","3992","3922","3962","3520","3614","3287","2817","2213","1606","1056","705","371","150","27","6"
"Uniflor (PR)","Total","116","127","141","123","102","129","148","146","158","162","184","156","133","85","82","74","37","19","14","-","-"
"Uraí (PR)","Total","493","606","606","633","649","629","657","633","700","708","770","776","691","611","494","331","229","113","58","15","4"
"Wenceslau Braz (PR)","Total","1312","1325","1258","1273","1368","1372","1316","1378","1375","1270","1226","1200","1074","878","677","419","263","134","59","10","1"
"Ventania (PR)","Total","674","690","672","791","713","843","690","717","768","683","568","467","475","335","258","166","101","51","16","3","-"
"Vera Cruz do Oeste (PR)","Total","496","523","507","508","544","581","504","538","529","539","594","583","563","415","343","193","158","61","29","5","2"
"Verê (PR)","Total","442","507","471","492","457","518","565","561","529","527","604","562","520","432","341","183","126","69","20","4","2"
"Alto Paraíso (PR)","Total","205","234","202","216","194","183","206","202","226","189","202","214","199","134","93","73","57","19","4","3","-"
"Doutor Ulysses (PR)","Total","409","370","414","471","424","374","398","413","426","400","373","344","281","211","167","104","67","38","8","4","1"
"Virmond (PR)","Total","237","271","250","260","266","250","234","260","261","273","275","280","201","173","147","94","47","24","6","2","-"
"Vitorino (PR)","Total","740","969","569","567","634","757","833","786","652","577","619","542","434","371","293","178","117","47","18","3","-"
"Xambrê (PR)","Total","360","371","353","372","317","331","351","379","381","399","395","439","393","297","237","199","118","65","31","8","2"
"Abdon Batista (SC)","Total","131","159","171","175","143","134","152","156","169","194","216","217","168","160","113","86","36","13","4","-","1"
"Abelardo Luz (SC)","Total","1421","1326","1209","1213","1364","1341","1226","1249","1223","1098","1136","988","864","664","475","314","170","75","27","7","2"
"Agrolândia (SC)","Total","729","760","702","745","773","862","899","903","814","728","738","658","528","402","291","236","125","69","22","6","-"
"Agronômica (SC)","Total","394","380","391","413","413","496","502","488","434","397","353","393","327","276","192","113","54","25","12","1","1"
"Água Doce (SC)","Total","410","409","398","436","466","454","452","413","461","438","453","436","376","303","240","164","113","55","24","6","1"
"Águas de Chapecó (SC)","Total","397","399","385","348","380","410","428","421","402","392","406","389","427","345","203","141","104","40","12","5","2"
"Águas Frias (SC)","Total","180","179","176","178","181","167","217","205","167","202","202","206","177","143","118","68","47","21","3","1","1"
"Águas Mornas (SC)","Total","377","398","350","369","447","528","537","499","450","479","532","515","401","296","234","164","92","56","15","4","-"
"Alfredo Wagner (SC)","Total","638","674","639","706","711","796","796","797","692","676","733","747","645","461","361","222","111","58","14","3","1"
"Alto Bela Vista (SC)","Total","90","99","91","101","68","88","119","109","122","124","138","159","146","132","129","66","42","22","10","1","-"
"Anchieta (SC)","Total","312","351","322","388","343","367","412","410","421","390","432","426","427","331","248","166","115","58","23","1","-"
"Angelina (SC)","Total","304","288","287","333","322","319","380","387","377","333","418","418","380","267","196","154","103","58","28","5","1"
"Anita Garibaldi (SC)","Total","512","523","492","566","544","608","554","547","539","535","538","619","527","434","314","216","122","63","24","4","4"
"Anitápolis (SC)","Total","222","194","240","194","242","202","233","240","239","220","266","328","232","195","144","105","49","23","21","4","-"
"Antônio Carlos (SC)","Total","717","781","748","679","797","816","824","920","898","821","711","694","548","402","344","224","164","88","37","10","1"
"Apiúna (SC)","Total","629","675","614","663","677","753","745","732","742","677","658","634","548","407","311","162","104","55","19","5","1"
"Arabutã (SC)","Total","276","260","256","243","214","248","266","353","305","302","303","280","301","236","217","179","85","42","10","1","1"
"Araquari (SC)","Total","3790","3994","3618","3398","3673","4025","4166","3995","3549","2793","2305","1958","1522","1050","697","353","228","113","41","12","3"
"Araranguá (SC)","Total","4589","4771","4571","4840","5319","5472","5682","5701","5591","4612","4619","4488","3868","2947","2193","1319","774","365","151","39","11"
"Armazém (SC)","Total","588","567","562","541","572","738","708","682","647","503","588","599","482","365","297","200","114","62","14","5","-"
"Arroio Trinta (SC)","Total","182","192","157","190","224","243","219","267","241","239","270","276","234","222","178","119","69","23","9","2","-"
"Arvoredo (SC)","Total","148","135","152","151","175","164","170","185","166","168","148","198","161","150","101","63","42","19","12","2","-"
"Ascurra (SC)","Total","537","529","444","564","550","641","655","655","568","554","582","538","439","380","290","188","115","56","27","6","1"
"Atalanta (SC)","Total","185","212","200","208","198","204","252","233","196","202","233","256","211","164","135","74","43","16","3","2","-"
"Aurora (SC)","Total","451","454","430","429","459","520","553","514","505","396","437","455","379","318","211","138","87","27","14","3","-"
"Balneário Arroio do Silva (SC)","Total","941","984","1121","1009","823","905","965","1155","1045","924","1055","1219","1237","971","704","415","204","92","42","9","-"
"Balneário Camboriú (SC)","Total","6384","7133","6994","7526","10301","12420","12488","12305","11788","9496","8567","8158","7602","6596","4931","3120","1872","971","393","93","17"
"Balneário Barra do Sul (SC)","Total","846","916","905","888","679","798","871","929","941","960","981","1229","1242","1121","778","435","246","106","34","4","3"
"Balneário Gaivota (SC)","Total","941","1079","1038","958","893","909","1044","1047","1102","868","1043","1227","1160","968","633","392","224","94","38","11","-"
"Bandeirante (SC)","Total","196","208","181","194","167","227","205","195","195","206","236","229","210","185","133","85","50","32","8","2","-"
"Barra Bonita (SC)","Total","87","97","126","89","77","82","93","112","103","119","126","123","123","100","86","55","40","22","7","1","-"
"Barra Velha (SC)","Total","3001","3280","3069","2898","3029","3364","3620","3630","3494","2988","2880","2694","2506","2013","1368","812","425","202","80","12","4"
"Bela Vista do Toldo (SC)","Total","397","381","400","431","401","397","401","447","466","411","389","404","338","249","173","91","59","30","6","1","-"
"Belmonte (SC)","Total","169","170","168","173","167","158","177","214","192","167","164","169","155","157","87","87","55","21","4","3","1"
"Benedito Novo (SC)","Total","606","590","648","661","732","749","761","841","825","750","727","654","625","501","362","251","131","71","25","9","1"
"Biguaçu (SC)","Total","4649","5151","4866","5077","5997","6503","6592","6646","6390","5382","4823","4333","3582","2668","1866","1076","617","365","143","39","8"
"Blumenau (SC)","Total","19891","21108","20227","21117","28643","31692","32533","31626","29763","24606","23368","21927","18087","13641","10014","6133","3814","1964","862","212","33"
"Bocaina do Sul (SC)","Total","208","251","212","229","244","225","245","234","256","209","257","241","215","196","142","61","49","28","7","5","1"
"Bombinhas (SC)","Total","1524","1728","1511","1714","1864","1978","2039","2234","2083","1696","1631","1528","1232","984","671","336","185","78","35","4","3"
"Bom Jardim da Serra (SC)","Total","255","271","239","258","286","299","293","273","280","274","295","311","231","173","115","84","55","25","9","-","-"
"Bom Jesus (SC)","Total","173","207","192","195","215","216","183","234","172","162","186","178","151","128","88","42","34","11","8","2","-"
"Bom Jesus do Oeste (SC)","Total","134","128","129","132","109","148","146","145","132","153","139","158","142","123","115","72","43","29","9","1","-"
"Bom Retiro (SC)","Total","577","609","582","620","652","654","605","615","519","523","530","538","425","369","264","166","101","42","20","6","1"
"Botuverá (SC)","Total","335","336","297","291","334","414","464","427","384","312","369","406","305","246","179","121","93","33","14","3","-"
"Braço do Norte (SC)","Total","2117","2217","2106","2371","2886","3077","2936","2779","2524","2053","2141","2027","1533","1129","834","529","313","134","56","9","2"
"Braço do Trombudo (SC)","Total","252","264","260","269","249","227","278","353","322","293","266","242","192","190","157","109","57","34","10","2","-"
"Brunópolis (SC)","Total","135","144","157","148","149","168","152","177","178","191","189","206","148","119","106","49","50","14","6","2","1"
"Brusque (SC)","Total","9126","9076","8647","9007","11012","12577","13218","12840","11642","9264","8503","7893","6516","4633","3234","1985","1188","657","287","71","9"
"Caçador (SC)","Total","5053","5349","4879","5239","6312","5958","5801","5481","5537","4787","4803","4300","3438","2542","1847","1211","678","354","109","36","6"
"Caibi (SC)","Total","392","378","353","395","408","418","427","448","424","414","428","457","411","375","245","150","110","40","22","8","1"
"Calmon (SC)","Total","290","348","277","262","291","278","238","217","215","188","203","212","156","106","66","46","31","13","3","2","1"
"Camboriú (SC)","Total","7163","7507","6875","6785","8374","9743","10129","9983","9070","6937","5869","4794","3743","2655","1733","858","538","221","79","16","2"
"Capão Alto (SC)","Total","158","158","169","163","172","131","169","175","165","165","197","203","204","155","109","63","35","25","6","3","-"
"Campo Alegre (SC)","Total","769","805","833","831","867","855","827","937","1001","897","787","799","749","587","426","252","158","81","29","10","1"
"Campo Belo do Sul (SC)","Total","446","469","457","506","530","490","450","465","518","528","537","475","473","328","253","155","97","57","14","6","3"
"Campo Erê (SC)","Total","699","721","674","719","753","734","650","653","670","602","582","517","473","414","312","229","116","83","17","4","1"
"Campos Novos (SC)","Total","2385","2460","2294","2482","2782","3025","2901","2926","2897","2484","2402","2263","1873","1405","1040","645","413","175","62","17","1"
"Canelinha (SC)","Total","856","881","807","929","988","1052","974","944","950","889","862","803","626","475","381","196","124","57","20","4","3"
"Canoinhas (SC)","Total","3543","3726","3571","3756","4038","4176","4149","4164","4186","3916","3660","3428","2878","2173","1618","993","610","302","107","20","2"
"Capinzal (SC)","Total","1512","1466","1388","1552","1874","1931","1890","1878","1854","1649","1510","1398","1097","832","622","404","256","141","51","7","2"
"Capivari de Baixo (SC)","Total","1438","1660","1599","1603","1791","1746","1898","1868","1933","1422","1523","1607","1346","958","698","432","265","132","48","8","-"
"Catanduvas (SC)","Total","779","715","710","705","820","848","813","789","767","725","682","648","501","392","285","187","119","68","11","2","-"
"Caxambu do Sul (SC)","Total","280","311","276","279","266","316","290","283","276","246","339","347","328","276","225","146","73","35","15","5","2"
"Celso Ramos (SC)","Total","161","166","182","149","178","179","180","208","195","180","235","214","176","153","108","75","36","21","7","2","-"
"Cerro Negro (SC)","Total","202","218","203","217","213","200","200","228","249","237","239","254","204","142","124","78","65","27","11","2","4"
"Chapadão do Lageado (SC)","Total","169","222","189","203","186","200","206","218","190","189","224","242","177","135","87","51","31","20","10","1","-"
"Chapecó (SC)","Total","17990","17500","15523","16156","22428","24960","24188","22508","19809","16259","14552","12895","10348","7374","5432","3408","1967","1009","363","96","20"
"Cocal do Sul (SC)","Total","929","1018","983","1027","1136","1280","1414","1492","1515","1149","1156","1186","1028","790","544","306","166","70","37","12","2"
"Concórdia (SC)","Total","5275","5171","4787","4714","6018","6308","6397","6602","6478","5394","5107","5035","4320","3554","2717","1827","1113","568","206","52","3"
"Cordilheira Alta (SC)","Total","323","324","283","274","297","330","372","367","373","308","345","301","269","238","172","115","50","26","13","1","-"
"Coronel Freitas (SC)","Total","632","612","605","575","643","738","732","771","751","691","716","765","659","520","399","274","188","79","25","6","7"
"Coronel Martins (SC)","Total","122","108","100","127","152","141","125","132","130","136","172","172","144","104","84","52","35","21","7","-","1"
"Corupá (SC)","Total","907","986","977","988","1068","1160","1145","1263","1261","1058","1006","940","778","612","452","304","194","112","45","10","1"
"Correia Pinto (SC)","Total","1123","1111","1019","1121","1167","1151","1151","1146","1159","1041","1096","961","794","624","509","291","165","63","28","6","1"
"Criciúma (SC)","Total","12816","13628","12653","13274","16645","17608","18380","18569","17013","13221","13322","13641","11734","8755","5953","3680","2025","1039","438","91","8"
"Cunha Porã (SC)","Total","655","686","546","641","659","741","791","867","765","655","738","826","713","575","481","318","174","90","25","6","1"
"Cunhataí (SC)","Total","116","105","104","129","123","129","120","123","128","139","147","177","130","118","87","41","30","18","4","-","-"
"Curitibanos (SC)","Total","2764","2917","2753","2822","3259","3049","2962","2927","2883","2696","2473","2292","2002","1490","1145","772","488","230","94","22","5"
"Descanso (SC)","Total","477","436","438","454","489","540","587","613","575","525","575","699","633","512","409","273","160","88","39","8","-"
"Dionísio Cerqueira (SC)","Total","1018","1113","1071","958","1044","1103","1144","1132","1095","952","883","847","853","688","459","337","185","86","29","10","1"
"Dona Emma (SC)","Total","293","271","288","291","301","315","325","314","295","294","258","281","223","159","134","91","49","28","10","1","-"
"Doutor Pedrinho (SC)","Total","199","182","195","237","236","249","283","248","234","232","291","284","231","159","142","94","84","40","14","3","-"
"Entre Rios (SC)","Total","286","285","248","268","337","240","213","239","256","185","185","178","161","121","68","49","38","23","7","3","12"
"Ermo (SC)","Total","149","154","127","151","155","149","178","161","175","144","136","150","147","113","73","59","26","14","7","1","-"
"Erval Velho (SC)","Total","301","296","253","274","309","318","327","383","348","267","339","305","312","270","233","164","96","58","20","12","-"
"Faxinal dos Guedes (SC)","Total","753","706","765","759","806","779","848","845","825","771","745","705","608","504","318","233","123","58","32","7","2"
"Flor do Sertão (SC)","Total","101","118","98","113","118","109","109","130","118","108","130","117","122","96","81","57","32","17","6","3","-"
"Florianópolis (SC)","Total","25973","29092","27856","29070","41329","47102","48512","49003","46856","36598","32470","31672","28531","22668","17112","10746","6581","3734","1727","496","83"
"Formosa do Sul (SC)","Total","186","147","153","160","185","174","198","168","163","162","193","216","167","124","98","87","63","26","6","5","1"
"Forquilhinha (SC)","Total","2341","2359","2069","2227","2838","2906","2863","2582","2321","1872","1751","1725","1359","875","599","349","217","130","41","7","-"
"Fraiburgo (SC)","Total","2271","2397","2253","2418","2610","2666","2447","2363","2356","2185","2313","2068","1724","1304","919","592","347","185","49","9","5"
"Frei Rogério (SC)","Total","130","158","141","176","154","153","151","163","163","147","196","200","162","113","92","51","34","19","6","-","2"
"Galvão (SC)","Total","203","208","213","200","188","185","205","233","219","192","228","236","224","173","125","85","50","31","8","2","2"
"Garopaba (SC)","Total","1847","1969","1730","1784","1942","2140","2320","2632","2633","2161","1978","1817","1642","1331","891","548","340","157","79","16","2"
"Garuva (SC)","Total","1396","1517","1364","1355","1446","1475","1514","1423","1409","1171","1116","989","814","623","422","248","148","83","24","8","-"
"Gaspar (SC)","Total","4653","4751","4478","4792","5872","6214","6322","5979","5676","4759","4507","4406","3569","2676","1748","1091","591","331","118","33","4"
"Governador Celso Ramos (SC)","Total","885","1010","966","1012","1130","1212","1219","1313","1291","1242","1260","1184","1049","887","592","316","183","100","54","8","2"
"Grão-Pará (SC)","Total","462","373","406","353","422","460","490","519","408","413","408","434","352","291","211","134","81","43","13","4","-"
"Gravatal (SC)","Total","719","759","787","741","823","960","964","956","920","772","832","872","729","594","451","279","157","83","30","7","-"
"Guabiruba (SC)","Total","1725","1684","1526","1447","1691","2074","2142","2201","1960","1671","1633","1424","1212","891","583","339","200","104","29","7","-"
"Guaraciaba (SC)","Total","586","562","589","594","649","723","804","794","728","687","776","837","750","614","463","302","188","100","42","8","-"
"Guaramirim (SC)","Total","3377","3362","3155","3279","3952","4181","4222","4098","3730","3108","2890","2361","1774","1236","900","540","310","170","54","11","1"
"Guarujá do Sul (SC)","Total","291","266","274","235","277","320","379","339","327","297","321","376","360","274","202","132","80","50","22","7","-"
"Guatambú (SC)","Total","675","668","560","554","581","645","730","750","630","507","485","442","396","323","233","135","61","34","15","-","1"
"Herval d'Oeste (SC)","Total","1318","1307","1230","1348","1579","1680","1698","1665","1631","1484","1368","1427","1328","963","697","476","297","152","62","12","2"
"Ibiam (SC)","Total","116","134","135","112","123","108","150","141","136","135","120","163","122","115","97","54","31","11","4","-","1"
"Ibicaré (SC)","Total","169","175","183","210","178","187","197","213","241","203","234","232","244","217","161","97","71","39","18","-","-"
"Ibirama (SC)","Total","1197","1255","1352","1325","1507","1523","1642","1698","1467","1341","1198","1210","1034","752","576","372","262","112","33","5","1"
"Içara (SC)","Total","3871","3939","3805","3801","4335","4689","5012","5027","4546","3806","3838","3813","3173","2239","1471","851","453","246","93","24","3"
"Ilhota (SC)","Total","1186","1288","1226","1183","1224","1392","1407","1391","1392","1065","1035","962","810","592","404","221","147","83","26","7","5"
"Imaruí (SC)","Total","647","691","687","716","647","682","694","730","783","773","893","997","911","702","552","392","223","106","42","13","-"
"Imbituba (SC)","Total","3021","3348","3203","3044","3272","3749","4054","4366","4292","3471","3353","3470","3250","2501","1850","1147","670","368","116","29","5"
"Imbuia (SC)","Total","373","395","362","434","428","464","435","461","443","389","421","364","362","261","201","99","50","24","12","4","-"
"Indaial (SC)","Total","4691","4726","4424","4848","5541","6341","6529","6223","5773","4830","4352","3946","3170","2335","1705","1036","596","328","126","27","2"
"Iomerê (SC)","Total","142","160","145","160","164","187","194","192","196","205","212","228","179","155","147","97","62","40","12","-","-"
"Ipira (SC)","Total","269","258","242","252","271","257","308","309","326","306","318","358","301","269","198","151","106","49","25","5","-"
"Iporã do Oeste (SC)","Total","581","503","529","554","525","663","641","741","655","640","598","667","628","539","361","211","176","87","28","7","1"
"Ipuaçu (SC)","Total","660","716","578","642","758","656","466","527","497","424","419","370","314","248","194","108","66","45","19","6","17"
"Ipumirim (SC)","Total","506","477","438","481","591","561","571","572","512","509","558","515","474","374","284","209","106","59","14","5","-"
"Iraceminha (SC)","Total","220","213","222","280","231","244","203","243","268","267","303","331","291","200","196","135","88","36","11","4","-"
"Irani (SC)","Total","733","631","612","661","783","798","803","777","732","683","675","627","526","436","332","183","119","47","31","4","2"
"Irati (SC)","Total","134","119","117","128","122","141","125","149","132","150","142","161","141","117","79","59","29","15","8","1","-"
"Irineópolis (SC)","Total","691","698","703","767","781","756","700","765","758","746","671","656","547","375","264","218","101","57","26","5","-"
"Itá (SC)","Total","407","416","419","412","464","478","502","547","496","465","512","482","424","366","303","173","113","62","19","6","1"
"Itaiópolis (SC)","Total","1544","1490","1558","1683","1682","1661","1654","1700","1594","1526","1422","1229","1049","847","616","409","218","119","39","9","2"
"Itajaí (SC)","Total","17771","18312","17228","16931","21127","24478","24616","24280","22590","17141","14824","13221","10865","8164","5532","3303","2031","1089","421","111","19"
"Itapema (SC)","Total","4710","4896","4840","4796","6034","6445","6513","6651","6347","5082","4582","4221","3666","2994","2010","1111","624","292","99","23","4"
"Itapiranga (SC)","Total","1096","1021","1020","1045","1278","1218","1266","1309","1211","1116","1063","1104","929","745","529","326","232","89","38","2","1"
"Itapoá (SC)","Total","1925","2046","2102","1947","1814","1967","2179","2386","2286","1991","2042","2022","2097","1672","1140","651","290","134","43","15","1"
"Ituporanga (SC)","Total","1843","1750","1631","1800","2055","2217","2116","2174","1921","1697","1674","1645","1319","962","756","499","260","146","48","12","-"
"Jaborá (SC)","Total","283","285","225","228","279","282","292","279","269","243","324","326","310","213","190","137","87","42","13","3","-"
"Jacinto Machado (SC)","Total","640","651","578","719","737","756","742","771","752","673","690","786","663","479","390","274","166","107","43","7","-"
"Jaguaruna (SC)","Total","1239","1285","1234","1196","1229","1300","1463","1448","1492","1218","1345","1490","1409","1196","866","523","245","120","63","13","1"
"Jaraguá do Sul (SC)","Total","11329","12004","11422","11568","13928","15443","16186","16457","16221","13113","11591","10161","8066","5940","4039","2576","1473","759","307","69","8"
"Jardinópolis (SC)","Total","104","116","113","96","109","123","125","127","97","109","132","158","132","82","62","41","31","14","4","1","-"
"Joaçaba (SC)","Total","1693","1716","1700","1736","2287","2376","2474","2402","2296","2061","1976","1966","1747","1291","943","659","461","233","95","21","13"
"Joinville (SC)","Total","36846","40028","38596","39331","49448","53220","52831","51985","51043","42553","39073","35437","28845","22197","15804","9181","5435","2992","1167","258","47"
"José Boiteux (SC)","Total","497","530","460","456","438","467","442","393","381","360","344","321","284","203","177","109","67","38","15","3","-"
"Jupiá (SC)","Total","179","132","144","179","189","195","162","181","164","155","180","191","149","121","107","56","38","25","8","-","-"
"Lacerdópolis (SC)","Total","103","124","119","144","124","141","152","126","173","148","163","187","129","122","109","79","61","34","10","-","-"
"Lages (SC)","Total","10097","10811","10451","11200","13050","13039","12901","12700","12173","10747","10510","10173","8585","6682","5098","3244","2021","989","395","100","15"
"Laguna (SC)","Total","2097","2321","2488","2590","2818","2769","2900","2999","3305","2901","2974","3110","2931","2333","1874","1226","643","348","121","30","7"
"Lajeado Grande (SC)","Total","119","108","80","103","108","109","147","123","105","92","107","128","123","86","83","33","27","15","5","1","-"
"Laurentino (SC)","Total","459","527","482","445","508","599","752","673","611","515","489","533","438","359","237","135","80","58","26","5","1"
"Lauro Müller (SC)","Total","864","958","903","927","947","984","1099","1174","1052","895","968","1023","868","608","448","317","199","117","24","6","-"
"Lebon Régis (SC)","Total","892","952","892","908","902","883","869","689","730","765","702","639","575","409","301","194","92","48","25","3","2"
"Leoberto Leal (SC)","Total","195","184","211","241","228","187","222","247","217","238","247","253","237","141","104","82","60","22","11","2","1"
"Lindóia do Sul (SC)","Total","281","269","242","261","311","290","285","284","292","302","336","367","316","244","210","126","63","53","15","2","-"
"Lontras (SC)","Total","927","912","859","854","919","1019","1009","1048","980","875","731","747","635","514","343","238","155","74","27","6","1"
"Luiz Alves (SC)","Total","763","827","814","787","942","987","1026","966","872","719","675","601","594","448","313","172","100","47","25","5","1"
"Luzerna (SC)","Total","300","328","299","285","368","411","441","428","441","345","380","436","366","323","272","151","116","69","27","7","1"
"Macieira (SC)","Total","102","129","127","101","105","106","116","132","119","126","118","116","110","99","87","43","24","12","4","1","1"
"Mafra (SC)","Total","3334","3463","3384","3813","4040","4008","4246","4228","4256","4052","3608","3492","3112","2369","1705","1065","619","336","127","27","2"
"Major Gercino (SC)","Total","202","213","230","198","168","198","219","188","233","213","235","227","230","141","142","92","44","30","10","1","-"
"Major Vieira (SC)","Total","465","451","513","510","523","561","526","555","571","514","470","478","438","336","216","147","87","44","15","3","2"
"Maracajá (SC)","Total","524","567","538","567","546","596","618","649","596","454","421","471","453","339","212","132","64","52","12","4","-"
"Maravilha (SC)","Total","1910","1798","1620","1768","2175","2319","2334","2321","2103","1886","1734","1697","1429","1102","850","560","354","200","73","14","4"
"Marema (SC)","Total","115","115","118","116","144","150","129","150","130","136","170","167","148","135","91","78","46","31","13","2","-"
"Massaranduba (SC)","Total","1034","1027","1062","995","1133","1220","1341","1391","1387","1165","1210","1138","945","727","573","387","232","121","60","12","2"
"Matos Costa (SC)","Total","189","190","207","217","190","170","179","202","200","183","188","189","143","117","91","54","35","12","4","1","-"
"Meleiro (SC)","Total","370","405","385","450","426","479","564","511","479","431","545","542","400","339","283","175","106","70","40","6","-"
"Mirim Doce (SC)","Total","144","165","145","162","170","166","163","185","150","184","200","181","137","115","113","67","37","23","4","-","-"
"Modelo (SC)","Total","238","237","250","273","288","296","273","297","288","263","293","287","250","178","146","106","72","28","15","1","1"
"Mondaí (SC)","Total","651","608","585","616","678","754","758","801","705","633","659","677","612","476","388","209","157","74","19","5","1"
"Monte Carlo (SC)","Total","717","686","617","775","869","763","629","580","613","576","566","527","422","301","201","135","81","34","17","5","3"
"Monte Castelo (SC)","Total","568","524","540","566","623","530","537","555","590","550","513","446","393","332","196","122","90","40","18","3","-"
"Morro da Fumaça (SC)","Total","1217","1352","1271","1214","1355","1462","1602","1570","1431","1122","1147","1157","1019","615","465","266","154","77","28","11","2"
"Morro Grande (SC)","Total","185","196","171","174","195","207","237","203","224","162","231","233","188","153","105","70","37","26","9","4","-"
"Navegantes (SC)","Total","5962","6404","5973","5877","6644","7256","7492","7517","7073","5466","4912","4660","3898","3042","2037","1127","625","284","132","17","3"
"Nova Erechim (SC)","Total","338","333","280","306","342","416","423","377","362","362","346","326","317","225","163","115","69","34","17","4","-"
"Nova Itaberaba (SC)","Total","276","268","279","254","299","350","315","297","290","293","326","373","295","254","140","99","72","33","20","3","-"
"Nova Trento (SC)","Total","816","792","755","816","953","970","1156","1101","1046","899","897","967","847","607","420","308","177","130","63","5","2"
"Nova Veneza (SC)","Total","758","800","782","813","961","1024","1091","1041","993","955","955","997","822","589","433","309","184","110","46","1","-"
"Novo Horizonte (SC)","Total","137","145","174","197","152","174","156","165","157","171","189","220","202","143","115","80","42","18","6","-","-"
"Orleans (SC)","Total","1420","1396","1352","1547","1764","1777","1939","1833","1888","1662","1630","1527","1320","935","754","454","250","145","56","8","4"
"Otacílio Costa (SC)","Total","1177","1246","1194","1237","1310","1396","1271","1260","1281","1223","1128","1041","806","639","524","288","180","81","24","6","-"
"Ouro (SC)","Total","395","386","375","393","436","504","504","484","491","442","550","516","500","359","286","193","110","76","23","8","1"
"Ouro Verde (SC)","Total","154","142","126","132","144","168","135","161","132","166","132","167","146","114","79","36","21","21","4","1","-"
"Paial (SC)","Total","132","129","114","115","107","114","123","146","124","121","114","141","158","109","83","40","21","27","7","2","-"
"Painel (SC)","Total","139","132","125","145","118","143","145","113","150","174","181","156","162","113","95","57","37","20","8","1","1"
"Palhoça (SC)","Total","14291","15177","14583","14395","17439","19858","20818","20897","19343","14980","13192","11323","9476","6920","4816","2574","1396","760","292","57","11"
"Palma Sola (SC)","Total","582","541","508","488","555","537","584","509","529","465","495","499","421","317","247","158","105","49","10","5","1"
"Palmeira (SC)","Total","135","168","199","171","148","134","152","153","208","186","185","172","174","145","91","72","36","18","11","3","-"
"Palmitos (SC)","Total","878","934","872","843","952","1054","1085","1136","1137","1042","1118","1063","1013","853","698","463","286","133","53","13","-"
"Papanduva (SC)","Total","1314","1251","1258","1356","1468","1514","1523","1451","1452","1278","1210","1197","1030","720","535","294","169","88","35","7","-"
"Paraíso (SC)","Total","248","264","262","260","279","245","286","307","294","273","285","327","296","221","181","114","70","42","12","1","-"
"Passo de Torres (SC)","Total","844","937","834","816","846","839","1011","1016","1013","814","812","828","809","611","418","239","121","54","26","8","1"
"Passos Maia (SC)","Total","314","304","298","275","285","271","282","269","255","273","287","243","202","191","138","67","47","25","8","-","-"
"Paulo Lopes (SC)","Total","547","640","567","574","620","657","636","678","665","597","641","558","563","395","320","191","121","63","25","4","1"
"Pedras Grandes (SC)","Total","203","251","215","245","222","251","335","338","319","246","315","359","297","250","166","110","69","38","12","4","-"
"Penha (SC)","Total","2106","2169","2173","2185","2349","2455","2632","2676","2682","2299","2123","2011","1932","1568","1114","609","337","161","71","10","1"
"Peritiba (SC)","Total","176","141","160","153","136","181","201","202","173","182","204","277","237","209","136","104","60","40","18","2","-"
"Pescaria Brava (SC)","Total","574","628","574","665","681","749","770","748","731","617","769","783","616","470","367","243","109","69","24","2","1"
"Petrolândia (SC)","Total","422","408","431","406","427","451","475","494","402","438","461","512","440","349","253","165","110","51","17","4","-"
"Balneário Piçarras (SC)","Total","1705","1912","1835","1730","1742","1909","2152","2174","2192","1886","1652","1659","1585","1232","848","465","253","135","48","13","-"
"Pinhalzinho (SC)","Total","1557","1398","1278","1354","1799","1987","2073","1850","1681","1324","1338","1234","995","791","529","334","265","137","40","8","-"
"Pinheiro Preto (SC)","Total","245","239","191","255","270","291","279","272","191","229","204","234","193","141","87","70","50","25","4","3","-"
"Piratuba (SC)","Total","344","383","345","348","400","370","412","434","391","391","368","363","349","316","206","184","88","48","23","5","1"
"Planalto Alegre (SC)","Total","196","166","175","155","186","203","225","204","176","187","188","241","202","171","116","71","42","30","11","1","-"
"Pomerode (SC)","Total","1904","2059","2006","2079","2393","2461","2749","2957","3175","2701","2459","2020","1669","1291","1010","673","416","188","68","10","1"
"Ponte Alta (SC)","Total","270","300","287","339","337","291","294","290","328","300","275","292","258","234","159","96","52","22","9","2","2"
"Ponte Alta do Norte (SC)","Total","274","251","249","236","251","266","252","208","231","192","196","178","141","114","67","54","31","11","7","1","-"
"Ponte Serrada (SC)","Total","799","791","727","775","790","872","737","728","727","654","666","655","577","454","300","205","105","48","29","7","3"
"Porto Belo (SC)","Total","1714","1824","1738","1830","2078","2211","2335","2490","2468","2007","1713","1523","1283","1007","675","386","209","132","54","9","2"
"Porto União (SC)","Total","1887","2022","2107","2327","2474","2303","2287","2296","2447","2288","2206","2235","1901","1450","1068","805","471","261","106","22","7"
"Pouso Redondo (SC)","Total","1199","1259","1131","1183","1323","1292","1327","1430","1262","1129","1037","965","819","650","474","320","178","94","36","13","2"
"Praia Grande (SC)","Total","527","500","512","532","542","595","592","613","637","575","562","502","478","395","316","189","121","64","14","3","1"
"Presidente Castello Branco (SC)","Total","110","91","82","81","100","129","85","109","100","121","117","140","117","106","77","59","37","21","7","-","-"
"Presidente Getúlio (SC)","Total","1320","1304","1200","1387","1760","1816","1748","1575","1446","1293","1139","1149","935","649","528","386","217","112","36","8","2"
"Presidente Nereu (SC)","Total","127","156","127","154","123","150","137","176","136","150","172","206","147","125","102","43","45","20","4","1","-"
"Princesa (SC)","Total","176","184","177","204","195","199","236","237","223","191","187","205","157","143","95","66","58","22","6","3","-"
"Quilombo (SC)","Total","771","655","582","627","823","923","898","752","741","617","729","765","622","554","384","277","168","79","43","10","2"
"Rancho Queimado (SC)","Total","194","178","196","169","188","200","256","249","243","239","225","234","219","182","138","84","45","24","8","8","-"
"Rio das Antas (SC)","Total","406","432","459","402","405","403","442","431","428","410","417","402","370","325","221","161","74","50","14","1","-"
"Rio do Campo (SC)","Total","408","404","433","461","413","425","437","495","490","437","444","442","391","275","222","154","75","36","10","-","-"
"Rio do Oeste (SC)","Total","467","474","440","508","554","519","575","578","554","483","501","529","460","361","277","227","135","70","30","4","1"
"Rio dos Cedros (SC)","Total","609","659","618","636","746","791","816","807","818","766","701","703","660","489","434","284","175","105","39","8","1"
"Rio do Sul (SC)","Total","4226","4508","4257","4560","5961","6135","6227","6199","5786","4961","4464","4233","3537","2692","2074","1326","818","420","156","46","1"
"Rio Fortuna (SC)","Total","316","286","264","255","317","366","372","358","358","281","309","370","321","230","196","120","93","23","12","-","-"
"Rio Negrinho (SC)","Total","2514","2531","2603","2880","3119","2827","2782","3021","3197","2828","2634","2531","2038","1421","1028","653","418","179","40","15","2"
"Rio Rufino (SC)","Total","141","178","143","160","172","179","154","157","172","172","171","161","133","108","87","51","39","10","7","-","2"
"Riqueza (SC)","Total","291","273","255","291","302","331","323","335","296","358","358","340","294","249","201","149","78","29","10","5","-"
"Rodeio (SC)","Total","721","701","728","707","748","926","1017","1030","973","863","829","922","783","623","518","311","202","101","42","12","-"
"Romelândia (SC)","Total","249","247","262","298","254","266","278","319","317","290","340","429","371","317","258","158","106","48","13","3","-"
"Salete (SC)","Total","454","495","468","506","580","538","546","556","524","480","457","481","460","370","268","169","92","31","13","1","-"
"Saltinho (SC)","Total","206","252","243","259","243","217","238","251","251","217","232","230","236","203","144","105","57","32","10","6","-"
"Salto Veloso (SC)","Total","272","309","257","262","322","312","332","340","304","281","310","306","243","183","143","105","62","37","9","1","-"
"Sangão (SC)","Total","962","1109","956","961","1050","1091","1081","1067","1000","765","668","700","519","392","275","149","69","39","24","4","1"
"Santa Cecília (SC)","Total","1218","1201","1129","1122","1253","1215","1139","1174","1195","1078","992","883","659","450","354","248","139","63","21","10","3"
"Santa Helena (SC)","Total","155","127","123","138","136","166","151","174","154","167","181","183","161","161","108","63","42","24","11","-","-"
"Santa Rosa de Lima (SC)","Total","105","120","111","99","141","154","159","162","144","129","156","181","141","99","73","50","34","22","7","1","-"
"Santa Rosa do Sul (SC)","Total","669","677","595","638","681","693","771","682","690","595","642","665","568","438","369","211","127","60","17","4","-"
"Santa Terezinha (SC)","Total","505","496","488","522","566","566","621","607","601","568","592","581","463","324","266","153","105","31","7","4","-"
"Santa Terezinha do Progresso (SC)","Total","138","172","146","163","159","160","149","187","161","160","195","182","171","130","125","87","49","27","13","-","2"
"Santiago do Sul (SC)","Total","106","99","106","82","112","130","112","101","98","97","109","140","98","95","63","52","32","13","5","1","-"
"Santo Amaro da Imperatriz (SC)","Total","1635","1733","1612","1602","1925","2018","2301","2111","2301","1918","1950","1747","1472","1027","798","512","316","189","84","19","2"
"São Bernardino (SC)","Total","187","190","155","181","152","198","171","147","173","171","205","185","174","146","111","76","37","17","5","2","1"
"São Bento do Sul (SC)","Total","5032","5459","5354","5667","6028","6338","6450","6932","7437","6220","5509","4984","4090","3078","2110","1334","728","367","129","25","6"
"São Bonifácio (SC)","Total","128","136","129","192","170","159","172","222","191","229","224","255","202","169","151","111","60","34","10","2","-"
"São Carlos (SC)","Total","648","638","553","571","653","671","759","760","766","629","718","743","699","543","406","266","151","78","20","9","1"
"São Cristóvão do Sul (SC)","Total","344","351","309","327","538","655","610","582","540","471","382","290","245","170","122","85","38","14","10","-","1"
"São Domingos (SC)","Total","573","553","527","556","612","682","601","649","638","619","630","664","622","472","384","219","128","63","30","3","1"
"São Francisco do Sul (SC)","Total","3057","3431","3499","3506","3242","3374","3608","3965","4113","3562","3470","3810","3355","2689","1918","1043","585","300","108","35","4"
"São João do Oeste (SC)","Total","351","358","275","337","338","422","445","469","409","425","479","459","428","397","302","199","129","54","16","3","-"
"São João Batista (SC)","Total","2396","2342","2093","2278","2536","2827","2910","2815","2495","2170","2066","1821","1438","924","666","441","240","144","67","16","2"
"São João do Itaperiú (SC)","Total","350","297","325","322","299","360","320","362","312","273","255","275","231","187","122","76","53","32","8","4","-"
"São João do Sul (SC)","Total","576","585","520","555","564","635","665","618","558","572","558","613","552","395","285","215","126","55","15","5","1"
"São Joaquim (SC)","Total","1714","1794","1747","1750","1889","1950","1989","1980","1769","1584","1835","1706","1408","1060","737","508","334","124","43","13","5"
"São José (SC)","Total","14340","16100","15475","16095","20036","23943","24830","24911","24222","19040","16838","15186","12829","10144","7382","4322","2564","1320","560","138","24"
"São José do Cedro (SC)","Total","834","829","764","839","930","953","1124","1050","980","930","944","1022","958","707","491","382","243","135","40","10","2"
"São José do Cerrito (SC)","Total","462","515","486","596","537","527","470","523","572","648","658","659","672","510","360","235","142","90","36","4","6"
"São Lourenço do Oeste (SC)","Total","1633","1586","1500","1619","1894","1877","1961","1836","1845","1632","1561","1521","1346","1030","792","552","346","163","79","16","2"
"São Ludgero (SC)","Total","936","976","854","942","1125","1231","1244","1189","978","831","821","818","553","387","270","171","104","53","23","2","1"
"São Martinho (SC)","Total","220","195","181","190","202","219","255","241","242","209","214","251","232","183","165","91","59","34","16","4","2"
"São Miguel da Boa Vista (SC)","Total","112","96","93","114","77","94","103","111","108","104","148","154","155","94","78","75","45","18","2","-","-"
"São Miguel do Oeste (SC)","Total","2704","2755","2429","2431","3340","3698","3916","3728","3276","2931","2768","2733","2448","1854","1364","943","546","320","105","39","2"
"São Pedro de Alcântara (SC)","Total","235","258","265","260","384","524","614","556","501","391","363","337","313","254","190","147","97","60","20","7","-"
"Saudades (SC)","Total","704","677","584","650","711","772","819","798","642","649","716","748","639","469","276","190","131","63","23","4","-"
"Schroeder (SC)","Total","1410","1470","1374","1317","1377","1489","1707","1947","1747","1448","1215","1088","880","586","439","286","163","84","27","6","1"
"Seara (SC)","Total","1254","1157","1077","1108","1524","1441","1413","1470","1320","1251","1181","1193","1020","801","591","392","239","116","60","10","2"
"Serra Alta (SC)","Total","209","188","181","168","199","260","232","218","197","211","256","273","236","155","121","76","64","47","12","-","-"
"Siderópolis (SC)","Total","775","816","796","842","980","900","1036","1119","1040","887","828","1024","909","656","479","296","171","103","46","11","-"
"Sombrio (SC)","Total","2035","2150","2060","2196","2219","2331","2269","2293","2187","1962","1986","1850","1471","1131","789","483","346","157","57","15","4"
"Sul Brasil (SC)","Total","171","164","180","178","185","182","180","200","179","188","195","187","218","152","120","71","53","21","7","-","1"
"Taió (SC)","Total","1201","1105","1129","1204","1231","1334","1419","1454","1368","1209","1202","1144","1009","833","631","445","217","134","34","7","-"
"Tangará (SC)","Total","487","507","476","500","539","610","591","561","557","556","520","628","487","367","307","225","117","75","27","5","1"
"Tigrinhos (SC)","Total","158","161","152","133","146","146","177","186","155","145","135","170","154","121","77","47","49","12","3","2","-"
"Tijucas (SC)","Total","3697","3675","3321","3450","4159","4771","4737","4657","4163","3241","2912","2601","2158","1583","1125","685","354","190","85","27","1"
"Timbé do Sul (SC)","Total","324","319","293","365","342","370","387","418","406","336","388","368","327","259","203","145","70","49","12","4","1"
"Timbó (SC)","Total","2538","2684","2611","2782","3443","3827","3918","3966","3893","3215","2978","2867","2426","1835","1294","881","540","279","101","19","2"
"Timbó Grande (SC)","Total","580","606","569","613","663","637","540","529","519","479","444","353","293","220","135","80","44","19","15","3","1"
"Três Barras (SC)","Total","1625","1574","1424","1521","1611","1465","1411","1481","1504","1303","1210","1036","879","659","508","276","152","68","32","6","1"
"Treviso (SC)","Total","209","195","235","198","208","259","306","299","283","263","276","280","255","185","130","101","51","32","12","4","1"
"Treze de Maio (SC)","Total","488","463","436","468","444","525","577","568","528","478","498","503","442","342","256","192","90","42","18","2","2"
"Treze Tílias (SC)","Total","651","639","565","543","678","766","804","785","719","518","475","450","350","308","218","158","91","45","17","6","1"
"Trombudo Central (SC)","Total","415","482","443","462","497","502","536","578","574","500","490","504","396","319","228","187","92","44","20","5","-"
"Tubarão (SC)","Total","6096","6564","6112","6270","7597","8434","9038","9359","9235","6840","6904","7459","6528","4902","3911","2400","1419","671","279","65","5"
"Tunápolis (SC)","Total","320","270","293","282","292","316","336","337","356","331","362","348","327","255","216","134","91","33","14","3","-"
"Turvo (SC)","Total","802","764","743","814","879","1012","1087","1044","939","896","865","911","740","526","447","261","171","97","41","4","-"
"União do Oeste (SC)","Total","167","172","145","162","167","172","188","187","169","179","211","229","187","147","117","85","44","26","13","7","-"
"Urubici (SC)","Total","695","754","745","694","740","767","785","784","785","683","707","784","621","463","347","217","141","86","26","8","2"
"Urupema (SC)","Total","161","179","156","172","174","157","160","184","205","196","189","206","157","113","114","75","37","15","3","2","1"
"Urussanga (SC)","Total","1072","1082","1108","1170","1426","1451","1639","1750","1588","1296","1371","1521","1472","1042","788","522","343","188","71","17","2"
"Vargeão (SC)","Total","225","237","236","243","278","276","234","286","240","247","228","234","214","163","115","86","57","22","9","3","1"
"Vargem (SC)","Total","166","170","164","169","169","144","188","184","201","179","200","184","182","115","102","66","27","11","4","1","1"
"Vargem Bonita (SC)","Total","345","317","282","316","387","330","326","322","330","282","305","264","228","183","145","107","66","28","10","2","1"
"Vidal Ramos (SC)","Total","394","394","371","400","414","447","509","478","471","415","436","386","358","284","197","132","57","31","12","2","1"
"Videira (SC)","Total","3668","3594","3297","3563","4644","4856","4608","4648","4300","3495","3551","3242","2693","1901","1445","942","566","298","119","31","5"
"Vitor Meireles (SC)","Total","410","358","349","401","375","375","400","351","345","335","383","359","290","234","172","120","68","30","14","1","-"
"Witmarsum (SC)","Total","277","272","277","292","317","332","341","310","328","271","274","272","230","176","135","77","44","24","5","1","-"
"Xanxerê (SC)","Total","3459","3506","3089","3276","4045","4373","4206","4156","3928","3348","3153","3107","2690","1917","1401","950","596","272","103","26","6"
"Xavantina (SC)","Total","171","153","214","195","182","215","257","244","269","248","287","277","283","241","196","103","63","37","14","4","-"
"Xaxim (SC)","Total","2367","2018","1919","1861","2346","2611","2774","2730","2337","1987","1943","1974","1631","1238","956","629","365","164","58","8","2"
"Zortéa (SC)","Total","322","287","246","269","310","330","296","313","301","256","222","212","163","157","108","80","34","15","7","2","-"
"Balneário Rincão (SC)","Total","1006","1153","1072","933","974","1036","1117","1100","1096","855","1045","1125","1150","913","677","403","196","101","24","5","-"
"Aceguá (RS)","Total","266","263","275","259","287","283","295","289","301","296","286","277","253","195","142","100","54","34","14","-","1"
"Água Santa (RS)","Total","246","250","256","258","253","274","267","278","229","242","271","264","243","222","161","99","58","31","10","-","-"
"Agudo (RS)","Total","840","866","809","898","973","1051","1082","1205","1204","1141","1173","1195","1039","882","698","473","297","154","50","10","1"
"Ajuricaba (RS)","Total","308","362","361","372","379","407","434","424","414","474","522","551","529","381","294","223","167","90","21","5","2"
"Alecrim (RS)","Total","247","315","289","292","269","289","313","281","365","448","455","572","545","475","400","322","156","65","18","3","4"
"Alegrete (RS)","Total","3903","4308","4262","4332","4968","5131","4923","5033","4995","4648","4830","5320","4639","3672","3015","1990","1302","722","329","64","23"
"Alegria (RS)","Total","186","179","189","192","157","167","190","194","208","257","284","351","305","274","193","168","76","60","17","4","-"
"Almirante Tamandaré do Sul (RS)","Total","100","116","109","100","86","134","128","124","141","105","155","156","151","134","104","65","33","15","11","2","-"
"Alpestre (RS)","Total","341","374","382","403","355","363","407","444","480","473","544","622","568","466","378","240","143","98","28","8","-"
"Alto Alegre (RS)","Total","93","91","78","88","109","100","100","120","97","101","155","169","143","117","96","69","46","17","9","2","-"
"Alto Feliz (RS)","Total","137","160","153","144","163","226","210","207","237","217","229","253","230","165","127","92","65","44","9","4","-"
"Alvorada (RS)","Total","11855","13865","12985","13640","14681","14630","13900","14347","14597","12307","11548","11005","9412","7325","5188","3091","1738","835","288","66","12"
"Amaral Ferrador (RS)","Total","290","313","331","424","320","344","341","343","385","357","404","373","358","288","193","116","77","30","21","2","-"
"Ametista do Sul (RS)","Total","492","439","431","588","581","582","534","608","546","531","513","510","399","345","242","149","85","53","14","7","1"
"André da Rocha (RS)","Total","56","67","66","58","77","79","77","78","61","75","64","93","81","73","61","31","20","11","6","1","-"
"Anta Gorda (RS)","Total","275","290","279","288","305","393","417","427","397","341","404","484","439","420","307","215","161","87","27","1","-"
"Antônio Prado (RS)","Total","619","663","647","606","819","922","884","877","875","802","907","1136","978","736","613","437","296","159","56","11","2"
"Arambaré (RS)","Total","200","212","220","212","220","239","194","244","256","278","283","349","356","306","233","149","102","38","18","3","-"
"Araricá (RS)","Total","583","601","578","576","624","680","688","682","615","519","599","593","400","301","214","142","85","29","12","4","-"
"Aratiba (RS)","Total","302","317","285","305","331","339","384","415","422","413","462","558","508","470","380","260","178","102","41","10","1"
"Arroio do Meio (RS)","Total","1294","1328","1132","1106","1339","1614","1751","1813","1658","1417","1493","1556","1391","1082","831","545","351","177","69","8","3"
"Arroio do Sal (RS)","Total","599","649","653","630","583","584","640","689","716","585","723","914","965","804","615","361","209","102","26","8","2"
"Arroio do Padre (RS)","Total","127","119","115","152","168","192","175","202","219","194","162","157","161","140","134","93","43","33","11","2","-"
"Arroio dos Ratos (RS)","Total","830","925","922","952","1021","1063","1045","1087","1077","837","909","939","905","758","580","349","204","129","59","9","1"
"Arroio do Tigre (RS)","Total","644","634","692","804","766","821","863","907","916","814","808","854","767","666","502","320","176","73","21","8","2"
"Arroio Grande (RS)","Total","915","1060","1019","1092","1232","1217","1115","1218","1232","1133","1153","1304","1044","1026","733","490","290","193","75","14","3"
"Arvorezinha (RS)","Total","605","554","523","615","681","783","730","715","747","656","730","653","630","583","479","278","179","121","50","9","1"
"Augusto Pestana (RS)","Total","375","377","342","356","361","461","394","469","480","466","505","559","513","453","421","285","197","83","42","9","1"
"Áurea (RS)","Total","147","153","162","183","210","182","188","251","229","259","237","270","252","219","190","138","76","39","9","2","-"
"Bagé (RS)","Total","7007","7546","7279","8079","8583","8541","8171","8578","8304","7302","7379","7682","7225","5508","4201","2916","1953","1100","442","122","20"
"Balneário Pinhal (RS)","Total","780","933","889","949","821","750","717","855","907","865","920","1194","1353","1184","868","525","265","127","38","14","1"
"Barão (RS)","Total","386","373","297","343","391","461","524","509","512","438","448","467","381","319","247","176","106","66","15","2","-"
"Barão de Cotegipe (RS)","Total","378","417","342","369","450","525","517","500","462","413","465","553","462","415","311","233","168","110","40","13","1"
"Barão do Triunfo (RS)","Total","277","293","355","453","405","362","345","404","416","438","464","438","394","338","236","150","70","37","9","3","2"
"Barracão (RS)","Total","261","255","269","289","259","296","289","357","319","296","332","355","349","310","238","168","114","45","24","5","1"
"Barra do Guarita (RS)","Total","236","242","202","188","211","215","234","216","185","214","208","205","178","159","119","60","44","35","8","1","1"
"Barra do Quaraí (RS)","Total","340","322","354","324","291","327","299","329","265","270","266","275","196","163","103","60","29","17","8","3","-"
"Barra do Ribeiro (RS)","Total","714","724","714","780","808","778","800","812","837","760","848","869","779","733","524","338","196","139","57","12","3"
"Barra do Rio Azul (RS)","Total","55","69","84","77","65","63","97","113","98","129","107","155","169","141","115","77","49","22","9","2","-"
"Barra Funda (RS)","Total","148","143","121","125","159","154","166","172","173","164","191","178","178","138","111","100","46","20","7","3","1"
"Barros Cassal (RS)","Total","543","539","539","689","586","544","564","633","689","627","623","666","654","538","395","252","123","54","28","7","3"
"Benjamin Constant do Sul (RS)","Total","162","160","132","133","166","172","123","123","124","113","104","163","119","84","67","60","46","13","8","5","5"
"Bento Gonçalves (RS)","Total","6956","7516","6181","6545","8402","9759","10687","11062","10470","8009","7481","7874","6812","5447","4169","2766","1572","956","380","96","11"
"Boa Vista das Missões (RS)","Total","105","126","116","120","119","144","122","120","135","120","122","148","143","100","85","45","37","21","3","1","1"
"Boa Vista do Buricá (RS)","Total","431","374","329","344","378","463","531","485","446","443","486","546","495","406","322","243","142","78","18","4","2"
"Boa Vista do Cadeado (RS)","Total","103","124","95","132","133","116","152","160","129","150","167","202","171","130","101","71","54","28","10","-","1"
"Boa Vista do Incra (RS)","Total","134","150","143","127","144","135","152","144","143","158","178","179","141","126","88","69","42","10","6","2","-"
"Boa Vista do Sul (RS)","Total","111","124","123","136","140","133","153","177","203","176","220","249","225","184","186","108","71","42","15","3","-"
"Bom Jesus (RS)","Total","810","773","767","750","843","766","750","751","743","711","680","703","571","519","462","291","162","96","43","10","1"
"Bom Princípio (RS)","Total","782","798","706","748","839","995","1040","1129","963","886","915","929","805","569","453","283","173","82","39","6","2"
"Bom Progresso (RS)","Total","119","133","112","108","111","144","126","145","122","132","140","165","178","154","87","60","38","14","4","3","1"
"Bom Retiro do Sul (RS)","Total","764","749","761","759","817","883","884","937","893","742","868","804","811","583","443","276","185","91","31","10","3"
"Boqueirão do Leão (RS)","Total","353","352","376","419","369","360","441","513","434","434","463","458","426","344","243","144","75","27","12","2","2"
"Bossoroca (RS)","Total","334","286","362","365","346","325","353","350","375","420","409","463","429","375","314","194","113","50","22","5","-"
"Bozano (RS)","Total","114","105","115","118","104","135","105","129","134","141","161","171","149","155","111","89","57","34","17","7","-"
"Braga (RS)","Total","210","184","205","231","204","187","176","201","231","211","207","256","225","194","146","96","48","35","13","5","3"
"Brochier (RS)","Total","260","239","241","285","303","311","306","360","334","320","365","369","351","301","241","150","132","61","32","4","1"
"Butiá (RS)","Total","1086","1301","1184","1331","1264","1276","1353","1364","1399","1126","1168","1333","1276","1004","702","447","255","138","62","12","3"
"Caçapava do Sul (RS)","Total","1740","1843","1767","1975","1935","2041","2184","2225","2215","1961","2197","2413","2272","2002","1498","1029","671","343","161","37","6"
"Cacequi (RS)","Total","602","665","679","699","693","662","624","777","748","653","776","881","829","643","458","339","224","122","67","13","3"
"Cachoeira do Sul (RS)","Total","4408","4604","4633","5019","5249","5028","5388","5563","5624","4811","5133","5747","5410","4633","3504","2433","1576","848","359","85","15"
"Cachoeirinha (RS)","Total","8051","9365","8379","8468","9957","10654","11459","11523","11209","9008","8286","8134","7149","5484","3864","2608","1551","777","272","53","7"
"Cacique Doble (RS)","Total","261","262","263","293","296","299","270","294","265","261","351","359","300","261","229","156","117","46","13","5","2"
"Caibaté (RS)","Total","237","255","226","270","242","301","275","307","310","318","355","386","377","295","205","151","118","56","17","3","-"
"Caiçara (RS)","Total","266","230","249","281","303","287","312","297","304","320","329","369","375","304","271","160","96","53","28","2","-"
"Camaquã (RS)","Total","3638","3812","3524","4065","4345","4336","4292","4581","4450","4301","4270","4284","3718","2974","2238","1569","987","549","205","56","6"
"Camargo (RS)","Total","198","168","148","168","183","189","232","217","209","165","206","216","190","151","109","90","82","39","15","5","1"
"Cambará do Sul (RS)","Total","422","395","421","411","452","459","452","499","421","425","432","400","349","305","252","140","82","22","16","6","-"
"Campestre da Serra (RS)","Total","159","155","176","162","212","196","177","180","220","218","250","287","231","213","161","109","74","45","12","5","-"
"Campina das Missões (RS)","Total","282","299","250","280","319","316","340","369","407","369","415","508","479","478","336","233","126","54","19","3","-"
"Campinas do Sul (RS)","Total","273","271","250","286","273","308","357","354","305","305","385","437","393","356","284","210","124","83","24","6","-"
"Campo Bom (RS)","Total","3632","3941","3609","3763","4312","4406","4841","5399","5376","4334","4257","4309","3832","2706","1868","1116","662","352","147","21","3"
"Campo Novo (RS)","Total","324","327","280","303","327","354","323","303","349","308","345","341","340","286","183","127","79","47","23","5","1"
"Campos Borges (RS)","Total","192","221","188","213","196","204","233","260","273","236","238","246","245","242","174","139","70","27","13","3","-"
"Candelária (RS)","Total","1569","1568","1545","1810","1998","1951","1938","2082","2045","2041","2068","2002","1756","1516","1320","816","480","252","124","20","5"
"Cândido Godói (RS)","Total","307","296","316","316","370","363","387","391","396","441","457","545","509","412","332","220","146","66","19","3","2"
"Candiota (RS)","Total","749","773","748","825","814","823","830","804","819","676","694","659","556","397","251","136","88","41","20","5","2"
"Canela (RS)","Total","3226","3375","3121","3311","3836","3970","3969","3943","3906","3261","3122","2844","2422","1800","1276","800","434","220","88","20","2"
"Canguçu (RS)","Total","2467","2650","2647","3228","3250","3263","3177","3538","3548","3382","3504","3583","3288","2714","2237","1546","943","487","185","32","11"
"Canoas (RS)","Total","19521","22364","21322","22417","25546","26323","27513","28832","29152","22590","21085","20630","19168","15189","11181","7043","4226","2255","1016","243","41"
"Canudos do Vale (RS)","Total","69","63","69","79","77","75","89","118","116","106","145","151","132","135","118","67","23","16","5","2","1"
"Capão Bonito do Sul (RS)","Total","91","120","87","120","89","97","113","127","127","112","118","122","118","111","76","43","30","26","4","2","-"
"Capão da Canoa (RS)","Total","4336","4541","4380","4293","4606","4697","4780","4797","4705","3884","3815","3745","3588","2901","2103","1252","685","343","116","26","1"
"Capão do Cipó (RS)","Total","178","170","189","213","191","191","219","229","242","198","221","237","204","161","132","66","51","21","3","3","-"
"Capão do Leão (RS)","Total","1714","1890","1872","1855","2000","1984","1895","1961","1895","1661","1635","1584","1498","1174","870","504","268","158","49","14","6"
"Capivari do Sul (RS)","Total","238","255","237","280","311","277","282","297","276","230","270","302","249","167","135","87","58","20","17","3","-"
"Capela de Santana (RS)","Total","711","728","727","740","779","805","757","791","810","737","731","789","738","519","369","213","136","54","20","5","-"
"Capitão (RS)","Total","178","192","160","187","189","188","194","215","185","187","172","180","200","180","127","83","58","30","15","1","-"
"Carazinho (RS)","Total","3778","3993","3735","3776","4218","4421","4548","4709","4654","3836","3914","3927","3691","3066","2358","1549","919","471","189","42","10"
"Caraá (RS)","Total","380","400","385","438","422","401","390","437","486","437","561","645","555","512","370","273","180","80","31","11","-"
"Carlos Barbosa (RS)","Total","1668","1688","1548","1733","1999","2291","2530","2659","2517","2030","2078","1999","1888","1386","1006","631","440","222","93","13","1"
"Carlos Gomes (RS)","Total","56","58","61","84","80","80","71","91","102","99","124","96","111","84","71","47","34","18","1","-","-"
"Casca (RS)","Total","500","502","448","475","614","710","732","690","659","573","631","669","620","595","460","279","171","85","46","3","3"
"Caseiros (RS)","Total","184","174","188","185","194","203","184","176","179","183","235","233","172","174","149","102","49","30","6","-","-"
"Catuípe (RS)","Total","428","488","467","478","489","482","472","542","563","529","649","727","627","583","427","327","207","112","60","16","1"
"Caxias do Sul (RS)","Total","25245","27445","26846","27890","32182","34684","37410","39379","38969","31611","29516","29110","26651","21035","15150","9601","5801","3331","1297","303","45"
"Centenário (RS)","Total","135","124","122","145","140","138","133","172","185","210","213","219","216","192","144","103","79","33","16","2","-"
"Cerrito (RS)","Total","280","325","277","362","352","349","288","350","347","379","472","462","442","389","293","207","151","55","23","5","-"
"Cerro Branco (RS)","Total","125","169","181","202","187","184","211","257","280","274","311","308","288","297","194","165","102","51","10","6","-"
"Cerro Grande (RS)","Total","149","130","142","153","137","143","150","140","159","136","172","174","175","140","117","78","51","22","7","1","3"
"Cerro Grande do Sul (RS)","Total","540","561","587","736","663","619","622","695","662","659","613","605","534","401","275","191","129","62","18","6","-"
"Cerro Largo (RS)","Total","708","740","707","800","953","996","978","967","938","876","887","1017","895","748","569","413","278","154","66","13","2"
"Chapada (RS)","Total","514","467","502","519","564","603","664","675","606","572","683","796","669","595","441","319","195","104","43","8","1"
"Charqueadas (RS)","Total","1671","1945","1991","2173","2685","3008","2956","3085","2968","2213","2133","2090","1830","1581","1212","743","431","201","76","18","2"
"Charrua (RS)","Total","129","143","182","228","233","182","181","154","179","171","183","165","175","141","145","87","48","30","7","5","-"
"Chiapetta (RS)","Total","219","256","243","229","216","253","242","249","256","253","284","315","264","215","184","115","77","25","15","2","1"
"Chuí (RS)","Total","345","441","430","439","490","470","420","393","463","472","420","403","312","294","211","129","75","37","13","4","1"
"Chuvisca (RS)","Total","251","274","288","380","288","280","309","377","355","319","339","322","288","192","128","99","73","23","10","1","1"
"Cidreira (RS)","Total","932","1070","1105","1009","898","847","893","915","1025","1009","1064","1299","1551","1390","953","586","324","143","43","14","1"
"Ciríaco (RS)","Total","213","206","210","246","227","285","230","290","251","252","288","324","290","270","236","178","92","40","15","5","1"
"Colinas (RS)","Total","102","139","123","122","99","118","158","185","155","160","157","172","173","176","157","92","73","39","19","4","-"
"Colorado (RS)","Total","158","156","150","150","166","177","218","228","182","216","225","284","241","217","199","133","81","45","23","7","2"
"Condor (RS)","Total","399","379","384","428","397","429","470","461","474","413","438","430","385","342","264","162","80","42","20","7","2"
"Constantina (RS)","Total","648","652","572","601","690","759","764","763","647","614","700","717","649","550","406","306","192","119","29","4","3"
"Coqueiro Baixo (RS)","Total","50","40","50","53","53","46","55","75","76","70","96","124","114","101","106","88","52","26","13","2","-"
"Coqueiros do Sul (RS)","Total","112","112","104","94","143","124","104","121","132","155","170","206","191","152","103","77","65","29","14","3","-"
"Coronel Barros (RS)","Total","125","168","149","159","155","169","149","181","205","191","225","215","179","162","158","123","63","36","9","1","-"
"Coronel Bicaco (RS)","Total","366","403","415","424","372","347","362","377","419","364","421","475","387","368","250","202","119","47","18","6","2"
"Coronel Pilar (RS)","Total","59","55","61","87","79","87","75","89","95","90","112","159","156","135","92","70","64","35","6","1","-"
"Cotiporã (RS)","Total","168","160","142","168","203","221","266","269","271","212","273","333","340","258","196","144","118","63","28","12","1"
"Coxilha (RS)","Total","160","187","160","148","161","197","192","175","195","174","192","186","165","150","107","57","37","16","4","4","-"
"Crissiumal (RS)","Total","642","643","645","777","754","763","778","841","846","891","881","1050","878","855","665","488","272","150","60","7","-"
"Cristal (RS)","Total","432","483","453","476","507","502","489","498","485","491","494","506","435","345","291","197","119","57","31","8","-"
"Cristal do Sul (RS)","Total","165","141","163","169","183","141","147","176","185","191","219","206","156","139","140","79","57","21","12","2","-"
"Cruz Alta (RS)","Total","3658","3912","3700","3585","4121","4234","4229","4266","4242","3596","3605","3752","3694","2939","2200","1507","914","503","187","61","8"
"Cruzaltense (RS)","Total","77","71","78","74","79","90","86","99","80","100","138","182","142","98","94","60","42","31","12","1","1"
"Cruzeiro do Sul (RS)","Total","598","605","594","674","705","730","765","808","808","783","826","894","794","724","518","385","239","106","40","4","-"
"David Canabarro (RS)","Total","210","214","222","255","238","282","270","261","312","287","317","342","323","278","220","154","87","39","9","1","-"
"Derrubadas (RS)","Total","151","151","160","174","166","149","175","151","181","183","219","226","222","169","126","69","41","31","7","-","-"
"Dezesseis de Novembro (RS)","Total","102","130","116","135","148","117","123","131","162","157","204","218","211","203","143","100","61","30","13","2","1"
"Dilermando de Aguiar (RS)","Total","124","170","160","156","88","167","157","151","168","208","209","248","241","187","149","95","72","43","9","4","-"
"Dois Irmãos (RS)","Total","1755","1861","1581","1771","2083","2166","2415","2643","2657","2327","2226","2093","1800","1299","906","533","332","180","62","18","1"
"Dois Irmãos das Missões (RS)","Total","140","140","135","138","112","134","146","149","134","134","125","140","126","124","84","60","34","21","10","3","1"
"Dois Lajeados (RS)","Total","148","147","155","137","128","165","178","237","226","201","216","273","202","208","193","132","83","38","25","3","2"
"Dom Feliciano (RS)","Total","687","743","811","970","909","856","844","883","982","919","969","961","784","651","414","317","178","113","47","10","3"
"Dom Pedro de Alcântara (RS)","Total","148","132","123","133","135","163","191","164","185","164","185","192","186","162","121","96","44","25","11","-","2"
"Dom Pedrito (RS)","Total","2022","2151","2181","2315","2693","2640","2496","2436","2563","2369","2520","2673","2404","1896","1432","962","640","387","155","39","7"
"Dona Francisca (RS)","Total","154","155","181","159","173","210","191","202","195","204","225","259","247","180","139","91","63","32","14","4","1"
"Doutor Maurício Cardoso (RS)","Total","210","227","189","205","242","250","254","264","283","273","320","395","395","309","264","218","97","46","23","6","-"
"Doutor Ricardo (RS)","Total","80","76","83","94","110","111","97","135","114","109","134","168","142","145","121","80","47","29","10","3","-"
"Eldorado do Sul (RS)","Total","2615","3022","2836","2803","2843","2889","2829","3066","3015","2599","2432","2399","2121","1641","1136","702","344","170","76","18","3"
"Encantado (RS)","Total","1273","1371","1156","1198","1468","1621","1707","1761","1773","1461","1477","1622","1410","1199","967","698","424","235","108","30","3"
"Encruzilhada do Sul (RS)","Total","1303","1413","1402","1647","1728","1623","1476","1582","1576","1517","1665","1691","1552","1256","994","658","423","198","88","21","6"
"Engenho Velho (RS)","Total","103","100","86","75","84","79","77","90","84","76","77","79","73","63","61","34","29","15","4","6","1"
"Entre-Ijuís (RS)","Total","536","523","486","520","516","601","592","602","619","596","599","677","633","580","431","311","198","100","25","12","1"
"Entre Rios do Sul (RS)","Total","147","142","156","154","133","138","137","156","160","161","202","240","183","176","143","116","80","47","9","4","1"
"Erebango (RS)","Total","215","216","181","188","247","228","214","216","214","178","176","184","159","149","109","82","63","24","7","3","1"
"Erechim (RS)","Total","6096","6256","5711","5984","7447","8216","8443","8666","8342","7340","6721","6805","5915","4856","3549","2400","1512","920","420","97","9"
"Ernestina (RS)","Total","130","188","174","185","189","185","166","202","210","192","203","240","229","210","121","93","69","38","8","1","1"
"Herval (RS)","Total","348","343","416","415","383","380","387","442","403","372","382","439","385","367","291","191","150","59","32","6","-"
"Erval Grande (RS)","Total","265","280","273","275","267","319","323","338","329","280","329","366","380","283","256","160","107","68","23","5","4"
"Erval Seco (RS)","Total","416","434","402","435","400","394","406","459","464","414","416","499","444","436","314","207","136","70","32","9","-"
"Esmeralda (RS)","Total","172","215","190","207","197","216","204","213","203","194","208","232","201","194","128","104","68","36","10","2","1"
"Esperança do Sul (RS)","Total","171","217","160","163","175","146","185","198","187","167","217","293","266","250","190","126","60","41","11","2","1"
"Espumoso (RS)","Total","821","858","877","948","963","1053","1020","1118","1030","984","1030","1063","957","850","630","442","285","153","70","16","5"
"Estação (RS)","Total","264","304","278","329","311","345","374","393","380","382","411","461","374","310","266","179","118","75","26","-","2"
"Estância Velha (RS)","Total","2920","3038","2857","2935","3242","3354","3894","4118","3961","3396","3449","3202","2651","1969","1370","778","458","239","81","12","-"
"Esteio (RS)","Total","4108","4805","4535","4919","5340","5326","5522","5882","6089","4780","4708","4939","4552","3927","2938","1914","1098","504","206","40","5"
"Estrela (RS)","Total","1949","2112","1791","1813","2041","2189","2345","2504","2524","1944","2080","2153","2045","1701","1265","765","553","269","111","26","3"
"Estrela Velha (RS)","Total","181","179","176","191","171","175","210","232","227","225","202","236","207","175","139","83","36","16","8","1","-"
"Eugênio de Castro (RS)","Total","127","132","136","147","155","154","143","150","156","171","192","217","190","176","163","120","58","30","12","3","1"
"Fagundes Varela (RS)","Total","106","115","127","144","139","152","148","170","197","168","169","185","209","193","138","87","68","36","9","6","-"
"Farroupilha (RS)","Total","3986","4036","3833","4109","4877","5360","5583","5844","5492","4724","4853","4955","4234","3159","2225","1444","904","445","183","29","11"
"Faxinal do Soturno (RS)","Total","341","352","327","360","436","432","452","474","480","419","421","481","449","399","303","259","190","87","32","8","-"
"Faxinalzinho (RS)","Total","150","138","118","144","172","160","143","176","141","161","198","188","170","145","117","107","49","31","9","2","1"
"Fazenda Vilanova (RS)","Total","262","304","292","315","294","294","299","295","295","322","251","283","225","188","178","99","62","20","11","2","-"
"Feliz (RS)","Total","736","777","643","713","884","931","1143","1122","1077","875","978","995","907","713","530","342","224","115","41","18","-"
"Flores da Cunha (RS)","Total","1763","1712","1630","1701","2082","2162","2324","2541","2533","1951","2055","2206","2019","1535","1155","761","440","238","64","16","4"
"Floriano Peixoto (RS)","Total","68","64","52","61","75","88","81","105","103","122","127","151","156","127","131","73","50","25","8","1","-"
"Fontoura Xavier (RS)","Total","532","536","581","658","601","613","557","688","688","698","708","650","613","549","394","241","134","70","33","6","-"
"Formigueiro (RS)","Total","343","339","332","341","329","345","363","397","377","374","462","517","498","435","384","254","154","97","53","16","3"
"Forquetinha (RS)","Total","97","110","97","104","113","123","142","136","158","157","178","187","215","208","158","108","57","30","10","5","-"
"Fortaleza dos Valos (RS)","Total","269","270","254","266","254","298","287","310","303","306","360","355","300","225","165","113","82","41","16","2","1"
"Frederico Westphalen (RS)","Total","2150","1907","1724","1930","2488","2779","2576","2656","2352","2019","1977","1994","1774","1548","1193","776","428","226","103","22","5"
"Garibaldi (RS)","Total","1838","1871","1557","1776","2220","2598","2801","2942","2787","2306","2275","2307","2154","1781","1303","826","557","297","113","22","4"
"Garruchos (RS)","Total","124","129","177","184","126","161","146","165","203","205","196","210","206","177","121","65","51","27","9","5","1"
"Gaurama (RS)","Total","246","261","259","286","325","347","387","368","346","379","400","466","443","398","280","197","143","97","25","12","-"
"General Câmara (RS)","Total","421","419","457","435","441","446","439","465","490","470","514","586","570","527","391","267","146","85","29","11","3"
"Gentil (RS)","Total","110","126","101","98","127","114","119","116","117","121","105","109","98","103","85","51","32","7","3","2","-"
"Getúlio Vargas (RS)","Total","856","914","877","871","1058","1137","1262","1226","1275","969","1102","1168","1092","888","745","544","319","212","70","13","4"
"Giruá (RS)","Total","902","963","909","958","983","1072","1015","1059","1054","1035","1083","1106","1084","1000","748","483","323","166","53","16","1"
"Glorinha (RS)","Total","448","502","463","434","470","469","519","589","521","506","537","468","531","427","346","221","111","67","23","6","-"
"Gramado (RS)","Total","2355","2564","2289","2376","2847","3192","3208","3431","3325","2717","2729","2423","2124","1630","1267","804","477","249","102","21","4"
"Gramado dos Loureiros (RS)","Total","107","109","106","150","121","93","137","145","133","112","132","180","157","139","76","50","34","24","5","3","1"
"Gramado Xavier (RS)","Total","215","187","216","273","214","215","198","232","284","230","239","198","176","163","98","93","40","20","9","2","2"
"Gravataí (RS)","Total","15056","17619","16425","17255","19236","19390","20185","21588","22164","17594","16177","15701","14842","12731","9034","5229","2881","1324","503","125","15"
"Guabiju (RS)","Total","50","70","63","46","64","84","91","79","87","65","90","116","137","138","105","61","37","23","7","4","-"
"Guaíba (RS)","Total","5085","6105","5757","6182","6599","6611","6910","7153","7097","6329","5858","5983","5492","4543","3255","2004","1127","536","229","62","7"
"Guaporé (RS)","Total","1444","1458","1365","1412","1715","1884","2028","1985","1977","1676","1570","1722","1479","1211","948","624","429","217","107","14","3"
"Guarani das Missões (RS)","Total","330","362","382","411","425","398","439","462","496","505","564","610","584","481","394","276","153","99","38","5","1"
"Harmonia (RS)","Total","287","307","291","300","390","390","435","430","418","346","386","393","323","230","203","112","74","47","14","2","-"
"Herveiras (RS)","Total","160","168","163","166","149","180","201","183","184","178","178","152","154","111","103","70","41","22","1","1","-"
"Horizontina (RS)","Total","1125","1112","964","1033","1149","1303","1377","1443","1432","1260","1228","1309","1150","1069","818","538","319","151","55","14","2"
"Hulha Negra (RS)","Total","383","434","403","465","393","407","402","403","428","359","392","415","363","273","212","129","70","31","11","1","2"
"Humaitá (RS)","Total","217","245","251","240","241","258","297","267","294","306","329","394","363","355","273","165","93","61","26","6","-"
"Ibarama (RS)","Total","171","194","203","240","237","227","212","281","275","292","256","268","238","246","172","118","56","35","9","2","-"
"Ibiaçá (RS)","Total","224","227","181","230","246","289","283","268","297","267","331","402","362","296","262","176","106","57","17","6","-"
"Ibiraiaras (RS)","Total","375","380","333","419","468","458","436","478","389","456","501","507","432","382","319","225","138","52","20","7","1"
"Ibirapuitã (RS)","Total","222","204","206","243","247","275","246","242","244","233","221","260","235","211","171","140","64","41","12","3","3"
"Ibirubá (RS)","Total","1237","1251","1224","1216","1450","1630","1670","1799","1655","1293","1310","1433","1216","1119","816","588","395","191","66","23","1"
"Igrejinha (RS)","Total","2060","2140","2050","2072","2275","2407","2538","2697","2657","2211","2306","2249","1738","1323","922","607","350","144","45","14","3"
"Ijuí (RS)","Total","4986","5263","4666","4922","5760","6375","6251","6599","6410","5528","5419","5464","4852","4226","3266","2213","1392","781","300","91","16"
"Ilópolis (RS)","Total","233","210","192","215","233","299","269","295","307","259","257","270","287","268","214","153","100","58","30","8","-"
"Imbé (RS)","Total","1416","1771","1718","1684","1578","1481","1603","1893","1892","1597","1658","1905","2001","1828","1330","770","393","197","90","17","2"
"Imigrante (RS)","Total","137","132","171","158","179","166","203","218","236","197","215","211","223","180","159","143","95","34","20","2","1"
"Independência (RS)","Total","352","389","334","398","352","376","388","406","421","405","440","464","473","418","341","227","124","75","35","8","1"
"Inhacorá (RS)","Total","119","131","94","125","117","118","121","121","142","123","143","176","127","141","93","60","44","13","4","2","-"
"Ipê (RS)","Total","256","300","227","266","293","325","342","354","359","377","373","437","398","346","288","218","125","82","27","5","1"
"Ipiranga do Sul (RS)","Total","74","84","85","80","60","96","91","95","100","114","153","147","144","125","106","86","52","21","6","1","-"
"Iraí (RS)","Total","450","499","431","444","439","428","467","503","480","453","531","531","481","433","366","266","162","74","33","10","1"
"Itaara (RS)","Total","285","342","306","343","341","347","342","414","408","375","385","368","403","335","265","161","90","43","15","4","-"
"Itacurubi (RS)","Total","142","168","199","176","165","164","180","195","166","207","225","245","231","185","147","102","60","24","8","5","1"
"Itapuca (RS)","Total","103","103","110","106","124","124","111","137","129","128","150","160","139","105","83","53","42","20","7","2","1"
"Itaqui (RS)","Total","2307","2524","2487","2478","2733","2598","2406","2569","2413","2398","2268","2314","2093","1610","1117","710","420","212","79","22","10"
"Itati (RS)","Total","157","158","144","165","127","165","162","194","147","162","186","228","226","145","113","73","45","31","9","-","1"
"Itatiba do Sul (RS)","Total","145","153","167","156","149","149","188","205","179","201","229","334","291","199","192","119","84","43","18","6","1"
"Ivorá (RS)","Total","62","80","92","108","110","117","88","93","126","128","127","145","162","131","140","104","59","37","13","7","-"
"Ivoti (RS)","Total","1178","1426","1330","1368","1324","1425","1760","2065","2065","1785","1671","1595","1320","1020","698","453","274","161","54","10","1"
"Jaboticaba (RS)","Total","193","199","219","243","248","195","237","240","244","238","260","317","273","230","189","141","64","36","10","2","1"
"Jacuizinho (RS)","Total","99","113","135","145","102","121","131","149","132","143","156","141","130","136","104","52","25","14","9","3","-"
"Jacutinga (RS)","Total","171","158","156","154","154","217","223","220","177","186","246","255","268","224","211","147","84","60","22","4","1"
"Jaguarão (RS)","Total","1400","1558","1534","1767","1796","1747","1781","1829","1846","1758","1774","1833","1739","1311","1124","828","523","277","140","34","4"
"Jaguari (RS)","Total","441","485","502","478","579","631","661","765","721","677","752","860","852","663","547","419","293","164","71","17","1"
"Jaquirana (RS)","Total","220","258","236","287","228","228","209","213","234","235","265","272","250","220","155","89","51","30","9","1","-"
"Jari (RS)","Total","170","195","200","177","164","189","216","224","254","236","234","257","214","222","180","102","70","30","12","3","-"
"Jóia (RS)","Total","340","416","458","462","424","421","420","423","508","488","523","559","531","416","291","245","141","74","34","7","3"
"Júlio de Castilhos (RS)","Total","1012","1113","1116","1209","1130","1220","1206","1318","1284","1109","1183","1303","1170","951","827","492","318","192","57","11","5"
"Lagoa Bonita do Sul (RS)","Total","95","117","124","156","129","121","124","193","141","174","185","182","160","105","93","73","44","27","7","-","1"
"Lagoão (RS)","Total","298","343","348","361","323","332","326","366","397","380","400","378","345","243","223","154","84","24","12","3","1"
"Lagoa dos Três Cantos (RS)","Total","89","110","99","76","97","77","125","138","124","96","118","125","121","112","90","61","52","23","5","-","-"
"Lagoa Vermelha (RS)","Total","1709","1797","1596","1766","1908","2125","1952","1883","1878","1744","1850","1877","1604","1360","1107","724","447","224","81","22","5"
"Lajeado (RS)","Total","5926","5969","5109","5316","6864","8140","8450","8416","7768","6162","5520","5279","4743","3644","2721","1678","1087","572","225","50","7"
"Lajeado do Bugre (RS)","Total","173","178","202","200","176","183","164","176","185","176","159","163","134","127","84","55","32","21","7","5","1"
"Lavras do Sul (RS)","Total","383","386","457","426","448","447","416","499","527","490","516","562","516","358","284","205","147","55","30","3","2"
"Liberato Salzano (RS)","Total","300","258","239","265","247","248","313","329","312","311","359","399","348","316","242","133","84","48","22","7","1"
"Lindolfo Collor (RS)","Total","428","436","421","434","477","478","513","497","518","459","421","377","284","218","131","82","53","13","8","-","-"
"Linha Nova (RS)","Total","67","71","75","97","76","104","101","112","120","108","145","131","115","123","95","68","42","21","10","1","1"
"Machadinho (RS)","Total","337","329","341","366","361","337","357","408","421","370","341","390","395","346","274","194","95","57","16","-","-"
"Maçambará (RS)","Total","256","301","267","289","282","304","281","295","329","276","345","335","280","218","170","96","55","29","15","1","1"
"Mampituba (RS)","Total","197","192","188","188","164","210","245","235","206","205","215","243","199","185","124","67","39","17","9","3","-"
"Manoel Viana (RS)","Total","355","369","402","411","432","440","452","442","463","446","486","557","463","411","257","209","105","70","24","5","2"
"Maquiné (RS)","Total","417","426","429","450","483","448","458","509","480","432","519","600","521","426","339","220","154","68","28","8","3"
"Maratá (RS)","Total","128","115","98","123","131","158","164","158","159","186","205","193","197","137","123","109","47","24","11","4","-"
"Marau (RS)","Total","2838","2794","2566","2728","3384","3551","3782","3928","3655","2987","2767","2788","2229","1800","1452","932","532","276","111","19","5"
"Marcelino Ramos (RS)","Total","205","194","209","233","208","254","243","246","261","283","327","357","327","305","263","193","115","66","27","4","-"
"Mariana Pimentel (RS)","Total","189","209","205","231","222","219","241","253","232","256","265","291","317","275","220","147","86","43","12","3","-"
"Mariano Moro (RS)","Total","77","85","85","102","88","95","80","111","135","122","173","161","135","142","116","72","45","21","9","4","-"
"Marques de Souza (RS)","Total","188","200","181","198","212","220","225","271","253","268","260","259","319","296","279","166","96","55","17","5","1"
"Mata (RS)","Total","230","217","263","257","260","252","276","294","345","324","366","353","324","274","290","172","116","56","22","6","1"
"Mato Castelhano (RS)","Total","178","161","162","137","143","139","168","196","195","150","156","186","177","136","118","87","40","18","3","1","2"
"Mato Leitão (RS)","Total","245","294","270","289","297","304","349","356","368","380","330","333","318","247","189","135","93","42","16","4","-"
"Mato Queimado (RS)","Total","87","97","102","112","91","91","103","120","111","136","114","147","131","103","98","79","48","20","4","1","-"
"Maximiliano de Almeida (RS)","Total","213","220","188","248","245","235","252","252","259","260","336","358","316","264","220","152","95","62","12","3","1"
"Minas do Leão (RS)","Total","444","492","484","552","549","512","488","573","540","422","502","517","476","359","259","178","102","31","21","3","1"
"Miraguaí (RS)","Total","281","265","250","276","252","258","265","274","258","303","321","369","318","278","199","120","81","44","11","3","1"
"Montauri (RS)","Total","72","61","52","70","78","95","88","111","98","74","104","134","128","104","101","57","39","20","10","3","-"
"Monte Alegre dos Campos (RS)","Total","187","208","205","200","217","214","194","198","176","207","224","235","231","188","119","87","39","35","12","4","-"
"Monte Belo do Sul (RS)","Total","120","97","97","108","89","130","178","172","166","133","185","209","199","215","176","136","75","55","14","2","1"
"Montenegro (RS)","Total","3851","4223","3825","3942","4516","5082","5078","5284","5071","4012","3976","4041","3667","2857","2179","1315","809","400","154","33","7"
"Mormaço (RS)","Total","147","154","159","173","184","148","151","197","197","175","191","207","185","178","111","77","68","38","14","2","-"
"Morrinhos do Sul (RS)","Total","173","156","130","144","147","176","185","219","226","175","244","302","245","203","148","115","57","20","6","-","-"
"Morro Redondo (RS)","Total","251","352","333","340","278","323","334","430","442","403","404","466","422","431","381","226","135","66","24","5","-"
"Morro Reuter (RS)","Total","301","300","290","312","357","375","417","477","463","464","445","485","421","361","227","151","99","58","20","6","-"
"Mostardas (RS)","Total","786","775","734","809","790","782","790","779","743","735","823","890","751","707","472","317","210","120","54","20","3"
"Muçum (RS)","Total","226","271","202","245","241","267","272","286","305","294","316","358","309","311","267","177","120","87","38","9","-"
"Muitos Capões (RS)","Total","181","209","193","183","178","202","183","192","182","207","204","210","145","134","115","78","52","20","10","1","-"
"Muliterno (RS)","Total","92","106","95","109","127","101","105","125","116","98","121","115","134","99","79","47","31","13","6","2","-"
"Não-Me-Toque (RS)","Total","1094","1146","955","998","1230","1354","1498","1507","1342","1146","1187","1100","1013","780","640","436","273","135","50","13","1"
"Nicolau Vergueiro (RS)","Total","104","110","121","121","102","101","135","127","126","112","131","162","132","137","91","54","36","21","9","-","-"
"Nonoai (RS)","Total","980","970","831","875","994","1028","1022","956","915","801","839","847","755","649","473","341","238","137","50","9","9"
"Nova Alvorada (RS)","Total","179","186","165","192","218","219","219","215","232","206","218","223","186","174","133","109","48","30","8","2","1"
"Nova Araçá (RS)","Total","317","272","211","250","475","426","471","310","351","302","307","290","313","226","180","122","74","41","14","1","1"
"Nova Bassano (RS)","Total","508","490","479","502","684","716","754","701","720","622","604","660","648","511","434","287","182","104","39","4","-"
"Nova Boa Vista (RS)","Total","106","97","82","80","126","139","106","142","131","121","138","159","166","159","125","78","44","26","13","4","-"
"Nova Bréscia (RS)","Total","134","141","122","147","156","189","185","188","208","172","194","233","259","232","191","138","85","47","19","4","-"
"Nova Candelária (RS)","Total","187","161","143","140","157","204","257","237","217","196","207","191","208","203","168","107","46","20","10","2","-"
"Nova Esperança do Sul (RS)","Total","229","276","264","274","307","349","352","373","368","337","355","363","312","251","189","123","81","42","19","1","-"
"Nova Hartz (RS)","Total","1246","1383","1379","1420","1474","1471","1508","1574","1616","1424","1379","1281","1032","762","542","285","193","87","27","5","-"
"Nova Pádua (RS)","Total","106","99","96","111","109","146","154","163","162","129","141","210","230","146","126","99","52","41","19","4","-"
"Nova Palma (RS)","Total","255","278","253","297","394","364","373","416","374","324","367","422","383","343","279","224","135","62","33","9","1"
"Nova Petrópolis (RS)","Total","1287","1369","1230","1243","1293","1396","1681","1924","1994","1677","1625","1514","1432","1182","1006","691","418","232","80","25","1"
"Nova Prata (RS)","Total","1475","1522","1351","1370","1685","1939","1984","2149","2131","1682","1614","1700","1554","1172","983","662","359","245","96","17","2"
"Nova Ramada (RS)","Total","106","114","96","127","105","79","121","147","154","154","174","191","183","138","105","76","64","18","7","4","-"
"Nova Roma do Sul (RS)","Total","145","160","150","200","215","189","220","242","234","198","255","340","284","188","160","115","97","54","17","3","-"
"Nova Santa Rita (RS)","Total","1969","2249","2034","2148","2109","2216","2185","2280","2344","1897","1759","1612","1379","1148","766","456","264","129","56","22","2"
"Novo Cabrais (RS)","Total","182","179","191","194","178","197","222","266","250","232","264","285","269","224","188","114","76","41","11","5","-"
"Novo Hamburgo (RS)","Total","12553","13635","12976","14035","16420","17001","17073","17181","17413","14783","15570","16384","13896","10661","7751","4812","3056","1628","654","141","23"
"Novo Machado (RS)","Total","144","132","155","162","154","164","175","174","190","207","244","299","293","254","186","135","76","35","16","3","-"
"Novo Tiradentes (RS)","Total","113","127","121","118","117","140","126","147","129","138","133","177","179","146","91","66","31","29","12","5","1"
"Novo Xingu (RS)","Total","89","92","72","88","79","93","102","113","116","97","112","129","150","101","83","61","39","22","6","2","-"
"Novo Barreiro (RS)","Total","260","257","238","243","258","249","282","276","283","281","289","319","323","256","197","114","75","47","21","4","-"
"Osório (RS)","Total","2744","3093","2796","2969","3415","3455","3522","3702","3657","2966","2930","3036","2654","2314","1748","1207","647","362","138","37","4"
"Paim Filho (RS)","Total","156","149","157","206","205","218","210","197","209","215","293","327","295","276","200","143","93","51","22","7","-"
"Palmares do Sul (RS)","Total","657","782","772","729","695","682","708","833","824","696","813","1018","1074","1003","761","400","245","110","35","3","4"
"Palmeira das Missões (RS)","Total","2173","2148","2016","2207","2193","2342","2409","2449","2399","2044","2138","2243","1964","1572","1263","776","489","249","106","30","6"
"Palmitinho (RS)","Total","477","498","439","479","526","508","574","558","557","489","520","573","484","416","327","193","132","61","20","6","2"
"Panambi (RS)","Total","2813","2882","2578","2623","3067","3372","3521","3613","3538","2938","2635","2513","2242","1925","1452","913","520","241","111","16","2"
"Pantano Grande (RS)","Total","614","663","629","712","702","685","667","713","723","632","668","697","651","555","397","261","125","83","29","5","1"
"Paraí (RS)","Total","372","400","378","372","429","459","540","581","525","460","476","499","525","435","305","222","103","66","42","4","1"
"Paraíso do Sul (RS)","Total","315","327","324","386","346","345","362","482","471","457","471","517","464","429","333","224","150","85","27","2","2"
"Pareci Novo (RS)","Total","260","268","209","254","220","271","335","387","318","300","294","312","300","200","156","105","63","41","22","4","-"
"Parobé (RS)","Total","3467","3563","3405","3554","3797","4129","4037","3899","3913","3604","3746","3503","2849","1826","1280","765","451","178","69","18","5"
"Passa Sete (RS)","Total","208","214","204","269","234","234","268","269","276","305","298","319","275","232","167","112","48","26","18","6","1"
"Passo do Sobrado (RS)","Total","332","326","339","324","333","356","411","449","422","385","447","477","439","366","246","171","113","64","13","11","1"
"Passo Fundo (RS)","Total","12499","13220","12575","12547","16396","16953","16635","16886","16014","12837","12126","12144","10885","8879","6612","4207","2559","1496","567","149","29"
"Paulo Bento (RS)","Total","92","103","111","92","124","122","142","129","148","119","167","172","182","143","109","87","56","27","15","4","-"
"Paverama (RS)","Total","441","498","469","476","459","508","523","527","575","556","544","551","548","446","354","232","146","86","31","7","1"
"Pedras Altas (RS)","Total","111","126","126","115","121","129","157","147","153","148","147","144","161","103","69","59","22","17","3","3","-"
"Pedro Osório (RS)","Total","386","450","465","478","489","417","438","454","506","503","500","538","495","440","377","264","144","99","27","12","2"
"Pejuçara (RS)","Total","218","199","197","210","240","217","276","290","256","229","240","283","247","195","172","111","91","52","19","3","-"
"Pelotas (RS)","Total","17489","19433","18576","19865","24969","24244","23203","24318","24224","20597","20633","20654","19413","16566","12815","8727","5331","3008","1268","307","45"
"Picada Café (RS)","Total","266","284","279","274","326","334","375","394","417","411","411","450","359","259","203","156","82","48","20","3","-"
"Pinhal (RS)","Total","217","168","184","172","205","223","223","204","187","171","201","193","188","160","99","74","40","30","17","2","1"
"Pinhal da Serra (RS)","Total","116","133","130","116","126","141","143","169","154","136","145","152","186","154","91","71","47","21","8","8","1"
"Pinhal Grande (RS)","Total","151","205","203","226","225","213","238","232","241","279","297","309","267","230","189","134","86","49","28","2","1"
"Pinheirinho do Vale (RS)","Total","285","305","292","279","292","298","327","326","300","293","308","289","289","261","187","113","64","19","11","2","-"
"Pinheiro Machado (RS)","Total","544","566","643","657","652","718","738","770","759","767","804","889","828","605","524","349","215","126","47","10","3"
"Pinto Bandeira (RS)","Total","140","131","129","131","133","175","186","190","177","161","182","195","232","167","136","104","85","48","17","3","1"
"Pirapó (RS)","Total","83","99","113","113","96","99","120","143","128","141","196","239","220","165","102","104","56","28","9","4","2"
"Piratini (RS)","Total","834","927","927","1082","1094","1018","980","1094","1132","1186","1359","1359","1274","1061","846","593","423","213","79","18","5"
"Planalto (RS)","Total","645","665","600","627","671","661","696","701","694","635","712","731","710","585","432","291","188","111","41","9","1"
"Poço das Antas (RS)","Total","110","117","114","107","129","118","145","164","145","132","144","163","145","134","127","90","53","24","8","1","1"
"Pontão (RS)","Total","182","202","198","196","180","216","240","233","217","184","259","261","210","195","142","92","50","29","8","2","-"
"Ponte Preta (RS)","Total","72","81","79","67","69","91","95","85","104","97","111","130","136","115","99","64","37","29","13","1","-"
"Portão (RS)","Total","2117","2259","2129","2172","2399","2424","2577","2840","2666","2274","2233","2247","1958","1500","1051","633","360","151","67","13","1"
"Porto Alegre (RS)","Total","64258","76417","72898","75603","93432","99223","97365","101607","106010","88289","81321","84162","82145","70134","53969","37529","24570","14746","6915","1927","325"
"Porto Lucena (RS)","Total","176","199","184","199","181","201","231","214","229","304","323","422","418","348","318","213","117","53","24","6","-"
"Porto Mauá (RS)","Total","93","99","109","104","85","106","124","109","125","123","148","209","214","159","124","88","79","35","8","1","-"
"Porto Vera Cruz (RS)","Total","79","73","64","72","62","69","90","77","70","101","136","175","142","126","107","63","32","14","6","2","-"
"Porto Xavier (RS)","Total","555","592","579","623","632","607","630","628","710","741","703","731","697","560","422","265","150","83","24","5","1"
"Pouso Novo (RS)","Total","97","85","91","76","86","108","109","116","124","116","104","114","128","113","120","83","50","13","6","-","-"
"Presidente Lucena (RS)","Total","180","201","167","152","168","244","240","268","250","188","199","236","200","157","107","61","32","18","8","-","1"
"Progresso (RS)","Total","253","232","289","301","278","314","319","324","391","364","443","476","395","352","243","162","129","55","14","6","-"
"Protásio Alves (RS)","Total","84","119","102","88","99","117","134","130","119","141","158","183","136","144","128","66","39","26","9","2","1"
"Putinga (RS)","Total","172","178","154","196","190","212","234","283","260","213","226","275","302","274","225","147","110","54","33","8","1"
"Quaraí (RS)","Total","1499","1645","1553","1620","1661","1703","1644","1534","1468","1426","1452","1632","1302","1055","826","646","446","253","109","22","4"
"Quatro Irmãos (RS)","Total","100","81","101","87","101","99","94","102","111","101","111","123","107","97","48","32","29","23","3","2","-"
"Quevedos (RS)","Total","112","132","150","144","155","136","165","168","181","196","185","201","170","155","115","69","46","18","8","1","-"
"Quinze de Novembro (RS)","Total","196","223","228","231","199","227","271","294","276","271","263","281","245","242","177","128","98","42","16","2","-"
"Redentora (RS)","Total","888","886","756","921","993","748","619","600","525","493","475","491","437","335","256","133","75","65","19","17","6"
"Relvado (RS)","Total","75","64","71","90","87","87","90","105","107","108","119","149","164","147","112","91","55","51","16","8","-"
"Restinga Sêca (RS)","Total","761","843","774","910","1038","933","941","1006","958","852","995","1122","1094","937","723","457","323","182","69","18","3"
"Rio dos Índios (RS)","Total","145","151","167","151","135","149","156","186","184","145","221","253","227","227","133","89","65","35","14","-","2"
"Rio Grande (RS)","Total","10967","12209","11780","12514","13998","13822","13757","14773","14868","12207","11281","11775","11403","9611","7305","4612","2682","1490","665","150","31"
"Rio Pardo (RS)","Total","1829","2128","1942","2237","2299","2209","2348","2301","2285","2172","2365","2503","2352","1968","1474","1014","721","314","146","40","7"
"Riozinho (RS)","Total","251","257","253","266","291","291","281","316","328","330","341","298","246","255","195","142","65","44","16","7","-"
"Roca Sales (RS)","Total","581","595","545","614","621","703","679","771","756","687","628","730","693","618","480","292","228","135","45","14","3"
"Rodeio Bonito (RS)","Total","468","410","374","420","425","454","494","513","498","375","416","460","409","323","262","154","117","53","23","2","4"
"Rolador (RS)","Total","108","100","123","131","100","108","113","158","135","152","175","172","185","165","142","113","60","33","15","3","-"
"Rolante (RS)","Total","1242","1254","1262","1323","1433","1593","1558","1621","1561","1454","1470","1506","1215","944","779","524","289","166","41","16","2"
"Ronda Alta (RS)","Total","564","562","586","569","729","644","639","667","609","625","664","662","615","531","467","299","202","92","43","6","2"
"Rondinha (RS)","Total","224","228","254","248","277","273","254","265","323","335","410","445","377","317","262","192","160","101","38","7","1"
"Roque Gonzales (RS)","Total","315","360","335","380","354","337","399","423","415","443","520","535","491","424","357","246","139","77","19","6","1"
"Rosário do Sul (RS)","Total","2136","2077","2058","2442","2628","2494","2440","2416","2427","2263","2478","2622","2360","1860","1534","1114","726","368","146","34","7"
"Sagrada Família (RS)","Total","136","135","145","164","138","164","132","160","201","153","179","196","208","137","89","61","46","24","11","1","-"
"Saldanha Marinho (RS)","Total","126","154","114","105","131","136","177","154","178","161","212","217","181","182","152","97","61","24","10","3","-"
"Salto do Jacuí (RS)","Total","584","625","642","711","660","682","639","659","787","719","732","748","630","497","371","241","156","88","23","7","2"
"Salvador das Missões (RS)","Total","144","145","124","139","158","159","220","189","178","178","221","245","218","198","161","91","60","38","10","1","-"
"Salvador do Sul (RS)","Total","379","379","337","383","519","527","534","533","484","483","462","482","426","332","251","175","102","63","19","8","1"
"Sananduva (RS)","Total","830","841","816","854","1011","1063","1256","1156","1118","998","1074","1209","1167","1006","841","560","344","151","87","17","-"
"Santa Bárbara do Sul (RS)","Total","431","507","456","452","509","554","557","552","574","523","601","637","533","476","302","216","150","59","28","5","-"
"Santa Cecília do Sul (RS)","Total","103","102","89","84","130","105","95","88","96","102","130","129","124","91","83","59","40","15","7","2","-"
"Santa Clara do Sul (RS)","Total","386","407","368","415","399","438","460","588","602","489","435","412","422","361","283","191","115","78","30","8","-"
"Santa Cruz do Sul (RS)","Total","7160","7846","7021","7557","9587","10088","10426","10795","10731","8839","8630","8770","7789","6491","4832","3118","1924","1043","476","91","16"
"Santa Maria (RS)","Total","14724","15544","15052","17132","22869","21601","20429","20462","19965","16590","16840","17240","16052","12716","9668","6762","4162","2538","1059","286","44"
"Santa Maria do Herval (RS)","Total","287","310","275","305","349","394","426","476","547","446","511","543","472","388","278","175","94","48","12","4","-"
"Santa Margarida do Sul (RS)","Total","129","165","143","154","136","144","150","146","164","190","209","217","208","157","115","87","49","25","8","-","-"
"Santana da Boa Vista (RS)","Total","323","369","365","427","418","352","400","412","383","467","575","597","528","459","375","277","161","87","39","10","-"
"Sant'Ana do Livramento (RS)","Total","5156","5649","5465","5487","5886","6002","5687","5631","5555","5246","5449","5638","5269","4140","3120","2248","1537","844","321","74","17"
"Santa Rosa (RS)","Total","4735","4789","4281","4447","5272","5985","6175","6166","5785","5459","5159","4917","4172","3399","2662","1760","1009","567","187","30","7"
"Santa Tereza (RS)","Total","49","57","47","73","63","60","80","89","98","85","116","135","149","102","105","71","78","33","9","5","1"
"Santa Vitória do Palmar (RS)","Total","1727","1997","1817","2037","1970","2117","2056","2249","2207","1991","2033","2196","1968","1628","1204","799","507","297","131","45","7"
"Santiago (RS)","Total","2465","2685","2670","2923","3420","3383","3378","3464","3393","3155","3284","3481","3237","2571","2040","1535","1017","542","240","41","14"
"Santo Ângelo (RS)","Total","4636","4746","4390","4818","5611","5713","5458","5489","5486","5132","5135","5147","4473","3785","2785","1894","1184","660","285","74","16"
"Santo Antônio do Palma (RS)","Total","125","111","129","107","114","144","120","142","121","146","161","160","145","131","84","71","40","29","9","2","-"
"Santo Antônio da Patrulha (RS)","Total","2338","2588","2402","2619","3056","2955","2950","3063","2972","2716","2950","3010","2717","2211","1693","1297","791","410","152","51","6"
"Santo Antônio das Missões (RS)","Total","587","574","621","659","573","634","654","616","588","702","717","763","711","622","486","373","258","100","52","7","3"
"Santo Antônio do Planalto (RS)","Total","113","122","133","127","111","107","138","150","165","114","133","153","146","132","113","59","43","20","8","2","-"
"Santo Augusto (RS)","Total","768","860","806","831","837","896","916","912","953","1015","951","1051","901","748","607","405","255","129","46","12","3"
"Santo Cristo (RS)","Total","782","807","802","771","906","989","1110","1070","1059","1004","1101","1222","1121","925","675","452","304","160","49","10","1"
"Santo Expedito do Sul (RS)","Total","122","117","117","126","106","118","147","152","127","129","194","178","190","154","160","107","62","36","5","2","-"
"São Borja (RS)","Total","3534","3569","3420","3815","4208","4392","4150","4180","4232","4006","4008","3918","3788","2952","2202","1508","1005","526","192","59","12"
"São Domingos do Sul (RS)","Total","128","113","133","143","144","177","183","181","167","173","185","216","222","203","179","117","49","29","10","2","-"
"São Francisco de Assis (RS)","Total","828","952","933","1021","1000","1064","1148","1178","1185","1086","1253","1368","1274","1148","909","596","368","197","85","22","3"
"São Francisco de Paula (RS)","Total","1388","1355","1408","1542","1571","1640","1531","1638","1541","1375","1362","1398","1253","1030","802","505","316","152","69","14","3"
"São Gabriel (RS)","Total","3460","3805","3438","3866","4022","4100","3913","3969","4152","3661","3823","3977","3687","2937","2276","1546","1014","555","221","53","12"
"São Jerônimo (RS)","Total","1145","1290","1275","1402","1355","1366","1359","1586","1606","1414","1436","1405","1355","1135","836","517","276","178","77","14","1"
"São João da Urtiga (RS)","Total","202","214","179","194","205","283","283","269","263","268","356","392","373","317","276","204","100","53","23","6","1"
"São João do Polêsine (RS)","Total","122","137","122","131","133","155","202","170","159","132","159","196","187","197","151","97","88","63","41","6","1"
"São Jorge (RS)","Total","135","137","130","156","161","192","173","191","189","155","214","223","230","206","179","117","77","30","14","3","-"
"São José das Missões (RS)","Total","128","126","131","150","128","116","118","146","160","158","185","198","183","153","115","85","39","33","8","2","-"
"São José do Herval (RS)","Total","104","107","97","127","92","136","95","113","125","137","148","150","132","114","85","63","36","27","9","4","1"
"São José do Hortêncio (RS)","Total","206","229","252","239","237","308","336","338","306","329","335","346","334","236","178","108","77","39","10","4","-"
"São José do Inhacorá (RS)","Total","110","131","103","108","110","137","169","164","168","157","141","185","189","183","153","103","58","22","9","5","1"
"São José do Norte (RS)","Total","1348","1451","1509","1579","1743","1777","1806","1788","1731","1603","1854","1886","1639","1321","1026","604","439","219","83","35","2"
"São José do Ouro (RS)","Total","326","353","334","354","426","473","433","436","427","454","535","542","483","411","353","219","149","92","29","4","1"
"São José do Sul (RS)","Total","137","117","128","123","120","145","149","184","158","151","162","175","165","149","129","81","49","31","19","7","1"
"São José dos Ausentes (RS)","Total","344","349","285","264","322","348","322","319","264","260","251","244","211","144","115","56","43","22","7","2","-"
"São Leopoldo (RS)","Total","13197","14448","13443","14213","16083","16929","16484","16994","17177","14412","13620","13744","12181","9320","6756","4087","2457","1233","486","131","14"
"São Lourenço do Sul (RS)","Total","2031","2159","2262","2449","2535","2780","2847","3037","3121","2828","2884","3078","2796","2440","1967","1324","807","430","178","33","3"
"São Luiz Gonzaga (RS)","Total","2225","2254","1911","2181","2409","2631","2599","2468","2317","2219","2131","2247","2052","1796","1285","946","590","301","147","32","11"
"São Marcos (RS)","Total","1005","1087","1068","1241","1408","1496","1593","1583","1596","1375","1573","1596","1457","1051","827","522","348","187","59","11","1"
"São Martinho (RS)","Total","295","284","266","306","268","330","334","342","377","357","336","422","467","380","295","215","118","62","21","6","-"
"São Martinho da Serra (RS)","Total","120","167","164","164","149","133","147","186","196","183","218","215","224","195","155","110","69","38","19","6","2"
"São Miguel das Missões (RS)","Total","378","445","398","464","419","485","426","529","490","480","491","488","473","372","290","200","134","57","28","7","2"
"São Nicolau (RS)","Total","279","320","320","350","299","282","304","305","316","345","348","344","340","348","245","175","110","54","25","7","2"
"São Paulo das Missões (RS)","Total","291","262","282","287","326","333","354","347","349","382","432","493","545","461","323","172","111","67","25","3","1"
"São Pedro da Serra (RS)","Total","198","228","176","191","251","252","291","307","279","240","238","266","205","148","117","91","31","25","11","3","-"
"São Pedro das Missões (RS)","Total","96","117","110","103","94","88","100","126","115","117","116","154","110","110","65","64","38","28","5","1","-"
"São Pedro do Butiá (RS)","Total","153","152","166","170","171","179","218","224","196","192","199","244","235","204","146","91","72","41","13","3","1"
"São Pedro do Sul (RS)","Total","804","825","825","893","905","894","952","1052","1076","972","1087","1161","1084","998","789","537","400","217","82","23","1"
"São Sebastião do Caí (RS)","Total","1397","1597","1471","1501","1592","1703","1755","1862","1822","1525","1649","1756","1580","1229","827","566","338","187","54","16","1"
"São Sepé (RS)","Total","1157","1135","1112","1282","1248","1326","1344","1364","1380","1253","1443","1633","1603","1342","1023","667","500","258","110","32","7"
"São Valentim (RS)","Total","153","178","144","164","158","194","177","213","182","201","221","268","256","223","237","110","103","50","27","4","1"
"São Valentim do Sul (RS)","Total","94","106","108","99","107","114","113","152","169","128","143","176","172","179","141","97","56","35","11","6","1"
"São Valério do Sul (RS)","Total","177","185","190","237","209","193","173","169","142","155","146","146","94","135","95","49","24","19","5","-","-"
"São Vendelino (RS)","Total","126","124","117","110","147","177","171","171","167","152","192","167","144","92","73","48","46","18","7","1","1"
"São Vicente do Sul (RS)","Total","412","512","453","503","535","548","557","536","567","520","586","580","551","408","351","206","130","80","51","8","3"
"Sapiranga (RS)","Total","4731","4959","4846","5140","5709","5594","5665","5904","5834","5410","5298","5045","3995","2856","2011","1304","783","400","131","28","5"
"Sapucaia do Sul (RS)","Total","7612","8752","8270","9162","10000","9861","9973","10221","10523","8833","8399","8158","7341","5758","4215","2613","1434","689","242","45","6"
"Sarandi (RS)","Total","1556","1452","1283","1271","1582","1735","1817","1829","1700","1446","1448","1474","1239","1039","781","534","377","195","71","19","3"
"Seberi (RS)","Total","799","735","694","738","854","844","795","861","837","739","699","782","772","654","458","323","204","100","47","9","6"
"Sede Nova (RS)","Total","150","147","151","171","146","151","148","176","172","180","199","230","206","180","144","73","45","21","12","2","-"
"Segredo (RS)","Total","344","309","364","390","309","419","363","415","437","423","440","475","401","336","262","162","94","48","16","2","-"
"Selbach (RS)","Total","252","286","275","269","319","354","340","390","333","286","352","445","371","270","193","153","125","65","21","7","1"
"Senador Salgado Filho (RS)","Total","128","136","139","144","147","162","164","185","177","181","201","212","227","188","121","74","48","30","6","2","1"
"Sentinela do Sul (RS)","Total","262","279","273","360","336","329","322","365","338","368","397","402","391","276","242","185","89","55","23","12","2"
"Serafina Corrêa (RS)","Total","964","1002","950","1031","1237","1359","1379","1415","1266","1079","1034","1085","946","746","565","424","261","154","53","11","-"
"Sério (RS)","Total","85","88","88","91","79","112","133","107","134","143","146","181","143","119","109","86","51","29","11","6","-"
"Sertão (RS)","Total","274","284","259","312","289","344","338","362","377","342","401","462","417","371","310","189","118","51","28","12","1"
"Sertão Santana (RS)","Total","279","303","290","363","375","388","376","430","401","398","390","450","387","319","291","168","138","79","32","3","3"
"Sete de Setembro (RS)","Total","75","84","82","98","96","84","101","106","118","139","145","161","159","108","123","58","45","31","14","3","-"
"Severiano de Almeida (RS)","Total","149","161","180","174","151","164","195","227","238","238","248","298","269","252","192","117","80","46","23","4","-"
"Silveira Martins (RS)","Total","80","97","105","105","94","94","100","146","153","122","131","185","148","137","102","99","71","42","15","2","-"
"Sinimbu (RS)","Total","395","426","423","504","470","489","546","619","622","684","619","660","586","510","429","269","192","89","35","11","-"
"Sobradinho (RS)","Total","863","825","781","819","984","1096","1039","1072","1028","917","903","986","846","745","554","379","216","114","51","7","1"
"Soledade (RS)","Total","1838","1847","1775","2012","2215","2302","2113","2243","2211","1882","1905","1916","1679","1446","1084","758","422","208","109","22","4"
"Tabaí (RS)","Total","299","294","288","260","293","284","299","295","302","280","337","320","276","207","174","119","80","40","12","2","-"
"Tapejara (RS)","Total","1711","1668","1274","1341","1814","2171","2186","2071","1812","1416","1456","1536","1304","1008","693","510","317","195","63","10","1"
"Tapera (RS)","Total","596","634","628","674","716","683","765","745","792","647","737","752","666","522","416","271","172","129","39","7","1"
"Tapes (RS)","Total","741","892","819","1016","985","854","887","960","964","1005","1009","1032","1056","832","652","482","306","133","52","15","3"
"Taquara (RS)","Total","3089","3350","3252","3458","3529","3672","3502","3908","4079","3442","3564","3813","3340","2561","1988","1256","814","414","173","28","10"
"Taquari (RS)","Total","1363","1699","1552","1616","1587","1671","1648","1808","1826","1561","1718","1771","1662","1325","976","660","432","222","78","22","1"
"Taquaruçu do Sul (RS)","Total","182","190","173","181","174","204","200","206","234","193","192","220","215","190","144","111","59","32","13","6","-"
"Tavares (RS)","Total","296","290","253","334","317","326","297","327","326","326","331","395","367","353","256","188","140","60","25","5","-"
"Tenente Portela (RS)","Total","1012","1018","920","1018","1082","1025","1038","1009","921","847","816","837","873","745","550","357","214","150","47","12","6"
"Terra de Areia (RS)","Total","670","660","649","689","709","630","678","763","743","632","612","732","665","582","426","244","155","66","25","3","1"
"Teutônia (RS)","Total","2005","2002","1923","1947","2225","2352","2554","2689","2584","2355","2156","2035","1829","1501","1130","739","453","220","75","21","2"
"Tio Hugo (RS)","Total","209","228","204","179","205","233","235","262","242","180","201","244","191","163","113","86","52","31","5","4","-"
"Tiradentes do Sul (RS)","Total","248","265","307","296","256","237","275","330","332","352","336","389","401","388","328","202","110","50","24","2","1"
"Toropi (RS)","Total","104","106","133","146","126","103","139","154","192","195","204","194","190","202","149","107","63","32","11","4","-"
"Torres (RS)","Total","2305","2541","2403","2562","2660","2737","2909","3039","3218","2684","2734","2972","2776","2261","1809","1054","611","318","132","24","2"
"Tramandaí (RS)","Total","3410","3934","3463","3511","3622","3624","3565","3779","3859","3271","3351","3552","3508","3093","2211","1343","773","354","134","26","4"
"Travesseiro (RS)","Total","89","87","87","112","125","98","113","100","140","135","169","197","171","167","157","95","68","32","8","2","-"
"Três Arroios (RS)","Total","81","87","93","128","87","150","116","147","160","170","242","257","231","176","176","120","95","49","22","4","-"
"Três Cachoeiras (RS)","Total","664","686","617","631","711","762","810","781","756","673","760","834","712","574","410","265","182","83","40","10","1"
"Três Coroas (RS)","Total","1461","1551","1533","1562","1635","1701","1860","1949","1991","1849","1703","1540","1298","1055","759","481","284","135","56","20","2"
"Três de Maio (RS)","Total","1453","1472","1297","1285","1575","1901","1802","1746","1745","1612","1665","1744","1571","1366","1056","743","472","270","114","24","3"
"Três Forquilhas (RS)","Total","133","151","177","180","157","177","159","162","186","172","213","254","176","157","111","93","61","33","7","1","-"
"Três Palmeiras (RS)","Total","337","344","310","282","260","322","341","318","353","278","280","289","283","236","218","135","73","40","15","1","1"
"Três Passos (RS)","Total","1463","1578","1300","1405","1591","1767","1785","1861","1807","1710","1650","1769","1699","1434","1083","744","427","252","85","23","3"
"Trindade do Sul (RS)","Total","468","561","476","487","590","519","546","552","529","466","415","481","464","357","276","188","87","67","20","6","1"
"Triunfo (RS)","Total","1710","1817","1878","1803","1897","1954","1989","2050","1949","1611","1734","1807","1701","1311","992","642","375","203","57","15","3"
"Tucunduva (RS)","Total","263","253","252","278","274","321","333","367","343","345","389","465","455","368","324","205","164","106","32","3","2"
"Tunas (RS)","Total","210","244","210","234","225","245","253","256","278","245","250","278","244","209","122","89","54","24","6","4","1"
"Tupanci do Sul (RS)","Total","61","69","67","76","74","77","90","77","67","97","111","141","118","72","65","56","34","15","7","-","-"
"Tupanciretã (RS)","Total","1150","1268","1312","1435","1290","1229","1314","1486","1413","1336","1340","1314","1294","976","776","482","321","169","83","12","5"
"Tupandi (RS)","Total","315","336","290","309","358","393","421","427","379","325","348","335","250","195","151","91","52","36","14","3","1"
"Tuparendi (RS)","Total","404","392","371","374","418","524","533","520","516","523","675","708","682","545","445","347","220","108","47","9","2"
"Turuçu (RS)","Total","146","200","192","242","210","213","223","266","242","283","231","210","236","186","149","108","52","19","9","2","-"
"Ubiretama (RS)","Total","78","97","89","106","112","113","101","120","144","137","188","169","161","128","112","71","41","17","7","2","1"
"União da Serra (RS)","Total","40","49","45","58","36","51","52","63","72","65","79","114","120","121","80","57","36","25","4","2","1"
"Unistalda (RS)","Total","96","108","107","109","88","103","115","128","119","138","160","173","163","127","100","74","50","28","7","2","-"
"Uruguaiana (RS)","Total","7725","8260","8128","8730","8980","8287","7800","8282","8377","7540","7482","7398","6540","5092","3621","2402","1415","758","304","77","12"
"Vacaria (RS)","Total","4209","4483","4187","4521","4718","4857","4631","4633","4635","3914","4091","3967","3448","2729","2111","1434","903","480","194","44","8"
"Vale Verde (RS)","Total","142","178","174","198","181","179","194","204","225","218","244","235","216","193","171","99","59","31","8","1","-"
"Vale do Sol (RS)","Total","464","468","480","571","653","654","681","691","718","763","780","752","632","531","430","322","196","76","29","4","2"
"Vale Real (RS)","Total","382","361","352","332","401","422","479","538","516","447","407","407","328","250","197","137","57","32","10","3","-"
"Vanini (RS)","Total","94","91","100","112","110","114","128","119","122","122","167","178","160","133","99","78","51","20","3","3","-"
"Venâncio Aires (RS)","Total","3702","3879","3492","3944","4663","5006","5126","5293","5124","4768","4717","4782","4302","3553","2712","1758","1087","576","221","52","6"
"Vera Cruz (RS)","Total","1564","1514","1394","1580","1872","2030","1982","2138","2103","1805","1895","1797","1510","1227","1014","610","406","178","73","14","4"
"Veranópolis (RS)","Total","1111","1253","1122","1209","1476","1591","1807","1903","1918","1658","1692","1787","1635","1300","1013","713","451","253","95","31","3"
"Vespasiano Corrêa (RS)","Total","80","72","86","84","94","93","115","103","107","111","134","164","120","133","122","82","74","27","15","2","-"
"Viadutos (RS)","Total","220","209","210","229","223","274","276","313","308","305","333","405","370","378","258","210","118","85","36","9","-"
"Viamão (RS)","Total","12751","15693","14982","15607","16556","15575","15004","16022","16746","14803","14749","14362","13148","10662","7680","4874","2705","1478","559","135","21"
"Vicente Dutra (RS)","Total","296","283","318","316","274","266","270","311","290","345","327","342","317","244","197","143","69","37","17","2","1"
"Victor Graeff (RS)","Total","143","162","134","185","149","146","182","185","188","169","228","233","180","175","129","86","54","36","11","4","1"
"Vila Flores (RS)","Total","187","226","168","168","197","206","284","296","252","233","230","276","271","221","186","99","76","48","20","2","-"
"Vila Lângaro (RS)","Total","102","96","106","98","152","106","132","125","130","141","165","182","155","127","88","92","48","21","12","1","-"
"Vila Maria (RS)","Total","227","222","212","225","271","303","329","331","283","251","298","338","314","307","198","148","73","49","24","8","2"
"Vila Nova do Sul (RS)","Total","166","198","234","233","218","192","211","231","251","266","299","317","298","261","189","131","99","48","17","3","1"
"Vista Alegre (RS)","Total","167","134","125","160","174","155","163","179","157","172","174","230","198","179","126","70","55","31","10","1","-"
"Vista Alegre do Prata (RS)","Total","72","78","88","76","87","72","83","94","105","119","132","115","129","101","101","71","43","18","5","1","-"
"Vista Gaúcha (RS)","Total","160","144","150","142","158","178","171","181","171","187","227","229","225","166","118","77","55","29","13","2","-"
"Vitória das Missões (RS)","Total","153","154","169","171","155","175","178","163","211","245","230","291","264","241","214","130","69","31","15","1","-"
"Westfália (RS)","Total","163","196","158","185","163","210","203","268","268","164","238","213","183","150","147","93","59","29","6","2","-"
"Xangri-lá (RS)","Total","1121","1164","1124","1086","1132","1091","1143","1188","1289","1016","985","1001","938","853","580","391","199","103","44","13","2"
"Água Clara (MS)","Total","1432","1568","1371","1271","1360","1416","1444","1450","1289","1006","850","759","619","399","233","134","79","37","20","3","1"
"Alcinópolis (MS)","Total","328","348","313","309","278","286","348","354","361","322","341","278","232","154","108","80","64","21","11","1","-"
"Amambai (MS)","Total","3004","3414","3403","3424","3296","3152","2886","2796","2690","2363","2077","1782","1562","1149","890","599","455","229","96","36","22"
"Anastácio (MS)","Total","1735","1834","1806","1764","1657","1721","1600","1732","1751","1574","1567","1407","1236","977","762","482","266","157","66","16","4"
"Anaurilândia (MS)","Total","466","500","532","518","506","528","504","518","580","616","519","534","469","323","210","169","96","43","16","5","1"
"Angélica (MS)","Total","743","877","779","701","701","767","875","884","796","751","677","592","483","397","275","208","103","85","29","5","1"
"Antônio João (MS)","Total","779","780","830","813","750","745","691","695","627","492","435","432","358","309","203","155","104","72","21","7","5"
"Aparecida do Taboado (MS)","Total","2042","2079","1803","1913","2298","2350","2090","2059","2131","1828","1633","1409","1291","1031","717","468","284","172","64","10","2"
"Aquidauana (MS)","Total","3450","3479","3676","3803","3410","3321","2995","3220","3312","2966","2698","2566","2396","1981","1434","971","600","330","135","42","18"
"Aral Moreira (MS)","Total","968","1016","1038","1049","890","884","856","720","683","525","506","452","371","272","195","141","91","50","27","13","1"
"Bandeirantes (MS)","Total","607","630","551","518","566","612","560","580","592","516","455","503","381","311","212","178","99","47","15","6","1"
"Bataguassu (MS)","Total","1641","1677","1694","1711","1763","1710","1733","1777","1854","1628","1503","1331","1065","781","467","314","217","113","36","12","4"
"Batayporã (MS)","Total","746","798","750","736","771","788","729","812","774","729","684","712","541","377","320","209","129","69","31","5","2"
"Bela Vista (MS)","Total","1554","1700","1717","1648","1661","1648","1499","1465","1576","1364","1238","1108","1024","845","587","465","291","128","64","25","6"
"Bodoquena (MS)","Total","692","640","664","588","563","611","645","654","682","543","512","463","419","345","231","160","87","42","17","6","3"
"Bonito (MS)","Total","1820","1902","1780","1680","1666","1826","1815","1901","1944","1572","1419","1224","1017","820","560","365","192","93","52","8","3"
"Brasilândia (MS)","Total","833","830","790","850","854","843","911","892","948","789","751","639","570","442","278","168","110","56","19","6","-"
"Caarapó (MS)","Total","2431","2417","2461","2582","2491","2371","2283","2385","2261","1930","1779","1470","1222","842","639","447","329","161","76","22","13"
"Camapuã (MS)","Total","892","954","873","876","779","879","896","975","1089","1016","952","904","769","603","429","316","199","111","58","12","1"
"Campo Grande (MS)","Total","59766","63928","61139","60791","66260","71631","70858","71900","71060","60568","55483","50341","43245","33667","23817","15488","9622","5436","2359","611","130"
"Caracol (MS)","Total","358","391","391","400","340","330","330","344","396","349","332","283","231","196","133","95","70","44","18","4","1"
"Cassilândia (MS)","Total","1352","1332","1288","1379","1489","1437","1419","1475","1659","1433","1372","1252","1124","981","830","576","347","166","60","9","8"
"Chapadão do Sul (MS)","Total","2449","2493","2334","2299","2642","2942","2897","3012","2536","1927","1668","1395","963","629","364","194","145","74","24","5","1"
"Corguinho (MS)","Total","277","348","364","320","229","270","300","310","364","341","345","336","299","234","187","127","75","41","12","2","2"
"Coronel Sapucaia (MS)","Total","1473","1443","1356","1410","1241","1148","996","912","916","761","664","502","462","375","223","193","109","60","26","13","6"
"Corumbá (MS)","Total","7639","7833","7431","7416","7690","7370","6847","7262","6973","5973","5630","5168","4128","3311","2297","1626","924","476","192","68","14"
"Costa Rica (MS)","Total","2162","2124","1897","1869","1881","2180","2224","2196","2105","1697","1426","1239","979","773","546","349","219","112","50","6","3"
"Coxim (MS)","Total","2175","2272","2248","2201","2224","2315","2364","2503","2484","2282","2115","2022","1588","1211","890","585","378","204","67","15","8"
"Deodápolis (MS)","Total","942","971","954","893","906","982","1082","1046","1017","877","880","906","714","545","372","253","164","95","47","16","1"
"Dois Irmãos do Buriti (MS)","Total","883","897","821","778","873","867","842","769","751","700","681","605","527","434","274","188","111","64","27","3","5"
"Douradina (MS)","Total","389","402","448","399","392","364","369","403","409","386","361","328","289","247","157","115","62","35","17","5","1"
"Dourados (MS)","Total","17668","18115","16962","17433","20586","20860","19653","19396","18347","15334","14254","12788","10614","8011","5624","3592","2253","1200","523","122","32"
"Eldorado (MS)","Total","843","855","837","824","821","869","841","840","795","747","731","717","532","385","272","228","143","69","26","10","1"
"Fátima do Sul (MS)","Total","1296","1270","1215","1314","1306","1458","1508","1391","1457","1315","1491","1461","1210","1022","772","505","334","179","77","24","4"
"Figueirão (MS)","Total","249","309","255","199","204","224","263","282","306","235","267","231","162","126","93","61","50","18","3","2","-"
"Glória de Dourados (MS)","Total","638","650","624","641","607","688","725","800","818","667","771","747","640","525","361","233","180","80","39","8","2"
"Guia Lopes da Laguna (MS)","Total","683","708","709","740","673","703","658","688","665","693","656","552","512","454","327","236","155","73","37","9","9"
"Iguatemi (MS)","Total","1035","1052","990","1062","1029","1026","968","968","969","964","843","831","615","529","367","250","186","79","31","11","3"
"Inocência (MS)","Total","608","571","561","563","677","687","586","640","681","570","536","478","410","309","219","142","101","44","16","4","1"
"Itaporã (MS)","Total","1869","2003","1950","2002","2000","1878","1715","1589","1612","1451","1362","1252","1102","859","619","388","256","135","65","22","8"
"Itaquiraí (MS)","Total","1524","1486","1420","1458","1374","1480","1361","1376","1441","1424","1335","1111","889","683","471","297","174","79","33","6","1"
"Ivinhema (MS)","Total","1929","1978","1847","1794","1899","2218","2255","2252","1984","1826","1893","1662","1361","992","801","531","356","159","59","21","4"
"Japorã (MS)","Total","801","856","928","857","739","598","521","490","458","398","360","338","246","184","145","110","65","39","6","7","2"
"Jaraguari (MS)","Total","435","500","507","459","351","402","419","455","481","537","464","551","502","432","296","167","91","51","29","7","3"
"Jardim (MS)","Total","1728","1743","1814","1849","1693","1669","1641","1774","1823","1500","1468","1321","1166","966","705","495","328","189","80","20","9"
"Jateí (MS)","Total","262","251","259","256","226","225","259","283","250","246","252","247","183","136","100","65","50","24","9","3","-"
"Juti (MS)","Total","547","597","578","487","432","499","489","464","481","426","425","333","301","225","165","127","91","36","20","5","1"
"Ladário (MS)","Total","1974","1905","1805","1842","1787","1738","1543","1656","1511","1282","1083","1010","810","595","410","296","146","84","35","9","1"
"Laguna Carapã (MS)","Total","564","634","586","529","509","536","512","497","481","382","342","352","268","193","168","105","68","38","21","12","2"
"Maracaju (MS)","Total","3517","3519","3061","3060","3356","3755","4166","4621","3991","2755","2453","2043","1656","1210","802","570","285","162","51","13","1"
"Miranda (MS)","Total","2164","2250","2220","2088","1878","1802","1742","1900","1810","1725","1358","1290","1004","843","642","388","238","107","60","21","6"
"Mundo Novo (MS)","Total","1319","1435","1362","1335","1271","1390","1486","1383","1422","1242","1186","1196","965","792","597","384","237","121","52","15","3"
"Naviraí (MS)","Total","3589","3847","3641","3518","3540","3907","4038","4091","4014","3494","3264","2892","2310","1684","1067","765","415","248","94","33","6"
"Nioaque (MS)","Total","1008","1026","986","999","927","918","887","881","963","935","871","741","696","532","350","219","146","79","33","17","6"
"Nova Alvorada do Sul (MS)","Total","1867","1888","1815","1589","1563","1665","1827","1877","1729","1344","1285","1135","876","587","354","197","123","70","25","4","2"
"Nova Andradina (MS)","Total","3339","3559","3510","3636","3407","3401","3619","3833","3879","3460","3164","2860","2271","1788","1164","786","470","271","102","39","5"
"Novo Horizonte do Sul (MS)","Total","348","378","317","324","306","340","370","335","317","291","322","299","255","208","112","107","64","24","3","1","-"
"Paraíso das Águas (MS)","Total","455","462","435","356","347","393","448","491","426","376","330","304","258","173","107","73","43","24","7","2","-"
"Paranaíba (MS)","Total","2564","2681","2508","2549","2903","3069","2902","3015","3166","2879","2776","2509","2209","1916","1414","902","580","280","113","13","9"
"Paranhos (MS)","Total","1495","1450","1382","1345","1161","1049","845","734","724","610","526","426","319","296","212","150","93","57","22","18","7"
"Pedro Gomes (MS)","Total","488","454","456","470","411","472","440","526","472","449","537","460","420","311","201","175","102","65","18","10","4"
"Ponta Porã (MS)","Total","7236","7494","7221","7262","7912","7750","7545","6999","6700","5300","4981","4397","3750","2823","1952","1269","761","421","182","45","17"
"Porto Murtinho (MS)","Total","1132","1172","1124","1019","962","1027","934","901","932","810","708","612","517","369","241","197","108","63","23","7","1"
"Ribas do Rio Pardo (MS)","Total","1848","1940","1816","1745","1742","1995","1901","1885","1792","1526","1372","1150","950","619","406","232","139","59","22","8","3"
"Rio Brilhante (MS)","Total","3142","3109","2967","2826","2892","2955","2988","3215","2963","2437","2016","1862","1513","1129","690","427","259","147","49","12","3"
"Rio Negro (MS)","Total","317","359","320","358","279","256","291","293","357","347","369","351","294","209","149","138","92","41","17","3","1"
"Rio Verde de Mato Grosso (MS)","Total","1452","1531","1394","1452","1269","1330","1355","1389","1454","1319","1301","1215","994","875","635","388","260","129","57","18","1"
"Rochedo (MS)","Total","396","353","381","359","370","383","334","385","356","372","330","318","291","207","162","103","62","26","7","3","1"
"Santa Rita do Pardo (MS)","Total","497","554","529","469","470","532","511","539","511","552","493","423","317","240","174","100","76","26","12","2","-"
"São Gabriel do Oeste (MS)","Total","2307","2470","2105","2116","2161","2426","2540","2482","2355","1885","1716","1503","1222","920","640","344","237","105","39","5","1"
"Sete Quedas (MS)","Total","808","748","818","783","778","895","834","721","755","732","699","676","556","446","308","211","129","67","20","9","1"
"Selvíria (MS)","Total","513","580","564","540","594","588","593","582","634","581","558","525","428","330","217","166","82","41","19","4","3"
"Sidrolândia (MS)","Total","3688","3756","3506","3498","3477","3628","3429","3604","3490","3020","2867","2635","2208","1735","1197","692","389","182","86","22","9"
"Sonora (MS)","Total","1087","1155","1091","1144","1147","1160","1140","1249","1245","979","887","752","555","388","245","137","87","53","13","2","-"
"Tacuru (MS)","Total","1073","1037","984","1028","854","867","745","758","693","536","555","470","358","283","181","139","146","66","21","10","4"
"Taquarussu (MS)","Total","200","246","258","275","204","237","198","275","298","270","259","245","184","180","108","88","59","21","13","5","2"
"Terenos (MS)","Total","1148","1261","1294","1206","1123","1063","1114","1276","1311","1197","1241","1177","1058","857","568","388","217","103","38","10","2"
"Três Lagoas (MS)","Total","9133","9757","9600","9282","9879","10947","11038","11520","10743","8768","7818","6609","5684","4452","2862","1957","1169","607","244","65","18"
"Vicentina (MS)","Total","392","365","379","426","412","379","389","403","449","433","420","517","430","329","207","176","126","65","33","5","1"
"Acorizal (MT)","Total","302","369","346","323","262","288","333","381","387","324","313","311","306","270","213","145","72","36","21","8","4"
"Água Boa (MT)","Total","2226","2213","2052","2154","2380","2687","2569","2681","2458","1875","1634","1307","1038","780","496","349","173","91","37","15","4"
"Alta Floresta (MT)","Total","4402","4104","3938","4235","4691","5073","4742","4764","4377","3906","3676","3378","2553","1904","1237","763","507","238","101","17","7"
"Alto Araguaia (MT)","Total","1114","1225","1261","1238","1191","1226","1244","1350","1355","1203","1121","1019","838","643","463","325","200","108","48","15","6"
"Alto Boa Vista (MT)","Total","512","544","509","540","478","443","376","468","425","355","256","212","194","140","106","77","40","17","9","9","5"
"Alto Garças (MT)","Total","993","944","928","889","1073","1081","1192","1111","1020","816","715","640","511","433","291","203","112","68","25","6","1"
"Alto Paraguai (MT)","Total","543","548","548","603","477","467","465","569","574","572","588","581","513","373","257","154","106","45","18","4","4"
"Alto Taquari (MT)","Total","899","916","851","833","929","961","988","1010","915","693","520","453","335","258","148","99","56","27","10","1","2"
"Apiacás (MT)","Total","716","710","688","764","664","704","573","635","570","550","551","526","377","256","162","78","39","17","10","-","-"
"Araguaiana (MT)","Total","262","284","250","222","221","285","287","276","289","293","272","261","185","151","118","71","40","18","6","3","1"
"Araguainha (MT)","Total","50","71","68","74","53","39","55","68","78","72","78","79","61","54","45","26","23","8","5","1","2"
"Araputanga (MT)","Total","1077","1025","1014","1108","1105","1063","1019","1171","1203","1062","946","918","685","504","360","252","156","79","27","10","2"
"Arenápolis (MT)","Total","776","760","789","799","787","720","779","813","792","678","641","629","517","386","308","163","133","67","31","6","2"
"Aripuanã (MT)","Total","2181","2149","2037","2019","2136","2214","2048","2098","1907","1578","1310","1074","728","471","319","183","104","42","18","7","3"
"Barão de Melgaço (MT)","Total","442","525","571","559","404","396","459","543","519","510","451","476","430","341","245","171","120","55","22","11","3"
"Barra do Bugres (MT)","Total","2122","2246","2348","2228","2216","2235","2229","2318","2302","2060","1804","1546","1235","942","662","429","274","114","74","15","4"
"Barra do Garças (MT)","Total","4914","5079","4481","5004","5723","5603","5193","5324","5288","4826","4383","3684","3158","2436","1749","1157","683","326","143","37","19"
"Bom Jesus do Araguaia (MT)","Total","608","557","603","564","576","565","544","626","626","514","436","336","230","214","136","77","34","25","6","1","2"
"Brasnorte (MT)","Total","1599","1426","1330","1319","1392","1468","1251","1306","1317","1093","986","783","619","475","302","188","92","39","12","4","3"
"Cáceres (MT)","Total","6611","6692","6647","7117","6974","6422","6377","6887","6851","5950","5536","4792","4151","3182","2320","1507","951","450","204","48","12"
"Campinápolis (MT)","Total","1982","1817","1662","1518","1253","1118","937","952","952","767","638","472","359","265","234","148","87","55","52","37","42"
"Campo Novo do Parecis (MT)","Total","4067","4078","3528","3519","4491","4664","4459","4310","3640","2703","2226","1619","1085","636","423","217","154","55","21","1","3"
"Campo Verde (MT)","Total","3533","3635","3298","3614","3993","3866","3750","3881","3606","2845","2527","1952","1490","1057","681","440","254","111","40","9","3"
"Campos de Júlio (MT)","Total","834","759","746","720","768","828","813","804","669","530","422","375","244","128","97","45","29","5","5","1","-"
"Canabrava do Norte (MT)","Total","402","344","373","323","289","325","334","329","332","302","287","235","194","156","121","63","46","21","5","3","1"
"Canarana (MT)","Total","2352","2258","1946","1909","2025","2311","2206","2241","1954","1540","1337","1143","946","678","457","257","149","87","49","10","3"
"Carlinda (MT)","Total","718","731","684","734","637","733","641","700","726","739","748","715","561","459","320","221","151","75","31","6","2"
"Castanheira (MT)","Total","474","517","536","559","517","506","519","570","621","523","501","493","407","315","190","125","85","30","12","5","1"
"Chapada dos Guimarães (MT)","Total","1296","1410","1391","1297","1190","1202","1208","1464","1466","1226","1226","1181","1099","854","625","419","259","123","34","13","7"
"Cláudia (MT)","Total","686","749","687","675","713","731","585","675","741","725","594","627","508","377","230","137","87","50","12","2","2"
"Cocalinho (MT)","Total","432","445","439","418","404","436","458","480","514","530","433","358","319","220","158","93","57","17","6","2","1"
"Colíder (MT)","Total","2179","2305","1998","2097","2169","2554","2394","2521","2310","2175","2095","1928","1501","1104","829","560","356","205","78","9","3"
"Colniza (MT)","Total","2154","2088","2124","2235","2008","1972","2038","2138","2144","1772","1482","1215","909","667","427","199","127","47","14","4","2"
"Comodoro (MT)","Total","1575","1459","1528","1484","1358","1412","1326","1482","1420","1181","1022","889","716","561","366","220","150","60","20","5","4"
"Confresa (MT)","Total","2994","2968","2610","2808","3058","3362","3046","2893","2762","2223","1808","1461","1126","820","513","358","173","60","25","6","1"
"Conquista D'Oeste (MT)","Total","337","298","302","292","276","289","265","295","266","249","248","172","137","116","98","49","34","30","2","4","1"
"Cotriguaçu (MT)","Total","853","833","912","887","816","785","835","893","894","775","716","643","435","286","223","130","64","24","5","-","2"
"Cuiabá (MT)","Total","43647","46681","44306","45271","49212","52286","54411","56378","54982","44522","39634","34066","29223","22120","14979","9333","5469","2822","1141","309","85"
"Curvelândia (MT)","Total","299","338","343","379","344","279","308","361","404","317","347","321","253","224","140","106","79","42","14","5","-"
"Denise (MT)","Total","537","502","555","582","544","465","472","519","566","559","490","372","285","225","136","104","60","23","12","5","1"
"Diamantino (MT)","Total","1775","1752","1711","1593","1613","1790","1804","1758","1654","1404","1345","1091","894","689","468","282","188","83","30","11","6"
"Dom Aquino (MT)","Total","500","544","563","515","423","433","458","590","564","587","569","523","487","386","294","196","129","76","30","5","-"
"Feliz Natal (MT)","Total","1105","1012","890","934","898","837","799","802","718","613","538","474","378","241","151","59","42","22","7","1","-"
"Figueirópolis D'Oeste (MT)","Total","214","200","205","197","198","192","221","221","244","259","251","181","201","140","111","74","51","23","3","1","-"
"Gaúcha do Norte (MT)","Total","850","866","811","737","652","692","707","745","618","472","396","376","282","180","100","82","44","27","5","-","-"
"General Carneiro (MT)","Total","584","578","527","534","443","417","364","381","392","376","341","298","245","196","141","101","58","35","12","10","4"
"Glória D'Oeste (MT)","Total","177","192","180","173","161","186","179","203","220","236","183","208","171","152","133","75","41","25","8","2","-"
"Guarantã do Norte (MT)","Total","2394","2433","2205","2513","2451","2485","2496","2381","2187","1958","1800","1743","1385","991","696","430","277","145","46","7","1"
"Guiratinga (MT)","Total","600","645","642","696","669","668","668","659","797","800","797","835","711","597","456","339","226","116","30","10","5"
"Indiavaí (MT)","Total","146","154","157","169","134","111","145","174","174","152","148","134","136","101","81","40","34","16","5","2","-"
"Ipiranga do Norte (MT)","Total","704","664","598","597","707","719","713","674","679","461","390","305","231","163","110","55","31","8","5","1","-"
"Itanhangá (MT)","Total","665","601","580","606","590","567","652","606","545","539","406","366","316","246","129","77","28","15","3","1","1"
"Itaúba (MT)","Total","424","423","346","365","357","423","398","386","390","338","279","276","207","150","110","74","46","16","12","-","-"
"Itiquira (MT)","Total","953","1023","1005","922","814","889","907","959","1004","874","724","678","507","370","304","152","87","36","25","1","2"
"Jaciara (MT)","Total","2136","2113","1989","2084","2107","2088","2112","2151","2235","1999","1942","1632","1306","996","694","481","294","143","51","12","4"
"Jangada (MT)","Total","512","554","577","562","489","507","515","567","552","467","448","404","326","313","221","179","131","58","31","6","7"
"Jauru (MT)","Total","548","588","583","651","554","490","522","584","646","601","599","502","418","336","286","204","143","71","30","7","4"
"Juara (MT)","Total","2788","2741","2549","2569","2449","2797","2862","2886","2644","2316","2150","1906","1554","1052","719","418","320","137","40","9","-"
"Juína (MT)","Total","3540","3432","3266","3426","3487","3758","3619","3505","3508","3124","2918","2487","1974","1387","1053","725","370","189","73","23","5"
"Juruena (MT)","Total","810","807","817","845","782","763","814","864","785","659","593","510","428","299","201","129","58","31","16","2","-"
"Juscimeira (MT)","Total","745","835","796","706","603","635","686","790","884","929","922","828","642","528","362","277","189","82","29","7","5"
"Lambari D'Oeste (MT)","Total","419","351","335","339","350","355","331","380","371","316","298","289","214","175","110","78","41","20","16","2","-"
"Lucas do Rio Verde (MT)","Total","7070","7317","6083","6295","7807","8894","8916","8231","6581","4805","3746","2913","2063","1306","817","521","247","126","46","10","4"
"Luciara (MT)","Total","221","190","190","212","184","159","178","201","176","163","147","134","113","101","57","37","20","21","3","1","1"
"Vila Bela da Santíssima Trindade (MT)","Total","1487","1480","1473","1400","1174","1203","1259","1395","1308","1065","957","801","630","450","313","180","123","43","26","6","1"
"Marcelândia (MT)","Total","943","970","923","920","830","902","814","849","801","778","712","598","487","351","230","143","93","36","15","1","-"
"Matupá (MT)","Total","1725","1672","1438","1491","1662","1770","1640","1690","1467","1221","1184","1001","774","550","356","238","126","64","18","4","-"
"Mirassol d'Oeste (MT)","Total","1877","1870","1875","1916","1946","1996","2006","2162","2162","1937","1755","1528","1247","962","664","407","295","126","40","10","4"
"Nobres (MT)","Total","1233","1251","1140","1200","1049","1148","1141","1319","1179","1010","853","802","661","582","392","243","149","96","32","10","2"
"Nortelândia (MT)","Total","417","420","388","421","372","432","442","411","411","401","421","425","327","241","166","121","67","48","16","8","1"
"Nossa Senhora do Livramento (MT)","Total","799","959","941","802","660","727","822","858","907","910","929","911","829","679","507","333","195","111","46","11","4"
"Nova Bandeirantes (MT)","Total","1051","1026","966","921","872","1099","1096","1063","1064","1018","991","859","619","412","269","146","109","39","14","1","-"
"Nova Nazaré (MT)","Total","511","458","430","409","298","283","300","286","265","216","163","162","147","108","54","38","25","24","15","7","1"
"Nova Lacerda (MT)","Total","530","569","546","546","446","439","482","562","501","496","440","349","274","185","156","76","47","17","7","1","1"
"Nova Santa Helena (MT)","Total","358","363","307","302","274","357","313","323","283","273","280","240","183","135","121","71","35","12","6","2","1"
"Nova Brasilândia (MT)","Total","244","257","264","293","216","182","227","312","327","337","245","277","302","164","123","91","34","22","9","4","2"
"Nova Canaã do Norte (MT)","Total","880","824","826","852","738","891","828","928","854","849","812","703","554","431","330","196","112","61","28","10","-"
"Nova Mutum (MT)","Total","5004","4752","4196","4356","5233","5812","5669","5384","4319","3208","2366","1922","1452","939","574","338","192","94","22","7","-"
"Nova Olímpia (MT)","Total","1256","1320","1238","1334","1374","1189","1175","1198","1238","1214","1059","941","645","499","292","214","97","45","17","6","1"
"Nova Ubiratã (MT)","Total","1125","1025","940","950","945","1009","1026","930","875","704","596","506","374","245","143","75","40","15","5","1","1"
"Nova Xavantina (MT)","Total","1615","1650","1471","1588","1920","1890","1940","2007","2067","1759","1656","1332","1130","835","654","377","256","126","54","13","5"
"Novo Mundo (MT)","Total","565","549","482","454","457","506","502","459","430","404","425","431","322","236","158","78","37","19","4","2","-"
"Novo Horizonte do Norte (MT)","Total","187","229","202","194","168","214","237","206","219","245","309","254","230","160","107","85","58","32","11","2","-"
"Novo São Joaquim (MT)","Total","554","520","491","449","428","485","484","575","564","507","474","432","337","231","171","111","63","32","6","3","2"
"Paranaíta (MT)","Total","852","817","802","898","771","839","816","868","840","828","834","791","624","432","288","182","117","58","13","1","-"
"Paranatinga (MT)","Total","2269","2119","2027","2020","2097","2094","2049","2244","2178","1763","1577","1244","949","654","459","316","207","99","44","8","6"
"Novo Santo Antônio (MT)","Total","150","144","148","167","128","141","149","154","153","148","128","119","103","75","42","25","20","13","7","1","-"
"Pedra Preta (MT)","Total","1254","1365","1302","1344","1307","1313","1274","1407","1363","1370","1186","1010","868","656","440","277","197","88","31","11","3"
"Peixoto de Azevedo (MT)","Total","2805","2790","2501","2551","2610","2564","2571","2627","2442","1802","2014","1768","1456","957","582","355","207","76","29","4","3"
"Planalto da Serra (MT)","Total","263","264","239","251","206","199","214","237","230","236","198","170","138","119","100","48","32","12","6","1","3"
"Poconé (MT)","Total","2234","2318","2469","2268","2025","2026","2357","2472","2472","1990","1968","1796","1550","1171","828","597","387","174","78","27","10"
"Pontal do Araguaia (MT)","Total","476","459","459","485","531","525","478","499","598","534","512","410","307","251","184","110","75","28","5","5","1"
"Ponte Branca (MT)","Total","132","137","108","118","98","132","107","128","157","146","148","145","136","120","76","59","35","21","5","-","-"
"Pontes e Lacerda (MT)","Total","4167","4030","3648","4003","4247","4441","4452","4433","4192","3356","3046","2528","1968","1387","921","577","361","185","53","19","4"
"Porto Alegre do Norte (MT)","Total","1057","1030","960","984","813","890","886","964","908","844","675","608","470","386","280","192","94","55","25","5","1"
"Porto dos Gaúchos (MT)","Total","402","436","385","384","399","416","445","468","429","376","341","336","254","220","134","76","56","23","11","2","-"
"Porto Esperidião (MT)","Total","812","771","786","803","781","719","673","758","795","693","666","562","473","371","217","152","97","55","12","5","3"
"Porto Estrela (MT)","Total","209","225","240","253","160","152","197","226","245","249","193","199","226","151","116","90","53","21","12","5","2"
"Poxoréu (MT)","Total","1808","1881","1793","1558","1360","1472","1570","1641","1513","1565","1600","1478","1268","1109","732","436","285","126","62","22","4"
"Primavera do Leste (MT)","Total","7060","6915","6107","6360","7691","8477","8007","7878","6742","5427","4331","3480","2530","1728","1123","630","384","192","64","19","1"
"Querência (MT)","Total","2510","2220","2146","2275","2536","2871","2540","2460","1984","1459","1130","951","656","456","263","176","90","35","8","3","-"
"São José dos Quatro Marcos (MT)","Total","1111","1181","1119","1146","1107","1158","1205","1321","1469","1298","1281","1197","1017","842","567","390","252","126","51","8","3"
"Reserva do Cabaçal (MT)","Total","156","138","182","151","123","134","132","158","137","175","169","145","87","82","55","48","25","18","4","2","1"
"Ribeirão Cascalheira (MT)","Total","837","834","802","744","714","745","735","815","775","713","592","511","431","332","215","133","89","46","20","6","-"
"Ribeirãozinho (MT)","Total","182","208","162","164","187","173","152","187","232","218","171","154","109","116","78","48","29","9","10","2","2"
"Rio Branco (MT)","Total","334","297","308","290","321","262","334","349","337","344","301","274","235","209","114","91","73","44","14","4","-"
"Santa Carmem (MT)","Total","489","452","398","443","427","445","401","450","396","324","299","242","222","139","120","62","37","17","7","4","-"
"Santo Afonso (MT)","Total","183","205","172","165","138","185","174","188","158","181","192","177","115","103","71","52","34","23","-","3","-"
"São José do Povo (MT)","Total","140","155","200","148","117","126","137","152","216","246","230","256","209","163","156","108","66","33","14","2","1"
"São José do Rio Claro (MT)","Total","1156","1185","1132","1110","1066","1120","1062","1199","1166","1101","935","836","648","467","334","206","117","52","18","1","-"
"São José do Xingu (MT)","Total","604","578","493","526","482","500","490","498","456","368","289","238","161","115","74","48","26","13","3","2","-"
"São Pedro da Cipa (MT)","Total","298","362","344","323","270","281","257","307","338","299","280","242","195","142","108","73","40","24","5","3","-"
"Rondolândia (MT)","Total","335","341","327","310","276","272","285","256","232","205","156","149","120","81","65","42","29","14","8","2","-"
"Rondonópolis (MT)","Total","18064","18588","17653","17327","19273","20705","20297","20416","19599","16897","14837","12436","9686","7285","5052","3305","1962","1017","392","90","30"
"Rosário Oeste (MT)","Total","1045","1079","1057","1076","880","986","946","1078","1179","1073","1056","1003","877","731","544","381","258","132","49","12","11"
"Santa Cruz do Xingu (MT)","Total","241","226","222","205","202","219","224","211","205","163","154","130","110","83","42","14","6","4","-","-","-"
"Salto do Céu (MT)","Total","233","250","254","241","223","224","263","262","296","286","273","223","192","159","105","95","62","21","11","5","1"
"Santa Rita do Trivelato (MT)","Total","303","344","291","197","202","297","321","313","254","191","142","129","102","72","60","31","16","7","4","-","-"
"Santa Terezinha (MT)","Total","732","757","670","610","519","552","498","542","541","502","410","355","285","250","158","106","63","34","10","1","1"
"Santo Antônio do Leste (MT)","Total","430","419","359","337","339","319","319","325","287","273","217","178","117","74","47","32","19","4","2","-","2"
"Santo Antônio de Leverger (MT)","Total","1105","1254","1078","1081","995","932","1020","1060","1208","987","1136","861","860","594","474","300","159","82","35","16","9"
"São Félix do Araguaia (MT)","Total","1040","1043","1021","967","1048","1172","1077","1099","1060","930","809","691","564","421","317","171","105","57","25","2","2"
"Sapezal (MT)","Total","2567","2491","2200","2208","2949","3239","3017","2783","2323","1757","1228","877","557","340","191","121","66","22","6","2","-"
"Serra Nova Dourada (MT)","Total","122","164","127","119","95","120","124","142","148","155","130","116","86","59","33","28","22","7","3","-","-"
"Sinop (MT)","Total","16004","15209","13459","14511","19102","19500","18219","16944","15329","12155","10299","8568","6332","4412","2813","1757","1036","433","189","34","7"
"Sorriso (MT)","Total","9882","9234","8177","8548","10263","11071","10499","9826","8437","6400","5390","4416","3319","2290","1370","738","456","215","85","17","2"
"Tabaporã (MT)","Total","842","888","775","681","707","830","844","761","738","633","610","498","374","254","178","118","56","19","6","5","1"
"Tangará da Serra (MT)","Total","8041","7636","7487","7943","9117","9496","8712","8828","8109","6968","6351","5454","4379","3105","2022","1327","796","453","156","48","6"
"Tapurah (MT)","Total","1272","1207","1064","1095","1274","1342","1361","1277","1050","841","720","611","504","317","194","113","85","29","10","4","-"
"Terra Nova do Norte (MT)","Total","817","784","700","708","762","779","707","726","726","645","721","712","634","427","297","243","130","63","27","7","1"
"Tesouro (MT)","Total","202","229","201","183","151","179","181","192","211","200","216","248","217","153","98","76","45","29","13","-","1"
"Torixoréu (MT)","Total","212","233","253","252","242","253","271","290","299","295","327","328","284","227","150","105","81","39","17","6","-"
"União do Sul (MT)","Total","344","320","322","309","280","293","271","279","276","251","227","260","153","116","67","35","18","13","3","1","-"
"Vale de São Domingos (MT)","Total","195","194","234","161","154","173","183","215","243","246","191","192","155","130","99","67","44","18","7","2","1"
"Várzea Grande (MT)","Total","23069","23934","21813","22626","23551","24427","24768","25102","24561","20411","17489","14583","11650","8844","5916","3619","2104","1011","436","124","40"
"Vera (MT)","Total","1119","1099","964","990","1061","1085","981","969","939","787","749","650","545","351","235","122","90","45","15","1","3"
"Vila Rica (MT)","Total","1613","1543","1534","1667","1663","1622","1497","1547","1539","1385","1177","986","752","546","354","247","126","68","19","2","1"
"Nova Guarita (MT)","Total","315","313","312","301","342","340","336","317","360","309","317","307","256","190","113","87","41","26","8","-","-"
"Nova Marilândia (MT)","Total","282","301","278","273","252","295","306","246","241","247","205","180","143","99","75","59","25","13","7","2","-"
"Nova Maringá (MT)","Total","554","485","445","439","519","484","447","457","432","385","363","301","221","154","79","41","26","11","2","1","-"
"Nova Monte Verde (MT)","Total","667","611","597","552","611","663","632","744","642","531","526","460","386","280","195","107","68","33","5","3","-"
"Abadia de Goiás (GO)","Total","1590","1619","1601","1434","1449","1521","1645","1659","1509","1225","1097","866","651","522","336","195","114","60","23","10","2"
"Abadiânia (GO)","Total","1171","1228","1198","1184","1292","1199","1127","1236","1278","1227","1206","1072","910","711","509","323","217","90","43","7","4"
"Acreúna (GO)","Total","1384","1497","1448","1627","1569","1552","1538","1703","1702","1598","1476","1309","1056","771","593","376","204","115","37","7","6"
"Adelândia (GO)","Total","113","135","131","133","121","121","138","166","159","162","177","182","178","132","89","83","38","27","8","4","-"
"Água Fria de Goiás (GO)","Total","324","365","350","361","334","379","321","423","381","314","329","302","271","179","133","101","53","20","10","4","-"
"Água Limpa (GO)","Total","99","126","101","106","113","115","109","107","115","137","149","140","127","93","96","59","35","20","8","3","-"
"Águas Lindas de Goiás (GO)","Total","18636","19933","18711","19651","20583","19778","18932","19200","18599","15299","12667","8903","5823","3771","2423","1368","874","348","144","36","14"
"Alexânia (GO)","Total","1923","1980","1886","2152","2209","1992","1738","1987","2174","1850","1671","1494","1293","974","700","474","282","141","64","15","9"
"Aloândia (GO)","Total","102","104","96","115","119","124","111","108","158","128","162","136","130","123","102","59","53","26","14","2","1"
"Alto Horizonte (GO)","Total","457","460","441","473","447","461","541","523","502","418","420","269","213","177","133","62","46","14","9","5","1"
"Alto Paraíso de Goiás (GO)","Total","836","804","734","746","789","830","947","988","861","667","522","489","376","285","190","116","77","33","11","3","2"
"Alvorada do Norte (GO)","Total","598","610","662","712","635","568","598","736","694","569","528","408","413","284","169","120","88","32","18","4","-"
"Amaralina (GO)","Total","153","213","206","225","175","174","213","215","237","251","268","309","226","169","89","62","53","22","5","3","-"
"Americano do Brasil (GO)","Total","279","258","315","345","381","297","331","351","429","414","411","410","313","241","205","128","82","44","22","2","1"
"Amorinópolis (GO)","Total","130","147","154","163","157","162","158","160","200","225","258","271","239","185","159","109","74","39","15","2","-"
"Anápolis (GO)","Total","26023","27756","26383","28429","32776","32626","32079","31156","31369","27122","24668","21993","18664","14130","9908","6386","4194","2081","858","223","45"
"Anhanguera (GO)","Total","43","49","59","56","52","42","62","57","74","77","54","78","57","62","49","32","13","6","2","-","-"
"Anicuns (GO)","Total","1038","1071","1078","1178","1154","1199","1296","1324","1479","1387","1397","1345","1136","895","648","407","253","145","48","20","5"
"Aparecida de Goiânia (GO)","Total","34842","38839","36475","39372","44884","46468","46842","46691","44635","36555","31493","25266","20289","14219","9585","5593","3316","1637","602","158","35"
"Aparecida do Rio Doce (GO)","Total","193","172","198","229","221","187","201","222","240","222","189","192","123","117","77","69","38","9","4","3","1"
"Aporé (GO)","Total","308","342","329","307","293","328","322","353","311","290","290","266","192","149","117","57","40","20","8","1","2"
"Araçu (GO)","Total","183","212","220","213","237","253","242","245","289","288","309","316","217","175","169","97","86","37","9","2","-"
"Aragarças (GO)","Total","1107","1234","1197","1327","1368","1352","1253","1323","1438","1375","1328","1123","897","746","551","365","215","122","46","19","4"
"Aragoiânia (GO)","Total","767","794","784","807","824","843","899","926","938","857","793","738","642","502","346","211","133","55","25","6","-"
"Araguapaz (GO)","Total","409","454","429","513","458","406","464","539","618","565","581","453","420","335","219","132","82","46","19","7","4"
"Arenópolis (GO)","Total","154","181","157","161","135","159","167","173","233","211","274","240","215","175","123","84","59","27","14","3","1"
"Aruanã (GO)","Total","517","622","615","651","513","576","567","697","710","582","561","510","386","357","209","110","61","34","12","9","1"
"Aurilândia (GO)","Total","155","152","179","171","145","177","191","205","237","242","229","290","269","211","151","138","73","44","19","5","1"
"Avelinópolis (GO)","Total","139","155","167","184","164","144","205","225","242","200","190","192","203","149","132","82","53","26","13","3","-"
"Baliza (GO)","Total","210","183","242","203","146","181","200","234","242","282","279","283","235","176","120","73","34","21","7","-","-"
"Barro Alto (GO)","Total","749","753","768","823","811","762","802","850","846","679","626","576","454","335","224","142","102","47","15","4","3"
"Bela Vista de Goiás (GO)","Total","2040","2230","2265","2332","2497","2540","2571","2765","2743","2286","2208","2129","1874","1440","1047","688","412","246","96","29","7"
"Bom Jardim de Goiás (GO)","Total","422","417","473","469","458","480","476","540","589","600","618","580","486","414","329","221","154","60","30","9","1"
"Bom Jesus de Goiás (GO)","Total","1603","1703","1641","1796","1942","1890","1930","1954","1847","1711","1519","1372","1062","758","528","343","198","104","42","13","2"
"Bonfinópolis (GO)","Total","648","703","716","764","812","734","739","782","823","781","673","601","529","377","252","190","110","37","19","4","2"
"Bonópolis (GO)","Total","219","206","254","256","215","216","229","268","265","266","197","174","163","135","100","71","35","18","7","4","1"
"Brazabrantes (GO)","Total","216","267","239","261","254","225","335","356","307","265","269","281","236","188","114","93","45","28","9","2","2"
"Britânia (GO)","Total","361","383","367","409","366","355","354","436","474","441","402","365","315","243","178","124","70","36","11","5","-"
"Buriti Alegre (GO)","Total","641","616","650","666","722","700","740","756","788","782","790","665","565","396","376","263","206","126","35","7","5"
"Buriti de Goiás (GO)","Total","145","164","159","152","163","163","182","190","202","192","215","215","187","138","116","75","43","20","8","1","2"
"Buritinópolis (GO)","Total","227","205","232","232","196","206","236","260","250","208","213","175","153","123","97","73","35","16","4","4","-"
"Cabeceiras (GO)","Total","507","547","553","606","630","541","528","609","597","497","486","420","357","261","176","115","74","39","15","2","-"
"Cachoeira Alta (GO)","Total","724","796","767","798","811","873","927","865","889","757","790","694","554","438","330","236","157","66","31","8","2"
"Cachoeira de Goiás (GO)","Total","64","75","88","92","80","67","86","93","110","113","116","120","94","62","60","48","17","15","3","2","-"
"Cachoeira Dourada (GO)","Total","415","519","447","472","430","475","551","548","579","589","566","600","481","384","301","184","141","62","31","6","1"
"Caçu (GO)","Total","822","860","842","972","888","950","949","1091","1040","999","921","913","703","599","477","335","223","126","50","8","6"
"Caiapônia (GO)","Total","972","944","999","1019","1075","1136","1102","1199","1189","1280","1230","1178","999","794","579","407","252","103","44","6","6"
"Caldas Novas (GO)","Total","6384","6926","7088","7319","7746","7928","7955","8075","7938","6795","6109","5210","4271","3242","2470","1544","943","436","184","51","8"
"Caldazinha (GO)","Total","234","329","308","342","271","286","289","311","382","348","301","291","279","186","163","106","42","26","8","4","1"
"Campestre de Goiás (GO)","Total","248","275","232","236","266","252","268","252","283","278","295","241","188","142","114","89","58","21","15","2","-"
"Campinaçu (GO)","Total","219","251","255","241","235","221","233","269","283","298","270","282","199","160","124","80","47","28","11","2","-"
"Campinorte (GO)","Total","892","887","814","884","917","937","934","1014","1002","923","805","674","586","456","318","227","146","69","20","4","1"
"Campo Alegre de Goiás (GO)","Total","484","539","559","542","524","532","520","677","615","561","449","386","324","302","173","103","78","38","9","6","1"
"Campo Limpo de Goiás (GO)","Total","630","642","686","618","653","640","621","572","581","529","520","394","307","255","192","121","73","30","13","3","1"
"Campos Belos (GO)","Total","1245","1391","1384","1526","1337","1275","1316","1532","1552","1286","1023","887","752","626","384","271","176","92","36","13","4"
"Campos Verdes (GO)","Total","255","247","274","270","236","237","227","256","287","309","278","303","277","201","155","102","59","17","11","3","1"
"Carmo do Rio Verde (GO)","Total","556","594","560","649","715","659","674","657","766","739","750","606","557","437","344","219","124","61","35","7","1"
"Castelândia (GO)","Total","175","167","182","215","196","190","202","184","229","254","222","231","160","140","99","71","36","17","12","2","1"
"Catalão (GO)","Total","6865","7630","7329","7982","9180","9158","9570","9923","9938","8053","7037","6183","5115","3922","2937","1685","1124","544","188","52","12"
"Caturaí (GO)","Total","278","334","364","350","328","339","354","362","426","391","365","380","289","248","184","76","64","35","13","4","-"
"Cavalcante (GO)","Total","732","812","812","829","651","656","661","713","700","604","511","507","431","344","266","160","99","57","28","6","4"
"Ceres (GO)","Total","1254","1336","1245","1407","1538","1615","1629","1583","1663","1663","1560","1483","1279","1047","709","498","296","154","67","16","4"
"Cezarina (GO)","Total","484","519","526","425","510","541","523","627","641","670","562","584","463","366","290","186","109","42","18","3","1"
"Chapadão do Céu (GO)","Total","1156","1087","1032","972","1033","1227","1308","1272","1072","819","611","491","330","222","116","71","31","16","2","1","1"
"Cidade Ocidental (GO)","Total","7255","7781","7204","7646","8093","7844","7959","8120","7900","5970","4747","3634","2913","2022","1311","667","417","182","72","27","3"
"Cocalzinho de Goiás (GO)","Total","1668","1907","1720","1889","1907","1806","1814","2099","2098","1801","1544","1299","1227","858","650","374","214","95","30","13","3"
"Colinas do Sul (GO)","Total","292","316","331","264","280","277","294","275","295","272","274","229","202","166","99","77","50","22","14","-","1"
"Córrego do Ouro (GO)","Total","123","135","112","146","122","128","139","141","167","192","234","197","157","164","132","80","60","17","7","1","-"
"Corumbá de Goiás (GO)","Total","625","653","744","832","765","679","683","751","821","756","695","648","546","499","351","254","154","70","29","6","1"
"Corumbaíba (GO)","Total","544","592","627","588","637","676","661","653","678","649","685","604","477","374","292","203","131","60","22","7","4"
"Cristalina (GO)","Total","5155","5152","4627","5028","5282","5365","5119","5060","4891","4075","3410","2797","2214","1714","1080","661","409","206","79","10","3"
"Cristianópolis (GO)","Total","194","186","226","226","205","211","222","297","292","256","251","228","195","182","104","109","76","28","10","6","-"
"Crixás (GO)","Total","1100","1157","1144","1106","1109","1310","1294","1335","1363","1320","1259","1075","776","601","453","319","198","101","35","9","1"
"Cromínia (GO)","Total","196","235","243","258","233","218","226","255","280","275","272","302","237","208","186","127","77","42","11","2","-"
"Cumari (GO)","Total","146","190","169","163","156","179","168","194","227","213","207","182","218","146","136","117","72","30","8","4","2"
"Damianópolis (GO)","Total","232","263","264","288","237","263","266","309","341","286","216","200","165","164","126","71","48","19","6","5","1"
"Damolândia (GO)","Total","118","144","153","151","151","189","189","213","200","183","192","239","218","157","104","64","36","12","9","2","-"
"Davinópolis (GO)","Total","92","111","133","126","95","120","113","128","157","123","143","135","119","101","98","47","36","19","5","1","-"
"Diorama (GO)","Total","116","109","109","125","97","117","100","114","151","170","186","161","141","115","96","79","37","24","12","2","1"
"Doverlândia (GO)","Total","432","433","408","433","434","484","484","451","552","571","540","467","399","304","233","160","115","42","12","1","1"
"Edealina (GO)","Total","226","225","251","259","244","246","235","300","304","303","301","292","226","200","149","105","78","34","17","5","1"
"Edéia (GO)","Total","757","798","711","748","889","918","819","833","953","883","816","687","618","443","359","227","171","70","36","8","3"
"Estrela do Norte (GO)","Total","193","209","206","204","234","233","213","215","207","225","224","223","189","159","132","72","41","20","6","-","-"
"Faina (GO)","Total","361","420","408","437","400","374","425","477","558","586","619","531","459","382","270","188","96","54","20","4","1"
"Fazenda Nova (GO)","Total","272","325","335","347","342","312","307","361","442","444","469","535","452","326","258","165","110","47","22","6","-"
"Firminópolis (GO)","Total","598","589","587","632","611","676","643","718","711","756","810","757","639","555","437","330","199","113","46","9","3"
"Flores de Goiás (GO)","Total","986","974","963","1227","1076","911","933","1122","1149","853","856","827","718","492","314","157","118","46","13","6","3"
"Formosa (GO)","Total","8087","8671","8116","9313","10036","9545","9205","9787","9684","7712","6728","5662","4667","3335","2291","1431","906","440","223","49","13"
"Formoso (GO)","Total","279","259","303","301","282","274","257","302","351","358","361","354","318","223","181","108","86","37","17","7","2"
"Gameleira de Goiás (GO)","Total","211","224","235","241","206","215","213","236","296","270","237","237","218","177","102","64","40","23","9","2","-"
"Divinópolis de Goiás (GO)","Total","269","296","318","357","325","261","282","337","349","327","291","271","237","182","120","117","66","39","6","5","2"
"Goianápolis (GO)","Total","957","1037","949","964","1111","1053","1073","1183","1170","901","945","801","642","434","334","206","128","54","23","2","-"
"Goiandira (GO)","Total","231","267","299","320","309","299","265","346","392","393","357","355","309","261","241","158","100","52","17","2","-"
"Goianésia (GO)","Total","4814","4966","4895","5381","6155","5974","5949","5686","5807","5273","4802","3943","3284","2611","1728","1110","775","336","154","57","7"
"Goiânia (GO)","Total","83676","89501","85964","94233","113359","120411","118931","122169","120930","101125","90684","79870","68785","53713","39557","25381","16036","8393","3555","922","171"
"Goianira (GO)","Total","5355","6129","5710","5403","5469","5616","6539","6995","6499","4915","3775","3006","2428","1719","1088","646","377","168","58","19","2"
"Goiás (GO)","Total","1178","1298","1408","1466","1543","1367","1561","1724","1892","1807","1867","1866","1603","1255","888","634","374","210","92","36","2"
"Goiatuba (GO)","Total","2000","2213","2253","2461","2608","2643","2624","2757","2759","2608","2471","2216","1814","1446","1098","799","519","244","102","21","8"
"Gouvelândia (GO)","Total","275","311","324","293","251","277","291","326","365","298","308","276","246","178","163","87","80","26","12","3","-"
"Guapó (GO)","Total","1346","1465","1479","1383","1478","1519","1438","1417","1570","1427","1293","1005","851","684","549","323","185","87","35","8","3"
"Guaraíta (GO)","Total","95","108","120","123","107","90","130","135","145","184","212","222","176","113","105","67","34","19","2","-","1"
"Guarani de Goiás (GO)","Total","237","296","294","322","245","228","250","302","324","285","251","264","245","195","160","96","46","34","10","1","-"
"Guarinos (GO)","Total","101","125","126","130","95","128","111","161","162","157","192","197","137","115","91","65","43","14","10","1","-"
"Heitoraí (GO)","Total","175","178","191","217","169","190","193","248","249","247","279","270","235","187","119","102","62","33","9","1","-"
"Hidrolândia (GO)","Total","1843","2063","1976","2030","2101","2003","2249","2254","2195","1873","1650","1516","1284","1036","727","487","270","116","48","19","2"
"Hidrolina (GO)","Total","168","210","205","209","217","194","220","218","250","297","267","248","242","200","144","121","80","35","18","2","-"
"Iaciara (GO)","Total","737","811","854","1051","820","655","679","801","852","697","608","519","484","375","280","159","109","64","15","12","2"
"Inaciolândia (GO)","Total","353","385","427","441","405","383","408","461","474","451","409","389","261","227","204","142","87","27","15","5","-"
"Indiara (GO)","Total","1029","1166","1162","1130","1286","1305","1450","1383","1358","1193","1169","990","819","592","441","277","187","90","24","9","1"
"Inhumas (GO)","Total","3025","3228","3176","3466","3742","3864","3842","4058","4116","3742","3618","3408","2843","2230","1582","1075","667","362","133","21","6"
"Ipameri (GO)","Total","1503","1585","1599","1824","1891","1824","1798","1817","1881","1805","1704","1665","1497","1110","792","580","374","199","78","16","6"
"Ipiranga de Goiás (GO)","Total","141","154","179","153","201","147","166","189","189","217","246","282","193","159","117","68","67","30","15","4","2"
"Iporá (GO)","Total","2053","2199","2033","2258","2292","2520","2568","2577","2633","2534","2605","2492","2034","1689","1256","884","609","296","109","29","14"
"Israelândia (GO)","Total","108","134","115","142","149","138","149","176","193","211","224","213","170","150","120","92","42","26","6","1","1"
"Itaberaí (GO)","Total","2999","3172","2937","3075","3691","3717","3593","3657","3464","3053","2767","2482","2098","1572","1118","636","408","186","81","22","6"
"Itaguari (GO)","Total","257","280","302","329","362","391","360","390","386","349","384","299","246","240","165","114","71","30","7","1","-"
"Itaguaru (GO)","Total","228","261","212","280","270","244","290","317","413","368","407","403","388","275","231","154","96","50","15","2","-"
"Itajá (GO)","Total","256","251","282","299","272","286","285","327","320","299","342","307","234","182","165","133","83","34","15","8","-"
"Itapaci (GO)","Total","1386","1413","1470","1510","1564","1574","1529","1652","1610","1585","1381","1249","1000","781","569","398","239","102","50","15","10"
"Itapirapuã (GO)","Total","444","497","465","499","523","517","494","530","588","596","646","638","511","360","275","191","128","59","35","10","1"
"Itapuranga (GO)","Total","1368","1443","1491","1573","1539","1707","1785","1862","2067","1992","2005","1891","1596","1386","1045","624","441","195","72","25","6"
"Itarumã (GO)","Total","388","428","398","423","367","375","431","474","449","424","486","393","360","232","198","132","79","41","18","3","2"
"Itauçu (GO)","Total","393","423","429","440","489","501","519","536","568","578","599","572","528","406","308","224","126","54","24","17","2"
"Itumbiara (GO)","Total","6788","7143","6899","7068","7832","8220","8268","8291","8665","7828","7133","6578","5432","4239","3123","2061","1381","679","270","62","10"
"Ivolândia (GO)","Total","145","149","166","148","138","156","155","171","193","199","208","248","193","158","120","79","36","20","10","-","1"
"Jandaia (GO)","Total","339","337","369","376","354","371","384","373","491","486","514","472","422","329","252","177","131","67","22","6","-"
"Jaraguá (GO)","Total","2825","2943","3066","3449","3498","3285","3272","3599","3557","3293","3048","2733","2200","1682","1130","783","470","257","104","25","4"
"Jataí (GO)","Total","6870","7407","7168","7732","8963","8667","8570","8477","8374","7151","6368","5382","4380","3451","2750","1790","1198","652","290","71","18"
"Jaupaci (GO)","Total","151","145","174","176","193","168","142","177","202","251","235","208","226","167","125","71","56","37","14","4","2"
"Jesúpolis (GO)","Total","124","145","155","133","115","110","123","121","148","178","157","166","129","103","99","60","33","15","8","-","1"
"Joviânia (GO)","Total","448","443","432","459","540","557","556","491","511","525","505","442","408","304","248","122","102","46","13","3","4"
"Jussara (GO)","Total","1157","1220","1233","1215","1240","1327","1313","1451","1565","1571","1509","1363","1031","882","617","434","260","149","60","15","8"
"Lagoa Santa (GO)","Total","107","108","87","91","84","110","105","107","101","89","105","102","74","44","41","17","13","2","3","-","-"
"Leopoldo de Bulhões (GO)","Total","547","564","599","555","562","580","601","654","679","613","627","593","550","392","288","169","111","45","13","2","1"
"Luziânia (GO)","Total","15848","16734","16094","17708","17746","17239","16537","16784","16851","14327","12447","9650","7517","5337","3702","2201","1385","665","259","80","18"
"Mairipotaba (GO)","Total","114","143","148","154","117","153","165","160","192","164","211","213","202","168","94","89","39","26","7","1","1"
"Mambaí (GO)","Total","723","660","624","630","645","695","662","668","627","467","440","409","287","196","151","118","67","34","15","4","2"
"Mara Rosa (GO)","Total","687","650","656","720","717","722","715","738","803","818","734","727","634","484","352","245","162","95","34","6","1"
"Marzagão (GO)","Total","185","195","193","227","227","225","196","209","198","192","147","134","134","101","89","48","30","19","6","3","-"
"Matrinchã (GO)","Total","230","247","226","293","261","225","279","301","325","308","280","295","248","184","150","100","61","20","8","1","-"
"Maurilândia (GO)","Total","692","785","770","774","757","785","824","815","786","737","640","564","407","334","275","158","125","52","17","4","3"
"Mimoso de Goiás (GO)","Total","163","190","166","198","151","130","159","197","219","186","173","191","145","139","89","61","36","13","5","1","2"
"Minaçu (GO)","Total","1690","1769","1820","1918","1744","1697","1724","1923","2234","2180","1978","1756","1476","1192","874","540","337","151","53","12","7"
"Mineiros (GO)","Total","5069","5452","4944","5114","5883","6327","6385","6058","5422","4334","3708","3284","2635","2012","1374","943","598","350","132","44","13"
"Moiporá (GO)","Total","78","97","90","88","80","92","97","99","131","107","141","153","132","92","76","60","36","28","6","2","-"
"Monte Alegre de Goiás (GO)","Total","543","577","581","566","404","397","424","468","450","406","381","409","336","270","172","132","96","46","21","7","6"
"Montes Claros de Goiás (GO)","Total","529","544","549","517","577","629","641","608","717","679","674","570","479","362","262","182","149","64","21","2","1"
"Montividiu (GO)","Total","910","920","867","987","1008","1114","1036","1077","917","880","766","628","524","359","258","125","80","39","21","5","-"
"Montividiu do Norte (GO)","Total","236","257","220","252","246","219","213","255","277","319","294","274","239","179","126","90","46","31","3","3","-"
"Morrinhos (GO)","Total","3118","3335","3120","3501","3793","4064","3881","3986","3928","3688","3388","3002","2543","2075","1625","1087","704","330","131","34","18"
"Morro Agudo de Goiás (GO)","Total","126","161","154","150","135","138","130","172","178","204","180","185","173","137","85","78","48","12","9","-","1"
"Mossâmedes (GO)","Total","241","240","263","287","273","298","305","297","334","361","368","366","308","251","184","136","92","36","10","4","-"
"Mozarlândia (GO)","Total","1079","1123","991","1089","1200","1182","1104","1209","1210","1023","937","773","594","456","317","241","121","72","23","5","1"
"Mundo Novo (GO)","Total","339","404","386","457","435","407","357","480","486","511","439","430","344","292","192","111","66","34","12","6","1"
"Mutunópolis (GO)","Total","209","217","210","235","219","201","225","230","292","298","292","275","204","163","131","77","44","29","8","4","1"
"Nazário (GO)","Total","511","569","511","549","521","578","568","596","645","612","563","503","467","339","288","179","109","60","17","1","3"
"Nerópolis (GO)","Total","2284","2337","2236","2457","2585","2494","2542","2605","2517","2248","1911","1692","1353","994","690","451","306","153","60","15","2"
"Niquelândia (GO)","Total","1938","2039","2402","2437","2313","2055","2302","2668","2852","2612","2481","2443","2121","1572","1121","747","489","228","115","24","5"
"Nova América (GO)","Total","126","152","138","154","138","147","132","138","175","188","180","184","162","111","86","63","35","18","10","-","-"
"Nova Aurora (GO)","Total","105","117","136","146","122","113","139","127","150","159","152","140","140","122","90","62","41","22","15","3","-"
"Nova Crixás (GO)","Total","941","884","845","870","869","1049","972","1040","1093","927","841","747","556","423","335","202","138","48","27","6","2"
"Nova Glória (GO)","Total","406","480","474","551","501","528","473","510","599","611","629","651","558","455","318","238","195","78","41","12","2"
"Nova Iguaçu de Goiás (GO)","Total","194","223","219","181","191","185","188","247","237","202","209","198","189","113","105","59","44","19","3","3","1"
"Nova Roma (GO)","Total","224","181","223","222","170","164","201","207","238","195","198","196","184","178","114","84","57","26","8","6","-"
"Nova Veneza (GO)","Total","548","600","570","677","673","683","726","743","707","643","674","603","501","419","283","228","111","65","18","8","1"
"Novo Brasil (GO)","Total","191","188","184","198","191","196","240","256","245","279","293","247","241","180","162","115","71","37","11","2","-"
"Novo Gama (GO)","Total","8082","8569","8346","9075","9397","8786","7944","8156","8155","6846","6204","4732","3371","2496","1660","989","591","264","105","29","7"
"Novo Planalto (GO)","Total","218","252","248","231","239","187","244","273","309","317","307","254","216","140","106","87","51","24","11","2","-"
"Orizona (GO)","Total","979","982","907","1005","1127","1142","1182","1205","1225","1191","1298","1073","870","739","622","416","249","109","57","18","3"
"Ouro Verde de Goiás (GO)","Total","248","243","236","284","229","259","266","251","296","294","324","301","263","221","146","104","64","20","6","2","-"
"Ouvidor (GO)","Total","419","428","482","483","491","506","504","590","609","527","480","467","384","288","203","187","76","49","23","2","2"
"Padre Bernardo (GO)","Total","2622","2734","2697","2946","2719","2508","2328","2675","2716","2263","2094","1904","1568","1166","846","577","344","153","73","27","7"
"Palestina de Goiás (GO)","Total","177","205","188","190","184","194","191","210","229","223","257","264","204","143","112","79","48","24","7","1","2"
"Palmeiras de Goiás (GO)","Total","2215","2385","1930","2221","2656","2652","2546","2634","2559","2177","1921","1625","1422","1068","762","509","349","161","46","14","6"
"Palmelo (GO)","Total","123","121","110","153","156","136","125","131","163","165","182","165","151","136","97","69","39","21","13","2","1"
"Palminópolis (GO)","Total","228","220","216","227","259","249","254","262","260","294","311","255","264","180","154","105","64","36","11","2","-"
"Panamá (GO)","Total","131","133","170","153","124","131","155","166","177","166","180","202","159","130","110","64","54","34","14","1","1"
"Paranaiguara (GO)","Total","360","447","497","452","408","469","543","541","597","568","527","538","463","401","339","204","150","70","23","9","1"
"Paraúna (GO)","Total","686","706","636","706","763","844","770","728","894","851","755","597","527","421","318","213","136","71","24","12","1"
"Perolândia (GO)","Total","188","227","204","230","199","222","193","209","260","209","197","147","143","125","97","59","29","12","10","3","1"
"Petrolina de Goiás (GO)","Total","475","528","522","598","576","660","620","642","763","719","719","742","652","477","353","216","177","84","35","12","3"
"Pilar de Goiás (GO)","Total","154","125","138","130","115","128","129","168","170","193","195","185","177","119","79","62","37","18","4","1","1"
"Piracanjuba (GO)","Total","1363","1366","1437","1501","1614","1658","1591","1740","1862","1841","1786","1715","1582","1298","1007","686","491","217","96","27","5"
"Piranhas (GO)","Total","693","677","669","695","768","829","742","765","887","886","882","842","670","578","454","320","182","113","53","6","1"
"Pirenópolis (GO)","Total","1561","1740","1712","1856","1896","1814","1837","1926","2099","1926","1960","1688","1455","1142","871","563","364","187","69","22","2"
"Pires do Rio (GO)","Total","1922","1881","1893","2155","2604","2567","2384","2460","2486","2224","2146","1984","1806","1293","1037","720","448","247","97","14","5"
"Planaltina (GO)","Total","7999","8761","8303","8800","9212","8986","8502","8867","8386","7039","5776","4578","3505","2484","1791","1062","577","260","102","36","5"
"Pontalina (GO)","Total","942","1048","1077","1150","1274","1298","1159","1301","1394","1387","1368","1203","1065","895","673","487","338","153","60","26","11"
"Porangatu (GO)","Total","2747","2998","3086","3279","3202","3232","3157","3369","3420","3228","2975","2641","2229","1698","1242","816","554","269","130","36","9"
"Porteirão (GO)","Total","293","319","311","313","328","279","335","345","361","281","241","201","159","125","68","55","38","15","3","-","-"
"Portelândia (GO)","Total","201","243","193","225","211","192","241","238","217","232","229","230","170","170","119","87","44","28","9","1","-"
"Posse (GO)","Total","2521","2721","2747","2887","2782","2618","2819","2979","2837","2343","2001","1686","1373","996","623","453","296","149","62","15","6"
"Professor Jamil (GO)","Total","192","230","202","265","226","230","209","243","272","281","294","238","239","187","153","94","58","24","9","3","-"
"Quirinópolis (GO)","Total","2970","3247","3218","3276","3420","3583","3748","3872","3898","3494","3323","2836","2255","1842","1405","967","608","323","117","36","9"
"Rialma (GO)","Total","753","769","706","819","864","944","858","921","929","932","856","799","604","495","376","263","156","83","34","3","1"
"Rianápolis (GO)","Total","211","240","212","242","272","283","274","278","277","318","282","321","213","221","133","104","61","26","8","3","1"
"Rio Quente (GO)","Total","257","254","269","324","299","261","254","292","328","316","272","210","173","141","108","58","27","12","7","2","-"
"Rio Verde (GO)","Total","15683","16644","15141","16383","19745","20837","21078","21150","18265","14363","12258","10057","8268","6035","4169","2739","1660","798","321","83","19"
"Rubiataba (GO)","Total","1137","1177","1185","1283","1431","1508","1377","1347","1439","1473","1530","1353","1050","867","680","465","263","156","53","10","4"
"Sanclerlândia (GO)","Total","428","464","454","493","548","543","557","519","609","556","610","547","483","373","298","221","128","65","17","3","2"
"Santa Bárbara de Goiás (GO)","Total","380","414","418","441","444","444","454","446","479","400","410","398","345","254","182","108","81","31","15","5","-"
"Santa Cruz de Goiás (GO)","Total","139","185","177","146","119","154","180","217","233","227","282","267","241","157","139","66","45","19","8","-","1"
"Santa Fé de Goiás (GO)","Total","305","364","328","372","407","340","335","343","421","346","320","281","273","187","135","91","43","39","15","6","-"
"Santa Helena de Goiás (GO)","Total","2298","2525","2324","2461","2759","2709","2871","3052","3118","2754","2587","2521","2077","1581","1239","753","479","262","87","25","10"
"Santa Isabel (GO)","Total","193","193","204","197","190","184","210","204","243","265","282","308","279","187","160","102","71","44","16","5","1"
"Santa Rita do Araguaia (GO)","Total","404","389","406","433","406","380","399","471","504","405","381","357","296","220","176","131","89","54","16","6","1"
"Santa Rita do Novo Destino (GO)","Total","144","166","178","164","145","133","167","166","194","183","242","232","190","162","96","64","35","18","6","2","2"
"Santa Rosa de Goiás (GO)","Total","146","139","162","170","162","139","164","211","214","215","207","226","201","185","97","82","68","20","9","3","-"
"Santa Tereza de Goiás (GO)","Total","182","179","217","228","191","183","152","245","253","245","229","231","203","201","144","89","62","38","16","4","1"
"Santa Terezinha de Goiás (GO)","Total","613","736","629","691","685","655","724","735","753","790","788","761","657","525","389","220","170","76","38","8","2"
"Santo Antônio da Barra (GO)","Total","250","285","304","334","303","267","289","332","357","309","259","242","210","181","154","92","56","28","10","5","-"
"Santo Antônio de Goiás (GO)","Total","451","547","559","543","508","564","553","614","610","547","493","417","325","249","176","114","71","29","12","3","1"
"Santo Antônio do Descoberto (GO)","Total","5730","6123","5873","6421","6333","5979","5459","5820","5682","4729","3990","3126","2308","1788","1251","734","482","191","80","22","6"
"São Domingos (GO)","Total","659","653","768","790","611","576","619","782","831","667","570","583","519","408","270","199","106","69","22","5","4"
"São Francisco de Goiás (GO)","Total","362","467","413","410","420","429","426","457","459","437","481","412","366","306","209","163","89","46","20","6","-"
"São João d'Aliança (GO)","Total","1097","1084","1064","1162","1283","1392","1142","1107","1059","836","716","612","540","370","257","173","98","32","11","6","-"
"São João da Paraúna (GO)","Total","86","109","108","114","109","92","102","124","143","135","126","119","106","100","87","55","30","17","8","2","2"
"São Luís de Montes Belos (GO)","Total","2069","1945","2012","2095","2489","2589","2432","2383","2627","2345","2367","2250","1819","1491","1254","784","518","244","105","25","9"
"São Luiz do Norte (GO)","Total","301","350","369","345","320","305","325","389","419","318","303","305","256","201","152","82","52","29","13","2","1"
"São Miguel do Araguaia (GO)","Total","1255","1355","1398","1607","1467","1420","1503","1729","1742","1642","1542","1450","1133","925","699","483","312","148","69","16","5"
"São Miguel do Passa Quatro (GO)","Total","234","287","315","287","239","280","278","339","363","322","341","315","266","218","168","108","60","31","10","2","1"
"São Patrício (GO)","Total","105","143","119","143","123","126","124","160","168","156","154","176","128","108","90","57","30","16","13","4","-"
"São Simão (GO)","Total","1000","1103","1066","1079","1112","1215","1234","1264","1300","1397","1253","1082","886","686","553","387","215","133","39","12","4"
"Senador Canedo (GO)","Total","12244","12924","11978","12266","13106","13520","14402","14921","13080","10055","8037","6272","4797","3336","2122","1300","766","323","151","25","10"
"Serranópolis (GO)","Total","532","588","545","591","559","578","626","666","648","624","504","416","332","267","198","183","101","47","18","3","1"
"Silvânia (GO)","Total","1329","1437","1473","1581","1657","1584","1527","1672","1854","1724","1507","1421","1126","828","645","431","236","147","45","15","6"
"Simolândia (GO)","Total","385","392","414","516","440","370","389","465","506","380","354","314","298","189","129","95","64","25","14","2","1"
"Sítio d'Abadia (GO)","Total","197","197","235","218","211","205","215","215","202","188","187","192","163","123","84","44","27","14","8","2","-"
"Taquaral de Goiás (GO)","Total","190","253","226","218","227","286","306","285","304","296","299","312","268","200","158","100","51","32","12","2","1"
"Teresina de Goiás (GO)","Total","249","234","257","233","188","189","152","201","194","161","141","118","97","106","65","43","39","15","13","4","2"
"Terezópolis de Goiás (GO)","Total","499","561","573","626","628","555","586","602","620","565","554","485","359","277","174","124","92","45","15","3","1"
"Três Ranchos (GO)","Total","156","162","173","163","161","153","178","186","218","210","241","236","219","167","136","73","51","28","7","1","2"
"Trindade (GO)","Total","10037","10704","10160","10583","10886","11933","12150","12134","11541","9795","8495","7094","5762","4257","3081","1852","1133","573","193","57","11"
"Trombas (GO)","Total","172","174","195","229","167","166","146","218","213","212","262","254","203","173","148","92","54","27","13","2","-"
"Turvânia (GO)","Total","238","269","240","262","264","292","256","281","325","335","332","355","303","274","177","137","78","45","16","1","-"
"Turvelândia (GO)","Total","370","375","384","401","329","351","371","402","385","360","322","300","227","139","131","76","37","17","5","3","-"
"Uirapuru (GO)","Total","146","178","176","199","157","167","153","177","205","241","237","214","191","133","80","74","48","13","7","1","1"
"Uruaçu (GO)","Total","2661","2883","2919","3022","3093","3269","3131","3294","3360","3097","2760","2520","2017","1527","1154","887","508","276","116","31","21"
"Uruana (GO)","Total","757","754","818","875","967","877","834","1035","1063","1015","978","954","852","693","515","344","242","104","39","10","3"
"Urutaí (GO)","Total","215","220","200","233","267","216","262","246","291","230","238","242","226","173","129","67","64","29","3","1","1"
"Valparaíso de Goiás (GO)","Total","14870","15919","14923","15105","16741","17890","18888","19499","18362","13286","10384","7855","5798","3933","2496","1431","860","421","154","41","5"
"Varjão (GO)","Total","185","231","217","233","190","217","202","257","292","290","256","279","270","209","163","107","63","38","14","3","-"
"Vianópolis (GO)","Total","1051","966","1028","1047","1108","1103","1081","1114","1308","1078","1008","861","701","535","398","278","171","72","35","10","3"
"Vicentinópolis (GO)","Total","632","596","599","680","727","737","703","704","706","626","560","465","336","269","191","100","79","38","14","5","1"
"Vila Boa (GO)","Total","316","355","356","390","306","274","343","334","332","273","232","199","195","126","87","48","24","12","10","2","1"
"Vila Propício (GO)","Total","393","401","412","441","408","375","392","376","415","436","419","420","298","240","173","101","62","34","13","6","-"
"Brasília (DF)","Total","166848","184611","182774","208546","227966","224162","223174","239309","253359","210070","179636","151836","116514","89949","66188","42396","27501","14401","6121","1720","300"
"Fonte: IBGE - Censo Demográfico"

"Notas"
"1 - Dados do Universo."
"2- Os dados referentes aos municípios Abel Figueiredo (PA) e São Pedro da Água Branca (MA) foram corrigidos no dia 22/12/2023, impactando nos totais dos estados do Pará e do Maranhão e nos totais das Grandes Regiões do Norte e Nordeste."
""
"Legenda"
"Símbolo","Significado"
"-","Zero absoluto, não resultante de um cálculo ou arredondamento.
Ex: Em determinado município não existem pessoas de 14 anos de idade sem instrução."
"0","Zero resultante de um cálculo ou arredondamento.
Ex: A inflação do feijão em determinada Região Metropolitana foi 0.
Determinado município produziu 400 kg de sementes de girassol e os dados da tabela são expressos em toneladas."
"X","Valor inibido para não identificar o informante.
Ex: Determinado município só possui uma empresa produtora de cimento, logo o valor de sua produção deve ser inibido."
"..","Valor não se aplica.
Ex: Não se pode obter o total da produção agrícola em determinado município quando os produtos agrícolas são contabilizados com unidades de medida distintas."
"...","Valor não disponível.
Ex: A produção de feijão em determinado município não foi pesquisada ou determinado município não existia no ano da pesquisa."
"A a Z
(exceto X)","Significa uma faixa de valores. Varia em função da tabela (se for o caso).
Ex: O nível de precisão da produção estimada de combustíveis está na faixa A (95 a 100%)"
