CD_MUN,[00-05(,[05-10(,[10-15(,[15-20(,[20-25(,[25-30(,[30-35(,[35-40(,[40-45(,[45-50(,[50-55(,[55-60(,[60-65(,[65-70(,[70-75(,[75-80(,[80-85(,[85-90(,[90-95(,[95-100(,"[100,120("
1100015,1851.0,2107.0,2401.0,2588.0,2200.0,2092.0,1867.0,1795.0,1715.0,1566.0,1178.0,888.0,676.0,551.0,457.0,287.0,115.0,35.0,10.0,12.0,0.0
1100023,7342.0,8286.0,9256.0,9041.0,8981.0,8458.0,7668.0,6944.0,6416.0,5042.0,3982.0,2915.0,2009.0,1665.0,1089.0,567.0,513.0,109.0,39.0,19.0,13.0
1100031,515.0,507.0,604.0,595.0,448.0,522.0,462.0,457.0,467.0,415.0,406.0,278.0,228.0,148.0,134.0,73.0,44.0,7.0,0.0,0.0,3.0
1100049,5923.0,6275.0,7473.0,7859.0,7758.0,7018.0,6617.0,6067.0,5647.0,4832.0,4072.0,2671.0,2048.0,1582.0,1154.0,854.0,434.0,237.0,46.0,7.0,0.0
1100056,1218.0,1357.0,1635.0,1719.0,1560.0,1410.0,1321.0,1249.0,1268.0,1129.0,836.0,629.0,508.0,478.0,302.0,225.0,111.0,43.0,24.0,6.0,0.0
1100064,1401.0,1421.0,1668.0,1787.0,1639.0,1628.0,1481.0,1367.0,1257.0,1170.0,961.0,816.0,714.0,435.0,408.0,218.0,104.0,79.0,27.0,11.0,0.0
1100072,613.0,751.0,909.0,949.0,736.0,736.0,721.0,684.0,635.0,534.0,436.0,342.0,229.0,199.0,140.0,85.0,59.0,21.0,0.0,0.0,5.0
1100080,1377.0,1526.0,1674.0,1403.0,1154.0,1257.0,1127.0,920.0,764.0,651.0,524.0,430.0,316.0,213.0,149.0,90.0,68.0,28.0,7.0,0.0,0.0
1100098,2355.0,2477.0,2849.0,2752.0,2686.0,2609.0,2475.0,2203.0,1915.0,1669.0,1341.0,1085.0,863.0,515.0,364.0,285.0,139.0,129.0,18.0,0.0,0.0
1100106,4176.0,4463.0,4602.0,4280.0,3786.0,3557.0,3314.0,2934.0,2544.0,2160.0,1453.0,1360.0,992.0,740.0,463.0,382.0,235.0,142.0,48.0,24.0,0.0
1100114,4162.0,4633.0,5129.0,5109.0,5024.0,5077.0,4524.0,3857.0,3436.0,2817.0,2223.0,1864.0,1145.0,1217.0,778.0,526.0,251.0,184.0,38.0,0.0,11.0
1100122,9253.0,9786.0,10727.0,11461.0,11486.0,11161.0,9943.0,8839.0,8142.0,7109.0,5563.0,4310.0,2878.0,2236.0,1603.0,1196.0,410.0,320.0,144.0,34.0,9.0
1100130,2873.0,3136.0,3389.0,3146.0,2708.0,2752.0,2585.0,2174.0,1960.0,1700.0,1436.0,1167.0,808.0,544.0,371.0,236.0,73.0,58.0,20.0,0.0,0.0
1100148,1431.0,1723.0,2072.0,2174.0,1718.0,1706.0,1669.0,1549.0,1284.0,1128.0,966.0,731.0,636.0,409.0,323.0,203.0,113.0,34.0,5.0,0.0,0.0
1100155,2844.0,3174.0,3645.0,3727.0,3652.0,3531.0,3076.0,2732.0,2656.0,2375.0,1836.0,1300.0,1071.0,841.0,603.0,518.0,274.0,56.0,7.0,10.0,0.0
1100189,2604.0,2896.0,3272.0,3374.0,3416.0,3128.0,2818.0,2453.0,2323.0,2103.0,1775.0,1051.0,697.0,852.0,399.0,311.0,237.0,94.0,19.0,0.0,0.0
1100205,35301.0,36400.0,41256.0,41829.0,46314.0,44337.0,38926.0,32428.0,28763.0,24997.0,19362.0,14242.0,9572.0,5432.0,3909.0,2667.0,1639.0,782.0,255.0,108.0,9.0
1100254,1599.0,1860.0,2089.0,2248.0,1882.0,1870.0,1668.0,1578.0,1542.0,1439.0,1293.0,934.0,786.0,513.0,413.0,353.0,159.0,51.0,15.0,27.0,0.0
1100262,277.0,318.0,346.0,288.0,259.0,293.0,258.0,235.0,226.0,229.0,154.0,125.0,112.0,64.0,71.0,21.0,30.0,4.0,6.0,0.0,0.0
1100288,3721.0,4267.0,4710.0,5066.0,5066.0,4740.0,4296.0,3932.0,3567.0,2917.0,2332.0,1795.0,1369.0,1006.0,764.0,519.0,353.0,130.0,69.0,29.0,0.0
1100296,646.0,681.0,847.0,904.0,771.0,723.0,686.0,682.0,680.0,588.0,439.0,377.0,212.0,267.0,182.0,91.0,89.0,17.0,5.0,0.0,0.0
1100304,6176.0,6596.0,7212.0,7274.0,7650.0,7407.0,6675.0,5860.0,5357.0,4602.0,3794.0,2209.0,1785.0,1417.0,972.0,599.0,384.0,177.0,39.0,18.0,0.0
1100320,1847.0,2088.0,2376.0,2329.0,1967.0,1951.0,1813.0,1604.0,1412.0,1209.0,941.0,754.0,592.0,384.0,296.0,170.0,51.0,35.0,7.0,0.0,0.0
1100338,2250.0,2518.0,2574.0,2190.0,1929.0,2024.0,1940.0,1603.0,1383.0,1193.0,899.0,730.0,426.0,414.0,187.0,152.0,94.0,39.0,0.0,0.0,0.0
1100346,1310.0,1484.0,1708.0,1778.0,1413.0,1396.0,1344.0,1165.0,1173.0,1001.0,899.0,676.0,414.0,450.0,333.0,176.0,89.0,41.0,0.0,0.0,3.0
1100379,1099.0,1292.0,1368.0,1401.0,1077.0,1041.0,1036.0,981.0,845.0,710.0,513.0,485.0,363.0,258.0,156.0,72.0,79.0,7.0,23.0,11.0,0.0
1100403,1410.0,1720.0,1950.0,1684.0,1407.0,1381.0,1362.0,1366.0,1162.0,961.0,819.0,578.0,505.0,325.0,222.0,164.0,89.0,24.0,5.0,0.0,0.0
1100452,2945.0,3335.0,3487.0,3290.0,2967.0,3068.0,2838.0,2393.0,2045.0,1627.0,1406.0,1003.0,754.0,538.0,339.0,211.0,41.0,33.0,54.0,9.0,0.0
1100502,768.0,844.0,1029.0,1088.0,815.0,772.0,818.0,798.0,716.0,649.0,535.0,413.0,326.0,271.0,240.0,80.0,54.0,18.0,5.0,0.0,0.0
1100601,476.0,566.0,614.0,547.0,466.0,479.0,460.0,429.0,384.0,305.0,254.0,248.0,161.0,139.0,123.0,49.0,26.0,8.0,4.0,0.0,0.0
1100700,1215.0,1366.0,1401.0,1268.0,1046.0,1121.0,1000.0,928.0,853.0,684.0,641.0,425.0,315.0,178.0,135.0,70.0,10.0,9.0,0.0,0.0,0.0
1100809,1903.0,2073.0,2195.0,1958.0,1784.0,1787.0,1601.0,1331.0,1201.0,1024.0,871.0,698.0,561.0,290.0,161.0,155.0,96.0,49.0,27.0,11.0,4.0
1100908,240.0,301.0,376.0,356.0,271.0,274.0,265.0,286.0,242.0,234.0,164.0,157.0,154.0,107.0,81.0,26.0,25.0,13.0,3.0,0.0,0.0
1100924,778.0,824.0,905.0,847.0,730.0,793.0,741.0,619.0,535.0,467.0,345.0,242.0,182.0,135.0,94.0,44.0,10.0,3.0,3.0,3.0,3.0
1100940,1576.0,1770.0,1787.0,1639.0,1330.0,1525.0,1367.0,1152.0,1022.0,775.0,623.0,513.0,337.0,208.0,113.0,54.0,31.0,19.0,6.0,6.0,0.0
1101005,788.0,1018.0,1144.0,1081.0,906.0,863.0,807.0,730.0,706.0,624.0,461.0,440.0,314.0,244.0,203.0,100.0,50.0,26.0,3.0,5.0,0.0
1101104,833.0,846.0,998.0,892.0,679.0,668.0,663.0,608.0,512.0,473.0,440.0,297.0,229.0,194.0,103.0,79.0,28.0,11.0,12.0,0.0,0.0
1101203,869.0,952.0,1128.0,1129.0,939.0,765.0,777.0,839.0,730.0,540.0,462.0,352.0,278.0,232.0,201.0,70.0,51.0,34.0,4.0,0.0,0.0
1101302,893.0,1176.0,1264.0,1223.0,1006.0,1013.0,954.0,858.0,709.0,644.0,601.0,414.0,331.0,262.0,229.0,156.0,90.0,38.0,7.0,7.0,4.0
1101401,1218.0,1454.0,1609.0,1390.0,1123.0,1218.0,1147.0,1000.0,885.0,751.0,635.0,525.0,380.0,324.0,230.0,120.0,29.0,41.0,7.0,0.0,6.0
1101435,588.0,677.0,838.0,882.0,610.0,606.0,597.0,564.0,472.0,430.0,342.0,280.0,210.0,156.0,99.0,63.0,50.0,24.0,5.0,0.0,0.0
1101450,446.0,458.0,497.0,509.0,444.0,425.0,346.0,344.0,330.0,285.0,189.0,196.0,136.0,86.0,73.0,23.0,9.0,10.0,0.0,4.0,0.0
1101468,228.0,234.0,255.0,213.0,185.0,168.0,189.0,186.0,158.0,127.0,101.0,82.0,65.0,61.0,28.0,10.0,14.0,4.0,4.0,4.0,0.0
1101476,234.0,313.0,411.0,318.0,268.0,286.0,287.0,242.0,245.0,230.0,156.0,178.0,99.0,101.0,70.0,34.0,22.0,24.0,5.0,0.0,0.0
1101484,407.0,497.0,587.0,564.0,451.0,503.0,515.0,439.0,425.0,382.0,308.0,297.0,202.0,180.0,119.0,80.0,29.0,23.0,8.0,2.0,0.0
1101492,1478.0,1605.0,1803.0,1665.0,1457.0,1390.0,1348.0,1210.0,992.0,842.0,667.0,533.0,464.0,207.0,197.0,81.0,61.0,29.0,0.0,6.0,0.0
1101500,914.0,1191.0,1306.0,1276.0,1013.0,951.0,917.0,867.0,773.0,661.0,544.0,422.0,251.0,207.0,136.0,125.0,41.0,21.0,0.0,12.0,0.0
1101559,353.0,397.0,514.0,503.0,434.0,405.0,357.0,336.0,341.0,323.0,228.0,161.0,196.0,107.0,93.0,74.0,52.0,7.0,8.0,0.0,0.0
1101609,861.0,1014.0,1166.0,1071.0,802.0,904.0,869.0,785.0,640.0,667.0,490.0,475.0,314.0,239.0,177.0,104.0,19.0,48.0,4.0,0.0,0.0
1101708,1008.0,1153.0,1313.0,1322.0,1181.0,1109.0,1030.0,918.0,753.0,754.0,646.0,609.0,418.0,324.0,192.0,106.0,86.0,32.0,15.0,5.0,0.0
1101757,813.0,938.0,1022.0,941.0,743.0,796.0,754.0,632.0,593.0,543.0,465.0,393.0,264.0,217.0,151.0,67.0,37.0,9.0,7.0,0.0,0.0
1101807,605.0,699.0,886.0,868.0,674.0,691.0,646.0,594.0,571.0,501.0,464.0,289.0,268.0,171.0,125.0,90.0,56.0,12.0,0.0,0.0,0.0
1200013,1283.0,1412.0,1619.0,1311.0,1010.0,1044.0,979.0,822.0,715.0,613.0,427.0,471.0,325.0,208.0,116.0,121.0,43.0,20.0,0.0,0.0,0.0
1200054,749.0,724.0,695.0,650.0,557.0,541.0,464.0,372.0,309.0,238.0,220.0,155.0,134.0,79.0,72.0,53.0,36.0,21.0,0.0,3.0,0.0
1200104,2059.0,2298.0,2475.0,2261.0,2008.0,1782.0,1735.0,1476.0,1295.0,969.0,794.0,642.0,456.0,440.0,360.0,177.0,106.0,49.0,15.0,0.0,0.0
1200138,857.0,975.0,1082.0,834.0,717.0,688.0,717.0,506.0,456.0,355.0,315.0,341.0,231.0,176.0,90.0,54.0,59.0,13.0,5.0,0.0,0.0
1200179,891.0,1086.0,1222.0,891.0,654.0,640.0,624.0,593.0,514.0,433.0,346.0,285.0,253.0,141.0,123.0,58.0,24.0,4.0,13.0,3.0,0.0
1200203,8846.0,9383.0,10093.0,8707.0,7662.0,7281.0,6058.0,4784.0,3590.0,2870.0,2470.0,1911.0,1433.0,1354.0,692.0,602.0,387.0,227.0,80.0,53.0,24.0
1200252,1521.0,1592.0,1715.0,1603.0,1392.0,1341.0,1184.0,1038.0,892.0,729.0,584.0,402.0,381.0,255.0,187.0,143.0,85.0,44.0,13.0,0.0,0.0
1200302,4373.0,4497.0,4507.0,3558.0,3078.0,2532.0,2158.0,1742.0,1500.0,1105.0,903.0,618.0,636.0,456.0,241.0,199.0,138.0,83.0,65.0,12.0,11.0
1200328,1153.0,1095.0,1008.0,736.0,601.0,491.0,405.0,312.0,224.0,168.0,99.0,116.0,53.0,37.0,27.0,9.0,19.0,15.0,5.0,0.0,3.0
1200336,1889.0,1934.0,2070.0,1657.0,1397.0,1360.0,1101.0,876.0,644.0,520.0,493.0,361.0,297.0,226.0,158.0,111.0,50.0,48.0,14.0,0.0,0.0
1200344,1032.0,1070.0,1115.0,869.0,702.0,665.0,578.0,449.0,351.0,275.0,259.0,177.0,126.0,106.0,96.0,57.0,27.0,19.0,0.0,9.0,0.0
1200351,2284.0,2263.0,2159.0,1737.0,1265.0,1175.0,813.0,680.0,467.0,390.0,304.0,195.0,166.0,121.0,82.0,76.0,26.0,6.0,6.0,6.0,7.0
1200385,1835.0,2023.0,2141.0,1760.0,1414.0,1331.0,1223.0,1118.0,961.0,840.0,669.0,575.0,422.0,349.0,240.0,144.0,97.0,45.0,18.0,4.0,0.0
1200393,1488.0,1525.0,1464.0,947.0,764.0,688.0,583.0,446.0,335.0,223.0,220.0,146.0,69.0,108.0,44.0,90.0,36.0,0.0,0.0,0.0,0.0
1200401,30329.0,32040.0,35699.0,33876.0,34050.0,33720.0,30090.0,24122.0,20816.0,16157.0,13529.0,9935.0,7011.0,5355.0,3873.0,2484.0,1538.0,782.0,390.0,195.0,48.0
1200427,1941.0,2171.0,2098.0,1542.0,1231.0,1204.0,1021.0,801.0,565.0,478.0,320.0,344.0,248.0,190.0,113.0,54.0,36.0,14.0,17.0,0.0,0.0
1200435,833.0,766.0,598.0,493.0,487.0,409.0,315.0,232.0,152.0,115.0,98.0,59.0,83.0,35.0,5.0,2.0,9.0,0.0,0.0,0.0,0.0
1200450,1986.0,2228.0,2386.0,2040.0,1775.0,1733.0,1507.0,1377.0,1116.0,939.0,878.0,613.0,474.0,437.0,320.0,163.0,135.0,43.0,28.0,0.0,0.0
1200500,4124.0,4420.0,4741.0,4226.0,3843.0,3470.0,2968.0,2243.0,1794.0,1482.0,1181.0,1074.0,756.0,647.0,341.0,315.0,192.0,107.0,55.0,26.0,24.0
1200609,4939.0,5071.0,4914.0,4047.0,3133.0,2864.0,2268.0,1801.0,1486.0,1224.0,828.0,868.0,632.0,486.0,357.0,333.0,194.0,66.0,50.0,29.0,0.0
1200708,1583.0,1820.0,1987.0,1704.0,1397.0,1346.0,1184.0,1043.0,881.0,694.0,571.0,521.0,445.0,303.0,207.0,171.0,155.0,52.0,27.0,0.0,0.0
1200807,1497.0,1765.0,1919.0,1534.0,1198.0,1113.0,1130.0,944.0,865.0,664.0,454.0,605.0,443.0,258.0,237.0,129.0,82.0,27.0,16.0,0.0,0.0
1300029,2206.0,2198.0,1893.0,1610.0,1266.0,1046.0,914.0,678.0,543.0,441.0,362.0,268.0,219.0,177.0,112.0,88.0,12.0,37.0,5.0,7.0,5.0
1300060,1279.0,1124.0,1312.0,1080.0,992.0,742.0,705.0,560.0,402.0,338.0,241.0,205.0,145.0,146.0,84.0,58.0,39.0,10.0,0.0,0.0,5.0
1300086,1163.0,1364.0,1376.0,1129.0,980.0,868.0,763.0,626.0,461.0,396.0,256.0,226.0,142.0,183.0,145.0,56.0,46.0,28.0,6.0,0.0,0.0
1300102,1945.0,2059.0,2224.0,1878.0,1522.0,1352.0,1226.0,1016.0,761.0,617.0,414.0,338.0,267.0,248.0,224.0,96.0,81.0,26.0,14.0,9.0,0.0
1300144,1643.0,1836.0,2076.0,1756.0,1897.0,1728.0,1582.0,1213.0,1055.0,958.0,723.0,598.0,381.0,290.0,109.0,88.0,61.0,0.0,7.0,7.0,0.0
1300201,2139.0,1936.0,1893.0,1904.0,1674.0,1336.0,1018.0,854.0,660.0,520.0,322.0,284.0,156.0,208.0,108.0,75.0,50.0,16.0,0.0,0.0,0.0
1300300,4115.0,4302.0,4303.0,3477.0,2694.0,2357.0,2110.0,1767.0,1518.0,1343.0,1071.0,809.0,612.0,644.0,330.0,241.0,176.0,163.0,85.0,9.0,10.0
1300409,2652.0,2826.0,3355.0,3052.0,3038.0,2587.0,1763.0,1353.0,1183.0,945.0,1037.0,511.0,577.0,435.0,238.0,117.0,32.0,0.0,17.0,0.0,0.0
1300508,3937.0,4136.0,3902.0,3054.0,2125.0,1928.0,1651.0,1348.0,1109.0,972.0,784.0,611.0,486.0,437.0,307.0,197.0,131.0,133.0,89.0,11.0,7.0
1300607,4969.0,4457.0,4243.0,3944.0,3249.0,2649.0,2053.0,1725.0,1436.0,1147.0,928.0,722.0,512.0,513.0,278.0,292.0,194.0,42.0,42.0,6.0,10.0
1300631,2323.0,2419.0,2182.0,1712.0,1310.0,1127.0,870.0,753.0,614.0,547.0,389.0,390.0,276.0,214.0,95.0,116.0,103.0,13.0,15.0,18.0,0.0
1300680,1923.0,2155.0,2164.0,1738.0,1321.0,1156.0,968.0,781.0,600.0,563.0,439.0,362.0,244.0,205.0,153.0,79.0,23.0,51.0,43.0,7.0,4.0
1300706,3492.0,3708.0,3890.0,3415.0,2784.0,2528.0,2214.0,1887.0,1511.0,1210.0,972.0,901.0,626.0,616.0,363.0,234.0,160.0,63.0,51.0,8.0,0.0
1300805,4747.0,4643.0,4610.0,4132.0,3200.0,2944.0,2315.0,1785.0,1438.0,1223.0,986.0,874.0,542.0,560.0,252.0,304.0,160.0,144.0,67.0,35.0,0.0
1300839,1359.0,1397.0,1492.0,1233.0,1026.0,935.0,806.0,638.0,507.0,358.0,361.0,255.0,232.0,146.0,101.0,72.0,41.0,5.0,5.0,0.0,7.0
1300904,1263.0,1424.0,1496.0,1284.0,1188.0,1178.0,1109.0,763.0,665.0,658.0,463.0,406.0,291.0,226.0,187.0,76.0,35.0,10.0,10.0,6.0,0.0
1301001,3316.0,3544.0,3760.0,3037.0,2394.0,1954.0,1696.0,1328.0,1134.0,953.0,688.0,577.0,450.0,371.0,213.0,163.0,77.0,79.0,20.0,19.0,0.0
1301100,3636.0,4032.0,4287.0,3368.0,2832.0,2713.0,2628.0,2058.0,1758.0,1339.0,1288.0,841.0,679.0,553.0,297.0,286.0,64.0,60.0,16.0,0.0,0.0
1301159,2476.0,2589.0,2887.0,2589.0,2053.0,1755.0,1710.0,1733.0,1438.0,1183.0,825.0,826.0,676.0,489.0,304.0,183.0,126.0,72.0,9.0,8.0,0.0
1301209,9028.0,9213.0,9872.0,9277.0,8468.0,6841.0,5537.0,4052.0,3193.0,2660.0,2132.0,1695.0,1119.0,1129.0,770.0,426.0,275.0,142.0,54.0,69.0,12.0
1301308,2549.0,3092.0,3023.0,2786.0,2354.0,1935.0,1695.0,1353.0,1057.0,889.0,553.0,623.0,350.0,395.0,226.0,168.0,64.0,61.0,21.0,11.0,0.0
1301407,4288.0,4206.0,3996.0,3682.0,2931.0,2460.0,2041.0,1538.0,1274.0,1081.0,860.0,679.0,540.0,460.0,190.0,307.0,116.0,15.0,0.0,0.0,0.0
1301506,2183.0,2223.0,2363.0,1930.0,1586.0,1368.0,1195.0,814.0,688.0,516.0,320.0,349.0,205.0,196.0,131.0,155.0,76.0,11.0,6.0,14.0,9.0
1301605,3311.0,3018.0,2935.0,2555.0,2338.0,1913.0,1502.0,1215.0,906.0,710.0,661.0,452.0,400.0,324.0,236.0,157.0,90.0,40.0,37.0,8.0,9.0
1301654,1824.0,2013.0,2067.0,1743.0,1328.0,1053.0,789.0,779.0,630.0,495.0,315.0,302.0,201.0,187.0,98.0,91.0,53.0,5.0,0.0,0.0,0.0
1301704,4566.0,5260.0,5917.0,5135.0,4378.0,3876.0,3117.0,2566.0,2118.0,1888.0,1528.0,1126.0,879.0,781.0,474.0,367.0,143.0,81.0,12.0,15.0,0.0
1301803,3597.0,3481.0,2903.0,2146.0,2121.0,1776.0,1499.0,1196.0,966.0,703.0,472.0,396.0,292.0,308.0,232.0,75.0,49.0,37.0,3.0,2.0,0.0
1301852,4763.0,5095.0,5062.0,4298.0,3555.0,3309.0,3083.0,2416.0,2072.0,1654.0,1493.0,1135.0,973.0,698.0,598.0,271.0,148.0,107.0,37.0,13.0,0.0
1301902,9760.0,10391.0,10748.0,9285.0,7595.0,7190.0,6519.0,5354.0,4351.0,3573.0,2963.0,2755.0,1977.0,1518.0,1138.0,781.0,471.0,253.0,151.0,46.0,19.0
1301951,1128.0,1143.0,1121.0,879.0,806.0,691.0,605.0,411.0,346.0,225.0,176.0,157.0,158.0,85.0,39.0,50.0,11.0,0.0,7.0,0.0,0.0
1302009,939.0,1024.0,1038.0,956.0,734.0,633.0,574.0,458.0,377.0,344.0,347.0,180.0,230.0,139.0,117.0,45.0,42.0,28.0,0.0,5.0,0.0
1302108,1027.0,946.0,1034.0,865.0,772.0,603.0,530.0,364.0,359.0,257.0,193.0,104.0,70.0,63.0,48.0,57.0,21.0,7.0,3.0,3.0,0.0
1302207,1489.0,1570.0,1516.0,1266.0,1059.0,872.0,741.0,559.0,420.0,375.0,231.0,217.0,127.0,164.0,77.0,58.0,28.0,12.0,15.0,0.0,5.0
1302306,3101.0,2725.0,2379.0,1992.0,1599.0,1376.0,1079.0,855.0,683.0,562.0,402.0,347.0,291.0,240.0,185.0,97.0,24.0,41.0,14.0,0.0,0.0
1302405,4653.0,4919.0,4833.0,4193.0,3653.0,3222.0,2591.0,1985.0,1698.0,1514.0,1263.0,919.0,707.0,624.0,380.0,238.0,223.0,67.0,6.0,13.0,0.0
1302504,9470.0,10502.0,11531.0,9590.0,7932.0,6963.0,6261.0,4951.0,3899.0,3325.0,2725.0,2130.0,1619.0,1527.0,1331.0,742.0,310.0,220.0,94.0,20.0,0.0
1302553,2811.0,3056.0,2951.0,2306.0,1962.0,2044.0,1605.0,1176.0,1069.0,1051.0,637.0,650.0,395.0,420.0,286.0,208.0,92.0,50.0,10.0,21.0,0.0
1302603,161699.0,165911.0,180531.0,175515.0,180683.0,185164.0,167896.0,138742.0,114908.0,92992.0,74469.0,54602.0,39130.0,24565.0,18607.0,12567.0,8215.0,3265.0,1657.0,793.0,103.0
1302702,5436.0,5893.0,6276.0,5517.0,4388.0,3905.0,3279.0,2707.0,2161.0,1860.0,1388.0,1247.0,941.0,779.0,547.0,349.0,223.0,57.0,40.0,23.0,0.0
1302801,2505.0,2612.0,2431.0,2021.0,1766.0,1610.0,1228.0,854.0,703.0,505.0,315.0,341.0,241.0,180.0,75.0,55.0,27.0,43.0,10.0,6.0,0.0
1302900,7162.0,7078.0,6876.0,5726.0,4655.0,3992.0,3333.0,2580.0,2156.0,2037.0,1813.0,1431.0,984.0,638.0,542.0,572.0,300.0,242.0,88.0,30.0,0.0
1303007,2052.0,2375.0,2366.0,2128.0,1554.0,1463.0,1256.0,987.0,848.0,771.0,624.0,467.0,411.0,333.0,258.0,164.0,112.0,57.0,39.0,12.0,0.0
1303106,3540.0,3924.0,4089.0,3651.0,3063.0,2490.0,2003.0,1714.0,1341.0,1283.0,979.0,741.0,438.0,444.0,329.0,279.0,144.0,111.0,128.0,6.0,0.0
1303205,1806.0,1767.0,1760.0,1642.0,1432.0,1248.0,1045.0,799.0,693.0,618.0,547.0,418.0,257.0,267.0,174.0,105.0,91.0,35.0,19.0,0.0,0.0
1303304,2316.0,2751.0,2765.0,2391.0,2056.0,1836.0,1568.0,1260.0,1044.0,838.0,741.0,487.0,338.0,443.0,285.0,206.0,40.0,42.0,24.0,11.0,8.0
1303403,11557.0,12972.0,13633.0,11672.0,9164.0,8066.0,6934.0,5733.0,4695.0,4136.0,3412.0,2787.0,2140.0,1649.0,1419.0,1055.0,536.0,231.0,193.0,30.0,19.0
1303502,2534.0,2600.0,2480.0,1951.0,1907.0,1588.0,1263.0,880.0,714.0,578.0,562.0,277.0,303.0,219.0,125.0,94.0,59.0,23.0,3.0,5.0,0.0
1303536,2959.0,3091.0,3402.0,2783.0,2309.0,2383.0,2143.0,1773.0,1542.0,1339.0,1168.0,863.0,615.0,379.0,238.0,77.0,82.0,21.0,8.0,0.0,0.0
1303569,2676.0,2892.0,3022.0,2611.0,2667.0,2433.0,2084.0,1800.0,1396.0,1062.0,987.0,710.0,400.0,507.0,165.0,136.0,117.0,54.0,0.0,0.0,0.0
1303601,3064.0,2563.0,2385.0,1937.0,1723.0,1196.0,1082.0,986.0,798.0,571.0,362.0,438.0,387.0,201.0,242.0,120.0,53.0,35.0,3.0,0.0,0.0
1303700,3502.0,3488.0,3394.0,2798.0,2338.0,1944.0,1721.0,1276.0,983.0,820.0,574.0,486.0,328.0,256.0,212.0,149.0,72.0,93.0,37.0,10.0,0.0
1303809,4906.0,4813.0,4727.0,4004.0,3425.0,2988.0,2712.0,2200.0,1834.0,1545.0,1076.0,1093.0,907.0,596.0,463.0,281.0,185.0,88.0,32.0,21.0,0.0
1303908,4213.0,4343.0,4195.0,3557.0,2958.0,2503.0,2092.0,1691.0,1512.0,1097.0,649.0,683.0,486.0,540.0,328.0,273.0,199.0,90.0,13.0,0.0,0.0
1303957,1320.0,1496.0,1482.0,1248.0,987.0,857.0,738.0,591.0,477.0,357.0,266.0,326.0,222.0,142.0,109.0,40.0,42.0,4.0,2.0,0.0,0.0
1304005,1136.0,1119.0,1105.0,971.0,635.0,589.0,557.0,464.0,386.0,361.0,302.0,289.0,177.0,135.0,49.0,104.0,44.0,12.0,0.0,5.0,5.0
1304062,6999.0,6938.0,6260.0,5803.0,5209.0,4425.0,3754.0,3051.0,2413.0,1948.0,1477.0,1236.0,1086.0,500.0,464.0,359.0,179.0,75.0,62.0,14.0,19.0
1304104,2438.0,2628.0,2527.0,2339.0,1890.0,1642.0,1284.0,944.0,804.0,694.0,478.0,484.0,304.0,228.0,166.0,101.0,58.0,33.0,17.0,17.0,0.0
1304203,7871.0,8281.0,7846.0,6878.0,6013.0,5219.0,4470.0,3407.0,2665.0,2171.0,1509.0,1608.0,1215.0,770.0,570.0,409.0,286.0,148.0,87.0,29.0,0.0
1304237,2525.0,2288.0,2360.0,2052.0,1738.0,1283.0,1133.0,935.0,780.0,466.0,380.0,319.0,247.0,210.0,130.0,87.0,75.0,17.0,54.0,0.0,0.0
1304260,1789.0,1788.0,1517.0,1279.0,1083.0,1039.0,869.0,624.0,464.0,356.0,307.0,214.0,219.0,117.0,77.0,54.0,56.0,17.0,9.0,4.0,7.0
1304302,2140.0,2386.0,2270.0,1915.0,1328.0,1241.0,1113.0,944.0,819.0,725.0,596.0,424.0,386.0,296.0,214.0,144.0,67.0,70.0,6.0,9.0,0.0
1304401,2152.0,2259.0,2364.0,2096.0,1753.0,1414.0,1126.0,905.0,749.0,734.0,611.0,453.0,355.0,254.0,195.0,194.0,57.0,94.0,48.0,24.0,0.0
1400027,1507.0,1388.0,1129.0,879.0,746.0,676.0,551.0,476.0,431.0,379.0,378.0,237.0,171.0,167.0,87.0,43.0,52.0,20.0,6.0,0.0,4.0
1400050,2483.0,2418.0,2092.0,1561.0,1254.0,1277.0,1029.0,856.0,755.0,714.0,490.0,527.0,255.0,338.0,216.0,91.0,31.0,40.0,19.0,3.0,0.0
1400100,26826.0,27727.0,30308.0,29645.0,29631.0,29609.0,25562.0,20296.0,17051.0,14199.0,10400.0,8170.0,5276.0,3555.0,2418.0,1551.0,1231.0,583.0,185.0,58.0,32.0
1400159,1610.0,1557.0,1473.0,1149.0,833.0,774.0,706.0,580.0,519.0,397.0,418.0,276.0,236.0,174.0,104.0,67.0,40.0,7.0,8.0,14.0,0.0
1400175,1586.0,1794.0,1895.0,1368.0,961.0,930.0,845.0,818.0,770.0,726.0,602.0,581.0,420.0,249.0,169.0,106.0,42.0,27.0,9.0,4.0,0.0
1400209,1967.0,2275.0,2479.0,2011.0,1550.0,1524.0,1290.0,1143.0,885.0,893.0,664.0,600.0,410.0,313.0,195.0,90.0,59.0,31.0,15.0,5.0,0.0
1400233,892.0,949.0,956.0,839.0,704.0,732.0,623.0,509.0,444.0,381.0,346.0,217.0,202.0,137.0,71.0,39.0,57.0,13.0,3.0,0.0,0.0
1400282,939.0,990.0,1093.0,893.0,772.0,730.0,670.0,468.0,511.0,430.0,368.0,304.0,201.0,130.0,105.0,39.0,45.0,6.0,0.0,3.0,0.0
1400308,1447.0,1656.0,1960.0,1434.0,1175.0,1342.0,1215.0,865.0,746.0,731.0,677.0,486.0,457.0,246.0,205.0,103.0,20.0,20.0,0.0,5.0,0.0
1400407,1525.0,1462.0,1314.0,929.0,697.0,650.0,540.0,409.0,334.0,249.0,194.0,205.0,151.0,98.0,86.0,36.0,32.0,23.0,3.0,3.0,0.0
1400456,1520.0,1487.0,1451.0,1078.0,791.0,782.0,727.0,608.0,474.0,435.0,323.0,274.0,172.0,132.0,68.0,62.0,37.0,9.0,3.0,0.0,0.0
1400472,2427.0,2652.0,3376.0,2826.0,2228.0,1946.0,1737.0,1440.0,1346.0,1031.0,1006.0,891.0,548.0,334.0,254.0,141.0,72.0,11.0,11.0,0.0,0.0
1400506,717.0,747.0,823.0,701.0,660.0,676.0,550.0,412.0,359.0,285.0,234.0,186.0,176.0,112.0,56.0,46.0,27.0,2.0,0.0,0.0,0.0
1400605,532.0,616.0,778.0,730.0,719.0,699.0,593.0,434.0,367.0,335.0,320.0,191.0,190.0,68.0,97.0,37.0,23.0,12.0,10.0,0.0,0.0
1400704,1641.0,1465.0,1205.0,918.0,667.0,561.0,420.0,338.0,321.0,244.0,184.0,103.0,82.0,86.0,55.0,50.0,17.0,7.0,9.0,2.0,0.0
1500107,13094.0,14090.0,16282.0,16571.0,14892.0,13323.0,11033.0,9333.0,7487.0,5943.0,4900.0,4165.0,3075.0,2610.0,1813.0,1179.0,609.0,371.0,175.0,117.0,37.0
1500131,658.0,712.0,754.0,705.0,607.0,642.0,549.0,431.0,388.0,341.0,252.0,209.0,174.0,139.0,94.0,52.0,38.0,22.0,7.0,3.0,3.0
1500206,6275.0,6368.0,6781.0,6146.0,5156.0,4417.0,3684.0,3351.0,2692.0,2102.0,1680.0,1282.0,1160.0,999.0,517.0,490.0,251.0,122.0,29.0,68.0,0.0
1500305,4666.0,4896.0,5004.0,4205.0,3237.0,2779.0,2213.0,1837.0,1480.0,1172.0,1057.0,704.0,560.0,467.0,337.0,211.0,135.0,70.0,12.0,0.0,0.0
1500347,2025.0,2381.0,2540.0,2378.0,2797.0,2674.0,2624.0,2139.0,1757.0,1117.0,846.0,674.0,408.0,351.0,157.0,99.0,60.0,17.0,0.0,0.0,13.0
1500404,6160.0,6682.0,6925.0,5853.0,4193.0,3925.0,3636.0,3069.0,2415.0,2071.0,1805.0,1644.0,1213.0,1069.0,708.0,632.0,389.0,177.0,41.0,20.0,0.0
1500503,3910.0,3879.0,4123.0,3732.0,3057.0,2869.0,2531.0,2199.0,1783.0,1536.0,1230.0,930.0,632.0,470.0,292.0,241.0,106.0,67.0,21.0,0.0,6.0
1500602,9230.0,10058.0,10846.0,10379.0,9610.0,9630.0,8150.0,6923.0,5785.0,4869.0,4010.0,2890.0,2107.0,1672.0,1283.0,751.0,574.0,230.0,52.0,11.0,15.0
1500701,3558.0,3682.0,3409.0,2853.0,2353.0,1944.0,1581.0,1289.0,929.0,731.0,488.0,620.0,306.0,391.0,219.0,141.0,106.0,130.0,21.0,0.0,8.0
1500800,37443.0,40313.0,45098.0,45391.0,47134.0,47837.0,43594.0,37846.0,32427.0,26238.0,21462.0,16728.0,11185.0,7682.0,4994.0,3161.0,1889.0,1007.0,411.0,140.0,0.0
1500859,2442.0,2425.0,2471.0,2313.0,1952.0,1823.0,1529.0,1224.0,1059.0,862.0,637.0,726.0,386.0,303.0,194.0,142.0,21.0,33.0,0.0,0.0,0.0
1500909,4879.0,5136.0,5266.0,4644.0,3759.0,3291.0,2676.0,2176.0,1808.0,1481.0,1277.0,1149.0,869.0,801.0,480.0,316.0,295.0,147.0,39.0,0.0,8.0
1500958,2655.0,3060.0,3419.0,2916.0,2687.0,2364.0,1987.0,1608.0,1354.0,1038.0,829.0,781.0,595.0,509.0,386.0,240.0,63.0,20.0,34.0,0.0,0.0
1501006,1885.0,2118.0,2288.0,1820.0,1188.0,1118.0,975.0,820.0,750.0,633.0,511.0,566.0,398.0,255.0,145.0,158.0,91.0,51.0,79.0,0.0,0.0
1501105,3364.0,3396.0,3496.0,2859.0,2261.0,2017.0,1589.0,1260.0,899.0,642.0,521.0,454.0,361.0,325.0,173.0,107.0,71.0,14.0,35.0,11.0,10.0
1501204,3882.0,4457.0,4689.0,4030.0,3790.0,3299.0,2863.0,2131.0,1820.0,1442.0,1163.0,1036.0,851.0,537.0,445.0,267.0,100.0,38.0,28.0,14.0,0.0
1501253,352.0,359.0,343.0,322.0,259.0,326.0,260.0,271.0,206.0,178.0,160.0,139.0,99.0,66.0,61.0,7.0,18.0,6.0,0.0,0.0,0.0
1501303,10238.0,10338.0,11418.0,10777.0,10335.0,9769.0,8321.0,6933.0,5657.0,4530.0,3608.0,2645.0,1649.0,1514.0,803.0,655.0,258.0,204.0,85.0,83.0,39.0
1501402,99651.0,105722.0,119561.0,126040.0,135405.0,137416.0,124382.0,110016.0,97223.0,82625.0,70382.0,55204.0,42742.0,30413.0,23192.0,15833.0,9660.0,4919.0,2026.0,791.0,196.0
1501451,1711.0,1998.0,1972.0,1673.0,1236.0,1249.0,1203.0,940.0,823.0,764.0,620.0,635.0,402.0,402.0,363.0,174.0,87.0,49.0,9.0,9.0,0.0
1501501,4579.0,5190.0,5480.0,5400.0,5021.0,5084.0,4523.0,3828.0,3130.0,2412.0,2184.0,1395.0,1135.0,805.0,692.0,346.0,263.0,86.0,83.0,0.0,15.0
1501576,1457.0,1540.0,1738.0,1558.0,1489.0,1376.0,1156.0,971.0,859.0,768.0,546.0,607.0,483.0,247.0,212.0,104.0,104.0,71.0,5.0,8.0,0.0
1501600,1465.0,1480.0,1442.0,1429.0,1396.0,1387.0,1113.0,873.0,716.0,541.0,473.0,389.0,335.0,157.0,187.0,142.0,47.0,33.0,11.0,15.0,0.0
1501709,11783.0,12107.0,12845.0,12519.0,11561.0,10177.0,8204.0,7186.0,5843.0,4792.0,4097.0,3398.0,2660.0,2205.0,1581.0,1093.0,637.0,306.0,179.0,44.0,10.0
1501725,1511.0,1510.0,1730.0,1640.0,1404.0,1328.0,1218.0,1076.0,958.0,891.0,640.0,518.0,457.0,281.0,226.0,124.0,128.0,36.0,9.0,5.0,0.0
1501758,767.0,784.0,818.0,825.0,679.0,612.0,556.0,406.0,385.0,345.0,279.0,301.0,164.0,151.0,100.0,78.0,37.0,22.0,8.0,0.0,0.0
1501782,6154.0,6241.0,6677.0,5670.0,5264.0,4702.0,3963.0,3080.0,2517.0,2097.0,1735.0,1504.0,1062.0,777.0,512.0,260.0,135.0,80.0,55.0,8.0,0.0
1501808,12113.0,12503.0,13133.0,10597.0,8787.0,7187.0,6049.0,5024.0,3865.0,3077.0,2600.0,2390.0,1718.0,1393.0,744.0,708.0,345.0,212.0,293.0,115.0,7.0
1501907,2931.0,3268.0,3246.0,2910.0,2277.0,2083.0,1794.0,1593.0,1346.0,972.0,723.0,747.0,442.0,606.0,306.0,150.0,141.0,84.0,55.0,10.0,11.0
1501956,3442.0,3845.0,3367.0,2604.0,2653.0,2309.0,1933.0,1559.0,1390.0,961.0,731.0,615.0,406.0,312.0,178.0,108.0,42.0,19.0,5.0,5.0,0.0
1502004,2175.0,2204.0,2364.0,2212.0,1966.0,1842.0,1462.0,1198.0,1140.0,948.0,673.0,623.0,498.0,344.0,342.0,204.0,101.0,104.0,32.0,11.0,0.0
1502103,13503.0,14115.0,15334.0,13875.0,12297.0,10400.0,8555.0,6796.0,5481.0,4245.0,3618.0,3588.0,2410.0,2492.0,1542.0,1162.0,771.0,280.0,239.0,143.0,50.0
1502152,2897.0,2814.0,2906.0,2657.0,2781.0,2859.0,2418.0,1948.0,1524.0,1218.0,860.0,668.0,454.0,324.0,178.0,121.0,33.0,35.0,11.0,10.0,0.0
1502202,5263.0,5980.0,6744.0,6470.0,6139.0,5849.0,5140.0,4493.0,3756.0,3273.0,2639.0,2247.0,1476.0,1449.0,1158.0,856.0,390.0,162.0,92.0,54.0,9.0
1502301,4901.0,5822.0,6381.0,5978.0,5008.0,4433.0,3809.0,3283.0,2899.0,2219.0,1789.0,1524.0,1075.0,1024.0,793.0,427.0,271.0,204.0,39.0,0.0,14.0
1502400,15297.0,16019.0,17593.0,18040.0,18011.0,17280.0,14889.0,12622.0,10736.0,8398.0,6898.0,5191.0,3678.0,3288.0,2120.0,1287.0,1004.0,420.0,248.0,104.0,25.0
1502509,2812.0,2827.0,2752.0,2293.0,1990.0,1577.0,1405.0,1123.0,975.0,778.0,581.0,628.0,259.0,488.0,297.0,106.0,19.0,33.0,52.0,9.0,0.0
1502608,1187.0,1176.0,1311.0,1278.0,1029.0,911.0,700.0,661.0,626.0,512.0,404.0,404.0,383.0,253.0,234.0,166.0,45.0,46.0,30.0,15.0,10.0
1502707,3997.0,4567.0,5119.0,4620.0,3729.0,3674.0,3544.0,3100.0,2789.0,2298.0,2122.0,1567.0,1304.0,1207.0,827.0,535.0,313.0,167.0,66.0,0.0,12.0
1502756,3295.0,3213.0,3376.0,3281.0,2965.0,2512.0,2106.0,1731.0,1385.0,935.0,949.0,531.0,605.0,511.0,367.0,232.0,102.0,73.0,27.0,20.0,0.0
1502764,1103.0,1090.0,1040.0,852.0,912.0,1001.0,1004.0,746.0,743.0,656.0,463.0,348.0,238.0,135.0,77.0,36.0,22.0,0.0,0.0,0.0,0.0
1502772,1744.0,1841.0,2099.0,2054.0,1679.0,1377.0,1278.0,959.0,919.0,968.0,902.0,697.0,491.0,486.0,357.0,250.0,126.0,32.0,23.0,0.0,5.0
1502806,4212.0,4060.0,4003.0,3395.0,2700.0,2281.0,1797.0,1457.0,1038.0,881.0,755.0,521.0,470.0,373.0,219.0,147.0,106.0,40.0,61.0,34.0,0.0
1502855,1513.0,1726.0,1583.0,1341.0,1120.0,992.0,805.0,633.0,551.0,491.0,409.0,305.0,232.0,210.0,146.0,92.0,49.0,40.0,16.0,0.0,0.0
1502905,3275.0,3799.0,3930.0,3627.0,3134.0,2715.0,2399.0,1979.0,1830.0,1555.0,1406.0,1111.0,1022.0,835.0,604.0,608.0,183.0,150.0,104.0,27.0,0.0
1502939,5227.0,5715.0,5915.0,5337.0,5403.0,4951.0,4364.0,3478.0,2909.0,2326.0,1880.0,1198.0,903.0,705.0,517.0,226.0,173.0,50.0,42.0,0.0,0.0
1502954,3428.0,3667.0,3893.0,3401.0,3096.0,2531.0,2284.0,1815.0,1724.0,1583.0,1212.0,1018.0,798.0,567.0,344.0,196.0,145.0,51.0,24.0,0.0,10.0
1503002,1009.0,1074.0,1011.0,974.0,711.0,623.0,510.0,459.0,339.0,339.0,270.0,248.0,168.0,155.0,92.0,69.0,68.0,25.0,21.0,6.0,5.0
1503044,1814.0,1885.0,2031.0,1898.0,1583.0,1512.0,1512.0,1193.0,1023.0,838.0,781.0,509.0,423.0,318.0,226.0,116.0,55.0,42.0,5.0,0.0,4.0
1503077,2675.0,3161.0,3293.0,2994.0,2366.0,2109.0,1721.0,1437.0,1233.0,937.0,779.0,608.0,522.0,508.0,239.0,176.0,121.0,123.0,31.0,0.0,0.0
1503093,3229.0,3233.0,3503.0,3217.0,3145.0,3023.0,2641.0,1919.0,1590.0,1337.0,1056.0,899.0,644.0,333.0,360.0,165.0,92.0,29.0,7.0,13.0,0.0
1503101,3815.0,4013.0,4017.0,3326.0,2842.0,2271.0,1879.0,1590.0,1188.0,990.0,815.0,586.0,518.0,505.0,246.0,228.0,133.0,73.0,18.0,8.0,0.0
1503200,3230.0,3610.0,4028.0,4044.0,3479.0,3227.0,2577.0,2274.0,2007.0,1638.0,1422.0,1199.0,990.0,790.0,621.0,391.0,235.0,66.0,6.0,52.0,0.0
1503309,6697.0,6345.0,6747.0,6773.0,6030.0,5084.0,4336.0,3353.0,2784.0,2225.0,1806.0,1804.0,1283.0,992.0,603.0,485.0,317.0,169.0,196.0,35.0,12.0
1503408,943.0,1061.0,1156.0,1116.0,1036.0,835.0,707.0,609.0,566.0,460.0,410.0,298.0,297.0,177.0,133.0,102.0,59.0,39.0,11.0,19.0,3.0
1503457,5241.0,6114.0,6577.0,5341.0,5779.0,5123.0,4486.0,3339.0,2675.0,1732.0,1381.0,1154.0,993.0,595.0,484.0,136.0,70.0,55.0,28.0,5.0,0.0
1503507,3294.0,3643.0,3763.0,3367.0,2869.0,2535.0,2256.0,1904.0,1612.0,1160.0,1003.0,1101.0,841.0,760.0,437.0,338.0,235.0,148.0,80.0,18.0,0.0
1503606,8974.0,10123.0,11594.0,10474.0,9468.0,9163.0,7685.0,6238.0,5680.0,4917.0,4227.0,2794.0,2168.0,1490.0,1020.0,810.0,388.0,155.0,88.0,32.0,4.0
1503705,5947.0,6027.0,6412.0,5449.0,4841.0,4347.0,3714.0,2936.0,2521.0,2143.0,2051.0,1564.0,1184.0,937.0,530.0,286.0,199.0,99.0,24.0,8.0,0.0
1503754,1666.0,1657.0,1471.0,1195.0,1386.0,1249.0,1093.0,961.0,1075.0,834.0,560.0,387.0,301.0,85.0,15.0,148.0,20.0,0.0,0.0,0.0,0.0
1503804,4930.0,5208.0,5695.0,5661.0,5741.0,4954.0,4267.0,3506.0,3042.0,2145.0,1828.0,1209.0,861.0,917.0,542.0,354.0,339.0,107.0,29.0,25.0,0.0
1503903,5925.0,6327.0,6269.0,5192.0,4517.0,3922.0,3169.0,2475.0,1986.0,1618.0,1261.0,1344.0,831.0,740.0,474.0,524.0,237.0,173.0,38.0,54.0,10.0
1504000,3045.0,3184.0,3373.0,2994.0,2551.0,2042.0,1758.0,1424.0,1136.0,850.0,627.0,667.0,464.0,332.0,184.0,168.0,92.0,66.0,47.0,9.0,10.0
1504059,2843.0,3020.0,3158.0,3002.0,2739.0,2468.0,2152.0,1859.0,1576.0,1073.0,1050.0,787.0,684.0,538.0,327.0,211.0,218.0,158.0,18.0,22.0,0.0
1504109,793.0,914.0,967.0,912.0,700.0,650.0,529.0,399.0,410.0,352.0,298.0,293.0,296.0,180.0,189.0,96.0,72.0,30.0,26.0,9.0,0.0
1504208,24495.0,24018.0,24882.0,23982.0,25125.0,23973.0,20001.0,15622.0,13111.0,10705.0,8290.0,6462.0,4435.0,3108.0,2424.0,1491.0,895.0,422.0,139.0,55.0,33.0
1504307,2744.0,3261.0,3585.0,3199.0,2373.0,2166.0,1859.0,1589.0,1424.0,1233.0,1096.0,963.0,937.0,629.0,592.0,281.0,249.0,41.0,112.0,20.0,23.0
1504406,2358.0,2803.0,3204.0,2923.0,2195.0,2098.0,1813.0,1618.0,1398.0,1177.0,1120.0,1012.0,913.0,624.0,523.0,397.0,237.0,58.0,93.0,31.0,11.0
1504422,9747.0,10363.0,11044.0,10231.0,11143.0,11404.0,10877.0,8794.0,6960.0,5053.0,3993.0,2881.0,2085.0,1416.0,945.0,622.0,334.0,200.0,87.0,46.0,21.0
1504455,2656.0,2994.0,3021.0,2978.0,2699.0,2491.0,2205.0,1771.0,1621.0,1339.0,965.0,951.0,551.0,474.0,333.0,162.0,45.0,71.0,0.0,0.0,0.0
1504505,3692.0,3628.0,3615.0,3030.0,2387.0,2008.0,1651.0,1259.0,920.0,664.0,530.0,450.0,274.0,253.0,111.0,132.0,81.0,36.0,63.0,25.0,0.0
1504604,2948.0,3391.0,3468.0,3040.0,2634.0,2141.0,1745.0,1487.0,1298.0,960.0,705.0,831.0,534.0,562.0,451.0,250.0,173.0,28.0,62.0,12.0,11.0
1504703,8047.0,8650.0,8954.0,8088.0,6980.0,6015.0,5123.0,4109.0,3281.0,2638.0,2152.0,1749.0,1367.0,984.0,831.0,608.0,214.0,124.0,88.0,16.0,0.0
1504752,1296.5761772853186,1363.3684210526317,1467.0803324099722,1427.94459833795,1290.6814404432132,1149.1634349030471,991.2908587257617,836.0332409972299,700.5872576177285,615.8005540166205,503.0027700831025,412.8531855955679,300.45429362880884,256.31024930747924,192.26592797783934,126.53739612188366,75.39058171745152,36.43213296398892,8.376731301939058,4.742382271468144,1.2853185595567866
1504802,5305.0,6381.0,6935.0,6228.0,4550.0,4316.0,4068.0,3515.0,2913.0,2444.0,2041.0,1934.0,1439.0,1232.0,866.0,651.0,405.0,138.0,75.0,25.0,0.0
1504901,4005.0,4238.0,4216.0,3806.0,3418.0,3038.0,2522.0,2082.0,1628.0,1308.0,1040.0,917.0,602.0,554.0,264.0,308.0,116.0,95.0,40.0,8.0,0.0
1504950,2560.0,2590.0,2633.0,2330.0,1982.0,1787.0,1540.0,1203.0,934.0,704.0,521.0,481.0,377.0,276.0,110.0,92.0,29.0,9.0,0.0,0.0,0.0
1504976,1492.0,1636.0,1719.0,1563.0,1348.0,1247.0,1113.0,880.0,755.0,651.0,580.0,509.0,355.0,363.0,176.0,107.0,115.0,17.0,20.0,0.0,0.0
1505007,1094.0,1309.0,1370.0,1334.0,1261.0,1227.0,1066.0,925.0,825.0,655.0,610.0,504.0,359.0,427.0,293.0,168.0,138.0,55.0,31.0,12.0,7.0
1505031,2435.0,2529.0,2759.0,2407.0,2305.0,2256.0,2167.0,1923.0,1809.0,1546.0,1134.0,773.0,536.0,257.0,193.0,68.0,15.0,11.0,0.0,0.0,0.0
1505064,7054.0,7391.0,7696.0,6692.0,5821.0,5461.0,4743.0,3724.0,3164.0,2665.0,2161.0,1849.0,1371.0,957.0,718.0,392.0,106.0,56.0,18.0,11.0,0.0
1505106,5641.0,5904.0,5865.0,5169.0,4098.0,3993.0,3537.0,2938.0,2493.0,2066.0,1707.0,1684.0,1163.0,1203.0,800.0,398.0,349.0,223.0,93.0,9.0,0.0
1505205,4043.0,4063.0,3959.0,3206.0,2592.0,2256.0,1868.0,1547.0,1190.0,890.0,688.0,676.0,480.0,465.0,287.0,114.0,96.0,80.0,15.0,80.0,0.0
1505304,7371.0,7866.0,8002.0,6715.0,5485.0,5268.0,4613.0,3723.0,3029.0,2563.0,2215.0,1714.0,1337.0,1105.0,800.0,473.0,322.0,102.0,69.0,21.0,0.0
1505403,1570.0,1776.0,1972.0,1816.0,1467.0,1376.0,1211.0,965.0,875.0,733.0,566.0,535.0,417.0,361.0,306.0,171.0,119.0,59.0,16.0,0.0,0.0
1505437,2858.0,2860.0,3000.0,2994.0,2967.0,2831.0,2385.0,1984.0,1667.0,1213.0,797.0,680.0,442.0,299.0,171.0,116.0,52.0,36.0,6.0,0.0,0.0
1505486,4608.0,4492.0,4948.0,4406.0,3866.0,3456.0,2919.0,2385.0,2071.0,1730.0,1481.0,1212.0,1036.0,551.0,455.0,205.0,92.0,52.0,14.0,0.0,0.0
1505494,753.0,822.0,807.0,850.0,669.0,645.0,542.0,429.0,358.0,348.0,307.0,257.0,234.0,153.0,131.0,60.0,66.0,28.0,8.0,0.0,7.0
1505502,10670.0,10806.0,11111.0,10072.0,10528.0,10210.0,8431.0,6750.0,5485.0,4018.0,3447.0,2181.0,1517.0,1112.0,682.0,388.0,262.0,125.0,24.0,0.0,0.0
1505536,16578.0,15263.0,15734.0,15392.0,18437.0,18552.0,14775.0,10915.0,8528.0,6529.0,4970.0,3035.0,1843.0,1392.0,889.0,534.0,341.0,158.0,43.0,0.0,0.0
1505551,539.0,591.0,702.0,670.0,580.0,461.0,461.0,408.0,375.0,268.0,255.0,191.0,172.0,136.0,95.0,66.0,33.0,18.0,13.0,0.0,0.0
1505601,662.0,783.0,853.0,772.0,728.0,684.0,569.0,473.0,449.0,408.0,383.0,281.0,234.0,176.0,155.0,119.0,79.0,28.0,12.0,0.0,6.0
1505635,1303.0,1405.0,1526.0,1269.0,1123.0,1085.0,1008.0,915.0,720.0,597.0,477.0,425.0,308.0,238.0,118.0,98.0,27.0,50.0,5.0,0.0,0.0
1505650,2727.0,2911.0,2722.0,2446.0,2260.0,2394.0,2022.0,1483.0,1184.0,1062.0,807.0,665.0,490.0,354.0,241.0,116.0,33.0,12.0,5.0,0.0,0.0
1505700,2863.0,2996.0,2996.0,2911.0,2613.0,2238.0,1875.0,1578.0,1354.0,1123.0,906.0,785.0,556.0,392.0,312.0,211.0,144.0,80.0,50.0,7.0,8.0
1505809,7846.0,7808.0,7599.0,5704.0,4793.0,4063.0,3231.0,2675.0,1857.0,1530.0,1432.0,972.0,708.0,767.0,422.0,355.0,174.0,78.0,74.0,59.0,24.0
1505908,4952.0,4674.0,4760.0,4059.0,3430.0,2720.0,2179.0,1859.0,1358.0,1018.0,772.0,581.0,352.0,520.0,276.0,215.0,84.0,60.0,66.0,20.0,0.0
1506005,3552.0,4009.0,4213.0,3324.0,2557.0,2287.0,2012.0,1626.0,1380.0,1164.0,1066.0,658.0,476.0,446.0,335.0,127.0,91.0,19.0,7.0,0.0,0.0
1506104,828.0,1118.0,1213.0,1124.0,930.0,831.0,734.0,604.0,565.0,457.0,361.0,363.0,294.0,302.0,223.0,136.0,85.0,45.0,30.0,25.0,0.0
1506112,1122.0,1488.0,1469.0,1399.0,1065.0,1073.0,872.0,738.0,618.0,608.0,519.0,356.0,317.0,261.0,216.0,147.0,80.0,39.0,14.0,10.0,0.0
1506138,6909.0,7351.0,8295.0,7836.0,7294.0,7063.0,6484.0,5574.0,4826.0,3897.0,3008.0,2213.0,1612.0,1235.0,930.0,591.0,308.0,84.0,36.0,10.0,0.0
1506161,1477.0,1653.0,1783.0,1707.0,1693.0,1646.0,1463.0,1281.0,1137.0,954.0,721.0,710.0,542.0,344.0,302.0,152.0,86.0,25.0,21.0,0.0,0.0
1506187,4221.0,4582.0,5018.0,4963.0,4644.0,4526.0,3950.0,3181.0,2902.0,2449.0,1838.0,1512.0,1107.0,812.0,542.0,333.0,232.0,105.0,40.0,0.0,7.0
1506195,4230.0,4703.0,4875.0,4216.0,3902.0,3630.0,3207.0,2481.0,2163.0,1631.0,1409.0,1288.0,894.0,644.0,359.0,151.0,169.0,117.0,0.0,18.0,0.0
1506203,3463.0,3809.0,4330.0,4180.0,3727.0,3486.0,2876.0,2449.0,2095.0,1645.0,1379.0,1198.0,955.0,687.0,397.0,335.0,232.0,76.0,65.0,26.0,11.0
1506302,1997.0,2101.0,2313.0,2270.0,1927.0,1603.0,1482.0,1347.0,1080.0,940.0,758.0,669.0,570.0,403.0,287.0,231.0,142.0,53.0,0.0,9.0,0.0
1506351,1591.0,1758.0,2007.0,1744.0,1668.0,1526.0,1390.0,1187.0,1014.0,771.0,519.0,665.0,497.0,256.0,259.0,130.0,49.0,41.0,47.0,22.0,0.0
1506401,720.0,792.0,916.0,936.0,854.0,754.0,691.0,535.0,432.0,403.0,280.0,239.0,191.0,153.0,109.0,72.0,43.0,31.0,4.0,0.0,0.0
1506500,4992.0,5464.0,6053.0,6179.0,6470.0,6254.0,5327.0,4426.0,3656.0,2698.0,2344.0,1473.0,1494.0,886.0,793.0,434.0,337.0,103.0,52.0,31.0,0.0
1506559,1938.0,2201.0,2422.0,2244.0,1922.0,1681.0,1319.0,1190.0,927.0,806.0,781.0,468.0,470.0,353.0,307.0,213.0,116.0,60.0,0.0,7.0,0.0
1506583,1612.0,1841.0,1867.0,1569.0,1307.0,1434.0,1301.0,1126.0,1163.0,973.0,831.0,826.0,486.0,404.0,185.0,144.0,88.0,31.0,11.0,8.0,0.0
1506609,1909.0,2287.0,2333.0,2419.0,2156.0,2146.0,1815.0,1668.0,1436.0,1142.0,812.0,911.0,567.0,490.0,415.0,290.0,106.0,70.0,54.0,0.0,0.0
1506708,5261.0,6154.0,6486.0,5262.0,5918.0,5427.0,5411.0,4280.0,3315.0,2505.0,2021.0,1350.0,983.0,822.0,477.0,295.0,104.0,59.0,24.0,0.0,0.0
1506807,27957.42382271468,29397.631578947367,31633.919667590028,30790.055401662048,27830.318559556785,24778.836565096954,21374.709141274237,18026.96675900277,15106.412742382272,13278.199445983379,10845.997229916897,8902.146814404432,6478.545706371191,5526.689750692521,4145.734072022161,2728.462603878116,1625.6094182825484,785.5678670360111,180.62326869806094,102.25761772853186,27.71468144044321
1506906,651.0,661.0,806.0,697.0,513.0,547.0,444.0,370.0,288.0,259.0,200.0,187.0,172.0,133.0,89.0,59.0,35.0,18.0,6.0,6.0,0.0
1507003,2532.0,2695.0,3050.0,2957.0,2527.0,2324.0,2132.0,1719.0,1382.0,1160.0,1118.0,807.0,670.0,667.0,382.0,292.0,94.0,90.0,55.0,11.0,8.0
1507102,1515.0,1742.0,1943.0,1855.0,1593.0,1445.0,1210.0,1059.0,885.0,736.0,669.0,610.0,397.0,465.0,371.0,178.0,142.0,39.0,22.0,11.0,5.0
1507151,2407.0,2593.0,2764.0,2555.0,2055.0,1928.0,1761.0,1379.0,1167.0,991.0,771.0,789.0,730.0,380.0,305.0,278.0,142.0,95.0,21.0,19.0,0.0
1507201,3902.0,3857.0,4011.0,3321.0,2701.0,2332.0,2029.0,1650.0,1343.0,995.0,855.0,768.0,555.0,682.0,380.0,227.0,132.0,43.0,41.0,22.0,0.0
1507300,7848.0,9510.0,9740.0,8776.0,9920.0,9572.0,9196.0,7285.0,6054.0,4146.0,3352.0,2145.0,1661.0,1004.0,623.0,317.0,146.0,39.0,5.0,0.0,0.0
1507409,1256.0,1449.0,1625.0,1574.0,1421.0,1351.0,1208.0,914.0,822.0,757.0,619.0,592.0,414.0,376.0,273.0,142.0,147.0,74.0,28.0,13.0,4.0
1507458,2448.0,2684.0,3012.0,2657.0,2357.0,2297.0,1983.0,1674.0,1461.0,1136.0,940.0,886.0,617.0,522.0,426.0,263.0,143.0,47.0,33.0,0.0,0.0
1507466,563.0,568.0,578.0,575.0,480.0,405.0,351.0,301.0,270.0,244.0,192.0,215.0,145.0,123.0,88.0,58.0,64.0,30.0,8.0,6.0,2.0
1507474,2002.0,2273.0,2435.0,2285.0,1954.0,1720.0,1449.0,1220.0,960.0,879.0,756.0,701.0,524.0,556.0,373.0,267.0,133.0,84.0,33.0,16.0,27.0
1507508,1396.0,1480.0,1631.0,1465.0,1145.0,1020.0,932.0,696.0,707.0,658.0,539.0,430.0,350.0,250.0,208.0,124.0,74.0,20.0,23.0,0.0,7.0
1507607,5290.0,5794.0,6014.0,5603.0,5048.0,4619.0,3867.0,3254.0,2710.0,2167.0,1838.0,1362.0,1172.0,1064.0,694.0,476.0,347.0,140.0,86.0,23.0,0.0
1507706,2714.0,2809.0,2838.0,2719.0,2377.0,1993.0,1524.0,1302.0,991.0,857.0,727.0,495.0,447.0,341.0,304.0,211.0,104.0,73.0,66.0,13.0,0.0
1507755,460.0,511.0,565.0,493.0,506.0,457.0,411.0,342.0,357.0,283.0,187.0,187.0,103.0,89.0,45.0,32.0,13.0,3.0,4.0,0.0,0.0
1507805,1571.0,1635.0,1658.0,1314.0,1118.0,1117.0,982.0,788.0,675.0,620.0,450.0,395.0,282.0,174.0,134.0,64.0,44.0,19.0,5.0,0.0,0.0
1507904,2103.0,2299.0,2581.0,2549.0,2112.0,2046.0,1656.0,1464.0,1332.0,1041.0,957.0,752.0,595.0,506.0,463.0,321.0,80.0,78.0,43.0,24.0,0.0
1507953,8690.0,9503.0,9578.0,8318.0,9072.0,8803.0,7362.0,5136.0,3874.0,2742.0,1907.0,1463.0,894.0,1037.0,520.0,213.0,117.0,68.0,0.0,0.0,0.0
1507961,920.0,1072.0,1292.0,1177.0,868.0,882.0,690.0,631.0,586.0,452.0,331.0,363.0,294.0,251.0,232.0,109.0,69.0,30.0,13.0,0.0,0.0
1507979,1659.0,1995.0,2200.0,1992.0,1441.0,1445.0,1340.0,968.0,792.0,649.0,582.0,490.0,387.0,321.0,217.0,210.0,127.0,61.0,68.0,6.0,0.0
1508001,6482.0,6426.0,6749.0,6331.0,5563.0,4971.0,4356.0,3522.0,2917.0,2177.0,1786.0,1503.0,1248.0,892.0,775.0,460.0,190.0,109.0,41.0,12.0,9.0
1508035,3010.0,3103.0,3384.0,3153.0,2586.0,2301.0,1931.0,1577.0,1320.0,1104.0,979.0,888.0,646.0,537.0,387.0,375.0,66.0,85.0,12.0,11.0,0.0
1508050,1901.0,1839.0,1860.0,1699.0,1758.0,1756.0,1444.0,1087.0,851.0,749.0,679.0,467.0,287.0,297.0,111.0,55.0,20.0,0.0,10.0,5.0,0.0
1508084,3236.0,3275.0,3484.0,3587.0,3449.0,3285.0,2914.0,2335.0,2073.0,1704.0,1250.0,1081.0,720.0,531.0,343.0,261.0,98.0,50.0,0.0,15.0,0.0
1508100,9918.0,10157.0,10966.0,10530.0,10389.0,9507.0,8112.0,6405.0,5284.0,4365.0,3474.0,2873.0,1796.0,1265.0,852.0,625.0,345.0,150.0,90.0,18.0,7.0
1508126,4725.0,5031.0,5092.0,4141.0,4981.0,4089.0,4294.0,3300.0,2221.0,1497.0,1410.0,960.0,744.0,371.0,226.0,129.0,88.0,21.0,11.0,10.0,0.0
1508159,4950.0,4846.0,5082.0,4669.0,4447.0,4418.0,3913.0,2855.0,2409.0,1916.0,1731.0,1088.0,810.0,842.0,459.0,180.0,102.0,50.0,0.0,15.0,7.0
1508209,4270.0,4724.0,5076.0,5182.0,4807.0,4450.0,3823.0,3123.0,2623.0,2116.0,1870.0,1633.0,1142.0,1178.0,821.0,589.0,163.0,169.0,77.0,54.0,0.0
1508308,7110.0,7461.0,7456.0,6341.0,5236.0,4661.0,3577.0,2975.0,2453.0,2099.0,1813.0,1587.0,1188.0,935.0,875.0,469.0,280.0,112.0,78.0,10.0,0.0
1508357,1245.0,1271.0,1617.0,1582.0,1447.0,1219.0,1170.0,778.0,765.0,558.0,472.0,440.0,284.0,224.0,168.0,108.0,37.0,34.0,12.0,0.0,0.0
1508407,3764.0,4022.0,4349.0,4035.0,3991.0,3928.0,3487.0,2913.0,2509.0,2097.0,1742.0,1137.0,839.0,697.0,496.0,346.0,127.0,52.0,29.0,12.0,0.0
1600055,480.0,574.0,552.0,438.0,389.0,402.0,352.0,285.0,221.0,197.0,132.0,152.0,77.0,70.0,31.0,8.0,20.0,0.0,0.0,0.0,0.0
1600105,833.0,1030.0,1060.0,886.0,757.0,696.0,617.0,499.0,402.0,312.0,248.0,229.0,166.0,119.0,79.0,57.0,39.0,23.0,10.0,0.0,7.0
1600154,1324.0,1362.0,1323.0,1050.0,1094.0,952.0,778.0,638.0,592.0,453.0,344.0,306.0,184.0,156.0,83.0,69.0,49.0,0.0,10.0,5.0,0.0
1600204,1124.0,1138.0,1148.0,840.0,753.0,735.0,652.0,560.0,531.0,448.0,366.0,257.0,189.0,91.0,88.0,36.0,19.0,19.0,5.0,0.0,0.0
1600212,588.0,660.0,646.0,555.0,432.0,383.0,310.0,260.0,210.0,175.0,172.0,90.0,61.0,56.0,47.0,20.0,13.0,12.0,4.0,2.0,0.0
1600238,720.0,716.0,666.0,653.0,496.0,428.0,480.0,363.0,263.0,176.0,199.0,176.0,176.0,108.0,75.0,58.0,13.0,14.0,0.0,14.0,7.0
1600253,493.0,610.0,592.0,492.0,377.0,332.0,301.0,215.0,221.0,146.0,144.0,97.0,48.0,84.0,49.0,38.0,17.0,6.0,0.0,0.0,2.0
1600279,4476.0,4778.0,4999.0,4447.0,3934.0,3639.0,3163.0,2575.0,2187.0,1807.0,1296.0,919.0,606.0,434.0,298.0,202.0,108.0,7.0,48.0,19.0,0.0
1600303,39374.0,39802.0,45031.0,42777.0,41773.0,39637.0,34538.0,29403.0,23139.0,17858.0,14241.0,9888.0,6722.0,5058.0,3476.0,2661.0,1381.0,724.0,377.0,170.0,173.0
1600402,2208.0,2419.0,2461.0,2025.0,1479.0,1261.0,1031.0,908.0,749.0,661.0,528.0,360.0,275.0,304.0,173.0,71.0,36.0,31.0,35.0,16.0,0.0
1600501,2594.0,2484.0,2430.0,2233.0,2012.0,1850.0,1635.0,1441.0,1145.0,898.0,728.0,367.0,219.0,232.0,124.0,45.0,48.0,6.0,0.0,18.0,0.0
1600535,1934.0,2094.0,2122.0,1803.0,1490.0,1450.0,1262.0,1081.0,903.0,764.0,580.0,458.0,278.0,263.0,145.0,81.0,44.0,33.0,6.0,0.0,17.0
1600550,566.0,575.0,512.0,348.0,329.0,315.0,273.0,205.0,163.0,137.0,108.0,86.0,66.0,39.0,34.0,19.0,14.0,5.0,0.0,0.0,0.0
1600600,10234.0,10976.0,12101.0,11742.0,10833.0,9701.0,8127.0,6878.0,5354.0,3955.0,3013.0,2675.0,1626.0,1603.0,849.0,754.0,423.0,185.0,77.0,113.0,44.0
1600709,1641.0,1765.0,1739.0,1424.0,1127.0,911.0,745.0,673.0,542.0,487.0,451.0,349.0,203.0,228.0,154.0,48.0,34.0,29.0,3.0,11.0,0.0
1600808,1460.0,1519.0,1722.0,1530.0,1234.0,1071.0,933.0,703.0,592.0,448.0,369.0,272.0,178.0,154.0,69.0,95.0,29.0,36.0,12.0,0.0,0.0
1700251,226.0,278.0,249.0,189.0,163.0,208.0,196.0,151.0,133.0,128.0,133.0,106.0,87.0,62.0,47.0,15.0,15.0,0.0,4.0,0.0,0.0
1700301,577.0,588.0,560.0,534.0,526.0,499.0,436.0,317.0,248.0,208.0,195.0,121.0,113.0,89.0,52.0,43.0,32.0,11.0,7.0,7.0,0.0
1700350,405.0,517.0,590.0,562.0,432.0,410.0,458.0,395.0,355.0,307.0,289.0,256.0,197.0,164.0,120.0,110.0,55.0,32.0,9.0,8.0,0.0
1700400,736.0,789.0,960.0,811.0,584.0,566.0,479.0,478.0,449.0,362.0,349.0,247.0,241.0,179.0,170.0,68.0,60.0,37.0,13.0,3.0,7.0
1700707,627.0,779.0,792.0,764.0,729.0,703.0,678.0,627.0,575.0,502.0,418.0,303.0,245.0,249.0,172.0,107.0,40.0,24.0,23.0,18.0,0.0
1701002,941.0,984.0,1162.0,1090.0,834.0,831.0,747.0,638.0,568.0,437.0,338.0,363.0,285.0,222.0,156.0,127.0,108.0,18.0,15.0,0.0,0.0
1701051,294.0,318.0,356.0,324.0,266.0,240.0,232.0,191.0,213.0,159.0,154.0,93.0,90.0,87.0,57.0,48.0,28.0,10.0,11.0,4.0,0.0
1701101,413.0,424.0,446.0,399.0,293.0,357.0,316.0,305.0,230.0,217.0,169.0,182.0,129.0,132.0,93.0,62.0,24.0,11.0,9.0,2.0,0.0
1701309,537.0,583.0,610.0,576.0,433.0,396.0,443.0,374.0,383.0,347.0,303.0,292.0,218.0,182.0,131.0,39.0,17.0,13.0,0.0,0.0,4.0
1701903,547.0,700.0,730.0,629.0,507.0,467.0,424.0,372.0,410.0,336.0,331.0,262.0,169.0,166.0,102.0,72.0,46.0,38.0,5.0,2.0,2.0
1702000,594.0,698.0,851.0,709.0,639.0,673.0,739.0,711.0,675.0,512.0,410.0,463.0,323.0,269.0,168.0,191.0,98.0,33.0,30.0,0.0,0.0
1702109,12998.0,12951.0,14406.0,15666.0,17054.0,14999.0,13250.0,10917.0,9427.0,7403.0,5943.0,4398.0,3486.0,2582.0,1955.0,1531.0,832.0,367.0,213.0,59.0,46.0
1702158,505.0,509.0,639.0,561.0,406.0,399.0,371.0,315.0,285.0,255.0,210.0,151.0,120.0,117.0,98.0,34.0,35.0,8.0,8.0,4.0,0.0
1702208,3150.0,3501.0,3762.0,3261.0,2737.0,2546.0,2448.0,1826.0,1656.0,1414.0,1233.0,982.0,811.0,750.0,520.0,376.0,216.0,93.0,47.0,0.0,0.0
1702307,546.0,639.0,817.0,688.0,538.0,563.0,561.0,457.0,406.0,318.0,288.0,267.0,194.0,171.0,120.0,111.0,26.0,23.0,11.0,0.0,0.0
1702406,865.0,975.0,1277.0,1082.0,899.0,776.0,771.0,692.0,587.0,540.0,587.0,394.0,315.0,294.0,279.0,159.0,79.0,34.0,40.0,0.0,0.0
1702554,1505.0,1599.0,1785.0,1754.0,1579.0,1451.0,1221.0,921.0,823.0,702.0,617.0,546.0,399.0,390.0,327.0,157.0,85.0,52.0,28.0,9.0,0.0
1702703,272.0,319.0,344.0,271.0,271.0,276.0,280.0,255.0,220.0,208.0,148.0,161.0,105.0,132.0,75.0,57.0,27.0,11.0,8.0,0.0,5.0
1702901,885.0,1070.0,1059.0,1003.0,838.0,745.0,695.0,496.0,490.0,414.0,302.0,357.0,231.0,253.0,186.0,135.0,67.0,17.0,28.0,4.0,0.0
1703008,818.0,902.0,1065.0,989.0,909.0,894.0,827.0,679.0,646.0,576.0,524.0,439.0,335.0,289.0,197.0,116.0,133.0,56.0,13.0,13.0,5.0
1703057,281.0,352.0,342.0,249.0,257.0,294.0,290.0,227.0,196.0,145.0,94.0,129.0,94.0,69.0,63.0,29.0,8.0,0.0,4.0,0.0,0.0
1703073,417.0,503.0,539.0,422.0,324.0,316.0,281.0,239.0,205.0,193.0,167.0,144.0,108.0,96.0,67.0,48.0,34.0,17.0,3.0,0.0,0.0
1703107,397.0,494.0,529.0,494.0,442.0,463.0,423.0,375.0,368.0,311.0,268.0,207.0,176.0,137.0,114.0,78.0,51.0,14.0,5.0,3.0,0.0
1703206,378.0,405.0,481.0,449.0,354.0,368.0,375.0,347.0,288.0,272.0,166.0,163.0,148.0,104.0,78.0,35.0,27.0,8.0,10.0,0.0,0.0
1703305,378.0,398.0,423.0,398.0,339.0,369.0,292.0,212.0,211.0,157.0,142.0,144.0,83.0,71.0,63.0,43.0,33.0,7.0,0.0,4.0,0.0
1703602,167.0,222.0,216.0,197.0,172.0,139.0,168.0,153.0,151.0,101.0,90.0,74.0,57.0,47.0,56.0,33.0,16.0,2.0,2.0,0.0,0.0
1703701,441.0,516.0,520.0,565.0,454.0,396.0,367.0,330.0,331.0,243.0,234.0,180.0,151.0,151.0,120.0,68.0,57.0,39.0,23.0,0.0,0.0
1703800,877.0,987.0,1141.0,1132.0,1083.0,833.0,726.0,553.0,505.0,440.0,425.0,236.0,270.0,214.0,134.0,113.0,49.0,23.0,13.0,13.0,0.0
1703826,229.0,218.0,289.0,229.0,163.0,182.0,155.0,122.0,109.0,92.0,97.0,67.0,50.0,47.0,36.0,37.0,16.0,7.0,3.0,0.0,0.0
1703842,964.0,1075.0,1146.0,909.0,699.0,689.0,507.0,431.0,418.0,310.0,297.0,223.0,144.0,135.0,77.0,56.0,36.0,11.0,13.0,0.0,0.0
1703867,303.0,290.0,333.0,341.0,360.0,373.0,326.0,303.0,243.0,221.0,186.0,126.0,108.0,91.0,65.0,39.0,23.0,6.0,10.0,4.0,5.0
1703883,212.0,229.0,267.0,262.0,192.0,186.0,156.0,144.0,156.0,118.0,118.0,74.0,75.0,50.0,35.0,22.0,7.0,9.0,2.0,0.0,2.0
1703891,431.0,448.0,468.0,397.0,374.0,291.0,228.0,175.0,197.0,131.0,132.0,139.0,82.0,77.0,39.0,39.0,19.0,13.0,4.0,0.0,3.0
1703909,437.0,513.0,505.0,413.0,373.0,344.0,361.0,286.0,300.0,250.0,221.0,183.0,141.0,124.0,61.0,44.0,37.0,4.0,3.0,0.0,3.0
1704105,202.0,275.0,299.0,241.0,224.0,199.0,167.0,153.0,149.0,146.0,130.0,93.0,87.0,65.0,61.0,37.0,15.0,11.0,8.0,3.0,2.0
1704600,97.0,101.0,134.0,128.0,94.0,89.0,117.0,81.0,86.0,97.0,74.0,69.0,58.0,46.0,37.0,13.0,4.0,5.0,5.0,0.0,0.0
1705102,306.0,326.0,379.0,336.0,222.0,237.0,197.0,211.0,244.0,172.0,130.0,142.0,153.0,83.0,59.0,43.0,9.0,20.0,5.0,2.0,0.0
1705508,2716.0,2805.0,3035.0,3101.0,3084.0,2726.0,2625.0,2153.0,2069.0,1575.0,1274.0,1035.0,869.0,602.0,452.0,400.0,197.0,65.0,56.0,0.0,0.0
1705557,410.0,443.0,476.0,429.0,396.0,437.0,381.0,332.0,297.0,262.0,233.0,140.0,150.0,102.0,67.0,63.0,32.0,13.0,3.0,4.0,0.0
1705607,392.0,442.0,574.0,482.0,324.0,243.0,256.0,232.0,251.0,214.0,174.0,142.0,142.0,95.0,74.0,87.0,38.0,18.0,3.0,0.0,0.0
1706001,488.0,490.0,554.0,503.0,397.0,421.0,378.0,279.0,285.0,283.0,306.0,172.0,156.0,120.0,71.0,47.0,38.0,21.0,0.0,0.0,0.0
1706100,522.0,702.0,701.0,661.0,506.0,534.0,545.0,522.0,502.0,463.0,403.0,322.0,209.0,193.0,147.0,156.0,54.0,56.0,27.0,9.0,0.0
1706258,115.0,180.0,166.0,116.0,100.0,123.0,143.0,117.0,101.0,81.0,94.0,72.0,59.0,36.0,25.0,7.0,16.0,8.0,4.0,2.0,0.0
1706506,528.0,517.0,621.0,495.0,475.0,408.0,427.0,336.0,289.0,240.0,256.0,183.0,140.0,123.0,109.0,76.0,31.0,10.0,8.0,0.0,0.0
1707009,1720.0,1943.0,2322.0,2056.0,1768.0,1641.0,1500.0,1232.0,1041.0,938.0,730.0,640.0,486.0,352.0,290.0,224.0,141.0,69.0,10.0,10.0,0.0
1707108,509.0,599.0,658.0,572.0,504.0,485.0,485.0,423.0,385.0,360.0,384.0,264.0,222.0,188.0,133.0,78.0,88.0,15.0,8.0,3.0,0.0
1707207,577.0,641.0,732.0,534.0,483.0,597.0,563.0,499.0,491.0,455.0,397.0,382.0,286.0,181.0,134.0,118.0,43.0,27.0,17.0,3.0,0.0
1707306,405.0,397.0,447.0,419.0,381.0,368.0,342.0,303.0,290.0,271.0,199.0,246.0,148.0,136.0,104.0,71.0,38.0,17.0,6.0,3.0,0.0
1707405,1010.0,1146.0,1191.0,991.0,912.0,797.0,689.0,482.0,445.0,390.0,348.0,326.0,192.0,231.0,132.0,104.0,63.0,23.0,5.0,0.0,0.0
1707553,276.0,386.0,427.0,331.0,318.0,295.0,288.0,282.0,219.0,207.0,178.0,158.0,159.0,69.0,109.0,54.0,27.0,11.0,12.0,0.0,0.0
1707652,351.0,426.0,561.0,426.0,417.0,395.0,418.0,370.0,389.0,349.0,257.0,264.0,207.0,175.0,159.0,86.0,53.0,31.0,0.0,6.0,0.0
1707702,802.0,872.0,971.0,899.0,676.0,671.0,605.0,531.0,449.0,399.0,382.0,292.0,280.0,231.0,175.0,92.0,105.0,33.0,33.0,3.0,4.0
1708205,1479.0,1836.0,1987.0,1797.0,1513.0,1425.0,1500.0,1314.0,1256.0,1035.0,837.0,697.0,521.0,410.0,371.0,211.0,131.0,65.0,33.0,6.0,4.0
1708254,216.0,194.0,278.0,256.0,197.0,209.0,193.0,177.0,168.0,124.0,117.0,80.0,49.0,53.0,47.0,33.0,20.0,9.0,0.0,0.0,0.0
1708304,404.0,494.0,571.0,449.0,363.0,383.0,369.0,357.0,343.0,285.0,210.0,223.0,181.0,124.0,97.0,58.0,27.0,14.0,5.0,0.0,0.0
1709005,1314.0,1487.0,1495.0,1246.0,1003.0,848.0,771.0,609.0,662.0,548.0,453.0,414.0,336.0,296.0,250.0,121.0,80.0,54.0,73.0,4.0,0.0
1709302,1803.0,2027.0,2242.0,2279.0,2057.0,2124.0,2030.0,1750.0,1487.0,1388.0,963.0,906.0,796.0,386.0,347.0,311.0,202.0,46.0,45.0,0.0,10.0
1709500,5971.0,6254.0,6900.0,7516.0,8075.0,7302.0,6780.0,5802.0,5227.0,4560.0,3541.0,2572.0,2143.0,1417.0,984.0,629.0,601.0,295.0,140.0,46.0,0.0
1709807,152.0,184.0,170.0,135.0,135.0,157.0,130.0,100.0,92.0,71.0,65.0,66.0,63.0,42.0,35.0,19.0,12.0,3.0,6.0,0.0,2.0
1710508,719.0,781.0,800.0,695.0,521.0,531.0,502.0,453.0,393.0,368.0,287.0,278.0,213.0,174.0,164.0,116.0,51.0,24.0,22.0,8.0,3.0
1710706,597.0,637.0,730.0,578.0,479.0,481.0,425.0,330.0,333.0,322.0,257.0,234.0,194.0,147.0,121.0,83.0,62.0,7.0,7.0,6.0,0.0
1710904,287.0,362.0,366.0,354.0,238.0,283.0,288.0,238.0,202.0,170.0,183.0,167.0,93.0,106.0,70.0,62.0,36.0,14.0,13.0,0.0,0.0
1711100,216.0,214.0,259.0,229.0,198.0,207.0,190.0,189.0,163.0,133.0,87.0,115.0,78.0,72.0,53.0,13.0,6.0,18.0,5.0,0.0,0.0
1711506,277.0,339.0,323.0,277.0,210.0,257.0,251.0,266.0,247.0,212.0,201.0,165.0,165.0,105.0,102.0,47.0,27.0,15.0,18.0,3.0,0.0
1711803,193.0,225.0,238.0,234.0,165.0,195.0,164.0,142.0,145.0,145.0,105.0,81.0,63.0,55.0,30.0,33.0,13.0,2.0,0.0,0.0,2.0
1711902,1127.0,1123.0,1050.0,988.0,893.0,927.0,834.0,794.0,630.0,515.0,367.0,318.0,201.0,181.0,138.0,71.0,28.0,5.0,20.0,0.0,0.0
1711951,443.0,441.0,448.0,380.0,233.0,259.0,231.0,177.0,182.0,146.0,143.0,134.0,80.0,80.0,59.0,38.0,22.0,20.0,5.0,3.0,0.0
1712009,264.0,283.0,295.0,269.0,210.0,251.0,245.0,210.0,127.0,144.0,115.0,134.0,72.0,62.0,32.0,20.0,18.0,12.0,4.0,4.0,2.0
1712157,165.0,163.0,161.0,143.0,116.0,132.0,135.0,112.0,98.0,84.0,98.0,65.0,47.0,37.0,14.0,10.0,14.0,8.0,0.0,1.0,0.0
1712405,362.0,415.0,493.0,376.0,282.0,211.0,211.0,201.0,212.0,209.0,207.0,137.0,89.0,118.0,87.0,43.0,38.0,16.0,12.0,7.0,0.0
1712454,272.0,280.0,282.0,240.0,227.0,216.0,188.0,160.0,145.0,127.0,124.0,85.0,88.0,61.0,57.0,42.0,15.0,6.0,4.0,3.0,0.0
1712504,397.0,435.0,474.0,378.0,355.0,338.0,334.0,324.0,275.0,259.0,223.0,167.0,126.0,120.0,64.0,53.0,23.0,7.0,0.0,0.0,0.0
1712702,279.0,255.0,282.0,263.0,194.0,158.0,156.0,149.0,116.0,98.0,79.0,49.0,45.0,39.0,22.0,17.0,16.0,6.0,0.0,0.0,0.0
1712801,325.0,339.0,407.0,295.0,270.0,222.0,228.0,186.0,188.0,165.0,124.0,117.0,82.0,71.0,52.0,36.0,26.0,11.0,8.0,3.0,0.0
1713205,1769.0,1985.0,2311.0,2111.0,1886.0,1771.0,1683.0,1420.0,1279.0,1102.0,899.0,687.0,546.0,372.0,364.0,200.0,141.0,105.0,44.0,0.0,8.0
1713304,975.0,1142.0,1250.0,1152.0,1057.0,1069.0,1064.0,916.0,785.0,672.0,643.0,470.0,451.0,301.0,238.0,216.0,62.0,91.0,43.0,13.0,13.0
1713601,655.0,644.0,743.0,717.0,459.0,440.0,475.0,410.0,353.0,378.0,380.0,311.0,259.0,160.0,131.0,113.0,53.0,14.0,12.0,8.0,0.0
1713700,143.0,187.0,226.0,171.0,155.0,164.0,131.0,175.0,152.0,126.0,110.0,89.0,69.0,85.0,50.0,32.0,21.0,0.0,0.0,0.0,0.0
1713809,539.0,571.0,659.0,618.0,555.0,460.0,427.0,359.0,336.0,262.0,198.0,210.0,154.0,124.0,110.0,85.0,37.0,20.0,7.0,9.0,0.0
1713957,315.0,342.0,353.0,323.0,249.0,251.0,231.0,187.0,176.0,148.0,176.0,88.0,96.0,66.0,60.0,37.0,40.0,12.0,0.0,2.0,0.0
1714203,802.0,790.0,984.0,947.0,776.0,704.0,629.0,573.0,546.0,486.0,415.0,339.0,292.0,229.0,145.0,174.0,89.0,58.0,14.0,8.0,0.0
1714302,365.0,447.0,449.0,402.0,362.0,344.0,327.0,285.0,234.0,223.0,232.0,135.0,150.0,141.0,115.0,81.0,67.0,12.0,10.0,3.0,0.0
1714880,1084.0,1077.0,1118.0,1032.0,960.0,877.0,822.0,656.0,629.0,522.0,462.0,401.0,309.0,295.0,231.0,103.0,62.0,24.0,10.0,5.0,6.0
1715002,293.0,361.0,408.0,321.0,290.0,240.0,295.0,230.0,232.0,235.0,158.0,206.0,135.0,107.0,106.0,81.0,39.0,13.0,21.0,0.0,0.0
1715101,352.0,408.0,432.0,446.0,296.0,281.0,229.0,207.0,221.0,212.0,154.0,137.0,113.0,113.0,61.0,51.0,31.0,9.0,9.0,0.0,0.0
1715150,176.0,187.0,236.0,212.0,179.0,202.0,195.0,176.0,150.0,131.0,78.0,106.0,63.0,86.0,50.0,35.0,21.0,2.0,2.0,0.0,0.0
1715259,261.0,322.0,296.0,238.0,191.0,193.0,180.0,153.0,132.0,130.0,98.0,59.0,77.0,40.0,29.0,30.0,19.0,5.0,3.0,1.0,0.0
1715507,94.0,108.0,118.0,79.0,82.0,92.0,101.0,67.0,57.0,41.0,39.0,42.0,23.0,39.0,27.0,6.0,13.0,9.0,0.0,0.0,0.0
1715705,465.0,536.0,610.0,498.0,338.0,366.0,342.0,326.0,295.0,266.0,244.0,190.0,168.0,107.0,97.0,64.0,32.0,5.0,4.0,2.0,0.0
1715754,543.0,657.0,695.0,626.0,589.0,646.0,594.0,502.0,504.0,468.0,408.0,316.0,251.0,188.0,155.0,111.0,23.0,33.0,22.0,7.0,0.0
1716109,3657.0,3779.0,4071.0,4319.0,4281.0,4273.0,3852.0,3465.0,3132.0,2533.0,2101.0,1274.0,1192.0,905.0,620.0,441.0,294.0,170.0,31.0,7.0,21.0
1716208,1001.0,1066.0,1181.0,1066.0,862.0,794.0,695.0,601.0,606.0,539.0,409.0,445.0,322.0,252.0,210.0,83.0,131.0,56.0,10.0,9.0,0.0
1716307,401.0,418.0,532.0,504.0,384.0,349.0,321.0,311.0,289.0,250.0,213.0,177.0,138.0,116.0,93.0,54.0,12.0,13.0,6.0,6.0,0.0
1716505,992.0,987.0,1159.0,1126.0,1189.0,1177.0,1072.0,831.0,632.0,562.0,496.0,319.0,277.0,221.0,168.0,147.0,71.0,60.0,53.0,0.0,0.0
1716604,874.0,935.0,1103.0,937.0,741.0,813.0,849.0,745.0,672.0,624.0,552.0,437.0,378.0,287.0,173.0,95.0,117.0,38.0,5.0,9.0,0.0
1716653,392.0,529.0,564.0,481.0,387.0,365.0,400.0,355.0,362.0,298.0,181.0,236.0,144.0,136.0,99.0,56.0,34.0,16.0,12.0,6.0,0.0
1716703,620.0,707.0,860.0,775.0,677.0,664.0,742.0,625.0,648.0,481.0,373.0,407.0,299.0,258.0,204.0,126.0,78.0,52.0,14.0,0.0,0.0
1717008,422.0,470.0,451.0,466.0,348.0,356.0,298.0,284.0,277.0,258.0,183.0,227.0,173.0,104.0,80.0,56.0,29.0,10.0,9.0,5.0,0.0
1717206,235.0,297.0,285.0,277.0,222.0,243.0,246.0,189.0,181.0,159.0,154.0,133.0,120.0,86.0,51.0,23.0,14.0,3.0,0.0,2.0,0.0
1717503,592.0,652.0,698.0,640.0,508.0,533.0,490.0,460.0,393.0,409.0,300.0,280.0,199.0,200.0,144.0,83.0,64.0,36.0,10.0,3.0,0.0
1717800,408.0,400.0,543.0,435.0,329.0,314.0,317.0,304.0,258.0,239.0,216.0,198.0,163.0,155.0,101.0,78.0,44.0,24.0,10.0,8.0,0.0
1717909,682.0,729.0,772.0,738.0,581.0,572.0,492.0,431.0,468.0,365.0,369.0,225.0,241.0,170.0,145.0,94.0,62.0,26.0,11.0,7.0,0.0
1718006,255.0,281.0,362.0,309.0,220.0,209.0,195.0,162.0,149.0,137.0,123.0,105.0,67.0,102.0,52.0,48.0,12.0,5.0,0.0,3.0,0.0
1718204,4193.0,4464.0,4958.0,5103.0,4876.0,4510.0,4031.0,3418.0,3010.0,2464.0,2136.0,1582.0,1318.0,972.0,735.0,642.0,383.0,210.0,116.0,12.0,13.0
1718303,821.0,981.0,1020.0,813.0,690.0,611.0,556.0,393.0,326.0,269.0,249.0,273.0,193.0,187.0,96.0,93.0,31.0,31.0,18.0,4.0,5.0
1718402,304.0,387.0,377.0,393.0,292.0,268.0,274.0,269.0,229.0,199.0,157.0,127.0,122.0,101.0,75.0,66.0,22.0,18.0,3.0,0.0,0.0
1718451,253.0,254.0,256.0,226.0,194.0,184.0,181.0,178.0,152.0,126.0,84.0,92.0,70.0,40.0,42.0,12.0,19.0,0.0,6.0,0.0,0.0
1718501,408.0,511.0,463.0,386.0,301.0,278.0,243.0,207.0,191.0,181.0,166.0,111.0,99.0,85.0,58.0,29.0,28.0,13.0,10.0,0.0,0.0
1718550,407.0,427.0,502.0,422.0,334.0,343.0,334.0,218.0,226.0,222.0,196.0,150.0,129.0,91.0,73.0,83.0,17.0,14.0,0.0,4.0,0.0
1718659,139.0,223.0,220.0,198.0,163.0,159.0,124.0,103.0,78.0,67.0,62.0,38.0,43.0,29.0,31.0,21.0,7.0,6.0,0.0,3.0,0.0
1718709,229.0,249.0,249.0,236.0,207.0,212.0,227.0,156.0,146.0,161.0,107.0,147.0,79.0,47.0,45.0,24.0,22.0,15.0,8.0,3.0,0.0
1718758,528.0,622.0,752.0,652.0,508.0,413.0,368.0,381.0,357.0,363.0,323.0,249.0,238.0,167.0,135.0,107.0,63.0,11.0,17.0,0.0,0.0
1718808,415.0,501.0,543.0,409.0,315.0,312.0,284.0,209.0,197.0,162.0,143.0,80.0,78.0,71.0,62.0,42.0,28.0,8.0,4.0,0.0,0.0
1718840,282.0,304.0,303.0,268.0,231.0,255.0,282.0,267.0,231.0,209.0,170.0,175.0,145.0,88.0,57.0,26.0,24.0,5.0,4.0,0.0,0.0
1718865,635.0,709.0,800.0,731.0,639.0,536.0,546.0,407.0,385.0,309.0,229.0,216.0,127.0,143.0,76.0,56.0,32.0,15.0,2.0,2.0,3.0
1718881,275.0,281.0,306.0,291.0,219.0,224.0,194.0,180.0,176.0,167.0,157.0,115.0,94.0,78.0,41.0,45.0,25.0,18.0,6.0,2.0,0.0
1718899,183.0,219.0,238.0,162.0,140.0,158.0,175.0,171.0,141.0,127.0,109.0,93.0,85.0,61.0,26.0,25.0,6.0,5.0,1.0,0.0,2.0
1718907,436.0,514.0,578.0,429.0,303.0,323.0,304.0,269.0,272.0,241.0,254.0,151.0,139.0,129.0,89.0,42.0,60.0,28.0,7.0,0.0,0.0
1719004,269.0,219.0,305.0,276.0,206.0,196.0,165.0,147.0,167.0,125.0,109.0,111.0,49.0,56.0,75.0,24.0,13.0,5.0,3.0,0.0,3.0
1720002,209.0,256.0,283.0,287.0,233.0,189.0,164.0,147.0,147.0,125.0,86.0,86.0,79.0,55.0,66.0,34.0,19.0,9.0,0.0,0.0,0.0
1720101,503.0,515.0,584.0,452.0,413.0,379.0,351.0,285.0,225.0,199.0,204.0,128.0,107.0,103.0,58.0,55.0,37.0,6.0,3.0,0.0,0.0
1720150,163.0,171.0,207.0,153.0,114.0,97.0,83.0,78.0,68.0,81.0,76.0,36.0,23.0,27.0,22.0,16.0,8.0,9.0,4.0,0.0,1.0
1720200,1057.0,1237.0,1243.0,1113.0,905.0,934.0,753.0,581.0,538.0,427.0,425.0,342.0,287.0,229.0,198.0,111.0,61.0,22.0,18.0,0.0,0.0
1720259,253.0,277.0,332.0,291.0,260.0,249.0,208.0,174.0,184.0,176.0,120.0,106.0,75.0,73.0,27.0,62.0,38.0,0.0,6.0,0.0,0.0
1720309,439.0,499.0,496.0,468.0,391.0,349.0,295.0,254.0,235.0,181.0,192.0,142.0,104.0,82.0,47.0,61.0,23.0,15.0,9.0,0.0,2.0
1720499,364.0,423.0,480.0,434.0,276.0,311.0,307.0,270.0,295.0,245.0,183.0,224.0,168.0,149.0,114.0,70.0,48.0,12.0,0.0,11.0,0.0
1720655,465.0,441.0,536.0,538.0,371.0,380.0,338.0,337.0,261.0,271.0,271.0,178.0,189.0,187.0,100.0,90.0,60.0,33.0,16.0,7.0,0.0
1720804,848.0,985.0,964.0,976.0,860.0,778.0,639.0,501.0,449.0,453.0,406.0,337.0,275.0,223.0,166.0,155.0,69.0,33.0,24.0,7.0,0.0
1720853,133.0,198.0,190.0,146.0,112.0,155.0,150.0,139.0,81.0,83.0,84.0,72.0,80.0,47.0,37.0,21.0,15.0,0.0,0.0,0.0,0.0
1720903,1222.0,1496.0,1619.0,1473.0,1294.0,1257.0,1230.0,919.0,870.0,812.0,704.0,550.0,511.0,389.0,320.0,161.0,94.0,64.0,48.0,18.0,0.0
1720937,182.0,209.0,247.0,201.0,168.0,144.0,137.0,112.0,96.0,88.0,94.0,73.0,43.0,58.0,35.0,25.0,15.0,8.0,3.0,7.0,0.0
1720978,186.0,242.0,259.0,232.0,210.0,211.0,219.0,199.0,168.0,170.0,107.0,132.0,69.0,60.0,48.0,27.0,16.0,6.0,0.0,0.0,0.0
1721000,20278.0,19423.0,21100.0,23512.0,27014.0,26263.0,22859.0,17949.0,14644.0,11289.0,8444.0,5572.0,3887.0,2397.0,1792.0,1034.0,544.0,199.0,104.0,17.0,12.0
1721109,858.0,849.0,867.0,745.0,573.0,528.0,402.0,350.0,318.0,300.0,226.0,178.0,137.0,138.0,87.0,58.0,60.0,42.0,14.0,3.0,3.0
1721208,2174.0,2194.0,2463.0,2359.0,2181.0,1953.0,1718.0,1362.0,1259.0,1089.0,818.0,850.0,670.0,382.0,452.0,337.0,204.0,104.0,15.0,35.0,0.0
1721257,144.0,141.0,170.0,155.0,134.0,123.0,124.0,113.0,97.0,93.0,75.0,62.0,55.0,29.0,20.0,22.0,5.0,11.0,0.0,1.0,0.0
1721307,168.0,203.0,272.0,180.0,141.0,122.0,162.0,129.0,134.0,141.0,94.0,106.0,80.0,53.0,40.0,33.0,22.0,16.0,2.0,0.0,0.0
1722081,911.0,1102.0,1184.0,962.0,956.0,983.0,961.0,782.0,623.0,501.0,463.0,444.0,350.0,266.0,213.0,158.0,106.0,16.0,0.0,0.0,0.0
1722107,1003.0,1017.0,1251.0,1221.0,1070.0,1003.0,866.0,752.0,723.0,611.0,414.0,425.0,228.0,307.0,254.0,182.0,80.0,32.0,36.0,5.0,3.0
2100055,10044.0,10947.0,11287.0,10815.0,10724.0,9904.0,8588.0,6933.0,5946.0,5035.0,3822.0,2960.0,2146.0,1952.0,1394.0,751.0,457.0,228.0,85.0,29.0,0.0
2100105,726.0,749.0,741.0,681.0,548.0,452.0,376.0,317.0,266.0,240.0,235.0,132.0,115.0,134.0,89.0,56.0,19.0,20.0,6.0,4.0,0.0
2100154,1130.0,1291.0,1276.0,1281.0,1102.0,971.0,778.0,706.0,589.0,487.0,410.0,352.0,360.0,288.0,190.0,225.0,99.0,30.0,12.0,4.0,0.0
2100204,2136.0,2163.0,2219.0,2133.0,2168.0,1914.0,1598.0,1294.0,1199.0,1080.0,898.0,813.0,593.0,607.0,395.0,410.0,95.0,70.0,42.0,24.0,0.0
2100303,2923.0,2835.0,2798.0,2487.0,2273.0,2051.0,1599.0,1199.0,1121.0,1040.0,947.0,667.0,634.0,475.0,399.0,251.0,162.0,72.0,19.0,0.0,0.0
2100402,1044.0,1206.0,1334.0,1262.0,1049.0,844.0,792.0,674.0,624.0,542.0,429.0,322.0,290.0,201.0,186.0,107.0,80.0,65.0,10.0,0.0,0.0
2100436,2680.0,2657.0,2773.0,2482.0,2588.0,2143.0,1835.0,1406.0,1271.0,1101.0,959.0,744.0,542.0,546.0,390.0,259.0,54.0,55.0,114.0,0.0,0.0
2100477,3527.0,3715.0,3991.0,3400.0,2805.0,2597.0,2078.0,1578.0,1386.0,1201.0,1087.0,970.0,854.0,743.0,509.0,344.0,172.0,54.0,33.0,13.0,0.0
2100501,1075.0,1229.0,1314.0,1165.0,945.0,831.0,695.0,578.0,527.0,533.0,503.0,375.0,347.0,192.0,198.0,90.0,109.0,40.0,18.0,3.0,0.0
2100550,734.0,847.0,856.0,689.0,627.0,535.0,435.0,332.0,284.0,254.0,235.0,144.0,155.0,140.0,86.0,41.0,23.0,5.0,6.0,3.0,0.0
2100600,4688.0,4889.0,4635.0,3866.0,3107.0,3028.0,2465.0,2020.0,1990.0,1538.0,1329.0,1082.0,989.0,934.0,584.0,404.0,201.0,61.0,71.0,51.0,0.0
2100709,2375.0,2382.0,2759.0,2563.0,2470.0,2283.0,1917.0,1532.0,1283.0,1178.0,1032.0,868.0,819.0,572.0,669.0,264.0,161.0,118.0,46.0,0.0,0.0
2100808,1503.0,1653.0,1611.0,1484.0,1347.0,1281.0,997.0,807.0,699.0,577.0,461.0,436.0,348.0,242.0,227.0,139.0,56.0,30.0,35.0,0.0,6.0
2100832,1453.0,1657.0,1834.0,1810.0,1585.0,1345.0,1012.0,845.0,699.0,677.0,518.0,457.0,331.0,260.0,263.0,105.0,76.0,22.0,0.0,0.0,10.0
2100873,1595.0,1579.0,1735.0,1330.0,1331.0,1304.0,1113.0,874.0,701.0,505.0,443.0,405.0,315.0,289.0,191.0,122.0,74.0,31.0,23.0,4.0,8.0
2100907,4199.0,4544.0,4975.0,4421.0,4075.0,3570.0,3012.0,2401.0,2058.0,1794.0,1523.0,1471.0,1434.0,896.0,844.0,608.0,404.0,161.0,71.0,33.0,12.0
2100956,3870.0,4143.0,3964.0,3572.0,3105.0,2680.0,2092.0,1624.0,1419.0,1208.0,828.0,988.0,672.0,611.0,361.0,185.0,171.0,121.0,78.0,10.0,0.0
2101004,2585.0,2820.0,3059.0,3090.0,2898.0,2503.0,2074.0,1808.0,1499.0,1298.0,1105.0,1085.0,829.0,516.0,693.0,334.0,127.0,75.0,69.0,0.0,21.0
2101103,1114.0,1259.0,1266.0,1255.0,1159.0,984.0,862.0,627.0,542.0,458.0,446.0,323.0,293.0,275.0,137.0,197.0,107.0,33.0,27.0,43.0,0.0
2101202,9367.0,9925.0,10345.0,9779.0,9694.0,9081.0,7855.0,6044.0,5578.0,4870.0,4175.0,3534.0,2948.0,2198.0,1777.0,1246.0,916.0,365.0,274.0,34.0,8.0
2101251,1512.0,1614.0,1678.0,1573.0,1658.0,1505.0,1111.0,835.0,716.0,619.0,484.0,502.0,345.0,270.0,186.0,152.0,80.0,50.0,26.0,4.0,5.0
2101301,1494.0,1730.0,2074.0,2033.0,1639.0,1363.0,1049.0,893.0,801.0,690.0,591.0,559.0,468.0,343.0,326.0,280.0,140.0,73.0,26.0,27.0,4.0
2101350,481.0,550.0,541.0,536.0,474.0,490.0,341.0,301.0,251.0,244.0,199.0,204.0,148.0,172.0,154.0,101.0,43.0,47.0,14.0,2.0,0.0
2101400,8327.0,8835.0,9656.0,8828.0,8929.0,8346.0,6776.0,5220.0,4512.0,3603.0,3012.0,2168.0,1585.0,1284.0,850.0,688.0,506.0,203.0,173.0,27.0,0.0
2101509,1323.0,1633.0,1813.0,1830.0,1867.0,1659.0,1356.0,1082.0,1037.0,912.0,707.0,730.0,601.0,389.0,357.0,288.0,132.0,70.0,42.0,12.0,0.0
2101608,8146.0,8647.0,9525.0,9183.0,7538.0,6836.0,5852.0,4788.0,4321.0,3726.0,3089.0,2832.0,2515.0,2004.0,1777.0,870.0,585.0,406.0,117.0,65.0,8.0
2101707,6873.0,6965.0,7091.0,6056.0,5060.0,4739.0,3721.0,2906.0,2694.0,2034.0,1601.0,1506.0,1059.0,1039.0,627.0,342.0,334.0,155.0,86.0,31.0,10.0
2101731,930.0,917.0,985.0,718.0,595.0,480.0,376.0,290.0,286.0,221.0,166.0,179.0,89.0,102.0,71.0,43.0,29.0,14.0,18.0,15.0,0.0
2101772,1255.0,1358.0,1427.0,1244.0,1215.0,1052.0,866.0,605.0,570.0,485.0,466.0,374.0,354.0,244.0,180.0,184.0,85.0,52.0,27.0,6.0,0.0
2101806,448.0,493.0,566.0,618.0,467.0,373.0,331.0,330.0,354.0,348.0,253.0,222.0,182.0,132.0,170.0,96.0,40.0,26.0,13.0,8.0,0.0
2101905,1776.0,1926.0,2097.0,2071.0,1963.0,1669.0,1420.0,1206.0,1022.0,1025.0,825.0,864.0,766.0,572.0,460.0,344.0,120.0,78.0,107.0,33.0,0.0
2101939,560.0,547.0,616.0,579.0,519.0,515.0,469.0,424.0,329.0,326.0,213.0,233.0,243.0,128.0,109.0,89.0,51.0,29.0,13.0,6.0,0.0
2101970,934.0,1094.0,1099.0,879.0,704.0,609.0,515.0,411.0,357.0,296.0,226.0,246.0,168.0,181.0,91.0,83.0,40.0,9.0,8.0,0.0,0.0
2102002,4445.0,4536.0,4834.0,4043.0,3483.0,3214.0,2711.0,2026.0,1901.0,1621.0,1476.0,1282.0,1177.0,825.0,693.0,341.0,248.0,102.0,70.0,21.0,0.0
2102036,3403.0,3308.0,3350.0,3010.0,3203.0,2749.0,2144.0,1511.0,1292.0,1096.0,1027.0,721.0,718.0,400.0,202.0,206.0,46.0,42.0,31.0,0.0,0.0
2102077,1563.0,1577.0,1690.0,1363.0,1435.0,1432.0,1264.0,965.0,767.0,564.0,501.0,529.0,431.0,236.0,159.0,166.0,85.0,57.0,34.0,0.0,0.0
2102101,3802.0,3798.0,3626.0,3213.0,3209.0,2993.0,2310.0,1861.0,1545.0,1392.0,1058.0,1382.0,1064.0,594.0,662.0,332.0,246.0,145.0,80.0,47.0,0.0
2102150,557.0,721.0,777.0,655.0,477.0,471.0,361.0,306.0,279.0,217.0,219.0,157.0,109.0,109.0,68.0,41.0,25.0,16.0,3.0,9.0,0.0
2102200,3244.0,3356.0,3498.0,2838.0,2476.0,2091.0,1684.0,1374.0,1163.0,1043.0,916.0,979.0,675.0,546.0,359.0,269.0,262.0,178.0,63.0,0.0,0.0
2102309,2255.0,2588.0,2654.0,2583.0,1940.0,1585.0,1529.0,1211.0,1104.0,1086.0,812.0,1017.0,803.0,561.0,461.0,266.0,160.0,138.0,112.0,33.0,0.0
2102325,7727.0,8381.0,8344.0,7097.0,6388.0,5799.0,4721.0,3517.0,2866.0,2486.0,1975.0,1863.0,1465.0,1047.0,717.0,429.0,268.0,103.0,31.0,0.0,13.0
2102358,1529.0,1709.0,1812.0,1546.0,1258.0,1183.0,1086.0,766.0,691.0,609.0,571.0,543.0,451.0,357.0,238.0,175.0,156.0,87.0,12.0,6.0,0.0
2102374,1019.0,1098.0,1160.0,1047.0,785.0,617.0,511.0,396.0,361.0,328.0,309.0,209.0,170.0,183.0,122.0,66.0,24.0,21.0,11.0,9.0,0.0
2102408,1162.0,1114.0,1172.0,1106.0,1115.0,954.0,738.0,587.0,511.0,444.0,416.0,255.0,271.0,262.0,204.0,163.0,81.0,24.0,4.0,7.0,3.0
2102507,2000.0,2259.0,2213.0,2015.0,1742.0,1643.0,1239.0,995.0,801.0,711.0,743.0,531.0,415.0,374.0,248.0,189.0,106.0,69.0,33.0,7.0,4.0
2102556,1298.0,1499.0,1479.0,1477.0,1389.0,1184.0,1005.0,860.0,692.0,584.0,442.0,415.0,377.0,223.0,237.0,52.0,87.0,49.0,10.0,9.0,0.0
2102606,1998.0,2022.0,2157.0,2098.0,1955.0,1596.0,1242.0,1069.0,947.0,773.0,574.0,551.0,466.0,390.0,305.0,171.0,121.0,47.0,13.0,9.0,0.0
2102705,2003.0,2359.0,2583.0,2253.0,2026.0,1659.0,1504.0,1169.0,1160.0,830.0,680.0,630.0,440.0,360.0,317.0,199.0,98.0,92.0,61.0,20.0,5.0
2102754,1029.0,1027.0,1125.0,1128.0,917.0,954.0,747.0,604.0,526.0,523.0,445.0,429.0,374.0,277.0,245.0,176.0,113.0,40.0,18.0,0.0,0.0
2102804,2226.0,2435.0,2723.0,2393.0,2058.0,1903.0,1680.0,1405.0,1306.0,1203.0,986.0,924.0,795.0,614.0,577.0,314.0,239.0,128.0,41.0,9.0,0.0
2102903,2399.0,2450.0,2776.0,2495.0,2337.0,1902.0,1552.0,1229.0,1043.0,876.0,724.0,553.0,435.0,434.0,321.0,237.0,161.0,55.0,27.0,0.0,0.0
2103000,14531.0,15674.0,16080.0,15574.0,14842.0,13463.0,11622.0,9112.0,8382.0,7572.0,6252.0,5763.0,4515.0,3892.0,2850.0,2210.0,1351.0,941.0,333.0,109.0,62.0
2103109,923.0,1035.0,1055.0,1021.0,987.0,885.0,839.0,655.0,561.0,534.0,411.0,380.0,246.0,269.0,155.0,192.0,66.0,52.0,25.0,5.0,0.0
2103125,852.0,974.0,955.0,884.0,678.0,572.0,512.0,457.0,374.0,323.0,263.0,279.0,190.0,211.0,138.0,114.0,44.0,30.0,12.0,23.0,0.0
2103158,1373.0,1525.0,1517.0,1475.0,1449.0,1104.0,899.0,630.0,617.0,527.0,405.0,328.0,273.0,174.0,138.0,75.0,41.0,8.0,3.0,0.0,3.0
2103174,2153.0,2341.0,2271.0,1769.0,1825.0,1641.0,1314.0,1020.0,815.0,632.0,565.0,356.0,356.0,249.0,166.0,88.0,39.0,16.0,2.0,5.0,0.0
2103208,8011.0,7996.0,8507.0,7719.0,7324.0,6132.0,5154.0,4092.0,3639.0,3107.0,2824.0,2370.0,2015.0,1540.0,1131.0,802.0,418.0,378.0,124.0,23.0,43.0
2103257,1415.0,1543.0,1557.0,1328.0,1287.0,1216.0,998.0,729.0,705.0,586.0,553.0,506.0,349.0,353.0,217.0,198.0,62.0,32.0,43.0,4.0,0.0
2103307,12438.0,12248.0,13139.0,12054.0,11147.0,9731.0,8024.0,6466.0,5993.0,5319.0,5010.0,3992.0,3474.0,3244.0,2394.0,1747.0,853.0,497.0,200.0,60.0,8.0
2103406,5028.0,5150.0,5267.0,5019.0,4362.0,3889.0,3086.0,2529.0,2345.0,2258.0,2019.0,1564.0,1296.0,993.0,753.0,508.0,354.0,206.0,95.0,10.0,20.0
2103505,3997.0,4066.0,4675.0,4678.0,3677.0,3296.0,2771.0,2152.0,1907.0,1861.0,1599.0,1169.0,1130.0,701.0,556.0,405.0,179.0,145.0,90.0,79.0,0.0
2103554,1843.0,1906.0,1864.0,1459.0,1292.0,1222.0,1039.0,749.0,602.0,541.0,547.0,407.0,280.0,263.0,214.0,117.0,28.0,49.0,9.0,4.0,0.0
2103604,6124.0,6760.0,7051.0,6022.0,5867.0,5083.0,4325.0,3608.0,3142.0,2936.0,2366.0,2217.0,1625.0,1694.0,1092.0,814.0,543.0,264.0,141.0,42.0,9.0
2103703,2789.0,3493.0,3678.0,3199.0,2809.0,2739.0,2322.0,2010.0,1748.0,1652.0,1502.0,1149.0,924.0,919.0,575.0,582.0,312.0,136.0,93.0,21.0,0.0
2103752,1212.0,1420.0,1537.0,1272.0,1216.0,1119.0,900.0,650.0,602.0,535.0,454.0,412.0,409.0,232.0,236.0,140.0,138.0,70.0,20.0,5.0,0.0
2103802,2176.0,2174.0,2429.0,2320.0,2045.0,1956.0,1766.0,1455.0,1299.0,1136.0,894.0,773.0,677.0,550.0,391.0,352.0,133.0,111.0,26.0,18.0,0.0
2103901,1219.0,1342.0,1311.0,1224.0,978.0,816.0,710.0,548.0,521.0,427.0,408.0,277.0,247.0,248.0,140.0,125.0,71.0,18.0,20.0,0.0,0.0
2104008,1803.0,1848.0,2013.0,2020.0,1733.0,1558.0,1283.0,1023.0,967.0,864.0,767.0,670.0,580.0,430.0,342.0,245.0,139.0,99.0,29.0,24.0,14.0
2104057,3648.0,3299.0,3602.0,3614.0,3976.0,3727.0,3102.0,2319.0,2007.0,1636.0,1247.0,1166.0,857.0,602.0,459.0,241.0,195.0,99.0,39.0,0.0,0.0
2104073,765.0,962.0,1116.0,908.0,642.0,581.0,588.0,439.0,417.0,370.0,327.0,282.0,240.0,175.0,152.0,96.0,27.0,26.0,12.0,0.0,0.0
2104081,1129.0,1181.0,1186.0,1088.0,806.0,767.0,630.0,502.0,393.0,376.0,308.0,201.0,174.0,185.0,146.0,53.0,56.0,34.0,16.0,4.0,6.0
2104099,1689.0,1996.0,2280.0,2225.0,1768.0,1563.0,1272.0,1036.0,868.0,744.0,618.0,456.0,440.0,293.0,225.0,147.0,91.0,21.0,24.0,0.0,0.0
2104107,1092.0,1227.0,1397.0,1362.0,1189.0,997.0,882.0,650.0,606.0,495.0,434.0,363.0,329.0,224.0,126.0,164.0,32.0,33.0,36.0,4.0,5.0
2104206,1602.0,1664.0,1731.0,1642.0,1212.0,1056.0,1028.0,837.0,771.0,735.0,696.0,503.0,519.0,384.0,285.0,119.0,134.0,113.0,49.0,17.0,0.0
2104305,1057.0,1061.0,1250.0,1156.0,1113.0,1000.0,743.0,739.0,658.0,468.0,289.0,373.0,288.0,166.0,131.0,100.0,28.0,6.0,0.0,10.0,0.0
2104404,1714.0,1819.0,1914.0,1802.0,1496.0,1402.0,1249.0,998.0,879.0,914.0,688.0,726.0,567.0,429.0,399.0,256.0,118.0,73.0,34.0,0.0,5.0
2104503,1022.0,1024.0,1076.0,1050.0,996.0,872.0,729.0,523.0,510.0,477.0,405.0,417.0,363.0,245.0,192.0,156.0,76.0,50.0,15.0,7.0,0.0
2104552,1636.0,1708.0,1800.0,1583.0,1560.0,1428.0,1254.0,982.0,833.0,731.0,562.0,518.0,396.0,371.0,254.0,110.0,79.0,56.0,30.0,4.0,0.0
2104602,1696.0,1733.0,1886.0,1640.0,1415.0,1277.0,1091.0,873.0,747.0,728.0,538.0,706.0,507.0,385.0,256.0,220.0,115.0,111.0,62.0,0.0,5.0
2104628,666.0,817.0,900.0,763.0,668.0,595.0,560.0,393.0,351.0,345.0,307.0,257.0,186.0,174.0,170.0,74.0,55.0,32.0,15.0,8.0,0.0
2104651,1332.0,1476.0,1444.0,1318.0,1127.0,1036.0,852.0,612.0,554.0,478.0,362.0,375.0,278.0,259.0,159.0,123.0,81.0,33.0,14.0,7.0,0.0
2104677,2949.0,3190.0,3315.0,2792.0,2565.0,2200.0,1685.0,1282.0,1123.0,1034.0,935.0,640.0,578.0,415.0,357.0,165.0,97.0,70.0,10.0,0.0,0.0
2104701,529.0,560.0,653.0,601.0,593.0,492.0,462.0,361.0,311.0,324.0,292.0,214.0,212.0,204.0,159.0,51.0,65.0,43.0,8.0,6.0,0.0
2104800,7170.0,7103.0,7392.0,7169.0,6255.0,5407.0,4284.0,3540.0,2999.0,2525.0,1964.0,1649.0,1505.0,1070.0,897.0,582.0,356.0,154.0,65.0,0.0,7.0
2104909,1020.0,1171.0,1242.0,1250.0,1116.0,1020.0,809.0,742.0,674.0,539.0,605.0,364.0,461.0,283.0,330.0,187.0,137.0,50.0,53.0,8.0,19.0
2105005,3401.0,3620.0,3454.0,2899.0,2312.0,1980.0,1630.0,1320.0,1152.0,953.0,858.0,646.0,588.0,506.0,303.0,173.0,130.0,110.0,141.0,13.0,0.0
2105104,2634.0,3008.0,3391.0,2819.0,2357.0,1908.0,1702.0,1302.0,1125.0,986.0,944.0,647.0,605.0,527.0,484.0,309.0,173.0,116.0,87.0,20.0,0.0
2105153,1459.0,1467.0,1452.0,1407.0,1247.0,1131.0,828.0,599.0,527.0,555.0,443.0,361.0,267.0,308.0,206.0,123.0,83.0,39.0,34.0,8.0,5.0
2105203,971.0,1028.0,1132.0,1069.0,1045.0,979.0,859.0,629.0,616.0,573.0,463.0,429.0,348.0,318.0,249.0,145.0,90.0,46.0,37.0,12.0,4.0
2105302,20690.0,21667.0,24626.0,24514.0,25742.0,24516.0,21444.0,17208.0,15175.0,12912.0,10780.0,8003.0,6292.0,4927.0,3923.0,2346.0,1580.0,750.0,301.0,108.0,0.0
2105351,1755.0,1734.0,1849.0,1699.0,1424.0,1181.0,906.0,736.0,639.0,551.0,411.0,414.0,348.0,275.0,184.0,98.0,56.0,26.0,4.0,6.0,0.0
2105401,6425.0,6547.0,7398.0,6481.0,6382.0,5165.0,4392.0,3525.0,3115.0,2635.0,2479.0,1960.0,1617.0,1331.0,1065.0,670.0,424.0,273.0,158.0,68.0,0.0
2105427,2471.0,2682.0,2905.0,2520.0,2307.0,2201.0,1904.0,1586.0,1409.0,1164.0,937.0,890.0,681.0,451.0,326.0,178.0,151.0,40.0,45.0,16.0,0.0
2105450,976.0,925.0,1086.0,942.0,753.0,693.0,597.0,466.0,420.0,368.0,347.0,254.0,237.0,172.0,78.0,98.0,30.0,56.0,24.0,3.0,0.0
2105476,1939.0,1964.0,1905.0,1760.0,1397.0,1274.0,1154.0,813.0,669.0,596.0,419.0,360.0,371.0,253.0,250.0,123.0,74.0,76.0,39.0,4.0,0.0
2105500,1803.0,2106.0,2376.0,2037.0,1964.0,1791.0,1594.0,1246.0,1069.0,891.0,704.0,730.0,625.0,467.0,413.0,245.0,158.0,89.0,47.0,27.0,0.0
2105609,1570.0,1626.0,1744.0,1705.0,1432.0,1265.0,1060.0,867.0,735.0,719.0,643.0,537.0,534.0,339.0,241.0,236.0,67.0,79.0,33.0,0.0,0.0
2105658,408.0,466.0,515.0,456.0,368.0,343.0,304.0,216.0,203.0,153.0,123.0,156.0,101.0,79.0,70.0,27.0,16.0,9.0,0.0,4.0,3.0
2105708,4368.0,4946.0,5432.0,5106.0,4352.0,3823.0,3266.0,2691.0,2361.0,2094.0,1785.0,1423.0,1255.0,1141.0,792.0,625.0,315.0,166.0,111.0,31.0,0.0
2105807,1034.0,1204.0,1278.0,1197.0,1010.0,827.0,758.0,645.0,564.0,516.0,490.0,289.0,244.0,218.0,206.0,105.0,86.0,30.0,23.0,5.0,0.0
2105906,1675.0,2002.0,1863.0,1616.0,1434.0,1264.0,1052.0,786.0,653.0,642.0,611.0,477.0,314.0,408.0,245.0,177.0,96.0,54.0,30.0,14.0,0.0
2105922,973.0,1148.0,1182.0,1206.0,1130.0,942.0,819.0,589.0,583.0,524.0,494.0,308.0,325.0,273.0,173.0,142.0,83.0,39.0,0.0,0.0,0.0
2105948,703.0,784.0,879.0,824.0,624.0,630.0,556.0,489.0,400.0,373.0,394.0,263.0,229.0,208.0,202.0,108.0,65.0,41.0,15.0,6.0,0.0
2105963,1162.0,1379.0,1344.0,1264.0,972.0,835.0,659.0,565.0,518.0,422.0,365.0,300.0,223.0,195.0,151.0,60.0,57.0,36.0,10.0,0.0,0.0
2105989,668.0,713.0,759.0,769.0,599.0,569.0,517.0,421.0,375.0,370.0,283.0,230.0,162.0,179.0,154.0,89.0,44.0,15.0,3.0,3.0,0.0
2106003,992.0,1138.0,1126.0,1090.0,1040.0,958.0,790.0,629.0,628.0,645.0,537.0,479.0,404.0,308.0,216.0,186.0,143.0,76.0,31.0,4.0,4.0
2106102,1007.0,1176.0,1310.0,1373.0,1172.0,947.0,743.0,604.0,610.0,558.0,474.0,351.0,335.0,248.0,196.0,122.0,111.0,32.0,18.0,3.0,0.0
2106201,663.0,659.0,754.0,736.0,677.0,539.0,486.0,392.0,325.0,275.0,222.0,208.0,146.0,149.0,123.0,70.0,61.0,18.0,5.0,2.0,0.0
2106300,1710.0,1780.0,1995.0,1916.0,1756.0,1519.0,1336.0,1121.0,877.0,770.0,600.0,589.0,541.0,335.0,322.0,250.0,91.0,55.0,12.0,12.0,0.0
2106326,2260.0,2235.0,2358.0,2097.0,1819.0,1648.0,1344.0,1008.0,893.0,770.0,673.0,521.0,532.0,311.0,301.0,153.0,134.0,60.0,32.0,6.0,0.0
2106359,985.0,1084.0,1110.0,971.0,672.0,642.0,572.0,508.0,365.0,303.0,289.0,181.0,160.0,80.0,53.0,46.0,14.0,17.0,0.0,0.0,0.0
2106375,1275.0,1359.0,1672.0,1614.0,1545.0,1169.0,1121.0,871.0,851.0,604.0,565.0,448.0,309.0,250.0,165.0,112.0,80.0,33.0,17.0,4.0,0.0
2106409,1743.0,1819.0,1756.0,1601.0,1478.0,1339.0,1021.0,786.0,707.0,629.0,553.0,447.0,398.0,260.0,286.0,154.0,62.0,40.0,49.0,18.0,4.0
2106508,2170.0,2173.0,2378.0,2299.0,2149.0,2001.0,1571.0,1297.0,1170.0,985.0,882.0,745.0,476.0,559.0,350.0,264.0,291.0,102.0,14.0,0.0,9.0
2106607,3480.0,3724.0,3732.0,3081.0,2738.0,2418.0,2029.0,1627.0,1434.0,1334.0,1137.0,1137.0,830.0,914.0,585.0,465.0,215.0,88.0,5.0,21.0,21.0
2106631,1318.0,1635.0,1723.0,1331.0,1388.0,1274.0,1129.0,784.0,652.0,569.0,530.0,453.0,306.0,300.0,173.0,88.0,57.0,41.0,36.0,7.0,0.0
2106672,957.0,1066.0,1024.0,814.0,744.0,675.0,564.0,431.0,332.0,278.0,318.0,267.0,212.0,135.0,106.0,79.0,51.0,51.0,10.0,3.0,0.0
2106706,1993.0,2305.0,2669.0,2310.0,1827.0,1538.0,1364.0,1202.0,979.0,931.0,856.0,625.0,606.0,399.0,352.0,230.0,122.0,84.0,50.0,11.0,0.0
2106755,2140.0,2283.0,2703.0,2413.0,2637.0,2684.0,2153.0,1461.0,1230.0,1045.0,962.0,777.0,627.0,520.0,284.0,251.0,73.0,150.0,30.0,5.0,0.0
2106805,1314.0,1565.0,1583.0,1523.0,1315.0,1160.0,1058.0,855.0,782.0,627.0,515.0,486.0,376.0,337.0,205.0,236.0,133.0,74.0,49.0,24.0,0.0
2106904,3629.0,3939.0,4077.0,3589.0,2858.0,2581.0,1982.0,1635.0,1454.0,1256.0,1070.0,1128.0,880.0,526.0,414.0,395.0,165.0,94.0,17.0,49.0,0.0
2107001,902.0,1051.0,1087.0,977.0,780.0,735.0,717.0,563.0,533.0,419.0,350.0,349.0,275.0,231.0,190.0,105.0,70.0,37.0,24.0,18.0,0.0
2107100,1978.0,2208.0,2479.0,2159.0,1703.0,1280.0,1176.0,952.0,745.0,671.0,567.0,492.0,406.0,337.0,249.0,163.0,67.0,72.0,39.0,41.0,0.0
2107209,1535.0,1648.0,1717.0,1512.0,1160.0,958.0,762.0,631.0,552.0,453.0,368.0,356.0,320.0,197.0,115.0,83.0,44.0,28.0,17.0,5.0,4.0
2107258,494.0,575.0,647.0,519.0,440.0,380.0,322.0,261.0,247.0,226.0,160.0,159.0,113.0,133.0,71.0,61.0,50.0,14.0,10.0,3.0,0.0
2107308,406.0,449.0,491.0,491.0,404.0,359.0,271.0,255.0,209.0,232.0,199.0,242.0,152.0,149.0,105.0,88.0,57.0,15.0,15.0,0.0,1.0
2107357,1822.0,2162.0,2222.0,2181.0,1823.0,1754.0,1276.0,1098.0,928.0,827.0,730.0,581.0,538.0,426.0,303.0,254.0,125.0,50.0,18.0,8.0,9.0
2107407,1576.0,1814.0,2004.0,1936.0,1719.0,1660.0,1492.0,1130.0,1043.0,877.0,763.0,679.0,586.0,368.0,340.0,265.0,109.0,149.0,78.0,6.0,7.0
2107456,1373.0,1476.0,1444.0,1405.0,1485.0,1211.0,920.0,690.0,634.0,601.0,418.0,454.0,308.0,295.0,182.0,154.0,73.0,33.0,25.0,0.0,0.0
2107506,8677.0,9171.0,10178.0,10153.0,11357.0,11285.0,9700.0,8117.0,6832.0,5244.0,4250.0,3685.0,2395.0,1433.0,1228.0,659.0,335.0,194.0,124.0,77.0,28.0
2107605,1891.0,1869.0,2021.0,1895.0,1974.0,1812.0,1290.0,1080.0,965.0,773.0,782.0,638.0,467.0,449.0,404.0,222.0,132.0,63.0,12.0,5.0,20.0
2107704,1678.0,1881.0,2276.0,2221.0,1912.0,1569.0,1373.0,1193.0,1120.0,1012.0,889.0,707.0,714.0,561.0,447.0,231.0,154.0,119.0,26.0,10.0,9.0
2107803,3683.0,3921.0,4038.0,3474.0,3081.0,2844.0,2402.0,1816.0,1633.0,1623.0,1437.0,1223.0,1126.0,807.0,704.0,407.0,204.0,94.0,60.0,9.0,0.0
2107902,1775.0,1828.0,2035.0,1828.0,1530.0,1387.0,1291.0,960.0,890.0,870.0,626.0,748.0,536.0,381.0,355.0,180.0,144.0,111.0,73.0,10.0,5.0
2108009,1851.0,1842.0,2030.0,1888.0,1634.0,1490.0,1242.0,1044.0,946.0,895.0,744.0,582.0,599.0,409.0,366.0,243.0,144.0,85.0,27.0,6.0,0.0
2108058,1775.0,1860.0,1954.0,1728.0,1440.0,1064.0,892.0,618.0,666.0,550.0,412.0,379.0,374.0,222.0,217.0,179.0,120.0,50.0,14.0,6.0,0.0
2108108,2050.0,2292.0,2444.0,2193.0,1912.0,1701.0,1368.0,1051.0,1017.0,858.0,698.0,656.0,524.0,465.0,316.0,280.0,138.0,70.0,35.0,10.0,0.0
2108207,3649.0,3466.0,3828.0,3761.0,3789.0,3423.0,3204.0,2567.0,2223.0,2054.0,1774.0,1333.0,1417.0,902.0,784.0,633.0,293.0,207.0,113.0,14.0,14.0
2108256,2938.0,2934.0,2761.0,2367.0,2185.0,1900.0,1475.0,1084.0,1048.0,912.0,773.0,649.0,493.0,485.0,316.0,231.0,79.0,62.0,30.0,0.0,10.0
2108306,3643.0,4094.0,4409.0,3915.0,3252.0,2861.0,2293.0,1759.0,1528.0,1284.0,1095.0,1149.0,799.0,812.0,494.0,391.0,219.0,112.0,118.0,32.0,8.0
2108405,1301.0,1215.0,1305.0,1307.0,1428.0,1270.0,1096.0,855.0,804.0,679.0,584.0,499.0,458.0,372.0,241.0,173.0,133.0,29.0,46.0,8.0,0.0
2108454,2261.0,2454.0,2375.0,2016.0,1973.0,1786.0,1478.0,1123.0,1044.0,973.0,860.0,776.0,641.0,428.0,444.0,275.0,127.0,110.0,39.0,18.0,0.0
2108504,3216.0,3355.0,3479.0,3247.0,2997.0,2773.0,2195.0,1758.0,1421.0,1289.0,1250.0,1083.0,893.0,628.0,633.0,418.0,266.0,157.0,73.0,21.0,0.0
2108603,6945.0,7722.0,8201.0,8307.0,8004.0,7035.0,5773.0,4906.0,4247.0,3655.0,3207.0,2611.0,1921.0,1981.0,1488.0,1103.0,605.0,277.0,125.0,37.0,12.0
2108702,2257.0,2368.0,2682.0,2392.0,2055.0,1790.0,1501.0,1224.0,1076.0,917.0,781.0,774.0,627.0,509.0,391.0,293.0,222.0,35.0,111.0,11.0,0.0
2108801,2047.0,2020.0,2029.0,1900.0,1654.0,1393.0,1199.0,872.0,800.0,660.0,636.0,608.0,456.0,326.0,276.0,201.0,128.0,59.0,74.0,35.0,10.0
2108900,1704.0,1918.0,1994.0,2042.0,1745.0,1806.0,1426.0,1207.0,1087.0,977.0,869.0,765.0,635.0,483.0,440.0,318.0,128.0,85.0,66.0,14.0,0.0
2109007,1938.0,2074.0,2387.0,2272.0,2148.0,1914.0,1774.0,1391.0,1237.0,1046.0,800.0,664.0,545.0,390.0,358.0,275.0,178.0,83.0,42.0,5.0,9.0
2109056,544.0,626.0,586.0,573.0,539.0,480.0,461.0,374.0,324.0,310.0,278.0,247.0,218.0,141.0,137.0,97.0,57.0,13.0,13.0,8.0,3.0
2109106,3994.0,4087.0,4651.0,4789.0,4452.0,4050.0,3561.0,2772.0,2522.0,2270.0,1775.0,1704.0,1107.0,1086.0,776.0,520.0,285.0,185.0,122.0,24.0,0.0
2109205,1395.0,1513.0,1533.0,1391.0,1109.0,925.0,678.0,556.0,496.0,438.0,339.0,338.0,263.0,159.0,161.0,130.0,34.0,14.0,26.0,44.0,0.0
2109239,617.0,720.0,758.0,651.0,664.0,543.0,464.0,325.0,314.0,258.0,253.0,207.0,186.0,130.0,139.0,67.0,47.0,13.0,15.0,3.0,0.0
2109270,1915.0,2112.0,2134.0,1887.0,1679.0,1423.0,1105.0,878.0,701.0,663.0,580.0,467.0,500.0,372.0,356.0,242.0,104.0,34.0,6.0,7.0,0.0
2109304,1249.0,1310.0,1438.0,1196.0,1009.0,789.0,672.0,551.0,468.0,446.0,354.0,323.0,273.0,180.0,160.0,131.0,99.0,41.0,23.0,0.0,4.0
2109403,1626.0,1838.0,1910.0,1538.0,1255.0,1052.0,923.0,752.0,627.0,467.0,464.0,386.0,359.0,227.0,204.0,131.0,117.0,54.0,25.0,0.0,0.0
2109452,2497.0,2790.0,3044.0,2663.0,2879.0,2560.0,2273.0,1869.0,1437.0,1106.0,900.0,686.0,427.0,497.0,334.0,198.0,101.0,30.0,25.0,11.0,0.0
2109502,1844.0,2209.0,2490.0,2001.0,1647.0,1511.0,1487.0,1216.0,1056.0,963.0,696.0,867.0,604.0,549.0,494.0,307.0,144.0,89.0,21.0,0.0,14.0
2109551,741.0,817.0,797.0,812.0,673.0,592.0,527.0,437.0,389.0,342.0,287.0,245.0,180.0,203.0,114.0,75.0,51.0,17.0,15.0,4.0,0.0
2109601,3736.0,3985.0,4396.0,4223.0,4354.0,3628.0,2831.0,2262.0,2007.0,1774.0,1720.0,1043.0,887.0,957.0,753.0,478.0,209.0,204.0,110.0,19.0,0.0
2109700,550.0,555.0,720.0,626.0,424.0,411.0,326.0,284.0,319.0,272.0,242.0,190.0,148.0,162.0,94.0,81.0,37.0,33.0,14.0,0.0,0.0
2109759,775.0,770.0,902.0,794.0,654.0,548.0,534.0,395.0,357.0,282.0,262.0,235.0,186.0,147.0,75.0,59.0,48.0,32.0,4.0,2.0,0.0
2109809,4115.0,4295.0,4468.0,4010.0,4152.0,3650.0,2907.0,2155.0,1907.0,1514.0,1317.0,1252.0,988.0,814.0,707.0,374.0,185.0,171.0,108.0,19.0,0.0
2109908,7177.0,7770.0,8412.0,7513.0,7370.0,7140.0,6322.0,4800.0,4133.0,3514.0,3076.0,2690.0,2059.0,1763.0,1183.0,1020.0,739.0,301.0,212.0,72.0,17.0
2110005,8383.0,9067.0,9273.0,7623.0,6892.0,6179.0,5072.0,3724.0,3487.0,2986.0,2646.0,2389.0,1876.0,1630.0,1305.0,738.0,438.0,239.0,69.0,21.0,6.0
2110039,2302.0,2402.0,2572.0,2484.0,2435.0,2140.0,1535.0,1242.0,1064.0,908.0,744.0,786.0,657.0,503.0,344.0,237.0,105.0,112.0,72.0,0.0,0.0
2110104,3292.0,3635.0,3605.0,3202.0,2723.0,2350.0,1926.0,1544.0,1360.0,1164.0,901.0,1000.0,749.0,616.0,486.0,365.0,110.0,81.0,61.0,21.0,0.0
2110203,3192.0,3200.0,3524.0,3540.0,3470.0,3005.0,2433.0,2012.0,1557.0,1434.0,1118.0,1074.0,826.0,728.0,488.0,366.0,199.0,88.0,94.0,17.0,0.0
2110237,1129.0,1352.0,1522.0,1304.0,1213.0,984.0,763.0,658.0,528.0,390.0,364.0,376.0,312.0,270.0,232.0,136.0,61.0,31.0,25.0,11.0,0.0
2110278,1651.0,1768.0,1863.0,1608.0,1478.0,1095.0,911.0,683.0,593.0,420.0,391.0,365.0,331.0,219.0,145.0,128.0,104.0,39.0,21.0,6.0,0.0
2110302,1257.0,1439.0,1534.0,1517.0,1284.0,1182.0,1104.0,907.0,765.0,697.0,643.0,488.0,512.0,302.0,300.0,127.0,71.0,97.0,46.0,10.0,5.0
2110401,2230.0,2278.0,2332.0,1972.0,1603.0,1338.0,1069.0,842.0,702.0,673.0,595.0,564.0,422.0,399.0,278.0,245.0,92.0,86.0,66.0,9.0,4.0
2110500,3423.0,3622.0,4207.0,4063.0,4512.0,4022.0,3192.0,2447.0,2225.0,1892.0,1787.0,1474.0,1162.0,841.0,677.0,571.0,283.0,237.0,75.0,12.0,12.0
2110609,2914.0,2933.0,3023.0,2839.0,2542.0,2305.0,1827.0,1443.0,1299.0,1145.0,970.0,782.0,624.0,658.0,448.0,320.0,191.0,128.0,53.0,24.0,7.0
2110658,723.0,818.0,812.0,773.0,628.0,513.0,486.0,370.0,410.0,342.0,291.0,205.0,205.0,148.0,127.0,85.0,26.0,7.0,15.0,0.0,0.0
2110708,3253.0,3510.0,4008.0,3518.0,2975.0,2816.0,2479.0,2140.0,1804.0,1509.0,1190.0,1223.0,1034.0,777.0,621.0,285.0,316.0,83.0,49.0,16.0,0.0
2110807,441.0,428.0,513.0,509.0,423.0,332.0,313.0,280.0,277.0,261.0,235.0,187.0,164.0,106.0,116.0,77.0,29.0,9.0,0.0,3.0,0.0
2110856,1058.0,1178.0,1204.0,1039.0,887.0,896.0,824.0,609.0,469.0,482.0,366.0,382.0,309.0,179.0,174.0,94.0,32.0,51.0,17.0,11.0,0.0
2110906,1043.0,1213.0,1405.0,1242.0,1016.0,957.0,841.0,706.0,669.0,549.0,521.0,511.0,403.0,398.0,296.0,160.0,123.0,55.0,36.0,3.0,0.0
2111003,1919.0,1953.0,2184.0,1903.0,1948.0,1864.0,1519.0,1204.0,995.0,878.0,698.0,746.0,521.0,599.0,452.0,281.0,130.0,78.0,28.0,8.0,12.0
2111029,1477.0,1644.0,1645.0,1337.0,1097.0,1081.0,853.0,663.0,558.0,432.0,344.0,380.0,225.0,246.0,149.0,105.0,39.0,34.0,0.0,0.0,0.0
2111052,1074.0,1111.0,1261.0,1142.0,919.0,917.0,775.0,644.0,601.0,526.0,399.0,369.0,330.0,300.0,207.0,150.0,31.0,29.0,7.0,22.0,0.0
2111078,1992.0,2190.0,2050.0,1677.0,1353.0,1312.0,1103.0,848.0,772.0,757.0,719.0,660.0,507.0,459.0,337.0,254.0,118.0,61.0,28.0,20.0,21.0
2111102,2176.0,2187.0,2516.0,2532.0,2266.0,1994.0,1796.0,1493.0,1465.0,1354.0,1164.0,977.0,794.0,726.0,639.0,413.0,288.0,84.0,29.0,35.0,0.0
2111201,14099.0,14472.0,16364.0,16770.0,18136.0,16505.0,14577.0,12468.0,10935.0,8208.0,6334.0,4134.0,3168.0,2507.0,1716.0,1261.0,734.0,282.0,246.0,67.0,63.0
2111250,707.0,772.0,894.0,877.0,654.0,555.0,522.0,428.0,364.0,355.0,292.0,291.0,219.0,211.0,168.0,44.0,83.0,34.0,24.0,3.0,0.0
2111300,75402.0,76442.0,88534.0,96841.0,114808.0,109130.0,92015.0,77585.0,68354.0,56433.0,45531.0,35702.0,24894.0,18892.0,14174.0,9345.0,6008.0,2745.0,1387.0,404.0,211.0
2111409,1988.0,2238.0,2320.0,2003.0,1790.0,1678.0,1544.0,1128.0,1056.0,852.0,783.0,791.0,644.0,484.0,394.0,233.0,106.0,71.0,35.0,16.0,0.0
2111508,3989.0,4039.0,4578.0,4195.0,3621.0,2984.0,2641.0,2181.0,2041.0,1895.0,1456.0,1573.0,1214.0,873.0,769.0,478.0,177.0,194.0,129.0,28.0,38.0
2111532,1343.0,1332.0,1432.0,1268.0,1162.0,1009.0,861.0,652.0,580.0,524.0,464.0,370.0,338.0,284.0,151.0,152.0,62.0,22.0,9.0,9.0,5.0
2111573,385.0,475.0,529.0,546.0,415.0,371.0,288.0,260.0,243.0,190.0,187.0,132.0,133.0,104.0,74.0,49.0,28.0,10.0,6.0,0.0,0.0
2111607,1609.0,1806.0,2103.0,2013.0,1661.0,1358.0,1076.0,926.0,988.0,831.0,717.0,588.0,508.0,412.0,329.0,184.0,164.0,120.0,62.0,15.0,4.0
2111631,615.0,701.0,757.0,740.0,573.0,502.0,413.0,324.0,305.0,248.0,222.0,210.0,163.0,121.0,100.0,36.0,39.0,13.0,8.0,0.0,0.0
2111672,688.0,597.0,698.0,695.0,574.0,557.0,503.0,338.0,295.0,245.0,171.0,174.0,151.0,106.0,77.0,40.0,28.0,17.0,4.0,0.0,0.0
2111706,1986.0,2108.0,2342.0,2405.0,2199.0,1797.0,1364.0,1235.0,1057.0,945.0,801.0,618.0,568.0,434.0,479.0,235.0,145.0,112.0,8.0,19.0,7.0
2111722,1337.0,1546.0,1542.0,1284.0,1174.0,1031.0,877.0,704.0,546.0,453.0,369.0,294.0,233.0,208.0,224.0,77.0,38.0,39.0,2.0,12.0,0.0
2111748,1123.0,1135.0,1215.0,1165.0,988.0,754.0,644.0,543.0,485.0,446.0,323.0,435.0,334.0,219.0,159.0,110.0,80.0,58.0,37.0,3.0,0.0
2111763,1811.0,2065.0,2146.0,1839.0,1579.0,1462.0,1252.0,973.0,899.0,746.0,788.0,554.0,562.0,460.0,420.0,232.0,81.0,83.0,33.0,14.0,0.0
2111789,1268.0,1369.0,1329.0,1068.0,968.0,901.0,727.0,617.0,494.0,442.0,394.0,435.0,252.0,276.0,154.0,97.0,86.0,41.0,12.0,10.0,0.0
2111805,1670.0,1727.0,2092.0,1917.0,1512.0,1378.0,1215.0,1055.0,974.0,807.0,757.0,404.0,491.0,351.0,290.0,168.0,102.0,54.0,28.0,10.0,0.0
2111904,1016.0,1091.0,1153.0,1152.0,944.0,766.0,676.0,559.0,573.0,544.0,496.0,364.0,334.0,236.0,230.0,139.0,121.0,23.0,26.0,0.0,0.0
2111953,415.0,440.0,545.0,517.0,355.0,308.0,302.0,259.0,264.0,252.0,242.0,151.0,149.0,134.0,134.0,76.0,31.0,19.0,18.0,2.0,0.0
2112001,880.0,900.0,993.0,884.0,723.0,628.0,480.0,389.0,347.0,363.0,304.0,260.0,189.0,166.0,154.0,66.0,49.0,11.0,9.0,2.0,0.0
2112100,2947.0,3076.0,3441.0,3145.0,2667.0,2206.0,1738.0,1502.0,1299.0,1366.0,1051.0,999.0,747.0,593.0,552.0,328.0,184.0,82.0,64.0,10.0,0.0
2112209,13764.0,15078.0,16345.0,15002.0,15656.0,14657.0,13078.0,10457.0,9112.0,7598.0,6304.0,5257.0,3999.0,3100.0,2206.0,1735.0,1158.0,513.0,328.0,70.0,41.0
2112233,1855.0,1763.0,1908.0,1731.0,1883.0,1756.0,1482.0,1239.0,1037.0,879.0,766.0,661.0,572.0,469.0,344.0,333.0,133.0,91.0,41.0,10.0,0.0
2112274,684.0,776.0,683.0,530.0,424.0,468.0,378.0,281.0,247.0,199.0,213.0,166.0,178.0,132.0,79.0,56.0,55.0,38.0,8.0,0.0,0.0
2112308,3794.0,4191.0,4375.0,4239.0,3456.0,3362.0,2859.0,2298.0,1966.0,1755.0,1489.0,1475.0,1334.0,786.0,771.0,475.0,292.0,129.0,106.0,26.0,6.0
2112407,4018.0,4261.0,4315.0,3698.0,3223.0,2905.0,2246.0,1828.0,1490.0,1300.0,993.0,1074.0,759.0,679.0,345.0,411.0,224.0,101.0,42.0,22.0,0.0
2112456,2869.0,2853.0,2714.0,2408.0,2293.0,1948.0,1496.0,1245.0,1051.0,883.0,699.0,753.0,430.0,501.0,369.0,138.0,59.0,54.0,82.0,0.0,0.0
2112506,5797.0,6245.0,6658.0,6225.0,5254.0,4357.0,3522.0,2724.0,2571.0,2092.0,1868.0,1294.0,1487.0,809.0,732.0,446.0,326.0,191.0,113.0,55.0,22.0
2112605,3051.0,2932.0,3306.0,2795.0,2541.0,2123.0,1549.0,1128.0,1054.0,947.0,802.0,533.0,487.0,462.0,349.0,254.0,169.0,58.0,11.0,23.0,0.0
2112704,5321.0,5743.0,6218.0,5402.0,5144.0,4245.0,3388.0,2615.0,2273.0,1956.0,1635.0,1440.0,1334.0,908.0,810.0,464.0,270.0,135.0,76.0,26.0,8.0
2112803,4992.0,5367.0,5766.0,5272.0,4800.0,4407.0,3521.0,2787.0,2377.0,2187.0,1836.0,1649.0,1341.0,1007.0,876.0,642.0,331.0,172.0,111.0,16.0,38.0
2112852,1151.0,1385.0,1311.0,1096.0,1209.0,1023.0,847.0,605.0,571.0,466.0,334.0,386.0,246.0,245.0,185.0,91.0,90.0,6.0,3.0,10.0,0.0
2112902,3153.0,3400.0,3694.0,3520.0,2918.0,2600.0,2084.0,1720.0,1520.0,1382.0,1230.0,1145.0,890.0,569.0,632.0,422.0,103.0,87.0,114.0,23.0,13.0
2113009,2888.0,3321.0,3694.0,3196.0,2765.0,2606.0,2206.0,1921.0,1724.0,1502.0,1292.0,1105.0,1064.0,797.0,608.0,416.0,312.0,183.0,46.0,0.0,12.0
2114007,5027.0,5410.0,5986.0,5215.0,4850.0,4559.0,3835.0,2776.0,2402.0,2188.0,1854.0,1603.0,1350.0,1118.0,836.0,588.0,332.0,148.0,51.0,25.0,20.0
2200053,518.0,646.0,721.0,657.0,617.0,559.0,491.0,493.0,413.0,342.0,308.0,241.0,243.0,165.0,121.0,99.0,56.0,38.0,15.0,7.0,0.0
2200103,390.0,409.0,527.0,495.0,405.0,383.0,367.0,304.0,310.0,238.0,273.0,212.0,219.0,192.0,162.0,81.0,74.0,39.0,15.0,2.0,0.0
2200202,1340.0,1526.0,1721.0,1442.0,1387.0,1383.0,1354.0,1057.0,947.0,815.0,726.0,671.0,564.0,485.0,372.0,328.0,190.0,86.0,46.0,11.0,0.0
2200251,517.0,563.0,635.0,637.0,684.0,636.0,582.0,483.0,493.0,469.0,395.0,321.0,307.0,221.0,145.0,101.0,87.0,36.0,18.0,6.0,5.0
2200277,426.0,438.0,503.0,543.0,467.0,394.0,350.0,316.0,376.0,343.0,226.0,166.0,147.0,168.0,157.0,56.0,24.0,39.0,14.0,0.0,0.0
2200301,991.0,1093.0,1327.0,1299.0,1193.0,1045.0,990.0,899.0,782.0,764.0,744.0,668.0,541.0,401.0,336.0,319.0,150.0,73.0,26.0,5.0,0.0
2200400,3256.0,3250.0,3886.0,3706.0,3803.0,3369.0,2944.0,2488.0,2277.0,2038.0,1927.0,1391.0,1348.0,894.0,863.0,572.0,454.0,205.0,111.0,26.0,14.0
2200459,514.0,555.0,586.0,578.0,417.0,401.0,365.0,287.0,250.0,251.0,229.0,164.0,152.0,112.0,97.0,30.0,46.0,10.0,7.0,0.0,0.0
2200509,1508.0,1418.0,1713.0,1551.0,1496.0,1352.0,1230.0,1010.0,923.0,972.0,821.0,735.0,658.0,540.0,560.0,317.0,159.0,115.0,43.0,13.0,0.0
2200608,431.0,572.0,690.0,634.0,480.0,467.0,405.0,397.0,429.0,441.0,371.0,342.0,267.0,230.0,234.0,117.0,93.0,39.0,25.0,6.0,3.0
2200707,778.0,875.0,932.0,874.0,889.0,811.0,742.0,689.0,509.0,444.0,302.0,279.0,264.0,254.0,249.0,98.0,44.0,49.0,5.0,6.0,5.0
2200806,234.0,270.0,310.0,294.0,289.0,248.0,216.0,169.0,157.0,188.0,187.0,125.0,122.0,95.0,55.0,36.0,13.0,22.0,6.0,2.0,0.0
2200905,475.0,482.0,542.0,525.0,448.0,440.0,418.0,407.0,331.0,311.0,288.0,292.0,268.0,153.0,150.0,81.0,92.0,48.0,11.0,14.0,2.0
2200954,134.0,169.0,225.0,210.0,214.0,203.0,173.0,172.0,183.0,145.0,107.0,125.0,102.0,111.0,83.0,32.0,25.0,9.0,6.0,11.0,0.0
2201002,360.0,458.0,556.0,532.0,395.0,320.0,282.0,288.0,303.0,247.0,217.0,187.0,143.0,149.0,104.0,75.0,53.0,17.0,0.0,2.0,0.0
2201051,783.0,903.0,912.0,720.0,617.0,587.0,602.0,433.0,363.0,336.0,247.0,285.0,212.0,193.0,147.0,58.0,70.0,35.0,0.0,0.0,0.0
2201101,932.0,1098.0,1190.0,1062.0,890.0,853.0,791.0,779.0,674.0,600.0,508.0,390.0,403.0,286.0,255.0,164.0,113.0,48.0,26.0,5.0,0.0
2201150,1138.0,1234.0,1315.0,1145.0,1113.0,978.0,749.0,529.0,538.0,455.0,395.0,272.0,190.0,170.0,147.0,53.0,66.0,10.0,14.0,4.0,0.0
2201176,289.0,359.0,379.0,340.0,309.0,341.0,311.0,229.0,204.0,194.0,196.0,178.0,135.0,118.0,108.0,70.0,36.0,37.0,16.0,3.0,0.0
2201200,4130.0,4532.0,4662.0,4577.0,4489.0,3873.0,3372.0,2555.0,2418.0,2105.0,1836.0,1729.0,1333.0,1059.0,839.0,603.0,410.0,251.0,44.0,24.0,9.0
2201309,264.0,367.0,381.0,331.0,263.0,257.0,242.0,173.0,184.0,164.0,134.0,137.0,94.0,80.0,56.0,44.0,36.0,21.0,5.0,0.0,0.0
2201408,557.0,603.0,666.0,612.0,625.0,542.0,492.0,397.0,346.0,356.0,320.0,285.0,194.0,201.0,148.0,142.0,61.0,41.0,12.0,6.0,0.0
2201507,2005.0,2492.0,2874.0,2662.0,2400.0,2130.0,1830.0,1584.0,1471.0,1318.0,1002.0,1097.0,884.0,603.0,583.0,506.0,180.0,85.0,53.0,6.0,8.0
2201556,314.0,373.0,391.0,352.0,319.0,310.0,309.0,285.0,279.0,225.0,136.0,117.0,123.0,97.0,81.0,30.0,27.0,8.0,2.0,0.0,0.0
2201572,265.0,265.0,312.0,310.0,265.0,293.0,283.0,222.0,240.0,189.0,148.0,112.0,126.0,86.0,71.0,36.0,47.0,11.0,4.0,0.0,0.0
2201606,741.0,863.0,968.0,926.0,915.0,899.0,738.0,539.0,519.0,474.0,572.0,423.0,436.0,271.0,229.0,160.0,134.0,90.0,14.0,0.0,0.0
2201705,410.0,487.0,576.0,511.0,470.0,463.0,385.0,296.0,324.0,252.0,258.0,209.0,190.0,148.0,130.0,94.0,53.0,29.0,25.0,9.0,0.0
2201739,566.0,630.0,726.0,614.0,542.0,478.0,453.0,410.0,320.0,301.0,231.0,174.0,188.0,132.0,93.0,42.0,62.0,40.0,9.0,0.0,3.0
2201770,618.0,641.0,699.0,610.0,626.0,558.0,467.0,351.0,332.0,299.0,251.0,204.0,187.0,165.0,133.0,85.0,38.0,20.0,10.0,0.0,3.0
2201804,254.0,303.0,400.0,346.0,311.0,354.0,291.0,330.0,309.0,289.0,211.0,230.0,216.0,201.0,137.0,109.0,41.0,24.0,10.0,3.0,0.0
2201903,2078.0,2243.0,2314.0,2255.0,2534.0,2337.0,1969.0,1377.0,1203.0,1025.0,878.0,673.0,593.0,342.0,315.0,228.0,177.0,33.0,32.0,14.0,9.0
2201919,436.0,524.0,586.0,507.0,498.0,438.0,436.0,344.0,287.0,274.0,226.0,171.0,156.0,152.0,118.0,92.0,37.0,16.0,6.0,0.0,0.0
2201929,428.0,466.0,563.0,550.0,479.0,457.0,396.0,371.0,314.0,265.0,236.0,226.0,203.0,121.0,101.0,108.0,58.0,34.0,15.0,3.0,0.0
2201945,555.0,578.0,590.0,573.0,552.0,545.0,465.0,311.0,297.0,318.0,294.0,271.0,225.0,216.0,165.0,94.0,78.0,38.0,22.0,6.0,0.0
2201960,572.0,672.0,811.0,738.0,767.0,704.0,634.0,481.0,472.0,401.0,362.0,350.0,285.0,221.0,206.0,149.0,84.0,39.0,12.0,7.0,0.0
2201988,319.0,371.0,437.0,352.0,299.0,317.0,310.0,260.0,231.0,216.0,169.0,136.0,138.0,122.0,60.0,64.0,36.0,6.0,7.0,0.0,0.0
2202000,1692.0,1804.0,2032.0,1933.0,1946.0,1676.0,1360.0,1098.0,1019.0,909.0,737.0,806.0,682.0,422.0,335.0,277.0,203.0,123.0,13.0,0.0,6.0
2202026,616.0,778.0,910.0,812.0,751.0,590.0,577.0,498.0,492.0,395.0,374.0,260.0,215.0,204.0,186.0,169.0,57.0,62.0,26.0,2.0,0.0
2202059,734.0,892.0,952.0,1044.0,956.0,795.0,751.0,610.0,531.0,516.0,517.0,428.0,324.0,293.0,178.0,206.0,114.0,80.0,4.0,3.0,0.0
2202075,271.0,329.0,343.0,327.0,338.0,262.0,254.0,195.0,188.0,139.0,154.0,126.0,109.0,123.0,70.0,63.0,47.0,3.0,0.0,4.0,0.0
2202083,634.0,705.0,827.0,648.0,622.0,647.0,636.0,501.0,379.0,318.0,257.0,271.0,200.0,167.0,158.0,72.0,51.0,48.0,15.0,6.0,0.0
2202091,448.0,574.0,650.0,544.0,496.0,403.0,444.0,419.0,307.0,287.0,210.0,210.0,194.0,147.0,118.0,81.0,69.0,49.0,15.0,3.0,4.0
2202109,454.0,492.0,553.0,471.0,460.0,400.0,382.0,311.0,339.0,331.0,274.0,239.0,253.0,133.0,117.0,83.0,85.0,25.0,1.0,2.0,3.0
2202117,429.0,435.0,502.0,489.0,482.0,390.0,385.0,281.0,284.0,254.0,193.0,131.0,105.0,127.0,82.0,37.0,23.0,44.0,18.0,3.0,0.0
2202133,402.0,487.0,568.0,589.0,539.0,431.0,423.0,365.0,392.0,319.0,251.0,209.0,186.0,167.0,133.0,63.0,43.0,13.0,12.0,0.0,0.0
2202174,762.0,796.0,760.0,794.0,641.0,584.0,463.0,356.0,320.0,275.0,241.0,244.0,162.0,113.0,86.0,111.0,55.0,28.0,8.0,4.0,0.0
2202208,2916.0,3408.0,4013.0,3959.0,4205.0,3994.0,3717.0,3279.0,2936.0,2613.0,2166.0,2084.0,1586.0,1347.0,1169.0,798.0,552.0,300.0,119.0,8.0,7.0
2202251,335.0,403.0,432.0,364.0,306.0,323.0,287.0,223.0,217.0,206.0,165.0,177.0,133.0,109.0,111.0,54.0,55.0,14.0,8.0,0.0,0.0
2202307,1541.0,1915.0,2027.0,1882.0,1661.0,1717.0,1542.0,1298.0,1203.0,1130.0,925.0,799.0,715.0,596.0,354.0,346.0,198.0,107.0,38.0,26.0,0.0
2202406,908.0,1075.0,1082.0,1091.0,983.0,951.0,818.0,628.0,597.0,554.0,567.0,443.0,387.0,298.0,198.0,164.0,132.0,49.0,27.0,0.0,0.0
2202455,344.0,410.0,356.0,342.0,338.0,313.0,324.0,275.0,265.0,192.0,177.0,100.0,129.0,118.0,74.0,56.0,35.0,28.0,3.0,0.0,0.0
2202505,943.0,1007.0,1123.0,1124.0,999.0,849.0,809.0,618.0,543.0,506.0,377.0,321.0,291.0,221.0,192.0,105.0,93.0,43.0,38.0,4.0,5.0
2202539,476.0,567.0,646.0,586.0,484.0,439.0,435.0,321.0,290.0,249.0,256.0,193.0,185.0,121.0,113.0,80.0,53.0,22.0,7.0,3.0,0.0
2202554,419.0,498.0,510.0,544.0,476.0,409.0,368.0,304.0,265.0,221.0,187.0,133.0,132.0,138.0,107.0,40.0,38.0,20.0,10.0,7.0,0.0
2202604,1503.0,1664.0,2028.0,1825.0,1588.0,1315.0,1274.0,1118.0,1066.0,901.0,850.0,787.0,667.0,562.0,481.0,357.0,179.0,99.0,52.0,10.0,10.0
2202653,466.0,564.0,591.0,544.0,499.0,418.0,371.0,316.0,245.0,217.0,227.0,144.0,106.0,143.0,84.0,48.0,36.0,13.0,8.0,0.0,0.0
2202703,2385.0,2685.0,3059.0,2851.0,2429.0,2059.0,1805.0,1558.0,1482.0,1227.0,957.0,832.0,846.0,612.0,525.0,360.0,234.0,66.0,28.0,35.0,0.0
2202711,349.0,431.0,462.0,398.0,370.0,412.0,344.0,261.0,282.0,241.0,242.0,176.0,154.0,151.0,105.0,49.0,70.0,19.0,4.0,3.0,3.0
2202729,446.0,554.0,616.0,603.0,524.0,438.0,403.0,340.0,350.0,304.0,242.0,216.0,141.0,161.0,84.0,79.0,49.0,19.0,3.0,0.0,0.0
2202737,318.0,326.0,380.0,355.0,329.0,346.0,297.0,225.0,220.0,200.0,166.0,162.0,169.0,95.0,107.0,41.0,38.0,26.0,3.0,7.0,0.0
2202752,577.0,566.0,659.0,598.0,546.0,517.0,455.0,335.0,331.0,309.0,239.0,235.0,156.0,169.0,127.0,102.0,62.0,33.0,20.0,0.0,0.0
2202778,578.0,660.0,829.0,749.0,730.0,618.0,533.0,454.0,428.0,381.0,376.0,297.0,228.0,202.0,156.0,91.0,70.0,44.0,5.0,3.0,0.0
2202802,332.0,393.0,521.0,422.0,331.0,351.0,315.0,294.0,270.0,238.0,184.0,214.0,174.0,142.0,144.0,67.0,47.0,19.0,12.0,6.0,0.0
2202851,306.0,404.0,455.0,423.0,371.0,406.0,359.0,329.0,276.0,236.0,184.0,181.0,245.0,114.0,94.0,42.0,56.0,48.0,11.0,0.0,0.0
2202901,2311.0,2640.0,2873.0,2619.0,2384.0,2335.0,1929.0,1477.0,1358.0,1253.0,982.0,914.0,796.0,444.0,419.0,358.0,89.0,123.0,63.0,31.0,10.0
2203008,826.0,854.0,837.0,744.0,699.0,669.0,527.0,475.0,386.0,379.0,376.0,293.0,293.0,159.0,108.0,55.0,75.0,47.0,27.0,0.0,2.0
2203107,888.0,979.0,1132.0,1105.0,964.0,825.0,685.0,591.0,508.0,473.0,437.0,346.0,290.0,235.0,205.0,135.0,104.0,47.0,19.0,13.0,0.0
2203206,939.0,1110.0,1237.0,1052.0,986.0,879.0,808.0,663.0,581.0,534.0,412.0,460.0,345.0,228.0,179.0,116.0,106.0,61.0,45.0,10.0,11.0
2203230,512.0,484.0,525.0,449.0,439.0,387.0,335.0,242.0,234.0,227.0,203.0,192.0,136.0,136.0,67.0,77.0,41.0,8.0,9.0,0.0,0.0
2203255,391.0,393.0,474.0,406.0,418.0,366.0,280.0,235.0,201.0,196.0,202.0,165.0,138.0,100.0,83.0,58.0,50.0,23.0,3.0,0.0,0.0
2203271,512.0,541.0,603.0,528.0,464.0,359.0,377.0,294.0,278.0,197.0,161.0,167.0,124.0,82.0,76.0,37.0,36.0,25.0,3.0,5.0,0.0
2203305,1112.0,1103.0,1309.0,1206.0,1262.0,1207.0,1088.0,872.0,690.0,662.0,584.0,530.0,444.0,448.0,311.0,205.0,133.0,86.0,16.0,0.0,10.0
2203354,470.0,570.0,683.0,680.0,585.0,523.0,482.0,452.0,432.0,376.0,311.0,239.0,273.0,193.0,149.0,79.0,79.0,71.0,13.0,10.0,4.0
2203404,450.0,507.0,606.0,621.0,585.0,521.0,522.0,483.0,417.0,450.0,328.0,313.0,241.0,167.0,154.0,78.0,61.0,47.0,10.0,7.0,0.0
2203420,366.0,424.0,538.0,486.0,356.0,283.0,271.0,242.0,232.0,199.0,204.0,152.0,139.0,133.0,114.0,54.0,51.0,14.0,6.0,0.0,0.0
2203453,705.0,806.0,923.0,882.0,752.0,734.0,695.0,633.0,602.0,536.0,492.0,299.0,347.0,311.0,179.0,149.0,132.0,48.0,20.0,0.0,0.0
2203503,1021.0,1157.0,1226.0,1271.0,1291.0,1199.0,1073.0,992.0,868.0,829.0,743.0,640.0,550.0,534.0,426.0,322.0,207.0,97.0,50.0,11.0,5.0
2203602,364.0,394.0,437.0,429.0,379.0,390.0,361.0,298.0,264.0,224.0,259.0,199.0,196.0,130.0,153.0,63.0,77.0,29.0,14.0,5.0,0.0
2203701,3189.0,3378.0,3763.0,3710.0,4025.0,3505.0,2800.0,2354.0,2006.0,1885.0,1705.0,1438.0,1042.0,1046.0,660.0,492.0,447.0,159.0,139.0,22.0,0.0
2203750,408.0,563.0,613.0,555.0,365.0,397.0,280.0,280.0,347.0,286.0,172.0,162.0,178.0,162.0,141.0,74.0,58.0,18.0,15.0,0.0,0.0
2203800,383.0,413.0,445.0,379.0,370.0,361.0,319.0,263.0,240.0,239.0,198.0,222.0,167.0,98.0,105.0,78.0,46.0,18.0,22.0,0.0,0.0
2203859,175.0,208.0,249.0,230.0,180.0,179.0,184.0,180.0,153.0,160.0,122.0,128.0,108.0,85.0,63.0,35.0,32.0,4.0,7.0,0.0,0.0
2203909,4051.0,4607.0,5245.0,5659.0,5948.0,5355.0,4703.0,3948.0,3663.0,3163.0,2774.0,2135.0,1797.0,1458.0,1186.0,897.0,550.0,334.0,116.0,92.0,9.0
2204006,386.0,480.0,547.0,516.0,402.0,405.0,376.0,267.0,300.0,296.0,263.0,257.0,212.0,172.0,130.0,117.0,55.0,38.0,10.0,6.0,0.0
2204105,367.0,380.0,412.0,447.0,378.0,327.0,285.0,243.0,244.0,239.0,203.0,284.0,197.0,136.0,116.0,85.0,62.0,60.0,11.0,0.0,0.0
2204154,215.0,227.0,283.0,256.0,286.0,268.0,228.0,207.0,194.0,165.0,124.0,91.0,104.0,65.0,79.0,29.0,25.0,21.0,11.0,2.0,0.0
2204204,702.0,685.0,797.0,786.0,768.0,743.0,725.0,620.0,532.0,520.0,389.0,372.0,287.0,245.0,165.0,124.0,69.0,43.0,10.0,11.0,0.0
2204303,878.0,971.0,1101.0,1022.0,1066.0,833.0,872.0,778.0,754.0,658.0,516.0,406.0,422.0,247.0,227.0,136.0,94.0,75.0,50.0,11.0,0.0
2204352,438.0,491.0,550.0,525.0,481.0,431.0,401.0,364.0,356.0,337.0,254.0,207.0,196.0,168.0,124.0,64.0,43.0,31.0,6.0,8.0,0.0
2204402,972.0,1074.0,1308.0,1184.0,944.0,859.0,641.0,612.0,483.0,498.0,474.0,372.0,227.0,297.0,173.0,134.0,81.0,30.0,23.0,16.0,0.0
2204501,815.0,915.0,1008.0,994.0,1038.0,884.0,797.0,653.0,579.0,549.0,567.0,305.0,326.0,261.0,177.0,272.0,66.0,38.0,14.0,11.0,0.0
2204550,388.0,503.0,609.0,551.0,425.0,394.0,319.0,213.0,226.0,163.0,157.0,135.0,56.0,116.0,69.0,47.0,17.0,8.0,5.0,0.0,0.0
2204600,268.0,324.0,396.0,356.0,320.0,299.0,297.0,229.0,238.0,202.0,181.0,172.0,140.0,115.0,108.0,68.0,38.0,9.0,8.0,3.0,0.0
2204659,776.0,883.0,989.0,829.0,814.0,750.0,744.0,544.0,482.0,413.0,344.0,319.0,284.0,236.0,246.0,130.0,74.0,27.0,25.0,5.0,0.0
2204709,1173.0,1228.0,1506.0,1429.0,1196.0,1200.0,1157.0,1001.0,949.0,817.0,687.0,633.0,486.0,464.0,329.0,239.0,217.0,120.0,9.0,5.0,0.0
2204808,704.0,839.0,926.0,825.0,846.0,782.0,704.0,587.0,645.0,526.0,439.0,355.0,316.0,269.0,263.0,152.0,107.0,28.0,3.0,6.0,6.0
2204907,682.0,741.0,956.0,905.0,766.0,645.0,547.0,460.0,507.0,424.0,363.0,256.0,293.0,247.0,179.0,92.0,71.0,51.0,29.0,8.0,0.0
2205003,659.0,854.0,1036.0,923.0,891.0,834.0,838.0,778.0,790.0,715.0,594.0,567.0,452.0,421.0,341.0,204.0,128.0,57.0,22.0,0.0,4.0
2205102,810.0,891.0,1006.0,964.0,949.0,904.0,816.0,668.0,673.0,626.0,495.0,478.0,398.0,329.0,339.0,161.0,88.0,53.0,25.0,5.0,0.0
2205151,420.0,494.0,546.0,608.0,555.0,464.0,428.0,385.0,382.0,332.0,300.0,242.0,172.0,135.0,124.0,40.0,41.0,39.0,12.0,3.0,0.0
2205201,1518.0,1736.0,1894.0,1693.0,1639.0,1476.0,1383.0,1136.0,1101.0,885.0,787.0,667.0,608.0,503.0,457.0,200.0,180.0,97.0,54.0,16.0,5.0
2205250,363.0,356.0,454.0,423.0,376.0,324.0,288.0,270.0,276.0,270.0,194.0,194.0,146.0,126.0,117.0,52.0,62.0,16.0,0.0,3.0,0.0
2205276,344.0,361.0,424.0,410.0,372.0,353.0,373.0,323.0,276.0,261.0,211.0,252.0,239.0,153.0,114.0,65.0,59.0,42.0,17.0,7.0,0.0
2205300,320.0,384.0,485.0,440.0,399.0,303.0,308.0,283.0,273.0,256.0,202.0,162.0,153.0,135.0,101.0,79.0,47.0,25.0,24.0,11.0,0.0
2205359,232.0,253.0,268.0,292.0,289.0,259.0,240.0,205.0,193.0,166.0,141.0,99.0,96.0,83.0,64.0,39.0,21.0,20.0,0.0,0.0,0.0
2205409,1187.0,1473.0,1507.0,1600.0,1323.0,1152.0,992.0,796.0,760.0,654.0,586.0,459.0,501.0,254.0,216.0,193.0,84.0,58.0,21.0,0.0,0.0
2205458,519.0,503.0,496.0,597.0,551.0,468.0,370.0,285.0,271.0,207.0,166.0,203.0,124.0,132.0,118.0,56.0,18.0,8.0,0.0,8.0,0.0
2205508,3080.0,3223.0,3622.0,3635.0,3810.0,3447.0,2939.0,2340.0,2015.0,1823.0,1500.0,1463.0,1098.0,1077.0,758.0,475.0,436.0,211.0,87.0,46.0,0.0
2205516,426.0,443.0,553.0,496.0,408.0,359.0,344.0,291.0,304.0,208.0,222.0,169.0,162.0,100.0,119.0,77.0,48.0,16.0,6.0,5.0,0.0
2205524,493.0,521.0,615.0,583.0,478.0,421.0,350.0,314.0,276.0,294.0,205.0,212.0,168.0,149.0,117.0,100.0,43.0,23.0,8.0,3.0,0.0
2205532,370.0,447.0,431.0,474.0,432.0,373.0,363.0,287.0,277.0,228.0,188.0,132.0,162.0,135.0,100.0,49.0,39.0,24.0,6.0,0.0,0.0
2205540,201.0,245.0,284.0,252.0,229.0,195.0,198.0,158.0,151.0,142.0,148.0,109.0,108.0,93.0,39.0,37.0,37.0,26.0,3.0,0.0,0.0
2205557,683.0,812.0,938.0,866.0,748.0,632.0,586.0,474.0,425.0,355.0,314.0,245.0,215.0,294.0,214.0,100.0,34.0,42.0,24.0,0.0,8.0
2205565,371.0,431.0,466.0,521.0,403.0,368.0,332.0,286.0,268.0,219.0,178.0,156.0,173.0,144.0,83.0,42.0,58.0,15.0,9.0,0.0,0.0
2205573,511.0,683.0,813.0,737.0,475.0,475.0,471.0,389.0,385.0,283.0,232.0,235.0,206.0,181.0,162.0,55.0,68.0,35.0,20.0,6.0,0.0
2205581,328.0,329.0,395.0,369.0,393.0,341.0,300.0,252.0,193.0,205.0,130.0,208.0,115.0,101.0,98.0,51.0,21.0,17.0,13.0,6.0,0.0
2205599,407.0,419.0,486.0,437.0,356.0,372.0,380.0,323.0,297.0,295.0,258.0,216.0,197.0,113.0,122.0,48.0,80.0,31.0,10.0,0.0,2.0
2205607,435.0,495.0,525.0,437.0,421.0,365.0,360.0,336.0,312.0,302.0,331.0,210.0,210.0,184.0,143.0,114.0,47.0,28.0,10.0,9.0,6.0
2205706,2512.0,2623.0,2947.0,2926.0,2825.0,2536.0,2314.0,1952.0,1652.0,1371.0,1055.0,1038.0,855.0,660.0,506.0,309.0,214.0,80.0,12.0,20.0,0.0
2205805,2233.0,2261.0,2413.0,2618.0,2519.0,2095.0,1718.0,1373.0,1327.0,1175.0,959.0,1198.0,669.0,794.0,582.0,412.0,121.0,181.0,33.0,39.0,0.0
2205854,763.0,844.0,878.0,917.0,836.0,675.0,536.0,414.0,388.0,347.0,318.0,212.0,183.0,162.0,136.0,106.0,48.0,41.0,12.0,0.0,0.0
2205904,362.0,475.0,583.0,551.0,452.0,464.0,384.0,296.0,305.0,286.0,236.0,210.0,168.0,128.0,123.0,93.0,51.0,32.0,5.0,3.0,6.0
2205953,785.0,764.0,867.0,782.0,798.0,633.0,555.0,499.0,509.0,397.0,318.0,225.0,170.0,191.0,132.0,104.0,59.0,15.0,6.0,3.0,0.0
2206001,421.0,365.0,434.0,371.0,419.0,343.0,319.0,280.0,271.0,252.0,179.0,236.0,164.0,126.0,115.0,68.0,41.0,34.0,14.0,4.0,0.0
2206050,467.0,593.0,637.0,525.0,544.0,551.0,502.0,376.0,352.0,308.0,267.0,263.0,262.0,187.0,148.0,99.0,85.0,32.0,16.0,6.0,0.0
2206100,1110.0,1047.0,1137.0,1164.0,1012.0,856.0,726.0,586.0,543.0,472.0,356.0,425.0,335.0,250.0,193.0,124.0,58.0,44.0,22.0,13.0,0.0
2206209,3145.0,3535.0,4051.0,3608.0,3083.0,2516.0,2034.0,1649.0,1483.0,1417.0,1258.0,1211.0,959.0,745.0,684.0,360.0,270.0,203.0,78.0,0.0,0.0
2206308,114.0,122.0,142.0,117.0,115.0,106.0,93.0,82.0,56.0,63.0,62.0,46.0,37.0,28.0,30.0,15.0,15.0,5.0,3.0,2.0,0.0
2206357,491.0,679.0,849.0,800.0,550.0,466.0,447.0,376.0,408.0,394.0,335.0,272.0,200.0,162.0,158.0,72.0,74.0,20.0,16.0,0.0,0.0
2206407,749.0,861.0,1019.0,970.0,1027.0,891.0,781.0,616.0,570.0,523.0,441.0,467.0,420.0,303.0,272.0,225.0,131.0,59.0,8.0,0.0,0.0
2206506,569.0,629.0,657.0,657.0,717.0,594.0,564.0,451.0,467.0,475.0,418.0,283.0,261.0,234.0,177.0,111.0,92.0,26.0,8.0,0.0,0.0
2206605,1034.0,1059.0,1262.0,1223.0,960.0,832.0,688.0,552.0,488.0,543.0,450.0,328.0,252.0,246.0,146.0,111.0,111.0,46.0,15.0,0.0,0.0
2206654,395.0,456.0,497.0,474.0,320.0,290.0,294.0,234.0,236.0,209.0,178.0,101.0,125.0,63.0,68.0,58.0,45.0,12.0,9.0,3.0,0.0
2206670,548.0,691.0,759.0,711.0,670.0,560.0,420.0,350.0,344.0,276.0,293.0,236.0,190.0,182.0,121.0,67.0,41.0,27.0,9.0,0.0,3.0
2206696,892.0,927.0,978.0,847.0,840.0,727.0,609.0,457.0,403.0,394.0,310.0,314.0,246.0,214.0,104.0,95.0,54.0,37.0,5.0,11.0,0.0
2206704,545.0,623.0,799.0,763.0,597.0,511.0,508.0,442.0,415.0,366.0,353.0,351.0,317.0,200.0,161.0,166.0,113.0,56.0,29.0,6.0,0.0
2206720,737.0,759.0,861.0,734.0,804.0,687.0,593.0,407.0,405.0,433.0,361.0,347.0,288.0,197.0,203.0,113.0,83.0,38.0,13.0,4.0,2.0
2206753,319.0,358.0,393.0,389.0,407.0,387.0,347.0,312.0,263.0,240.0,211.0,216.0,197.0,185.0,139.0,86.0,47.0,42.0,16.0,3.0,0.0
2206803,818.0,871.0,907.0,875.0,842.0,692.0,574.0,437.0,422.0,378.0,307.0,297.0,195.0,212.0,159.0,99.0,80.0,10.0,28.0,4.0,0.0
2206902,406.0,569.0,634.0,614.0,516.0,551.0,467.0,392.0,373.0,360.0,355.0,288.0,258.0,208.0,231.0,145.0,85.0,31.0,12.0,2.0,0.0
2206951,227.0,288.0,345.0,308.0,247.0,259.0,254.0,200.0,191.0,172.0,165.0,171.0,175.0,77.0,73.0,57.0,30.0,11.0,10.0,0.0,0.0
2207009,2845.0,3166.0,3670.0,3525.0,3200.0,2972.0,2785.0,2398.0,2135.0,1821.0,1668.0,1273.0,1230.0,939.0,960.0,383.0,376.0,188.0,85.0,21.0,0.0
2207108,254.0,275.0,293.0,189.0,206.0,223.0,218.0,163.0,148.0,129.0,101.0,122.0,92.0,77.0,59.0,33.0,18.0,15.0,9.0,0.0,2.0
2207207,471.0,519.0,691.0,642.0,529.0,487.0,504.0,464.0,515.0,398.0,315.0,265.0,246.0,181.0,187.0,124.0,63.0,37.0,17.0,2.0,0.0
2207306,293.0,418.0,462.0,422.0,361.0,310.0,268.0,245.0,219.0,220.0,198.0,159.0,145.0,117.0,92.0,53.0,38.0,22.0,8.0,5.0,3.0
2207355,240.0,310.0,327.0,281.0,228.0,229.0,240.0,219.0,235.0,202.0,198.0,161.0,127.0,142.0,94.0,55.0,29.0,25.0,18.0,3.0,0.0
2207405,476.0,470.0,597.0,524.0,422.0,403.0,361.0,294.0,291.0,267.0,222.0,167.0,134.0,140.0,105.0,66.0,43.0,7.0,4.0,0.0,0.0
2207504,1288.0,1388.0,1467.0,1350.0,1245.0,1056.0,928.0,759.0,710.0,701.0,620.0,528.0,472.0,375.0,408.0,230.0,73.0,67.0,65.0,8.0,5.0
2207553,278.0,337.0,462.0,349.0,336.0,311.0,323.0,316.0,271.0,251.0,217.0,175.0,164.0,127.0,86.0,69.0,45.0,26.0,3.0,0.0,0.0
2207603,1020.0,1138.0,1274.0,1175.0,994.0,800.0,682.0,534.0,536.0,476.0,426.0,371.0,271.0,165.0,124.0,127.0,82.0,53.0,24.0,4.0,0.0
2207702,11045.0,11902.0,13737.0,13800.0,14554.0,13134.0,11895.0,10522.0,9389.0,8148.0,6343.0,5455.0,4856.0,3249.0,2942.0,2104.0,1669.0,636.0,262.0,32.0,31.0
2207751,395.0,433.0,465.0,473.0,474.0,398.0,314.0,257.0,237.0,220.0,173.0,206.0,137.0,114.0,90.0,81.0,60.0,13.0,6.0,0.0,0.0
2207777,449.0,530.0,590.0,531.0,517.0,451.0,451.0,379.0,400.0,350.0,283.0,298.0,221.0,222.0,150.0,101.0,94.0,46.0,25.0,13.0,4.0
2207793,334.0,373.0,428.0,350.0,292.0,284.0,289.0,202.0,185.0,180.0,222.0,150.0,145.0,124.0,80.0,44.0,34.0,21.0,15.0,5.0,0.0
2207801,1641.0,1990.0,2046.0,1907.0,1835.0,1644.0,1527.0,1341.0,1184.0,976.0,846.0,659.0,647.0,535.0,419.0,242.0,161.0,144.0,41.0,0.0,0.0
2207850,230.0,301.0,430.0,371.0,311.0,303.0,267.0,198.0,243.0,207.0,157.0,185.0,117.0,105.0,105.0,51.0,49.0,26.0,8.0,0.0,0.0
2207900,3028.0,3669.0,4316.0,4025.0,3035.0,2673.0,2558.0,2149.0,2075.0,1998.0,1809.0,1580.0,1283.0,1053.0,905.0,521.0,431.0,275.0,89.0,24.0,0.0
2207934,256.0,225.0,247.0,213.0,229.0,186.0,201.0,154.0,147.0,117.0,119.0,92.0,69.0,51.0,51.0,17.0,15.0,12.0,4.0,2.0,0.0
2207959,368.0,509.0,418.0,426.0,337.0,329.0,330.0,256.0,244.0,242.0,171.0,161.0,142.0,72.0,90.0,39.0,42.0,8.0,0.0,3.0,0.0
2208007,5321.0,5642.0,6575.0,6908.0,7276.0,6770.0,6320.0,5623.0,5223.0,4478.0,3641.0,2508.0,2169.0,1867.0,1497.0,799.0,446.0,228.0,90.0,19.0,13.0
2208106,949.0,1078.0,1304.0,1126.0,974.0,900.0,902.0,773.0,738.0,561.0,624.0,400.0,484.0,277.0,259.0,181.0,99.0,65.0,33.0,6.0,0.0
2208205,1428.0,1600.0,1870.0,1867.0,1648.0,1346.0,1384.0,1159.0,1232.0,940.0,774.0,567.0,505.0,475.0,325.0,296.0,162.0,73.0,10.0,11.0,0.0
2208304,2001.0,2324.0,3027.0,2957.0,2597.0,2248.0,2015.0,1848.0,1681.0,1432.0,1253.0,1013.0,982.0,712.0,600.0,384.0,255.0,190.0,35.0,0.0,0.0
2208403,4459.0,5107.0,6241.0,6104.0,5672.0,5016.0,4733.0,3964.0,3693.0,3461.0,3002.0,2616.0,2212.0,1753.0,1513.0,1004.0,814.0,268.0,131.0,51.0,20.0
2208502,1261.0,1309.0,1547.0,1397.0,1215.0,889.0,740.0,642.0,538.0,512.0,386.0,431.0,301.0,247.0,173.0,136.0,80.0,46.0,27.0,21.0,0.0
2208551,233.0,253.0,270.0,236.0,276.0,195.0,180.0,167.0,140.0,145.0,127.0,72.0,92.0,52.0,65.0,22.0,16.0,9.0,6.0,4.0,0.0
2208601,233.0,280.0,315.0,339.0,237.0,228.0,166.0,167.0,157.0,162.0,193.0,126.0,116.0,98.0,107.0,90.0,46.0,16.0,6.0,3.0,0.0
2208650,618.0,762.0,909.0,886.0,840.0,644.0,646.0,533.0,562.0,478.0,333.0,350.0,294.0,232.0,199.0,72.0,64.0,96.0,18.0,17.0,0.0
2208700,844.0,937.0,997.0,935.0,802.0,710.0,585.0,416.0,351.0,391.0,317.0,358.0,256.0,194.0,106.0,115.0,50.0,21.0,6.0,8.0,0.0
2208809,1500.0,1542.0,1725.0,1798.0,1631.0,1447.0,1283.0,967.0,994.0,926.0,836.0,740.0,592.0,478.0,478.0,337.0,137.0,106.0,30.0,4.0,4.0
2208858,443.0,447.0,487.0,446.0,387.0,369.0,288.0,268.0,209.0,211.0,199.0,142.0,108.0,81.0,62.0,29.0,45.0,16.0,3.0,0.0,0.0
2208874,365.0,394.0,489.0,453.0,347.0,327.0,308.0,290.0,233.0,236.0,192.0,183.0,147.0,108.0,71.0,50.0,53.0,14.0,3.0,0.0,0.0
2208908,707.0,728.0,776.0,743.0,677.0,610.0,449.0,391.0,358.0,326.0,283.0,215.0,150.0,152.0,106.0,96.0,51.0,14.0,3.0,11.0,0.0
2209005,502.0,531.0,619.0,572.0,552.0,490.0,442.0,384.0,385.0,365.0,266.0,299.0,222.0,209.0,154.0,123.0,80.0,48.0,29.0,2.0,0.0
2209104,457.0,529.0,542.0,458.0,542.0,519.0,452.0,402.0,388.0,350.0,317.0,288.0,242.0,169.0,151.0,106.0,59.0,41.0,13.0,0.0,3.0
2209153,306.0,349.0,393.0,353.0,340.0,286.0,286.0,268.0,224.0,182.0,164.0,173.0,111.0,138.0,101.0,57.0,24.0,30.0,3.0,6.0,0.0
2209203,615.0,683.0,788.0,699.0,546.0,508.0,384.0,335.0,295.0,286.0,222.0,222.0,149.0,128.0,123.0,32.0,40.0,22.0,16.0,3.0,0.0
2209302,525.0,588.0,546.0,477.0,517.0,511.0,470.0,338.0,241.0,268.0,246.0,200.0,182.0,130.0,118.0,73.0,50.0,23.0,5.0,6.0,0.0
2209351,360.0,406.0,453.0,421.0,428.0,407.0,400.0,325.0,349.0,272.0,248.0,204.0,191.0,169.0,141.0,67.0,42.0,26.0,6.0,2.0,0.0
2209377,401.0,493.0,551.0,481.0,433.0,382.0,369.0,340.0,310.0,277.0,274.0,211.0,168.0,188.0,151.0,51.0,42.0,15.0,4.0,8.0,0.0
2209401,418.0,531.0,594.0,538.0,518.0,437.0,419.0,390.0,405.0,392.0,328.0,247.0,256.0,211.0,134.0,92.0,62.0,27.0,3.0,6.0,0.0
2209450,209.0,219.0,222.0,187.0,176.0,190.0,165.0,116.0,104.0,92.0,77.0,95.0,51.0,54.0,44.0,25.0,24.0,5.0,4.0,0.0,0.0
2209500,239.0,334.0,329.0,322.0,291.0,263.0,309.0,267.0,225.0,222.0,226.0,161.0,126.0,114.0,55.0,55.0,42.0,45.0,18.0,4.0,0.0
2209559,304.0,347.0,441.0,471.0,377.0,320.0,303.0,295.0,287.0,256.0,186.0,160.0,150.0,109.0,166.0,57.0,53.0,21.0,0.0,10.0,0.0
2209609,218.0,226.0,252.0,246.0,256.0,216.0,228.0,151.0,184.0,192.0,185.0,177.0,116.0,153.0,113.0,70.0,55.0,18.0,12.0,0.0,0.0
2209658,512.0,560.0,637.0,526.0,499.0,477.0,408.0,333.0,337.0,322.0,255.0,179.0,181.0,110.0,78.0,65.0,39.0,32.0,16.0,2.0,0.0
2209708,418.0,655.0,723.0,594.0,494.0,463.0,427.0,346.0,373.0,345.0,312.0,303.0,231.0,190.0,167.0,85.0,78.0,63.0,22.0,9.0,0.0
2209757,258.0,321.0,334.0,307.0,236.0,223.0,202.0,167.0,144.0,124.0,122.0,134.0,79.0,69.0,48.0,30.0,14.0,5.0,9.0,0.0,0.0
2209807,420.0,431.0,525.0,464.0,425.0,362.0,376.0,304.0,271.0,249.0,173.0,242.0,135.0,132.0,115.0,66.0,36.0,21.0,0.0,0.0,6.0
2209856,314.0,405.0,476.0,415.0,302.0,324.0,293.0,275.0,254.0,292.0,253.0,189.0,169.0,174.0,147.0,75.0,50.0,26.0,12.0,0.0,0.0
2209872,453.0,606.0,758.0,615.0,421.0,415.0,407.0,330.0,335.0,252.0,247.0,157.0,171.0,181.0,102.0,72.0,47.0,9.0,24.0,7.0,0.0
2209906,433.0,538.0,621.0,615.0,462.0,385.0,414.0,365.0,342.0,343.0,334.0,363.0,261.0,243.0,175.0,127.0,102.0,23.0,7.0,3.0,0.0
2209955,434.0,426.0,482.0,491.0,375.0,385.0,388.0,283.0,258.0,218.0,180.0,191.0,146.0,124.0,129.0,71.0,44.0,14.0,9.0,3.0,0.0
2209971,738.0,813.0,761.0,773.0,698.0,635.0,487.0,395.0,346.0,330.0,306.0,295.0,223.0,207.0,125.0,112.0,49.0,24.0,15.0,3.0,0.0
2210003,1663.0,1928.0,1910.0,1905.0,1914.0,1723.0,1554.0,1195.0,1175.0,1006.0,777.0,773.0,620.0,423.0,307.0,252.0,196.0,128.0,46.0,42.0,10.0
2210052,371.0,461.0,499.0,576.0,535.0,469.0,391.0,336.0,293.0,279.0,245.0,185.0,165.0,112.0,119.0,57.0,27.0,19.0,9.0,0.0,0.0
2210102,309.0,387.0,424.0,352.0,241.0,268.0,250.0,219.0,201.0,236.0,184.0,170.0,131.0,97.0,85.0,44.0,51.0,32.0,15.0,2.0,0.0
2210201,483.0,583.0,652.0,619.0,535.0,505.0,481.0,406.0,450.0,407.0,316.0,258.0,209.0,270.0,193.0,105.0,66.0,45.0,7.0,0.0,0.0
2210300,401.0,444.0,585.0,529.0,472.0,445.0,404.0,395.0,370.0,342.0,240.0,291.0,247.0,183.0,132.0,72.0,69.0,38.0,14.0,0.0,3.0
2210359,308.0,350.0,392.0,404.0,366.0,375.0,307.0,294.0,301.0,268.0,248.0,189.0,203.0,117.0,128.0,90.0,44.0,35.0,2.0,6.0,0.0
2210375,179.0,251.0,266.0,234.0,189.0,178.0,180.0,185.0,179.0,145.0,129.0,91.0,99.0,80.0,87.0,57.0,31.0,1.0,0.0,0.0,0.0
2210383,139.0,203.0,177.0,198.0,178.0,164.0,154.0,97.0,127.0,131.0,108.0,103.0,96.0,71.0,67.0,41.0,35.0,14.0,2.0,2.0,2.0
2210391,280.0,322.0,366.0,265.0,231.0,227.0,227.0,198.0,166.0,127.0,115.0,119.0,115.0,93.0,33.0,43.0,19.0,30.0,0.0,0.0,0.0
2210409,1372.0,1792.0,1884.0,1798.0,1603.0,1394.0,1339.0,1072.0,1064.0,977.0,805.0,796.0,664.0,468.0,445.0,300.0,200.0,101.0,46.0,11.0,4.0
2210508,1171.0,1338.0,1512.0,1348.0,1161.0,1108.0,1030.0,817.0,724.0,667.0,627.0,548.0,449.0,345.0,326.0,216.0,153.0,44.0,51.0,5.0,0.0
2210607,2869.0,2767.0,3179.0,3112.0,3135.0,2986.0,2761.0,2244.0,2067.0,1711.0,1486.0,955.0,844.0,774.0,544.0,407.0,259.0,125.0,84.0,13.0,6.0
2210623,384.0,355.0,420.0,347.0,300.0,293.0,249.0,210.0,201.0,196.0,155.0,111.0,118.0,75.0,47.0,56.0,23.0,9.0,9.0,3.0,0.0
2210631,375.0,382.0,394.0,361.0,365.0,398.0,324.0,264.0,247.0,216.0,148.0,182.0,137.0,117.0,70.0,44.0,55.0,24.0,14.0,0.0,0.0
2210656,748.0,842.0,962.0,932.0,813.0,714.0,732.0,639.0,579.0,517.0,444.0,510.0,350.0,313.0,187.0,116.0,111.0,68.0,24.0,18.0,0.0
2210706,1398.0,1486.0,1631.0,1457.0,1246.0,1076.0,1097.0,908.0,814.0,675.0,480.0,477.0,438.0,314.0,294.0,158.0,138.0,46.0,38.0,9.0,0.0
2210805,885.0,1008.0,1241.0,1154.0,1113.0,953.0,876.0,817.0,776.0,696.0,658.0,450.0,384.0,348.0,269.0,161.0,131.0,124.0,16.0,17.0,0.0
2210904,385.0,417.0,518.0,467.0,372.0,339.0,322.0,264.0,248.0,226.0,272.0,189.0,168.0,119.0,90.0,51.0,39.0,21.0,12.0,2.0,0.0
2210938,415.0,493.0,560.0,544.0,502.0,508.0,523.0,454.0,464.0,362.0,294.0,261.0,238.0,249.0,147.0,84.0,60.0,65.0,7.0,0.0,0.0
2210953,212.0,267.0,313.0,315.0,211.0,200.0,210.0,181.0,178.0,159.0,116.0,90.0,79.0,75.0,38.0,38.0,26.0,32.0,7.0,0.0,6.0
2210979,223.0,237.0,272.0,245.0,208.0,236.0,198.0,161.0,158.0,138.0,135.0,98.0,96.0,70.0,68.0,33.0,29.0,8.0,7.0,0.0,0.0
2211001,59337.0,60745.0,70405.0,74383.0,88508.0,83103.0,72904.0,60670.0,54278.0,48409.0,39752.0,32105.0,22690.0,16298.0,12180.0,8147.0,6155.0,2877.0,799.0,329.0,157.0
2211100,3819.0,4069.0,4589.0,4359.0,4097.0,3669.0,3100.0,2430.0,2277.0,1961.0,1772.0,1673.0,1529.0,1011.0,920.0,684.0,390.0,224.0,48.0,21.0,13.0
2211209,1799.0,1921.0,2067.0,2046.0,1996.0,1832.0,1510.0,1249.0,1175.0,1034.0,851.0,715.0,586.0,445.0,347.0,232.0,181.0,99.0,55.0,5.0,4.0
2211308,1328.0,1626.0,1791.0,1763.0,1683.0,1652.0,1545.0,1409.0,1385.0,1245.0,1143.0,715.0,822.0,606.0,537.0,516.0,258.0,198.0,84.0,19.0,0.0
2211357,408.0,514.0,574.0,540.0,435.0,386.0,335.0,316.0,278.0,266.0,191.0,197.0,128.0,88.0,109.0,61.0,59.0,13.0,10.0,4.0,3.0
2211407,302.0,386.0,413.0,368.0,385.0,328.0,298.0,280.0,240.0,255.0,244.0,216.0,167.0,117.0,108.0,109.0,47.0,57.0,15.0,0.0,0.0
2211506,216.0,263.0,308.0,266.0,242.0,221.0,203.0,189.0,203.0,199.0,162.0,127.0,71.0,124.0,76.0,60.0,20.0,33.0,3.0,0.0,0.0
2211605,203.0,206.0,303.0,254.0,259.0,251.0,258.0,240.0,235.0,202.0,159.0,161.0,119.0,103.0,47.0,37.0,19.0,11.0,9.0,0.0,0.0
2211704,338.0,449.0,414.0,377.0,372.0,327.0,331.0,296.0,263.0,248.0,186.0,201.0,148.0,120.0,113.0,51.0,26.0,7.0,14.0,0.0,0.0
2300101,919.0,938.0,1137.0,1046.0,978.0,859.0,808.0,669.0,560.0,442.0,424.0,376.0,404.0,312.0,248.0,140.0,106.0,101.0,25.0,5.0,0.0
2300150,1363.0,1307.0,1657.0,1726.0,1459.0,1215.0,1120.0,1003.0,1009.0,809.0,676.0,478.0,421.0,310.0,250.0,262.0,168.0,62.0,28.0,4.0,10.0
2300200,4780.0,5284.0,6544.0,6348.0,5764.0,5106.0,4385.0,3685.0,3177.0,2748.0,2095.0,1853.0,1688.0,1362.0,964.0,854.0,529.0,313.0,62.0,11.0,0.0
2300309,3846.0,4033.0,4948.0,4626.0,4414.0,3975.0,3823.0,3304.0,3161.0,2842.0,2443.0,2298.0,1940.0,1863.0,1583.0,983.0,638.0,302.0,74.0,65.0,0.0
2300408,1365.0,1469.0,1861.0,1720.0,1446.0,1175.0,1145.0,1003.0,941.0,812.0,728.0,574.0,512.0,538.0,364.0,230.0,188.0,91.0,36.0,6.0,0.0
2300507,820.0,923.0,1213.0,1206.0,1048.0,852.0,757.0,615.0,650.0,553.0,396.0,413.0,308.0,279.0,249.0,189.0,144.0,94.0,50.0,13.0,0.0
2300606,482.0,620.0,782.0,684.0,518.0,500.0,490.0,429.0,420.0,322.0,237.0,277.0,298.0,273.0,233.0,113.0,89.0,52.0,31.0,6.0,0.0
2300705,1106.0,1452.0,1544.0,1599.0,1564.0,1427.0,1116.0,1007.0,1013.0,1039.0,879.0,619.0,600.0,397.0,420.0,216.0,176.0,146.0,20.0,9.0,10.0
2300754,3771.0,3963.0,4768.0,4688.0,3706.0,3097.0,2579.0,2234.0,2053.0,1715.0,1208.0,1303.0,1163.0,883.0,790.0,619.0,409.0,193.0,54.0,37.0,0.0
2300804,576.0,579.0,826.0,688.0,562.0,465.0,480.0,414.0,382.0,330.0,283.0,327.0,331.0,247.0,239.0,96.0,67.0,49.0,34.0,6.0,3.0
2300903,995.0,1195.0,1535.0,1492.0,1240.0,1024.0,1009.0,848.0,884.0,754.0,618.0,489.0,482.0,385.0,330.0,292.0,180.0,123.0,29.0,21.0,0.0
2301000,5614.0,5881.0,7313.0,7339.0,7248.0,6958.0,6115.0,5284.0,4857.0,3894.0,2940.0,2338.0,2026.0,1645.0,1371.0,818.0,531.0,322.0,97.0,36.0,0.0
2301109,5124.0,5261.0,6632.0,6876.0,6624.0,6323.0,5624.0,5050.0,4567.0,4008.0,3054.0,2415.0,2448.0,1801.0,1365.0,913.0,579.0,350.0,146.0,0.0,0.0
2301208,1821.0,2105.0,2762.0,2655.0,2346.0,2088.0,1814.0,1563.0,1561.0,1373.0,1018.0,1019.0,810.0,695.0,725.0,475.0,283.0,138.0,98.0,32.0,11.0
2301257,786.0,958.0,1058.0,1020.0,857.0,723.0,700.0,642.0,612.0,587.0,476.0,516.0,375.0,336.0,337.0,238.0,146.0,78.0,41.0,0.0,5.0
2301307,1889.0,2035.0,2530.0,2280.0,1915.0,1528.0,1432.0,1237.0,1133.0,945.0,748.0,705.0,610.0,624.0,475.0,285.0,186.0,50.0,68.0,11.0,0.0
2301406,862.0,1034.0,1389.0,1391.0,1022.0,945.0,777.0,677.0,615.0,614.0,372.0,517.0,349.0,271.0,269.0,166.0,170.0,53.0,25.0,10.0,0.0
2301505,563.0,648.0,821.0,798.0,668.0,538.0,556.0,512.0,453.0,374.0,305.0,368.0,302.0,254.0,215.0,102.0,102.0,50.0,8.0,12.0,0.0
2301604,1654.0,2064.0,2561.0,2450.0,1833.0,1438.0,1519.0,1343.0,1318.0,1154.0,1104.0,802.0,877.0,726.0,644.0,430.0,206.0,167.0,112.0,28.0,15.0
2301703,1608.0,2023.0,2517.0,2481.0,2124.0,1904.0,1804.0,1527.0,1553.0,1336.0,1218.0,956.0,824.0,860.0,763.0,443.0,304.0,156.0,116.0,48.0,0.0
2301802,415.0,505.0,517.0,596.0,538.0,470.0,461.0,403.0,375.0,364.0,270.0,249.0,230.0,191.0,175.0,104.0,101.0,51.0,10.0,2.0,0.0
2301851,1554.0,1672.0,2079.0,1999.0,1494.0,1259.0,1060.0,1032.0,1014.0,968.0,673.0,669.0,537.0,382.0,366.0,250.0,167.0,75.0,53.0,6.0,5.0
2301901,4564.0,4836.0,5477.0,5276.0,5721.0,5147.0,4407.0,3697.0,3255.0,2755.0,2005.0,2131.0,1487.0,1519.0,1224.0,764.0,594.0,314.0,96.0,54.0,0.0
2301950,1543.0,1624.0,2211.0,2112.0,1785.0,1676.0,1477.0,1327.0,1228.0,1011.0,754.0,740.0,651.0,463.0,341.0,212.0,205.0,134.0,54.0,20.0,5.0
2302008,1499.0,1664.0,2083.0,2137.0,1954.0,1647.0,1650.0,1419.0,1292.0,1169.0,899.0,919.0,779.0,746.0,715.0,508.0,225.0,167.0,42.0,0.0,0.0
2302057,1096.0,1406.0,1802.0,1586.0,1329.0,1130.0,1081.0,916.0,768.0,623.0,561.0,551.0,513.0,388.0,325.0,194.0,91.0,80.0,28.0,8.0,0.0
2302107,2752.0,2904.0,3624.0,3457.0,2950.0,2750.0,2505.0,2247.0,2089.0,1725.0,1400.0,1108.0,894.0,920.0,794.0,548.0,369.0,198.0,52.0,35.0,0.0
2302206,3436.0,4149.0,4992.0,5037.0,4184.0,4235.0,4118.0,3441.0,3052.0,2595.0,2181.0,1892.0,1807.0,1322.0,994.0,900.0,484.0,345.0,97.0,29.0,22.0
2302305,2482.0,2770.0,3550.0,3424.0,2947.0,2524.0,2235.0,1906.0,1750.0,1606.0,1159.0,1104.0,1025.0,845.0,552.0,447.0,269.0,128.0,93.0,62.0,0.0
2302404,4071.0,4850.0,5949.0,5543.0,4441.0,3612.0,3294.0,3189.0,3045.0,2818.0,2245.0,2268.0,2010.0,1512.0,1468.0,857.0,700.0,422.0,168.0,28.0,9.0
2302503,3399.0,3677.0,4473.0,4592.0,4942.0,3877.0,3613.0,3029.0,2650.0,2391.0,1892.0,1595.0,1458.0,1090.0,893.0,645.0,421.0,348.0,134.0,34.0,39.0
2302602,4805.0,5474.0,6921.0,6483.0,5937.0,5094.0,4751.0,4137.0,3690.0,3004.0,2149.0,2038.0,1628.0,1476.0,1017.0,566.0,475.0,343.0,108.0,63.0,0.0
2302701,2210.0,2393.0,2860.0,2651.0,2427.0,1932.0,1825.0,1537.0,1584.0,1352.0,1015.0,1196.0,732.0,996.0,632.0,448.0,413.0,206.0,53.0,34.0,9.0
2302800,6095.0,6775.0,8373.0,8136.0,7036.0,5659.0,4947.0,4390.0,4320.0,3990.0,2939.0,2918.0,2329.0,2019.0,1955.0,960.0,832.0,514.0,180.0,53.0,53.0
2302909,1377.0,1447.0,1851.0,1909.0,1575.0,1480.0,1192.0,1011.0,926.0,929.0,684.0,665.0,446.0,438.0,463.0,291.0,167.0,150.0,47.0,14.0,0.0
2303006,1585.0,1804.0,2317.0,2085.0,1942.0,1612.0,1497.0,1243.0,1207.0,987.0,772.0,772.0,630.0,515.0,417.0,250.0,195.0,129.0,35.0,15.0,11.0
2303105,1277.0,1549.0,2155.0,2067.0,1487.0,1271.0,1164.0,1067.0,1088.0,1059.0,837.0,686.0,690.0,577.0,530.0,324.0,253.0,204.0,41.0,16.0,5.0
2303204,2238.0,2478.0,3280.0,2746.0,2153.0,1944.0,1777.0,1641.0,1449.0,1196.0,1105.0,1065.0,986.0,742.0,552.0,486.0,345.0,110.0,68.0,23.0,9.0
2303303,1228.0,1432.0,1850.0,1946.0,1548.0,1328.0,1230.0,1135.0,1176.0,1090.0,817.0,922.0,835.0,586.0,598.0,368.0,242.0,139.0,56.0,37.0,4.0
2303402,1418.0,1680.0,1995.0,1848.0,1306.0,1175.0,1142.0,996.0,942.0,887.0,718.0,640.0,507.0,494.0,367.0,321.0,141.0,77.0,63.0,23.0,6.0
2303501,4737.0,5328.0,6605.0,6823.0,5980.0,5855.0,5379.0,4679.0,4447.0,3633.0,3062.0,2232.0,1867.0,1758.0,1424.0,961.0,645.0,487.0,156.0,84.0,0.0
2303600,1336.0,1297.0,1596.0,1700.0,2074.0,1803.0,1544.0,1229.0,1107.0,1168.0,1072.0,800.0,596.0,417.0,460.0,252.0,182.0,44.0,55.0,4.0,11.0
2303659,823.0,952.0,1078.0,981.0,821.0,671.0,659.0,579.0,560.0,620.0,483.0,391.0,368.0,294.0,217.0,155.0,142.0,76.0,74.0,3.0,5.0
2303709,26298.0,28085.0,34407.0,34176.0,33084.0,29553.0,25967.0,23792.0,22434.0,19342.0,13681.0,10067.0,7850.0,5695.0,4627.0,2953.0,1743.0,1032.0,478.0,128.0,48.0
2303808,1757.0,2014.0,2419.0,2289.0,2082.0,1722.0,1710.0,1584.0,1405.0,1407.0,1197.0,1152.0,997.0,848.0,675.0,605.0,281.0,269.0,75.0,39.0,0.0
2303907,957.0,1102.0,1450.0,1436.0,1163.0,960.0,942.0,816.0,771.0,667.0,448.0,430.0,327.0,453.0,301.0,177.0,124.0,56.0,21.0,14.0,0.0
2303931,1053.0,1210.0,1586.0,1517.0,1170.0,941.0,793.0,683.0,658.0,683.0,558.0,503.0,388.0,289.0,334.0,197.0,157.0,95.0,38.0,0.0,0.0
2303956,1464.0,1532.0,1989.0,2142.0,1861.0,1689.0,1426.0,1336.0,1201.0,1070.0,743.0,628.0,525.0,405.0,375.0,205.0,178.0,102.0,37.0,5.0,0.0
2304004,1689.0,2089.0,2599.0,2449.0,2090.0,1618.0,1486.0,1393.0,1260.0,1115.0,946.0,753.0,774.0,504.0,479.0,371.0,164.0,126.0,20.0,16.0,12.0
2304103,5303.0,5856.0,6918.0,7038.0,6062.0,5545.0,5453.0,4817.0,4812.0,4291.0,3793.0,2787.0,3106.0,1882.0,2038.0,1236.0,922.0,621.0,201.0,112.0,19.0
2304202,9427.0,10046.0,11629.0,11803.0,12260.0,10689.0,9917.0,8318.0,7552.0,6592.0,5537.0,4276.0,4007.0,2972.0,2698.0,1492.0,1187.0,665.0,291.0,48.0,22.0
2304236,1291.0,1681.0,2109.0,1933.0,1301.0,1153.0,994.0,1036.0,987.0,896.0,755.0,651.0,610.0,519.0,447.0,317.0,246.0,67.0,50.0,27.0,0.0
2304251,1761.0,2081.0,2579.0,2400.0,1984.0,1829.0,1692.0,1430.0,1333.0,1204.0,854.0,821.0,815.0,534.0,438.0,406.0,209.0,86.0,23.0,0.0,0.0
2304269,605.0,737.0,880.0,933.0,654.0,574.0,636.0,622.0,597.0,604.0,476.0,358.0,331.0,341.0,282.0,156.0,168.0,97.0,29.0,11.0,4.0
2304277,479.0,549.0,668.0,670.0,652.0,568.0,527.0,412.0,396.0,376.0,304.0,323.0,277.0,194.0,174.0,112.0,77.0,46.0,25.0,4.0,7.0
2304285,3935.0,4058.0,4936.0,4621.0,4812.0,4406.0,3841.0,3558.0,2964.0,2473.0,1734.0,1361.0,1161.0,729.0,482.0,464.0,287.0,146.0,54.0,11.0,0.0
2304301,1469.0,1591.0,1931.0,2011.0,1715.0,1459.0,1271.0,1212.0,1103.0,957.0,896.0,686.0,751.0,635.0,529.0,337.0,295.0,110.0,42.0,6.0,0.0
2304350,1656.0,1869.0,2383.0,2186.0,2260.0,1871.0,1584.0,1398.0,1384.0,1221.0,812.0,809.0,726.0,456.0,508.0,260.0,247.0,128.0,28.0,0.0,0.0
2304400,169513.0,176363.0,208505.0,224153.0,252298.0,242162.0,209482.0,183738.0,175371.0,156114.0,120520.0,96890.0,74947.0,55292.0,41714.0,28692.0,20002.0,10528.0,4178.0,1311.0,412.0
2304459,1091.0,1266.0,1473.0,1601.0,1299.0,1299.0,1143.0,1062.0,914.0,813.0,582.0,558.0,570.0,369.0,294.0,223.0,130.0,60.0,30.0,28.0,12.0
2304509,1056.0,1223.0,1606.0,1403.0,1134.0,1043.0,855.0,775.0,711.0,672.0,572.0,474.0,389.0,381.0,274.0,183.0,127.0,51.0,40.0,23.0,0.0
2304608,531.0,623.0,788.0,681.0,574.0,445.0,411.0,349.0,329.0,301.0,212.0,254.0,220.0,157.0,125.0,97.0,74.0,28.0,13.0,6.0,0.0
2304657,1201.0,1399.0,1912.0,1595.0,1095.0,1056.0,972.0,875.0,851.0,766.0,706.0,543.0,480.0,524.0,479.0,273.0,171.0,108.0,33.0,5.0,4.0
2304707,4614.0,5412.0,6773.0,5920.0,4702.0,4029.0,3709.0,3185.0,2758.0,2361.0,1849.0,1798.0,1670.0,1303.0,1027.0,645.0,368.0,315.0,168.0,33.0,5.0
2304806,370.0,459.0,530.0,503.0,392.0,365.0,340.0,304.0,237.0,223.0,198.0,163.0,175.0,97.0,129.0,80.0,32.0,21.0,7.0,3.0,0.0
2304905,667.0,776.0,1053.0,1129.0,925.0,745.0,702.0,591.0,714.0,662.0,398.0,414.0,333.0,347.0,286.0,158.0,145.0,138.0,24.0,21.0,0.0
2304954,1927.0,2158.0,2662.0,2702.0,2433.0,2115.0,1842.0,1537.0,1482.0,1194.0,1055.0,679.0,692.0,505.0,455.0,216.0,285.0,134.0,18.0,0.0,0.0
2305001,3218.0,3713.0,4602.0,4101.0,3103.0,2659.0,2529.0,2201.0,2174.0,1895.0,1716.0,1391.0,1230.0,970.0,889.0,570.0,463.0,222.0,81.0,31.0,17.0
2305100,287.0,357.0,499.0,460.0,401.0,333.0,319.0,259.0,250.0,229.0,173.0,160.0,91.0,108.0,76.0,72.0,56.0,20.0,11.0,3.0,0.0
2305209,1515.0,1725.0,2146.0,1863.0,1520.0,1340.0,1268.0,1113.0,1142.0,1117.0,958.0,781.0,759.0,595.0,537.0,400.0,323.0,136.0,56.0,30.0,0.0
2305233,4670.0,4763.0,5662.0,5705.0,6625.0,5944.0,4902.0,3838.0,3215.0,2513.0,1761.0,1500.0,1289.0,880.0,835.0,499.0,328.0,204.0,30.0,23.0,3.0
2305266,972.0,1206.0,1577.0,1443.0,1129.0,936.0,831.0,795.0,756.0,643.0,518.0,540.0,395.0,352.0,312.0,218.0,167.0,86.0,33.0,14.0,0.0
2305308,2049.0,2082.0,2698.0,2707.0,2119.0,1710.0,1523.0,1334.0,1335.0,1293.0,1090.0,925.0,762.0,616.0,490.0,548.0,315.0,134.0,67.0,11.0,0.0
2305332,865.0,906.0,1105.0,1195.0,1104.0,1049.0,856.0,704.0,651.0,631.0,552.0,389.0,417.0,244.0,225.0,182.0,184.0,59.0,17.0,0.0,0.0
2305357,1464.0,1485.0,1620.0,1674.0,1851.0,1713.0,1578.0,1330.0,1326.0,963.0,815.0,717.0,631.0,498.0,274.0,206.0,142.0,70.0,30.0,5.0,0.0
2305407,5082.0,5583.0,6558.0,6680.0,5975.0,5196.0,4580.0,4329.0,3966.0,3792.0,2932.0,2763.0,2279.0,1844.0,1673.0,918.0,753.0,371.0,115.0,45.0,22.0
2305506,7192.0,7383.0,8227.0,8680.0,9432.0,8248.0,7562.0,6688.0,6414.0,5746.0,4723.0,3869.0,3623.0,2665.0,2360.0,1675.0,1105.0,559.0,279.0,55.0,10.0
2305605,1756.0,2048.0,2659.0,2448.0,2099.0,1883.0,1948.0,1580.0,1613.0,1564.0,1145.0,1120.0,1072.0,726.0,761.0,540.0,270.0,199.0,86.0,47.0,9.0
2305654,916.0,953.0,1274.0,1125.0,799.0,677.0,725.0,682.0,683.0,710.0,533.0,512.0,411.0,427.0,363.0,206.0,180.0,111.0,45.0,13.0,0.0
2305704,929.0,1041.0,1095.0,1169.0,1021.0,968.0,920.0,728.0,646.0,640.0,642.0,471.0,452.0,383.0,416.0,201.0,140.0,79.0,42.0,17.0,9.0
2305803,3148.0,3634.0,4384.0,4305.0,3438.0,2942.0,2611.0,2454.0,2365.0,2232.0,1745.0,1614.0,1203.0,1326.0,1094.0,760.0,578.0,318.0,112.0,34.0,0.0
2305902,2805.0,3733.0,4582.0,4101.0,2790.0,2483.0,2374.0,2123.0,2149.0,2114.0,1837.0,1586.0,1442.0,1071.0,1023.0,683.0,534.0,315.0,89.0,29.0,0.0
2306009,956.0,1155.0,1251.0,1269.0,1310.0,1143.0,988.0,818.0,800.0,771.0,617.0,664.0,539.0,387.0,385.0,245.0,217.0,96.0,78.0,33.0,0.0
2306108,1926.0,2231.0,2756.0,2517.0,2148.0,1746.0,1575.0,1314.0,1219.0,1086.0,823.0,678.0,662.0,526.0,431.0,227.0,193.0,213.0,45.0,0.0,9.0
2306207,411.0,513.0,648.0,704.0,680.0,659.0,517.0,485.0,478.0,456.0,388.0,291.0,259.0,266.0,149.0,173.0,110.0,72.0,35.0,16.0,5.0
2306256,2937.0,2888.0,3709.0,3752.0,3981.0,3500.0,3147.0,2603.0,2259.0,1751.0,1215.0,1048.0,897.0,661.0,613.0,424.0,220.0,135.0,56.0,21.0,0.0
2306306,3843.0,4414.0,5573.0,5026.0,4755.0,4204.0,3888.0,3257.0,2781.0,2365.0,1899.0,1459.0,1331.0,1040.0,963.0,678.0,394.0,291.0,94.0,85.0,11.0
2306405,10334.0,11281.0,12893.0,12430.0,11617.0,10142.0,8455.0,7259.0,6380.0,5644.0,4418.0,3653.0,3324.0,2350.0,2272.0,1452.0,1178.0,680.0,186.0,93.0,22.0
2306504,1514.0,1665.0,2083.0,2166.0,1655.0,1492.0,1310.0,1059.0,1035.0,1015.0,716.0,731.0,620.0,450.0,446.0,246.0,233.0,111.0,47.0,25.0,6.0
2306553,3529.0,3865.0,4468.0,4251.0,3878.0,3332.0,2790.0,2177.0,1982.0,1663.0,1158.0,1096.0,917.0,744.0,658.0,296.0,401.0,163.0,60.0,30.0,12.0
2306603,1706.0,1985.0,2377.0,2144.0,1685.0,1390.0,1196.0,978.0,968.0,883.0,809.0,611.0,633.0,380.0,473.0,231.0,222.0,129.0,82.0,6.0,6.0
2306702,1230.0,1469.0,1915.0,1892.0,1524.0,1269.0,1228.0,1100.0,1026.0,1120.0,960.0,766.0,639.0,454.0,440.0,277.0,303.0,185.0,49.0,18.0,0.0
2306801,797.0,839.0,953.0,991.0,1011.0,862.0,772.0,687.0,617.0,643.0,468.0,458.0,415.0,260.0,240.0,157.0,129.0,59.0,29.0,13.0,0.0
2306900,2622.0,2855.0,3449.0,3273.0,2883.0,2677.0,2220.0,2189.0,2117.0,2210.0,1817.0,1415.0,1316.0,1057.0,838.0,450.0,526.0,316.0,81.0,64.0,33.0
2307007,2242.0,2418.0,3055.0,3405.0,3170.0,2929.0,2502.0,2181.0,2112.0,1975.0,1394.0,1230.0,1156.0,794.0,515.0,346.0,410.0,257.0,111.0,34.0,0.0
2307106,2184.0,2491.0,2909.0,2657.0,2576.0,2214.0,2056.0,1609.0,1355.0,1213.0,985.0,1043.0,875.0,765.0,806.0,402.0,141.0,254.0,120.0,33.0,0.0
2307205,562.0,654.0,723.0,779.0,711.0,616.0,564.0,455.0,493.0,419.0,331.0,293.0,307.0,218.0,190.0,135.0,101.0,57.0,39.0,12.0,0.0
2307254,1508.0,1525.0,1844.0,1817.0,1804.0,1645.0,1342.0,1188.0,1010.0,823.0,600.0,514.0,395.0,357.0,288.0,156.0,102.0,64.0,20.0,0.0,0.0
2307304,20891.0,20890.0,25384.0,24202.0,25683.0,22616.0,20969.0,17087.0,15130.0,12547.0,10160.0,8299.0,7284.0,6170.0,5102.0,3534.0,2144.0,1276.0,404.0,142.0,25.0
2307403,2015.0,1994.0,2598.0,2430.0,1953.0,1658.0,1550.0,1429.0,1414.0,1336.0,1098.0,1027.0,859.0,886.0,675.0,382.0,263.0,124.0,91.0,19.0,7.0
2307502,2144.0,2630.0,3123.0,3137.0,2692.0,2347.0,2182.0,1839.0,1872.0,1670.0,1634.0,1264.0,1145.0,1063.0,1061.0,614.0,390.0,221.0,44.0,18.0,0.0
2307601,4022.0,4153.0,5167.0,5107.0,5242.0,4972.0,4473.0,4262.0,4131.0,3791.0,2612.0,2210.0,2025.0,1467.0,799.0,680.0,648.0,347.0,123.0,33.0,0.0
2307635,1431.0,1782.0,2176.0,2029.0,1588.0,1278.0,1202.0,1179.0,1037.0,920.0,718.0,650.0,586.0,478.0,421.0,240.0,218.0,88.0,41.0,26.0,0.0
2307650,16176.0,16682.0,20652.0,21177.0,22317.0,20677.0,17389.0,15126.0,14115.0,12207.0,9255.0,7127.0,5203.0,3902.0,2919.0,2035.0,1219.0,603.0,219.0,29.0,29.0
2307700,9226.0,9480.0,11841.0,11891.0,12309.0,10502.0,8758.0,7487.0,7515.0,6412.0,4471.0,3268.0,3084.0,2588.0,1914.0,1208.0,887.0,445.0,211.0,62.0,0.0
2307809,2490.0,2604.0,2872.0,2764.0,2568.0,2038.0,1743.0,1494.0,1316.0,1184.0,829.0,589.0,571.0,599.0,422.0,198.0,232.0,128.0,42.0,19.0,0.0
2307908,909.0,994.0,1296.0,1177.0,930.0,767.0,690.0,608.0,560.0,516.0,387.0,283.0,283.0,295.0,183.0,112.0,87.0,75.0,40.0,23.0,0.0
2308005,2851.0,3283.0,4152.0,3929.0,3565.0,2848.0,2536.0,2192.0,2034.0,1640.0,1235.0,1168.0,1214.0,613.0,845.0,492.0,339.0,166.0,45.0,44.0,0.0
2308104,3728.0,3884.0,4973.0,4856.0,4147.0,3428.0,3348.0,2872.0,2508.0,2214.0,1820.0,1548.0,1444.0,1064.0,881.0,679.0,418.0,207.0,144.0,62.0,15.0
2308203,1164.0,1130.0,1471.0,1495.0,1378.0,1125.0,944.0,787.0,789.0,680.0,473.0,570.0,414.0,412.0,311.0,173.0,185.0,126.0,30.0,36.0,0.0
2308302,2248.0,2354.0,2822.0,2763.0,2720.0,2300.0,2129.0,1896.0,1759.0,1486.0,1142.0,1089.0,925.0,823.0,798.0,529.0,284.0,184.0,32.0,33.0,0.0
2308351,885.0,1118.0,1228.0,1304.0,978.0,878.0,843.0,841.0,831.0,849.0,608.0,655.0,535.0,485.0,411.0,192.0,247.0,115.0,62.0,20.0,0.0
2308377,1176.0,1365.0,1524.0,1433.0,1129.0,959.0,842.0,747.0,673.0,623.0,493.0,440.0,375.0,288.0,336.0,167.0,138.0,55.0,20.0,5.0,12.0
2308401,3068.0,3155.0,3681.0,3551.0,3259.0,2782.0,2580.0,2084.0,1897.0,1556.0,1324.0,1257.0,1175.0,986.0,686.0,542.0,349.0,237.0,71.0,33.0,0.0
2308500,3310.0,3973.0,4368.0,4371.0,3665.0,3171.0,2675.0,2470.0,2466.0,2343.0,1953.0,1854.0,1748.0,1306.0,1237.0,711.0,589.0,348.0,110.0,21.0,0.0
2308609,1257.0,1526.0,1877.0,1773.0,1339.0,1172.0,1119.0,971.0,1006.0,965.0,679.0,779.0,631.0,453.0,441.0,301.0,238.0,124.0,34.0,19.0,0.0
2308708,4198.0,4815.0,6312.0,6053.0,5491.0,5061.0,4356.0,4386.0,4070.0,3798.0,2982.0,2506.0,2330.0,1823.0,1468.0,882.0,865.0,412.0,176.0,64.0,17.0
2308807,642.0,772.0,946.0,884.0,784.0,662.0,574.0,521.0,401.0,392.0,301.0,325.0,287.0,179.0,139.0,105.0,98.0,26.0,26.0,5.0,0.0
2308906,1920.0,2138.0,2495.0,2167.0,2074.0,1642.0,1385.0,1181.0,1058.0,968.0,680.0,697.0,607.0,611.0,431.0,246.0,244.0,111.0,36.0,8.0,0.0
2309003,1002.0,1200.0,1615.0,1465.0,1084.0,939.0,899.0,806.0,858.0,842.0,649.0,655.0,575.0,480.0,381.0,305.0,171.0,101.0,59.0,16.0,0.0
2309102,1017.0,1084.0,1278.0,1164.0,1039.0,882.0,811.0,653.0,656.0,614.0,511.0,479.0,371.0,243.0,251.0,159.0,146.0,98.0,9.0,10.0,9.0
2309201,1255.0,1254.0,1519.0,1583.0,1447.0,1148.0,1084.0,845.0,770.0,668.0,574.0,460.0,476.0,338.0,337.0,224.0,117.0,108.0,38.0,12.0,0.0
2309300,2240.0,2641.0,3180.0,3095.0,2506.0,2214.0,2084.0,1881.0,1823.0,1805.0,1504.0,1377.0,1272.0,860.0,1121.0,548.0,442.0,247.0,78.0,38.0,9.0
2309409,1978.0,2296.0,3057.0,2937.0,2197.0,1860.0,1986.0,1738.0,1783.0,1637.0,1298.0,1175.0,998.0,706.0,698.0,531.0,245.0,216.0,117.0,0.0,0.0
2309458,1710.0,2040.0,2624.0,2589.0,2180.0,1889.0,1646.0,1559.0,1476.0,1310.0,1120.0,862.0,854.0,662.0,573.0,330.0,340.0,128.0,102.0,11.0,0.0
2309508,1506.0,1685.0,1857.0,1892.0,1667.0,1686.0,1487.0,1419.0,1399.0,1320.0,1142.0,1067.0,1032.0,601.0,738.0,432.0,298.0,133.0,0.0,27.0,0.0
2309607,5018.0,5225.0,6484.0,6203.0,6420.0,6091.0,5196.0,4561.0,3908.0,3135.0,2197.0,2008.0,1750.0,1070.0,937.0,621.0,555.0,298.0,134.0,27.0,0.0
2309706,6158.0,6381.0,7430.0,7129.0,7651.0,7213.0,6190.0,5087.0,4751.0,3890.0,3053.0,2295.0,1711.0,1126.0,936.0,606.0,390.0,226.0,37.0,24.0,15.0
2309805,966.0,999.0,1290.0,1249.0,1004.0,984.0,802.0,701.0,706.0,662.0,469.0,447.0,319.0,302.0,224.0,202.0,169.0,74.0,33.0,5.0,0.0
2309904,451.0,519.0,664.0,607.0,522.0,435.0,415.0,340.0,387.0,345.0,265.0,207.0,247.0,182.0,116.0,137.0,81.0,47.0,15.0,3.0,0.0
2310001,611.0,623.0,747.0,801.0,900.0,816.0,707.0,542.0,532.0,523.0,411.0,386.0,398.0,248.0,134.0,161.0,159.0,115.0,41.0,5.0,6.0
2310100,930.0,969.0,1335.0,1219.0,1226.0,960.0,868.0,838.0,712.0,588.0,449.0,450.0,358.0,334.0,244.0,252.0,162.0,67.0,32.0,12.0,0.0
2310209,2308.0,2862.0,3622.0,3079.0,2901.0,2857.0,2791.0,2063.0,1964.0,1583.0,1279.0,1196.0,840.0,686.0,507.0,529.0,335.0,165.0,59.0,10.0,0.0
2310258,2365.0,2698.0,3435.0,3122.0,2690.0,2660.0,2446.0,2058.0,1815.0,1540.0,1139.0,962.0,838.0,718.0,623.0,436.0,240.0,166.0,59.0,32.0,0.0
2310308,2291.0,2937.0,3619.0,3274.0,2515.0,2126.0,2062.0,1886.0,1965.0,1686.0,1345.0,1293.0,1028.0,1061.0,859.0,542.0,415.0,271.0,127.0,7.0,0.0
2310407,884.0,1067.0,1404.0,1270.0,890.0,851.0,795.0,680.0,645.0,592.0,423.0,392.0,401.0,309.0,274.0,153.0,152.0,101.0,17.0,8.0,0.0
2310506,3048.0,3525.0,4682.0,4466.0,3800.0,3001.0,2861.0,2623.0,2453.0,2155.0,1875.0,1659.0,1674.0,1120.0,1168.0,679.0,660.0,295.0,118.0,28.0,0.0
2310605,796.0,725.0,863.0,837.0,823.0,668.0,599.0,552.0,494.0,430.0,313.0,294.0,248.0,161.0,179.0,66.0,86.0,42.0,34.0,15.0,0.0
2310704,2838.0,3016.0,4079.0,3569.0,3302.0,2918.0,2606.0,2348.0,2230.0,2008.0,1437.0,1137.0,1074.0,869.0,826.0,553.0,337.0,156.0,67.0,23.0,6.0
2310803,1151.0,1370.0,1811.0,1520.0,1428.0,1203.0,1077.0,887.0,912.0,865.0,719.0,716.0,513.0,506.0,359.0,257.0,255.0,140.0,34.0,34.0,0.0
2310852,1421.0,1390.0,1808.0,1875.0,1719.0,1604.0,1506.0,1430.0,1281.0,960.0,838.0,589.0,580.0,519.0,467.0,288.0,229.0,126.0,26.0,15.0,12.0
2310902,976.0,1138.0,1396.0,1440.0,1368.0,1218.0,1219.0,1009.0,1009.0,892.0,783.0,719.0,623.0,542.0,414.0,305.0,187.0,165.0,38.0,26.0,0.0
2310951,806.0,890.0,1162.0,1157.0,780.0,660.0,622.0,677.0,604.0,600.0,460.0,363.0,288.0,350.0,278.0,215.0,176.0,104.0,24.0,0.0,0.0
2311009,995.0,1089.0,1434.0,1268.0,943.0,881.0,827.0,717.0,682.0,587.0,537.0,457.0,450.0,353.0,361.0,163.0,133.0,71.0,41.0,4.0,7.0
2311108,1282.0,1233.0,1523.0,1607.0,1453.0,1215.0,1117.0,928.0,777.0,763.0,650.0,578.0,550.0,433.0,427.0,201.0,177.0,108.0,31.0,7.0,0.0
2311207,987.0,983.0,1095.0,997.0,924.0,744.0,697.0,632.0,582.0,510.0,492.0,303.0,362.0,294.0,313.0,170.0,109.0,72.0,10.0,0.0,0.0
2311231,442.0,537.0,632.0,586.0,598.0,488.0,456.0,431.0,355.0,370.0,269.0,247.0,233.0,143.0,155.0,69.0,52.0,40.0,20.0,3.0,0.0
2311264,1491.0,1704.0,2137.0,2051.0,1537.0,1519.0,1442.0,1318.0,1309.0,1103.0,879.0,778.0,723.0,556.0,450.0,407.0,267.0,159.0,82.0,9.0,0.0
2311306,6453.0,6868.0,8403.0,8822.0,7818.0,6502.0,5559.0,5219.0,4775.0,4538.0,3534.0,2743.0,2551.0,2007.0,1924.0,1095.0,993.0,539.0,182.0,69.0,11.0
2311355,996.0,1150.0,1452.0,1366.0,1135.0,1109.0,1118.0,1062.0,935.0,927.0,850.0,702.0,676.0,484.0,422.0,242.0,205.0,135.0,33.0,0.0,0.0
2311405,5667.0,6170.0,7326.0,7699.0,6862.0,5527.0,4779.0,4542.0,4315.0,4023.0,3184.0,2897.0,2221.0,2063.0,1717.0,1100.0,958.0,665.0,107.0,55.0,11.0
2311504,1546.0,1626.0,1871.0,2039.0,1991.0,1679.0,1468.0,1337.0,1215.0,1052.0,867.0,716.0,708.0,484.0,276.0,180.0,172.0,148.0,28.0,6.0,4.0
2311603,2108.0,2174.0,2872.0,2726.0,2327.0,2140.0,1876.0,1714.0,1606.0,1466.0,1063.0,1092.0,835.0,691.0,632.0,520.0,355.0,107.0,72.0,39.0,0.0
2311702,1453.0,1769.0,2178.0,2005.0,1571.0,1344.0,1269.0,1141.0,1081.0,998.0,985.0,747.0,809.0,525.0,642.0,365.0,289.0,169.0,92.0,23.0,0.0
2311801,4939.0,5461.0,6767.0,6971.0,7082.0,6549.0,5664.0,4921.0,4482.0,4081.0,2891.0,2622.0,2375.0,1699.0,1229.0,722.0,737.0,397.0,198.0,45.0,0.0
2311900,1324.0,1396.0,1780.0,1650.0,1260.0,1068.0,957.0,883.0,919.0,870.0,741.0,785.0,638.0,482.0,390.0,231.0,190.0,101.0,56.0,31.0,0.0
2311959,1508.0,1693.0,1888.0,1659.0,1450.0,1211.0,1032.0,891.0,805.0,707.0,583.0,433.0,408.0,420.0,365.0,145.0,118.0,71.0,48.0,16.0,0.0
2312007,2676.0,2786.0,3553.0,3306.0,2876.0,2362.0,2149.0,1859.0,1595.0,1426.0,1199.0,775.0,977.0,856.0,711.0,366.0,201.0,214.0,36.0,11.0,12.0
2312106,1598.0,1707.0,2120.0,1838.0,1553.0,1264.0,1151.0,958.0,877.0,827.0,650.0,541.0,557.0,492.0,399.0,312.0,138.0,117.0,47.0,25.0,0.0
2312205,3354.0,3843.0,4650.0,4641.0,3744.0,3129.0,2914.0,2599.0,2591.0,2401.0,1941.0,1584.0,1462.0,1251.0,1066.0,593.0,529.0,340.0,77.0,55.0,0.0
2312304,4021.0,4114.0,5061.0,4845.0,3787.0,3384.0,3071.0,2547.0,2514.0,2254.0,1907.0,1671.0,1469.0,1101.0,837.0,561.0,507.0,228.0,178.0,112.0,9.0
2312403,3478.0,3675.0,4701.0,4717.0,4301.0,3972.0,3573.0,3056.0,2681.0,2239.0,1573.0,1560.0,1418.0,863.0,763.0,609.0,381.0,183.0,116.0,31.0,0.0
2312502,398.0,490.0,679.0,617.0,597.0,604.0,567.0,585.0,557.0,583.0,454.0,378.0,437.0,287.0,245.0,167.0,156.0,72.0,26.0,0.0,0.0
2312601,909.0,975.0,1257.0,1283.0,1182.0,1003.0,907.0,815.0,777.0,696.0,528.0,467.0,381.0,353.0,300.0,197.0,153.0,98.0,38.0,9.0,4.0
2312700,1808.0,2104.0,2647.0,2627.0,2215.0,1954.0,1774.0,1667.0,1694.0,1571.0,1352.0,1074.0,1033.0,920.0,904.0,417.0,394.0,182.0,85.0,27.0,19.0
2312809,615.0,663.0,835.0,733.0,635.0,551.0,463.0,386.0,354.0,328.0,270.0,249.0,261.0,154.0,123.0,119.0,49.0,43.0,15.0,5.0,0.0
2312908,14237.0,15153.0,19646.0,19547.0,21736.0,17837.0,15446.0,13151.0,11814.0,9880.0,7306.0,5923.0,5154.0,3634.0,2893.0,1995.0,1580.0,815.0,341.0,127.0,18.0
2313005,1143.0,1421.0,1728.0,1753.0,1385.0,1230.0,1156.0,1172.0,1116.0,1136.0,971.0,753.0,766.0,549.0,536.0,338.0,330.0,148.0,25.0,9.0,0.0
2313104,2022.0,2169.0,2801.0,2662.0,2622.0,2387.0,2264.0,2224.0,2160.0,1937.0,1293.0,1199.0,989.0,886.0,586.0,345.0,314.0,198.0,125.0,9.0,12.0
2313203,1974.0,2242.0,2818.0,2788.0,2100.0,1755.0,1627.0,1502.0,1507.0,1419.0,1190.0,983.0,996.0,646.0,672.0,358.0,342.0,353.0,134.0,30.0,14.0
2313252,638.0,799.0,924.0,1003.0,755.0,651.0,593.0,514.0,535.0,475.0,528.0,307.0,288.0,302.0,234.0,162.0,96.0,59.0,33.0,9.0,5.0
2313302,3944.0,4896.0,5833.0,5370.0,4760.0,4113.0,3954.0,3460.0,3476.0,3154.0,2627.0,2353.0,2154.0,1766.0,1457.0,891.0,847.0,414.0,204.0,43.0,0.0
2313351,1476.0,1591.0,1965.0,1773.0,1769.0,1386.0,1223.0,991.0,867.0,804.0,573.0,608.0,450.0,463.0,318.0,212.0,161.0,141.0,48.0,7.0,0.0
2313401,6269.0,6502.0,7611.0,7684.0,6816.0,6014.0,5132.0,4400.0,3892.0,3417.0,2655.0,2333.0,1949.0,1317.0,1039.0,941.0,399.0,362.0,111.0,17.0,33.0
2313500,4524.0,4746.0,6118.0,5796.0,4721.0,4325.0,3696.0,3128.0,2823.0,2443.0,1811.0,1764.0,1520.0,1215.0,982.0,744.0,696.0,183.0,179.0,10.0,0.0
2313559,1180.0,1249.0,1604.0,1702.0,1428.0,1071.0,1020.0,925.0,841.0,742.0,555.0,461.0,489.0,328.0,341.0,185.0,131.0,113.0,38.0,0.0,6.0
2313609,2811.0,2956.0,3248.0,3337.0,2989.0,2712.0,2441.0,1988.0,1771.0,1591.0,1423.0,1077.0,1025.0,661.0,627.0,461.0,436.0,158.0,30.0,45.0,0.0
2313708,534.0,673.0,737.0,688.0,583.0,594.0,538.0,451.0,437.0,418.0,352.0,352.0,309.0,274.0,274.0,160.0,91.0,54.0,26.0,0.0,0.0
2313757,1650.0,1744.0,2276.0,2155.0,1893.0,1484.0,1285.0,1174.0,997.0,865.0,644.0,654.0,616.0,417.0,373.0,199.0,206.0,122.0,43.0,5.0,0.0
2313807,1628.0,1844.0,2222.0,2199.0,2017.0,1775.0,1485.0,1192.0,1158.0,920.0,783.0,577.0,501.0,460.0,446.0,236.0,189.0,103.0,30.0,0.0,0.0
2313906,1067.0,1170.0,1555.0,1478.0,1135.0,1008.0,958.0,803.0,711.0,654.0,433.0,456.0,467.0,316.0,248.0,186.0,140.0,60.0,31.0,6.0,0.0
2313955,1365.0,1629.0,2041.0,1900.0,1478.0,1289.0,1147.0,1094.0,1021.0,892.0,754.0,602.0,589.0,583.0,456.0,276.0,239.0,168.0,42.0,16.0,12.0
2314003,2695.0,3133.0,3637.0,3817.0,3325.0,2896.0,2698.0,2362.0,2366.0,2171.0,1678.0,1800.0,1714.0,1182.0,1125.0,741.0,565.0,407.0,94.0,19.0,9.0
2314102,4846.0,5518.0,6805.0,6646.0,4935.0,4452.0,3724.0,3243.0,2967.0,2492.0,2070.0,1582.0,1543.0,1334.0,1006.0,795.0,602.0,239.0,104.0,52.0,0.0
2400109,712.0,779.0,912.0,939.0,977.0,972.0,874.0,769.0,718.0,736.0,514.0,490.0,445.0,344.0,337.0,181.0,154.0,124.0,34.0,24.0,0.0
2400208,4154.0,4417.0,5103.0,4786.0,5279.0,4910.0,4250.0,3874.0,3795.0,3346.0,2239.0,1780.0,1740.0,1149.0,929.0,479.0,439.0,336.0,173.0,50.0,0.0
2400307,931.0,1008.0,1066.0,1055.0,1069.0,855.0,700.0,674.0,708.0,661.0,434.0,351.0,355.0,313.0,217.0,153.0,129.0,134.0,27.0,4.0,0.0
2400406,214.0,244.0,313.0,296.0,323.0,279.0,211.0,203.0,187.0,145.0,111.0,126.0,128.0,70.0,40.0,40.0,24.0,15.0,7.0,3.0,0.0
2400505,1024.0,1007.0,1205.0,1193.0,1085.0,1085.0,1039.0,893.0,847.0,804.0,655.0,616.0,596.0,404.0,390.0,239.0,170.0,134.0,111.0,10.0,0.0
2400604,361.0,377.0,428.0,464.0,448.0,383.0,364.0,356.0,325.0,306.0,231.0,199.0,206.0,102.0,159.0,41.0,53.0,51.0,14.0,3.0,0.0
2400703,1003.0,1039.0,1062.0,1041.0,1271.0,1208.0,1083.0,917.0,917.0,776.0,553.0,285.0,394.0,227.0,204.0,146.0,85.0,40.0,26.0,22.0,6.0
2400802,798.0,962.0,985.0,1090.0,1226.0,963.0,799.0,731.0,774.0,716.0,540.0,487.0,432.0,252.0,284.0,157.0,147.0,118.0,36.0,52.0,0.0
2400901,465.0,609.0,630.0,587.0,510.0,617.0,563.0,473.0,421.0,407.0,351.0,330.0,293.0,166.0,198.0,106.0,107.0,48.0,20.0,5.0,0.0
2401008,2204.0,2472.0,3054.0,3334.0,3383.0,3091.0,2823.0,2577.0,2503.0,2344.0,1612.0,1419.0,1097.0,823.0,808.0,496.0,300.0,289.0,79.0,47.0,9.0
2401107,1809.0,1972.0,2330.0,2231.0,2271.0,2222.0,1998.0,1828.0,1847.0,1730.0,1432.0,715.0,904.0,610.0,456.0,406.0,339.0,168.0,37.0,11.0,0.0
2401206,1063.0,1171.0,1315.0,1349.0,1262.0,1154.0,943.0,910.0,836.0,694.0,499.0,454.0,330.0,297.0,232.0,188.0,98.0,68.0,26.0,22.0,13.0
2401305,662.0,824.0,884.0,917.0,828.0,803.0,673.0,617.0,568.0,557.0,468.0,270.0,329.0,268.0,236.0,110.0,135.0,78.0,29.0,34.0,0.0
2401404,749.0,788.0,914.0,776.0,810.0,748.0,645.0,639.0,572.0,488.0,309.0,339.0,256.0,179.0,207.0,55.0,46.0,38.0,15.0,0.0,0.0
2401453,2351.0,2381.0,2554.0,2302.0,2422.0,2273.0,1956.0,1684.0,1485.0,1230.0,892.0,736.0,662.0,426.0,273.0,176.0,222.0,114.0,37.0,0.0,7.0
2401503,253.0,336.0,416.0,398.0,317.0,272.0,270.0,244.0,267.0,241.0,196.0,126.0,155.0,133.0,91.0,90.0,82.0,34.0,18.0,10.0,0.0
2401602,331.0,525.0,615.0,585.0,496.0,417.0,336.0,306.0,267.0,257.0,232.0,148.0,172.0,137.0,117.0,57.0,61.0,33.0,21.0,0.0,0.0
2401651,207.0,228.0,229.0,221.0,257.0,197.0,177.0,209.0,136.0,140.0,76.0,94.0,62.0,83.0,50.0,23.0,17.0,17.0,2.0,0.0,0.0
2401701,795.0,876.0,1019.0,984.0,792.0,756.0,667.0,592.0,594.0,472.0,336.0,362.0,332.0,280.0,244.0,124.0,80.0,79.0,46.0,5.0,5.0
2401800,893.0,1106.0,1203.0,1152.0,1126.0,971.0,849.0,752.0,661.0,607.0,495.0,354.0,436.0,265.0,244.0,190.0,144.0,69.0,40.0,13.0,7.0
2401859,510.0,601.0,600.0,588.0,561.0,537.0,465.0,398.0,350.0,320.0,237.0,222.0,175.0,128.0,116.0,85.0,80.0,28.0,11.0,4.0,0.0
2401909,229.0,269.0,315.0,341.0,344.0,287.0,240.0,235.0,198.0,163.0,148.0,119.0,118.0,104.0,58.0,68.0,23.0,38.0,7.0,3.0,0.0
2402006,3971.0,4540.0,5256.0,5024.0,5809.0,5767.0,5314.0,4528.0,4727.0,4261.0,3075.0,2748.0,2063.0,1866.0,1550.0,775.0,784.0,388.0,203.0,61.0,0.0
2402105,775.0,831.0,1006.0,1037.0,884.0,864.0,687.0,642.0,679.0,584.0,361.0,421.0,342.0,369.0,291.0,173.0,145.0,113.0,57.0,0.0,6.0
2402204,2881.0,3086.0,3587.0,3344.0,3137.0,2633.0,2209.0,2067.0,1852.0,1536.0,1242.0,717.0,722.0,662.0,416.0,357.0,203.0,154.0,33.0,36.0,42.0
2402303,1445.0,1550.0,1768.0,1735.0,1783.0,1579.0,1423.0,1473.0,1293.0,1188.0,991.0,756.0,693.0,580.0,282.0,357.0,360.0,146.0,139.0,15.0,19.0
2402402,568.0,550.0,640.0,700.0,636.0,658.0,637.0,533.0,516.0,420.0,352.0,298.0,266.0,207.0,163.0,102.0,102.0,55.0,15.0,6.0,5.0
2402501,803.0,848.0,905.0,854.0,951.0,950.0,727.0,671.0,656.0,634.0,451.0,310.0,256.0,254.0,135.0,91.0,145.0,64.0,36.0,21.0,0.0
2402600,6007.0,6209.0,7201.0,7108.0,6726.0,5906.0,5348.0,4527.0,4141.0,3374.0,2706.0,1994.0,2136.0,1552.0,1272.0,727.0,543.0,447.0,166.0,41.0,9.0
2402709,860.0,949.0,1071.0,1009.0,1124.0,894.0,725.0,709.0,642.0,611.0,456.0,381.0,374.0,317.0,313.0,146.0,172.0,100.0,51.0,12.0,0.0
2402808,409.0,462.0,579.0,519.0,549.0,411.0,366.0,332.0,311.0,255.0,177.0,235.0,186.0,190.0,165.0,79.0,81.0,58.0,35.0,5.0,0.0
2402907,356.0,481.0,582.0,488.0,406.0,366.0,288.0,253.0,286.0,249.0,219.0,177.0,193.0,124.0,116.0,86.0,52.0,28.0,18.0,0.0,4.0
2403004,519.0,526.0,664.0,690.0,722.0,664.0,592.0,503.0,622.0,580.0,380.0,365.0,305.0,261.0,234.0,116.0,96.0,65.0,47.0,15.0,0.0
2403103,2950.0,3097.0,3840.0,3815.0,3674.0,3639.0,3425.0,2998.0,2985.0,2717.0,2051.0,1785.0,1712.0,1173.0,1035.0,585.0,557.0,415.0,150.0,30.0,20.0
2403202,490.0,560.0,626.0,642.0,624.0,519.0,503.0,357.0,372.0,354.0,321.0,325.0,225.0,181.0,146.0,92.0,73.0,68.0,13.0,1.0,0.0
2403251,14893.0,15497.0,17739.0,18112.0,20584.0,20387.0,19201.0,16497.0,15462.0,13281.0,9396.0,6798.0,5211.0,3339.0,2382.0,1429.0,1274.0,663.0,187.0,81.0,44.0
2403301,379.0,445.0,504.0,503.0,486.0,401.0,357.0,311.0,344.0,299.0,262.0,220.0,176.0,175.0,142.0,84.0,77.0,39.0,22.0,6.0,0.0
2403400,483.0,515.0,560.0,569.0,527.0,522.0,430.0,383.0,348.0,318.0,218.0,231.0,198.0,145.0,132.0,98.0,84.0,39.0,10.0,13.0,0.0
2403509,882.0,964.0,1180.0,1122.0,925.0,800.0,750.0,680.0,629.0,504.0,434.0,347.0,376.0,263.0,206.0,161.0,108.0,87.0,39.0,14.0,5.0
2403608,2060.0,2253.0,2540.0,2492.0,2390.0,2130.0,1884.0,1663.0,1678.0,1307.0,1039.0,774.0,681.0,574.0,547.0,179.0,214.0,58.0,95.0,0.0,11.0
2403707,402.0,386.0,472.0,494.0,523.0,451.0,419.0,484.0,469.0,371.0,260.0,224.0,246.0,158.0,157.0,83.0,69.0,46.0,9.0,11.0,0.0
2403756,211.0,209.0,242.0,271.0,310.0,245.0,205.0,154.0,192.0,207.0,121.0,91.0,94.0,86.0,86.0,48.0,45.0,16.0,16.0,4.0,0.0
2403806,592.0,625.0,736.0,847.0,821.0,738.0,694.0,600.0,586.0,598.0,401.0,388.0,345.0,272.0,331.0,129.0,83.0,87.0,63.0,22.0,0.0
2403905,179.0,218.0,247.0,271.0,249.0,234.0,232.0,189.0,199.0,171.0,161.0,115.0,96.0,103.0,91.0,51.0,49.0,11.0,0.0,6.0,2.0
2404002,322.0,295.0,344.0,405.0,392.0,325.0,305.0,304.0,282.0,242.0,194.0,214.0,159.0,130.0,130.0,69.0,68.0,33.0,13.0,8.0,0.0
2404101,179.0,231.0,225.0,227.0,238.0,183.0,163.0,138.0,135.0,91.0,103.0,56.0,57.0,44.0,45.0,21.0,19.0,2.0,2.0,0.0,0.0
2404200,1972.0,2204.0,2377.0,2299.0,2198.0,2105.0,1799.0,1539.0,1302.0,1148.0,836.0,741.0,531.0,497.0,440.0,283.0,117.0,56.0,23.0,14.0,0.0
2404309,848.0,992.0,1169.0,1255.0,1160.0,1031.0,885.0,884.0,876.0,728.0,564.0,450.0,480.0,347.0,321.0,170.0,139.0,51.0,14.0,0.0,11.0
2404408,628.0,727.0,846.0,866.0,949.0,806.0,690.0,686.0,716.0,676.0,502.0,265.0,292.0,274.0,162.0,110.0,119.0,50.0,28.0,0.0,0.0
2404507,1123.0,1187.0,1279.0,1275.0,1252.0,1165.0,1015.0,929.0,819.0,653.0,443.0,294.0,300.0,230.0,179.0,98.0,74.0,47.0,28.0,14.0,0.0
2404606,1002.0,1231.0,1327.0,1289.0,1125.0,1014.0,908.0,788.0,751.0,576.0,400.0,413.0,453.0,262.0,262.0,170.0,91.0,54.0,36.0,14.0,4.0
2404705,1242.0,1386.0,1295.0,1245.0,1402.0,1371.0,1178.0,911.0,824.0,766.0,570.0,389.0,449.0,227.0,217.0,133.0,121.0,67.0,45.0,18.0,0.0
2404804,131.0,177.0,166.0,151.0,180.0,185.0,143.0,149.0,134.0,131.0,96.0,117.0,85.0,79.0,47.0,40.0,45.0,15.0,4.0,2.0,0.0
2404853,586.0,649.0,670.0,659.0,734.0,651.0,634.0,477.0,445.0,357.0,234.0,202.0,201.0,133.0,123.0,91.0,50.0,20.0,9.0,6.0,2.0
2404903,408.0,415.0,488.0,546.0,468.0,429.0,351.0,425.0,390.0,446.0,264.0,232.0,218.0,144.0,132.0,87.0,64.0,39.0,11.0,4.0,4.0
2405009,610.0,679.0,782.0,814.0,762.0,611.0,541.0,508.0,507.0,363.0,327.0,262.0,286.0,295.0,232.0,158.0,67.0,98.0,14.0,9.0,0.0
2405108,573.0,693.0,741.0,700.0,633.0,591.0,532.0,404.0,370.0,353.0,248.0,209.0,186.0,191.0,108.0,103.0,68.0,63.0,19.0,13.0,3.0
2405207,413.0,463.0,462.0,468.0,460.0,475.0,391.0,337.0,316.0,343.0,250.0,223.0,197.0,149.0,186.0,65.0,75.0,42.0,22.0,7.0,2.0
2405306,728.0,891.0,947.0,961.0,821.0,702.0,647.0,560.0,529.0,436.0,384.0,283.0,276.0,275.0,228.0,146.0,73.0,56.0,41.0,21.0,7.0
2405405,454.0,529.0,649.0,565.0,540.0,429.0,366.0,324.0,316.0,267.0,243.0,191.0,175.0,168.0,110.0,78.0,48.0,42.0,12.0,15.0,2.0
2405504,214.0,221.0,261.0,241.0,249.0,219.0,158.0,149.0,158.0,154.0,119.0,94.0,105.0,77.0,79.0,42.0,36.0,20.0,5.0,2.0,3.0
2405603,986.0,1060.0,1197.0,1193.0,1334.0,1235.0,1145.0,958.0,925.0,837.0,619.0,499.0,464.0,297.0,305.0,169.0,129.0,110.0,33.0,10.0,0.0
2405702,593.0,743.0,937.0,956.0,994.0,955.0,887.0,846.0,879.0,956.0,752.0,584.0,649.0,356.0,400.0,225.0,229.0,105.0,53.0,14.0,0.0
2405801,2760.0,3056.0,3567.0,3340.0,3272.0,2731.0,2293.0,2078.0,1822.0,1598.0,1147.0,989.0,1058.0,786.0,594.0,448.0,319.0,200.0,109.0,61.0,0.0
2405900,205.0,244.0,234.0,291.0,251.0,215.0,164.0,184.0,154.0,149.0,104.0,79.0,81.0,67.0,77.0,51.0,22.0,23.0,7.0,0.0,0.0
2406007,364.0,484.0,574.0,480.0,487.0,460.0,405.0,357.0,393.0,327.0,262.0,283.0,231.0,270.0,177.0,149.0,96.0,32.0,26.0,10.0,0.0
2406106,1186.0,1325.0,1465.0,1497.0,1614.0,1659.0,1433.0,1251.0,1206.0,1063.0,885.0,652.0,652.0,529.0,446.0,328.0,255.0,154.0,40.0,48.0,4.0
2406155,270.0,339.0,392.0,355.0,321.0,306.0,249.0,225.0,183.0,193.0,140.0,117.0,123.0,99.0,94.0,88.0,45.0,5.0,16.0,15.0,7.0
2406205,503.0,604.0,727.0,711.0,603.0,497.0,427.0,384.0,336.0,329.0,237.0,170.0,206.0,145.0,115.0,92.0,65.0,56.0,17.0,0.0,3.0
2406304,587.0,717.0,807.0,752.0,583.0,573.0,462.0,445.0,421.0,344.0,255.0,198.0,234.0,156.0,167.0,118.0,99.0,39.0,29.0,0.0,3.0
2406403,206.0,249.0,273.0,283.0,258.0,213.0,169.0,163.0,145.0,154.0,116.0,90.0,72.0,84.0,104.0,25.0,35.0,19.0,9.0,0.0,0.0
2406502,1129.0,1270.0,1464.0,1411.0,1524.0,1101.0,1005.0,900.0,803.0,761.0,569.0,448.0,483.0,294.0,335.0,154.0,169.0,103.0,38.0,13.0,9.0
2406601,665.0,729.0,772.0,841.0,745.0,585.0,542.0,487.0,460.0,349.0,285.0,230.0,227.0,208.0,144.0,126.0,81.0,52.0,20.0,14.0,0.0
2406700,769.0,844.0,976.0,991.0,966.0,806.0,742.0,665.0,653.0,662.0,442.0,436.0,439.0,292.0,257.0,163.0,120.0,114.0,24.0,21.0,0.0
2406809,287.0,396.0,459.0,464.0,444.0,373.0,302.0,297.0,272.0,267.0,190.0,214.0,160.0,141.0,134.0,105.0,62.0,32.0,11.0,2.0,0.0
2406908,275.0,300.0,328.0,341.0,324.0,325.0,284.0,243.0,248.0,195.0,142.0,152.0,153.0,90.0,63.0,48.0,57.0,39.0,25.0,0.0,0.0
2407005,853.0,827.0,924.0,920.0,894.0,853.0,594.0,579.0,603.0,498.0,442.0,378.0,379.0,259.0,208.0,152.0,86.0,72.0,67.0,21.0,0.0
2407104,5748.0,6078.0,7028.0,6910.0,6857.0,6234.0,5694.0,4973.0,4672.0,3778.0,2800.0,2203.0,1952.0,1542.0,1061.0,876.0,571.0,322.0,90.0,52.0,26.0
2407203,2140.0,2246.0,2495.0,2479.0,2425.0,2474.0,2352.0,2141.0,2217.0,2261.0,1516.0,1048.0,1036.0,573.0,500.0,404.0,312.0,218.0,85.0,32.0,0.0
2407252,307.0,295.0,328.0,319.0,282.0,294.0,246.0,195.0,217.0,217.0,170.0,167.0,157.0,93.0,72.0,80.0,53.0,20.0,19.0,4.0,0.0
2407302,636.0,732.0,728.0,746.0,758.0,707.0,517.0,443.0,505.0,519.0,429.0,429.0,337.0,250.0,187.0,79.0,135.0,99.0,21.0,3.0,4.0
2407401,602.0,651.0,696.0,737.0,643.0,679.0,583.0,548.0,487.0,472.0,395.0,424.0,380.0,234.0,279.0,161.0,164.0,57.0,25.0,0.0,0.0
2407500,1023.0,1067.0,1169.0,1108.0,945.0,886.0,785.0,677.0,606.0,496.0,400.0,336.0,310.0,243.0,106.0,141.0,76.0,32.0,24.0,6.0,4.0
2407609,331.0,377.0,419.0,388.0,342.0,363.0,322.0,310.0,277.0,253.0,186.0,138.0,144.0,114.0,98.0,58.0,34.0,28.0,4.0,0.0,0.0
2407708,952.0,1086.0,1287.0,1202.0,1056.0,825.0,834.0,707.0,625.0,573.0,361.0,431.0,333.0,363.0,289.0,223.0,161.0,75.0,19.0,11.0,0.0
2407807,1709.0,1947.0,2204.0,2251.0,1971.0,1625.0,1531.0,1409.0,1193.0,1088.0,941.0,539.0,583.0,581.0,496.0,256.0,148.0,101.0,74.0,37.0,0.0
2407906,188.0,171.0,252.0,239.0,227.0,174.0,159.0,154.0,148.0,148.0,72.0,59.0,85.0,37.0,54.0,48.0,25.0,15.0,6.0,0.0,0.0
2408003,19404.0,19828.0,21703.0,23283.0,26715.0,25344.0,22331.0,19706.0,19213.0,16756.0,12452.0,8807.0,7672.0,5478.0,4309.0,2933.0,2025.0,1290.0,415.0,143.0,8.0
2408102,52570.0,55758.0,66167.0,71068.0,81918.0,78620.0,67699.0,58534.0,57924.0,53327.0,43317.0,32514.0,27459.0,18496.0,14285.0,9456.0,7853.0,4523.0,1663.0,394.0,195.0
2408201,1968.0,2220.0,2528.0,2406.0,2233.0,2038.0,1906.0,1766.0,1556.0,1237.0,953.0,745.0,719.0,492.0,425.0,283.0,194.0,63.0,24.0,29.0,0.0
2408300,2660.0,3176.0,3722.0,3693.0,3304.0,2996.0,2498.0,2324.0,2252.0,1871.0,1376.0,1114.0,1172.0,1013.0,862.0,597.0,426.0,235.0,99.0,75.0,24.0
2408409,255.0,326.0,400.0,336.0,378.0,325.0,287.0,296.0,293.0,257.0,193.0,237.0,181.0,166.0,132.0,94.0,75.0,45.0,11.0,7.0,0.0
2408508,314.0,340.0,382.0,367.0,418.0,372.0,325.0,309.0,340.0,282.0,249.0,251.0,198.0,144.0,161.0,87.0,73.0,25.0,46.0,17.0,0.0
2408607,329.0,329.0,358.0,352.0,325.0,357.0,286.0,212.0,231.0,253.0,165.0,199.0,174.0,119.0,71.0,83.0,38.0,27.0,26.0,18.0,0.0
2408706,328.0,326.0,302.0,337.0,340.0,373.0,273.0,282.0,188.0,229.0,195.0,116.0,141.0,152.0,106.0,45.0,53.0,39.0,21.0,12.0,0.0
2408805,436.0,537.0,573.0,490.0,488.0,393.0,310.0,261.0,249.0,213.0,165.0,171.0,144.0,145.0,84.0,89.0,55.0,24.0,11.0,4.0,4.0
2408904,1571.0,1508.0,1825.0,1761.0,2112.0,1706.0,1525.0,1330.0,1338.0,1238.0,960.0,826.0,682.0,510.0,469.0,323.0,341.0,229.0,70.0,31.0,0.0
2408953,980.0,1056.0,1223.0,956.0,911.0,895.0,813.0,663.0,576.0,422.0,290.0,321.0,288.0,209.0,223.0,90.0,85.0,33.0,19.0,5.0,0.0
2409100,845.0,865.0,1092.0,1145.0,1122.0,977.0,820.0,770.0,682.0,602.0,368.0,378.0,367.0,346.0,251.0,206.0,159.0,64.0,36.0,5.0,0.0
2409209,221.0,244.0,314.0,306.0,236.0,221.0,231.0,223.0,170.0,144.0,82.0,120.0,124.0,82.0,61.0,26.0,43.0,23.0,11.0,12.0,2.0
2409308,927.0,976.0,1072.0,1065.0,1010.0,1000.0,957.0,880.0,818.0,683.0,534.0,452.0,462.0,327.0,333.0,196.0,146.0,92.0,25.0,5.0,4.0
2409332,402.0,488.0,486.0,496.0,462.0,392.0,339.0,301.0,269.0,222.0,181.0,175.0,167.0,107.0,118.0,55.0,41.0,43.0,16.0,2.0,0.0
2409407,1870.0,2195.0,2384.0,2518.0,2637.0,2586.0,2172.0,1990.0,1971.0,1757.0,1329.0,1066.0,941.0,646.0,554.0,560.0,280.0,234.0,55.0,0.0,0.0
2409506,289.0,338.0,414.0,403.0,369.0,275.0,262.0,252.0,186.0,136.0,122.0,114.0,129.0,76.0,63.0,36.0,34.0,11.0,6.0,5.0,0.0
2409605,200.0,225.0,299.0,295.0,232.0,196.0,148.0,169.0,135.0,150.0,130.0,84.0,98.0,72.0,56.0,19.0,26.0,33.0,21.0,1.0,0.0
2409704,589.0,611.0,768.0,707.0,691.0,543.0,468.0,389.0,413.0,393.0,333.0,263.0,272.0,203.0,186.0,122.0,77.0,72.0,45.0,23.0,3.0
2409803,1218.0,1306.0,1474.0,1514.0,1276.0,1159.0,998.0,878.0,783.0,736.0,521.0,496.0,445.0,398.0,326.0,200.0,201.0,149.0,22.0,10.0,4.0
2409902,1037.0,1116.0,1236.0,1197.0,1271.0,1198.0,1065.0,978.0,947.0,859.0,634.0,386.0,404.0,369.0,318.0,146.0,126.0,70.0,54.0,5.0,15.0
2410009,247.0,264.0,276.0,308.0,296.0,341.0,279.0,216.0,214.0,219.0,162.0,162.0,129.0,92.0,87.0,50.0,57.0,33.0,15.0,7.0,0.0
2410108,1141.0,1403.0,1508.0,1504.0,1417.0,1290.0,1042.0,861.0,734.0,610.0,517.0,413.0,439.0,323.0,246.0,192.0,127.0,134.0,42.0,6.0,0.0
2410207,588.0,573.0,628.0,682.0,665.0,601.0,467.0,454.0,483.0,456.0,448.0,290.0,213.0,230.0,197.0,137.0,137.0,39.0,23.0,6.0,3.0
2410256,436.0,503.0,568.0,523.0,478.0,437.0,440.0,353.0,349.0,284.0,189.0,181.0,162.0,114.0,45.0,58.0,54.0,25.0,17.0,0.0,0.0
2410306,834.0,968.0,951.0,904.0,830.0,728.0,595.0,502.0,463.0,420.0,300.0,334.0,198.0,281.0,194.0,78.0,121.0,40.0,22.0,5.0,0.0
2410405,766.0,885.0,1016.0,881.0,763.0,658.0,550.0,510.0,535.0,388.0,266.0,268.0,307.0,187.0,205.0,102.0,72.0,43.0,10.0,11.0,0.0
2410504,319.0,411.0,395.0,401.0,423.0,387.0,343.0,304.0,355.0,247.0,234.0,217.0,183.0,145.0,116.0,97.0,67.0,31.0,16.0,0.0,0.0
2410603,212.0,275.0,281.0,248.0,214.0,224.0,214.0,221.0,241.0,179.0,147.0,130.0,137.0,109.0,78.0,59.0,56.0,29.0,0.0,9.0,0.0
2410702,256.0,298.0,246.0,334.0,282.0,276.0,212.0,233.0,219.0,179.0,146.0,72.0,118.0,89.0,84.0,50.0,37.0,21.0,7.0,7.0,0.0
2410801,302.0,377.0,365.0,367.0,346.0,350.0,284.0,242.0,263.0,234.0,197.0,179.0,167.0,145.0,135.0,103.0,55.0,32.0,11.0,0.0,0.0
2410900,525.0,711.0,854.0,774.0,642.0,545.0,508.0,427.0,404.0,364.0,273.0,231.0,201.0,191.0,154.0,117.0,94.0,39.0,11.0,2.0,0.0
2411007,323.0,382.0,432.0,408.0,369.0,352.0,314.0,315.0,317.0,246.0,190.0,210.0,150.0,132.0,113.0,49.0,75.0,14.0,19.0,10.0,0.0
2411056,303.0,323.0,318.0,341.0,328.0,373.0,306.0,257.0,246.0,209.0,180.0,142.0,106.0,97.0,61.0,23.0,37.0,17.0,12.0,8.0,0.0
2411106,240.0,339.0,393.0,425.0,306.0,250.0,258.0,221.0,211.0,192.0,128.0,150.0,147.0,102.0,91.0,55.0,52.0,31.0,4.0,0.0,0.0
2411205,2821.0,2944.0,3689.0,3702.0,3691.0,3205.0,2599.0,2259.0,2187.0,1881.0,1640.0,995.0,1206.0,917.0,744.0,584.0,421.0,220.0,58.0,28.0,6.0
2411403,943.0,1003.0,1161.0,1241.0,1358.0,1096.0,1035.0,954.0,907.0,914.0,694.0,485.0,521.0,476.0,359.0,298.0,197.0,109.0,29.0,29.0,0.0
2411429,160.0,198.0,195.0,243.0,248.0,226.0,194.0,157.0,183.0,148.0,95.0,125.0,103.0,67.0,69.0,47.0,40.0,27.0,0.0,0.0,0.0
2411502,1806.0,1944.0,2230.0,2336.0,2058.0,1831.0,1679.0,1510.0,1336.0,1156.0,713.0,871.0,865.0,569.0,472.0,407.0,234.0,116.0,70.0,0.0,14.0
2411601,241.0,302.0,302.0,304.0,280.0,238.0,194.0,187.0,173.0,175.0,121.0,110.0,103.0,76.0,69.0,34.0,30.0,24.0,12.0,0.0,0.0
2411700,345.0,367.0,424.0,411.0,403.0,310.0,258.0,219.0,217.0,215.0,150.0,121.0,141.0,83.0,90.0,45.0,61.0,27.0,14.0,5.0,0.0
2411809,211.0,240.0,293.0,315.0,308.0,277.0,240.0,237.0,268.0,224.0,183.0,133.0,173.0,97.0,64.0,43.0,50.0,37.0,2.0,0.0,5.0
2411908,242.0,307.0,339.0,373.0,347.0,337.0,291.0,253.0,275.0,226.0,217.0,184.0,133.0,120.0,79.0,52.0,56.0,22.0,16.0,5.0,0.0
2412005,7124.0,7533.0,9010.0,8573.0,8709.0,8338.0,7622.0,6672.0,6001.0,4849.0,3770.0,2383.0,2157.0,1853.0,1191.0,672.0,567.0,383.0,170.0,71.0,21.0
2412104,406.0,411.0,460.0,527.0,499.0,524.0,438.0,397.0,381.0,363.0,279.0,257.0,254.0,263.0,201.0,121.0,76.0,32.0,30.0,2.0,0.0
2412203,3266.0,3805.0,4252.0,4074.0,3758.0,3340.0,2969.0,2714.0,2462.0,2105.0,1555.0,1298.0,1089.0,1147.0,703.0,490.0,381.0,229.0,93.0,46.0,0.0
2412302,902.0,1101.0,1303.0,1335.0,1170.0,987.0,833.0,779.0,734.0,650.0,507.0,446.0,448.0,318.0,300.0,238.0,145.0,95.0,40.0,15.0,11.0
2412401,297.0,292.0,336.0,390.0,447.0,382.0,294.0,307.0,294.0,312.0,204.0,176.0,170.0,110.0,70.0,40.0,62.0,29.0,16.0,2.0,0.0
2412500,1877.0,1975.0,2302.0,2153.0,1931.0,1742.0,1493.0,1356.0,1308.0,1287.0,1002.0,884.0,835.0,599.0,594.0,359.0,264.0,138.0,59.0,0.0,0.0
2412559,779.0,844.0,1005.0,986.0,949.0,732.0,601.0,537.0,446.0,417.0,302.0,236.0,289.0,195.0,110.0,96.0,71.0,56.0,10.0,9.0,0.0
2412609,1129.0,1315.0,1568.0,1572.0,1573.0,1290.0,1118.0,1042.0,989.0,875.0,719.0,571.0,569.0,364.0,390.0,325.0,229.0,133.0,36.0,27.0,9.0
2412708,494.0,528.0,673.0,592.0,538.0,508.0,451.0,402.0,356.0,327.0,240.0,260.0,216.0,212.0,161.0,122.0,71.0,57.0,18.0,8.0,0.0
2412807,492.0,627.0,664.0,688.0,744.0,683.0,569.0,538.0,557.0,559.0,435.0,268.0,311.0,280.0,274.0,141.0,141.0,95.0,28.0,8.0,8.0
2412906,740.0,907.0,1112.0,1083.0,962.0,732.0,715.0,704.0,636.0,564.0,612.0,361.0,366.0,434.0,334.0,247.0,126.0,121.0,65.0,6.0,0.0
2413003,394.0,413.0,558.0,486.0,561.0,536.0,428.0,409.0,417.0,419.0,302.0,227.0,251.0,164.0,179.0,102.0,106.0,49.0,22.0,5.0,0.0
2413102,441.0,528.0,646.0,622.0,507.0,358.0,371.0,363.0,356.0,314.0,245.0,208.0,187.0,156.0,128.0,83.0,46.0,56.0,12.0,10.0,0.0
2413201,381.0,406.0,446.0,398.0,351.0,371.0,300.0,237.0,213.0,168.0,190.0,84.0,127.0,103.0,69.0,34.0,25.0,7.0,11.0,0.0,3.0
2413300,461.0,488.0,590.0,627.0,565.0,442.0,358.0,316.0,351.0,315.0,209.0,224.0,196.0,187.0,184.0,84.0,66.0,46.0,18.0,11.0,6.0
2413359,905.0,1005.0,1021.0,963.0,1022.0,960.0,847.0,702.0,653.0,521.0,432.0,252.0,284.0,200.0,209.0,138.0,114.0,34.0,18.0,6.0,0.0
2413409,519.0,651.0,640.0,695.0,675.0,683.0,612.0,557.0,566.0,471.0,404.0,294.0,281.0,199.0,204.0,140.0,104.0,54.0,10.0,11.0,0.0
2413508,483.0,653.0,754.0,686.0,573.0,518.0,454.0,425.0,438.0,306.0,276.0,182.0,222.0,180.0,178.0,113.0,93.0,34.0,6.0,7.0,0.0
2413557,318.0,335.0,358.0,426.0,373.0,369.0,330.0,333.0,286.0,297.0,215.0,216.0,185.0,169.0,134.0,65.0,72.0,38.0,18.0,3.0,0.0
2413607,373.0,399.0,500.0,569.0,505.0,456.0,414.0,430.0,431.0,386.0,300.0,242.0,230.0,153.0,135.0,101.0,96.0,29.0,0.0,0.0,3.0
2413706,399.0,434.0,508.0,588.0,492.0,385.0,343.0,306.0,259.0,261.0,250.0,156.0,175.0,144.0,114.0,72.0,51.0,52.0,23.0,7.0,0.0
2413805,183.0,215.0,208.0,204.0,202.0,225.0,190.0,147.0,143.0,131.0,119.0,102.0,82.0,43.0,45.0,24.0,31.0,10.0,9.0,5.0,0.0
2413904,1004.0,1136.0,1355.0,1243.0,1187.0,1025.0,802.0,698.0,675.0,552.0,396.0,404.0,435.0,285.0,259.0,160.0,126.0,61.0,22.0,11.0,0.0
2414001,1215.0,1334.0,1470.0,1502.0,1357.0,1235.0,1003.0,887.0,782.0,747.0,625.0,433.0,488.0,295.0,345.0,202.0,123.0,80.0,27.0,15.0,9.0
2414100,806.0,780.0,800.0,925.0,1020.0,889.0,789.0,617.0,608.0,568.0,440.0,378.0,314.0,372.0,245.0,111.0,94.0,66.0,50.0,10.0,0.0
2414159,524.0,559.0,523.0,459.0,538.0,526.0,450.0,369.0,288.0,233.0,196.0,186.0,142.0,156.0,122.0,52.0,32.0,28.0,19.0,3.0,0.0
2414209,1068.0,1064.0,1086.0,1096.0,1077.0,1172.0,1032.0,782.0,676.0,572.0,501.0,296.0,307.0,225.0,149.0,79.0,90.0,86.0,28.0,0.0,0.0
2414308,133.0,137.0,188.0,210.0,191.0,199.0,173.0,158.0,189.0,159.0,112.0,92.0,94.0,73.0,71.0,48.0,34.0,25.0,10.0,0.0,0.0
2414407,2696.0,3144.0,3630.0,3305.0,3031.0,2736.0,2212.0,1978.0,1812.0,1494.0,1078.0,881.0,928.0,732.0,619.0,284.0,285.0,182.0,27.0,35.0,0.0
2414456,303.0,323.0,335.0,336.0,317.0,314.0,246.0,228.0,186.0,158.0,155.0,87.0,122.0,85.0,68.0,40.0,25.0,24.0,8.0,9.0,0.0
2414506,719.0,841.0,1017.0,963.0,965.0,864.0,767.0,754.0,725.0,650.0,509.0,457.0,465.0,245.0,260.0,126.0,181.0,70.0,74.0,8.0,0.0
2414605,985.0,1138.0,1260.0,1210.0,1298.0,1160.0,1055.0,890.0,863.0,731.0,521.0,444.0,385.0,331.0,287.0,155.0,170.0,71.0,29.0,8.0,0.0
2414704,389.0,433.0,486.0,495.0,496.0,431.0,354.0,307.0,301.0,285.0,236.0,231.0,173.0,165.0,134.0,93.0,89.0,54.0,56.0,20.0,8.0
2414753,302.0,362.0,450.0,421.0,411.0,301.0,270.0,221.0,227.0,206.0,141.0,136.0,108.0,100.0,86.0,22.0,24.0,30.0,3.0,0.0,0.0
2414803,766.0,985.0,1175.0,1169.0,950.0,837.0,764.0,843.0,699.0,565.0,381.0,359.0,388.0,195.0,234.0,144.0,145.0,71.0,36.0,14.0,0.0
2414902,111.0,130.0,158.0,168.0,146.0,126.0,113.0,125.0,116.0,106.0,77.0,61.0,46.0,46.0,40.0,20.0,17.0,8.0,3.0,0.0,0.0
2415008,232.0,268.0,369.0,333.0,295.0,251.0,184.0,205.0,158.0,147.0,89.0,100.0,78.0,40.0,50.0,39.0,16.0,7.0,4.0,5.0,4.0
2500106,730.0,918.0,1126.0,1022.0,868.0,717.0,621.0,543.0,569.0,473.0,407.0,310.0,310.0,268.0,290.0,125.0,97.0,42.0,13.0,0.0,0.0
2500205,416.0,481.0,551.0,516.0,397.0,423.0,422.0,349.0,308.0,298.0,275.0,272.0,193.0,197.0,166.0,119.0,64.0,40.0,27.0,15.0,0.0
2500304,2389.0,2535.0,2941.0,2962.0,2297.0,2214.0,1972.0,1756.0,1687.0,1471.0,1200.0,1114.0,1058.0,858.0,741.0,528.0,389.0,209.0,110.0,48.0,0.0
2500403,1642.0,1855.0,1923.0,1938.0,1787.0,1660.0,1384.0,1205.0,1165.0,988.0,762.0,783.0,704.0,559.0,489.0,336.0,237.0,153.0,97.0,14.0,0.0
2500502,1158.0,1278.0,1432.0,1461.0,1228.0,1074.0,993.0,887.0,768.0,624.0,496.0,472.0,465.0,375.0,333.0,230.0,134.0,82.0,44.0,36.0,5.0
2500536,414.0,442.0,521.0,541.0,441.0,372.0,389.0,348.0,368.0,301.0,194.0,201.0,179.0,130.0,111.0,118.0,73.0,41.0,43.0,10.0,3.0
2500577,233.0,229.0,227.0,243.0,220.0,186.0,177.0,138.0,115.0,120.0,107.0,73.0,106.0,59.0,60.0,29.0,18.0,12.0,8.0,6.0,0.0
2500601,1687.0,1727.0,1946.0,1811.0,1657.0,1629.0,1503.0,1356.0,1077.0,947.0,673.0,536.0,402.0,393.0,259.0,169.0,136.0,65.0,28.0,5.0,0.0
2500700,1131.0,1348.0,1606.0,1594.0,1504.0,1475.0,1365.0,1266.0,1183.0,1111.0,861.0,918.0,756.0,719.0,507.0,360.0,226.0,170.0,72.0,25.0,5.0
2500734,190.0,184.0,164.0,197.0,200.0,176.0,170.0,129.0,115.0,127.0,91.0,69.0,79.0,60.0,72.0,38.0,9.0,14.0,0.0,4.0,0.0
2500775,608.0,625.0,609.0,631.0,685.0,612.0,581.0,508.0,475.0,489.0,351.0,328.0,311.0,272.0,298.0,99.0,109.0,68.0,9.0,6.0,2.0
2500809,1311.0,1417.0,1782.0,1820.0,1422.0,1238.0,1197.0,1073.0,1127.0,832.0,784.0,699.0,589.0,642.0,481.0,384.0,238.0,108.0,67.0,13.0,0.0
2500908,990.0,1072.0,1169.0,1219.0,1011.0,912.0,803.0,778.0,669.0,619.0,553.0,559.0,602.0,495.0,510.0,219.0,184.0,176.0,75.0,30.0,7.0
2501005,1643.0,1905.0,2158.0,1978.0,1609.0,1426.0,1375.0,1145.0,1084.0,894.0,714.0,626.0,610.0,493.0,588.0,254.0,111.0,147.0,94.0,26.0,0.0
2501104,2035.0,2079.0,2268.0,2489.0,2219.0,2057.0,1677.0,1424.0,1365.0,1300.0,1104.0,802.0,772.0,686.0,615.0,343.0,270.0,199.0,71.0,50.0,6.0
2501153,135.0,180.0,185.0,222.0,190.0,162.0,132.0,128.0,115.0,114.0,87.0,59.0,64.0,43.0,44.0,36.0,14.0,2.0,5.0,5.0,4.0
2501203,513.0,577.0,572.0,602.0,543.0,534.0,472.0,406.0,398.0,347.0,279.0,255.0,256.0,214.0,204.0,110.0,94.0,68.0,25.0,3.0,0.0
2501302,1539.0,1819.0,2185.0,2028.0,1498.0,1229.0,1119.0,1186.0,1181.0,965.0,870.0,678.0,698.0,638.0,462.0,383.0,329.0,143.0,87.0,38.0,6.0
2501351,291.0,319.0,356.0,357.0,330.0,322.0,276.0,205.0,198.0,162.0,139.0,146.0,149.0,61.0,85.0,33.0,56.0,19.0,15.0,3.0,0.0
2501401,824.0,877.0,834.0,844.0,726.0,687.0,642.0,540.0,433.0,419.0,262.0,260.0,234.0,134.0,133.0,69.0,48.0,29.0,12.0,0.0,5.0
2501500,1663.0,2097.0,2279.0,2193.0,1834.0,1665.0,1547.0,1392.0,1368.0,1158.0,847.0,850.0,721.0,665.0,585.0,399.0,293.0,213.0,60.0,21.0,0.0
2501534,356.0,391.0,381.0,369.0,397.0,314.0,320.0,289.0,248.0,228.0,210.0,125.0,171.0,119.0,100.0,72.0,58.0,37.0,33.0,0.0,2.0
2501575,623.0,669.0,854.0,832.0,664.0,586.0,495.0,524.0,493.0,478.0,402.0,354.0,394.0,244.0,199.0,146.0,103.0,89.0,53.0,5.0,0.0
2501609,1141.0,1277.0,1415.0,1301.0,1264.0,1076.0,1060.0,847.0,810.0,722.0,577.0,643.0,537.0,463.0,396.0,253.0,151.0,107.0,79.0,37.0,0.0
2501708,410.0,467.0,546.0,581.0,502.0,432.0,373.0,326.0,331.0,333.0,276.0,259.0,207.0,162.0,126.0,92.0,98.0,62.0,23.0,4.0,0.0
2501807,7928.0,8356.0,9457.0,9389.0,9452.0,8969.0,8740.0,7805.0,7276.0,5652.0,4159.0,3379.0,2673.0,2439.0,1947.0,1013.0,532.0,351.0,122.0,66.0,12.0
2501906,1197.0,1420.0,1596.0,1655.0,1519.0,1268.0,1343.0,1079.0,953.0,821.0,648.0,756.0,771.0,595.0,573.0,408.0,227.0,146.0,91.0,21.0,5.0
2502003,512.0,655.0,633.0,682.0,603.0,578.0,527.0,527.0,458.0,410.0,314.0,303.0,293.0,195.0,216.0,118.0,74.0,20.0,15.0,11.0,0.0
2502052,282.0,331.0,356.0,329.0,240.0,231.0,214.0,158.0,176.0,142.0,134.0,122.0,105.0,71.0,84.0,35.0,35.0,12.0,13.0,5.0,0.0
2502102,444.0,463.0,551.0,587.0,570.0,516.0,425.0,376.0,270.0,288.0,264.0,241.0,229.0,172.0,137.0,92.0,65.0,36.0,18.0,8.0,0.0
2502151,492.0,526.0,531.0,610.0,607.0,519.0,504.0,373.0,410.0,349.0,330.0,233.0,188.0,158.0,125.0,102.0,72.0,50.0,39.0,5.0,3.0
2502201,189.0,211.0,248.0,225.0,208.0,180.0,189.0,151.0,156.0,123.0,101.0,90.0,89.0,79.0,52.0,49.0,34.0,10.0,10.0,5.0,0.0
2502300,344.0,361.0,436.0,426.0,371.0,352.0,353.0,352.0,347.0,353.0,252.0,216.0,236.0,205.0,195.0,84.0,74.0,56.0,16.0,3.0,3.0
2502409,1073.0,1002.0,1036.0,1067.0,1081.0,908.0,854.0,664.0,607.0,512.0,427.0,372.0,350.0,264.0,209.0,154.0,100.0,46.0,55.0,13.0,10.0
2502508,1372.0,1454.0,1559.0,1752.0,1563.0,1434.0,1163.0,1130.0,1012.0,955.0,665.0,635.0,607.0,510.0,374.0,283.0,177.0,144.0,77.0,16.0,5.0
2502607,434.0,539.0,647.0,602.0,536.0,454.0,367.0,381.0,387.0,341.0,341.0,268.0,244.0,183.0,157.0,119.0,78.0,53.0,19.0,6.0,0.0
2502706,398.0,566.0,545.0,529.0,373.0,417.0,380.0,315.0,259.0,266.0,196.0,187.0,196.0,140.0,114.0,107.0,74.0,32.0,8.0,3.0,8.0
2502805,1088.0,1058.0,1212.0,1241.0,1316.0,1147.0,979.0,841.0,863.0,812.0,583.0,478.0,375.0,349.0,286.0,248.0,145.0,65.0,32.0,5.0,0.0
2502904,453.0,520.0,558.0,525.0,557.0,465.0,447.0,434.0,383.0,379.0,314.0,287.0,270.0,178.0,163.0,79.0,87.0,34.0,48.0,17.0,0.0
2503001,1946.0,2093.0,2249.0,2123.0,1871.0,1959.0,1716.0,1410.0,1183.0,957.0,737.0,656.0,534.0,299.0,288.0,165.0,133.0,43.0,0.0,0.0,0.0
2503100,403.0,409.0,435.0,484.0,432.0,381.0,357.0,327.0,292.0,300.0,244.0,200.0,232.0,161.0,110.0,107.0,59.0,45.0,44.0,6.0,7.0
2503209,4641.0,4678.0,4976.0,4974.0,5462.0,5564.0,5192.0,4596.0,4096.0,3683.0,2819.0,2203.0,1592.0,1226.0,834.0,668.0,477.0,173.0,43.0,26.0,21.0
2503308,712.0,820.0,920.0,955.0,886.0,838.0,685.0,583.0,561.0,466.0,361.0,412.0,445.0,254.0,233.0,191.0,132.0,44.0,36.0,0.0,11.0
2503407,264.0,295.0,301.0,367.0,327.0,332.0,246.0,234.0,232.0,202.0,163.0,148.0,117.0,110.0,88.0,55.0,32.0,24.0,16.0,4.0,0.0
2503506,1396.0,1568.0,1800.0,1758.0,1427.0,1195.0,1030.0,919.0,979.0,927.0,660.0,575.0,648.0,548.0,522.0,293.0,277.0,150.0,59.0,18.0,0.0
2503555,792.0,830.0,862.0,777.0,595.0,445.0,400.0,331.0,321.0,273.0,236.0,223.0,213.0,138.0,171.0,90.0,74.0,31.0,2.0,10.0,0.0
2503605,546.0,603.0,714.0,760.0,600.0,547.0,513.0,515.0,478.0,378.0,274.0,274.0,210.0,290.0,196.0,122.0,106.0,56.0,30.0,7.0,0.0
2503704,4109.0,4385.0,5057.0,5415.0,5683.0,5364.0,4784.0,3883.0,3695.0,3147.0,2851.0,2457.0,2161.0,1657.0,1553.0,934.0,622.0,475.0,149.0,58.0,6.0
2503753,262.0,282.0,285.0,267.0,291.0,275.0,205.0,176.0,205.0,171.0,124.0,146.0,109.0,79.0,49.0,47.0,44.0,3.0,13.0,0.0,0.0
2503803,416.0,475.0,585.0,592.0,509.0,410.0,418.0,397.0,386.0,288.0,229.0,186.0,210.0,204.0,125.0,92.0,49.0,53.0,13.0,0.0,0.0
2503902,445.0,497.0,601.0,533.0,470.0,367.0,419.0,382.0,367.0,321.0,256.0,229.0,276.0,149.0,186.0,112.0,84.0,39.0,16.0,0.0,0.0
2504009,28368.0,29865.0,33431.0,34767.0,37001.0,35883.0,31725.0,27426.0,26419.0,23615.0,19061.0,14998.0,12976.0,9106.0,7725.0,5266.0,3869.0,2268.0,963.0,454.0,27.0
2504033,551.0,615.0,641.0,603.0,473.0,445.0,477.0,360.0,294.0,239.0,197.0,186.0,158.0,135.0,97.0,78.0,18.0,24.0,10.0,0.0,0.0
2504074,284.0,380.0,353.0,356.0,303.0,268.0,255.0,248.0,245.0,231.0,180.0,169.0,165.0,169.0,122.0,85.0,44.0,18.0,19.0,6.0,0.0
2504108,184.0,197.0,284.0,245.0,218.0,198.0,166.0,163.0,171.0,124.0,109.0,78.0,57.0,67.0,52.0,36.0,23.0,4.0,0.0,2.0,0.0
2504157,588.0,668.0,777.0,790.0,587.0,511.0,430.0,430.0,424.0,353.0,277.0,278.0,283.0,191.0,166.0,128.0,88.0,56.0,21.0,12.0,0.0
2504207,376.0,455.0,470.0,467.0,439.0,404.0,356.0,260.0,272.0,275.0,222.0,210.0,153.0,138.0,116.0,88.0,48.0,16.0,33.0,10.0,3.0
2504306,2193.0,2319.0,2358.0,2590.0,2670.0,2568.0,2387.0,1928.0,1848.0,1836.0,1327.0,1225.0,895.0,828.0,761.0,425.0,436.0,111.0,45.0,11.0,0.0
2504355,378.0,412.0,420.0,447.0,376.0,360.0,343.0,281.0,308.0,253.0,193.0,174.0,172.0,129.0,96.0,89.0,68.0,33.0,5.0,6.0,0.0
2504405,1368.0,1561.0,1708.0,1785.0,1807.0,1516.0,1382.0,1243.0,1082.0,1037.0,865.0,709.0,650.0,551.0,492.0,246.0,157.0,75.0,94.0,22.0,12.0
2504504,500.0,543.0,579.0,591.0,540.0,449.0,444.0,413.0,415.0,455.0,312.0,334.0,237.0,246.0,210.0,115.0,98.0,63.0,32.0,8.0,0.0
2504603,2053.0,2049.0,2212.0,2202.0,2059.0,1977.0,1753.0,1484.0,1308.0,1013.0,883.0,706.0,608.0,391.0,307.0,162.0,102.0,87.0,33.0,0.0,10.0
2504702,310.0,448.0,449.0,450.0,347.0,325.0,358.0,325.0,315.0,288.0,194.0,159.0,178.0,156.0,142.0,101.0,77.0,31.0,27.0,2.0,6.0
2504801,1162.0,1310.0,1556.0,1382.0,1320.0,1227.0,1092.0,957.0,936.0,882.0,759.0,563.0,592.0,456.0,434.0,226.0,109.0,103.0,42.0,30.0,11.0
2504850,101.0,115.0,133.0,158.0,156.0,143.0,116.0,118.0,139.0,119.0,81.0,71.0,81.0,71.0,58.0,29.0,37.0,23.0,9.0,11.0,2.0
2504900,1441.0,1624.0,1754.0,1578.0,1443.0,1437.0,1314.0,1214.0,1015.0,824.0,686.0,419.0,526.0,323.0,289.0,129.0,138.0,73.0,26.0,0.0,3.0
2505006,617.0,642.0,660.0,623.0,670.0,556.0,489.0,413.0,421.0,370.0,291.0,201.0,230.0,224.0,161.0,106.0,107.0,51.0,19.0,14.0,0.0
2505105,1441.0,1573.0,1910.0,1792.0,1954.0,1499.0,1325.0,1302.0,1251.0,1141.0,890.0,846.0,767.0,614.0,706.0,337.0,348.0,196.0,76.0,10.0,0.0
2505204,580.0,623.0,771.0,712.0,617.0,533.0,502.0,456.0,362.0,324.0,290.0,216.0,235.0,201.0,149.0,123.0,90.0,56.0,36.0,13.0,0.0
2505238,497.0,537.0,705.0,628.0,513.0,478.0,398.0,369.0,408.0,320.0,304.0,224.0,208.0,199.0,163.0,115.0,61.0,52.0,20.0,3.0,0.0
2505279,442.0,473.0,558.0,571.0,421.0,365.0,411.0,338.0,291.0,225.0,208.0,193.0,202.0,130.0,145.0,120.0,71.0,22.0,18.0,6.0,0.0
2505303,193.0,221.0,257.0,270.0,248.0,231.0,170.0,180.0,146.0,144.0,88.0,92.0,97.0,56.0,42.0,12.0,23.0,18.0,18.0,0.0,0.0
2505352,432.0,449.0,582.0,502.0,448.0,368.0,332.0,294.0,260.0,239.0,186.0,194.0,185.0,103.0,107.0,75.0,73.0,40.0,20.0,11.0,0.0
2505402,666.0,786.0,858.0,836.0,628.0,624.0,534.0,497.0,486.0,390.0,325.0,319.0,332.0,235.0,233.0,86.0,82.0,61.0,6.0,8.0,0.0
2505501,271.0,312.0,319.0,344.0,324.0,323.0,281.0,274.0,214.0,176.0,140.0,113.0,92.0,123.0,76.0,53.0,39.0,27.0,8.0,2.0,0.0
2505600,484.0,575.0,684.0,734.0,661.0,546.0,488.0,410.0,388.0,318.0,287.0,270.0,224.0,177.0,145.0,88.0,65.0,38.0,18.0,16.0,0.0
2505709,854.0,988.0,1236.0,1115.0,875.0,754.0,701.0,628.0,552.0,488.0,361.0,405.0,385.0,351.0,333.0,217.0,153.0,65.0,36.0,20.0,0.0
2505808,256.0,328.0,383.0,369.0,292.0,271.0,220.0,209.0,232.0,194.0,137.0,139.0,132.0,158.0,137.0,65.0,42.0,47.0,13.0,11.0,4.0
2505907,305.0,320.0,358.0,288.0,323.0,305.0,275.0,208.0,190.0,138.0,103.0,146.0,87.0,102.0,77.0,42.0,22.0,18.0,2.0,8.0,0.0
2506004,2598.0,2694.0,2985.0,2759.0,2769.0,2626.0,2464.0,1996.0,1941.0,1682.0,1277.0,1189.0,1131.0,848.0,790.0,455.0,441.0,227.0,157.0,47.0,19.0
2506103,967.0,1031.0,1208.0,1261.0,915.0,827.0,677.0,644.0,681.0,546.0,478.0,519.0,507.0,343.0,312.0,196.0,122.0,89.0,59.0,11.0,11.0
2506202,201.0,203.0,242.0,215.0,253.0,243.0,213.0,170.0,178.0,181.0,161.0,124.0,146.0,104.0,92.0,78.0,60.0,45.0,21.0,3.0,0.0
2506251,688.0,734.0,943.0,958.0,720.0,601.0,513.0,489.0,507.0,400.0,368.0,336.0,358.0,213.0,148.0,132.0,103.0,88.0,63.0,4.0,9.0
2506301,4219.0,4388.0,5008.0,5102.0,5114.0,5049.0,4609.0,4090.0,3757.0,3010.0,2425.0,1974.0,1749.0,1480.0,1424.0,914.0,559.0,299.0,122.0,21.0,12.0
2506400,1129.0,1233.0,1412.0,1380.0,1160.0,1130.0,1071.0,956.0,893.0,715.0,577.0,449.0,399.0,503.0,347.0,226.0,182.0,76.0,35.0,0.0,0.0
2506509,224.0,239.0,294.0,276.0,313.0,217.0,216.0,215.0,207.0,213.0,158.0,131.0,145.0,91.0,85.0,35.0,70.0,19.0,10.0,2.0,0.0
2506608,420.0,470.0,579.0,566.0,495.0,465.0,394.0,431.0,341.0,361.0,310.0,257.0,229.0,255.0,175.0,95.0,88.0,59.0,22.0,15.0,4.0
2506707,1108.0,1267.0,1388.0,1145.0,1093.0,862.0,775.0,696.0,609.0,502.0,451.0,351.0,302.0,297.0,199.0,145.0,98.0,38.0,21.0,6.0,0.0
2506806,1399.0,1641.0,1924.0,1887.0,1456.0,1319.0,1300.0,1160.0,1061.0,937.0,761.0,774.0,684.0,533.0,458.0,358.0,278.0,158.0,78.0,14.0,0.0
2506905,1744.0,1912.0,2225.0,2243.0,2126.0,1945.0,1894.0,1800.0,1668.0,1436.0,1217.0,915.0,852.0,822.0,741.0,298.0,304.0,182.0,131.0,26.0,0.0
2507002,1856.0,2012.0,2174.0,2265.0,2249.0,2110.0,1906.0,1670.0,1392.0,1154.0,868.0,898.0,552.0,780.0,550.0,296.0,269.0,133.0,36.0,22.0,0.0
2507101,1458.0,1484.0,1677.0,1667.0,1554.0,1415.0,1334.0,1109.0,992.0,827.0,677.0,625.0,590.0,516.0,414.0,288.0,146.0,133.0,73.0,14.0,5.0
2507200,908.0,921.0,1006.0,1095.0,959.0,828.0,682.0,645.0,562.0,495.0,408.0,456.0,380.0,290.0,247.0,130.0,112.0,55.0,18.0,0.0,3.0
2507309,1128.0,1233.0,1429.0,1457.0,1149.0,1045.0,896.0,899.0,825.0,729.0,571.0,551.0,575.0,423.0,410.0,323.0,136.0,94.0,59.0,10.0,0.0
2507408,536.0,644.0,705.0,739.0,597.0,585.0,544.0,489.0,466.0,471.0,346.0,354.0,298.0,234.0,198.0,133.0,108.0,55.0,27.0,9.0,0.0
2507507,50732.0,52610.0,57175.0,61935.0,70300.0,70786.0,63350.0,54740.0,52372.0,47033.0,37544.0,30431.0,24116.0,16886.0,13479.0,8503.0,6119.0,3717.0,1111.0,412.0,164.0
2507606,623.0,679.0,751.0,746.0,648.0,621.0,541.0,461.0,471.0,397.0,313.0,220.0,241.0,193.0,181.0,160.0,92.0,95.0,17.0,8.0,0.0
2507705,1636.0,1714.0,1689.0,1648.0,1693.0,1484.0,1250.0,988.0,928.0,795.0,633.0,535.0,538.0,374.0,374.0,200.0,134.0,92.0,32.0,40.0,0.0
2507804,564.0,583.0,637.0,641.0,616.0,595.0,489.0,443.0,381.0,355.0,300.0,260.0,226.0,159.0,153.0,92.0,81.0,43.0,13.0,6.0,6.0
2507903,872.0,938.0,959.0,1032.0,929.0,919.0,805.0,610.0,603.0,453.0,326.0,408.0,371.0,311.0,279.0,176.0,123.0,92.0,19.0,13.0,0.0
2508000,701.0,855.0,1050.0,1060.0,921.0,769.0,675.0,623.0,578.0,517.0,441.0,407.0,388.0,269.0,186.0,177.0,123.0,65.0,11.0,11.0,0.0
2508109,302.0,396.0,427.0,449.0,393.0,365.0,367.0,285.0,292.0,253.0,200.0,245.0,180.0,158.0,164.0,87.0,65.0,25.0,17.0,11.0,0.0
2508208,618.0,605.0,753.0,781.0,576.0,486.0,471.0,462.0,464.0,388.0,334.0,280.0,228.0,309.0,216.0,188.0,113.0,65.0,30.0,3.0,0.0
2508307,2159.0,2322.0,2436.0,2440.0,2378.0,2231.0,1952.0,1832.0,1653.0,1406.0,904.0,1067.0,945.0,677.0,535.0,380.0,255.0,195.0,99.0,34.0,0.0
2508406,206.0,221.0,236.0,235.0,269.0,273.0,201.0,181.0,157.0,167.0,148.0,140.0,138.0,94.0,66.0,35.0,38.0,21.0,11.0,4.0,0.0
2508505,650.0,669.0,753.0,660.0,642.0,558.0,509.0,426.0,378.0,374.0,281.0,290.0,302.0,176.0,174.0,153.0,91.0,60.0,11.0,3.0,3.0
2508554,352.0,316.0,375.0,409.0,391.0,313.0,300.0,237.0,223.0,220.0,132.0,133.0,117.0,146.0,80.0,71.0,74.0,32.0,16.0,2.0,3.0
2508604,1057.0,1217.0,1205.0,1146.0,1064.0,1004.0,986.0,857.0,695.0,539.0,549.0,364.0,331.0,255.0,206.0,121.0,71.0,31.0,16.0,15.0,0.0
2508703,331.0,370.0,386.0,351.0,356.0,333.0,288.0,262.0,238.0,212.0,197.0,170.0,154.0,112.0,79.0,58.0,41.0,55.0,20.0,6.0,0.0
2508802,438.0,509.0,534.0,497.0,473.0,414.0,386.0,378.0,324.0,332.0,255.0,236.0,235.0,148.0,173.0,79.0,100.0,63.0,25.0,13.0,0.0
2508901,3754.0,3837.0,4332.0,4262.0,3879.0,3677.0,3213.0,2958.0,2676.0,2205.0,1810.0,1431.0,1249.0,987.0,780.0,553.0,411.0,223.0,30.0,23.0,13.0
2509008,1005.0,1032.0,1096.0,1169.0,1110.0,836.0,727.0,615.0,611.0,524.0,338.0,424.0,372.0,319.0,280.0,104.0,67.0,77.0,53.0,0.0,0.0
2509057,815.0,819.0,820.0,861.0,769.0,626.0,530.0,484.0,417.0,346.0,231.0,245.0,220.0,131.0,124.0,92.0,38.0,35.0,6.0,0.0,0.0
2509107,1625.0,1766.0,2016.0,1946.0,1833.0,1640.0,1631.0,1420.0,1329.0,1123.0,859.0,854.0,776.0,764.0,570.0,424.0,308.0,183.0,78.0,30.0,0.0
2509156,502.0,530.0,539.0,544.0,530.0,488.0,502.0,420.0,388.0,365.0,307.0,254.0,209.0,182.0,197.0,102.0,54.0,29.0,19.0,11.0,0.0
2509206,947.0,1224.0,1333.0,1362.0,1047.0,949.0,888.0,926.0,790.0,626.0,515.0,471.0,483.0,407.0,326.0,260.0,171.0,98.0,73.0,5.0,0.0
2509305,766.0,733.0,868.0,772.0,725.0,650.0,555.0,504.0,407.0,343.0,279.0,203.0,223.0,123.0,103.0,63.0,59.0,20.0,11.0,0.0,0.0
2509339,392.0,383.0,488.0,453.0,377.0,335.0,265.0,278.0,251.0,240.0,180.0,141.0,156.0,104.0,111.0,72.0,54.0,32.0,8.0,0.0,0.0
2509370,206.0,220.0,255.0,282.0,235.0,221.0,183.0,177.0,146.0,192.0,120.0,123.0,73.0,84.0,58.0,43.0,42.0,2.0,19.0,14.0,8.0
2509396,512.0,578.0,650.0,638.0,560.0,485.0,398.0,403.0,339.0,299.0,202.0,179.0,196.0,182.0,125.0,74.0,60.0,39.0,12.0,5.0,3.0
2509404,946.0,1150.0,1350.0,1376.0,1140.0,982.0,897.0,734.0,749.0,608.0,532.0,413.0,438.0,368.0,286.0,199.0,152.0,126.0,31.0,15.0,0.0
2509503,416.0,462.0,477.0,443.0,441.0,409.0,353.0,325.0,312.0,234.0,193.0,203.0,207.0,169.0,138.0,87.0,65.0,25.0,30.0,2.0,0.0
2509602,359.0,408.0,449.0,478.0,421.0,357.0,334.0,299.0,255.0,205.0,167.0,181.0,168.0,137.0,104.0,65.0,63.0,37.0,21.0,0.0,0.0
2509701,2222.0,2490.0,2899.0,2783.0,2592.0,2456.0,2293.0,2093.0,2085.0,1821.0,1313.0,1353.0,1156.0,933.0,798.0,575.0,624.0,245.0,93.0,18.0,10.0
2509800,724.0,854.0,885.0,873.0,867.0,764.0,759.0,631.0,583.0,483.0,348.0,390.0,338.0,300.0,282.0,168.0,87.0,96.0,12.0,23.0,0.0
2509909,893.0,995.0,1184.0,1221.0,915.0,794.0,721.0,622.0,534.0,495.0,434.0,413.0,388.0,235.0,259.0,181.0,117.0,77.0,35.0,33.0,20.0
2510006,546.0,646.0,651.0,633.0,583.0,617.0,581.0,466.0,444.0,383.0,342.0,355.0,304.0,233.0,182.0,143.0,98.0,44.0,18.0,10.0,0.0
2510105,829.0,913.0,1070.0,1027.0,952.0,802.0,736.0,676.0,655.0,552.0,397.0,362.0,396.0,333.0,317.0,252.0,146.0,83.0,30.0,5.0,0.0
2510204,455.0,558.0,676.0,693.0,560.0,461.0,425.0,390.0,324.0,315.0,242.0,282.0,195.0,160.0,119.0,109.0,36.0,42.0,19.0,9.0,0.0
2510303,319.0,349.0,407.0,349.0,395.0,358.0,372.0,271.0,295.0,264.0,160.0,208.0,164.0,146.0,112.0,85.0,50.0,35.0,17.0,4.0,0.0
2510402,509.0,619.0,717.0,722.0,652.0,558.0,474.0,436.0,413.0,363.0,332.0,326.0,233.0,221.0,162.0,77.0,73.0,20.0,21.0,3.0,0.0
2510501,251.0,301.0,338.0,330.0,312.0,304.0,276.0,257.0,245.0,202.0,164.0,116.0,147.0,86.0,123.0,79.0,34.0,48.0,5.0,10.0,0.0
2510600,210.0,234.0,251.0,266.0,255.0,212.0,209.0,175.0,214.0,190.0,156.0,138.0,111.0,86.0,84.0,61.0,37.0,28.0,6.0,5.0,0.0
2510659,89.0,110.0,110.0,115.0,93.0,99.0,79.0,75.0,73.0,86.0,59.0,73.0,52.0,37.0,25.0,29.0,23.0,15.0,13.0,1.0,0.0
2510709,203.0,191.0,189.0,206.0,212.0,190.0,165.0,147.0,115.0,131.0,113.0,86.0,74.0,66.0,60.0,27.0,23.0,19.0,15.0,0.0,0.0
2510808,7748.0,8329.0,9043.0,8895.0,9577.0,9383.0,8549.0,7285.0,6565.0,5946.0,4398.0,3772.0,3173.0,2526.0,2041.0,1335.0,1109.0,744.0,162.0,85.0,9.0
2510907,812.0,909.0,1028.0,1143.0,1049.0,991.0,903.0,839.0,721.0,747.0,588.0,525.0,532.0,219.0,340.0,136.0,176.0,90.0,40.0,0.0,0.0
2511004,290.0,355.0,385.0,383.0,351.0,301.0,270.0,240.0,212.0,188.0,191.0,142.0,109.0,103.0,84.0,42.0,36.0,18.0,21.0,0.0,0.0
2511103,582.0,640.0,673.0,663.0,736.0,626.0,540.0,459.0,432.0,440.0,349.0,267.0,329.0,224.0,191.0,137.0,105.0,55.0,24.0,4.0,0.0
2511202,2244.0,2371.0,2842.0,2655.0,2523.0,2525.0,2245.0,1842.0,1607.0,1311.0,976.0,1035.0,857.0,572.0,450.0,428.0,272.0,189.0,55.0,33.0,0.0
2511301,1097.0,1223.0,1339.0,1458.0,1340.0,1265.0,1221.0,1115.0,978.0,929.0,782.0,632.0,678.0,415.0,347.0,270.0,173.0,119.0,67.0,17.0,0.0
2511400,1374.0,1642.0,1864.0,1653.0,1618.0,1437.0,1279.0,1167.0,1205.0,1005.0,759.0,702.0,678.0,544.0,421.0,303.0,325.0,126.0,92.0,9.0,19.0
2511509,909.0,965.0,1200.0,1097.0,984.0,918.0,927.0,804.0,725.0,504.0,453.0,383.0,351.0,332.0,198.0,199.0,86.0,87.0,55.0,15.0,0.0
2511608,679.0,651.0,767.0,714.0,705.0,576.0,510.0,418.0,382.0,296.0,298.0,206.0,194.0,170.0,135.0,110.0,78.0,42.0,29.0,18.0,0.0
2511707,429.0,468.0,534.0,572.0,456.0,452.0,346.0,280.0,274.0,256.0,233.0,230.0,156.0,152.0,122.0,68.0,59.0,37.0,20.0,11.0,0.0
2511806,881.0,832.0,1056.0,1057.0,929.0,813.0,766.0,641.0,618.0,550.0,456.0,395.0,349.0,301.0,257.0,163.0,145.0,71.0,36.0,9.0,0.0
2511905,1785.0,1709.0,1929.0,1723.0,1450.0,1410.0,1400.0,1323.0,1027.0,835.0,508.0,477.0,492.0,326.0,296.0,162.0,76.0,66.0,30.0,0.0,0.0
2512002,1582.0,1593.0,1626.0,1564.0,1519.0,1363.0,1260.0,1143.0,969.0,854.0,691.0,597.0,607.0,479.0,426.0,331.0,225.0,146.0,36.0,17.0,4.0
2512036,339.0,355.0,390.0,414.0,365.0,316.0,253.0,225.0,227.0,185.0,134.0,129.0,111.0,98.0,68.0,68.0,41.0,18.0,10.0,6.0,0.0
2512077,281.0,324.0,363.0,346.0,305.0,284.0,289.0,274.0,232.0,238.0,205.0,199.0,195.0,126.0,131.0,66.0,71.0,32.0,13.0,5.0,0.0
2512101,2214.0,2427.0,2672.0,2805.0,2872.0,2676.0,2454.0,2247.0,2112.0,1999.0,1384.0,1573.0,1203.0,1114.0,908.0,594.0,444.0,238.0,68.0,105.0,0.0
2512200,338.0,325.0,315.0,341.0,355.0,283.0,276.0,245.0,248.0,226.0,170.0,159.0,149.0,118.0,112.0,74.0,79.0,22.0,15.0,3.0,0.0
2512309,1667.0,1839.0,2070.0,2167.0,2070.0,1802.0,1650.0,1379.0,1242.0,1092.0,1003.0,664.0,701.0,573.0,535.0,344.0,271.0,125.0,77.0,13.0,0.0
2512408,1112.0,1135.0,1260.0,1215.0,1219.0,1071.0,962.0,856.0,752.0,689.0,543.0,465.0,449.0,358.0,274.0,205.0,171.0,98.0,75.0,15.0,0.0
2512507,3196.0,3606.0,4190.0,4180.0,3757.0,3299.0,2925.0,2846.0,2689.0,2172.0,1673.0,1489.0,1470.0,1134.0,917.0,606.0,391.0,359.0,106.0,44.0,0.0
2512606,141.0,133.0,178.0,179.0,153.0,118.0,140.0,139.0,103.0,79.0,73.0,60.0,58.0,53.0,56.0,10.0,19.0,7.0,0.0,0.0,0.0
2512705,1521.0,1615.0,1621.0,1736.0,1584.0,1316.0,1230.0,1086.0,973.0,911.0,661.0,714.0,719.0,501.0,576.0,315.0,261.0,151.0,52.0,34.0,4.0
2512721,486.0,535.0,619.0,539.0,469.0,446.0,377.0,359.0,345.0,269.0,216.0,211.0,204.0,236.0,171.0,139.0,89.0,35.0,17.0,0.0,3.0
2512747,265.0,298.0,354.0,345.0,290.0,285.0,251.0,203.0,165.0,143.0,129.0,110.0,128.0,75.0,75.0,67.0,34.0,26.0,12.0,11.0,0.0
2512754,326.0,410.0,424.0,435.0,358.0,334.0,287.0,294.0,247.0,229.0,149.0,180.0,166.0,137.0,125.0,61.0,57.0,28.0,10.0,7.0,0.0
2512762,314.0,431.0,395.0,372.0,363.0,364.0,342.0,276.0,239.0,197.0,175.0,167.0,143.0,145.0,102.0,47.0,48.0,26.0,12.0,0.0,7.0
2512788,156.0,150.0,182.0,173.0,153.0,151.0,123.0,123.0,94.0,98.0,64.0,68.0,47.0,44.0,35.0,21.0,20.0,10.0,5.0,4.0,0.0
2512804,626.0,686.0,733.0,860.0,806.0,737.0,610.0,565.0,501.0,487.0,377.0,372.0,283.0,210.0,221.0,76.0,87.0,57.0,17.0,3.0,0.0
2512903,1779.0,1877.0,2131.0,2224.0,2055.0,1946.0,1723.0,1614.0,1411.0,1351.0,1095.0,916.0,792.0,603.0,490.0,378.0,305.0,153.0,95.0,37.0,0.0
2513000,310.0,344.0,369.0,323.0,304.0,288.0,268.0,223.0,198.0,161.0,167.0,106.0,125.0,82.0,82.0,64.0,50.0,33.0,10.0,0.0,0.0
2513109,918.0,1028.0,1167.0,1196.0,926.0,823.0,790.0,703.0,695.0,619.0,633.0,512.0,513.0,405.0,399.0,254.0,164.0,150.0,52.0,15.0,14.0
2513158,560.0,634.0,806.0,747.0,563.0,465.0,465.0,390.0,353.0,317.0,251.0,260.0,229.0,197.0,144.0,98.0,86.0,54.0,29.0,6.0,3.0
2513208,453.0,427.0,487.0,498.0,487.0,504.0,466.0,436.0,376.0,432.0,344.0,357.0,311.0,252.0,246.0,157.0,100.0,92.0,37.0,3.0,6.0
2513307,350.0,412.0,487.0,488.0,412.0,391.0,348.0,347.0,337.0,313.0,260.0,309.0,239.0,227.0,179.0,115.0,77.0,60.0,9.0,10.0,0.0
2513356,284.0,331.0,347.0,395.0,370.0,274.0,261.0,236.0,212.0,175.0,190.0,90.0,98.0,108.0,69.0,46.0,19.0,24.0,9.0,0.0,0.0
2513406,1074.0,1236.0,1267.0,1319.0,1237.0,1232.0,1148.0,994.0,956.0,834.0,687.0,610.0,513.0,520.0,401.0,285.0,215.0,103.0,60.0,28.0,0.0
2513505,428.0,500.0,545.0,568.0,501.0,435.0,418.0,321.0,288.0,271.0,233.0,216.0,175.0,180.0,97.0,65.0,42.0,22.0,11.0,14.0,0.0
2513604,518.0,560.0,706.0,732.0,618.0,528.0,491.0,455.0,438.0,428.0,361.0,371.0,292.0,261.0,191.0,135.0,108.0,64.0,3.0,6.0,0.0
2513653,184.0,215.0,231.0,248.0,235.0,223.0,195.0,159.0,145.0,164.0,137.0,127.0,87.0,89.0,82.0,39.0,27.0,14.0,14.0,0.0,0.0
2513703,9766.0,10479.0,11889.0,11102.0,10839.0,10753.0,10451.0,9039.0,8159.0,6571.0,5255.0,4323.0,3628.0,2717.0,2206.0,1356.0,917.0,547.0,236.0,32.0,45.0
2513802,313.0,404.0,480.0,412.0,354.0,333.0,346.0,334.0,326.0,263.0,193.0,195.0,214.0,107.0,122.0,81.0,69.0,21.0,6.0,6.0,2.0
2513851,187.0,185.0,201.0,254.0,199.0,203.0,174.0,184.0,182.0,183.0,112.0,152.0,105.0,104.0,68.0,55.0,34.0,39.0,8.0,8.0,0.0
2513901,2423.0,2620.0,2921.0,2945.0,3086.0,2901.0,2805.0,2206.0,1992.0,1772.0,1211.0,1079.0,938.0,669.0,539.0,311.0,266.0,94.0,94.0,8.0,0.0
2513927,312.0,355.0,344.0,379.0,347.0,346.0,308.0,251.0,239.0,231.0,164.0,216.0,167.0,138.0,113.0,92.0,71.0,30.0,27.0,8.0,0.0
2513943,169.0,202.0,218.0,238.0,182.0,194.0,166.0,154.0,151.0,152.0,107.0,91.0,108.0,75.0,69.0,51.0,53.0,24.0,9.0,5.0,2.0
2513968,182.0,225.0,237.0,251.0,232.0,251.0,209.0,180.0,182.0,163.0,123.0,136.0,129.0,115.0,110.0,42.0,43.0,18.0,17.0,10.0,0.0
2513984,208.0,255.0,250.0,273.0,254.0,248.0,240.0,242.0,211.0,208.0,200.0,180.0,153.0,114.0,116.0,77.0,69.0,48.0,14.0,0.0,4.0
2514008,291.0,342.0,374.0,408.0,340.0,315.0,312.0,309.0,282.0,263.0,215.0,191.0,190.0,143.0,122.0,103.0,65.0,47.0,20.0,9.0,3.0
2514107,379.0,411.0,482.0,380.0,337.0,291.0,291.0,266.0,310.0,220.0,238.0,172.0,161.0,159.0,107.0,75.0,50.0,43.0,16.0,9.0,0.0
2514206,585.0,647.0,619.0,674.0,635.0,573.0,544.0,484.0,435.0,447.0,359.0,417.0,299.0,251.0,265.0,155.0,75.0,54.0,34.0,12.0,0.0
2514305,538.0,601.0,699.0,696.0,624.0,464.0,479.0,332.0,307.0,242.0,208.0,255.0,195.0,141.0,111.0,25.0,46.0,14.0,24.0,6.0,3.0
2514404,389.0,407.0,419.0,456.0,412.0,400.0,336.0,288.0,249.0,282.0,231.0,202.0,205.0,176.0,112.0,72.0,62.0,41.0,17.0,3.0,0.0
2514453,456.0,486.0,612.0,569.0,478.0,445.0,424.0,352.0,336.0,251.0,213.0,203.0,190.0,118.0,155.0,89.0,63.0,50.0,9.0,3.0,6.0
2514503,1360.0,1605.0,1913.0,1762.0,1673.0,1613.0,1426.0,1299.0,1194.0,1001.0,759.0,718.0,729.0,588.0,629.0,365.0,238.0,142.0,76.0,5.0,0.0
2514552,294.0,378.0,449.0,498.0,358.0,321.0,314.0,256.0,239.0,200.0,177.0,161.0,186.0,134.0,114.0,70.0,36.0,17.0,7.0,9.0,0.0
2514602,271.0,307.0,293.0,318.0,276.0,263.0,244.0,246.0,196.0,166.0,162.0,119.0,105.0,99.0,69.0,51.0,29.0,14.0,3.0,3.0,0.0
2514651,130.0,156.0,170.0,142.0,166.0,143.0,141.0,117.0,97.0,92.0,70.0,63.0,61.0,44.0,48.0,17.0,16.0,5.0,4.0,0.0,2.0
2514701,287.0,312.0,366.0,358.0,363.0,329.0,321.0,284.0,251.0,245.0,216.0,152.0,165.0,115.0,105.0,56.0,58.0,24.0,0.0,3.0,0.0
2514800,293.0,365.0,366.0,323.0,291.0,307.0,253.0,262.0,244.0,233.0,207.0,182.0,146.0,154.0,142.0,67.0,66.0,51.0,27.0,6.0,0.0
2514909,554.0,647.0,621.0,545.0,633.0,598.0,542.0,515.0,509.0,479.0,427.0,352.0,375.0,283.0,219.0,127.0,181.0,99.0,27.0,6.0,9.0
2515005,584.0,662.0,710.0,672.0,626.0,568.0,518.0,392.0,411.0,306.0,286.0,212.0,184.0,177.0,179.0,72.0,60.0,32.0,28.0,8.0,10.0
2515104,888.0,1020.0,1056.0,1040.0,893.0,924.0,784.0,741.0,727.0,576.0,532.0,358.0,518.0,250.0,293.0,200.0,111.0,61.0,60.0,10.0,0.0
2515203,257.0,272.0,307.0,293.0,292.0,240.0,207.0,208.0,209.0,189.0,144.0,136.0,101.0,132.0,94.0,86.0,26.0,32.0,10.0,0.0,0.0
2515302,3788.0,4448.0,4876.0,4865.0,4403.0,4263.0,3952.0,3306.0,3180.0,2630.0,2269.0,1890.0,1880.0,1311.0,1019.0,1042.0,544.0,270.0,132.0,54.0,21.0
2515401,884.0,1037.0,1139.0,1158.0,1074.0,832.0,741.0,599.0,532.0,461.0,365.0,331.0,323.0,232.0,238.0,71.0,117.0,51.0,19.0,26.0,0.0
2515500,931.0,1022.0,1062.0,1098.0,1045.0,994.0,869.0,822.0,828.0,828.0,630.0,584.0,513.0,465.0,439.0,363.0,263.0,130.0,41.0,34.0,12.0
2515609,257.0,289.0,329.0,307.0,281.0,254.0,214.0,226.0,171.0,155.0,133.0,128.0,113.0,97.0,95.0,53.0,61.0,25.0,14.0,2.0,0.0
2515708,242.0,236.0,306.0,341.0,293.0,248.0,191.0,171.0,163.0,177.0,121.0,121.0,98.0,87.0,63.0,49.0,26.0,15.0,12.0,16.0,0.0
2515807,494.0,563.0,731.0,696.0,578.0,505.0,429.0,480.0,430.0,392.0,338.0,290.0,233.0,227.0,222.0,178.0,143.0,71.0,30.0,17.0,4.0
2515906,523.0,597.0,690.0,650.0,495.0,393.0,394.0,375.0,344.0,304.0,336.0,211.0,208.0,244.0,189.0,114.0,85.0,56.0,26.0,3.0,0.0
2515930,317.0,415.0,421.0,398.0,341.0,336.0,306.0,313.0,267.0,211.0,170.0,157.0,172.0,189.0,146.0,98.0,58.0,54.0,20.0,3.0,4.0
2515971,564.0,617.0,697.0,794.0,700.0,582.0,555.0,530.0,493.0,377.0,300.0,249.0,256.0,204.0,178.0,124.0,60.0,37.0,50.0,3.0,2.0
2516003,2186.0,2394.0,2601.0,2455.0,2233.0,2079.0,1930.0,1637.0,1551.0,1474.0,1146.0,1138.0,1054.0,848.0,790.0,441.0,404.0,207.0,52.0,64.0,10.0
2516102,1137.0,1234.0,1288.0,1197.0,1270.0,1121.0,1127.0,917.0,817.0,736.0,608.0,518.0,490.0,416.0,334.0,243.0,130.0,95.0,56.0,5.0,0.0
2516151,290.0,301.0,339.0,313.0,275.0,237.0,227.0,206.0,196.0,154.0,130.0,127.0,104.0,83.0,57.0,46.0,39.0,25.0,15.0,3.0,2.0
2516201,4919.0,5281.0,5464.0,5481.0,5773.0,6068.0,5659.0,4818.0,4380.0,3930.0,3161.0,2474.0,2479.0,1770.0,1718.0,902.0,790.0,561.0,143.0,32.0,0.0
2516300,1068.0,1237.0,1373.0,1411.0,1390.0,1323.0,1215.0,1108.0,1077.0,960.0,783.0,614.0,713.0,484.0,461.0,319.0,227.0,210.0,60.0,22.0,5.0
2516409,760.0,769.0,976.0,985.0,977.0,899.0,878.0,689.0,647.0,536.0,418.0,306.0,319.0,376.0,287.0,145.0,149.0,117.0,22.0,0.0,6.0
2516508,1193.0,1342.0,1467.0,1478.0,1353.0,1175.0,1034.0,874.0,877.0,767.0,589.0,652.0,544.0,483.0,374.0,322.0,232.0,114.0,55.0,11.0,0.0
2516607,1141.0,1388.0,1431.0,1539.0,1331.0,1077.0,1005.0,863.0,800.0,733.0,554.0,528.0,491.0,403.0,316.0,227.0,154.0,71.0,36.0,10.0,5.0
2516706,1307.0,1383.0,1412.0,1370.0,1426.0,1199.0,1038.0,891.0,826.0,650.0,612.0,511.0,492.0,304.0,326.0,191.0,118.0,31.0,50.0,17.0,0.0
2516755,224.0,261.0,281.0,317.0,288.0,253.0,213.0,175.0,152.0,131.0,126.0,90.0,87.0,74.0,46.0,29.0,23.0,19.0,25.0,0.0,0.0
2516805,676.0,757.0,917.0,990.0,832.0,714.0,571.0,587.0,492.0,474.0,488.0,399.0,370.0,296.0,241.0,179.0,119.0,68.0,33.0,17.0,0.0
2516904,1035.0,1062.0,1248.0,1298.0,1383.0,1150.0,1054.0,871.0,896.0,878.0,716.0,718.0,599.0,549.0,522.0,255.0,178.0,133.0,22.0,10.0,6.0
2517001,733.0,809.0,976.0,1053.0,839.0,693.0,564.0,529.0,554.0,456.0,437.0,310.0,347.0,320.0,249.0,142.0,141.0,95.0,28.0,23.0,0.0
2517100,154.0,202.0,195.0,190.0,241.0,197.0,179.0,174.0,157.0,159.0,89.0,139.0,142.0,72.0,89.0,70.0,23.0,18.0,7.0,7.0,0.0
2517209,347.0,384.0,398.0,472.0,399.0,362.0,398.0,312.0,303.0,279.0,265.0,258.0,239.0,221.0,201.0,69.0,57.0,46.0,16.0,20.0,0.0
2517407,178.0,196.0,175.0,173.0,176.0,173.0,149.0,141.0,129.0,122.0,108.0,71.0,83.0,61.0,44.0,37.0,39.0,15.0,5.0,0.0,0.0
2600054,6646.0,7506.0,8397.0,7929.0,8269.0,8694.0,8234.0,7597.0,6917.0,6075.0,5143.0,4011.0,3189.0,2089.0,1527.0,1090.0,641.0,272.0,144.0,27.0,31.0
2600104,2779.0,3007.0,3451.0,3337.0,3105.0,2864.0,2705.0,2339.0,2144.0,1947.0,1578.0,1457.0,1342.0,974.0,858.0,385.0,396.0,281.0,104.0,34.0,0.0
2600203,1544.0,1750.0,1906.0,1642.0,1659.0,1453.0,1366.0,1185.0,1030.0,859.0,599.0,666.0,702.0,366.0,308.0,221.0,162.0,118.0,22.0,14.0,14.0
2600302,1661.0,2020.0,2388.0,2218.0,2012.0,1879.0,1707.0,1497.0,1391.0,1158.0,858.0,834.0,724.0,807.0,591.0,424.0,340.0,109.0,38.0,23.0,0.0
2600401,2849.0,3290.0,3835.0,3549.0,3415.0,2950.0,2485.0,2139.0,1915.0,1476.0,1220.0,1128.0,973.0,711.0,509.0,290.0,196.0,113.0,45.0,0.0,8.0
2600500,4018.0,4332.0,4569.0,4005.0,3626.0,3007.0,2791.0,2249.0,2006.0,1842.0,1460.0,1526.0,1191.0,1268.0,879.0,554.0,370.0,258.0,207.0,68.0,10.0
2600609,1145.0,1197.0,1350.0,1251.0,1206.0,1069.0,985.0,890.0,848.0,768.0,623.0,547.0,486.0,440.0,355.0,302.0,146.0,115.0,19.0,17.0,0.0
2600708,2881.0,3375.0,3783.0,3761.0,3401.0,3406.0,2883.0,2448.0,2308.0,1973.0,1772.0,1449.0,1248.0,1007.0,697.0,436.0,268.0,209.0,94.0,8.0,8.0
2600807,1442.0,1879.0,2216.0,2064.0,1929.0,1704.0,1525.0,1418.0,1459.0,1200.0,1120.0,907.0,795.0,832.0,629.0,533.0,408.0,189.0,77.0,17.0,8.0
2600906,1847.0,2115.0,2319.0,2232.0,2148.0,1935.0,1737.0,1527.0,1268.0,1043.0,945.0,765.0,667.0,466.0,326.0,290.0,131.0,121.0,33.0,13.0,12.0
2601003,863.0,1037.0,1073.0,966.0,845.0,798.0,757.0,637.0,521.0,492.0,451.0,360.0,418.0,306.0,297.0,184.0,107.0,44.0,33.0,15.0,0.0
2601052,1554.0,1734.0,1939.0,1891.0,1798.0,1681.0,1423.0,1271.0,1161.0,908.0,675.0,617.0,417.0,417.0,314.0,127.0,101.0,86.0,22.0,6.0,12.0
2601102,7383.0,7887.0,8995.0,7387.0,7604.0,6319.0,5660.0,4960.0,4567.0,3738.0,2824.0,2380.0,2279.0,1868.0,1537.0,660.0,721.0,305.0,169.0,59.0,0.0
2601201,5699.0,6345.0,6661.0,6275.0,6371.0,5870.0,5296.0,4597.0,4366.0,3849.0,3042.0,2535.0,2414.0,1725.0,1688.0,885.0,651.0,413.0,71.0,41.0,0.0
2601300,1093.0,1272.0,1376.0,1357.0,1219.0,1134.0,1021.0,817.0,689.0,612.0,483.0,460.0,329.0,283.0,228.0,147.0,116.0,69.0,50.0,20.0,0.0
2601409,3548.0,3934.0,4373.0,4228.0,3817.0,3601.0,3196.0,2680.0,2413.0,2148.0,1560.0,1459.0,1114.0,954.0,827.0,393.0,314.0,114.0,41.0,10.0,9.0
2601508,934.0,1234.0,1429.0,1276.0,866.0,801.0,782.0,728.0,706.0,465.0,448.0,331.0,310.0,297.0,261.0,183.0,174.0,66.0,41.0,15.0,6.0
2601607,1939.0,2039.0,2332.0,1958.0,1935.0,1711.0,1480.0,1299.0,1173.0,1009.0,730.0,685.0,512.0,506.0,362.0,180.0,141.0,157.0,83.0,22.0,0.0
2601706,5494.0,6167.0,7319.0,7173.0,6602.0,6168.0,5422.0,4991.0,4628.0,3930.0,3007.0,2780.0,2452.0,1996.0,1684.0,1226.0,778.0,419.0,146.0,32.0,18.0
2601805,1066.0,1199.0,1249.0,1106.0,1091.0,997.0,911.0,702.0,688.0,546.0,462.0,488.0,442.0,383.0,233.0,165.0,153.0,83.0,34.0,0.0,5.0
2601904,3887.0,4505.0,5410.0,5191.0,4977.0,5021.0,4707.0,4278.0,3698.0,3269.0,2672.0,2501.0,2396.0,1894.0,1753.0,1090.0,898.0,358.0,113.0,51.0,0.0
2602001,3381.0,3570.0,4179.0,3570.0,3431.0,2870.0,2495.0,2052.0,1913.0,1607.0,1255.0,1312.0,1049.0,855.0,594.0,468.0,297.0,202.0,48.0,10.0,0.0
2602100,4061.0,4498.0,5120.0,4419.0,3984.0,3568.0,3291.0,2767.0,2464.0,2246.0,1766.0,1738.0,1485.0,1507.0,1043.0,723.0,346.0,251.0,141.0,65.0,20.0
2602209,2621.0,3135.0,4017.0,3878.0,3187.0,3113.0,2742.0,2596.0,2306.0,1943.0,1753.0,1514.0,1484.0,1053.0,1042.0,569.0,429.0,268.0,139.0,23.0,14.0
2602308,3112.0,3626.0,4195.0,3855.0,3263.0,2843.0,2727.0,2505.0,2252.0,1782.0,1701.0,1323.0,1192.0,992.0,852.0,632.0,341.0,266.0,80.0,14.0,14.0
2602407,751.0,792.0,1027.0,918.0,763.0,728.0,623.0,593.0,490.0,426.0,355.0,329.0,268.0,263.0,173.0,135.0,86.0,101.0,17.0,6.0,0.0
2602506,572.0,649.0,708.0,725.0,712.0,584.0,541.0,442.0,480.0,384.0,311.0,235.0,262.0,242.0,211.0,105.0,66.0,46.0,22.0,6.0,3.0
2602605,4133.0,4288.0,4901.0,4748.0,4592.0,3925.0,3354.0,2932.0,2568.0,2170.0,1564.0,1506.0,1360.0,1030.0,771.0,551.0,396.0,221.0,139.0,21.0,10.0
2602704,999.0,1128.0,1192.0,1134.0,1185.0,1161.0,1001.0,799.0,767.0,691.0,568.0,535.0,450.0,336.0,244.0,164.0,81.0,66.0,30.0,0.0,6.0
2602803,5382.0,5997.0,6534.0,5663.0,4376.0,3818.0,3411.0,2941.0,2761.0,2433.0,1780.0,1784.0,1550.0,1330.0,995.0,627.0,338.0,243.0,120.0,21.0,0.0
2602902,14033.0,15282.0,17329.0,17067.0,17730.0,18201.0,17198.0,14728.0,12465.0,10416.0,8428.0,7040.0,5480.0,3505.0,2741.0,1463.0,1083.0,526.0,191.0,94.0,26.0
2603009,2973.0,3149.0,3339.0,3112.0,2908.0,2728.0,2453.0,2027.0,1812.0,1541.0,1134.0,974.0,776.0,660.0,454.0,406.0,208.0,118.0,40.0,62.0,0.0
2603108,1359.0,1666.0,1744.0,1766.0,1712.0,1632.0,1322.0,1251.0,1189.0,1115.0,764.0,692.0,578.0,624.0,553.0,365.0,276.0,143.0,50.0,11.0,6.0
2603207,2413.0,2635.0,3028.0,2847.0,2576.0,2230.0,1742.0,1472.0,1365.0,1232.0,932.0,984.0,894.0,700.0,733.0,368.0,198.0,138.0,72.0,11.0,7.0
2603306,1001.0,1026.0,1218.0,1124.0,955.0,899.0,809.0,674.0,642.0,555.0,467.0,393.0,404.0,266.0,353.0,122.0,145.0,49.0,18.0,0.0,5.0
2603405,439.0,550.0,542.0,573.0,489.0,442.0,386.0,384.0,363.0,271.0,211.0,247.0,205.0,184.0,165.0,83.0,62.0,34.0,14.0,5.0,0.0
2603454,9784.0,11199.0,12450.0,12415.0,12913.0,13290.0,13416.0,12319.0,10678.0,8850.0,7278.0,5914.0,4457.0,3682.0,2613.0,1509.0,948.0,459.0,187.0,46.0,58.0
2603504,1244.0,1514.0,1742.0,1707.0,1465.0,1397.0,1282.0,1142.0,1116.0,913.0,677.0,735.0,568.0,497.0,415.0,262.0,225.0,146.0,37.0,5.0,15.0
2603603,622.0,704.0,856.0,795.0,669.0,675.0,585.0,562.0,575.0,442.0,319.0,328.0,264.0,235.0,213.0,167.0,91.0,46.0,7.0,0.0,0.0
2603702,1993.0,2245.0,2590.0,2416.0,2177.0,2102.0,1856.0,1574.0,1392.0,1153.0,1015.0,936.0,858.0,732.0,548.0,411.0,295.0,207.0,11.0,11.0,0.0
2603801,1661.0,1785.0,2231.0,2064.0,1844.0,1530.0,1307.0,1157.0,1064.0,1013.0,859.0,690.0,645.0,595.0,464.0,294.0,212.0,125.0,40.0,14.0,0.0
2603900,1525.0,1666.0,1903.0,1931.0,1618.0,1366.0,1352.0,1194.0,1152.0,1006.0,754.0,800.0,646.0,539.0,447.0,237.0,240.0,177.0,22.0,0.0,0.0
2603926,1310.0,1377.0,1478.0,1322.0,1178.0,905.0,798.0,613.0,548.0,421.0,370.0,352.0,372.0,192.0,186.0,144.0,136.0,64.0,0.0,10.0,7.0
2604007,5467.0,5977.0,6825.0,6661.0,6668.0,6718.0,6648.0,5705.0,5128.0,4611.0,3625.0,3215.0,2133.0,2074.0,1495.0,826.0,553.0,296.0,197.0,20.0,17.0
2604106,23928.0,25776.0,28041.0,28989.0,31443.0,29413.0,26700.0,23824.0,21622.0,18360.0,13675.0,11184.0,9855.0,7133.0,6175.0,3713.0,2552.0,1578.0,751.0,149.0,51.0
2604155,1052.0,1303.0,1440.0,1526.0,1315.0,1149.0,920.0,761.0,741.0,686.0,558.0,521.0,529.0,271.0,379.0,236.0,188.0,109.0,42.0,24.0,17.0
2604205,3297.0,3659.0,4155.0,3829.0,3576.0,3042.0,2647.0,2509.0,2290.0,1909.0,1644.0,1373.0,1228.0,821.0,713.0,506.0,369.0,97.0,78.0,54.0,24.0
2604304,931.0,1018.0,1176.0,1185.0,1186.0,865.0,769.0,622.0,603.0,571.0,384.0,347.0,343.0,266.0,240.0,137.0,56.0,64.0,15.0,0.0,0.0
2604403,975.0,1136.0,1267.0,1284.0,1233.0,1130.0,1006.0,823.0,729.0,591.0,567.0,417.0,436.0,269.0,209.0,197.0,72.0,48.0,6.0,9.0,0.0
2604502,1518.0,1762.0,2076.0,1900.0,1845.0,1790.0,1723.0,1430.0,1115.0,985.0,851.0,820.0,653.0,575.0,492.0,255.0,194.0,90.0,44.0,19.0,0.0
2604601,1995.0,2220.0,2586.0,2347.0,2029.0,2020.0,1913.0,1678.0,1510.0,1286.0,1164.0,849.0,847.0,593.0,501.0,398.0,223.0,88.0,17.0,18.0,0.0
2604700,1503.0,1600.0,1790.0,1810.0,1688.0,1482.0,1256.0,1023.0,926.0,813.0,809.0,682.0,633.0,408.0,291.0,343.0,224.0,81.0,32.0,24.0,0.0
2604809,1054.0,1291.0,1396.0,1359.0,1210.0,1113.0,967.0,828.0,722.0,629.0,513.0,393.0,343.0,224.0,199.0,113.0,55.0,29.0,9.0,5.0,0.0
2604908,1206.0,1344.0,1657.0,1586.0,1612.0,1475.0,1304.0,1055.0,1033.0,921.0,825.0,734.0,635.0,567.0,495.0,228.0,256.0,157.0,61.0,32.0,0.0
2605004,1688.0,2033.0,2381.0,2403.0,2096.0,1931.0,1771.0,1577.0,1267.0,1151.0,1009.0,945.0,834.0,755.0,653.0,380.0,325.0,135.0,45.0,0.0,12.0
2605103,2694.0,2861.0,3230.0,3188.0,3166.0,2777.0,2511.0,2212.0,2181.0,1873.0,1468.0,1397.0,1286.0,877.0,844.0,398.0,452.0,302.0,60.0,51.0,27.0
2605152,1539.0,1585.0,1803.0,1660.0,1596.0,1406.0,1289.0,1169.0,999.0,825.0,674.0,619.0,551.0,412.0,300.0,229.0,135.0,88.0,29.0,9.0,0.0
2605202,4978.0,5749.0,6352.0,6198.0,6174.0,5867.0,5252.0,4464.0,4128.0,3547.0,2884.0,2073.0,1785.0,1450.0,1332.0,608.0,384.0,207.0,63.0,14.0,9.0
2605301,2965.0,3119.0,3496.0,3228.0,3028.0,2448.0,2147.0,1877.0,1817.0,1520.0,1302.0,1031.0,1069.0,809.0,612.0,426.0,394.0,223.0,80.0,46.0,0.0
2605400,1521.0,1863.0,2085.0,1973.0,1819.0,1691.0,1609.0,1353.0,1218.0,1115.0,789.0,985.0,778.0,497.0,483.0,363.0,263.0,122.0,27.0,18.0,0.0
2605459,213.0,171.0,165.0,177.0,237.0,331.0,272.0,268.0,252.0,232.0,135.0,93.0,45.0,9.0,9.0,11.0,10.0,1.0,0.0,0.0,0.0
2605509,831.0,1030.0,1057.0,1034.0,996.0,1088.0,921.0,730.0,664.0,613.0,503.0,482.0,404.0,360.0,305.0,202.0,104.0,47.0,54.0,5.0,0.0
2605608,1707.0,2068.0,2060.0,2073.0,1945.0,1688.0,1528.0,1350.0,1349.0,1238.0,982.0,930.0,923.0,689.0,601.0,525.0,204.0,195.0,86.0,18.0,11.0
2605707,2931.0,2871.0,3137.0,3066.0,2918.0,2552.0,2221.0,1878.0,1618.0,1351.0,956.0,969.0,859.0,655.0,475.0,355.0,237.0,149.0,58.0,28.0,0.0
2605806,992.0,1105.0,1204.0,1251.0,1234.0,1152.0,1053.0,858.0,844.0,779.0,643.0,646.0,687.0,512.0,451.0,335.0,256.0,151.0,63.0,54.0,23.0
2605905,2222.0,2936.0,3270.0,3096.0,2601.0,2576.0,2132.0,1937.0,1643.0,1302.0,1079.0,794.0,777.0,611.0,363.0,303.0,145.0,67.0,58.0,0.0,0.0
2606002,10835.0,11155.0,12510.0,11977.0,12279.0,11569.0,10585.0,8846.0,7992.0,7000.0,5386.0,5393.0,4227.0,3283.0,2509.0,1873.0,921.0,596.0,284.0,138.0,49.0
2606101,2230.0,2611.0,3005.0,2997.0,2746.0,2540.0,2176.0,1954.0,1654.0,1452.0,1217.0,1084.0,1014.0,760.0,630.0,300.0,269.0,226.0,132.0,22.0,0.0
2606200,5935.0,6576.0,7010.0,7190.0,6790.0,6785.0,6348.0,5701.0,5097.0,4319.0,3457.0,2911.0,2382.0,1695.0,1362.0,960.0,741.0,279.0,66.0,9.0,31.0
2606309,568.0,739.0,758.0,667.0,689.0,481.0,506.0,426.0,398.0,328.0,296.0,177.0,207.0,210.0,180.0,101.0,46.0,41.0,25.0,9.0,3.0
2606408,5428.0,6313.0,7198.0,7236.0,6772.0,6728.0,6216.0,5670.0,5015.0,4274.0,3444.0,3050.0,2693.0,1973.0,1929.0,1161.0,727.0,382.0,177.0,72.0,0.0
2606507,1758.0,1980.0,2124.0,1877.0,1644.0,1436.0,1315.0,1023.0,938.0,850.0,711.0,660.0,589.0,512.0,361.0,280.0,147.0,57.0,89.0,10.0,0.0
2606606,2497.0,2829.0,2977.0,3076.0,2702.0,2144.0,1761.0,1485.0,1494.0,1290.0,1120.0,864.0,861.0,613.0,436.0,387.0,175.0,153.0,90.0,0.0,0.0
2606705,587.0,704.0,780.0,701.0,642.0,577.0,500.0,442.0,418.0,393.0,343.0,251.0,335.0,234.0,237.0,139.0,123.0,75.0,42.0,11.0,0.0
2606804,7478.0,8708.0,9527.0,9426.0,9265.0,9010.0,9078.0,8378.0,7337.0,6010.0,4808.0,3820.0,2694.0,2395.0,1676.0,1049.0,726.0,430.0,134.0,62.0,11.0
2606903,939.0,951.0,1142.0,1042.0,1066.0,882.0,786.0,732.0,741.0,708.0,578.0,525.0,439.0,406.0,324.0,177.0,165.0,120.0,34.0,16.0,6.0
2607000,2160.0,2260.0,2172.0,2109.0,2069.0,1617.0,1239.0,1022.0,964.0,833.0,710.0,439.0,504.0,333.0,275.0,160.0,117.0,68.0,29.0,0.0,0.0
2607109,314.0,412.0,455.0,442.0,404.0,317.0,329.0,273.0,305.0,241.0,250.0,163.0,179.0,136.0,118.0,81.0,33.0,17.0,16.0,10.0,0.0
2607208,7506.0,7900.0,8326.0,8423.0,8168.0,8120.0,6986.0,5772.0,4942.0,3856.0,3045.0,2311.0,1970.0,1132.0,967.0,561.0,430.0,177.0,33.0,12.0,0.0
2607307,2916.0,3175.0,3425.0,2753.0,2773.0,2230.0,1995.0,1676.0,1492.0,1209.0,964.0,792.0,787.0,590.0,676.0,363.0,157.0,83.0,29.0,34.0,0.0
2607406,436.0,464.0,451.0,376.0,467.0,393.0,348.0,261.0,241.0,239.0,171.0,126.0,124.0,85.0,74.0,66.0,34.0,9.0,0.0,4.0,0.0
2607505,2319.0,2732.0,3050.0,2730.0,2405.0,1934.0,1742.0,1552.0,1465.0,1230.0,960.0,1108.0,808.0,791.0,555.0,337.0,268.0,181.0,66.0,22.0,0.0
2607604,1529.0,1656.0,1867.0,1766.0,2393.0,2397.0,2247.0,1789.0,1539.0,1248.0,1065.0,719.0,562.0,448.0,291.0,183.0,90.0,53.0,27.0,11.0,4.0
2607653,2947.0,3177.0,3722.0,3517.0,3363.0,3205.0,2848.0,2253.0,2078.0,1733.0,1586.0,1180.0,944.0,1032.0,787.0,480.0,296.0,113.0,108.0,20.0,9.0
2607703,966.0,1080.0,1208.0,1223.0,1282.0,1128.0,946.0,845.0,854.0,757.0,780.0,577.0,571.0,518.0,450.0,209.0,277.0,169.0,27.0,15.0,0.0
2607752,1906.0,2243.0,2326.0,2244.0,2452.0,2297.0,2076.0,1732.0,1506.0,1219.0,952.0,847.0,634.0,503.0,400.0,252.0,84.0,64.0,21.0,10.0,0.0
2607802,1385.0,1515.0,1575.0,1540.0,1499.0,1436.0,1263.0,1010.0,979.0,821.0,643.0,570.0,513.0,317.0,268.0,154.0,142.0,40.0,15.0,0.0,6.0
2607901,46472.0,50693.0,56670.0,55576.0,58513.0,59222.0,57243.0,52640.0,47315.0,41275.0,34637.0,26080.0,19533.0,14880.0,10189.0,6750.0,4043.0,1921.0,751.0,158.0,59.0
2607950,1079.0,1207.0,1385.0,1312.0,1107.0,997.0,785.0,684.0,659.0,542.0,361.0,399.0,300.0,281.0,201.0,140.0,53.0,0.0,8.0,0.0,0.0
2608008,1336.0,1606.0,1784.0,1680.0,1415.0,1199.0,972.0,902.0,938.0,813.0,705.0,529.0,551.0,472.0,348.0,181.0,196.0,139.0,45.0,9.0,0.0
2608057,1138.0,1290.0,1416.0,1300.0,1341.0,1178.0,1082.0,893.0,806.0,810.0,624.0,606.0,415.0,400.0,285.0,165.0,78.0,75.0,50.0,11.0,0.0
2608107,2230.0,2630.0,3165.0,3039.0,2668.0,2640.0,2346.0,2012.0,1706.0,1566.0,1134.0,1430.0,1195.0,869.0,734.0,502.0,458.0,262.0,87.0,49.0,21.0
2608206,1425.0,1644.0,1787.0,1614.0,1575.0,1369.0,1216.0,1041.0,881.0,793.0,558.0,499.0,488.0,279.0,268.0,145.0,96.0,50.0,39.0,6.0,0.0
2608255,981.0,1035.0,1149.0,1011.0,983.0,897.0,773.0,648.0,611.0,474.0,319.0,467.0,387.0,290.0,209.0,147.0,128.0,74.0,11.0,4.0,5.0
2608305,1129.0,1282.0,1423.0,1504.0,1229.0,1110.0,922.0,837.0,816.0,687.0,569.0,506.0,487.0,409.0,330.0,215.0,137.0,69.0,33.0,5.0,6.0
2608404,1300.0,1503.0,1710.0,1472.0,1117.0,1040.0,942.0,826.0,773.0,672.0,651.0,520.0,501.0,490.0,416.0,274.0,184.0,96.0,48.0,5.0,0.0
2608453,1321.0,1369.0,1495.0,1507.0,1409.0,1479.0,1418.0,1177.0,1042.0,834.0,640.0,717.0,528.0,381.0,251.0,194.0,137.0,63.0,40.0,0.0,6.0
2608503,1689.0,1877.0,2276.0,2137.0,1896.0,1876.0,1690.0,1333.0,1157.0,1043.0,836.0,751.0,730.0,367.0,437.0,270.0,97.0,82.0,95.0,20.0,0.0
2608602,1036.0,1212.0,1401.0,1155.0,1007.0,932.0,896.0,768.0,708.0,534.0,502.0,520.0,459.0,373.0,225.0,152.0,127.0,71.0,27.0,21.0,6.0
2608701,1313.0,1507.0,1774.0,1603.0,1364.0,1151.0,1051.0,931.0,817.0,798.0,583.0,654.0,651.0,397.0,379.0,305.0,155.0,106.0,56.0,19.0,0.0
2608750,2216.0,2491.0,2698.0,2283.0,2322.0,1918.0,1697.0,1440.0,1286.0,1086.0,802.0,677.0,541.0,481.0,325.0,202.0,196.0,77.0,0.0,14.0,9.0
2608800,2952.0,3317.0,3592.0,3377.0,3377.0,3209.0,2771.0,2322.0,2086.0,1858.0,1563.0,1412.0,1284.0,1179.0,823.0,597.0,539.0,228.0,106.0,38.0,0.0
2608909,3662.0,4279.0,4978.0,4845.0,5073.0,4908.0,4567.0,4130.0,3774.0,3250.0,2597.0,2406.0,1949.0,1794.0,1186.0,819.0,732.0,266.0,124.0,87.0,13.0
2609006,1795.0,2051.0,2540.0,2623.0,2153.0,1966.0,1740.0,1505.0,1310.0,1139.0,1027.0,1077.0,701.0,705.0,746.0,369.0,239.0,132.0,31.0,67.0,9.0
2609105,1220.0,1311.0,1386.0,1304.0,1349.0,1231.0,1073.0,888.0,725.0,664.0,509.0,465.0,426.0,338.0,314.0,206.0,78.0,71.0,38.0,0.0,0.0
2609154,1939.0,2307.0,2316.0,2087.0,1768.0,1372.0,1139.0,884.0,855.0,628.0,522.0,593.0,470.0,460.0,287.0,213.0,105.0,74.0,54.0,11.0,0.0
2609204,1135.0,1328.0,1657.0,1290.0,1137.0,1012.0,839.0,729.0,640.0,545.0,516.0,376.0,299.0,260.0,178.0,150.0,90.0,33.0,11.0,0.0,6.0
2609303,1314.0,1441.0,1683.0,1460.0,1443.0,1084.0,935.0,869.0,798.0,660.0,565.0,462.0,398.0,376.0,334.0,199.0,150.0,93.0,35.0,8.0,0.0
2609402,3994.0,4818.0,5268.0,5211.0,5369.0,5102.0,4802.0,4319.0,3833.0,3370.0,2772.0,2267.0,1696.0,1417.0,914.0,756.0,499.0,194.0,45.0,22.0,27.0
2609501,2190.0,2366.0,2780.0,2633.0,2696.0,2711.0,2607.0,2263.0,2125.0,1854.0,1555.0,1459.0,1036.0,983.0,671.0,361.0,279.0,134.0,83.0,9.0,0.0
2609600,24821.0,27515.0,30790.0,30921.0,32426.0,33453.0,32221.0,30166.0,28092.0,25215.0,21280.0,16619.0,13883.0,10564.0,8326.0,5195.0,3641.0,1744.0,637.0,193.0,76.0
2609709,1704.0,1943.0,2438.0,2448.0,2063.0,1792.0,1519.0,1395.0,1296.0,1191.0,1092.0,869.0,805.0,659.0,644.0,353.0,379.0,153.0,76.0,35.0,25.0
2609808,1286.0,1344.0,1481.0,1401.0,1282.0,1175.0,1077.0,839.0,776.0,625.0,451.0,354.0,329.0,284.0,207.0,115.0,46.0,77.0,25.0,5.0,0.0
2609907,6245.0,6838.0,7478.0,6298.0,6050.0,5063.0,4635.0,3967.0,3662.0,3026.0,2254.0,2144.0,1912.0,1694.0,1286.0,686.0,559.0,374.0,132.0,56.0,0.0
2610004,4758.0,5671.0,6318.0,5749.0,5736.0,5211.0,4524.0,4150.0,3750.0,3199.0,2410.0,2296.0,1682.0,1508.0,1062.0,741.0,455.0,172.0,105.0,21.0,8.0
2610103,655.0,810.0,938.0,833.0,706.0,580.0,551.0,518.0,468.0,368.0,260.0,373.0,371.0,187.0,255.0,103.0,104.0,36.0,58.0,12.0,3.0
2610202,2205.0,2488.0,3045.0,2715.0,2153.0,1909.0,1654.0,1428.0,1257.0,1202.0,1257.0,761.0,1000.0,825.0,711.0,492.0,296.0,178.0,47.0,23.0,0.0
2610301,979.0,1088.0,1205.0,1056.0,902.0,795.0,795.0,663.0,668.0,557.0,447.0,415.0,335.0,396.0,248.0,246.0,115.0,54.0,21.0,16.0,0.0
2610400,1884.0,1977.0,2101.0,2048.0,1857.0,1675.0,1445.0,1281.0,1141.0,1023.0,795.0,771.0,694.0,525.0,361.0,270.0,145.0,144.0,64.0,23.0,0.0
2610509,2099.0,2344.0,2778.0,2738.0,2616.0,2477.0,2186.0,1863.0,1786.0,1657.0,1330.0,1128.0,998.0,768.0,620.0,562.0,363.0,248.0,7.0,50.0,10.0
2610608,4398.0,4567.0,5242.0,5104.0,4879.0,4564.0,4511.0,3846.0,3370.0,2638.0,2194.0,1717.0,1286.0,1247.0,765.0,426.0,348.0,150.0,94.0,12.0,0.0
2610707,20433.0,22094.0,25231.0,24753.0,26114.0,27101.0,26270.0,24612.0,22231.0,20100.0,17416.0,14423.0,11508.0,6582.0,5144.0,2909.0,2027.0,1047.0,319.0,84.0,67.0
2610806,1895.0,2115.0,2163.0,2055.0,1871.0,1633.0,1516.0,1367.0,1284.0,1075.0,710.0,849.0,694.0,593.0,526.0,348.0,152.0,48.0,17.0,33.0,0.0
2610905,5339.0,5681.0,6182.0,5875.0,5557.0,4909.0,4611.0,4168.0,4067.0,3510.0,2965.0,2344.0,2143.0,1773.0,1455.0,1086.0,736.0,360.0,160.0,0.0,10.0
2611002,3286.0,3219.0,3359.0,3104.0,3263.0,2972.0,2605.0,2112.0,1891.0,1691.0,1244.0,1078.0,1047.0,491.0,375.0,328.0,266.0,114.0,47.0,0.0,0.0
2611101,26521.0,27305.0,29797.0,29004.0,30504.0,28180.0,26406.0,22409.0,18976.0,14997.0,11668.0,7882.0,6859.0,5299.0,3448.0,2057.0,1346.0,817.0,355.0,120.0,13.0
2611200,1000.0,1100.0,1233.0,1054.0,979.0,780.0,738.0,671.0,668.0,654.0,580.0,371.0,451.0,258.0,284.0,207.0,112.0,89.0,9.0,4.0,0.0
2611309,1613.0,2001.0,2377.0,2316.0,2288.0,2136.0,1877.0,1762.0,1477.0,1318.0,1175.0,887.0,782.0,647.0,505.0,403.0,267.0,92.0,103.0,11.0,8.0
2611408,1137.0,1325.0,1423.0,1375.0,1353.0,1218.0,1084.0,933.0,721.0,695.0,514.0,515.0,365.0,272.0,220.0,135.0,78.0,28.0,35.0,14.0,0.0
2611507,2206.0,2485.0,2897.0,2512.0,2190.0,1819.0,1794.0,1198.0,1440.0,1171.0,1082.0,786.0,725.0,580.0,557.0,370.0,133.0,94.0,103.0,42.0,0.0
2611533,534.0,598.0,719.0,805.0,670.0,483.0,439.0,401.0,384.0,328.0,263.0,334.0,232.0,188.0,152.0,90.0,59.0,46.0,8.0,6.0,0.0
2611606,96529.0,104977.0,120099.0,125574.0,139894.0,141152.0,130374.0,119613.0,112393.0,104214.0,89785.0,71059.0,56265.0,41235.0,32269.0,22656.0,16462.0,8620.0,3294.0,832.0,408.0
2611705,1452.0,1559.0,1843.0,1784.0,1753.0,1580.0,1565.0,1319.0,1148.0,1001.0,810.0,746.0,746.0,632.0,529.0,280.0,240.0,97.0,58.0,19.0,0.0
2611804,3564.0,4109.0,4494.0,4403.0,4044.0,4066.0,3613.0,3149.0,2912.0,2292.0,1904.0,1621.0,1294.0,1101.0,825.0,464.0,311.0,148.0,70.0,54.0,0.0
2611903,1868.0,2155.0,2401.0,2440.0,2203.0,1919.0,1767.0,1544.0,1394.0,1169.0,934.0,546.0,586.0,361.0,420.0,184.0,134.0,104.0,23.0,0.0,0.0
2612000,727.0,985.0,1172.0,1025.0,867.0,861.0,972.0,847.0,668.0,557.0,524.0,420.0,520.0,308.0,339.0,204.0,124.0,76.0,40.0,4.0,0.0
2612109,636.0,766.0,812.0,857.0,868.0,970.0,780.0,660.0,537.0,465.0,455.0,364.0,374.0,254.0,214.0,140.0,76.0,45.0,27.0,7.0,5.0
2612208,5081.0,5315.0,5481.0,5182.0,5539.0,5075.0,4800.0,3980.0,3592.0,2899.0,2313.0,1832.0,1652.0,1187.0,946.0,751.0,401.0,335.0,194.0,65.0,9.0
2612307,1311.0,1376.0,1617.0,1488.0,1263.0,1140.0,1081.0,915.0,921.0,789.0,605.0,594.0,552.0,551.0,459.0,249.0,165.0,147.0,66.0,16.0,4.0
2612406,1817.0,2216.0,2539.0,2122.0,1906.0,1707.0,1663.0,1370.0,1290.0,1179.0,1085.0,610.0,708.0,648.0,477.0,259.0,192.0,93.0,57.0,16.0,0.0
2612455,1243.0,1463.0,1546.0,1309.0,1182.0,1032.0,982.0,830.0,771.0,586.0,563.0,389.0,501.0,400.0,296.0,216.0,71.0,141.0,52.0,17.0,4.0
2612471,980.0,1005.0,1160.0,1108.0,1229.0,903.0,915.0,739.0,638.0,609.0,488.0,486.0,450.0,357.0,237.0,160.0,138.0,105.0,42.0,12.0,6.0
2612505,7738.0,7492.0,8237.0,8993.0,10427.0,9565.0,7845.0,6448.0,5359.0,4148.0,3134.0,2465.0,1952.0,1324.0,1019.0,561.0,517.0,194.0,108.0,56.0,0.0
2612554,1242.0,1357.0,1495.0,1333.0,1144.0,1053.0,964.0,832.0,729.0,582.0,522.0,486.0,483.0,373.0,369.0,141.0,119.0,92.0,41.0,14.0,0.0
2612604,4135.0,4304.0,4486.0,4112.0,3894.0,3373.0,3037.0,2468.0,2237.0,1716.0,1334.0,1282.0,942.0,805.0,478.0,408.0,218.0,151.0,15.0,27.0,13.0
2612703,1041.0,1222.0,1458.0,1249.0,1103.0,1071.0,915.0,797.0,717.0,650.0,498.0,508.0,545.0,352.0,375.0,212.0,154.0,92.0,54.0,7.0,0.0
2612802,991.0,1016.0,1108.0,1094.0,1087.0,973.0,756.0,620.0,579.0,596.0,417.0,427.0,373.0,302.0,230.0,187.0,138.0,68.0,10.0,18.0,0.0
2612901,1061.0,1225.0,1479.0,1361.0,1458.0,1306.0,1134.0,961.0,778.0,646.0,559.0,516.0,474.0,353.0,263.0,146.0,111.0,54.0,39.0,16.0,0.0
2613008,4706.0,5474.0,5889.0,5376.0,4796.0,4384.0,3768.0,3182.0,2990.0,2464.0,2345.0,1993.0,1664.0,1458.0,1119.0,713.0,492.0,276.0,110.0,25.0,19.0
2613107,3026.0,3157.0,3694.0,3454.0,3389.0,2983.0,2779.0,2356.0,2126.0,1699.0,1211.0,1379.0,1210.0,885.0,714.0,491.0,395.0,208.0,102.0,16.0,0.0
2613206,1805.0,2065.0,2343.0,2243.0,1934.0,1733.0,1516.0,1334.0,1186.0,898.0,917.0,812.0,690.0,604.0,458.0,376.0,232.0,137.0,30.0,0.0,0.0
2613305,1700.0,1876.0,2153.0,2047.0,1858.0,1654.0,1383.0,1308.0,1212.0,1041.0,912.0,795.0,708.0,622.0,506.0,365.0,172.0,98.0,68.0,10.0,0.0
2613404,1764.0,1921.0,2014.0,1870.0,1648.0,1552.0,1415.0,1181.0,1064.0,875.0,778.0,541.0,531.0,369.0,276.0,195.0,86.0,55.0,36.0,4.0,5.0
2613503,2671.0,3067.0,3440.0,3293.0,3180.0,2559.0,2341.0,1968.0,1883.0,1665.0,1432.0,1211.0,1199.0,830.0,713.0,498.0,420.0,135.0,77.0,20.0,14.0
2613602,2265.0,2612.0,2956.0,2956.0,2849.0,2588.0,2242.0,2111.0,1965.0,1784.0,1569.0,1275.0,1289.0,1010.0,1022.0,556.0,398.0,249.0,68.0,48.0,18.0
2613701,7748.0,8485.0,9372.0,9461.0,9700.0,9767.0,8982.0,7932.0,6977.0,5959.0,5042.0,3984.0,3078.0,2363.0,1745.0,1038.0,740.0,308.0,156.0,45.0,13.0
2613800,1376.0,1588.0,1908.0,1933.0,1506.0,1397.0,1226.0,1077.0,956.0,831.0,738.0,590.0,446.0,465.0,384.0,231.0,178.0,97.0,47.0,26.0,0.0
2613909,6706.0,6771.0,7523.0,7586.0,7731.0,6742.0,6567.0,5586.0,5021.0,4249.0,3525.0,2604.0,2689.0,1932.0,1577.0,972.0,768.0,451.0,174.0,58.0,0.0
2614006,1603.0,1849.0,2035.0,1882.0,1765.0,1461.0,1328.0,1140.0,1005.0,866.0,642.0,644.0,520.0,564.0,406.0,220.0,194.0,130.0,59.0,18.0,0.0
2614105,2696.0,3017.0,3316.0,2939.0,3252.0,2797.0,2528.0,2195.0,2142.0,1788.0,1531.0,1263.0,1274.0,999.0,922.0,508.0,336.0,215.0,55.0,14.0,0.0
2614204,3757.0,3925.0,4272.0,4271.0,4122.0,3994.0,3391.0,2809.0,2322.0,1810.0,1370.0,1241.0,1005.0,669.0,598.0,393.0,188.0,108.0,41.0,10.0,0.0
2614303,958.0,1068.0,1172.0,1108.0,1082.0,906.0,786.0,674.0,665.0,561.0,487.0,335.0,382.0,312.0,250.0,105.0,129.0,72.0,58.0,18.0,4.0
2614402,480.0,536.0,622.0,645.0,526.0,457.0,370.0,324.0,359.0,281.0,234.0,251.0,233.0,135.0,103.0,69.0,90.0,19.0,10.0,0.0,0.0
2614501,4356.0,4836.0,5608.0,5403.0,5287.0,5133.0,4840.0,3976.0,3528.0,3034.0,2540.0,2389.0,2331.0,1544.0,1388.0,1014.0,734.0,330.0,142.0,85.0,17.0
2614600,2088.0,2455.0,2614.0,2468.0,2427.0,2157.0,1989.0,1647.0,1614.0,1351.0,1148.0,1117.0,966.0,839.0,640.0,341.0,339.0,179.0,40.0,8.0,0.0
2614709,1010.0,1211.0,1307.0,1206.0,1213.0,1074.0,917.0,783.0,732.0,633.0,578.0,424.0,448.0,380.0,269.0,220.0,158.0,92.0,51.0,20.0,0.0
2614808,2064.0,2226.0,2408.0,2138.0,2100.0,1895.0,1606.0,1310.0,1195.0,1012.0,897.0,774.0,794.0,456.0,459.0,350.0,134.0,177.0,48.0,23.0,0.0
2614857,1897.0,2095.0,2220.0,2218.0,2050.0,1958.0,1636.0,1347.0,1107.0,1078.0,759.0,711.0,505.0,464.0,295.0,198.0,114.0,44.0,10.0,5.0,4.0
2615003,1912.0,2197.0,2405.0,2438.0,2453.0,2214.0,1956.0,1742.0,1566.0,1313.0,1113.0,869.0,758.0,671.0,469.0,321.0,283.0,180.0,32.0,13.0,0.0
2615102,607.0,590.0,764.0,688.0,603.0,526.0,452.0,393.0,397.0,316.0,318.0,247.0,265.0,179.0,132.0,132.0,75.0,17.0,22.0,9.0,3.0
2615201,845.0,878.0,949.0,880.0,824.0,800.0,769.0,635.0,560.0,497.0,379.0,304.0,283.0,228.0,149.0,104.0,105.0,34.0,44.0,10.0,0.0
2615300,4264.0,4534.0,5260.0,5279.0,4705.0,4605.0,4384.0,3494.0,3308.0,2980.0,2427.0,2393.0,1973.0,1294.0,1222.0,827.0,442.0,304.0,78.0,53.0,0.0
2615409,3375.0,3279.0,3466.0,3697.0,4464.0,3991.0,3177.0,2404.0,1926.0,1554.0,1099.0,921.0,710.0,459.0,379.0,289.0,252.0,30.0,77.0,6.0,0.0
2615508,1179.0,1120.0,1191.0,1260.0,1235.0,1216.0,1102.0,965.0,832.0,694.0,552.0,508.0,399.0,315.0,211.0,126.0,87.0,51.0,7.0,4.0,0.0
2615607,2650.0,2753.0,3132.0,2579.0,2612.0,2262.0,1847.0,1629.0,1465.0,1168.0,956.0,740.0,700.0,610.0,413.0,185.0,261.0,74.0,68.0,10.0,0.0
2615706,1064.0,1148.0,1386.0,1464.0,1378.0,1176.0,991.0,953.0,1007.0,834.0,677.0,642.0,622.0,534.0,505.0,307.0,164.0,78.0,40.0,37.0,0.0
2615805,2495.0,2802.0,3052.0,2582.0,2204.0,1801.0,1616.0,1334.0,1261.0,1055.0,789.0,919.0,749.0,637.0,459.0,225.0,223.0,159.0,52.0,11.0,0.0
2615904,550.0,588.0,725.0,683.0,721.0,572.0,570.0,485.0,548.0,471.0,410.0,274.0,318.0,354.0,269.0,153.0,132.0,71.0,22.0,4.0,5.0
2616001,1417.0,1562.0,1610.0,1499.0,1512.0,1336.0,1229.0,1006.0,1021.0,804.0,656.0,610.0,504.0,471.0,317.0,274.0,127.0,62.0,31.0,5.0,0.0
2616100,798.0,860.0,1008.0,930.0,817.0,673.0,642.0,518.0,533.0,444.0,487.0,284.0,359.0,267.0,213.0,141.0,105.0,34.0,16.0,13.0,0.0
2616183,575.0,667.0,817.0,868.0,680.0,597.0,545.0,484.0,432.0,386.0,383.0,331.0,271.0,263.0,218.0,123.0,102.0,90.0,16.0,24.0,0.0
2616209,1477.0,1602.0,1682.0,1665.0,1741.0,1638.0,1400.0,1226.0,1063.0,860.0,774.0,670.0,663.0,502.0,547.0,297.0,217.0,101.0,79.0,13.0,5.0
2616308,2300.0,2656.0,3242.0,3235.0,3202.0,2959.0,2478.0,2077.0,1928.0,1637.0,1443.0,983.0,823.0,662.0,570.0,284.0,147.0,66.0,29.0,11.0,0.0
2616407,9577.0,10509.0,11830.0,11969.0,11934.0,12182.0,10996.0,9751.0,8713.0,7463.0,5870.0,5315.0,4083.0,3332.0,2790.0,1511.0,1344.0,407.0,249.0,126.0,24.0
2616506,1331.0,1367.0,1809.0,1585.0,1312.0,1072.0,1012.0,895.0,821.0,649.0,517.0,444.0,366.0,360.0,266.0,145.0,76.0,43.0,15.0,8.0,0.0
2700102,1878.0,2090.0,2345.0,2127.0,1716.0,1426.0,1268.0,1129.0,1016.0,911.0,627.0,701.0,652.0,524.0,357.0,249.0,239.0,78.0,33.0,10.0,0.0
2700201,1564.0,1655.0,1884.0,1902.0,1543.0,1437.0,1234.0,1133.0,1002.0,915.0,712.0,638.0,517.0,450.0,369.0,206.0,124.0,59.0,51.0,24.0,5.0
2700300,17710.0,19077.0,21990.0,21265.0,20523.0,19284.0,17604.0,14570.0,14021.0,11298.0,8914.0,8090.0,6306.0,5010.0,3417.0,2466.0,1458.0,598.0,295.0,88.0,22.0
2700409,4355.0,4950.0,5320.0,4670.0,4015.0,3820.0,3378.0,2701.0,2343.0,2004.0,1848.0,1376.0,1206.0,804.0,620.0,382.0,240.0,193.0,53.0,21.0,23.0
2700508,1387.0,1513.0,1762.0,1571.0,1324.0,1273.0,1063.0,980.0,762.0,641.0,565.0,437.0,306.0,281.0,156.0,123.0,56.0,24.0,0.0,5.0,0.0
2700607,698.0,705.0,876.0,789.0,745.0,714.0,681.0,528.0,472.0,408.0,299.0,210.0,161.0,101.0,83.0,61.0,20.0,6.0,9.0,0.0,6.0
2700706,1463.0,1776.0,1858.0,1787.0,1748.0,1432.0,1263.0,1031.0,1015.0,859.0,679.0,552.0,505.0,400.0,280.0,184.0,112.0,67.0,52.0,4.0,10.0
2700805,360.0,394.0,499.0,482.0,406.0,374.0,326.0,306.0,262.0,226.0,192.0,157.0,176.0,148.0,104.0,53.0,45.0,18.0,16.0,6.0,0.0
2700904,589.0,724.0,886.0,846.0,639.0,548.0,438.0,411.0,430.0,364.0,271.0,242.0,208.0,127.0,124.0,109.0,38.0,25.0,9.0,3.0,0.0
2701001,2303.0,2667.0,2915.0,2697.0,2276.0,2315.0,2006.0,1684.0,1470.0,1281.0,1066.0,962.0,731.0,525.0,372.0,272.0,111.0,46.0,33.0,25.0,18.0
2701100,1020.0,1209.0,1295.0,1241.0,986.0,895.0,721.0,611.0,529.0,441.0,490.0,312.0,267.0,233.0,141.0,83.0,64.0,23.0,22.0,0.0,0.0
2701209,901.0,991.0,1169.0,1019.0,896.0,793.0,725.0,595.0,583.0,519.0,415.0,370.0,351.0,284.0,221.0,161.0,126.0,53.0,18.0,6.0,0.0
2701308,1993.0,2306.0,2436.0,2141.0,1964.0,1826.0,1425.0,1250.0,1133.0,929.0,775.0,616.0,460.0,470.0,300.0,140.0,140.0,37.0,46.0,23.0,0.0
2701357,618.0,741.0,876.0,711.0,524.0,527.0,496.0,447.0,359.0,297.0,237.0,189.0,158.0,141.0,116.0,92.0,33.0,29.0,7.0,0.0,0.0
2701407,5094.0,5406.0,5966.0,5276.0,5651.0,4946.0,4096.0,3266.0,2655.0,2076.0,1713.0,1438.0,1153.0,979.0,518.0,328.0,130.0,107.0,17.0,0.0,0.0
2701506,758.0,908.0,1115.0,1007.0,861.0,706.0,627.0,552.0,510.0,420.0,310.0,382.0,254.0,209.0,196.0,104.0,23.0,37.0,38.0,5.0,11.0
2701605,1819.0,2049.0,2249.0,1890.0,1428.0,1201.0,1138.0,907.0,901.0,787.0,546.0,591.0,535.0,463.0,290.0,165.0,142.0,100.0,25.0,24.0,0.0
2701704,1595.0,1906.0,2069.0,1730.0,1490.0,1481.0,1218.0,1047.0,925.0,782.0,643.0,606.0,490.0,386.0,302.0,154.0,139.0,51.0,47.0,16.0,0.0
2701803,950.0,1008.0,1059.0,918.0,740.0,633.0,514.0,479.0,437.0,336.0,301.0,172.0,237.0,151.0,145.0,86.0,63.0,37.0,12.0,11.0,0.0
2701902,701.0,816.0,864.0,757.0,575.0,576.0,544.0,430.0,389.0,314.0,239.0,257.0,214.0,171.0,134.0,67.0,36.0,27.0,21.0,7.0,7.0
2702009,917.0,1081.0,1249.0,1165.0,982.0,862.0,745.0,628.0,680.0,539.0,490.0,393.0,384.0,267.0,197.0,175.0,118.0,21.0,27.0,0.0,6.0
2702108,2011.0,2278.0,2441.0,2134.0,1675.0,1732.0,1479.0,1233.0,1067.0,832.0,824.0,631.0,497.0,445.0,325.0,186.0,110.0,82.0,21.0,8.0,8.0
2702207,470.0,528.0,557.0,534.0,515.0,497.0,423.0,405.0,330.0,281.0,264.0,189.0,176.0,97.0,108.0,73.0,57.0,8.0,5.0,5.0,3.0
2702306,4937.0,5421.0,5632.0,5562.0,5150.0,4804.0,4170.0,3432.0,3010.0,2606.0,2055.0,1592.0,1290.0,913.0,601.0,494.0,296.0,56.0,45.0,59.0,5.0
2702355,2079.0,2258.0,2744.0,2421.0,2219.0,1762.0,1594.0,1277.0,1354.0,1079.0,886.0,875.0,740.0,475.0,324.0,298.0,148.0,74.0,25.0,0.0,9.0
2702405,4364.0,4581.0,5048.0,4693.0,4606.0,4048.0,3700.0,3126.0,2854.0,2541.0,1926.0,1814.0,1538.0,1191.0,861.0,568.0,383.0,111.0,108.0,29.0,6.0
2702504,1025.0,1122.0,1285.0,1177.0,956.0,847.0,800.0,640.0,608.0,535.0,449.0,334.0,339.0,296.0,228.0,83.0,83.0,33.0,27.0,13.0,0.0
2702553,1425.0,1586.0,1855.0,1770.0,1450.0,1321.0,1235.0,963.0,959.0,868.0,663.0,840.0,809.0,496.0,446.0,289.0,155.0,81.0,21.0,12.0,5.0
2702603,2019.0,2067.0,2399.0,2320.0,1952.0,1813.0,1601.0,1218.0,1229.0,1031.0,930.0,653.0,628.0,544.0,337.0,262.0,138.0,146.0,25.0,0.0,10.0
2702702,388.0,426.0,503.0,501.0,381.0,378.0,326.0,266.0,227.0,244.0,155.0,167.0,115.0,87.0,67.0,59.0,26.0,17.0,6.0,3.0,4.0
2702801,1133.0,1386.0,1556.0,1373.0,1027.0,940.0,895.0,741.0,693.0,574.0,506.0,420.0,285.0,319.0,196.0,113.0,95.0,30.0,28.0,14.0,0.0
2702900,3279.0,3947.0,4385.0,4026.0,3625.0,3012.0,2716.0,2037.0,2021.0,1683.0,1384.0,1268.0,1030.0,785.0,540.0,449.0,270.0,76.0,22.0,35.0,11.0
2703007,1413.0,1652.0,2058.0,1621.0,1293.0,1180.0,1028.0,826.0,773.0,698.0,578.0,551.0,399.0,370.0,269.0,187.0,119.0,78.0,34.0,10.0,12.0
2703106,2178.0,2398.0,2695.0,2583.0,2266.0,2041.0,1814.0,1453.0,1458.0,1207.0,1141.0,1010.0,987.0,682.0,446.0,391.0,195.0,134.0,61.0,48.0,0.0
2703205,2033.0,2200.0,2483.0,2562.0,2407.0,2009.0,1677.0,1476.0,1272.0,1094.0,944.0,838.0,636.0,496.0,405.0,368.0,142.0,165.0,79.0,0.0,6.0
2703304,1881.0,2112.0,2416.0,1858.0,1647.0,1252.0,1115.0,958.0,949.0,778.0,558.0,628.0,488.0,422.0,321.0,267.0,96.0,101.0,28.0,18.0,5.0
2703403,545.0,587.0,622.0,586.0,494.0,419.0,388.0,324.0,293.0,287.0,219.0,166.0,176.0,94.0,73.0,58.0,57.0,17.0,6.0,2.0,0.0
2703502,648.0,770.0,942.0,784.0,634.0,582.0,499.0,443.0,352.0,329.0,257.0,194.0,188.0,140.0,89.0,71.0,30.0,19.0,17.0,7.0,0.0
2703601,796.0,934.0,874.0,817.0,707.0,659.0,634.0,492.0,404.0,322.0,294.0,236.0,184.0,159.0,89.0,61.0,58.0,19.0,12.0,3.0,0.0
2703700,526.0,558.0,600.0,573.0,582.0,490.0,410.0,336.0,347.0,299.0,203.0,168.0,173.0,97.0,75.0,67.0,37.0,8.0,1.0,7.0,0.0
2703759,1105.0,1314.0,1445.0,1288.0,1116.0,1098.0,959.0,804.0,663.0,543.0,464.0,345.0,275.0,225.0,144.0,110.0,73.0,44.0,13.0,0.0,0.0
2703809,2359.0,2734.0,2843.0,2348.0,2011.0,1814.0,1579.0,1341.0,1138.0,1018.0,901.0,695.0,494.0,477.0,305.0,210.0,99.0,85.0,68.0,33.0,23.0
2703908,361.0,410.0,525.0,477.0,377.0,308.0,301.0,267.0,263.0,211.0,187.0,142.0,109.0,107.0,68.0,38.0,24.0,14.0,6.0,7.0,0.0
2704005,1901.0,2412.0,2650.0,2611.0,2231.0,2094.0,1808.0,1450.0,1386.0,1146.0,905.0,898.0,698.0,542.0,505.0,295.0,144.0,65.0,63.0,32.0,0.0
2704104,1492.0,1848.0,2089.0,1948.0,1682.0,1460.0,1347.0,1041.0,1120.0,882.0,662.0,762.0,582.0,526.0,327.0,249.0,127.0,56.0,40.0,10.0,0.0
2704203,2204.0,2678.0,2978.0,2992.0,2683.0,2219.0,2006.0,1652.0,1629.0,1318.0,1001.0,1001.0,762.0,712.0,508.0,346.0,171.0,69.0,43.0,18.0,0.0
2704302,71900.0,76278.0,85274.0,83840.0,87040.0,87559.0,82209.0,73408.0,67108.0,56593.0,46158.0,37004.0,27448.0,18356.0,13340.0,9277.0,5473.0,2920.0,1142.0,357.0,63.0
2704401,1608.0,1872.0,2153.0,1991.0,1737.0,1411.0,1348.0,1172.0,1162.0,912.0,769.0,668.0,635.0,498.0,350.0,325.0,165.0,83.0,16.0,16.0,6.0
2704500,2827.0,3144.0,3473.0,3221.0,2653.0,2567.0,2270.0,1890.0,1578.0,1283.0,987.0,863.0,686.0,491.0,364.0,222.0,177.0,32.0,8.0,7.0,7.0
2704609,1008.0,1024.0,1291.0,1069.0,934.0,807.0,706.0,574.0,598.0,530.0,394.0,341.0,272.0,279.0,142.0,120.0,110.0,57.0,14.0,15.0,0.0
2704708,4085.0,4536.0,5053.0,4589.0,4163.0,4144.0,3841.0,3277.0,2884.0,2391.0,2068.0,1547.0,1159.0,879.0,514.0,393.0,217.0,163.0,55.0,11.0,9.0
2704807,1057.0,1285.0,1422.0,1342.0,1242.0,1175.0,1087.0,834.0,766.0,656.0,616.0,523.0,384.0,463.0,300.0,226.0,96.0,85.0,50.0,10.0,0.0
2704906,291.0,352.0,399.0,332.0,255.0,303.0,286.0,256.0,231.0,178.0,173.0,156.0,106.0,116.0,78.0,75.0,39.0,16.0,6.0,6.0,0.0
2705002,2482.0,2810.0,3182.0,2747.0,2152.0,1815.0,1539.0,1269.0,1267.0,1089.0,906.0,784.0,868.0,528.0,491.0,337.0,165.0,127.0,123.0,18.0,0.0
2705101,2199.0,2599.0,2940.0,2498.0,2092.0,2052.0,1818.0,1533.0,1330.0,1020.0,958.0,822.0,641.0,451.0,329.0,223.0,145.0,101.0,33.0,0.0,0.0
2705200,1539.0,1720.0,1967.0,1567.0,1451.0,1456.0,1207.0,1001.0,844.0,723.0,636.0,414.0,385.0,259.0,226.0,129.0,84.0,46.0,10.0,18.0,0.0
2705309,415.0,446.0,574.0,565.0,474.0,420.0,422.0,346.0,324.0,245.0,239.0,206.0,223.0,139.0,98.0,46.0,46.0,21.0,16.0,7.0,3.0
2705408,665.0,783.0,927.0,786.0,591.0,537.0,481.0,394.0,359.0,281.0,228.0,238.0,198.0,156.0,133.0,81.0,51.0,21.0,12.0,14.0,0.0
2705507,2640.0,2982.0,3129.0,2920.0,2522.0,2338.0,1876.0,1714.0,1450.0,1168.0,975.0,850.0,690.0,520.0,333.0,360.0,136.0,38.0,38.0,31.0,0.0
2705606,1207.0,1257.0,1417.0,1346.0,1202.0,1027.0,896.0,735.0,652.0,531.0,441.0,369.0,259.0,282.0,168.0,108.0,105.0,27.0,14.0,17.0,0.0
2705705,1837.0,2059.0,2466.0,2132.0,1895.0,1598.0,1455.0,1293.0,1223.0,981.0,826.0,627.0,502.0,532.0,325.0,251.0,207.0,90.0,37.0,30.0,0.0
2705804,860.0,953.0,1051.0,997.0,858.0,638.0,572.0,476.0,459.0,374.0,313.0,197.0,219.0,202.0,160.0,70.0,44.0,32.0,6.0,10.0,0.0
2705903,515.0,551.0,610.0,516.0,418.0,384.0,358.0,282.0,256.0,216.0,183.0,155.0,162.0,121.0,95.0,81.0,28.0,11.0,11.0,4.0,0.0
2706000,921.0,1136.0,1448.0,1241.0,1005.0,819.0,756.0,650.0,595.0,481.0,368.0,429.0,359.0,259.0,246.0,115.0,114.0,37.0,49.0,19.0,0.0
2706109,1049.0,1121.0,1307.0,1159.0,1028.0,815.0,790.0,652.0,610.0,524.0,407.0,345.0,341.0,242.0,167.0,152.0,103.0,30.0,50.0,21.0,0.0
2706208,475.0,578.0,750.0,558.0,408.0,371.0,360.0,295.0,279.0,191.0,177.0,132.0,194.0,91.0,100.0,76.0,30.0,27.0,17.0,3.0,0.0
2706307,5778.0,6179.0,6796.0,6544.0,6245.0,5957.0,5439.0,4739.0,4436.0,3817.0,3006.0,2952.0,2436.0,2182.0,1428.0,1132.0,673.0,405.0,146.0,78.0,0.0
2706406,2217.0,2122.0,3046.0,2730.0,2123.0,1870.0,1656.0,1379.0,1309.0,1156.0,890.0,879.0,582.0,652.0,485.0,364.0,171.0,133.0,39.0,0.0,7.0
2706422,973.0,1124.0,1191.0,1066.0,928.0,728.0,719.0,619.0,569.0,413.0,296.0,388.0,399.0,311.0,198.0,152.0,113.0,68.0,5.0,4.0,0.0
2706448,989.0,1179.0,1320.0,1170.0,1015.0,1019.0,976.0,809.0,637.0,506.0,470.0,379.0,302.0,197.0,126.0,99.0,80.0,52.0,22.0,0.0,0.0
2706505,1599.0,1780.0,1727.0,1530.0,1361.0,1274.0,1175.0,931.0,746.0,574.0,576.0,429.0,321.0,258.0,161.0,166.0,86.0,40.0,16.0,6.0,6.0
2706604,611.0,753.0,766.0,736.0,701.0,653.0,531.0,462.0,369.0,379.0,324.0,286.0,244.0,220.0,148.0,99.0,62.0,40.0,32.0,5.0,4.0
2706703,4990.0,5509.0,6715.0,6035.0,5669.0,5417.0,4660.0,3932.0,3693.0,3169.0,2636.0,2203.0,1567.0,1350.0,1098.0,848.0,466.0,212.0,150.0,59.0,0.0
2706802,1467.0,1702.0,2093.0,1702.0,1614.0,1506.0,1250.0,1115.0,950.0,808.0,666.0,613.0,474.0,386.0,326.0,276.0,155.0,42.0,48.0,9.0,0.0
2706901,3100.0,3360.0,3625.0,3184.0,3119.0,2976.0,2656.0,2253.0,1960.0,1620.0,1391.0,1218.0,930.0,717.0,474.0,263.0,223.0,85.0,128.0,16.0,8.0
2707008,222.0,302.0,304.0,301.0,239.0,241.0,226.0,175.0,166.0,160.0,132.0,128.0,45.0,61.0,85.0,34.0,22.0,11.0,4.0,8.0,0.0
2707107,2441.0,2632.0,3039.0,2542.0,2184.0,1754.0,1669.0,1374.0,1294.0,1037.0,873.0,613.0,559.0,431.0,238.0,206.0,73.0,32.0,30.0,23.0,0.0
2707206,1417.0,1588.0,1829.0,1554.0,1272.0,1026.0,923.0,775.0,749.0,660.0,460.0,471.0,322.0,293.0,158.0,179.0,86.0,43.0,42.0,25.0,0.0
2707305,2466.0,2898.0,3126.0,2784.0,2144.0,2230.0,2053.0,1675.0,1459.0,1152.0,1034.0,726.0,667.0,418.0,340.0,225.0,182.0,87.0,0.0,42.0,0.0
2707404,814.0,914.0,912.0,832.0,782.0,754.0,646.0,519.0,485.0,409.0,378.0,288.0,222.0,153.0,127.0,88.0,59.0,15.0,22.0,10.0,0.0
2707503,1783.0,1855.0,2156.0,2114.0,1836.0,1614.0,1365.0,1182.0,1077.0,935.0,804.0,681.0,642.0,406.0,419.0,176.0,172.0,77.0,32.0,9.0,0.0
2707602,957.0,1059.0,1262.0,1272.0,1057.0,917.0,886.0,738.0,650.0,522.0,470.0,468.0,389.0,288.0,234.0,113.0,92.0,54.0,42.0,10.0,0.0
2707701,5681.0,6441.0,7371.0,6854.0,6027.0,5854.0,5587.0,5184.0,4541.0,3790.0,3169.0,2246.0,1848.0,1278.0,1040.0,904.0,435.0,144.0,87.0,0.0,0.0
2707800,784.0,860.0,830.0,636.0,604.0,617.0,535.0,372.0,293.0,238.0,214.0,209.0,183.0,112.0,57.0,57.0,27.0,7.0,12.0,10.0,0.0
2707909,571.0,740.0,771.0,669.0,615.0,599.0,590.0,501.0,366.0,308.0,304.0,219.0,221.0,132.0,150.0,39.0,46.0,36.0,10.0,0.0,4.0
2708006,4335.0,4738.0,5339.0,4690.0,4252.0,3623.0,3271.0,2787.0,2562.0,2149.0,1883.0,1236.0,1300.0,915.0,681.0,498.0,264.0,196.0,159.0,54.0,0.0
2708105,949.0,1094.0,1378.0,1210.0,1052.0,899.0,772.0,661.0,570.0,512.0,422.0,435.0,350.0,184.0,170.0,161.0,72.0,38.0,28.0,0.0,4.0
2708204,589.0,682.0,757.0,746.0,540.0,490.0,493.0,422.0,396.0,343.0,287.0,236.0,226.0,171.0,148.0,72.0,49.0,30.0,35.0,6.0,0.0
2708303,2076.0,2409.0,2876.0,2462.0,1928.0,1807.0,1603.0,1423.0,1293.0,980.0,919.0,822.0,602.0,489.0,376.0,267.0,222.0,66.0,42.0,24.0,0.0
2708402,3230.0,3533.0,4419.0,3392.0,2808.0,2053.0,1863.0,1570.0,1480.0,1268.0,979.0,823.0,774.0,691.0,401.0,319.0,190.0,171.0,48.0,76.0,0.0
2708501,3306.0,3893.0,4099.0,3621.0,3018.0,2773.0,2474.0,1987.0,1665.0,1320.0,1130.0,985.0,699.0,529.0,453.0,201.0,116.0,64.0,67.0,11.0,0.0
2708600,5109.0,5541.0,5653.0,5458.0,5370.0,5305.0,4504.0,3690.0,3235.0,2781.0,2087.0,1969.0,1292.0,1037.0,755.0,370.0,251.0,79.0,80.0,11.0,0.0
2708709,678.0,715.0,716.0,702.0,642.0,632.0,638.0,489.0,401.0,335.0,325.0,213.0,185.0,177.0,135.0,111.0,42.0,11.0,12.0,5.0,0.0
2708808,3013.0,3412.0,3755.0,3390.0,2971.0,2727.0,2323.0,1928.0,1717.0,1496.0,1145.0,1278.0,882.0,696.0,464.0,372.0,236.0,133.0,32.0,29.0,10.0
2708907,1081.0,1288.0,1538.0,1474.0,1401.0,1346.0,1188.0,1138.0,1106.0,855.0,661.0,469.0,319.0,294.0,154.0,176.0,78.0,15.0,11.0,11.0,0.0
2708956,1416.0,1548.0,1802.0,1523.0,1228.0,856.0,818.0,707.0,696.0,533.0,424.0,328.0,380.0,288.0,184.0,104.0,60.0,71.0,50.0,30.0,0.0
2709004,467.0,561.0,658.0,656.0,551.0,506.0,447.0,381.0,345.0,300.0,279.0,202.0,226.0,189.0,157.0,110.0,23.0,35.0,24.0,6.0,0.0
2709103,1677.0,1821.0,2155.0,1953.0,1637.0,1543.0,1302.0,1162.0,1082.0,943.0,803.0,762.0,721.0,566.0,362.0,290.0,84.0,85.0,43.0,28.0,0.0
2709152,4244.0,4679.0,5161.0,4432.0,3753.0,3517.0,3094.0,2576.0,2270.0,1720.0,1545.0,1275.0,977.0,820.0,404.0,290.0,204.0,133.0,14.0,16.0,27.0
2709202,2497.0,2883.0,3350.0,2822.0,2201.0,1901.0,1669.0,1450.0,1433.0,1135.0,1041.0,759.0,832.0,558.0,403.0,321.0,305.0,128.0,8.0,6.0,0.0
2709301,5850.0,6382.0,7310.0,6477.0,5720.0,5285.0,4601.0,3933.0,3528.0,2929.0,2533.0,2172.0,1771.0,1456.0,969.0,541.0,448.0,271.0,109.0,73.0,0.0
2709400,2283.0,2458.0,2882.0,2722.0,2258.0,2061.0,1980.0,1613.0,1476.0,1251.0,1024.0,1021.0,694.0,591.0,392.0,319.0,228.0,82.0,58.0,7.0,8.0
2800100,201.0,203.0,249.0,222.0,221.0,196.0,176.0,142.0,145.0,109.0,88.0,75.0,78.0,46.0,62.0,21.0,21.0,9.0,7.0,2.0,2.0
2800209,1604.0,1811.0,2113.0,2004.0,1851.0,1520.0,1525.0,1295.0,1181.0,1070.0,950.0,719.0,707.0,514.0,435.0,341.0,211.0,87.0,86.0,26.0,5.0
2800308,40610.0,40442.0,46798.0,49032.0,58275.0,58952.0,52493.0,44507.0,40543.0,35408.0,29489.0,22650.0,17803.0,11768.0,8790.0,5996.0,4231.0,2032.0,1048.0,212.0,70.0
2800407,946.0,1019.0,1209.0,1203.0,984.0,897.0,843.0,710.0,679.0,545.0,502.0,353.0,242.0,317.0,149.0,113.0,100.0,43.0,21.0,3.0,0.0
2800506,1428.0,1577.0,1892.0,1756.0,1544.0,1586.0,1398.0,1187.0,1009.0,823.0,619.0,560.0,379.0,362.0,295.0,219.0,131.0,58.0,24.0,9.0,0.0
2800605,2214.0,2206.0,2514.0,2361.0,2392.0,2383.0,2172.0,1882.0,1733.0,1462.0,1146.0,720.0,618.0,396.0,340.0,182.0,129.0,77.0,29.0,9.0,11.0
2800670,2125.0,2268.0,2691.0,2597.0,2297.0,1987.0,1937.0,1847.0,1717.0,1454.0,1095.0,905.0,865.0,662.0,522.0,268.0,123.0,72.0,58.0,19.0,24.0
2800704,802.0,804.0,1002.0,863.0,740.0,610.0,523.0,477.0,392.0,337.0,259.0,254.0,170.0,142.0,136.0,115.0,76.0,22.0,12.0,6.0,0.0
2801009,1347.0,1413.0,1754.0,1599.0,1451.0,1453.0,1297.0,1148.0,1076.0,874.0,663.0,701.0,532.0,468.0,343.0,308.0,156.0,93.0,64.0,10.0,0.0
2801108,341.0,398.0,459.0,424.0,375.0,281.0,273.0,259.0,245.0,201.0,139.0,133.0,111.0,111.0,80.0,79.0,21.0,4.0,18.0,4.0,0.0
2801207,2466.0,2924.0,3151.0,2771.0,2387.0,2063.0,2046.0,1620.0,1415.0,977.0,746.0,592.0,534.0,368.0,276.0,203.0,73.0,23.0,32.0,19.0,0.0
2801306,2814.0,3031.0,3440.0,3076.0,2990.0,2742.0,2385.0,1915.0,1770.0,1440.0,1070.0,1178.0,894.0,645.0,540.0,337.0,294.0,118.0,56.0,25.0,0.0
2801405,1685.0,1871.0,2046.0,1943.0,1842.0,1579.0,1457.0,1370.0,1229.0,1035.0,886.0,773.0,629.0,598.0,371.0,293.0,254.0,88.0,49.0,9.0,0.0
2801504,1308.0,1352.0,1544.0,1352.0,1381.0,1335.0,1155.0,903.0,780.0,678.0,536.0,397.0,255.0,199.0,114.0,85.0,52.0,42.0,16.0,18.0,0.0
2801603,459.0,481.0,507.0,470.0,485.0,441.0,400.0,429.0,457.0,320.0,200.0,249.0,182.0,210.0,118.0,71.0,75.0,39.0,37.0,0.0,3.0
2801702,1588.0,1788.0,2066.0,1797.0,1563.0,1408.0,1280.0,1076.0,919.0,777.0,500.0,517.0,338.0,373.0,196.0,145.0,105.0,48.0,18.0,16.0,0.0
2801900,257.0,349.0,386.0,387.0,332.0,303.0,314.0,278.0,252.0,201.0,146.0,127.0,130.0,122.0,105.0,57.0,44.0,3.0,12.0,9.0,0.0
2802007,428.0,417.0,511.0,432.0,375.0,375.0,343.0,317.0,259.0,213.0,159.0,148.0,111.0,90.0,60.0,28.0,34.0,21.0,5.0,0.0,0.0
2802106,5270.0,5621.0,6681.0,6618.0,6247.0,5722.0,5026.0,4494.0,4120.0,3471.0,2976.0,2236.0,1822.0,1332.0,1037.0,774.0,454.0,273.0,178.0,57.0,0.0
2802205,424.0,533.0,625.0,545.0,491.0,404.0,391.0,371.0,324.0,276.0,189.0,206.0,169.0,118.0,84.0,96.0,32.0,25.0,7.0,14.0,0.0
2802304,1074.0,1146.0,1448.0,1428.0,1356.0,1167.0,1139.0,982.0,909.0,687.0,517.0,537.0,458.0,305.0,295.0,174.0,158.0,39.0,39.0,11.0,5.0
2802403,1025.0,1136.0,1309.0,1161.0,946.0,874.0,850.0,707.0,742.0,727.0,435.0,445.0,355.0,260.0,166.0,120.0,85.0,50.0,10.0,0.0,0.0
2802502,233.0,248.0,332.0,289.0,283.0,270.0,223.0,225.0,190.0,141.0,129.0,102.0,58.0,95.0,50.0,32.0,14.0,5.0,8.0,0.0,3.0
2802601,448.0,475.0,570.0,558.0,485.0,461.0,438.0,365.0,349.0,333.0,246.0,240.0,183.0,160.0,128.0,86.0,69.0,33.0,19.0,0.0,0.0
2802700,922.0,816.0,993.0,925.0,743.0,650.0,564.0,540.0,435.0,424.0,321.0,248.0,215.0,171.0,124.0,125.0,69.0,43.0,20.0,0.0,0.0
2802809,1649.0,1811.0,1957.0,1765.0,1436.0,1338.0,1099.0,1001.0,827.0,661.0,542.0,483.0,401.0,263.0,246.0,193.0,91.0,26.0,37.0,6.0,0.0
2802908,6736.0,7386.0,8758.0,8560.0,8558.0,8112.0,7232.0,6431.0,5705.0,4653.0,3766.0,3051.0,2486.0,1838.0,1472.0,936.0,752.0,327.0,99.0,76.0,33.0
2803005,3587.0,4065.0,4420.0,3973.0,3591.0,3445.0,2915.0,2486.0,2297.0,1848.0,1629.0,1236.0,1038.0,792.0,613.0,498.0,263.0,121.0,49.0,35.0,8.0
2803104,319.0,424.0,501.0,499.0,398.0,314.0,369.0,337.0,354.0,297.0,272.0,227.0,199.0,157.0,99.0,69.0,77.0,48.0,2.0,10.0,0.0
2803203,2737.0,2911.0,3375.0,3205.0,2973.0,2803.0,2484.0,2086.0,1796.0,1443.0,1120.0,858.0,793.0,633.0,596.0,365.0,157.0,48.0,5.0,25.0,6.0
2803302,1369.0,1505.0,1873.0,1742.0,1637.0,1458.0,1273.0,1091.0,1049.0,950.0,696.0,632.0,428.0,454.0,238.0,256.0,124.0,55.0,22.0,11.0,0.0
2803401,1243.0,1304.0,1370.0,1353.0,1267.0,1093.0,1031.0,798.0,750.0,619.0,478.0,411.0,335.0,355.0,214.0,110.0,94.0,62.0,39.0,12.0,0.0
2803500,7175.0,8299.0,9874.0,9556.0,8752.0,7990.0,7145.0,6748.0,6270.0,5290.0,4199.0,3619.0,2839.0,2456.0,1661.0,1347.0,993.0,413.0,158.0,51.0,26.0
2803609,2384.0,2549.0,2849.0,2848.0,2805.0,2733.0,2291.0,1873.0,1671.0,1330.0,1030.0,720.0,576.0,477.0,305.0,166.0,116.0,99.0,80.0,0.0,0.0
2803708,511.0,543.0,650.0,634.0,561.0,514.0,440.0,463.0,435.0,336.0,290.0,258.0,228.0,161.0,111.0,104.0,108.0,35.0,14.0,2.0,4.0
2803807,326.0,316.0,392.0,326.0,331.0,274.0,270.0,251.0,244.0,170.0,147.0,88.0,75.0,84.0,63.0,56.0,21.0,6.0,10.0,0.0,5.0
2803906,1001.0,1066.0,1267.0,1214.0,1065.0,1049.0,941.0,875.0,786.0,611.0,571.0,413.0,370.0,287.0,200.0,165.0,69.0,48.0,28.0,8.0,6.0
2804003,1605.0,1519.0,1662.0,1649.0,1588.0,1565.0,1384.0,1169.0,999.0,829.0,613.0,510.0,425.0,309.0,240.0,132.0,80.0,34.0,21.0,10.0,0.0
2804102,770.0,786.0,1062.0,1048.0,996.0,922.0,895.0,800.0,673.0,577.0,438.0,522.0,461.0,300.0,277.0,196.0,138.0,81.0,45.0,14.0,0.0
2804201,1339.0,1425.0,1586.0,1457.0,1347.0,1094.0,1011.0,953.0,846.0,611.0,516.0,368.0,409.0,216.0,169.0,113.0,86.0,54.0,5.0,11.0,11.0
2804300,562.0,664.0,767.0,785.0,727.0,656.0,571.0,517.0,415.0,370.0,333.0,248.0,225.0,170.0,143.0,97.0,44.0,36.0,7.0,6.0,0.0
2804409,1532.0,1680.0,2003.0,1955.0,1718.0,1568.0,1386.0,1203.0,1112.0,943.0,792.0,675.0,589.0,392.0,381.0,277.0,132.0,111.0,47.0,0.0,11.0
2804458,609.0,701.0,839.0,868.0,753.0,686.0,685.0,670.0,541.0,469.0,365.0,348.0,351.0,199.0,182.0,79.0,75.0,69.0,12.0,6.0,0.0
2804508,2598.0,2971.0,3430.0,3231.0,3310.0,2956.0,2566.0,2253.0,2130.0,1685.0,1329.0,1043.0,1008.0,651.0,555.0,346.0,170.0,186.0,43.0,36.0,0.0
2804607,2052.0,2226.0,2565.0,2514.0,2304.0,2069.0,1864.0,1695.0,1502.0,1310.0,1081.0,883.0,807.0,557.0,487.0,340.0,231.0,53.0,20.0,21.0,0.0
2804706,549.0,556.0,694.0,622.0,557.0,489.0,451.0,423.0,438.0,329.0,272.0,230.0,188.0,175.0,83.0,101.0,54.0,12.0,11.0,3.0,0.0
2804805,14301.0,15031.0,17053.0,16194.0,15733.0,15141.0,13601.0,12500.0,11890.0,9699.0,6916.0,4553.0,3139.0,2080.0,1275.0,823.0,484.0,213.0,132.0,33.0,35.0
2804904,1240.0,1352.0,1586.0,1391.0,1231.0,1216.0,962.0,759.0,686.0,568.0,549.0,415.0,328.0,292.0,207.0,199.0,81.0,32.0,28.0,5.0,11.0
2805000,223.0,209.0,297.0,287.0,314.0,236.0,243.0,204.0,198.0,162.0,135.0,136.0,103.0,60.0,49.0,19.0,41.0,32.0,20.0,3.0,3.0
2805109,730.0,868.0,1047.0,963.0,799.0,710.0,641.0,565.0,563.0,479.0,350.0,298.0,231.0,211.0,173.0,108.0,29.0,41.0,23.0,4.0,0.0
2805208,458.0,516.0,616.0,550.0,555.0,483.0,445.0,397.0,394.0,324.0,265.0,266.0,220.0,189.0,117.0,64.0,58.0,30.0,20.0,2.0,3.0
2805307,828.0,809.0,972.0,879.0,823.0,758.0,589.0,549.0,486.0,432.0,314.0,272.0,183.0,175.0,107.0,80.0,55.0,44.0,3.0,5.0,6.0
2805406,3240.0,3463.0,3855.0,3544.0,2962.0,2502.0,2177.0,1866.0,1692.0,1375.0,971.0,925.0,813.0,570.0,271.0,258.0,206.0,65.0,84.0,22.0,18.0
2805505,1565.0,1929.0,2361.0,2249.0,1950.0,1608.0,1568.0,1509.0,1399.0,1167.0,981.0,855.0,876.0,622.0,468.0,423.0,312.0,91.0,46.0,4.0,0.0
2805604,2556.0,2571.0,3168.0,2896.0,2670.0,2207.0,2105.0,1697.0,1561.0,1293.0,1136.0,781.0,879.0,475.0,411.0,278.0,230.0,118.0,66.0,48.0,0.0
2805703,2422.0,2442.0,2797.0,2845.0,2799.0,2440.0,2035.0,1917.0,2010.0,1705.0,1293.0,974.0,842.0,600.0,532.0,366.0,221.0,126.0,43.0,18.0,24.0
2805802,1530.0,1889.0,2207.0,2137.0,1707.0,1494.0,1468.0,1299.0,1225.0,956.0,733.0,640.0,575.0,515.0,429.0,265.0,147.0,90.0,65.0,11.0,4.0
2805901,925.0,922.0,1012.0,920.0,925.0,967.0,772.0,613.0,550.0,459.0,348.0,275.0,231.0,151.0,129.0,65.0,44.0,28.0,10.0,4.0,5.0
2806008,1236.0,1345.0,1659.0,1623.0,1625.0,1466.0,1402.0,1237.0,1095.0,935.0,757.0,645.0,572.0,557.0,392.0,304.0,154.0,88.0,49.0,24.0,9.0
2806107,867.0,889.0,963.0,935.0,886.0,893.0,738.0,707.0,607.0,449.0,364.0,284.0,181.0,184.0,114.0,43.0,48.0,40.0,20.0,0.0,9.0
2806206,1558.0,1740.0,2204.0,2034.0,1718.0,1579.0,1555.0,1460.0,1238.0,994.0,738.0,698.0,619.0,417.0,343.0,211.0,126.0,73.0,30.0,20.0,10.0
2806305,1372.0,1445.0,1684.0,1482.0,1200.0,1080.0,875.0,776.0,664.0,552.0,474.0,450.0,307.0,229.0,154.0,65.0,96.0,42.0,14.0,8.0,0.0
2806404,649.0,651.0,784.0,770.0,753.0,607.0,557.0,466.0,395.0,311.0,277.0,190.0,185.0,128.0,120.0,78.0,68.0,23.0,19.0,5.0,2.0
2806503,303.0,393.0,422.0,384.0,295.0,304.0,290.0,264.0,213.0,190.0,127.0,137.0,116.0,85.0,85.0,65.0,41.0,12.0,13.0,3.0,5.0
2806602,1084.0,972.0,1220.0,1104.0,1052.0,1044.0,944.0,746.0,699.0,584.0,493.0,405.0,339.0,214.0,199.0,151.0,95.0,16.0,13.0,17.0,19.0
2806701,7024.0,6862.0,7931.0,7635.0,7933.0,7440.0,6785.0,5766.0,5377.0,4297.0,3641.0,2665.0,1829.0,1396.0,841.0,683.0,371.0,317.0,24.0,33.0,15.0
2806800,874.0,908.0,1102.0,1052.0,880.0,854.0,843.0,740.0,578.0,474.0,442.0,402.0,338.0,283.0,181.0,128.0,77.0,61.0,26.0,28.0,0.0
2806909,275.0,321.0,372.0,294.0,319.0,262.0,293.0,232.0,207.0,206.0,137.0,142.0,112.0,67.0,83.0,31.0,26.0,6.0,4.0,3.0,0.0
2807006,252.0,348.0,403.0,425.0,355.0,281.0,282.0,242.0,221.0,176.0,177.0,121.0,132.0,86.0,68.0,41.0,35.0,32.0,16.0,3.0,0.0
2807105,2941.0,3375.0,4085.0,3873.0,3625.0,3114.0,2905.0,2634.0,2474.0,2155.0,1863.0,1092.0,1284.0,1080.0,735.0,663.0,426.0,272.0,76.0,31.0,0.0
2807204,799.0,746.0,910.0,811.0,728.0,670.0,583.0,552.0,473.0,377.0,318.0,272.0,232.0,180.0,140.0,89.0,82.0,26.0,10.0,4.0,4.0
2807303,247.0,251.0,333.0,314.0,260.0,250.0,279.0,209.0,198.0,160.0,95.0,107.0,70.0,69.0,36.0,32.0,16.0,23.0,9.0,0.0,0.0
2807402,3617.0,4310.0,4946.0,5119.0,4431.0,3934.0,3693.0,3154.0,3106.0,2575.0,2194.0,1655.0,1521.0,1295.0,1039.0,620.0,365.0,295.0,129.0,27.0,14.0
2807501,1112.0,1297.0,1462.0,1448.0,1160.0,1118.0,1014.0,844.0,708.0,669.0,526.0,372.0,352.0,283.0,202.0,142.0,80.0,24.0,13.0,24.0,6.0
2807600,1991.0,2217.0,2574.0,2313.0,2295.0,1978.0,1753.0,1423.0,1334.0,1101.0,875.0,782.0,569.0,421.0,267.0,265.0,174.0,63.0,23.0,8.0,7.0
2900108,439.0,546.0,582.0,701.0,660.0,626.0,597.0,510.0,556.0,520.0,510.0,472.0,392.0,312.0,370.0,202.0,195.0,69.0,45.0,12.0,0.0
2900207,1615.0,1846.0,1895.0,1778.0,1581.0,1510.0,1310.0,1060.0,897.0,776.0,607.0,545.0,492.0,389.0,293.0,166.0,142.0,65.0,45.0,51.0,0.0
2900306,1263.0,1483.0,1612.0,1478.0,1182.0,1174.0,1040.0,891.0,807.0,751.0,672.0,524.0,540.0,322.0,297.0,266.0,217.0,87.0,37.0,11.0,0.0
2900355,1172.0,1447.0,1694.0,1578.0,1629.0,1220.0,1157.0,1009.0,1025.0,807.0,625.0,594.0,540.0,417.0,386.0,188.0,107.0,69.0,33.0,5.0,0.0
2900405,1108.0,1371.0,1743.0,1720.0,1529.0,1309.0,1090.0,967.0,835.0,677.0,712.0,487.0,654.0,491.0,415.0,217.0,167.0,104.0,119.0,11.0,5.0
2900504,648.0,854.0,993.0,1077.0,1071.0,1007.0,755.0,687.0,667.0,562.0,479.0,457.0,459.0,325.0,290.0,267.0,98.0,91.0,58.0,13.0,0.0
2900603,344.0,420.0,403.0,475.0,392.0,399.0,295.0,255.0,250.0,266.0,279.0,206.0,179.0,109.0,119.0,96.0,71.0,30.0,12.0,2.0,0.0
2900702,10021.0,10733.0,12527.0,12968.0,13198.0,13988.0,12913.0,10584.0,9946.0,8591.0,6951.0,5008.0,4520.0,3241.0,2437.0,1877.0,1249.0,571.0,336.0,252.0,37.0
2900801,1965.0,2064.0,2342.0,2155.0,1970.0,1757.0,1555.0,1379.0,1234.0,1025.0,971.0,846.0,624.0,518.0,297.0,263.0,182.0,66.0,24.0,27.0,6.0
2900900,462.0,492.0,673.0,624.0,526.0,491.0,416.0,373.0,352.0,367.0,322.0,342.0,251.0,218.0,195.0,103.0,91.0,32.0,11.0,4.0,12.0
2901007,2189.0,3111.0,3249.0,3395.0,2952.0,2884.0,2751.0,2381.0,2130.0,1789.0,1480.0,1312.0,1220.0,797.0,1007.0,566.0,667.0,291.0,123.0,57.0,0.0
2901106,1969.0,2177.0,2468.0,2370.0,2210.0,2394.0,2138.0,1768.0,1599.0,1418.0,1176.0,984.0,779.0,648.0,426.0,263.0,181.0,123.0,70.0,28.0,0.0
2901155,1525.0,1627.0,1834.0,1681.0,1289.0,1253.0,1172.0,1000.0,940.0,820.0,770.0,463.0,452.0,387.0,350.0,191.0,124.0,55.0,23.0,5.0,0.0
2901205,1701.0,2162.0,2469.0,2536.0,1951.0,1964.0,1773.0,1619.0,1596.0,1312.0,1408.0,1066.0,1152.0,834.0,852.0,410.0,343.0,201.0,130.0,37.0,0.0
2901304,1168.0,1527.0,1701.0,1540.0,1254.0,1190.0,929.0,809.0,700.0,633.0,552.0,481.0,454.0,369.0,239.0,185.0,100.0,43.0,49.0,32.0,5.0
2901353,983.0,1226.0,1422.0,1379.0,1316.0,1289.0,1101.0,1084.0,991.0,739.0,600.0,500.0,563.0,363.0,376.0,174.0,120.0,105.0,51.0,25.0,7.0
2901403,1050.0,1235.0,1468.0,1423.0,1293.0,1265.0,1008.0,845.0,800.0,731.0,630.0,583.0,539.0,417.0,347.0,271.0,72.0,48.0,24.0,23.0,0.0
2901502,698.0,794.0,861.0,982.0,977.0,960.0,852.0,679.0,640.0,504.0,480.0,326.0,398.0,345.0,284.0,169.0,142.0,64.0,49.0,31.0,6.0
2901601,1107.0,1209.0,1443.0,1584.0,1683.0,1479.0,1359.0,1275.0,1150.0,970.0,742.0,674.0,721.0,503.0,474.0,306.0,171.0,142.0,43.0,37.0,0.0
2901700,952.0,970.0,1168.0,1284.0,1187.0,1045.0,789.0,687.0,664.0,546.0,443.0,371.0,370.0,337.0,289.0,189.0,120.0,89.0,31.0,18.0,5.0
2901809,865.0,1038.0,1160.0,1057.0,990.0,872.0,846.0,716.0,696.0,507.0,469.0,458.0,330.0,358.0,202.0,175.0,119.0,116.0,36.0,6.0,0.0
2901908,1449.0,1741.0,1973.0,1734.0,1413.0,1396.0,1287.0,1146.0,1066.0,834.0,811.0,661.0,616.0,558.0,352.0,248.0,200.0,144.0,50.0,46.0,6.0
2901957,567.0,711.0,772.0,844.0,707.0,590.0,524.0,409.0,363.0,412.0,346.0,351.0,266.0,175.0,157.0,161.0,66.0,28.0,9.0,0.0,0.0
2902005,954.0,1090.0,1211.0,1386.0,1262.0,1151.0,949.0,808.0,854.0,749.0,789.0,526.0,562.0,465.0,377.0,248.0,187.0,123.0,45.0,6.0,0.0
2902054,1001.0,1138.0,1249.0,1376.0,1206.0,1070.0,897.0,725.0,611.0,501.0,435.0,431.0,288.0,203.0,115.0,107.0,77.0,34.0,57.0,40.0,0.0
2902104,4442.0,5640.0,6493.0,5601.0,4637.0,4016.0,3567.0,3001.0,2892.0,2293.0,1988.0,1545.0,1799.0,1285.0,952.0,608.0,379.0,366.0,73.0,49.0,26.0
2902203,667.0,880.0,963.0,1004.0,926.0,976.0,925.0,723.0,612.0,503.0,488.0,298.0,267.0,290.0,208.0,142.0,60.0,46.0,39.0,19.0,0.0
2902252,1047.0,1145.0,1259.0,1020.0,820.0,786.0,773.0,579.0,519.0,527.0,394.0,497.0,328.0,245.0,163.0,138.0,90.0,52.0,5.0,5.0,0.0
2902302,641.0,797.0,987.0,948.0,825.0,771.0,637.0,585.0,511.0,407.0,401.0,279.0,270.0,180.0,156.0,106.0,53.0,19.0,11.0,10.0,5.0
2902401,1200.0,1217.0,1521.0,1497.0,1319.0,1145.0,966.0,749.0,760.0,702.0,628.0,488.0,373.0,356.0,261.0,185.0,152.0,42.0,35.0,0.0,0.0
2902500,1217.0,1253.0,1411.0,1356.0,1224.0,1212.0,1067.0,866.0,795.0,730.0,589.0,537.0,521.0,320.0,338.0,195.0,125.0,56.0,27.0,11.0,0.0
2902609,1801.0,1960.0,2054.0,2087.0,1685.0,1450.0,1375.0,1192.0,1121.0,1060.0,935.0,800.0,756.0,549.0,471.0,394.0,235.0,80.0,19.0,36.0,0.0
2902658,1009.0,1083.0,1284.0,1212.0,1037.0,982.0,867.0,727.0,678.0,626.0,364.0,472.0,386.0,398.0,305.0,163.0,100.0,80.0,31.0,10.0,0.0
2902708,4682.0,5801.0,6446.0,5835.0,4512.0,3895.0,3224.0,2646.0,2417.0,2169.0,1777.0,1494.0,1367.0,955.0,888.0,602.0,293.0,191.0,117.0,13.0,0.0
2902807,1770.0,2005.0,2217.0,2058.0,2235.0,2160.0,1745.0,1219.0,1185.0,1040.0,899.0,746.0,590.0,426.0,409.0,211.0,162.0,74.0,20.0,17.0,0.0
2902906,3050.0,3246.0,3692.0,3535.0,3413.0,3137.0,2759.0,2173.0,1983.0,1729.0,1410.0,1130.0,936.0,967.0,619.0,463.0,280.0,192.0,46.0,27.0,0.0
2903003,1065.0,1316.0,1421.0,1345.0,1010.0,1058.0,899.0,839.0,816.0,749.0,700.0,677.0,537.0,582.0,334.0,273.0,239.0,76.0,39.0,5.0,6.0
2903102,530.0,561.0,580.0,638.0,585.0,600.0,451.0,399.0,360.0,337.0,319.0,232.0,213.0,169.0,162.0,63.0,71.0,29.0,5.0,9.0,0.0
2903201,11736.0,12017.0,13243.0,13607.0,15030.0,14865.0,12252.0,10103.0,9030.0,7384.0,5335.0,4074.0,2743.0,2177.0,1713.0,935.0,736.0,305.0,68.0,46.0,28.0
2903235,1137.0,1332.0,1382.0,1314.0,1121.0,1135.0,999.0,883.0,879.0,697.0,598.0,535.0,467.0,422.0,263.0,181.0,152.0,72.0,38.0,0.0,5.0
2903276,1159.0,1306.0,1322.0,1421.0,1601.0,1445.0,1191.0,914.0,812.0,614.0,563.0,413.0,510.0,328.0,255.0,110.0,104.0,84.0,28.0,11.0,0.0
2903300,460.0,495.0,660.0,660.0,590.0,554.0,461.0,415.0,404.0,335.0,295.0,313.0,214.0,207.0,182.0,84.0,62.0,36.0,9.0,17.0,0.0
2903409,1817.0,2290.0,2368.0,2211.0,1876.0,1768.0,1628.0,1343.0,1213.0,1114.0,1102.0,700.0,630.0,578.0,347.0,407.0,213.0,116.0,51.0,25.0,0.0
2903508,1162.0,1417.0,1604.0,1596.0,1388.0,1281.0,1125.0,1012.0,971.0,863.0,698.0,678.0,675.0,442.0,437.0,340.0,167.0,130.0,22.0,10.0,2.0
2903607,1081.0,1396.0,1572.0,1546.0,1414.0,1295.0,1070.0,858.0,826.0,741.0,622.0,530.0,539.0,382.0,342.0,254.0,190.0,130.0,28.0,16.0,5.0
2903706,1084.0,1478.0,1651.0,1714.0,1393.0,1093.0,988.0,890.0,852.0,725.0,698.0,607.0,571.0,568.0,444.0,279.0,161.0,115.0,67.0,21.0,10.0
2903805,1537.0,1770.0,2078.0,2189.0,1499.0,1265.0,1143.0,1033.0,1012.0,885.0,753.0,681.0,567.0,534.0,402.0,242.0,186.0,150.0,37.0,18.0,10.0
2903904,5720.0,6318.0,6506.0,6744.0,6110.0,5695.0,4798.0,4004.0,3797.0,3338.0,2754.0,2063.0,1640.0,1386.0,1008.0,778.0,541.0,213.0,59.0,8.0,0.0
2903953,781.0,946.0,995.0,1102.0,948.0,922.0,707.0,549.0,521.0,487.0,440.0,392.0,406.0,254.0,204.0,256.0,95.0,83.0,16.0,3.0,5.0
2904001,975.0,1214.0,1460.0,1506.0,1240.0,1040.0,927.0,770.0,756.0,675.0,633.0,524.0,522.0,423.0,355.0,256.0,238.0,102.0,61.0,19.0,0.0
2904050,1349.0,1679.0,1935.0,1714.0,1390.0,1260.0,1186.0,905.0,840.0,615.0,525.0,431.0,361.0,257.0,167.0,93.0,43.0,38.0,37.0,9.0,0.0
2904100,1578.0,1946.0,2332.0,2393.0,1948.0,1704.0,1534.0,1307.0,1210.0,1150.0,991.0,789.0,920.0,670.0,597.0,409.0,357.0,137.0,42.0,11.0,13.0
2904209,737.0,978.0,1165.0,1236.0,966.0,849.0,726.0,731.0,703.0,627.0,527.0,439.0,399.0,341.0,202.0,243.0,146.0,87.0,34.0,12.0,6.0
2904308,1027.0,1233.0,1408.0,1477.0,1445.0,1295.0,1115.0,813.0,833.0,703.0,666.0,555.0,418.0,344.0,372.0,242.0,166.0,100.0,49.0,22.0,0.0
2904407,857.0,924.0,962.0,1011.0,967.0,943.0,841.0,711.0,744.0,666.0,525.0,452.0,453.0,380.0,235.0,173.0,120.0,96.0,17.0,0.0,0.0
2904506,816.0,968.0,1108.0,994.0,725.0,739.0,671.0,615.0,631.0,613.0,573.0,457.0,462.0,414.0,336.0,263.0,206.0,77.0,36.0,13.0,0.0
2904605,4278.0,4909.0,5680.0,5825.0,5879.0,5949.0,5362.0,4765.0,4683.0,3773.0,3352.0,2345.0,2137.0,1984.0,1456.0,913.0,684.0,322.0,195.0,74.0,38.0
2904704,1349.0,1504.0,1864.0,1842.0,1645.0,1466.0,1331.0,1048.0,1137.0,1067.0,1084.0,788.0,691.0,582.0,527.0,321.0,202.0,125.0,21.0,10.0,0.0
2904753,1648.0,2087.0,2451.0,2435.0,1879.0,1735.0,1400.0,1149.0,998.0,789.0,713.0,562.0,515.0,406.0,278.0,273.0,138.0,101.0,29.0,13.0,0.0
2904803,881.0,1039.0,1081.0,1051.0,1155.0,1057.0,966.0,783.0,662.0,564.0,388.0,518.0,328.0,341.0,235.0,182.0,106.0,47.0,16.0,11.0,10.0
2904852,1456.0,1930.0,2000.0,2003.0,1651.0,1537.0,1192.0,1058.0,894.0,716.0,650.0,480.0,468.0,413.0,321.0,246.0,147.0,118.0,33.0,14.0,0.0
2904902,2225.0,2654.0,3173.0,3276.0,3141.0,3084.0,2684.0,2223.0,1953.0,1660.0,1467.0,1175.0,1049.0,628.0,672.0,362.0,291.0,156.0,97.0,45.0,11.0
2905008,1315.0,1716.0,1965.0,2081.0,2009.0,2004.0,1690.0,1533.0,1471.0,1236.0,1021.0,968.0,887.0,713.0,569.0,442.0,298.0,157.0,88.0,73.0,0.0
2905107,913.0,1022.0,1163.0,1092.0,885.0,774.0,672.0,609.0,607.0,482.0,379.0,404.0,404.0,294.0,198.0,229.0,111.0,42.0,62.0,12.0,15.0
2905156,958.0,1155.0,1159.0,1328.0,1337.0,1342.0,1128.0,907.0,855.0,624.0,616.0,509.0,452.0,462.0,315.0,164.0,162.0,83.0,44.0,28.0,11.0
2905206,3421.0,3743.0,4305.0,4851.0,4926.0,4206.0,3609.0,3114.0,3005.0,2536.0,2342.0,1766.0,1446.0,1345.0,1182.0,771.0,463.0,301.0,140.0,20.0,22.0
2905305,1522.0,1641.0,1967.0,1808.0,1597.0,1407.0,1280.0,1093.0,1003.0,802.0,701.0,591.0,526.0,420.0,430.0,218.0,122.0,43.0,25.0,13.0,0.0
2905404,1416.0,1418.0,1497.0,1506.0,1639.0,1680.0,1410.0,1196.0,952.0,719.0,588.0,427.0,297.0,227.0,177.0,115.0,62.0,24.0,10.0,14.0,0.0
2905503,1109.0,1272.0,1246.0,1363.0,1152.0,985.0,829.0,704.0,685.0,557.0,569.0,440.0,388.0,441.0,365.0,163.0,87.0,86.0,20.0,25.0,6.0
2905602,2920.0,3108.0,3394.0,3037.0,2805.0,2623.0,2288.0,1764.0,1745.0,1604.0,1594.0,1165.0,945.0,856.0,595.0,453.0,322.0,188.0,25.0,19.0,22.0
2905701,20078.0,19887.0,22448.0,22058.0,25019.0,27923.0,23941.0,18851.0,15978.0,13325.0,11190.0,8065.0,5321.0,3473.0,2440.0,1465.0,875.0,361.0,219.0,46.0,7.0
2905800,3496.0,3853.0,4393.0,3852.0,3287.0,2868.0,2307.0,1964.0,1740.0,1668.0,1517.0,1191.0,1000.0,626.0,639.0,358.0,244.0,79.0,38.0,37.0,24.0
2905909,2474.0,2784.0,3209.0,3178.0,2347.0,2210.0,1902.0,1623.0,1571.0,1473.0,1164.0,1071.0,1015.0,627.0,535.0,289.0,280.0,268.0,62.0,8.0,0.0
2906006,5376.0,6715.0,7372.0,6803.0,6045.0,5531.0,5134.0,4449.0,3916.0,3207.0,2730.0,2476.0,2224.0,1523.0,1412.0,798.0,516.0,192.0,147.0,49.0,0.0
2906105,845.0,860.0,1065.0,967.0,751.0,756.0,671.0,573.0,524.0,495.0,490.0,288.0,239.0,352.0,261.0,142.0,59.0,38.0,29.0,6.0,0.0
2906204,2024.0,2471.0,2582.0,2374.0,2048.0,1993.0,1778.0,1601.0,1473.0,1232.0,982.0,1002.0,615.0,731.0,384.0,348.0,295.0,96.0,19.0,18.0,0.0
2906303,2523.0,3032.0,3322.0,3091.0,2808.0,2647.0,2491.0,2101.0,1914.0,1664.0,1545.0,1391.0,1007.0,927.0,660.0,623.0,385.0,94.0,49.0,36.0,25.0
2906402,571.0,766.0,910.0,841.0,737.0,729.0,719.0,562.0,523.0,431.0,397.0,377.0,408.0,308.0,210.0,172.0,100.0,67.0,37.0,20.0,10.0
2906501,6309.0,6489.0,7814.0,7345.0,8209.0,8722.0,8034.0,6503.0,5517.0,4851.0,4176.0,2826.0,2116.0,1785.0,999.0,694.0,442.0,192.0,59.0,28.0,47.0
2906600,866.0,1017.0,1038.0,1252.0,1319.0,1074.0,939.0,870.0,890.0,839.0,657.0,618.0,465.0,428.0,411.0,242.0,147.0,76.0,30.0,32.0,0.0
2906709,2207.0,2538.0,2778.0,2786.0,2416.0,2242.0,2013.0,1871.0,1737.0,1647.0,1245.0,1110.0,882.0,808.0,586.0,477.0,324.0,166.0,77.0,8.0,0.0
2906808,2783.0,3344.0,3722.0,3406.0,2780.0,2517.0,2348.0,1960.0,1987.0,1648.0,1257.0,1182.0,1094.0,980.0,712.0,422.0,451.0,206.0,73.0,23.0,12.0
2906824,1451.0,1571.0,1707.0,1575.0,1298.0,1285.0,1132.0,1053.0,965.0,781.0,669.0,493.0,475.0,458.0,362.0,200.0,82.0,91.0,66.0,12.0,6.0
2906857,721.0,934.0,994.0,1140.0,953.0,873.0,740.0,701.0,799.0,673.0,642.0,457.0,533.0,440.0,364.0,203.0,212.0,79.0,31.0,34.0,5.0
2906873,2209.0,2382.0,2502.0,2619.0,2439.0,2339.0,2219.0,1862.0,1631.0,1262.0,1087.0,930.0,897.0,696.0,600.0,407.0,216.0,168.0,55.0,43.0,14.0
2906899,676.0,854.0,896.0,1008.0,867.0,774.0,703.0,605.0,600.0,545.0,579.0,432.0,410.0,434.0,325.0,139.0,201.0,85.0,64.0,20.0,5.0
2906907,1655.0,2411.0,2346.0,1984.0,1726.0,1908.0,1881.0,1267.0,1327.0,1049.0,923.0,905.0,644.0,411.0,255.0,357.0,243.0,93.0,30.0,0.0,0.0
2907004,767.0,951.0,1166.0,1058.0,860.0,757.0,652.0,486.0,489.0,387.0,285.0,261.0,181.0,213.0,128.0,112.0,47.0,29.0,36.0,34.0,0.0
2907103,2436.0,2995.0,3394.0,3172.0,2631.0,2324.0,2002.0,1668.0,1547.0,1386.0,1113.0,945.0,769.0,621.0,609.0,364.0,230.0,98.0,56.0,20.0,0.0
2907202,5990.0,6525.0,6669.0,6343.0,6023.0,5682.0,5109.0,4408.0,3748.0,3188.0,2720.0,1877.0,1837.0,1804.0,1214.0,719.0,524.0,332.0,190.0,19.0,20.0
2907301,1759.0,2193.0,2478.0,2723.0,2330.0,2217.0,2066.0,1682.0,1591.0,1314.0,921.0,995.0,832.0,722.0,603.0,494.0,191.0,142.0,145.0,0.0,11.0
2907400,188.0,223.0,257.0,239.0,190.0,239.0,195.0,171.0,159.0,140.0,118.0,116.0,105.0,86.0,87.0,41.0,27.0,13.0,18.0,0.0,0.0
2907509,3600.0,3854.0,4340.0,4498.0,4836.0,5301.0,4833.0,4014.0,3470.0,3038.0,2478.0,2044.0,1580.0,1034.0,977.0,501.0,364.0,184.0,79.0,34.0,18.0
2907558,586.0,703.0,703.0,861.0,849.0,804.0,692.0,526.0,484.0,447.0,502.0,422.0,363.0,298.0,241.0,151.0,89.0,73.0,32.0,12.0,5.0
2907608,1397.0,1621.0,1796.0,1594.0,1315.0,1357.0,1274.0,1105.0,1105.0,884.0,725.0,771.0,672.0,453.0,392.0,257.0,203.0,43.0,38.0,11.0,0.0
2907707,914.0,1137.0,1216.0,1046.0,982.0,871.0,785.0,615.0,590.0,537.0,394.0,336.0,386.0,293.0,259.0,135.0,123.0,67.0,23.0,24.0,0.0
2907806,2259.0,2578.0,2981.0,3024.0,2862.0,2552.0,2137.0,2160.0,2202.0,1946.0,1522.0,1405.0,1269.0,1240.0,739.0,801.0,376.0,114.0,134.0,0.0,0.0
2907905,1309.0,1496.0,1675.0,1594.0,1523.0,1395.0,1220.0,929.0,947.0,713.0,582.0,599.0,553.0,373.0,304.0,177.0,186.0,102.0,51.0,24.0,4.0
2908002,1558.0,1844.0,1878.0,2022.0,1703.0,1577.0,1456.0,1198.0,1223.0,1205.0,1209.0,952.0,803.0,729.0,578.0,440.0,330.0,89.0,86.0,75.0,11.0
2908101,1457.0,1691.0,1826.0,1935.0,1608.0,1452.0,1338.0,1053.0,1069.0,947.0,787.0,750.0,627.0,555.0,484.0,233.0,165.0,83.0,63.0,18.0,11.0
2908200,1590.0,1778.0,1968.0,1914.0,1828.0,2030.0,1790.0,1532.0,1265.0,1018.0,861.0,727.0,606.0,483.0,416.0,256.0,186.0,87.0,29.0,27.0,0.0
2908309,1053.0,1365.0,1546.0,1719.0,1603.0,1529.0,1422.0,1246.0,1268.0,1166.0,951.0,683.0,535.0,573.0,435.0,255.0,285.0,131.0,74.0,34.0,17.0
2908408,4914.0,5556.0,6023.0,5860.0,5772.0,5729.0,5241.0,4213.0,3919.0,3010.0,2492.0,2319.0,2110.0,1776.0,1240.0,774.0,573.0,232.0,142.0,94.0,49.0
2908507,2274.0,2506.0,2613.0,2589.0,2769.0,3095.0,2834.0,2221.0,2079.0,1611.0,1374.0,1134.0,874.0,784.0,592.0,343.0,249.0,83.0,74.0,15.0,10.0
2908606,2145.0,2708.0,3002.0,2681.0,2057.0,1896.0,1602.0,1364.0,1241.0,1072.0,986.0,686.0,631.0,454.0,353.0,270.0,199.0,172.0,64.0,29.0,9.0
2908705,1149.0,1474.0,1751.0,1523.0,1248.0,1322.0,1208.0,1073.0,976.0,963.0,859.0,728.0,765.0,548.0,481.0,385.0,236.0,91.0,76.0,18.0,24.0
2908804,343.0,385.0,442.0,423.0,398.0,395.0,349.0,262.0,282.0,244.0,249.0,228.0,178.0,149.0,124.0,77.0,67.0,47.0,12.0,8.0,0.0
2908903,1698.0,1871.0,2338.0,2405.0,1979.0,1906.0,1772.0,1477.0,1412.0,1065.0,901.0,941.0,853.0,518.0,485.0,329.0,222.0,117.0,88.0,15.0,10.0
2909000,424.0,681.0,805.0,860.0,710.0,624.0,603.0,531.0,502.0,444.0,439.0,322.0,323.0,266.0,317.0,134.0,105.0,54.0,18.0,6.0,0.0
2909109,1003.0,1226.0,1436.0,1433.0,1125.0,1155.0,978.0,918.0,919.0,817.0,772.0,602.0,496.0,561.0,347.0,241.0,140.0,63.0,40.0,27.0,9.0
2909208,1411.0,1677.0,2000.0,1782.0,1605.0,1326.0,1195.0,1087.0,1080.0,838.0,581.0,627.0,532.0,429.0,288.0,247.0,209.0,99.0,46.0,6.0,0.0
2909307,2441.0,2817.0,3317.0,3246.0,2856.0,2649.0,2301.0,2022.0,1920.0,1679.0,1286.0,1234.0,1086.0,718.0,611.0,390.0,352.0,174.0,114.0,0.0,37.0
2909406,1061.0,1336.0,1474.0,1520.0,1314.0,1084.0,922.0,722.0,728.0,764.0,690.0,548.0,439.0,341.0,302.0,162.0,108.0,73.0,38.0,4.0,7.0
2909505,390.0,495.0,493.0,532.0,466.0,430.0,373.0,272.0,275.0,265.0,245.0,201.0,160.0,125.0,116.0,82.0,48.0,26.0,32.0,12.0,3.0
2909604,1580.0,1973.0,2259.0,2081.0,1564.0,1597.0,1510.0,1326.0,1157.0,916.0,840.0,760.0,742.0,641.0,474.0,252.0,260.0,51.0,40.0,24.0,0.0
2909703,977.0,1150.0,1388.0,1406.0,1231.0,1163.0,921.0,867.0,779.0,750.0,530.0,527.0,401.0,403.0,235.0,226.0,233.0,76.0,12.0,5.0,0.0
2909802,3915.0,4444.0,5037.0,5364.0,5611.0,5778.0,5144.0,4587.0,4121.0,3575.0,2897.0,2129.0,1846.0,1158.0,1075.0,900.0,517.0,293.0,145.0,46.0,24.0
2909901,2998.0,3137.0,3451.0,3252.0,2942.0,2776.0,2462.0,2069.0,1864.0,1536.0,1183.0,990.0,984.0,873.0,598.0,462.0,337.0,126.0,88.0,40.0,0.0
2910008,1172.0,1173.0,1412.0,1395.0,1175.0,1057.0,911.0,684.0,646.0,636.0,601.0,524.0,325.0,448.0,233.0,152.0,135.0,72.0,34.0,47.0,4.0
2910057,6044.0,6026.0,6381.0,6151.0,6524.0,6961.0,6372.0,4973.0,4341.0,3532.0,2900.0,2258.0,1708.0,861.0,624.0,354.0,162.0,141.0,79.0,48.0,0.0
2910107,772.0,899.0,922.0,1044.0,1123.0,1042.0,861.0,762.0,761.0,696.0,597.0,402.0,397.0,357.0,273.0,190.0,133.0,86.0,38.0,0.0,0.0
2910206,261.0,286.0,340.0,365.0,345.0,315.0,313.0,318.0,232.0,206.0,172.0,189.0,110.0,140.0,115.0,67.0,53.0,23.0,16.0,4.0,3.0
2910305,521.0,610.0,661.0,740.0,611.0,663.0,582.0,488.0,468.0,516.0,423.0,375.0,321.0,250.0,252.0,233.0,139.0,55.0,17.0,15.0,7.0
2910404,2123.0,2335.0,2615.0,2380.0,2176.0,1993.0,1650.0,1446.0,1363.0,1248.0,1044.0,917.0,811.0,572.0,534.0,308.0,116.0,84.0,29.0,13.0,10.0
2910503,3328.0,3981.0,4617.0,4258.0,3713.0,3636.0,3250.0,2821.0,2196.0,1962.0,1574.0,1392.0,1024.0,701.0,543.0,362.0,174.0,170.0,131.0,42.0,0.0
2910602,2956.0,3396.0,3956.0,3486.0,2966.0,2885.0,2416.0,2022.0,1812.0,1560.0,1293.0,1072.0,794.0,773.0,459.0,424.0,255.0,93.0,148.0,0.0,37.0
2910701,4525.0,4965.0,5835.0,5542.0,4990.0,4482.0,4185.0,3623.0,3480.0,2876.0,2293.0,2320.0,2050.0,1709.0,1328.0,867.0,624.0,391.0,167.0,37.0,0.0
2910727,8426.0,9073.0,10117.0,9123.0,9555.0,9865.0,8799.0,7120.0,6276.0,5436.0,4582.0,3507.0,2651.0,1943.0,1518.0,1087.0,648.0,283.0,146.0,24.0,17.0
2910750,1164.0,1477.0,1869.0,1890.0,1641.0,1333.0,1290.0,1183.0,1181.0,942.0,730.0,694.0,688.0,521.0,460.0,255.0,143.0,128.0,30.0,34.0,0.0
2910776,450.0,530.0,628.0,614.0,532.0,504.0,472.0,431.0,374.0,341.0,270.0,299.0,199.0,206.0,154.0,91.0,34.0,24.0,30.0,0.0,0.0
2910800,40674.0,44522.0,48874.0,50211.0,54818.0,57544.0,51318.0,43348.0,38498.0,32201.0,26589.0,19390.0,15154.0,11992.0,8458.0,5576.0,3980.0,1998.0,1097.0,353.0,48.0
2910859,1377.0,1518.0,1664.0,1675.0,1566.0,1376.0,1324.0,1145.0,996.0,750.0,682.0,604.0,596.0,497.0,361.0,314.0,150.0,105.0,25.0,16.0,0.0
2910909,396.0,500.0,511.0,532.0,535.0,477.0,367.0,267.0,311.0,291.0,285.0,180.0,197.0,147.0,154.0,113.0,57.0,46.0,8.0,8.0,0.0
2911006,810.0,916.0,1042.0,1007.0,902.0,867.0,727.0,605.0,605.0,610.0,588.0,436.0,380.0,403.0,340.0,212.0,103.0,65.0,24.0,10.0,8.0
2911105,2122.0,2274.0,2581.0,2464.0,2389.0,2238.0,1717.0,1391.0,1124.0,921.0,789.0,763.0,512.0,495.0,286.0,214.0,127.0,82.0,12.0,27.0,0.0
2911204,2574.0,2761.0,2915.0,2910.0,2998.0,2959.0,2559.0,1872.0,1810.0,1676.0,1321.0,1225.0,786.0,657.0,452.0,467.0,179.0,88.0,56.0,62.0,10.0
2911253,263.0,369.0,393.0,460.0,416.0,340.0,313.0,271.0,318.0,278.0,251.0,212.0,181.0,166.0,121.0,81.0,62.0,40.0,20.0,5.0,0.0
2911303,792.0,997.0,1114.0,1003.0,887.0,829.0,725.0,610.0,625.0,593.0,492.0,471.0,448.0,299.0,267.0,239.0,120.0,82.0,19.0,7.0,4.0
2911402,1244.0,1194.0,1470.0,1474.0,1563.0,1348.0,1181.0,1017.0,955.0,805.0,538.0,656.0,434.0,427.0,260.0,201.0,188.0,78.0,32.0,11.0,0.0
2911501,642.0,755.0,829.0,875.0,847.0,770.0,615.0,468.0,436.0,450.0,396.0,335.0,310.0,191.0,179.0,120.0,87.0,36.0,13.0,3.0,0.0
2911600,1599.0,1715.0,1899.0,1953.0,1992.0,1825.0,1584.0,1253.0,1271.0,1039.0,885.0,772.0,600.0,453.0,395.0,234.0,146.0,95.0,93.0,16.0,0.0
2911659,669.0,801.0,995.0,1104.0,959.0,855.0,678.0,619.0,618.0,577.0,496.0,441.0,471.0,313.0,323.0,223.0,159.0,52.0,43.0,16.0,0.0
2911709,5540.0,6031.0,6624.0,7454.0,7820.0,7157.0,6412.0,5805.0,5790.0,4728.0,3823.0,3044.0,2433.0,2069.0,1594.0,1136.0,798.0,377.0,121.0,50.0,26.0
2911808,1764.0,2108.0,2317.0,2144.0,1851.0,1711.0,1589.0,1225.0,1337.0,1130.0,1216.0,923.0,825.0,707.0,526.0,414.0,129.0,153.0,54.0,33.0,8.0
2911857,905.0,1184.0,1485.0,1415.0,1143.0,1025.0,887.0,882.0,881.0,707.0,564.0,490.0,475.0,397.0,348.0,178.0,95.0,90.0,28.0,13.0,0.0
2911907,2061.0,2416.0,2911.0,2834.0,2126.0,1987.0,1750.0,1571.0,1438.0,1298.0,1214.0,846.0,805.0,782.0,529.0,515.0,307.0,158.0,105.0,51.0,32.0
2912004,615.0,721.0,789.0,866.0,917.0,860.0,798.0,712.0,705.0,619.0,535.0,422.0,372.0,333.0,274.0,233.0,172.0,55.0,35.0,29.0,0.0
2912103,1775.0,2204.0,2369.0,2195.0,1958.0,1910.0,1811.0,1418.0,1394.0,1298.0,1444.0,1007.0,963.0,790.0,741.0,421.0,347.0,137.0,51.0,28.0,13.0
2912202,1765.0,1754.0,1788.0,1759.0,2061.0,1996.0,1444.0,1046.0,911.0,684.0,565.0,475.0,305.0,224.0,217.0,133.0,83.0,41.0,31.0,0.0,1.0
2912301,1170.0,1412.0,1424.0,1542.0,1329.0,1321.0,1239.0,954.0,958.0,905.0,763.0,643.0,559.0,469.0,398.0,300.0,201.0,115.0,62.0,21.0,0.0
2912400,1307.0,1560.0,1567.0,1572.0,1466.0,1480.0,1243.0,1220.0,1100.0,946.0,821.0,681.0,599.0,494.0,360.0,241.0,182.0,85.0,62.0,11.0,11.0
2912509,942.0,1199.0,1426.0,1479.0,1257.0,1254.0,1043.0,839.0,896.0,727.0,634.0,488.0,503.0,487.0,367.0,298.0,201.0,78.0,41.0,6.0,6.0
2912608,396.0,478.0,535.0,507.0,360.0,370.0,323.0,284.0,288.0,244.0,240.0,217.0,236.0,115.0,97.0,70.0,48.0,47.0,5.0,6.0,0.0
2912707,2193.0,2469.0,2793.0,2396.0,2040.0,1694.0,1558.0,1127.0,1130.0,1085.0,997.0,874.0,662.0,520.0,337.0,337.0,227.0,96.0,20.0,30.0,13.0
2912806,628.0,707.0,733.0,714.0,669.0,665.0,583.0,521.0,487.0,482.0,387.0,307.0,286.0,262.0,192.0,151.0,93.0,39.0,38.0,13.0,0.0
2912905,1523.0,1582.0,1795.0,1839.0,1767.0,1602.0,1394.0,1090.0,1058.0,1034.0,1022.0,791.0,674.0,552.0,377.0,429.0,240.0,91.0,23.0,28.0,31.0
2913002,1000.0,1243.0,1523.0,1603.0,1312.0,1285.0,1101.0,896.0,962.0,806.0,838.0,584.0,674.0,513.0,471.0,248.0,240.0,145.0,53.0,5.0,6.0
2913101,1401.0,1627.0,1692.0,1746.0,1476.0,1437.0,1286.0,1199.0,1194.0,997.0,849.0,671.0,643.0,552.0,465.0,264.0,179.0,94.0,35.0,28.0,6.0
2913200,2100.0,2272.0,2684.0,2644.0,2393.0,2296.0,1969.0,1583.0,1484.0,1305.0,1205.0,775.0,943.0,521.0,394.0,286.0,282.0,186.0,84.0,19.0,0.0
2913309,386.0,419.0,483.0,503.0,456.0,454.0,370.0,348.0,374.0,301.0,261.0,200.0,153.0,191.0,130.0,63.0,75.0,50.0,27.0,6.0,6.0
2913408,1052.0,1197.0,1333.0,1527.0,1471.0,1421.0,1214.0,954.0,942.0,823.0,738.0,585.0,485.0,453.0,363.0,252.0,229.0,94.0,47.0,20.0,4.0
2913457,1261.0,1445.0,1725.0,1456.0,1312.0,1132.0,988.0,754.0,675.0,633.0,559.0,407.0,301.0,268.0,173.0,120.0,93.0,18.0,11.0,6.0,5.0
2913507,1986.0,2382.0,2534.0,2449.0,2253.0,1996.0,1863.0,1609.0,1568.0,1338.0,1165.0,1035.0,784.0,934.0,662.0,609.0,248.0,134.0,117.0,39.0,0.0
2913606,13742.0,15422.0,17179.0,16457.0,16497.0,16660.0,15208.0,12860.0,12279.0,11277.0,9784.0,7777.0,5679.0,4384.0,3670.0,2502.0,1576.0,602.0,519.0,92.0,69.0
2913705,3218.0,3549.0,4112.0,3854.0,3379.0,3151.0,2782.0,2299.0,1997.0,1621.0,1284.0,1320.0,1047.0,984.0,602.0,485.0,270.0,225.0,72.0,45.0,10.0
2913804,1039.0,1330.0,1603.0,1629.0,1525.0,1343.0,1116.0,854.0,840.0,729.0,768.0,547.0,537.0,471.0,394.0,294.0,162.0,88.0,37.0,16.0,9.0
2913903,3310.0,3679.0,4115.0,4039.0,4032.0,4326.0,3607.0,2740.0,2570.0,2536.0,2378.0,1878.0,1438.0,1138.0,983.0,692.0,497.0,277.0,87.0,35.0,33.0
2914000,4482.0,5510.0,6032.0,6161.0,5341.0,4919.0,4111.0,3654.0,3391.0,2863.0,2803.0,2143.0,2252.0,1806.0,1367.0,1152.0,551.0,375.0,262.0,135.0,32.0
2914109,650.0,725.0,802.0,885.0,733.0,743.0,591.0,588.0,610.0,562.0,538.0,395.0,435.0,308.0,286.0,222.0,124.0,53.0,31.0,4.0,0.0
2914208,560.0,676.0,731.0,649.0,592.0,573.0,497.0,439.0,396.0,356.0,336.0,291.0,243.0,196.0,170.0,130.0,77.0,36.0,38.0,10.0,7.0
2914307,968.0,1089.0,1312.0,1249.0,1118.0,920.0,897.0,587.0,695.0,602.0,623.0,478.0,451.0,391.0,208.0,161.0,141.0,51.0,25.0,15.0,11.0
2914406,1942.0,2270.0,2586.0,2395.0,2104.0,1858.0,1570.0,1261.0,1291.0,1076.0,1041.0,745.0,620.0,644.0,456.0,327.0,214.0,111.0,61.0,22.0,8.0
2914505,2030.0,2392.0,2787.0,3045.0,2585.0,2327.0,1970.0,1762.0,1607.0,1345.0,1239.0,912.0,1002.0,787.0,780.0,415.0,247.0,117.0,60.0,43.0,15.0
2914604,5361.0,5798.0,6462.0,6236.0,6323.0,6327.0,5815.0,5015.0,4529.0,3657.0,2914.0,2182.0,1688.0,1447.0,968.0,611.0,356.0,311.0,152.0,11.0,17.0
2914653,2652.0,2934.0,3253.0,2928.0,2756.0,2538.0,2114.0,1704.0,1576.0,1357.0,1177.0,968.0,733.0,615.0,236.0,469.0,227.0,57.0,28.0,45.0,22.0
2914703,4787.0,5616.0,5950.0,5797.0,5948.0,5698.0,4904.0,4127.0,3665.0,3271.0,2544.0,2267.0,1715.0,1778.0,1108.0,1050.0,759.0,372.0,194.0,60.0,21.0
2914802,14102.0,15538.0,17128.0,17526.0,19620.0,19802.0,17452.0,14444.0,13493.0,12711.0,11682.0,8635.0,6698.0,5242.0,4356.0,2727.0,1841.0,921.0,454.0,239.0,58.0
2914901,2368.0,2568.0,2728.0,2439.0,2366.0,2321.0,2008.0,1489.0,1365.0,1150.0,919.0,806.0,617.0,433.0,393.0,160.0,98.0,58.0,27.0,5.0,0.0
2915007,1233.0,1483.0,1768.0,1740.0,1344.0,1149.0,967.0,814.0,765.0,677.0,625.0,519.0,426.0,479.0,311.0,232.0,168.0,133.0,48.0,38.0,5.0
2915106,1007.0,1176.0,1449.0,1424.0,1038.0,967.0,849.0,731.0,726.0,705.0,644.0,575.0,401.0,430.0,309.0,329.0,100.0,85.0,68.0,22.0,15.0
2915205,1173.0,1331.0,1394.0,1530.0,1396.0,1392.0,1052.0,885.0,859.0,835.0,794.0,657.0,433.0,528.0,356.0,204.0,202.0,80.0,69.0,24.0,0.0
2915304,543.0,699.0,713.0,665.0,543.0,628.0,553.0,429.0,396.0,386.0,353.0,299.0,237.0,222.0,187.0,99.0,86.0,28.0,30.0,10.0,4.0
2915353,1229.0,1338.0,1526.0,1467.0,1168.0,1057.0,881.0,835.0,803.0,628.0,541.0,444.0,423.0,296.0,268.0,125.0,79.0,50.0,40.0,6.0,5.0
2915403,683.0,788.0,743.0,706.0,543.0,569.0,568.0,494.0,399.0,380.0,310.0,322.0,242.0,194.0,112.0,101.0,75.0,49.0,21.0,10.0,0.0
2915502,1550.0,1799.0,2024.0,2041.0,1900.0,1709.0,1593.0,1336.0,1292.0,1197.0,1053.0,920.0,692.0,666.0,495.0,437.0,236.0,92.0,28.0,13.0,8.0
2915601,5041.0,5929.0,6385.0,6219.0,5656.0,5521.0,4928.0,4048.0,3676.0,3475.0,3126.0,2371.0,1966.0,1682.0,1068.0,963.0,546.0,281.0,120.0,35.0,33.0
2915700,648.0,753.0,831.0,741.0,654.0,688.0,628.0,436.0,403.0,418.0,411.0,349.0,254.0,194.0,166.0,138.0,79.0,60.0,26.0,23.0,4.0
2915809,1730.0,2250.0,2357.0,2267.0,2127.0,2006.0,1818.0,1459.0,1360.0,1116.0,996.0,850.0,723.0,680.0,607.0,414.0,182.0,84.0,50.0,13.0,0.0
2915908,693.0,846.0,859.0,875.0,737.0,701.0,578.0,480.0,416.0,327.0,286.0,223.0,164.0,148.0,119.0,71.0,51.0,11.0,9.0,0.0,4.0
2916005,1302.0,1608.0,1973.0,1929.0,1690.0,1467.0,1276.0,1268.0,1305.0,1258.0,1234.0,807.0,800.0,732.0,705.0,350.0,337.0,116.0,41.0,17.0,0.0
2916104,1527.0,1682.0,2183.0,1971.0,1604.0,1884.0,1865.0,1582.0,1421.0,1179.0,1065.0,723.0,693.0,513.0,352.0,201.0,120.0,121.0,10.0,20.0,10.0
2916203,871.0,967.0,1022.0,1090.0,1027.0,969.0,774.0,744.0,630.0,590.0,507.0,459.0,375.0,308.0,234.0,226.0,98.0,66.0,37.0,0.0,0.0
2916302,968.0,1096.0,1230.0,1038.0,812.0,811.0,801.0,584.0,635.0,585.0,453.0,446.0,250.0,319.0,146.0,157.0,76.0,52.0,23.0,9.0,5.0
2916401,5260.0,5783.0,6154.0,5977.0,6949.0,6981.0,5769.0,4806.0,4306.0,3558.0,3240.0,2271.0,2029.0,1792.0,1482.0,772.0,579.0,303.0,179.0,58.0,23.0
2916500,2937.0,3249.0,3894.0,3544.0,2745.0,2481.0,2287.0,1959.0,1897.0,1460.0,1284.0,1045.0,960.0,915.0,609.0,395.0,265.0,164.0,143.0,27.0,0.0
2916609,816.0,894.0,988.0,1015.0,929.0,911.0,778.0,665.0,661.0,562.0,501.0,356.0,282.0,297.0,206.0,134.0,138.0,28.0,17.0,15.0,14.0
2916708,540.0,588.0,804.0,821.0,747.0,583.0,583.0,477.0,462.0,424.0,354.0,334.0,246.0,210.0,185.0,159.0,66.0,31.0,39.0,19.0,6.0
2916807,1328.0,1593.0,1747.0,1687.0,1683.0,1674.0,1421.0,1248.0,1117.0,1072.0,840.0,777.0,641.0,595.0,383.0,342.0,220.0,104.0,38.0,16.0,13.0
2916856,1170.0,1412.0,1422.0,1550.0,1398.0,1392.0,1165.0,910.0,856.0,747.0,580.0,426.0,427.0,319.0,275.0,219.0,126.0,70.0,37.0,15.0,6.0
2916906,940.0,1086.0,1207.0,1208.0,1126.0,1130.0,939.0,744.0,763.0,727.0,593.0,562.0,385.0,417.0,373.0,212.0,148.0,62.0,58.0,4.0,10.0
2917003,3106.0,3586.0,4117.0,3722.0,3154.0,2843.0,2523.0,2182.0,2104.0,1698.0,1341.0,1383.0,1356.0,973.0,861.0,428.0,412.0,130.0,131.0,40.0,23.0
2917102,1529.0,1718.0,1850.0,1842.0,1831.0,1801.0,1477.0,1089.0,1070.0,1079.0,1064.0,807.0,789.0,635.0,561.0,293.0,239.0,136.0,93.0,11.0,0.0
2917201,1324.0,1532.0,1759.0,1741.0,1720.0,1596.0,1374.0,1160.0,1104.0,967.0,868.0,725.0,656.0,495.0,428.0,257.0,170.0,106.0,114.0,16.0,14.0
2917300,2324.0,2644.0,2782.0,2808.0,2566.0,2398.0,2041.0,1631.0,1591.0,1272.0,1268.0,830.0,736.0,571.0,382.0,390.0,167.0,92.0,68.0,19.0,12.0
2917334,875.0,1071.0,1190.0,1252.0,1128.0,966.0,744.0,668.0,667.0,536.0,423.0,411.0,312.0,246.0,183.0,136.0,64.0,26.0,3.0,0.0,0.0
2917359,581.0,609.0,947.0,966.0,832.0,760.0,673.0,629.0,584.0,491.0,435.0,343.0,313.0,268.0,243.0,141.0,67.0,69.0,22.0,0.0,0.0
2917409,841.0,955.0,1124.0,1318.0,1245.0,1157.0,952.0,831.0,885.0,824.0,801.0,580.0,629.0,442.0,395.0,289.0,197.0,73.0,89.0,23.0,0.0
2917508,6017.0,6654.0,7614.0,7448.0,7152.0,7008.0,6437.0,5656.0,5094.0,4302.0,3782.0,2898.0,2708.0,2301.0,1532.0,1120.0,833.0,418.0,183.0,89.0,0.0
2917607,4246.0,4872.0,5423.0,4937.0,4340.0,4463.0,3942.0,3267.0,2918.0,2663.0,2310.0,1855.0,1699.0,1187.0,1080.0,758.0,544.0,278.0,191.0,24.0,15.0
2917706,2183.0,2627.0,2941.0,2722.0,2735.0,2535.0,2403.0,2220.0,2000.0,1695.0,1375.0,1123.0,926.0,1005.0,616.0,585.0,309.0,210.0,85.0,40.0,8.0
2917805,1382.0,1572.0,1879.0,1690.0,1525.0,1492.0,1274.0,1084.0,954.0,820.0,580.0,687.0,478.0,380.0,288.0,156.0,108.0,89.0,24.0,5.0,0.0
2917904,1004.0,1126.0,1290.0,1068.0,936.0,838.0,763.0,643.0,507.0,501.0,336.0,371.0,259.0,216.0,215.0,123.0,72.0,48.0,0.0,15.0,0.0
2918001,11331.0,12086.0,13282.0,14026.0,14125.0,14270.0,12850.0,10555.0,9676.0,8574.0,7840.0,5984.0,4647.0,3884.0,3186.0,2282.0,1715.0,886.0,422.0,175.0,98.0
2918100,3055.0,3771.0,3976.0,3905.0,3237.0,2920.0,2647.0,2370.0,2334.0,1930.0,1497.0,1499.0,1156.0,1217.0,943.0,595.0,285.0,248.0,85.0,9.0,0.0
2918209,1120.0,1226.0,1359.0,1371.0,1390.0,1304.0,1085.0,887.0,853.0,804.0,662.0,537.0,423.0,293.0,308.0,202.0,144.0,91.0,31.0,9.0,20.0
2918308,1052.0,1287.0,1389.0,1472.0,1339.0,1123.0,1012.0,769.0,770.0,779.0,716.0,555.0,435.0,441.0,347.0,278.0,185.0,96.0,42.0,24.0,3.0
2918357,2096.0,2318.0,2358.0,2264.0,1977.0,1998.0,1876.0,1507.0,1292.0,1043.0,926.0,733.0,719.0,463.0,271.0,345.0,172.0,80.0,68.0,44.0,0.0
2918407,17333.0,18472.0,19553.0,19245.0,19430.0,18308.0,17224.0,14841.0,13000.0,10603.0,8281.0,5959.0,5040.0,3793.0,2763.0,1606.0,1233.0,713.0,350.0,183.0,35.0
2918456,780.0,967.0,1112.0,1060.0,867.0,778.0,722.0,578.0,614.0,560.0,509.0,504.0,388.0,320.0,197.0,151.0,100.0,60.0,23.0,0.0,0.0
2918506,1400.0,1508.0,1532.0,1574.0,1306.0,1230.0,1031.0,898.0,890.0,730.0,618.0,579.0,574.0,408.0,313.0,181.0,130.0,76.0,51.0,18.0,5.0
2918555,488.0,614.0,686.0,650.0,509.0,504.0,503.0,410.0,336.0,340.0,318.0,282.0,263.0,150.0,178.0,122.0,59.0,48.0,14.0,0.0,0.0
2918605,467.0,510.0,586.0,678.0,671.0,637.0,600.0,499.0,549.0,466.0,491.0,383.0,373.0,307.0,306.0,209.0,153.0,46.0,66.0,24.0,11.0
2918704,248.0,271.0,331.0,320.0,386.0,356.0,281.0,229.0,224.0,225.0,244.0,192.0,124.0,150.0,116.0,81.0,73.0,26.0,14.0,0.0,10.0
2918753,940.0,1184.0,1454.0,1533.0,1549.0,1257.0,1024.0,821.0,751.0,671.0,591.0,528.0,492.0,334.0,326.0,178.0,117.0,95.0,59.0,23.0,6.0
2918803,1767.0,2021.0,2265.0,2250.0,2085.0,1980.0,1785.0,1556.0,1396.0,1200.0,931.0,795.0,640.0,497.0,341.0,355.0,160.0,98.0,20.0,40.0,20.0
2918902,299.0,280.0,343.0,328.0,276.0,325.0,256.0,253.0,248.0,214.0,210.0,182.0,152.0,119.0,105.0,65.0,38.0,23.0,9.0,6.0,2.0
2919009,329.0,368.0,410.0,413.0,325.0,315.0,245.0,264.0,245.0,216.0,181.0,156.0,167.0,106.0,78.0,41.0,45.0,19.0,11.0,0.0,4.0
2919058,626.0,767.0,838.0,865.0,706.0,668.0,625.0,558.0,497.0,409.0,381.0,336.0,274.0,240.0,194.0,176.0,57.0,60.0,17.0,5.0,7.0
2919108,773.0,898.0,1059.0,1033.0,883.0,760.0,631.0,599.0,542.0,416.0,411.0,335.0,410.0,211.0,206.0,105.0,133.0,95.0,44.0,11.0,4.0
2919157,2245.0,2465.0,2613.0,2560.0,2283.0,2271.0,2003.0,1727.0,1622.0,1306.0,972.0,1044.0,897.0,510.0,417.0,276.0,213.0,153.0,58.0,11.0,0.0
2919207,11981.0,12736.0,14290.0,13528.0,15259.0,17518.0,16580.0,13895.0,11628.0,9799.0,8285.0,6312.0,4714.0,2580.0,1718.0,1366.0,658.0,410.0,109.0,78.0,5.0
2919306,969.0,1001.0,1138.0,1020.0,1041.0,1024.0,792.0,671.0,585.0,537.0,439.0,289.0,287.0,175.0,118.0,120.0,79.0,53.0,18.0,5.0,6.0
2919405,877.0,985.0,1047.0,1218.0,1057.0,1031.0,868.0,739.0,799.0,716.0,615.0,585.0,517.0,372.0,362.0,212.0,167.0,68.0,59.0,12.0,5.0
2919504,3000.0,3381.0,3848.0,3980.0,4169.0,3973.0,3462.0,2929.0,2836.0,2319.0,2045.0,1551.0,1594.0,1191.0,903.0,637.0,538.0,113.0,154.0,61.0,9.0
2919553,6111.0,5766.0,5913.0,5568.0,7560.0,7537.0,6068.0,4761.0,3592.0,2912.0,1754.0,982.0,555.0,435.0,361.0,156.0,21.0,41.0,10.0,0.0,0.0
2919603,969.0,1228.0,1242.0,1118.0,836.0,816.0,726.0,680.0,618.0,573.0,490.0,461.0,442.0,285.0,259.0,158.0,148.0,106.0,40.0,30.0,4.0
2919702,1315.0,1421.0,1720.0,1748.0,1721.0,1444.0,1296.0,1045.0,1054.0,885.0,768.0,621.0,594.0,481.0,378.0,252.0,172.0,88.0,43.0,35.0,11.0
2919801,3316.0,4174.0,4724.0,5024.0,4446.0,4105.0,3468.0,2750.0,2850.0,2515.0,2217.0,1679.0,1569.0,1416.0,867.0,800.0,483.0,345.0,177.0,66.0,59.0
2919900,701.0,806.0,812.0,763.0,743.0,692.0,600.0,501.0,460.0,382.0,306.0,255.0,295.0,231.0,214.0,141.0,61.0,56.0,25.0,26.0,4.0
2919926,1243.0,1341.0,1603.0,1505.0,1666.0,1798.0,1616.0,1410.0,1317.0,1129.0,777.0,676.0,477.0,307.0,207.0,146.0,102.0,41.0,10.0,5.0,0.0
2919959,416.0,629.0,649.0,697.0,547.0,590.0,464.0,414.0,420.0,365.0,333.0,325.0,334.0,265.0,203.0,149.0,116.0,52.0,62.0,8.0,0.0
2920007,715.0,784.0,851.0,830.0,757.0,799.0,673.0,567.0,511.0,486.0,459.0,324.0,331.0,213.0,188.0,122.0,61.0,51.0,33.0,17.0,9.0
2920106,1353.0,1721.0,1997.0,2029.0,1604.0,1459.0,1303.0,1141.0,1109.0,1006.0,919.0,867.0,780.0,702.0,407.0,358.0,338.0,132.0,60.0,35.0,5.0
2920205,1469.0,1742.0,1904.0,1812.0,1544.0,1289.0,1147.0,905.0,875.0,820.0,604.0,531.0,404.0,364.0,241.0,159.0,129.0,57.0,9.0,8.0,0.0
2920304,575.0,661.0,811.0,828.0,721.0,724.0,620.0,577.0,581.0,484.0,380.0,330.0,312.0,322.0,207.0,142.0,89.0,64.0,29.0,9.0,2.0
2920403,1103.0,1296.0,1545.0,1518.0,1259.0,1141.0,1004.0,899.0,827.0,679.0,722.0,522.0,533.0,429.0,281.0,188.0,174.0,152.0,67.0,32.0,16.0
2920452,1013.0,1298.0,1382.0,1446.0,1227.0,1153.0,880.0,694.0,590.0,636.0,518.0,442.0,390.0,302.0,262.0,143.0,97.0,73.0,28.0,18.0,0.0
2920502,1744.0,2132.0,2418.0,2552.0,2154.0,2151.0,1735.0,1435.0,1496.0,1448.0,1120.0,1068.0,897.0,691.0,590.0,353.0,305.0,157.0,128.0,33.0,6.0
2920601,3133.0,3557.0,3959.0,4151.0,4143.0,4178.0,3517.0,3138.0,2738.0,2251.0,1691.0,1753.0,1244.0,1044.0,911.0,612.0,406.0,259.0,94.0,25.0,11.0
2920700,1792.0,2059.0,2152.0,1922.0,1876.0,1709.0,1419.0,1108.0,1063.0,1031.0,850.0,553.0,485.0,430.0,295.0,216.0,69.0,36.0,37.0,0.0,0.0
2920809,899.0,1007.0,1230.0,1221.0,936.0,800.0,698.0,619.0,594.0,480.0,485.0,314.0,303.0,272.0,184.0,165.0,133.0,78.0,40.0,30.0,12.0
2920908,1389.0,1457.0,1703.0,1386.0,1233.0,1105.0,1001.0,769.0,804.0,772.0,611.0,659.0,599.0,320.0,315.0,225.0,177.0,39.0,48.0,23.0,4.0
2921005,3233.0,3564.0,3759.0,3783.0,3918.0,4279.0,3811.0,2948.0,2454.0,2104.0,1640.0,1468.0,1073.0,705.0,566.0,344.0,323.0,119.0,75.0,18.0,0.0
2921054,953.0,990.0,1166.0,1246.0,1069.0,942.0,809.0,728.0,635.0,521.0,521.0,360.0,371.0,250.0,216.0,159.0,126.0,53.0,14.0,12.0,4.0
2921104,1611.0,1782.0,2081.0,2002.0,1808.0,1645.0,1547.0,1443.0,1425.0,1261.0,1010.0,984.0,664.0,899.0,505.0,410.0,282.0,117.0,21.0,52.0,11.0
2921203,2097.0,2240.0,2621.0,2650.0,2434.0,2216.0,1928.0,1710.0,1603.0,1372.0,1265.0,991.0,980.0,714.0,552.0,399.0,329.0,208.0,124.0,21.0,21.0
2921302,801.0,908.0,1041.0,1045.0,921.0,822.0,785.0,726.0,628.0,510.0,439.0,383.0,384.0,243.0,174.0,229.0,150.0,62.0,26.0,0.0,29.0
2921401,1261.0,1602.0,1813.0,1732.0,1418.0,1338.0,1167.0,1001.0,936.0,789.0,823.0,521.0,602.0,421.0,328.0,242.0,152.0,83.0,28.0,15.0,6.0
2921450,702.0,960.0,1037.0,1074.0,947.0,905.0,837.0,673.0,582.0,530.0,447.0,409.0,299.0,430.0,289.0,134.0,106.0,73.0,55.0,18.0,0.0
2921500,4377.0,4999.0,5793.0,5354.0,4483.0,3918.0,3599.0,3193.0,3297.0,2467.0,2051.0,1818.0,1992.0,1832.0,1193.0,878.0,556.0,315.0,190.0,33.0,0.0
2921609,619.0,780.0,847.0,844.0,650.0,627.0,488.0,470.0,489.0,503.0,457.0,338.0,301.0,303.0,189.0,157.0,110.0,48.0,43.0,17.0,0.0
2921708,3174.0,3403.0,4022.0,3645.0,3053.0,2705.0,2397.0,2168.0,2012.0,1871.0,1799.0,1084.0,1231.0,782.0,642.0,513.0,379.0,246.0,29.0,9.0,0.0
2921807,848.0,869.0,1089.0,1251.0,1113.0,926.0,843.0,741.0,802.0,745.0,636.0,595.0,508.0,474.0,419.0,282.0,149.0,137.0,33.0,16.0,0.0
2921906,874.0,999.0,989.0,1042.0,1034.0,980.0,841.0,681.0,652.0,517.0,469.0,318.0,336.0,255.0,203.0,139.0,102.0,78.0,18.0,12.0,6.0
2922003,3239.0,3421.0,4014.0,3687.0,3200.0,3351.0,2988.0,2541.0,2307.0,1899.0,1478.0,1276.0,815.0,654.0,395.0,416.0,217.0,72.0,24.0,31.0,0.0
2922052,1078.0,1324.0,1463.0,1306.0,1189.0,1062.0,874.0,699.0,642.0,582.0,567.0,306.0,357.0,258.0,219.0,180.0,58.0,55.0,25.0,4.0,0.0
2922102,1948.0,2293.0,2737.0,2632.0,2278.0,1949.0,1744.0,1525.0,1339.0,1231.0,1189.0,731.0,709.0,664.0,564.0,243.0,282.0,176.0,127.0,22.0,12.0
2922201,514.0,503.0,641.0,693.0,660.0,703.0,626.0,571.0,481.0,432.0,319.0,300.0,278.0,184.0,156.0,100.0,61.0,40.0,40.0,7.0,8.0
2922250,1110.0,1139.0,1281.0,1112.0,934.0,871.0,732.0,601.0,533.0,455.0,413.0,261.0,241.0,247.0,153.0,97.0,40.0,29.0,22.0,0.0,3.0
2922300,1950.0,2345.0,2716.0,2780.0,2683.0,2791.0,2319.0,2119.0,1912.0,1651.0,1356.0,996.0,835.0,815.0,661.0,419.0,243.0,222.0,76.0,11.0,0.0
2922409,1447.0,1861.0,1939.0,1999.0,2070.0,1915.0,1791.0,1393.0,1374.0,1206.0,1111.0,828.0,645.0,504.0,532.0,407.0,169.0,186.0,30.0,22.0,20.0
2922508,2053.0,2058.0,2588.0,2612.0,2543.0,2596.0,2293.0,1934.0,1810.0,1614.0,1264.0,963.0,798.0,598.0,557.0,389.0,345.0,201.0,38.0,11.0,9.0
2922607,1011.0,1214.0,1349.0,1317.0,1207.0,1157.0,978.0,797.0,744.0,593.0,509.0,489.0,369.0,250.0,227.0,143.0,106.0,47.0,11.0,12.0,0.0
2922656,928.0,1248.0,1434.0,1315.0,1115.0,998.0,868.0,700.0,684.0,576.0,516.0,422.0,483.0,318.0,307.0,167.0,122.0,104.0,53.0,14.0,0.0
2922706,1263.0,1552.0,1655.0,1469.0,1229.0,1199.0,1177.0,1082.0,1090.0,981.0,947.0,647.0,726.0,414.0,396.0,420.0,189.0,166.0,82.0,14.0,15.0
2922730,476.0,590.0,691.0,729.0,616.0,541.0,647.0,522.0,572.0,472.0,382.0,308.0,288.0,270.0,202.0,108.0,108.0,57.0,21.0,3.0,0.0
2922755,531.0,616.0,633.0,665.0,594.0,613.0,538.0,415.0,400.0,357.0,352.0,234.0,204.0,140.0,126.0,137.0,46.0,36.0,8.0,3.0,0.0
2922805,669.0,702.0,859.0,868.0,652.0,565.0,509.0,467.0,422.0,337.0,332.0,227.0,190.0,180.0,167.0,105.0,91.0,55.0,31.0,7.0,0.0
2922854,559.0,762.0,809.0,814.0,796.0,747.0,625.0,498.0,447.0,377.0,289.0,295.0,279.0,280.0,190.0,108.0,96.0,24.0,32.0,7.0,0.0
2922904,1901.0,2379.0,2816.0,2448.0,1819.0,1727.0,1654.0,1536.0,1487.0,1220.0,1013.0,894.0,981.0,726.0,556.0,430.0,252.0,194.0,74.0,18.0,10.0
2923001,3573.0,3873.0,4224.0,3873.0,3388.0,3376.0,3059.0,2579.0,2249.0,1942.0,1780.0,1308.0,1025.0,838.0,597.0,330.0,293.0,118.0,82.0,11.0,37.0
2923035,849.0,859.0,917.0,979.0,1013.0,997.0,746.0,680.0,639.0,592.0,579.0,368.0,449.0,286.0,205.0,253.0,119.0,83.0,45.0,16.0,0.0
2923050,1055.0,1467.0,1628.0,1462.0,1549.0,1350.0,1158.0,889.0,928.0,811.0,695.0,516.0,583.0,299.0,289.0,159.0,122.0,46.0,35.0,10.0,0.0
2923100,1991.0,2470.0,2730.0,2494.0,2232.0,1989.0,1907.0,1588.0,1522.0,1204.0,1006.0,937.0,771.0,724.0,556.0,358.0,259.0,149.0,23.0,32.0,0.0
2923209,1540.0,2002.0,2456.0,2380.0,1713.0,1638.0,1397.0,1248.0,1264.0,1191.0,814.0,921.0,953.0,695.0,562.0,456.0,316.0,202.0,41.0,37.0,7.0
2923308,572.0,635.0,769.0,936.0,861.0,745.0,622.0,526.0,488.0,454.0,368.0,292.0,254.0,213.0,180.0,174.0,130.0,36.0,26.0,18.0,0.0
2923357,1494.0,1694.0,1803.0,1631.0,1460.0,1479.0,1295.0,1104.0,943.0,740.0,704.0,510.0,537.0,385.0,301.0,153.0,98.0,54.0,35.0,5.0,0.0
2923407,1514.0,1698.0,2020.0,2216.0,2043.0,1852.0,1565.0,1337.0,1284.0,1180.0,1053.0,799.0,694.0,557.0,376.0,323.0,170.0,67.0,10.0,17.0,0.0
2923506,712.0,837.0,895.0,765.0,681.0,717.0,686.0,522.0,520.0,419.0,360.0,286.0,181.0,302.0,220.0,92.0,102.0,49.0,52.0,13.0,0.0
2923605,1330.0,1521.0,1704.0,1968.0,2064.0,1983.0,1667.0,1385.0,1394.0,1194.0,1096.0,825.0,827.0,583.0,401.0,269.0,302.0,229.0,227.0,23.0,11.0
2923704,2592.0,2795.0,3217.0,3523.0,2805.0,2446.0,2019.0,1596.0,1543.0,1397.0,1297.0,954.0,786.0,963.0,673.0,364.0,260.0,132.0,132.0,11.0,0.0
2923803,2046.0,2327.0,2893.0,2879.0,2483.0,2059.0,2007.0,1834.0,1829.0,1492.0,1255.0,1016.0,1005.0,851.0,692.0,493.0,328.0,225.0,45.0,20.0,0.0
2923902,1011.0,1254.0,1195.0,1050.0,938.0,830.0,767.0,609.0,577.0,522.0,541.0,366.0,335.0,294.0,267.0,118.0,85.0,42.0,32.0,14.0,5.0
2924009,8381.0,9085.0,10310.0,10005.0,9970.0,9161.0,9423.0,8176.0,7192.0,6006.0,4772.0,4323.0,3683.0,2740.0,2194.0,1437.0,820.0,527.0,122.0,56.0,11.0
2924058,963.0,1200.0,1407.0,1447.0,1129.0,1004.0,1020.0,878.0,972.0,716.0,639.0,464.0,562.0,402.0,322.0,261.0,165.0,123.0,59.0,15.0,5.0
2924108,438.0,652.0,681.0,761.0,605.0,539.0,482.0,391.0,395.0,352.0,270.0,272.0,255.0,197.0,202.0,140.0,114.0,74.0,25.0,20.0,11.0
2924207,1501.0,1886.0,1996.0,1926.0,1618.0,1402.0,1346.0,1144.0,980.0,722.0,535.0,610.0,470.0,326.0,213.0,122.0,86.0,58.0,41.0,10.0,4.0
2924306,1422.0,1645.0,1807.0,1754.0,1406.0,1329.0,1267.0,1061.0,1034.0,906.0,903.0,844.0,749.0,537.0,496.0,311.0,324.0,127.0,38.0,18.0,5.0
2924405,3158.0,3568.0,3862.0,3623.0,3019.0,2668.0,2159.0,1856.0,1625.0,1527.0,1213.0,1237.0,1039.0,824.0,598.0,363.0,246.0,142.0,80.0,24.0,29.0
2924504,1039.0,1223.0,1379.0,1659.0,1543.0,1321.0,1163.0,1059.0,963.0,836.0,748.0,675.0,599.0,425.0,369.0,276.0,167.0,116.0,44.0,15.0,10.0
2924603,1826.0,1911.0,2014.0,1963.0,1727.0,1625.0,1559.0,1423.0,1238.0,977.0,819.0,876.0,722.0,528.0,451.0,161.0,129.0,89.0,73.0,10.0,0.0
2924652,771.0,833.0,1090.0,1083.0,885.0,883.0,752.0,633.0,629.0,499.0,431.0,455.0,434.0,338.0,211.0,124.0,138.0,73.0,43.0,33.0,4.0
2924678,949.0,913.0,1087.0,1017.0,1027.0,919.0,709.0,561.0,569.0,501.0,374.0,378.0,218.0,203.0,182.0,92.0,48.0,37.0,15.0,0.0,0.0
2924702,936.0,927.0,1065.0,1159.0,1244.0,1184.0,1227.0,783.0,727.0,668.0,567.0,507.0,460.0,506.0,309.0,248.0,132.0,72.0,40.0,21.0,0.0
2924801,1807.0,2114.0,2308.0,2088.0,1754.0,1839.0,1660.0,1471.0,1317.0,1212.0,1030.0,849.0,803.0,729.0,595.0,357.0,246.0,133.0,39.0,38.0,9.0
2924900,672.0,665.0,829.0,905.0,874.0,784.0,646.0,536.0,516.0,477.0,480.0,305.0,290.0,276.0,177.0,167.0,129.0,53.0,23.0,14.0,4.0
2925006,1969.0,2260.0,2466.0,2409.0,2146.0,2075.0,1765.0,1572.0,1442.0,1363.0,1137.0,840.0,842.0,725.0,685.0,317.0,276.0,123.0,46.0,0.0,23.0
2925105,3755.0,4228.0,4433.0,4277.0,3735.0,3627.0,3240.0,2700.0,2566.0,2288.0,2245.0,1679.0,1542.0,1348.0,1016.0,824.0,604.0,344.0,195.0,30.0,25.0
2925204,2547.0,2717.0,2976.0,3048.0,3358.0,3464.0,3173.0,2607.0,2302.0,1839.0,1533.0,1021.0,887.0,510.0,483.0,270.0,211.0,66.0,39.0,16.0,0.0
2925253,1326.0,1588.0,1696.0,1721.0,1433.0,1279.0,1203.0,979.0,871.0,687.0,502.0,595.0,566.0,492.0,318.0,247.0,164.0,34.0,26.0,16.0,0.0
2925303,11904.0,13058.0,13764.0,11599.0,12029.0,12898.0,12066.0,9590.0,8013.0,6288.0,5049.0,3535.0,2702.0,1614.0,1179.0,789.0,564.0,186.0,74.0,19.0,9.0
2925402,750.0,911.0,1015.0,1050.0,958.0,754.0,712.0,561.0,589.0,534.0,511.0,326.0,287.0,284.0,229.0,125.0,91.0,44.0,52.0,27.0,0.0
2925501,2505.0,2883.0,3209.0,2692.0,2386.0,2299.0,2031.0,1799.0,1608.0,1453.0,1210.0,1020.0,924.0,526.0,488.0,243.0,189.0,102.0,45.0,0.0,15.0
2925600,1068.0,1154.0,1294.0,1286.0,1166.0,1119.0,1104.0,995.0,965.0,801.0,639.0,519.0,491.0,406.0,372.0,171.0,97.0,52.0,28.0,13.0,9.0
2925709,894.0,1115.0,1342.0,1376.0,1122.0,1152.0,945.0,852.0,859.0,708.0,687.0,536.0,548.0,506.0,504.0,256.0,122.0,74.0,30.0,15.0,9.0
2925758,2103.0,2407.0,2591.0,2553.0,2465.0,2270.0,1826.0,1343.0,1269.0,1103.0,1049.0,855.0,528.0,549.0,344.0,245.0,166.0,75.0,48.0,51.0,6.0
2925808,1925.0,2335.0,2588.0,2544.0,1915.0,1935.0,1772.0,1523.0,1524.0,1242.0,1166.0,815.0,916.0,773.0,564.0,460.0,320.0,162.0,114.0,9.0,0.0
2925907,2084.0,2621.0,3090.0,2910.0,2287.0,2043.0,1901.0,1627.0,1685.0,1321.0,1058.0,1077.0,989.0,842.0,500.0,431.0,407.0,200.0,124.0,31.0,0.0
2925931,689.0,865.0,945.0,890.0,860.0,763.0,674.0,639.0,530.0,497.0,428.0,441.0,395.0,356.0,231.0,104.0,102.0,105.0,25.0,15.0,0.0
2925956,1690.0,2313.0,2465.0,2468.0,1900.0,1787.0,1465.0,1300.0,1229.0,1121.0,1030.0,959.0,758.0,774.0,547.0,400.0,270.0,212.0,93.0,69.0,23.0
2926004,3363.0,3687.0,3956.0,3708.0,3395.0,3155.0,3000.0,2630.0,2367.0,2065.0,1676.0,1553.0,1412.0,1059.0,921.0,397.0,332.0,142.0,124.0,15.0,0.0
2926103,868.0,975.0,1105.0,1040.0,1112.0,1187.0,1025.0,805.0,781.0,590.0,493.0,467.0,491.0,368.0,245.0,178.0,123.0,149.0,49.0,4.0,0.0
2926202,1830.0,1932.0,2366.0,2391.0,2041.0,1888.0,1558.0,1211.0,1168.0,1193.0,999.0,892.0,779.0,592.0,557.0,267.0,160.0,65.0,28.0,9.0,11.0
2926301,2125.0,2674.0,3020.0,3144.0,2927.0,2741.0,2568.0,2254.0,2258.0,1786.0,1776.0,1316.0,1283.0,1105.0,837.0,529.0,387.0,231.0,148.0,44.0,19.0
2926400,2325.0,2623.0,2904.0,3193.0,2888.0,2580.0,2270.0,1993.0,1946.0,1680.0,1478.0,1035.0,1061.0,826.0,847.0,363.0,350.0,208.0,51.0,26.0,0.0
2926509,1084.0,1342.0,1799.0,1642.0,1240.0,1052.0,977.0,869.0,830.0,632.0,493.0,561.0,430.0,417.0,375.0,221.0,158.0,90.0,46.0,18.0,0.0
2926608,3639.0,4345.0,4982.0,4621.0,4381.0,3809.0,3588.0,3150.0,3045.0,2481.0,1913.0,1902.0,1697.0,1400.0,1140.0,669.0,432.0,216.0,59.0,49.0,0.0
2926657,707.0,923.0,931.0,905.0,735.0,700.0,573.0,555.0,526.0,471.0,336.0,346.0,297.0,220.0,141.0,122.0,52.0,29.0,20.0,14.0,0.0
2926707,692.0,822.0,1099.0,1217.0,1108.0,1053.0,873.0,817.0,927.0,821.0,826.0,567.0,566.0,514.0,416.0,248.0,226.0,115.0,57.0,44.0,0.0
2926806,922.0,1231.0,1426.0,1559.0,1387.0,1181.0,1039.0,972.0,1016.0,831.0,716.0,537.0,584.0,425.0,392.0,279.0,185.0,86.0,36.0,11.0,0.0
2926905,767.0,862.0,1064.0,1233.0,1147.0,1027.0,837.0,694.0,742.0,607.0,568.0,611.0,497.0,381.0,327.0,222.0,149.0,109.0,68.0,5.0,0.0
2927002,3078.0,3610.0,4124.0,4051.0,3238.0,3155.0,2947.0,2462.0,2230.0,1914.0,1474.0,1209.0,1117.0,803.0,739.0,456.0,314.0,151.0,81.0,0.0,12.0
2927101,762.0,788.0,831.0,787.0,730.0,690.0,606.0,513.0,497.0,360.0,258.0,209.0,231.0,204.0,122.0,100.0,38.0,32.0,13.0,5.0,0.0
2927200,2185.0,3001.0,3127.0,2922.0,2569.0,2410.0,2116.0,1814.0,1686.0,1517.0,1372.0,1154.0,1128.0,827.0,750.0,537.0,411.0,184.0,141.0,26.0,10.0
2927309,1069.0,1247.0,1301.0,1337.0,1253.0,1296.0,1146.0,908.0,834.0,669.0,602.0,479.0,343.0,356.0,238.0,139.0,126.0,76.0,21.0,11.0,6.0
2927408,165646.0,178961.0,208698.0,215839.0,251094.0,286263.0,263225.0,217603.0,198846.0,176321.0,149956.0,115235.0,82755.0,57937.0,42888.0,29266.0,19468.0,10457.0,3924.0,1045.0,229.0
2927507,1478.0,1771.0,2033.0,1738.0,1592.0,1650.0,1527.0,1277.0,1192.0,933.0,807.0,663.0,702.0,500.0,452.0,256.0,197.0,153.0,105.0,28.0,11.0
2927606,1322.0,1468.0,1667.0,1675.0,1384.0,1202.0,1054.0,906.0,859.0,726.0,594.0,453.0,488.0,388.0,381.0,199.0,119.0,82.0,76.0,13.0,5.0
2927705,2610.0,2802.0,2935.0,2529.0,2357.0,2328.0,2204.0,1838.0,1522.0,1349.0,1005.0,939.0,745.0,433.0,210.0,201.0,95.0,77.0,71.0,0.0,14.0
2927804,460.0,561.0,613.0,601.0,701.0,629.0,551.0,428.0,402.0,348.0,312.0,237.0,231.0,188.0,160.0,134.0,67.0,33.0,7.0,6.0,4.0
2927903,731.0,815.0,1052.0,1030.0,945.0,821.0,778.0,656.0,653.0,518.0,537.0,388.0,336.0,302.0,197.0,168.0,199.0,108.0,59.0,51.0,17.0
2928000,2675.0,3154.0,3385.0,3416.0,3171.0,2909.0,2705.0,2202.0,2080.0,1712.0,1417.0,1196.0,1200.0,920.0,733.0,333.0,306.0,202.0,96.0,25.0,0.0
2928059,1025.0,1338.0,1462.0,1386.0,1169.0,983.0,920.0,746.0,829.0,785.0,697.0,475.0,423.0,349.0,240.0,228.0,190.0,74.0,18.0,6.0,0.0
2928109,3148.0,3567.0,4243.0,4178.0,3644.0,3428.0,2906.0,2606.0,2373.0,2218.0,1749.0,1639.0,1276.0,1102.0,724.0,732.0,485.0,150.0,64.0,54.0,22.0
2928208,1910.0,2169.0,2426.0,2514.0,1988.0,1866.0,1759.0,1631.0,1532.0,1370.0,1192.0,1036.0,875.0,869.0,623.0,445.0,314.0,129.0,89.0,12.0,0.0
2928307,708.0,824.0,862.0,848.0,728.0,668.0,637.0,573.0,527.0,408.0,330.0,393.0,292.0,314.0,204.0,180.0,119.0,119.0,31.0,0.0,12.0
2928406,2203.0,2416.0,2866.0,2877.0,2425.0,2164.0,1763.0,1508.0,1380.0,1397.0,1202.0,1019.0,894.0,646.0,673.0,280.0,272.0,201.0,64.0,0.0,0.0
2928505,658.0,850.0,999.0,971.0,809.0,708.0,725.0,612.0,563.0,479.0,444.0,360.0,309.0,335.0,252.0,218.0,203.0,87.0,30.0,29.0,6.0
2928604,4192.0,4361.0,5441.0,5101.0,5184.0,5427.0,4969.0,4297.0,3801.0,3420.0,2935.0,2466.0,1749.0,1605.0,1109.0,782.0,578.0,216.0,148.0,19.0,0.0
2928703,6595.0,6762.0,7906.0,7978.0,9140.0,9431.0,8495.0,7267.0,6512.0,5310.0,4056.0,3334.0,2492.0,1672.0,1379.0,1166.0,789.0,425.0,208.0,43.0,25.0
2928802,3897.0,4141.0,4942.0,5171.0,4815.0,4591.0,3461.0,2966.0,2584.0,2292.0,2090.0,1704.0,1331.0,1252.0,877.0,756.0,505.0,325.0,106.0,51.0,23.0
2928901,2670.0,2692.0,3121.0,2915.0,2894.0,2701.0,2201.0,1782.0,1466.0,1267.0,952.0,907.0,632.0,496.0,394.0,248.0,163.0,91.0,32.0,34.0,0.0
2928950,661.0,723.0,780.0,742.0,796.0,822.0,782.0,628.0,627.0,523.0,440.0,426.0,379.0,336.0,210.0,102.0,117.0,90.0,27.0,16.0,0.0
2929008,930.0,988.0,1306.0,1339.0,1451.0,1482.0,1310.0,1018.0,853.0,843.0,699.0,566.0,406.0,256.0,237.0,174.0,135.0,77.0,5.0,22.0,0.0
2929057,1108.0,1290.0,1295.0,1348.0,1222.0,1166.0,1051.0,842.0,802.0,658.0,523.0,459.0,360.0,287.0,228.0,150.0,140.0,57.0,49.0,9.0,5.0
2929107,1372.0,1482.0,1861.0,1935.0,1757.0,1911.0,1743.0,1464.0,1370.0,1128.0,1046.0,702.0,695.0,490.0,384.0,504.0,190.0,130.0,58.0,69.0,13.0
2929206,2633.0,2838.0,3507.0,3248.0,3130.0,3400.0,3237.0,2501.0,2217.0,1743.0,1309.0,1114.0,832.0,489.0,445.0,198.0,190.0,71.0,60.0,10.0,10.0
2929255,1564.0,1790.0,1892.0,1831.0,1658.0,1614.0,1499.0,1227.0,1065.0,946.0,795.0,623.0,627.0,450.0,347.0,217.0,137.0,77.0,37.0,23.0,7.0
2929305,2649.0,2847.0,3129.0,2960.0,3283.0,3295.0,2933.0,2389.0,2148.0,1673.0,1444.0,1072.0,862.0,841.0,631.0,658.0,215.0,133.0,75.0,34.0,12.0
2929354,469.0,576.0,627.0,607.0,467.0,450.0,402.0,316.0,332.0,249.0,290.0,235.0,192.0,162.0,123.0,104.0,66.0,29.0,13.0,3.0,3.0
2929370,832.0,940.0,1036.0,1001.0,857.0,814.0,729.0,663.0,586.0,542.0,442.0,380.0,368.0,350.0,228.0,127.0,129.0,98.0,53.0,0.0,5.0
2929404,761.0,933.0,1026.0,1030.0,833.0,856.0,841.0,714.0,677.0,591.0,505.0,393.0,373.0,253.0,228.0,187.0,114.0,61.0,29.0,5.0,5.0
2929503,3028.0,3411.0,3934.0,3835.0,3970.0,4204.0,4025.0,3114.0,2758.0,2360.0,1992.0,1715.0,1112.0,990.0,812.0,366.0,274.0,141.0,81.0,24.0,7.0
2929602,1196.0,1358.0,1540.0,1608.0,1586.0,1497.0,1295.0,1168.0,1121.0,884.0,749.0,636.0,524.0,421.0,423.0,242.0,186.0,95.0,35.0,7.0,14.0
2929701,1457.0,1851.0,2210.0,2007.0,1744.0,1482.0,1405.0,1127.0,1058.0,829.0,709.0,725.0,683.0,538.0,395.0,332.0,228.0,135.0,35.0,10.0,4.0
2929750,852.0,872.0,986.0,932.0,928.0,967.0,953.0,833.0,736.0,666.0,604.0,521.0,400.0,270.0,301.0,167.0,102.0,71.0,16.0,25.0,0.0
2929800,1019.0,1035.0,1058.0,1061.0,1026.0,1015.0,893.0,781.0,702.0,608.0,600.0,477.0,462.0,392.0,311.0,173.0,114.0,59.0,38.0,10.0,11.0
2929909,3417.0,4074.0,4535.0,4179.0,3802.0,3522.0,3195.0,2699.0,2462.0,2112.0,1708.0,1494.0,1435.0,935.0,883.0,545.0,418.0,262.0,83.0,38.0,0.0
2930006,696.0,779.0,1029.0,1230.0,1072.0,932.0,742.0,637.0,648.0,597.0,433.0,457.0,325.0,254.0,271.0,107.0,86.0,42.0,22.0,8.0,4.0
2930105,5795.0,6335.0,7086.0,6719.0,6401.0,6391.0,6085.0,5562.0,5101.0,4009.0,3442.0,2943.0,2504.0,1922.0,1553.0,1033.0,741.0,470.0,243.0,75.0,10.0
2930154,2884.0,3246.0,3773.0,3632.0,2850.0,2565.0,2088.0,1833.0,1655.0,1469.0,1141.0,1178.0,854.0,941.0,597.0,488.0,289.0,65.0,45.0,34.0,12.0
2930204,3761.0,4109.0,4191.0,3837.0,3482.0,3291.0,2809.0,2290.0,2008.0,1742.0,1533.0,1190.0,924.0,789.0,747.0,270.0,215.0,136.0,46.0,33.0,22.0
2930303,1397.0,1504.0,1781.0,1869.0,1572.0,1623.0,1354.0,1158.0,1026.0,1031.0,786.0,749.0,637.0,519.0,430.0,279.0,260.0,92.0,29.0,16.0,0.0
2930402,1064.0,1311.0,1539.0,1634.0,1384.0,1182.0,1064.0,899.0,916.0,716.0,665.0,612.0,627.0,573.0,425.0,309.0,197.0,186.0,56.0,36.0,6.0
2930501,5931.0,6684.0,7654.0,7360.0,7759.0,7421.0,6529.0,5452.0,4824.0,3746.0,3328.0,2467.0,2214.0,1846.0,1284.0,1124.0,618.0,295.0,117.0,109.0,0.0
2930600,932.0,989.0,1125.0,1172.0,1122.0,1041.0,885.0,832.0,790.0,659.0,501.0,577.0,454.0,460.0,347.0,187.0,141.0,70.0,28.0,27.0,6.0
2930709,10079.0,10313.0,11767.0,11028.0,11343.0,12265.0,11324.0,9500.0,7715.0,6238.0,5112.0,3903.0,2891.0,1684.0,1317.0,767.0,472.0,235.0,69.0,9.0,16.0
2930758,1215.0,1384.0,1352.0,1361.0,1101.0,1083.0,840.0,616.0,646.0,578.0,476.0,361.0,290.0,271.0,214.0,135.0,80.0,24.0,24.0,0.0,0.0
2930766,932.0,1158.0,1365.0,1356.0,1124.0,896.0,848.0,826.0,814.0,662.0,495.0,573.0,463.0,390.0,314.0,160.0,86.0,59.0,49.0,12.0,10.0
2930774,1839.0,2155.0,2340.0,2086.0,1891.0,1809.0,1896.0,1575.0,1254.0,1040.0,954.0,859.0,736.0,610.0,410.0,291.0,153.0,37.0,54.0,10.0,0.0
2930808,1340.0,1658.0,1906.0,1680.0,1413.0,1303.0,1108.0,993.0,902.0,747.0,608.0,525.0,455.0,465.0,333.0,199.0,145.0,61.0,46.0,8.0,4.0
2930907,972.0,1002.0,1144.0,1202.0,1028.0,953.0,788.0,733.0,645.0,609.0,494.0,471.0,350.0,318.0,282.0,199.0,126.0,73.0,37.0,0.0,6.0
2931004,1381.0,1585.0,1807.0,1925.0,1714.0,1881.0,1529.0,1352.0,1276.0,1127.0,958.0,821.0,721.0,653.0,507.0,384.0,194.0,106.0,58.0,23.0,11.0
2931053,1267.0,1462.0,1591.0,1654.0,1478.0,1350.0,1118.0,1019.0,1028.0,809.0,746.0,611.0,581.0,475.0,451.0,218.0,144.0,81.0,31.0,5.0,10.0
2931103,567.0,690.0,739.0,703.0,673.0,768.0,609.0,554.0,508.0,413.0,426.0,312.0,326.0,234.0,159.0,131.0,93.0,58.0,34.0,10.0,0.0
2931202,1724.0,1967.0,2155.0,1975.0,1795.0,1699.0,1391.0,1101.0,984.0,909.0,809.0,608.0,497.0,362.0,307.0,241.0,149.0,31.0,37.0,0.0,6.0
2931301,1575.0,1601.0,1862.0,1902.0,1666.0,1570.0,1234.0,1031.0,867.0,761.0,577.0,498.0,440.0,274.0,266.0,182.0,116.0,64.0,15.0,15.0,0.0
2931350,11388.0,12309.0,13094.0,13251.0,13146.0,13197.0,11490.0,9966.0,9099.0,7820.0,6189.0,5304.0,3681.0,2939.0,2175.0,1480.0,1016.0,410.0,265.0,104.0,17.0
2931400,502.0,698.0,716.0,797.0,730.0,632.0,619.0,546.0,490.0,466.0,311.0,305.0,276.0,241.0,210.0,150.0,117.0,43.0,17.0,26.0,4.0
2931509,1824.0,2174.0,2469.0,2378.0,2073.0,1812.0,1611.0,1287.0,1311.0,994.0,839.0,614.0,689.0,536.0,307.0,295.0,172.0,81.0,15.0,0.0,0.0
2931608,1267.0,1442.0,1659.0,1724.0,1611.0,1344.0,1151.0,852.0,786.0,747.0,524.0,597.0,332.0,312.0,207.0,141.0,77.0,46.0,0.0,17.0,0.0
2931707,858.0,1166.0,1337.0,1266.0,1072.0,1143.0,1053.0,868.0,818.0,654.0,683.0,411.0,380.0,334.0,272.0,237.0,148.0,58.0,31.0,9.0,4.0
2931806,1013.0,1278.0,1596.0,1733.0,1384.0,1325.0,1071.0,995.0,1070.0,933.0,920.0,768.0,776.0,669.0,591.0,430.0,195.0,164.0,86.0,26.0,6.0
2931905,3985.0,4934.0,5473.0,5363.0,4627.0,4208.0,3894.0,3403.0,3261.0,2567.0,2158.0,1998.0,1827.0,1637.0,1207.0,643.0,569.0,452.0,170.0,34.0,9.0
2932002,1788.0,2099.0,2404.0,2461.0,1848.0,1894.0,1762.0,1566.0,1562.0,1393.0,1236.0,831.0,877.0,802.0,653.0,431.0,367.0,190.0,79.0,51.0,0.0
2932101,1450.0,1729.0,1842.0,1963.0,1764.0,1745.0,1428.0,1171.0,1162.0,1026.0,1024.0,901.0,714.0,494.0,445.0,411.0,275.0,116.0,38.0,23.0,28.0
2932200,1746.0,1898.0,2077.0,2154.0,1927.0,1840.0,1508.0,1197.0,1184.0,1059.0,1034.0,776.0,738.0,491.0,273.0,353.0,214.0,147.0,45.0,22.0,9.0
2932309,1983.0,2337.0,2605.0,2493.0,2246.0,2192.0,1845.0,1511.0,1364.0,1329.0,1291.0,934.0,882.0,591.0,599.0,444.0,177.0,108.0,60.0,9.0,4.0
2932408,984.0,1075.0,1264.0,1204.0,1131.0,1174.0,1023.0,925.0,989.0,851.0,739.0,495.0,542.0,397.0,333.0,244.0,153.0,73.0,15.0,14.0,0.0
2932457,1371.0,1598.0,1839.0,1838.0,1759.0,1578.0,1380.0,1175.0,988.0,846.0,685.0,506.0,412.0,400.0,239.0,192.0,121.0,38.0,29.0,5.0,0.0
2932507,2147.0,2352.0,2567.0,2375.0,2251.0,2066.0,1750.0,1487.0,1295.0,1329.0,1231.0,944.0,759.0,630.0,389.0,180.0,195.0,92.0,54.0,9.0,8.0
2932606,1135.0,1336.0,1568.0,1722.0,1622.0,1446.0,1163.0,998.0,1037.0,893.0,791.0,671.0,673.0,410.0,367.0,227.0,152.0,107.0,110.0,38.0,0.0
2932705,1579.0,1861.0,1961.0,1996.0,1854.0,1769.0,1504.0,1100.0,1124.0,1057.0,1092.0,695.0,606.0,613.0,503.0,225.0,170.0,79.0,22.0,19.0,9.0
2932804,1589.0,1860.0,2267.0,2030.0,1544.0,1351.0,1294.0,1202.0,974.0,901.0,751.0,600.0,610.0,346.0,244.0,302.0,166.0,87.0,35.0,20.0,0.0
2932903,6829.0,8052.0,8997.0,9136.0,8308.0,8235.0,7228.0,6135.0,5685.0,4884.0,4277.0,3047.0,2322.0,1996.0,1348.0,899.0,659.0,306.0,196.0,51.0,83.0
2933000,1760.0,1855.0,2101.0,2153.0,2461.0,2357.0,2134.0,1752.0,1684.0,1467.0,1154.0,911.0,872.0,651.0,594.0,299.0,208.0,71.0,54.0,21.0,0.0
2933059,963.0,1190.0,1471.0,1446.0,1234.0,1040.0,941.0,866.0,809.0,751.0,651.0,504.0,596.0,424.0,281.0,285.0,199.0,75.0,60.0,0.0,0.0
2933109,596.0,643.0,739.0,820.0,762.0,689.0,642.0,594.0,579.0,464.0,472.0,408.0,326.0,304.0,193.0,186.0,136.0,61.0,34.0,12.0,0.0
2933158,1037.0,1102.0,1420.0,1395.0,1135.0,985.0,910.0,802.0,813.0,711.0,608.0,525.0,476.0,420.0,286.0,200.0,164.0,61.0,17.0,6.0,0.0
2933174,615.0,763.0,883.0,843.0,762.0,802.0,741.0,693.0,616.0,479.0,410.0,354.0,360.0,263.0,172.0,124.0,128.0,47.0,44.0,5.0,5.0
2933208,2735.0,3346.0,3855.0,3300.0,3017.0,3220.0,3202.0,2809.0,2592.0,2183.0,1907.0,1648.0,1357.0,820.0,660.0,431.0,291.0,105.0,49.0,27.0,11.0
2933257,502.0,617.0,734.0,664.0,495.0,463.0,450.0,436.0,457.0,417.0,398.0,261.0,247.0,203.0,173.0,141.0,89.0,33.0,14.0,7.0,0.0
2933307,23196.0,26054.0,27363.0,27773.0,29496.0,29240.0,26271.0,22383.0,20816.0,17842.0,14379.0,11305.0,8756.0,7836.0,5664.0,3872.0,2338.0,1472.0,568.0,210.0,34.0
2933406,717.0,842.0,1025.0,946.0,879.0,734.0,659.0,547.0,494.0,423.0,365.0,283.0,356.0,222.0,214.0,132.0,54.0,50.0,28.0,13.0,0.0
2933455,1050.0,1135.0,1364.0,1274.0,1146.0,1079.0,863.0,733.0,741.0,687.0,607.0,488.0,401.0,317.0,248.0,201.0,72.0,39.0,36.0,4.0,0.0
2933505,2044.0,2268.0,2543.0,2446.0,2258.0,1966.0,1540.0,1307.0,1202.0,1015.0,931.0,848.0,470.0,512.0,277.0,283.0,177.0,59.0,29.0,14.0,0.0
2933604,4240.0,4669.0,5291.0,5197.0,4126.0,3630.0,3002.0,2612.0,2381.0,2230.0,1972.0,1491.0,1418.0,979.0,987.0,568.0,462.0,187.0,64.0,29.0,0.0
3100104,412.0,406.0,548.0,514.0,466.0,523.0,506.0,528.0,554.0,464.0,401.0,414.0,353.0,244.0,146.0,107.0,56.0,50.0,8.0,3.0,0.0
3100203,1314.0,1545.0,1910.0,1845.0,1817.0,1674.0,1595.0,1598.0,1728.0,1677.0,1442.0,1266.0,958.0,819.0,601.0,283.0,339.0,202.0,78.0,0.0,0.0
3100302,893.0,1027.0,1190.0,1206.0,1003.0,1027.0,996.0,905.0,923.0,879.0,731.0,712.0,524.0,403.0,414.0,250.0,142.0,58.0,19.0,10.0,0.0
3100401,268.0,264.0,384.0,372.0,282.0,285.0,282.0,305.0,255.0,257.0,208.0,166.0,137.0,162.0,112.0,79.0,34.0,52.0,12.0,3.0,0.0
3100500,655.0,834.0,1134.0,975.0,739.0,681.0,678.0,685.0,620.0,594.0,577.0,449.0,431.0,361.0,252.0,290.0,213.0,55.0,36.0,11.0,5.0
3100609,1158.0,1524.0,1968.0,1659.0,1202.0,996.0,1041.0,946.0,893.0,826.0,580.0,719.0,477.0,399.0,339.0,239.0,120.0,60.0,42.0,3.0,4.0
3100708,96.0,134.0,149.0,176.0,174.0,161.0,143.0,148.0,140.0,134.0,134.0,125.0,101.0,59.0,66.0,44.0,21.0,10.0,7.0,3.0,0.0
3100807,258.0,258.0,364.0,318.0,294.0,296.0,306.0,269.0,296.0,284.0,269.0,243.0,211.0,130.0,109.0,62.0,37.0,40.0,7.0,3.0,0.0
3100906,1339.0,1730.0,1863.0,1871.0,1450.0,1487.0,1237.0,1234.0,1082.0,1027.0,857.0,760.0,703.0,595.0,529.0,349.0,176.0,96.0,68.0,25.0,0.0
3101003,950.0,1192.0,1342.0,1377.0,1155.0,963.0,890.0,795.0,723.0,711.0,603.0,534.0,430.0,377.0,302.0,181.0,79.0,76.0,37.0,5.0,0.0
3101102,1569.0,1834.0,2101.0,2089.0,1878.0,1837.0,1879.0,1762.0,1696.0,1676.0,1284.0,1477.0,908.0,993.0,848.0,633.0,283.0,160.0,31.0,21.0,0.0
3101201,315.0,415.0,491.0,524.0,454.0,400.0,445.0,413.0,469.0,456.0,430.0,340.0,291.0,243.0,157.0,189.0,91.0,23.0,14.0,2.0,0.0
3101300,146.0,172.0,243.0,226.0,176.0,177.0,155.0,158.0,216.0,244.0,199.0,170.0,127.0,79.0,87.0,65.0,39.0,16.0,14.0,0.0,0.0
3101409,166.0,187.0,271.0,256.0,221.0,235.0,224.0,260.0,196.0,170.0,179.0,149.0,84.0,118.0,69.0,77.0,34.0,15.0,3.0,0.0,0.0
3101508,2122.0,2352.0,2825.0,2792.0,2484.0,2640.0,2585.0,2456.0,2457.0,2479.0,2287.0,1841.0,1419.0,1071.0,1018.0,776.0,394.0,223.0,81.0,36.0,12.0
3101607,4623.0,4998.0,6047.0,6358.0,6564.0,6297.0,5944.0,5232.0,5165.0,5133.0,4590.0,3710.0,2938.0,2087.0,1670.0,1158.0,717.0,402.0,98.0,22.0,22.0
3101631,405.0,469.0,535.0,564.0,495.0,473.0,468.0,463.0,495.0,412.0,331.0,291.0,210.0,175.0,116.0,90.0,68.0,15.0,0.0,0.0,0.0
3101706,2757.0,3173.0,3479.0,3460.0,3519.0,3338.0,2888.0,2698.0,2537.0,2327.0,1850.0,1700.0,1422.0,1141.0,1037.0,853.0,362.0,119.0,75.0,28.0,11.0
3101805,470.0,604.0,755.0,675.0,526.0,532.0,549.0,523.0,427.0,446.0,367.0,330.0,250.0,248.0,204.0,123.0,90.0,26.0,9.0,10.0,7.0
3101904,1183.0,1292.0,1688.0,1650.0,1597.0,1540.0,1355.0,1288.0,1372.0,1264.0,1176.0,892.0,746.0,429.0,442.0,296.0,174.0,47.0,37.0,20.0,0.0
3102001,825.0,999.0,1145.0,1074.0,1076.0,1090.0,1008.0,1000.0,951.0,936.0,794.0,728.0,607.0,476.0,417.0,303.0,169.0,78.0,37.0,5.0,0.0
3102050,366.0,414.0,484.0,450.0,479.0,467.0,418.0,396.0,348.0,353.0,273.0,253.0,177.0,116.0,129.0,102.0,43.0,22.0,7.0,0.0,0.0
3102100,672.0,831.0,1102.0,1151.0,972.0,848.0,827.0,774.0,888.0,788.0,640.0,711.0,536.0,481.0,406.0,259.0,228.0,26.0,19.0,0.0,0.0
3102209,271.0,337.0,409.0,410.0,328.0,336.0,314.0,295.0,254.0,301.0,283.0,231.0,178.0,154.0,112.0,117.0,58.0,42.0,11.0,3.0,0.0
3102308,900.0,1073.0,1343.0,1340.0,1172.0,1162.0,1145.0,1004.0,1056.0,1042.0,881.0,740.0,650.0,516.0,402.0,458.0,204.0,134.0,35.0,4.0,0.0
3102407,330.0,410.0,413.0,362.0,267.0,243.0,227.0,235.0,200.0,181.0,144.0,171.0,84.0,92.0,84.0,28.0,31.0,29.0,14.0,1.0,0.0
3102506,312.0,370.0,499.0,469.0,326.0,350.0,369.0,335.0,344.0,321.0,296.0,261.0,205.0,190.0,166.0,119.0,74.0,25.0,11.0,7.0,5.0
3102605,2168.0,2430.0,2977.0,2782.0,3206.0,3135.0,2887.0,2978.0,3005.0,2709.0,2181.0,1832.0,1488.0,993.0,1072.0,793.0,392.0,181.0,60.0,0.0,0.0
3102704,667.0,840.0,949.0,856.0,686.0,644.0,640.0,559.0,571.0,503.0,474.0,350.0,345.0,297.0,285.0,120.0,90.0,36.0,38.0,5.0,5.0
3102803,667.0,842.0,948.0,984.0,801.0,881.0,946.0,898.0,910.0,878.0,756.0,747.0,634.0,414.0,339.0,230.0,191.0,89.0,19.0,0.0,0.0
3102852,669.0,903.0,1062.0,892.0,700.0,638.0,562.0,477.0,451.0,352.0,263.0,298.0,216.0,176.0,167.0,66.0,62.0,24.0,18.0,6.0,0.0
3102902,648.0,781.0,940.0,997.0,892.0,837.0,876.0,903.0,819.0,814.0,692.0,474.0,510.0,334.0,214.0,198.0,111.0,44.0,26.0,4.0,0.0
3103009,686.0,770.0,988.0,941.0,781.0,699.0,712.0,665.0,657.0,612.0,509.0,424.0,336.0,264.0,240.0,122.0,90.0,41.0,23.0,4.0,0.0
3103108,72.0,105.0,122.0,128.0,116.0,115.0,109.0,110.0,123.0,132.0,120.0,95.0,79.0,74.0,60.0,54.0,35.0,15.0,4.0,3.0,0.0
3103207,142.0,168.0,219.0,195.0,177.0,165.0,155.0,149.0,174.0,163.0,130.0,105.0,84.0,81.0,62.0,52.0,11.0,8.0,3.0,0.0,0.0
3103306,93.0,131.0,163.0,180.0,139.0,124.0,128.0,117.0,176.0,154.0,176.0,124.0,110.0,72.0,60.0,61.0,36.0,10.0,2.0,2.0,0.0
3103405,2636.0,2977.0,3514.0,3799.0,3183.0,3012.0,2521.0,2396.0,2224.0,2089.0,1649.0,1369.0,1270.0,944.0,909.0,639.0,471.0,245.0,102.0,53.0,10.0
3103504,6790.0,7321.0,8414.0,8767.0,9467.0,9062.0,8877.0,8166.0,8474.0,7977.0,6623.0,5574.0,4459.0,3464.0,2626.0,1764.0,1133.0,616.0,137.0,67.0,25.0
3103603,174.0,201.0,259.0,236.0,156.0,170.0,190.0,201.0,244.0,219.0,201.0,161.0,122.0,91.0,98.0,58.0,42.0,0.0,0.0,0.0,0.0
3103702,548.0,706.0,816.0,781.0,755.0,726.0,704.0,565.0,494.0,473.0,382.0,334.0,252.0,188.0,210.0,93.0,70.0,36.0,13.0,0.0,5.0
3103751,495.0,443.0,562.0,570.0,574.0,560.0,562.0,478.0,465.0,322.0,287.0,227.0,212.0,140.0,109.0,82.0,24.0,27.0,5.0,0.0,0.0
3103801,137.0,158.0,212.0,221.0,153.0,190.0,201.0,243.0,233.0,184.0,158.0,179.0,158.0,97.0,108.0,70.0,46.0,17.0,11.0,0.0,0.0
3103900,593.0,598.0,657.0,646.0,762.0,703.0,627.0,588.0,554.0,520.0,433.0,322.0,222.0,236.0,185.0,120.0,71.0,32.0,10.0,3.0,0.0
3104007,5768.0,6090.0,7177.0,7796.0,8625.0,8696.0,7783.0,6765.0,6775.0,6516.0,5977.0,4881.0,3329.0,2694.0,2096.0,1359.0,699.0,390.0,183.0,49.0,23.0
3104106,657.0,629.0,738.0,834.0,931.0,779.0,719.0,663.0,655.0,577.0,596.0,445.0,371.0,310.0,222.0,181.0,136.0,53.0,3.0,9.0,0.0
3104205,2090.0,2270.0,2792.0,2948.0,3174.0,3370.0,3055.0,2739.0,2858.0,2729.0,2236.0,1998.0,1501.0,977.0,651.0,568.0,339.0,219.0,82.0,0.0,0.0
3104304,914.0,922.0,1042.0,1164.0,1176.0,1141.0,1083.0,907.0,962.0,928.0,862.0,646.0,602.0,450.0,420.0,217.0,182.0,93.0,20.0,0.0,0.0
3104403,167.0,170.0,245.0,226.0,246.0,195.0,208.0,181.0,214.0,172.0,218.0,124.0,121.0,150.0,82.0,86.0,58.0,21.0,13.0,0.0,3.0
3104452,393.0,476.0,513.0,542.0,363.0,369.0,331.0,278.0,280.0,253.0,244.0,195.0,166.0,120.0,82.0,75.0,49.0,27.0,10.0,3.0,0.0
3104502,1461.0,1715.0,1905.0,1758.0,1354.0,1401.0,1277.0,1072.0,1082.0,1039.0,906.0,727.0,609.0,461.0,409.0,213.0,155.0,69.0,52.0,9.0,0.0
3104601,811.0,775.0,1013.0,1101.0,1156.0,1088.0,1031.0,893.0,993.0,916.0,766.0,654.0,559.0,439.0,262.0,273.0,166.0,99.0,40.0,13.0,0.0
3104700,967.0,1254.0,1516.0,1407.0,1069.0,986.0,954.0,898.0,887.0,826.0,812.0,731.0,553.0,566.0,401.0,306.0,165.0,85.0,37.0,30.0,5.0
3104809,357.0,435.0,454.0,475.0,381.0,356.0,357.0,336.0,322.0,323.0,291.0,178.0,181.0,166.0,162.0,90.0,49.0,21.0,19.0,3.0,3.0
3104908,1113.0,1302.0,1437.0,1582.0,1460.0,1454.0,1310.0,1239.0,1290.0,1356.0,1205.0,953.0,847.0,546.0,439.0,336.0,291.0,102.0,39.0,7.0,0.0
3105004,530.0,587.0,688.0,740.0,587.0,570.0,511.0,485.0,545.0,556.0,483.0,384.0,321.0,310.0,204.0,191.0,154.0,47.0,12.0,0.0,9.0
3105103,1098.0,1337.0,1727.0,1772.0,1762.0,1646.0,1540.0,1667.0,1827.0,1837.0,1533.0,1331.0,1080.0,826.0,768.0,481.0,288.0,118.0,86.0,10.0,0.0
3105202,313.0,404.0,462.0,413.0,390.0,351.0,352.0,317.0,362.0,312.0,272.0,259.0,236.0,190.0,137.0,90.0,63.0,36.0,22.0,7.0,0.0
3105301,321.0,361.0,472.0,493.0,456.0,429.0,417.0,414.0,394.0,344.0,346.0,217.0,224.0,167.0,123.0,71.0,29.0,34.0,25.0,0.0,0.0
3105400,2046.0,2095.0,2557.0,2500.0,2699.0,2649.0,2391.0,2051.0,1913.0,1948.0,1620.0,1334.0,877.0,548.0,506.0,343.0,197.0,112.0,46.0,0.0,10.0
3105509,324.0,398.0,483.0,525.0,426.0,379.0,358.0,367.0,384.0,403.0,342.0,319.0,244.0,241.0,185.0,135.0,108.0,55.0,24.0,19.0,0.0
3105608,7536.0,8084.0,10023.0,10744.0,10668.0,10251.0,9872.0,9334.0,9611.0,9278.0,8713.0,6285.0,5210.0,3739.0,2767.0,1954.0,1321.0,568.0,275.0,50.0,0.0
3105707,337.0,381.0,515.0,509.0,399.0,374.0,380.0,394.0,413.0,440.0,426.0,394.0,295.0,249.0,243.0,151.0,131.0,71.0,34.0,7.0,0.0
3105905,1286.0,1467.0,1641.0,1668.0,1617.0,1577.0,1527.0,1479.0,1502.0,1449.0,1067.0,1016.0,754.0,567.0,367.0,347.0,198.0,61.0,8.0,0.0,0.0
3106002,748.0,786.0,916.0,837.0,856.0,838.0,782.0,661.0,694.0,687.0,562.0,411.0,398.0,251.0,254.0,181.0,76.0,54.0,4.0,4.0,6.0
3106101,221.0,249.0,298.0,292.0,233.0,209.0,242.0,250.0,285.0,243.0,205.0,135.0,172.0,112.0,98.0,67.0,34.0,44.0,3.0,10.0,0.0
3106200,133606.0,144868.0,171491.0,182710.0,218778.0,230762.0,213814.0,178829.0,169321.0,164928.0,147021.0,119846.0,92659.0,69542.0,53028.0,37823.0,26325.0,12426.0,5500.0,1450.0,423.0
3106309,1826.0,1887.0,2417.0,2187.0,2070.0,2083.0,1943.0,1744.0,1529.0,1346.0,1186.0,899.0,716.0,522.0,391.0,376.0,124.0,129.0,0.0,22.0,0.0
3106408,420.0,479.0,616.0,625.0,555.0,586.0,516.0,530.0,556.0,579.0,474.0,419.0,367.0,274.0,220.0,151.0,113.0,35.0,19.0,2.0,0.0
3106507,775.0,1038.0,1411.0,1449.0,1211.0,992.0,868.0,780.0,779.0,643.0,605.0,440.0,346.0,328.0,296.0,149.0,114.0,55.0,14.0,7.0,0.0
3106606,412.0,415.0,471.0,434.0,342.0,341.0,314.0,274.0,256.0,247.0,197.0,195.0,149.0,161.0,122.0,61.0,38.0,40.0,20.0,10.0,0.0
3106655,365.0,388.0,411.0,442.0,413.0,380.0,305.0,272.0,252.0,261.0,229.0,174.0,168.0,107.0,77.0,57.0,39.0,21.0,8.0,0.0,0.0
3106705,28296.0,29988.0,35874.0,34981.0,36144.0,36886.0,34591.0,29433.0,27228.0,23560.0,20232.0,14262.0,9459.0,6381.0,4713.0,2959.0,1818.0,914.0,323.0,22.0,25.0
3106804,207.0,272.0,337.0,293.0,251.0,243.0,247.0,299.0,276.0,264.0,282.0,202.0,196.0,151.0,114.0,62.0,56.0,16.0,19.0,3.0,4.0
3106903,808.0,858.0,1057.0,1076.0,1017.0,1108.0,918.0,887.0,935.0,1014.0,950.0,740.0,726.0,449.0,364.0,378.0,189.0,118.0,49.0,12.0,0.0
3107000,117.0,155.0,194.0,206.0,187.0,150.0,167.0,180.0,209.0,215.0,156.0,183.0,145.0,146.0,114.0,59.0,22.0,20.0,5.0,0.0,0.0
3107109,2487.0,2885.0,3526.0,3545.0,3298.0,3033.0,2697.0,2590.0,2571.0,2595.0,2483.0,1917.0,1463.0,1120.0,909.0,615.0,449.0,220.0,85.0,21.0,6.0
3107208,248.0,347.0,417.0,406.0,364.0,343.0,400.0,373.0,401.0,398.0,327.0,281.0,213.0,153.0,135.0,90.0,72.0,28.0,12.0,0.0,0.0
3107307,3477.0,4026.0,4486.0,4626.0,4617.0,3934.0,3679.0,3173.0,3098.0,2753.0,2323.0,1869.0,1404.0,1157.0,888.0,438.0,372.0,250.0,40.0,44.0,0.0
3107406,2914.0,3282.0,3862.0,4022.0,3981.0,3686.0,3528.0,3332.0,3445.0,3289.0,2968.0,1992.0,1748.0,1277.0,982.0,544.0,498.0,173.0,52.0,37.0,12.0
3107505,377.0,429.0,577.0,541.0,400.0,421.0,460.0,502.0,491.0,488.0,415.0,364.0,307.0,237.0,227.0,156.0,71.0,30.0,6.0,3.0,0.0
3107604,195.0,287.0,326.0,313.0,279.0,287.0,294.0,293.0,318.0,285.0,240.0,205.0,205.0,114.0,92.0,54.0,63.0,38.0,0.0,0.0,0.0
3107703,349.0,418.0,478.0,538.0,478.0,453.0,419.0,319.0,389.0,322.0,315.0,244.0,217.0,192.0,152.0,89.0,64.0,43.0,10.0,0.0,0.0
3107802,999.0,1138.0,1382.0,1367.0,1152.0,1088.0,1076.0,1038.0,1028.0,1041.0,886.0,784.0,677.0,541.0,460.0,363.0,198.0,108.0,34.0,4.0,0.0
3107901,674.0,772.0,944.0,881.0,871.0,838.0,876.0,811.0,775.0,763.0,633.0,465.0,410.0,290.0,190.0,137.0,84.0,23.0,6.0,13.0,0.0
3108008,947.0,1236.0,1461.0,1452.0,1278.0,1238.0,1315.0,1230.0,1188.0,1255.0,1118.0,948.0,752.0,577.0,482.0,335.0,272.0,117.0,41.0,0.0,0.0
3108107,289.0,401.0,516.0,498.0,384.0,426.0,501.0,524.0,571.0,496.0,435.0,438.0,404.0,297.0,249.0,177.0,132.0,51.0,18.0,10.0,0.0
3108206,405.0,445.0,556.0,573.0,445.0,401.0,409.0,449.0,402.0,402.0,306.0,281.0,212.0,229.0,142.0,86.0,50.0,54.0,11.0,0.0,7.0
3108255,816.0,1042.0,1171.0,1110.0,886.0,774.0,569.0,516.0,511.0,420.0,401.0,356.0,288.0,234.0,261.0,155.0,77.0,41.0,38.0,7.0,0.0
3108305,969.0,1078.0,1225.0,1333.0,1396.0,1364.0,1204.0,1269.0,1266.0,1301.0,1147.0,915.0,794.0,550.0,535.0,366.0,206.0,128.0,52.0,20.0,0.0
3108404,929.0,971.0,1273.0,1190.0,1128.0,1177.0,1112.0,1100.0,1040.0,993.0,1009.0,789.0,667.0,490.0,411.0,332.0,200.0,84.0,11.0,10.0,5.0
3108503,512.0,651.0,801.0,780.0,599.0,464.0,408.0,366.0,337.0,363.0,298.0,294.0,204.0,144.0,148.0,67.0,38.0,15.0,8.0,0.0,0.0
3108552,1282.0,1396.0,1531.0,1492.0,1298.0,1257.0,1074.0,980.0,906.0,767.0,700.0,475.0,348.0,291.0,188.0,113.0,71.0,47.0,4.0,5.0,0.0
3108602,2243.0,2546.0,3123.0,3334.0,2767.0,2584.0,2283.0,2001.0,1991.0,1715.0,1442.0,1275.0,1227.0,845.0,841.0,511.0,182.0,217.0,52.0,20.0,12.0
3108701,274.0,357.0,444.0,463.0,277.0,262.0,293.0,322.0,343.0,315.0,224.0,302.0,238.0,154.0,150.0,78.0,81.0,48.0,9.0,3.0,0.0
3108800,275.0,398.0,484.0,451.0,351.0,339.0,344.0,324.0,333.0,319.0,269.0,246.0,190.0,200.0,212.0,143.0,76.0,41.0,32.0,3.0,0.0
3108909,890.0,980.0,1289.0,1303.0,1051.0,1015.0,1121.0,1095.0,939.0,948.0,797.0,908.0,764.0,450.0,476.0,268.0,197.0,117.0,43.0,5.0,5.0
3109006,2158.0,2407.0,2924.0,2873.0,2925.0,2776.0,2792.0,2603.0,2605.0,2414.0,1960.0,1615.0,1283.0,929.0,591.0,559.0,294.0,177.0,77.0,12.0,0.0
3109105,640.0,667.0,859.0,847.0,816.0,788.0,808.0,856.0,782.0,828.0,638.0,686.0,475.0,455.0,297.0,226.0,124.0,78.0,10.0,5.0,6.0
3109204,652.0,754.0,968.0,1053.0,958.0,781.0,800.0,674.0,641.0,607.0,509.0,458.0,394.0,373.0,258.0,163.0,142.0,91.0,16.0,0.0,0.0
3109253,292.0,318.0,369.0,378.0,292.0,282.0,277.0,270.0,273.0,265.0,205.0,189.0,144.0,136.0,147.0,98.0,42.0,10.0,0.0,4.0,0.0
3109303,1872.0,2218.0,2439.0,2222.0,1843.0,1888.0,1856.0,1565.0,1439.0,1254.0,1036.0,888.0,697.0,552.0,399.0,290.0,146.0,134.0,0.0,0.0,0.0
3109402,2361.0,2600.0,2791.0,2747.0,2531.0,2368.0,2173.0,1768.0,1565.0,1448.0,1273.0,1034.0,761.0,590.0,362.0,293.0,153.0,42.0,62.0,0.0,0.0
3109451,493.0,606.0,672.0,605.0,445.0,476.0,511.0,496.0,491.0,360.0,310.0,304.0,197.0,193.0,125.0,106.0,39.0,19.0,5.0,0.0,0.0
3109501,898.0,918.0,1063.0,1255.0,1296.0,1203.0,1118.0,1026.0,1002.0,893.0,867.0,633.0,507.0,373.0,326.0,248.0,129.0,23.0,19.0,26.0,0.0
3109600,190.0,224.0,285.0,281.0,293.0,261.0,306.0,269.0,258.0,270.0,234.0,181.0,178.0,147.0,107.0,73.0,71.0,20.0,6.0,0.0,0.0
3109709,751.0,764.0,956.0,861.0,810.0,787.0,834.0,778.0,812.0,808.0,726.0,556.0,554.0,343.0,327.0,175.0,117.0,70.0,5.0,0.0,0.0
3109808,171.0,183.0,226.0,205.0,215.0,171.0,196.0,192.0,186.0,177.0,137.0,102.0,90.0,63.0,63.0,58.0,41.0,23.0,3.0,3.0,0.0
3109907,563.0,634.0,876.0,929.0,893.0,844.0,706.0,691.0,797.0,761.0,699.0,498.0,419.0,273.0,220.0,205.0,111.0,70.0,29.0,0.0,0.0
3110004,2760.0,2905.0,3466.0,3348.0,3412.0,3505.0,3307.0,2862.0,2821.0,2860.0,2614.0,1799.0,1626.0,1203.0,1039.0,566.0,364.0,202.0,69.0,21.0,0.0
3110103,352.0,393.0,476.0,470.0,431.0,387.0,351.0,396.0,338.0,337.0,251.0,244.0,146.0,119.0,123.0,87.0,40.0,26.0,0.0,0.0,0.0
3110202,241.0,268.0,360.0,367.0,341.0,336.0,311.0,242.0,242.0,261.0,254.0,233.0,134.0,163.0,114.0,92.0,35.0,39.0,12.0,3.0,0.0
3110301,809.0,851.0,990.0,1056.0,943.0,974.0,964.0,981.0,1029.0,1043.0,873.0,860.0,721.0,530.0,421.0,279.0,148.0,109.0,47.0,0.0,4.0
3110400,180.0,216.0,259.0,264.0,268.0,255.0,262.0,231.0,221.0,200.0,209.0,164.0,137.0,113.0,79.0,53.0,29.0,8.0,2.0,0.0,4.0
3110509,1413.0,1550.0,1820.0,1848.0,1707.0,1853.0,1765.0,1574.0,1493.0,1357.0,1138.0,1084.0,847.0,614.0,494.0,270.0,134.0,119.0,0.0,0.0,0.0
3110608,1464.0,1650.0,2050.0,2054.0,2174.0,2244.0,2061.0,2011.0,1910.0,1832.0,1694.0,1419.0,1173.0,926.0,712.0,702.0,220.0,135.0,57.0,0.0,0.0
3110707,750.0,895.0,1081.0,1126.0,1000.0,919.0,856.0,818.0,839.0,843.0,875.0,680.0,566.0,401.0,327.0,314.0,190.0,72.0,39.0,5.0,6.0
3110806,224.0,322.0,408.0,376.0,271.0,250.0,233.0,259.0,241.0,207.0,194.0,123.0,115.0,127.0,103.0,50.0,15.0,27.0,15.0,0.0,3.0
3110905,941.0,1179.0,1399.0,1392.0,1303.0,1164.0,1092.0,1062.0,1071.0,1021.0,951.0,817.0,566.0,473.0,420.0,247.0,207.0,81.0,37.0,10.0,0.0
3111002,1150.0,1426.0,1779.0,1739.0,1572.0,1560.0,1577.0,1579.0,1538.0,1468.0,1238.0,1145.0,787.0,785.0,445.0,405.0,275.0,146.0,58.0,14.0,0.0
3111101,1110.0,1220.0,1464.0,1527.0,1461.0,1410.0,1429.0,1379.0,1489.0,1499.0,1307.0,1011.0,946.0,692.0,559.0,416.0,259.0,97.0,41.0,6.0,3.0
3111150,270.0,328.0,433.0,375.0,258.0,242.0,234.0,228.0,205.0,206.0,184.0,193.0,165.0,101.0,86.0,80.0,55.0,24.0,11.0,2.0,4.0
3111200,2979.0,3379.0,4024.0,3873.0,4146.0,4146.0,4087.0,3766.0,3543.0,3540.0,3246.0,3105.0,2473.0,1524.0,1396.0,1203.0,584.0,425.0,81.0,25.0,0.0
3111309,729.0,875.0,980.0,998.0,858.0,862.0,851.0,812.0,831.0,750.0,864.0,573.0,472.0,345.0,263.0,227.0,131.0,34.0,21.0,0.0,0.0
3111408,543.0,577.0,643.0,606.0,588.0,659.0,567.0,496.0,443.0,444.0,355.0,248.0,246.0,133.0,138.0,88.0,76.0,8.0,12.0,0.0,0.0
3111507,1047.0,1200.0,1261.0,1229.0,1284.0,1289.0,1146.0,1073.0,947.0,840.0,754.0,662.0,436.0,370.0,292.0,206.0,121.0,39.0,10.0,0.0,0.0
3111606,1853.0,2218.0,2618.0,2434.0,2102.0,2152.0,2179.0,2101.0,1942.0,1788.0,1563.0,1355.0,995.0,891.0,570.0,430.0,291.0,63.0,45.0,11.0,0.0
3111705,270.0,297.0,378.0,415.0,373.0,374.0,356.0,334.0,332.0,300.0,293.0,231.0,190.0,151.0,98.0,128.0,71.0,30.0,0.0,6.0,0.0
3111804,745.0,724.0,917.0,927.0,1122.0,1069.0,1008.0,841.0,805.0,764.0,536.0,579.0,427.0,306.0,202.0,198.0,111.0,56.0,23.0,5.0,0.0
3111903,313.0,412.0,408.0,432.0,449.0,458.0,406.0,408.0,332.0,364.0,373.0,342.0,299.0,176.0,151.0,144.0,71.0,39.0,10.0,3.0,0.0
3112000,704.0,894.0,1093.0,1093.0,1175.0,1141.0,1116.0,1083.0,1096.0,1002.0,1007.0,858.0,702.0,485.0,405.0,364.0,222.0,98.0,46.0,11.0,0.0
3112059,340.0,347.0,402.0,466.0,405.0,308.0,300.0,256.0,228.0,215.0,196.0,181.0,154.0,110.0,119.0,85.0,46.0,26.0,6.0,5.0,0.0
3112109,370.0,490.0,568.0,460.0,508.0,463.0,422.0,371.0,358.0,274.0,270.0,219.0,142.0,96.0,59.0,78.0,44.0,14.0,3.0,0.0,0.0
3112208,253.0,315.0,377.0,363.0,355.0,335.0,326.0,321.0,396.0,363.0,332.0,219.0,165.0,211.0,154.0,149.0,84.0,27.0,8.0,2.0,0.0
3112307,2896.0,3300.0,3996.0,3674.0,3386.0,3022.0,2706.0,2349.0,2025.0,1817.0,1470.0,1286.0,940.0,686.0,601.0,289.0,199.0,136.0,9.0,17.0,0.0
3112406,464.0,553.0,595.0,607.0,567.0,601.0,544.0,463.0,473.0,390.0,437.0,356.0,321.0,228.0,196.0,140.0,103.0,36.0,16.0,0.0,0.0
3112505,549.0,677.0,780.0,800.0,756.0,746.0,739.0,584.0,599.0,626.0,504.0,423.0,320.0,220.0,233.0,113.0,121.0,58.0,19.0,9.0,6.0
3112604,1049.0,1115.0,1198.0,1256.0,1248.0,1200.0,1252.0,1145.0,1149.0,1055.0,829.0,736.0,604.0,509.0,493.0,251.0,119.0,56.0,26.0,0.0,0.0
3112653,425.0,413.0,431.0,430.0,392.0,352.0,331.0,306.0,304.0,326.0,284.0,226.0,193.0,184.0,87.0,111.0,75.0,23.0,10.0,18.0,3.0
3112703,1175.0,1431.0,1640.0,1650.0,1308.0,1129.0,990.0,888.0,882.0,746.0,625.0,489.0,319.0,364.0,263.0,167.0,60.0,28.0,32.0,15.0,5.0
3112802,485.0,539.0,637.0,642.0,613.0,634.0,628.0,676.0,597.0,631.0,543.0,469.0,349.0,230.0,177.0,175.0,94.0,31.0,25.0,7.0,0.0
3112901,686.0,766.0,873.0,818.0,753.0,695.0,674.0,625.0,595.0,554.0,501.0,360.0,295.0,270.0,270.0,124.0,108.0,44.0,15.0,4.0,0.0
3113008,2038.0,2310.0,2549.0,2344.0,1961.0,1670.0,1378.0,1219.0,1232.0,1089.0,828.0,1100.0,666.0,641.0,496.0,416.0,234.0,110.0,31.0,31.0,0.0
3113107,180.0,243.0,314.0,305.0,251.0,235.0,221.0,236.0,226.0,248.0,207.0,162.0,123.0,99.0,110.0,76.0,38.0,10.0,0.0,4.0,0.0
3113206,1452.0,1716.0,1966.0,2139.0,1954.0,1861.0,1788.0,1682.0,1776.0,1699.0,1379.0,1228.0,856.0,678.0,524.0,284.0,202.0,133.0,20.0,10.0,0.0
3113305,1969.0,2215.0,2721.0,2675.0,2544.0,2523.0,2375.0,2203.0,2244.0,2256.0,2165.0,1679.0,1491.0,958.0,778.0,600.0,547.0,196.0,105.0,26.0,25.0
3113404,5857.0,6582.0,7486.0,7285.0,7379.0,7218.0,6909.0,6242.0,5858.0,5330.0,4726.0,4047.0,3135.0,2254.0,1856.0,1430.0,934.0,429.0,200.0,75.0,8.0
3113503,608.0,767.0,958.0,1008.0,746.0,717.0,646.0,599.0,623.0,580.0,399.0,410.0,290.0,267.0,215.0,153.0,79.0,48.0,36.0,0.0,0.0
3113602,435.0,506.0,543.0,505.0,463.0,502.0,471.0,487.0,441.0,386.0,390.0,332.0,265.0,174.0,137.0,144.0,84.0,9.0,12.0,12.0,0.0
3113701,1223.0,1445.0,1799.0,1884.0,1722.0,1518.0,1424.0,1358.0,1344.0,1237.0,1110.0,1000.0,701.0,790.0,548.0,380.0,243.0,165.0,87.0,60.0,31.0
3113800,176.0,208.0,252.0,211.0,194.0,160.0,174.0,180.0,152.0,165.0,119.0,113.0,99.0,83.0,74.0,33.0,34.0,16.0,0.0,0.0,3.0
3113909,886.0,950.0,1139.0,1155.0,992.0,938.0,821.0,827.0,800.0,783.0,681.0,544.0,404.0,309.0,292.0,162.0,86.0,51.0,15.0,0.0,0.0
3114006,614.0,788.0,953.0,905.0,809.0,840.0,841.0,795.0,843.0,751.0,603.0,588.0,397.0,418.0,313.0,225.0,152.0,56.0,23.0,9.0,4.0
3114105,1044.0,1096.0,1363.0,1283.0,1177.0,1165.0,1054.0,964.0,898.0,861.0,723.0,649.0,477.0,324.0,213.0,186.0,163.0,96.0,10.0,5.0,0.0
3114204,1232.0,1419.0,1840.0,1723.0,1661.0,1657.0,1629.0,1545.0,1486.0,1379.0,1047.0,947.0,691.0,654.0,532.0,248.0,220.0,78.0,24.0,0.0,0.0
3114303,1784.0,2021.0,2471.0,2535.0,2240.0,2328.0,2298.0,2300.0,2242.0,2156.0,1886.0,1532.0,1171.0,994.0,803.0,461.0,281.0,162.0,49.0,22.0,0.0
3114402,1334.0,1392.0,1651.0,1723.0,1610.0,1648.0,1667.0,1511.0,1449.0,1509.0,1238.0,1046.0,838.0,615.0,508.0,293.0,290.0,84.0,20.0,0.0,0.0
3114501,1016.0,1265.0,1483.0,1468.0,1515.0,1398.0,1327.0,1276.0,1267.0,1134.0,1033.0,717.0,730.0,394.0,375.0,377.0,178.0,49.0,29.0,17.0,0.0
3114550,551.0,678.0,754.0,744.0,785.0,791.0,777.0,751.0,681.0,633.0,526.0,506.0,357.0,350.0,228.0,165.0,96.0,77.0,21.0,0.0,0.0
3114600,233.0,296.0,347.0,353.0,274.0,277.0,260.0,253.0,262.0,294.0,264.0,237.0,174.0,131.0,144.0,73.0,48.0,21.0,8.0,0.0,0.0
3114709,208.0,232.0,305.0,236.0,234.0,238.0,219.0,224.0,256.0,222.0,232.0,194.0,152.0,116.0,95.0,73.0,36.0,54.0,9.0,5.0,0.0
3114808,196.0,271.0,363.0,411.0,356.0,300.0,295.0,298.0,372.0,374.0,321.0,263.0,217.0,164.0,165.0,88.0,71.0,16.0,16.0,0.0,0.0
3114907,134.0,162.0,191.0,183.0,169.0,197.0,179.0,184.0,164.0,139.0,125.0,86.0,120.0,64.0,67.0,35.0,28.0,15.0,2.0,0.0,0.0
3115003,186.0,182.0,232.0,197.0,202.0,196.0,232.0,222.0,208.0,205.0,189.0,131.0,138.0,140.0,71.0,64.0,30.0,14.0,10.0,4.0,4.0
3115102,1051.0,1284.0,1437.0,1556.0,1323.0,1307.0,1240.0,1226.0,1151.0,1139.0,1140.0,1000.0,861.0,532.0,450.0,336.0,215.0,103.0,61.0,0.0,0.0
3115201,216.0,274.0,364.0,342.0,337.0,307.0,314.0,292.0,313.0,266.0,209.0,183.0,152.0,137.0,91.0,81.0,39.0,26.0,8.0,2.0,0.0
3115300,3723.0,4516.0,5387.0,5716.0,5314.0,5659.0,5206.0,5055.0,5147.0,5422.0,4641.0,3832.0,2952.0,2478.0,2152.0,1310.0,776.0,288.0,127.0,56.0,0.0
3115359,333.0,396.0,482.0,421.0,387.0,373.0,460.0,374.0,352.0,300.0,237.0,221.0,164.0,123.0,98.0,53.0,47.0,14.0,12.0,0.0,0.0
3115409,221.0,264.0,336.0,354.0,310.0,295.0,258.0,244.0,227.0,185.0,189.0,140.0,121.0,127.0,54.0,66.0,42.0,22.0,3.0,2.0,2.0
3115458,598.0,690.0,787.0,769.0,602.0,491.0,437.0,382.0,372.0,331.0,278.0,281.0,206.0,152.0,138.0,90.0,58.0,30.0,2.0,10.0,2.0
3115474,372.0,453.0,565.0,562.0,401.0,365.0,355.0,346.0,354.0,318.0,244.0,219.0,165.0,151.0,127.0,60.0,27.0,10.0,9.0,0.0,0.0
3115508,1225.0,1504.0,1752.0,1820.0,1558.0,1710.0,1570.0,1512.0,1494.0,1507.0,1384.0,1237.0,953.0,830.0,681.0,534.0,210.0,135.0,57.0,22.0,12.0
3115607,56.0,91.0,112.0,99.0,75.0,80.0,75.0,102.0,69.0,86.0,80.0,70.0,59.0,42.0,62.0,37.0,4.0,7.0,5.0,0.0,0.0
3115706,423.0,501.0,586.0,581.0,486.0,469.0,494.0,476.0,463.0,470.0,435.0,322.0,302.0,258.0,206.0,154.0,93.0,33.0,10.0,9.0,0.0
3115805,642.0,701.0,840.0,818.0,886.0,783.0,811.0,749.0,727.0,677.0,624.0,484.0,381.0,420.0,315.0,192.0,135.0,56.0,11.0,5.0,10.0
3115904,135.0,191.0,259.0,235.0,191.0,181.0,174.0,175.0,217.0,228.0,205.0,144.0,132.0,108.0,109.0,67.0,32.0,6.0,3.0,0.0,0.0
3116001,358.0,417.0,506.0,466.0,485.0,482.0,432.0,390.0,358.0,370.0,311.0,312.0,204.0,163.0,138.0,103.0,85.0,53.0,9.0,4.0,0.0
3116100,1203.0,1525.0,1771.0,1862.0,1613.0,1258.0,1008.0,906.0,810.0,702.0,569.0,585.0,470.0,295.0,270.0,189.0,109.0,36.0,0.0,5.0,4.0
3116159,1037.0,1141.0,1236.0,1233.0,1168.0,1003.0,741.0,609.0,503.0,476.0,375.0,403.0,284.0,202.0,197.0,96.0,50.0,33.0,13.0,5.0,0.0
3116209,188.0,203.0,240.0,210.0,232.0,177.0,191.0,174.0,196.0,216.0,144.0,175.0,119.0,127.0,67.0,51.0,47.0,16.0,10.0,3.0,0.0
3116308,367.0,458.0,602.0,641.0,612.0,504.0,478.0,437.0,440.0,455.0,288.0,300.0,277.0,201.0,178.0,141.0,113.0,38.0,14.0,4.0,0.0
3116407,318.0,366.0,402.0,402.0,375.0,368.0,321.0,299.0,270.0,291.0,282.0,274.0,183.0,159.0,106.0,57.0,38.0,22.0,6.0,0.0,3.0
3116506,493.0,556.0,719.0,807.0,678.0,560.0,565.0,560.0,533.0,478.0,432.0,342.0,280.0,269.0,219.0,137.0,92.0,48.0,0.0,0.0,7.0
3116605,1575.0,2016.0,2175.0,2248.0,2249.0,2077.0,2488.0,2266.0,1827.0,1637.0,1296.0,1089.0,886.0,656.0,543.0,343.0,199.0,138.0,53.0,9.0,0.0
3116704,395.0,532.0,610.0,546.0,513.0,561.0,549.0,478.0,522.0,493.0,382.0,390.0,327.0,196.0,180.0,140.0,144.0,64.0,26.0,6.0,0.0
3116803,699.0,801.0,976.0,946.0,844.0,651.0,678.0,565.0,554.0,434.0,403.0,370.0,327.0,275.0,202.0,125.0,97.0,56.0,15.0,7.0,0.0
3116902,247.0,219.0,225.0,221.0,256.0,290.0,238.0,202.0,196.0,253.0,179.0,116.0,114.0,77.0,62.0,34.0,24.0,20.0,0.0,0.0,0.0
3117009,572.0,708.0,864.0,893.0,621.0,565.0,527.0,486.0,523.0,480.0,396.0,417.0,356.0,280.0,190.0,170.0,118.0,72.0,54.0,3.0,4.0
3117108,698.0,756.0,776.0,793.0,819.0,763.0,761.0,710.0,695.0,636.0,632.0,479.0,387.0,281.0,210.0,247.0,125.0,47.0,6.0,0.0,0.0
3117207,166.0,175.0,221.0,208.0,225.0,231.0,205.0,220.0,215.0,194.0,186.0,130.0,98.0,97.0,66.0,63.0,28.0,16.0,5.0,0.0,0.0
3117306,1838.0,1812.0,1993.0,1975.0,2384.0,2307.0,1972.0,1746.0,1578.0,1417.0,1131.0,908.0,551.0,593.0,356.0,273.0,109.0,44.0,46.0,10.0,0.0
3117405,285.0,326.0,338.0,342.0,303.0,324.0,314.0,348.0,340.0,304.0,259.0,243.0,162.0,200.0,124.0,108.0,67.0,46.0,16.0,7.0,0.0
3117504,1344.0,1619.0,1862.0,1887.0,1461.0,1289.0,1192.0,1093.0,1073.0,1000.0,863.0,831.0,689.0,492.0,416.0,324.0,223.0,162.0,58.0,24.0,5.0
3117603,324.0,381.0,421.0,418.0,407.0,406.0,391.0,371.0,366.0,346.0,270.0,278.0,221.0,187.0,135.0,108.0,86.0,35.0,5.0,2.0,0.0
3117702,906.0,1034.0,1237.0,1145.0,1030.0,998.0,916.0,868.0,878.0,833.0,763.0,589.0,474.0,463.0,370.0,247.0,87.0,62.0,41.0,0.0,8.0
3117801,749.0,769.0,936.0,930.0,875.0,825.0,778.0,807.0,770.0,686.0,702.0,394.0,394.0,282.0,271.0,78.0,73.0,66.0,4.0,0.0,0.0
3117836,478.0,701.0,816.0,807.0,602.0,526.0,449.0,422.0,369.0,346.0,348.0,273.0,263.0,237.0,155.0,130.0,84.0,61.0,31.0,3.0,0.0
3117876,343.0,435.0,547.0,556.0,486.0,496.0,522.0,516.0,420.0,405.0,319.0,271.0,151.0,179.0,130.0,77.0,43.0,25.0,9.0,5.0,0.0
3117900,584.0,682.0,779.0,787.0,801.0,912.0,838.0,841.0,794.0,752.0,662.0,585.0,446.0,365.0,273.0,186.0,118.0,42.0,15.0,0.0,6.0
3118007,3199.0,3424.0,4180.0,4434.0,4420.0,4526.0,3952.0,3452.0,3607.0,3378.0,2878.0,2282.0,1568.0,1120.0,950.0,672.0,337.0,105.0,19.0,17.0,0.0
3118106,330.0,463.0,537.0,542.0,359.0,357.0,351.0,305.0,262.0,253.0,223.0,230.0,205.0,169.0,161.0,81.0,57.0,33.0,24.0,2.0,0.0
3118205,413.0,490.0,506.0,573.0,521.0,562.0,492.0,469.0,438.0,438.0,413.0,337.0,298.0,194.0,137.0,103.0,70.0,49.0,22.0,2.0,0.0
3118304,7238.0,7728.0,9085.0,9732.0,10739.0,10771.0,9542.0,8133.0,8236.0,8458.0,7392.0,6134.0,4488.0,3097.0,2110.0,1588.0,1317.0,407.0,263.0,53.0,0.0
3118403,1521.0,1748.0,2126.0,1987.0,1751.0,1587.0,1550.0,1537.0,1486.0,1374.0,1360.0,1022.0,920.0,744.0,606.0,380.0,324.0,140.0,62.0,12.0,5.0
3118502,99.0,125.0,148.0,147.0,117.0,114.0,121.0,107.0,126.0,117.0,91.0,105.0,87.0,71.0,72.0,44.0,23.0,5.0,9.0,0.0,0.0
3118601,39476.0,41711.0,48545.0,50201.0,56694.0,60220.0,56693.0,47471.0,43873.0,40336.0,35057.0,27525.0,19701.0,13806.0,9346.0,6214.0,3506.0,2211.0,570.0,251.0,35.0
3118700,539.0,709.0,880.0,838.0,745.0,669.0,612.0,643.0,614.0,651.0,570.0,528.0,358.0,277.0,246.0,184.0,108.0,68.0,46.0,4.0,0.0
3118809,1915.0,2133.0,2664.0,2686.0,2276.0,2110.0,1881.0,1642.0,1696.0,1524.0,1233.0,1123.0,891.0,798.0,646.0,363.0,229.0,120.0,77.0,26.0,0.0
3118908,504.0,554.0,679.0,800.0,737.0,675.0,663.0,603.0,617.0,559.0,539.0,447.0,362.0,321.0,230.0,195.0,91.0,48.0,27.0,17.0,0.0
3119005,260.0,276.0,328.0,310.0,257.0,265.0,222.0,250.0,238.0,220.0,193.0,172.0,149.0,116.0,92.0,49.0,23.0,9.0,2.0,3.0,0.0
3119104,1557.0,1870.0,2207.0,2116.0,1883.0,1816.0,1680.0,1587.0,1574.0,1631.0,1483.0,1199.0,968.0,699.0,643.0,569.0,280.0,108.0,21.0,23.0,0.0
3119203,648.0,812.0,1061.0,1033.0,845.0,786.0,689.0,677.0,611.0,577.0,494.0,521.0,411.0,354.0,329.0,181.0,169.0,28.0,23.0,20.0,0.0
3119302,1645.0,1871.0,2242.0,2226.0,2130.0,2145.0,2096.0,2173.0,2223.0,2007.0,1811.0,1442.0,1080.0,974.0,680.0,395.0,230.0,120.0,36.0,21.0,0.0
3119401,6930.0,7511.0,8849.0,8802.0,9399.0,9322.0,8574.0,7543.0,7341.0,6971.0,6498.0,4738.0,3354.0,2760.0,2034.0,1485.0,904.0,453.0,162.0,56.0,10.0
3119500,601.0,763.0,905.0,932.0,786.0,774.0,635.0,556.0,531.0,528.0,448.0,430.0,315.0,253.0,283.0,177.0,95.0,37.0,53.0,10.0,5.0
3119609,162.0,185.0,234.0,248.0,240.0,216.0,224.0,197.0,245.0,230.0,186.0,164.0,151.0,91.0,85.0,67.0,38.0,13.0,6.0,0.0,0.0
3119708,209.0,220.0,250.0,284.0,231.0,252.0,290.0,239.0,226.0,255.0,200.0,158.0,157.0,101.0,92.0,78.0,36.0,13.0,11.0,0.0,0.0
3119807,177.0,245.0,251.0,251.0,233.0,221.0,209.0,242.0,232.0,268.0,212.0,226.0,189.0,166.0,124.0,76.0,41.0,20.0,8.0,0.0,0.0
3119906,191.0,199.0,269.0,280.0,264.0,198.0,265.0,241.0,268.0,266.0,259.0,247.0,241.0,188.0,141.0,82.0,84.0,34.0,10.0,3.0,0.0
3119955,337.0,416.0,452.0,470.0,452.0,543.0,520.0,447.0,440.0,416.0,340.0,268.0,210.0,168.0,164.0,84.0,38.0,17.0,6.0,3.0,0.0
3120003,227.0,257.0,266.0,277.0,238.0,219.0,223.0,195.0,196.0,212.0,196.0,175.0,156.0,73.0,84.0,63.0,41.0,24.0,6.0,0.0,0.0
3120102,299.0,318.0,442.0,465.0,361.0,300.0,291.0,284.0,280.0,255.0,210.0,178.0,134.0,129.0,106.0,74.0,41.0,20.0,18.0,0.0,0.0
3120151,472.0,578.0,685.0,632.0,490.0,461.0,423.0,356.0,367.0,307.0,268.0,209.0,226.0,176.0,195.0,119.0,46.0,15.0,22.0,0.0,0.0
3120201,786.0,792.0,899.0,866.0,1007.0,1007.0,922.0,809.0,728.0,708.0,638.0,583.0,461.0,353.0,317.0,211.0,79.0,81.0,20.0,13.0,7.0
3120300,610.0,723.0,709.0,674.0,659.0,482.0,350.0,291.0,228.0,224.0,221.0,186.0,124.0,122.0,51.0,64.0,29.0,11.0,0.0,3.0,0.0
3120409,335.0,419.0,445.0,453.0,396.0,405.0,458.0,329.0,357.0,313.0,257.0,252.0,203.0,123.0,120.0,67.0,45.0,21.0,6.0,4.0,0.0
3120508,651.0,700.0,863.0,887.0,857.0,762.0,763.0,753.0,752.0,718.0,596.0,493.0,450.0,346.0,225.0,205.0,123.0,52.0,5.0,10.0,0.0
3120607,278.0,334.0,379.0,363.0,340.0,379.0,341.0,359.0,379.0,327.0,339.0,195.0,213.0,163.0,148.0,111.0,81.0,20.0,2.0,5.0,0.0
3120706,281.0,325.0,368.0,366.0,318.0,287.0,271.0,314.0,295.0,252.0,247.0,129.0,135.0,92.0,85.0,77.0,58.0,18.0,16.0,0.0,0.0
3120805,829.0,1050.0,1326.0,1369.0,1144.0,1079.0,944.0,1018.0,1097.0,1031.0,828.0,816.0,594.0,488.0,482.0,260.0,156.0,56.0,14.0,9.0,0.0
3120839,354.0,378.0,441.0,427.0,392.0,363.0,332.0,326.0,316.0,293.0,247.0,232.0,186.0,118.0,110.0,74.0,61.0,18.0,8.0,4.0,0.0
3120870,554.0,710.0,769.0,686.0,613.0,536.0,517.0,437.0,411.0,323.0,256.0,342.0,223.0,197.0,139.0,86.0,59.0,41.0,11.0,3.0,0.0
3120904,4805.0,5687.0,6550.0,6831.0,6488.0,6125.0,5583.0,5315.0,5336.0,4975.0,4383.0,3009.0,2739.0,1998.0,1778.0,1360.0,752.0,313.0,119.0,53.0,20.0
3121001,356.0,449.0,546.0,584.0,447.0,363.0,340.0,339.0,361.0,314.0,273.0,208.0,169.0,139.0,120.0,109.0,39.0,42.0,10.0,3.0,0.0
3121100,488.0,564.0,790.0,698.0,601.0,581.0,519.0,601.0,634.0,610.0,503.0,412.0,254.0,278.0,188.0,122.0,68.0,52.0,8.0,0.0,0.0
3121209,429.0,525.0,610.0,600.0,458.0,526.0,516.0,538.0,486.0,463.0,402.0,384.0,275.0,225.0,157.0,115.0,69.0,27.0,23.0,3.0,0.0
3121258,802.0,674.0,657.0,711.0,971.0,899.0,830.0,606.0,498.0,371.0,327.0,246.0,195.0,132.0,87.0,53.0,11.0,9.0,9.0,0.0,0.0
3121308,282.0,317.0,384.0,405.0,384.0,429.0,325.0,302.0,335.0,305.0,292.0,281.0,209.0,147.0,147.0,88.0,79.0,29.0,13.0,16.0,0.0
3121407,386.0,440.0,546.0,592.0,505.0,504.0,459.0,500.0,523.0,515.0,419.0,383.0,374.0,271.0,248.0,151.0,116.0,35.0,20.0,10.0,4.0
3121506,155.0,184.0,236.0,249.0,220.0,207.0,234.0,221.0,227.0,220.0,204.0,167.0,126.0,123.0,86.0,69.0,70.0,15.0,2.0,0.0,0.0
3121605,2992.0,3541.0,4424.0,4898.0,4630.0,3916.0,3437.0,3069.0,3042.0,2926.0,2265.0,1780.0,1378.0,1111.0,1048.0,625.0,418.0,287.0,82.0,12.0,0.0
3121704,244.0,317.0,374.0,377.0,259.0,205.0,259.0,274.0,250.0,202.0,230.0,201.0,148.0,154.0,106.0,129.0,64.0,39.0,16.0,0.0,0.0
3121803,461.0,594.0,734.0,795.0,691.0,721.0,594.0,611.0,596.0,604.0,513.0,426.0,371.0,327.0,279.0,243.0,165.0,14.0,0.0,0.0,0.0
3121902,254.0,251.0,269.0,317.0,269.0,241.0,204.0,211.0,238.0,243.0,197.0,174.0,112.0,85.0,93.0,66.0,43.0,7.0,12.0,6.0,0.0
3122009,1358.0,1738.0,1777.0,1682.0,1543.0,1490.0,1429.0,1324.0,1260.0,1223.0,1182.0,857.0,585.0,573.0,493.0,269.0,212.0,86.0,52.0,0.0,0.0
3122108,336.0,371.0,447.0,464.0,349.0,335.0,315.0,339.0,367.0,304.0,237.0,286.0,188.0,214.0,126.0,115.0,112.0,25.0,6.0,2.0,0.0
3122207,524.0,589.0,731.0,832.0,629.0,518.0,453.0,412.0,434.0,411.0,290.0,359.0,247.0,164.0,152.0,128.0,100.0,20.0,29.0,3.0,0.0
3122306,12533.0,13790.0,16514.0,17420.0,19099.0,18840.0,18448.0,16475.0,16069.0,15912.0,13504.0,10354.0,8048.0,5575.0,4561.0,3258.0,1662.0,588.0,280.0,87.0,0.0
3122355,517.0,665.0,614.0,601.0,553.0,490.0,439.0,384.0,352.0,317.0,229.0,196.0,185.0,113.0,105.0,59.0,26.0,24.0,13.0,3.0,0.0
3122405,422.0,454.0,542.0,530.0,477.0,415.0,431.0,393.0,342.0,372.0,298.0,283.0,226.0,177.0,168.0,114.0,58.0,33.0,26.0,3.0,0.0
3122454,688.0,729.0,874.0,918.0,850.0,792.0,661.0,608.0,580.0,499.0,391.0,383.0,310.0,234.0,158.0,121.0,94.0,48.0,32.0,0.0,5.0
3122470,237.0,334.0,372.0,405.0,291.0,282.0,259.0,253.0,280.0,265.0,209.0,201.0,131.0,99.0,90.0,38.0,50.0,9.0,9.0,0.0,0.0
3122504,294.0,391.0,473.0,436.0,390.0,351.0,364.0,321.0,339.0,322.0,325.0,261.0,275.0,191.0,192.0,123.0,105.0,39.0,14.0,3.0,0.0
3122603,301.0,388.0,449.0,434.0,342.0,310.0,301.0,287.0,264.0,286.0,244.0,218.0,179.0,159.0,152.0,86.0,59.0,38.0,34.0,4.0,0.0
3122702,246.0,303.0,418.0,406.0,332.0,353.0,337.0,354.0,403.0,424.0,331.0,273.0,256.0,220.0,170.0,169.0,101.0,54.0,27.0,17.0,2.0
3122801,161.0,188.0,256.0,241.0,199.0,219.0,221.0,225.0,231.0,238.0,205.0,146.0,127.0,116.0,111.0,52.0,33.0,19.0,7.0,0.0,0.0
3122900,364.0,426.0,525.0,548.0,486.0,469.0,451.0,455.0,454.0,433.0,350.0,289.0,201.0,184.0,135.0,106.0,79.0,31.0,12.0,3.0,0.0
3123007,551.0,621.0,712.0,798.0,702.0,754.0,705.0,693.0,750.0,747.0,592.0,496.0,406.0,285.0,168.0,129.0,96.0,76.0,18.0,0.0,0.0
3123106,316.0,472.0,510.0,503.0,377.0,349.0,369.0,336.0,358.0,338.0,261.0,256.0,228.0,128.0,183.0,128.0,41.0,31.0,26.0,11.0,0.0
3123205,717.0,937.0,1126.0,1133.0,847.0,896.0,927.0,983.0,1006.0,1050.0,856.0,761.0,685.0,574.0,527.0,382.0,198.0,136.0,27.0,5.0,5.0
3123304,207.0,357.0,421.0,428.0,309.0,273.0,312.0,299.0,307.0,323.0,288.0,220.0,221.0,168.0,117.0,98.0,70.0,30.0,10.0,4.0,0.0
3123403,94.0,105.0,111.0,121.0,92.0,110.0,106.0,136.0,94.0,96.0,96.0,88.0,72.0,39.0,30.0,25.0,19.0,7.0,0.0,0.0,0.0
3123502,102.0,119.0,116.0,156.0,149.0,122.0,130.0,149.0,140.0,141.0,93.0,118.0,98.0,80.0,57.0,54.0,17.0,0.0,0.0,0.0,0.0
3123528,549.0,680.0,805.0,721.0,669.0,638.0,541.0,480.0,466.0,448.0,407.0,268.0,245.0,128.0,182.0,85.0,62.0,35.0,10.0,3.0,0.0
3123601,1731.0,1949.0,2178.0,2151.0,2037.0,2064.0,1963.0,1749.0,1707.0,1726.0,1550.0,1267.0,1080.0,685.0,685.0,390.0,238.0,43.0,16.0,11.0,0.0
3123700,742.0,891.0,1104.0,965.0,867.0,755.0,762.0,653.0,687.0,607.0,551.0,415.0,378.0,284.0,250.0,190.0,94.0,57.0,23.0,4.0,0.0
3123809,517.0,567.0,734.0,717.0,590.0,564.0,532.0,473.0,468.0,445.0,413.0,297.0,266.0,182.0,164.0,109.0,58.0,21.0,3.0,3.0,0.0
3123858,317.0,402.0,483.0,449.0,419.0,368.0,390.0,361.0,325.0,356.0,262.0,273.0,204.0,160.0,181.0,112.0,67.0,30.0,10.0,6.0,0.0
3123908,846.0,938.0,1186.0,1211.0,1151.0,1160.0,1130.0,1011.0,1100.0,959.0,792.0,725.0,616.0,502.0,393.0,260.0,173.0,44.0,25.0,21.0,0.0
3124005,1132.0,1382.0,1538.0,1621.0,1667.0,1532.0,1415.0,1279.0,1163.0,1097.0,957.0,892.0,629.0,493.0,516.0,373.0,176.0,51.0,24.0,9.0,0.0
3124104,4715.0,5302.0,6326.0,5939.0,4905.0,4672.0,4838.0,4446.0,4235.0,3712.0,3077.0,2549.0,1831.0,1375.0,946.0,735.0,255.0,228.0,139.0,33.0,13.0
3124203,1532.0,1825.0,2120.0,1971.0,1935.0,2004.0,1786.0,1589.0,1535.0,1436.0,1433.0,1066.0,896.0,539.0,520.0,325.0,217.0,72.0,39.0,16.0,0.0
3124302,2226.0,2514.0,2900.0,3298.0,3055.0,2760.0,2173.0,1946.0,1853.0,1730.0,1418.0,1433.0,1079.0,843.0,762.0,474.0,332.0,180.0,137.0,0.0,0.0
3124401,227.0,266.0,360.0,349.0,321.0,330.0,318.0,341.0,355.0,326.0,304.0,231.0,214.0,172.0,159.0,86.0,43.0,17.0,7.0,3.0,0.0
3124500,630.0,715.0,884.0,868.0,910.0,872.0,818.0,833.0,843.0,751.0,698.0,531.0,479.0,372.0,235.0,240.0,96.0,33.0,38.0,0.0,0.0
3124609,149.0,169.0,185.0,238.0,188.0,169.0,158.0,167.0,170.0,162.0,183.0,113.0,126.0,96.0,64.0,65.0,37.0,18.0,12.0,0.0,1.0
3124708,183.0,238.0,300.0,258.0,235.0,235.0,232.0,255.0,260.0,258.0,209.0,222.0,203.0,145.0,120.0,83.0,44.0,17.0,12.0,6.0,0.0
3124807,476.0,531.0,645.0,624.0,648.0,618.0,564.0,501.0,569.0,569.0,414.0,362.0,266.0,228.0,178.0,106.0,84.0,36.0,18.0,8.0,2.0
3124906,658.0,685.0,788.0,807.0,909.0,866.0,821.0,728.0,715.0,725.0,652.0,572.0,547.0,272.0,261.0,235.0,207.0,54.0,11.0,15.0,12.0
3125002,261.0,280.0,356.0,363.0,326.0,282.0,277.0,281.0,287.0,266.0,215.0,152.0,145.0,79.0,73.0,48.0,51.0,4.0,8.0,0.0,0.0
3125101,1925.0,2001.0,2370.0,2392.0,2791.0,2716.0,2516.0,2109.0,1921.0,1681.0,1609.0,1282.0,1048.0,909.0,494.0,474.0,172.0,134.0,45.0,11.0,0.0
3125200,128.0,156.0,165.0,175.0,177.0,133.0,154.0,162.0,182.0,174.0,182.0,161.0,109.0,106.0,56.0,58.0,51.0,7.0,12.0,2.0,0.0
3125309,224.0,248.0,285.0,311.0,260.0,206.0,230.0,218.0,217.0,231.0,205.0,183.0,152.0,100.0,114.0,98.0,45.0,20.0,24.0,4.0,0.0
3125408,363.0,471.0,602.0,570.0,332.0,342.0,315.0,306.0,379.0,330.0,232.0,183.0,196.0,153.0,150.0,111.0,72.0,16.0,13.0,6.0,0.0
3125507,212.0,253.0,323.0,331.0,265.0,210.0,225.0,213.0,201.0,180.0,141.0,133.0,157.0,84.0,60.0,40.0,17.0,4.0,0.0,6.0,0.0
3125606,476.0,583.0,779.0,739.0,525.0,417.0,442.0,422.0,440.0,391.0,316.0,276.0,289.0,276.0,203.0,123.0,70.0,86.0,13.0,7.0,3.0
3125705,923.0,1092.0,1278.0,1271.0,1191.0,1029.0,1088.0,988.0,956.0,951.0,808.0,752.0,542.0,412.0,336.0,251.0,149.0,53.0,45.0,6.0,0.0
3125804,195.0,223.0,286.0,324.0,216.0,209.0,184.0,209.0,190.0,226.0,167.0,153.0,117.0,102.0,74.0,78.0,49.0,16.0,7.0,4.0,0.0
3125903,701.0,840.0,1030.0,939.0,723.0,721.0,727.0,765.0,739.0,782.0,596.0,501.0,425.0,372.0,398.0,284.0,167.0,78.0,23.0,25.0,0.0
3125952,786.0,933.0,1019.0,967.0,897.0,900.0,831.0,696.0,675.0,569.0,536.0,422.0,378.0,228.0,232.0,128.0,92.0,25.0,15.0,19.0,0.0
3126000,397.0,474.0,564.0,644.0,555.0,476.0,502.0,489.0,493.0,461.0,390.0,273.0,298.0,208.0,136.0,117.0,73.0,25.0,21.0,0.0,3.0
3126109,3412.0,4091.0,4908.0,5273.0,5451.0,5424.0,5069.0,4736.0,5037.0,4908.0,4107.0,3691.0,2829.0,2034.0,1643.0,1376.0,617.0,327.0,137.0,39.0,20.0
3126208,712.0,732.0,814.0,948.0,744.0,708.0,614.0,497.0,477.0,481.0,402.0,289.0,254.0,156.0,128.0,109.0,76.0,11.0,17.0,7.0,3.0
3126307,275.0,293.0,370.0,313.0,288.0,337.0,306.0,311.0,265.0,257.0,300.0,206.0,204.0,139.0,76.0,64.0,48.0,34.0,12.0,0.0,0.0
3126406,179.0,204.0,255.0,233.0,235.0,210.0,209.0,216.0,175.0,187.0,131.0,127.0,95.0,88.0,62.0,61.0,15.0,15.0,6.0,2.0,0.0
3126505,534.0,804.0,922.0,1074.0,1143.0,908.0,676.0,621.0,595.0,572.0,526.0,452.0,347.0,358.0,264.0,182.0,134.0,108.0,28.0,0.0,0.0
3126604,382.0,427.0,514.0,490.0,391.0,393.0,371.0,337.0,278.0,280.0,234.0,210.0,166.0,102.0,104.0,85.0,57.0,31.0,9.0,3.0,0.0
3126703,1885.0,2075.0,2503.0,2499.0,2250.0,2115.0,1835.0,1581.0,1652.0,1407.0,1102.0,1123.0,982.0,669.0,525.0,420.0,157.0,60.0,42.0,30.0,0.0
3126752,429.0,569.0,652.0,581.0,478.0,404.0,412.0,345.0,341.0,292.0,275.0,290.0,168.0,205.0,128.0,129.0,39.0,27.0,30.0,6.0,0.0
3126802,467.0,561.0,591.0,582.0,467.0,441.0,397.0,345.0,370.0,352.0,275.0,232.0,177.0,181.0,145.0,148.0,82.0,43.0,13.0,3.0,8.0
3126901,652.0,811.0,903.0,889.0,718.0,664.0,652.0,636.0,588.0,525.0,437.0,359.0,268.0,273.0,237.0,156.0,92.0,25.0,31.0,0.0,4.0
3126950,249.0,331.0,349.0,327.0,302.0,268.0,264.0,222.0,193.0,153.0,149.0,139.0,104.0,86.0,99.0,46.0,16.0,21.0,8.0,2.0,0.0
3127008,1206.0,1060.0,1158.0,1192.0,1344.0,1363.0,1234.0,996.0,968.0,805.0,756.0,590.0,503.0,346.0,264.0,103.0,89.0,35.0,18.0,10.0,0.0
3127057,343.0,406.0,479.0,478.0,313.0,353.0,306.0,283.0,277.0,270.0,211.0,231.0,190.0,215.0,144.0,111.0,48.0,10.0,15.0,0.0,3.0
3127073,563.0,629.0,707.0,631.0,478.0,452.0,345.0,275.0,274.0,265.0,277.0,280.0,258.0,142.0,154.0,66.0,79.0,46.0,17.0,0.0,3.0
3127107,3418.0,3512.0,3982.0,4445.0,4948.0,4784.0,4452.0,3947.0,3912.0,3736.0,3057.0,2641.0,2198.0,1452.0,1307.0,915.0,417.0,212.0,103.0,19.0,10.0
3127206,293.0,339.0,374.0,343.0,304.0,296.0,302.0,255.0,268.0,236.0,225.0,153.0,175.0,87.0,93.0,62.0,30.0,15.0,3.0,1.0,0.0
3127305,455.0,578.0,711.0,631.0,462.0,484.0,512.0,475.0,476.0,421.0,364.0,405.0,289.0,275.0,141.0,90.0,105.0,54.0,17.0,6.0,0.0
3127339,363.0,383.0,519.0,600.0,444.0,390.0,374.0,315.0,318.0,315.0,312.0,195.0,212.0,146.0,97.0,83.0,39.0,28.0,3.0,3.0,0.0
3127354,199.0,235.0,298.0,255.0,246.0,229.0,215.0,219.0,192.0,179.0,166.0,116.0,117.0,111.0,82.0,48.0,43.0,6.0,5.0,1.0,0.0
3127370,234.0,233.0,257.0,286.0,229.0,226.0,219.0,212.0,209.0,190.0,193.0,149.0,138.0,83.0,85.0,54.0,23.0,32.0,0.0,0.0,0.0
3127388,217.0,250.0,295.0,295.0,263.0,204.0,272.0,221.0,285.0,289.0,222.0,233.0,193.0,108.0,131.0,102.0,34.0,46.0,0.0,0.0,0.0
3127404,244.0,282.0,400.0,312.0,306.0,269.0,321.0,314.0,332.0,318.0,238.0,245.0,222.0,172.0,121.0,71.0,33.0,19.0,3.0,0.0,0.0
3127503,429.0,535.0,695.0,656.0,508.0,447.0,363.0,337.0,358.0,329.0,297.0,276.0,237.0,125.0,133.0,77.0,67.0,41.0,8.0,2.0,0.0
3127602,719.0,828.0,1109.0,1185.0,1132.0,961.0,784.0,765.0,810.0,730.0,635.0,581.0,414.0,337.0,234.0,197.0,171.0,62.0,4.0,14.0,9.0
3127701,17926.0,20138.0,23399.0,23314.0,23600.0,22769.0,21224.0,18381.0,18757.0,16881.0,14468.0,11951.0,9209.0,7443.0,5976.0,3946.0,2466.0,1244.0,437.0,105.0,55.0
3127800,1118.0,1396.0,1704.0,1706.0,1479.0,1245.0,1083.0,914.0,899.0,784.0,611.0,587.0,444.0,358.0,314.0,147.0,154.0,52.0,22.0,9.0,0.0
3127909,93.0,86.0,98.0,95.0,107.0,105.0,92.0,106.0,102.0,106.0,80.0,87.0,49.0,66.0,40.0,20.0,30.0,9.0,0.0,3.0,0.0
3128006,1869.0,2553.0,3173.0,3193.0,2729.0,2558.0,2483.0,2094.0,2066.0,1881.0,1623.0,1329.0,1071.0,842.0,764.0,449.0,269.0,202.0,102.0,12.0,0.0
3128105,840.0,1026.0,1200.0,1183.0,1128.0,1064.0,1097.0,1015.0,1028.0,945.0,901.0,690.0,540.0,423.0,288.0,213.0,167.0,68.0,27.0,29.0,0.0
3128204,562.0,704.0,847.0,784.0,934.0,828.0,697.0,677.0,666.0,663.0,693.0,499.0,434.0,386.0,341.0,247.0,136.0,93.0,33.0,0.0,0.0
3128253,358.0,342.0,455.0,450.0,419.0,388.0,379.0,301.0,337.0,298.0,266.0,204.0,179.0,134.0,104.0,41.0,29.0,14.0,11.0,0.0,8.0
3128303,1084.0,1222.0,1681.0,1658.0,1645.0,1583.0,1405.0,1369.0,1291.0,1277.0,1165.0,900.0,802.0,479.0,431.0,328.0,252.0,89.0,39.0,13.0,0.0
3128402,508.0,559.0,682.0,762.0,723.0,668.0,557.0,605.0,644.0,636.0,577.0,402.0,345.0,309.0,264.0,181.0,133.0,87.0,26.0,5.0,4.0
3128501,239.0,293.0,332.0,355.0,288.0,311.0,305.0,235.0,284.0,289.0,237.0,199.0,143.0,142.0,94.0,82.0,63.0,16.0,17.0,6.0,0.0
3128600,475.0,519.0,626.0,590.0,552.0,503.0,506.0,532.0,508.0,453.0,337.0,286.0,224.0,175.0,106.0,118.0,18.0,37.0,0.0,0.0,0.0
3128709,2833.0,3225.0,3900.0,4205.0,4266.0,4103.0,3720.0,3570.0,3550.0,3535.0,3268.0,2608.0,2045.0,1563.0,1195.0,904.0,435.0,359.0,109.0,29.0,9.0
3128808,424.0,464.0,587.0,667.0,544.0,530.0,508.0,482.0,531.0,531.0,460.0,362.0,281.0,272.0,178.0,156.0,129.0,70.0,20.0,4.0,5.0
3128907,481.0,584.0,645.0,678.0,566.0,552.0,496.0,525.0,535.0,493.0,423.0,346.0,294.0,240.0,163.0,110.0,74.0,45.0,12.0,3.0,0.0
3129004,445.0,546.0,677.0,673.0,659.0,661.0,607.0,585.0,618.0,629.0,576.0,536.0,415.0,338.0,306.0,196.0,108.0,75.0,45.0,13.0,0.0
3129103,325.0,390.0,509.0,433.0,325.0,359.0,458.0,477.0,481.0,450.0,376.0,395.0,358.0,265.0,211.0,189.0,60.0,52.0,18.0,3.0,3.0
3129202,390.0,420.0,528.0,517.0,458.0,456.0,456.0,427.0,444.0,426.0,388.0,357.0,273.0,212.0,114.0,122.0,65.0,55.0,13.0,0.0,0.0
3129301,635.0,764.0,1007.0,986.0,808.0,795.0,707.0,714.0,757.0,661.0,494.0,527.0,384.0,359.0,284.0,218.0,111.0,70.0,31.0,4.0,0.0
3129400,333.0,328.0,452.0,479.0,378.0,360.0,397.0,388.0,380.0,348.0,264.0,245.0,209.0,200.0,114.0,102.0,39.0,14.0,7.0,0.0,0.0
3129509,1483.0,1631.0,1951.0,1858.0,1985.0,2042.0,1941.0,1694.0,1632.0,1702.0,1590.0,1014.0,853.0,623.0,479.0,373.0,227.0,106.0,34.0,0.0,0.0
3129608,645.0,722.0,830.0,812.0,692.0,689.0,587.0,468.0,450.0,444.0,382.0,310.0,251.0,167.0,174.0,89.0,67.0,36.0,20.0,3.0,0.0
3129657,463.0,555.0,733.0,683.0,553.0,458.0,385.0,303.0,400.0,318.0,293.0,230.0,263.0,145.0,137.0,109.0,70.0,31.0,14.0,11.0,0.0
3129707,961.0,914.0,1056.0,1123.0,1100.0,1069.0,997.0,894.0,787.0,713.0,696.0,598.0,443.0,295.0,215.0,191.0,94.0,20.0,5.0,5.0,0.0
3129806,12170.0,13370.0,16023.0,15098.0,14935.0,14703.0,14817.0,12694.0,11305.0,9318.0,7599.0,6141.0,3826.0,2710.0,1865.0,1290.0,575.0,383.0,84.0,49.0,0.0
3129905,185.0,243.0,278.0,268.0,263.0,248.0,249.0,252.0,253.0,222.0,193.0,231.0,171.0,102.0,121.0,50.0,33.0,18.0,3.0,0.0,0.0
3130002,186.0,258.0,263.0,247.0,227.0,191.0,221.0,216.0,173.0,175.0,167.0,138.0,106.0,118.0,88.0,40.0,31.0,15.0,6.0,0.0,0.0
3130051,881.0,1003.0,1161.0,1318.0,1176.0,1018.0,771.0,630.0,523.0,486.0,425.0,358.0,297.0,230.0,160.0,153.0,72.0,69.0,5.0,5.0,6.0
3130101,2540.0,2920.0,3341.0,3120.0,3109.0,3050.0,2980.0,2701.0,2360.0,2162.0,1934.0,1240.0,1099.0,906.0,739.0,341.0,203.0,96.0,10.0,0.0,0.0
3130200,665.0,725.0,811.0,873.0,895.0,815.0,783.0,710.0,620.0,611.0,472.0,371.0,357.0,177.0,153.0,96.0,78.0,46.0,5.0,0.0,0.0
3130309,409.0,456.0,562.0,719.0,722.0,637.0,570.0,576.0,599.0,629.0,583.0,446.0,355.0,285.0,213.0,151.0,54.0,38.0,19.0,6.0,0.0
3130408,370.0,470.0,525.0,533.0,468.0,510.0,475.0,423.0,427.0,377.0,316.0,281.0,194.0,183.0,135.0,96.0,48.0,24.0,4.0,0.0,0.0
3130507,769.0,887.0,1086.0,1049.0,954.0,924.0,816.0,817.0,815.0,756.0,696.0,528.0,411.0,327.0,323.0,140.0,99.0,64.0,18.0,9.0,0.0
3130556,458.0,588.0,631.0,603.0,536.0,493.0,501.0,470.0,393.0,383.0,341.0,289.0,204.0,183.0,144.0,98.0,71.0,22.0,10.0,8.0,0.0
3130606,355.0,419.0,589.0,541.0,535.0,547.0,567.0,566.0,528.0,523.0,423.0,386.0,292.0,247.0,180.0,102.0,54.0,45.0,6.0,2.0,0.0
3130655,501.0,630.0,846.0,794.0,616.0,566.0,465.0,436.0,434.0,420.0,373.0,321.0,280.0,226.0,149.0,140.0,72.0,30.0,11.0,6.0,14.0
3130705,458.0,500.0,571.0,586.0,556.0,532.0,514.0,487.0,416.0,415.0,275.0,262.0,222.0,143.0,112.0,70.0,53.0,14.0,2.0,2.0,0.0
3130804,185.0,175.0,235.0,239.0,202.0,194.0,205.0,199.0,203.0,188.0,164.0,125.0,116.0,81.0,64.0,27.0,16.0,0.0,10.0,0.0,0.0
3130903,1486.0,1863.0,2252.0,2147.0,1791.0,1795.0,1805.0,1722.0,1658.0,1649.0,1385.0,1222.0,950.0,756.0,622.0,552.0,429.0,176.0,26.0,7.0,0.0
3131000,331.0,473.0,552.0,526.0,511.0,512.0,470.0,387.0,375.0,346.0,360.0,267.0,193.0,170.0,96.0,84.0,57.0,16.0,24.0,7.0,3.0
3131109,412.0,499.0,655.0,651.0,567.0,533.0,499.0,445.0,458.0,435.0,407.0,266.0,249.0,229.0,156.0,130.0,67.0,39.0,20.0,2.0,6.0
3131158,1345.0,1503.0,1706.0,1678.0,1570.0,1382.0,1447.0,1154.0,1059.0,884.0,755.0,658.0,411.0,434.0,308.0,221.0,115.0,52.0,18.0,10.0,0.0
3131208,1123.0,1345.0,1508.0,1526.0,1418.0,1407.0,1367.0,1278.0,1281.0,1131.0,1078.0,912.0,732.0,673.0,506.0,373.0,284.0,162.0,46.0,15.0,5.0
3131307,15935.0,16550.0,19514.0,20762.0,23057.0,22855.0,20783.0,17538.0,16858.0,15777.0,14507.0,12513.0,7829.0,5276.0,4316.0,2517.0,1732.0,731.0,368.0,42.0,9.0
3131406,230.0,286.0,318.0,338.0,326.0,323.0,333.0,264.0,315.0,293.0,236.0,194.0,179.0,179.0,137.0,92.0,38.0,17.0,9.0,0.0,0.0
3131505,591.0,649.0,730.0,823.0,777.0,722.0,764.0,775.0,787.0,689.0,515.0,550.0,369.0,354.0,175.0,120.0,81.0,40.0,11.0,0.0,0.0
3131604,487.0,482.0,571.0,575.0,535.0,566.0,498.0,507.0,503.0,410.0,417.0,231.0,221.0,180.0,124.0,82.0,40.0,22.0,12.0,3.0,0.0
3131703,7027.0,7578.0,9205.0,9519.0,9927.0,9821.0,9525.0,8185.0,8086.0,7624.0,6296.0,5133.0,3626.0,2771.0,2213.0,1465.0,954.0,513.0,185.0,106.0,25.0
3131802,730.0,793.0,976.0,859.0,925.0,932.0,924.0,760.0,639.0,645.0,593.0,457.0,389.0,352.0,265.0,247.0,128.0,61.0,17.0,0.0,0.0
3131901,2960.0,3173.0,3738.0,3816.0,4269.0,4155.0,3935.0,3335.0,3142.0,3129.0,2633.0,2166.0,1587.0,1112.0,985.0,631.0,437.0,172.0,55.0,8.0,11.0
3132008,322.0,411.0,518.0,547.0,484.0,429.0,389.0,289.0,306.0,264.0,272.0,179.0,194.0,167.0,93.0,76.0,25.0,14.0,9.0,0.0,0.0
3132107,1533.0,1722.0,2201.0,2025.0,1639.0,1311.0,1268.0,1038.0,1059.0,853.0,736.0,565.0,500.0,426.0,365.0,257.0,110.0,64.0,23.0,15.0,10.0
3132206,729.0,827.0,1005.0,984.0,967.0,1001.0,1029.0,965.0,912.0,889.0,722.0,640.0,446.0,430.0,330.0,236.0,145.0,94.0,16.0,6.0,0.0
3132305,1033.0,1287.0,1420.0,1248.0,1155.0,968.0,882.0,730.0,604.0,484.0,440.0,411.0,263.0,323.0,215.0,192.0,73.0,29.0,26.0,11.0,4.0
3132404,5529.0,5887.0,7243.0,7911.0,8396.0,7824.0,6950.0,6363.0,6372.0,6473.0,6036.0,4215.0,3516.0,2503.0,1962.0,1628.0,1114.0,495.0,188.0,54.0,0.0
3132503,2638.0,3105.0,3523.0,3398.0,3060.0,2777.0,2415.0,2052.0,1831.0,1760.0,1293.0,1224.0,867.0,900.0,502.0,355.0,252.0,133.0,77.0,12.0,0.0
3132602,189.0,216.0,298.0,357.0,362.0,294.0,283.0,280.0,357.0,305.0,288.0,216.0,196.0,119.0,142.0,78.0,57.0,16.0,21.0,4.0,0.0
3132701,1733.0,2049.0,2413.0,2236.0,1964.0,1708.0,1554.0,1307.0,1329.0,1358.0,1085.0,902.0,710.0,722.0,611.0,536.0,300.0,126.0,120.0,34.0,12.0
3132800,133.0,143.0,193.0,222.0,171.0,153.0,149.0,142.0,161.0,166.0,153.0,117.0,99.0,93.0,68.0,62.0,32.0,19.0,6.0,1.0,0.0
3132909,588.0,693.0,856.0,935.0,854.0,813.0,715.0,660.0,678.0,808.0,687.0,647.0,411.0,348.0,277.0,201.0,145.0,17.0,11.0,4.0,0.0
3133006,919.0,966.0,1132.0,1198.0,1204.0,1198.0,1141.0,999.0,984.0,1013.0,897.0,674.0,537.0,381.0,279.0,237.0,145.0,58.0,42.0,0.0,0.0
3133105,935.0,969.0,1059.0,1261.0,1119.0,1204.0,1099.0,1055.0,1036.0,1057.0,882.0,687.0,593.0,418.0,331.0,255.0,111.0,58.0,46.0,0.0,0.0
3133204,813.0,885.0,987.0,1163.0,1047.0,743.0,708.0,823.0,866.0,830.0,517.0,544.0,601.0,372.0,359.0,257.0,182.0,97.0,45.0,15.0,0.0
3133303,1496.0,1790.0,2163.0,2009.0,1757.0,1623.0,1520.0,1258.0,1319.0,1246.0,1140.0,766.0,845.0,624.0,463.0,440.0,315.0,109.0,40.0,67.0,11.0
3133402,661.0,784.0,947.0,1011.0,1291.0,1310.0,1161.0,1162.0,1079.0,957.0,762.0,706.0,531.0,434.0,380.0,197.0,144.0,73.0,57.0,0.0,9.0
3133501,1126.0,1291.0,1612.0,1747.0,1643.0,1516.0,1532.0,1584.0,1570.0,1453.0,1450.0,1131.0,935.0,973.0,668.0,642.0,277.0,119.0,87.0,21.0,0.0
3133600,547.0,620.0,703.0,705.0,760.0,761.0,697.0,652.0,599.0,543.0,529.0,419.0,439.0,244.0,197.0,116.0,78.0,37.0,10.0,4.0,4.0
3133709,688.0,747.0,992.0,911.0,799.0,793.0,830.0,766.0,676.0,613.0,490.0,484.0,405.0,298.0,181.0,177.0,52.0,20.0,6.0,0.0,0.0
3133758,903.0,1017.0,1189.0,1297.0,1289.0,1141.0,1055.0,1012.0,1181.0,1154.0,980.0,797.0,621.0,478.0,326.0,285.0,124.0,74.0,17.0,5.0,0.0
3133808,4912.0,5619.0,6852.0,7235.0,7502.0,7476.0,7080.0,6380.0,6482.0,6324.0,5466.0,4204.0,3118.0,2427.0,1825.0,1431.0,745.0,243.0,86.0,56.0,0.0
3133907,384.0,494.0,540.0,561.0,483.0,432.0,425.0,377.0,396.0,355.0,370.0,245.0,207.0,190.0,130.0,116.0,50.0,32.0,12.0,0.0,0.0
3134004,1089.0,1369.0,1619.0,1428.0,1256.0,1091.0,966.0,886.0,779.0,711.0,592.0,649.0,532.0,448.0,372.0,293.0,171.0,74.0,56.0,9.0,16.0
3134103,349.0,442.0,514.0,511.0,404.0,391.0,457.0,397.0,409.0,406.0,339.0,333.0,262.0,228.0,135.0,118.0,80.0,20.0,18.0,11.0,5.0
3134202,5885.0,6059.0,7430.0,7972.0,8284.0,7627.0,7734.0,7271.0,7310.0,6679.0,6037.0,4571.0,4018.0,3455.0,2894.0,1849.0,1115.0,552.0,281.0,139.0,9.0
3134301,365.0,413.0,513.0,537.0,504.0,498.0,491.0,420.0,435.0,428.0,365.0,309.0,257.0,203.0,157.0,148.0,68.0,22.0,6.0,0.0,0.0
3134400,2106.0,2515.0,2958.0,3025.0,3262.0,3113.0,2890.0,2748.0,2585.0,2285.0,1714.0,1624.0,1137.0,833.0,566.0,577.0,321.0,130.0,28.0,27.0,12.0
3134509,219.0,263.0,329.0,346.0,319.0,257.0,273.0,293.0,317.0,294.0,234.0,237.0,131.0,182.0,102.0,28.0,47.0,31.0,9.0,3.0,0.0
3134608,1079.0,1264.0,1620.0,1457.0,1329.0,1306.0,1259.0,1232.0,1176.0,1084.0,992.0,842.0,783.0,535.0,491.0,327.0,236.0,90.0,25.0,7.0,0.0
3134707,899.0,990.0,1085.0,1099.0,921.0,904.0,791.0,820.0,805.0,729.0,594.0,611.0,549.0,412.0,391.0,278.0,116.0,94.0,28.0,12.0,5.0
3134806,453.0,546.0,639.0,579.0,586.0,592.0,547.0,503.0,496.0,493.0,512.0,439.0,355.0,242.0,192.0,149.0,96.0,60.0,19.0,3.0,0.0
3134905,1520.0,1640.0,1764.0,1910.0,2050.0,2015.0,1874.0,1723.0,1624.0,1524.0,1430.0,952.0,811.0,594.0,601.0,319.0,240.0,160.0,22.0,0.0,0.0
3135001,185.0,229.0,246.0,278.0,255.0,255.0,215.0,200.0,196.0,195.0,189.0,175.0,107.0,90.0,79.0,48.0,32.0,8.0,6.0,2.0,0.0
3135050,3071.0,3271.0,3717.0,3845.0,3521.0,3339.0,2520.0,2010.0,1935.0,1511.0,1192.0,1216.0,818.0,668.0,445.0,335.0,109.0,46.0,19.0,0.0,0.0
3135076,378.0,433.0,552.0,504.0,410.0,352.0,333.0,321.0,298.0,297.0,275.0,205.0,169.0,160.0,151.0,109.0,55.0,28.0,29.0,7.0,0.0
3135100,4920.0,5749.0,6732.0,6895.0,6485.0,6067.0,5375.0,4524.0,4314.0,3722.0,3190.0,2468.0,2150.0,1326.0,1360.0,637.0,492.0,267.0,80.0,49.0,0.0
3135209,5609.0,6047.0,7112.0,6868.0,5616.0,5196.0,4387.0,3740.0,3845.0,3611.0,3060.0,2706.0,2203.0,1960.0,1328.0,979.0,632.0,360.0,162.0,29.0,11.0
3135308,298.0,320.0,343.0,344.0,381.0,347.0,329.0,297.0,280.0,251.0,184.0,195.0,115.0,97.0,53.0,58.0,35.0,9.0,3.0,0.0,0.0
3135357,567.0,717.0,948.0,996.0,755.0,634.0,533.0,493.0,490.0,419.0,434.0,357.0,303.0,233.0,155.0,96.0,77.0,44.0,24.0,16.0,7.0
3135407,295.0,351.0,466.0,430.0,427.0,412.0,392.0,405.0,403.0,407.0,348.0,296.0,215.0,189.0,151.0,137.0,33.0,18.0,17.0,2.0,0.0
3135456,539.0,726.0,766.0,864.0,769.0,627.0,459.0,422.0,375.0,360.0,253.0,252.0,248.0,135.0,163.0,65.0,37.0,42.0,7.0,0.0,8.0
3135506,809.0,938.0,1183.0,1139.0,979.0,954.0,979.0,831.0,864.0,789.0,739.0,655.0,557.0,461.0,406.0,228.0,198.0,95.0,39.0,5.0,0.0
3135605,505.0,636.0,811.0,857.0,684.0,606.0,524.0,521.0,533.0,509.0,492.0,326.0,264.0,237.0,239.0,117.0,75.0,35.0,11.0,16.0,6.0
3135704,314.0,366.0,463.0,496.0,424.0,359.0,394.0,393.0,337.0,310.0,260.0,264.0,200.0,186.0,147.0,142.0,49.0,38.0,7.0,7.0,0.0
3135803,1839.0,2225.0,2442.0,2164.0,1839.0,1772.0,1650.0,1511.0,1504.0,1347.0,1275.0,984.0,970.0,774.0,748.0,505.0,296.0,155.0,61.0,38.0,33.0
3135902,238.0,336.0,422.0,425.0,355.0,348.0,377.0,343.0,329.0,355.0,288.0,272.0,224.0,163.0,97.0,104.0,63.0,22.0,6.0,0.0,0.0
3136009,1245.0,1461.0,1617.0,1513.0,1168.0,1004.0,951.0,927.0,910.0,784.0,646.0,642.0,529.0,539.0,442.0,278.0,120.0,86.0,44.0,28.0,7.0
3136108,295.0,366.0,542.0,477.0,372.0,351.0,359.0,371.0,367.0,356.0,350.0,258.0,237.0,228.0,213.0,153.0,70.0,43.0,13.0,3.0,3.0
3136207,4426.0,4953.0,6116.0,5967.0,6234.0,6180.0,5813.0,5109.0,5459.0,5634.0,4793.0,3571.0,2934.0,2235.0,1705.0,1192.0,651.0,390.0,184.0,65.0,0.0
3136306,3197.0,3802.0,4538.0,4519.0,4009.0,3784.0,3426.0,3360.0,3162.0,2833.0,2359.0,1772.0,1518.0,1035.0,950.0,405.0,296.0,178.0,77.0,28.0,11.0
3136405,297.0,326.0,401.0,428.0,383.0,324.0,303.0,253.0,280.0,262.0,219.0,224.0,210.0,136.0,101.0,69.0,46.0,25.0,10.0,9.0,0.0
3136504,711.0,916.0,1035.0,1119.0,849.0,732.0,703.0,628.0,613.0,599.0,510.0,460.0,402.0,345.0,342.0,152.0,92.0,75.0,20.0,21.0,0.0
3136520,373.0,409.0,545.0,550.0,502.0,413.0,379.0,272.0,245.0,182.0,174.0,166.0,109.0,81.0,80.0,34.0,21.0,15.0,3.0,0.0,0.0
3136553,306.0,384.0,457.0,422.0,337.0,337.0,289.0,286.0,270.0,266.0,118.0,263.0,201.0,113.0,131.0,120.0,51.0,15.0,6.0,0.0,4.0
3136579,419.0,506.0,608.0,529.0,399.0,327.0,264.0,211.0,237.0,214.0,187.0,203.0,113.0,136.0,89.0,61.0,26.0,24.0,11.0,3.0,0.0
3136603,382.0,420.0,491.0,513.0,421.0,448.0,438.0,430.0,355.0,373.0,325.0,271.0,190.0,170.0,141.0,114.0,44.0,19.0,7.0,0.0,3.0
3136652,1650.0,1862.0,2063.0,2039.0,2003.0,2073.0,1821.0,1692.0,1438.0,1369.0,1168.0,970.0,642.0,589.0,348.0,270.0,92.0,85.0,8.0,9.0,10.0
3136702,29103.0,31589.0,38085.0,42075.0,45715.0,44130.0,41063.0,35633.0,37383.0,38098.0,34984.0,28324.0,22624.0,15539.0,12745.0,8495.0,6600.0,2701.0,1179.0,169.0,15.0
3136801,267.0,339.0,424.0,399.0,367.0,317.0,351.0,289.0,246.0,229.0,225.0,164.0,163.0,130.0,86.0,43.0,41.0,21.0,7.0,2.0,3.0
3136900,571.0,667.0,832.0,901.0,910.0,800.0,721.0,627.0,628.0,570.0,539.0,411.0,303.0,280.0,206.0,157.0,65.0,40.0,12.0,0.0,0.0
3136959,462.0,583.0,642.0,658.0,497.0,427.0,366.0,345.0,313.0,305.0,290.0,232.0,167.0,137.0,108.0,99.0,28.0,28.0,11.0,10.0,0.0
3137007,1489.0,1868.0,2086.0,1805.0,1472.0,1251.0,1167.0,904.0,887.0,810.0,702.0,658.0,548.0,410.0,382.0,274.0,174.0,64.0,28.0,10.0,5.0
3137106,428.0,505.0,655.0,585.0,517.0,499.0,555.0,649.0,606.0,531.0,476.0,465.0,369.0,290.0,215.0,148.0,46.0,42.0,9.0,11.0,0.0
3137205,2929.0,3402.0,3976.0,4020.0,4077.0,4011.0,3964.0,3580.0,3391.0,3207.0,2713.0,2025.0,1467.0,1163.0,882.0,570.0,307.0,229.0,61.0,10.0,0.0
3137304,320.0,362.0,462.0,474.0,379.0,354.0,328.0,275.0,245.0,209.0,170.0,168.0,156.0,102.0,73.0,66.0,47.0,25.0,3.0,7.0,0.0
3137403,896.0,999.0,1069.0,1098.0,1019.0,1119.0,1077.0,825.0,815.0,789.0,587.0,600.0,454.0,319.0,295.0,133.0,99.0,41.0,15.0,0.0,6.0
3137502,942.0,1199.0,1349.0,1475.0,1272.0,1204.0,1276.0,1394.0,1375.0,1209.0,1014.0,938.0,730.0,611.0,533.0,353.0,179.0,91.0,10.0,8.0,0.0
3137536,569.0,756.0,842.0,806.0,729.0,720.0,699.0,692.0,610.0,579.0,395.0,383.0,277.0,235.0,157.0,116.0,40.0,15.0,10.0,0.0,0.0
3137601,3370.0,3921.0,4722.0,4312.0,4528.0,4526.0,4427.0,4141.0,3951.0,3738.0,3150.0,2314.0,1645.0,1355.0,833.0,681.0,425.0,330.0,101.0,51.0,0.0
3137700,1410.0,1643.0,1799.0,1700.0,1795.0,1763.0,1512.0,1393.0,1274.0,1050.0,1006.0,966.0,582.0,608.0,398.0,318.0,261.0,101.0,26.0,4.0,0.0
3137809,1333.0,1412.0,1568.0,1646.0,1431.0,1517.0,1429.0,1346.0,1403.0,1382.0,1220.0,1022.0,869.0,680.0,568.0,304.0,205.0,109.0,85.0,25.0,0.0
3137908,232.0,259.0,309.0,268.0,260.0,242.0,263.0,249.0,223.0,219.0,214.0,168.0,137.0,144.0,112.0,80.0,45.0,24.0,6.0,0.0,0.0
3138005,360.0,357.0,465.0,478.0,506.0,530.0,530.0,409.0,443.0,472.0,455.0,373.0,378.0,200.0,195.0,114.0,105.0,62.0,26.0,5.0,2.0
3138104,489.0,585.0,728.0,636.0,514.0,507.0,462.0,398.0,398.0,402.0,385.0,272.0,201.0,181.0,150.0,84.0,53.0,21.0,15.0,3.0,0.0
3138203,5391.0,6135.0,7285.0,7887.0,8363.0,8179.0,7450.0,6433.0,6713.0,6435.0,5612.0,5096.0,3479.0,2574.0,2073.0,1431.0,916.0,426.0,233.0,80.0,9.0
3138302,214.0,244.0,244.0,268.0,283.0,271.0,223.0,234.0,208.0,196.0,143.0,204.0,139.0,100.0,91.0,53.0,51.0,29.0,10.0,0.0,0.0
3138351,316.0,481.0,497.0,530.0,507.0,418.0,369.0,285.0,316.0,259.0,207.0,178.0,113.0,100.0,106.0,72.0,30.0,10.0,5.0,4.0,0.0
3138401,3088.0,3464.0,4048.0,4258.0,4071.0,3934.0,3845.0,3692.0,3693.0,3469.0,3103.0,2730.0,2494.0,1576.0,1674.0,977.0,500.0,352.0,121.0,34.0,9.0
3138500,279.0,335.0,472.0,408.0,369.0,337.0,426.0,407.0,410.0,372.0,362.0,256.0,279.0,210.0,206.0,129.0,66.0,13.0,8.0,2.0,0.0
3138609,935.0,1135.0,1310.0,1345.0,1160.0,1114.0,1189.0,1145.0,1249.0,1235.0,1007.0,882.0,762.0,529.0,467.0,300.0,179.0,145.0,42.0,15.0,5.0
3138625,413.0,494.0,583.0,633.0,631.0,623.0,552.0,487.0,507.0,502.0,460.0,243.0,222.0,176.0,134.0,111.0,75.0,21.0,23.0,0.0,0.0
3138658,613.0,713.0,866.0,901.0,734.0,732.0,566.0,506.0,475.0,453.0,385.0,401.0,285.0,288.0,175.0,126.0,92.0,40.0,37.0,0.0,9.0
3138674,462.0,563.0,611.0,548.0,569.0,538.0,439.0,438.0,420.0,391.0,329.0,237.0,203.0,156.0,101.0,125.0,73.0,13.0,19.0,0.0,0.0
3138682,524.0,643.0,739.0,698.0,572.0,519.0,431.0,400.0,373.0,316.0,276.0,230.0,205.0,156.0,141.0,88.0,42.0,36.0,4.0,6.0,2.0
3138708,358.0,405.0,484.0,455.0,383.0,427.0,382.0,413.0,395.0,398.0,302.0,300.0,217.0,219.0,130.0,79.0,51.0,18.0,7.0,0.0,0.0
3138807,1002.0,1214.0,1397.0,1530.0,1469.0,1315.0,1317.0,1290.0,1315.0,1249.0,1086.0,892.0,814.0,530.0,408.0,338.0,204.0,65.0,50.0,0.0,0.0
3138906,529.0,601.0,668.0,628.0,532.0,540.0,480.0,473.0,435.0,415.0,358.0,292.0,237.0,286.0,163.0,162.0,78.0,53.0,26.0,17.0,3.0
3139003,2663.0,2951.0,3404.0,3460.0,3423.0,3274.0,2988.0,2725.0,2683.0,2569.0,2124.0,2006.0,1386.0,1039.0,838.0,442.0,459.0,152.0,92.0,10.0,0.0
3139102,299.0,298.0,429.0,427.0,358.0,365.0,377.0,321.0,389.0,388.0,312.0,235.0,217.0,144.0,157.0,91.0,69.0,24.0,2.0,2.0,0.0
3139201,1257.0,1686.0,2124.0,1986.0,1572.0,1282.0,1244.0,1190.0,1074.0,1070.0,822.0,954.0,703.0,541.0,462.0,373.0,266.0,78.0,49.0,44.0,0.0
3139250,347.0,417.0,532.0,574.0,458.0,462.0,442.0,438.0,432.0,461.0,353.0,346.0,314.0,252.0,228.0,116.0,65.0,60.0,17.0,7.0,0.0
3139300,1624.0,2081.0,2431.0,2164.0,1652.0,1446.0,1286.0,1195.0,1142.0,1040.0,846.0,746.0,515.0,611.0,444.0,273.0,145.0,74.0,80.0,9.0,10.0
3139409,6243.0,6779.0,7162.0,7056.0,7109.0,7148.0,6568.0,5690.0,5457.0,4816.0,4296.0,3169.0,2563.0,1691.0,1328.0,1137.0,788.0,395.0,109.0,63.0,7.0
3139508,1497.0,1749.0,1992.0,1889.0,1735.0,1680.0,1665.0,1484.0,1444.0,1381.0,1217.0,998.0,809.0,511.0,551.0,426.0,216.0,88.0,48.0,3.0,0.0
3139607,1719.0,2030.0,2379.0,2198.0,2221.0,2152.0,2095.0,1966.0,1905.0,1710.0,1622.0,1296.0,1103.0,770.0,797.0,453.0,381.0,201.0,69.0,44.0,0.0
3139706,524.0,560.0,609.0,707.0,626.0,567.0,565.0,578.0,509.0,496.0,340.0,330.0,250.0,172.0,143.0,111.0,46.0,15.0,10.0,3.0,2.0
3139805,663.0,738.0,975.0,1018.0,983.0,924.0,833.0,789.0,873.0,838.0,677.0,663.0,472.0,421.0,369.0,199.0,209.0,78.0,27.0,0.0,0.0
3139904,940.0,1090.0,1330.0,1371.0,1186.0,1054.0,992.0,1037.0,1044.0,963.0,888.0,654.0,642.0,310.0,266.0,238.0,139.0,40.0,25.0,0.0,6.0
3140001,3548.0,4244.0,4762.0,5433.0,5176.0,5090.0,5062.0,3916.0,3517.0,3399.0,2662.0,2208.0,1804.0,1158.0,868.0,565.0,439.0,279.0,78.0,10.0,0.0
3140100,294.0,403.0,460.0,433.0,366.0,302.0,278.0,264.0,262.0,214.0,195.0,175.0,138.0,143.0,86.0,119.0,51.0,29.0,6.0,3.0,0.0
3140159,992.0,1147.0,1301.0,1302.0,1156.0,1141.0,1104.0,997.0,981.0,800.0,638.0,534.0,400.0,232.0,209.0,145.0,73.0,41.0,0.0,0.0,0.0
3140209,175.0,161.0,229.0,238.0,198.0,211.0,189.0,209.0,211.0,203.0,149.0,162.0,129.0,94.0,104.0,50.0,42.0,18.0,16.0,0.0,0.0
3140308,268.0,317.0,372.0,344.0,275.0,323.0,309.0,246.0,278.0,266.0,210.0,203.0,183.0,118.0,96.0,99.0,52.0,39.0,9.0,5.0,0.0
3140407,167.0,191.0,282.0,286.0,230.0,223.0,194.0,218.0,226.0,238.0,189.0,133.0,121.0,99.0,93.0,42.0,28.0,3.0,5.0,0.0,0.0
3140506,727.0,972.0,1096.0,1105.0,1012.0,958.0,945.0,937.0,933.0,835.0,680.0,668.0,522.0,356.0,306.0,229.0,222.0,61.0,40.0,6.0,0.0
3140530,547.0,640.0,647.0,701.0,615.0,636.0,557.0,487.0,477.0,404.0,346.0,337.0,249.0,163.0,136.0,107.0,71.0,36.0,15.0,3.0,0.0
3140555,558.0,714.0,856.0,806.0,680.0,646.0,562.0,530.0,487.0,404.0,319.0,332.0,283.0,257.0,126.0,163.0,83.0,38.0,21.0,3.0,6.0
3140605,338.0,360.0,498.0,490.0,355.0,358.0,280.0,277.0,290.0,261.0,194.0,194.0,171.0,154.0,174.0,80.0,59.0,39.0,17.0,6.0,0.0
3140704,1989.0,2290.0,2528.0,2421.0,2397.0,2459.0,2235.0,1969.0,1847.0,1820.0,1333.0,1442.0,1092.0,739.0,577.0,337.0,216.0,136.0,19.0,9.0,0.0
3140803,787.0,927.0,1108.0,1119.0,1060.0,1098.0,1004.0,926.0,1010.0,965.0,976.0,645.0,541.0,428.0,395.0,226.0,135.0,58.0,20.0,6.0,0.0
3140852,924.0,1099.0,1171.0,1170.0,960.0,833.0,684.0,518.0,497.0,481.0,418.0,309.0,310.0,169.0,183.0,126.0,60.0,44.0,19.0,5.0,0.0
3140902,1455.0,1654.0,1869.0,1680.0,1607.0,1344.0,1380.0,1182.0,1100.0,1032.0,808.0,714.0,525.0,400.0,333.0,253.0,178.0,102.0,23.0,0.0,0.0
3141009,808.0,903.0,1099.0,1308.0,1123.0,1013.0,983.0,921.0,888.0,809.0,668.0,542.0,462.0,404.0,277.0,242.0,126.0,61.0,42.0,5.0,0.0
3141108,2315.0,2525.0,3049.0,3129.0,3075.0,3175.0,3022.0,2490.0,2512.0,2249.0,1773.0,1383.0,1080.0,750.0,778.0,265.0,236.0,113.0,27.0,9.0,0.0
3141207,180.0,247.0,300.0,294.0,251.0,224.0,264.0,269.0,263.0,293.0,262.0,213.0,212.0,144.0,141.0,98.0,64.0,28.0,8.0,6.0,0.0
3141306,225.0,253.0,323.0,294.0,257.0,255.0,267.0,280.0,263.0,261.0,185.0,186.0,144.0,77.0,77.0,44.0,43.0,11.0,0.0,0.0,0.0
3141405,1569.0,1868.0,2134.0,2035.0,1683.0,1508.0,1487.0,1329.0,1309.0,1186.0,970.0,962.0,891.0,606.0,645.0,413.0,251.0,75.0,93.0,0.0,13.0
3141504,357.0,481.0,591.0,526.0,451.0,468.0,489.0,475.0,455.0,390.0,363.0,313.0,308.0,205.0,184.0,110.0,92.0,50.0,14.0,8.0,0.0
3141603,576.0,751.0,874.0,903.0,803.0,735.0,728.0,746.0,737.0,680.0,655.0,510.0,441.0,451.0,364.0,212.0,133.0,42.0,26.0,0.0,0.0
3141702,359.0,449.0,569.0,522.0,490.0,465.0,432.0,418.0,355.0,392.0,338.0,340.0,252.0,199.0,159.0,136.0,127.0,49.0,13.0,3.0,3.0
3141801,2223.0,3031.0,3706.0,3684.0,3512.0,2717.0,2116.0,1677.0,1622.0,1468.0,1244.0,1127.0,776.0,667.0,567.0,330.0,181.0,103.0,33.0,0.0,9.0
3141900,218.0,298.0,334.0,370.0,284.0,257.0,288.0,280.0,264.0,281.0,242.0,219.0,146.0,135.0,79.0,65.0,33.0,24.0,13.0,10.0,0.0
3142007,936.0,1068.0,1354.0,1360.0,1164.0,1047.0,942.0,871.0,737.0,748.0,593.0,583.0,479.0,386.0,307.0,249.0,101.0,51.0,52.0,14.0,0.0
3142106,656.0,756.0,906.0,897.0,843.0,819.0,831.0,761.0,712.0,648.0,526.0,560.0,335.0,356.0,276.0,157.0,115.0,56.0,20.0,21.0,0.0
3142205,962.0,931.0,1109.0,1273.0,1200.0,1041.0,996.0,969.0,967.0,872.0,821.0,761.0,568.0,437.0,308.0,269.0,190.0,98.0,29.0,7.0,0.0
3142254,363.0,487.0,521.0,465.0,382.0,358.0,297.0,259.0,261.0,219.0,214.0,189.0,155.0,130.0,121.0,47.0,43.0,15.0,15.0,6.0,3.0
3142304,296.0,350.0,421.0,351.0,311.0,323.0,357.0,321.0,318.0,345.0,259.0,265.0,193.0,165.0,162.0,112.0,94.0,31.0,11.0,5.0,0.0
3142403,464.0,535.0,539.0,584.0,606.0,572.0,566.0,557.0,531.0,446.0,381.0,343.0,297.0,222.0,159.0,95.0,84.0,33.0,11.0,3.0,0.0
3142502,169.0,201.0,222.0,231.0,177.0,163.0,182.0,172.0,155.0,143.0,125.0,113.0,87.0,85.0,58.0,35.0,26.0,7.0,6.0,0.0,3.0
3142601,544.0,618.0,675.0,718.0,667.0,674.0,618.0,609.0,534.0,548.0,549.0,398.0,306.0,251.0,159.0,133.0,69.0,52.0,27.0,11.0,0.0
3142700,1156.0,1412.0,1761.0,1672.0,1249.0,1114.0,1033.0,907.0,1001.0,933.0,825.0,660.0,682.0,472.0,372.0,307.0,178.0,65.0,42.0,10.0,10.0
3142809,1225.0,1260.0,1621.0,1633.0,1579.0,1494.0,1554.0,1420.0,1470.0,1275.0,1218.0,993.0,859.0,605.0,536.0,424.0,241.0,99.0,88.0,25.0,0.0
3142908,1202.0,1533.0,1940.0,2162.0,1755.0,1675.0,1603.0,1449.0,1591.0,1449.0,1351.0,992.0,985.0,772.0,577.0,505.0,254.0,113.0,59.0,18.0,9.0
3143005,737.0,863.0,1084.0,1129.0,1097.0,995.0,999.0,982.0,960.0,914.0,757.0,723.0,464.0,512.0,346.0,259.0,137.0,64.0,29.0,4.0,5.0
3143104,2917.0,3318.0,3930.0,3962.0,3887.0,3780.0,3926.0,3631.0,3579.0,3260.0,2755.0,1997.0,1632.0,1172.0,981.0,548.0,317.0,96.0,45.0,27.0,12.0
3143153,454.0,568.0,599.0,464.0,329.0,343.0,287.0,269.0,261.0,201.0,165.0,194.0,154.0,138.0,85.0,62.0,61.0,17.0,3.0,3.0,0.0
3143203,1139.0,1468.0,1726.0,1741.0,1689.0,1630.0,1584.0,1424.0,1539.0,1410.0,1364.0,1191.0,841.0,841.0,673.0,450.0,299.0,150.0,47.0,13.0,15.0
3143302,25342.0,27637.0,31553.0,34143.0,37278.0,35505.0,31608.0,26940.0,24411.0,21592.0,18658.0,13808.0,11210.0,7849.0,6600.0,3708.0,2351.0,1032.0,486.0,181.0,24.0
3143401,1292.0,1489.0,1552.0,1742.0,1818.0,2030.0,1776.0,1666.0,1674.0,1474.0,1242.0,1042.0,707.0,581.0,468.0,294.0,226.0,95.0,34.0,0.0,0.0
3143450,596.0,719.0,851.0,802.0,667.0,620.0,535.0,474.0,430.0,361.0,373.0,255.0,227.0,204.0,130.0,120.0,45.0,32.0,20.0,3.0,0.0
3143500,512.0,597.0,763.0,689.0,639.0,599.0,561.0,665.0,672.0,624.0,508.0,357.0,342.0,223.0,275.0,135.0,44.0,35.0,9.0,5.0,0.0
3143609,165.0,238.0,249.0,240.0,214.0,243.0,190.0,156.0,177.0,172.0,148.0,111.0,124.0,76.0,61.0,51.0,22.0,20.0,3.0,0.0,0.0
3143708,190.0,256.0,322.0,331.0,240.0,242.0,232.0,209.0,227.0,229.0,188.0,176.0,139.0,121.0,120.0,70.0,55.0,31.0,17.0,3.0,0.0
3143807,418.0,478.0,577.0,549.0,500.0,529.0,480.0,448.0,440.0,433.0,398.0,272.0,264.0,212.0,99.0,90.0,41.0,24.0,6.0,0.0,0.0
3143906,6050.0,6781.0,7887.0,8232.0,9059.0,8779.0,8292.0,6920.0,7382.0,6858.0,5768.0,5645.0,3781.0,3069.0,2356.0,1797.0,1253.0,596.0,177.0,72.0,11.0
3144003,1829.0,2090.0,2397.0,2185.0,2138.0,2242.0,2072.0,1909.0,1805.0,1616.0,1423.0,1295.0,995.0,873.0,781.0,477.0,255.0,146.0,72.0,20.0,42.0
3144102,1263.0,1282.0,1590.0,1663.0,1681.0,1629.0,1563.0,1452.0,1408.0,1506.0,1355.0,1070.0,876.0,663.0,588.0,470.0,201.0,138.0,22.0,10.0,0.0
3144201,232.0,269.0,338.0,329.0,217.0,211.0,213.0,208.0,204.0,176.0,142.0,131.0,112.0,136.0,95.0,63.0,52.0,20.0,3.0,4.0,0.0
3144300,2840.0,3226.0,3681.0,3497.0,3406.0,3488.0,3251.0,2743.0,2755.0,2445.0,2122.0,1836.0,1602.0,1306.0,1133.0,704.0,343.0,269.0,146.0,21.0,21.0
3144359,510.0,486.0,650.0,684.0,579.0,513.0,485.0,396.0,372.0,395.0,277.0,298.0,199.0,173.0,132.0,79.0,62.0,35.0,5.0,5.0,6.0
3144375,242.0,283.0,340.0,320.0,289.0,260.0,248.0,231.0,237.0,204.0,148.0,134.0,104.0,94.0,68.0,36.0,12.0,25.0,5.0,0.0,0.0
3144409,241.0,282.0,348.0,302.0,352.0,340.0,326.0,334.0,351.0,370.0,316.0,293.0,267.0,134.0,142.0,105.0,109.0,45.0,2.0,0.0,0.0
3144508,511.0,610.0,758.0,673.0,578.0,613.0,605.0,610.0,644.0,504.0,503.0,348.0,348.0,207.0,162.0,171.0,69.0,21.0,17.0,0.0,0.0
3144607,1681.0,1884.0,2247.0,2219.0,2140.0,2120.0,2050.0,1726.0,1658.0,1649.0,1686.0,1315.0,1024.0,804.0,480.0,497.0,353.0,88.0,84.0,27.0,0.0
3144656,604.0,925.0,1027.0,1069.0,852.0,809.0,671.0,619.0,574.0,537.0,411.0,468.0,342.0,304.0,213.0,193.0,99.0,54.0,39.0,0.0,5.0
3144672,277.0,323.0,399.0,329.0,283.0,256.0,312.0,296.0,250.0,237.0,212.0,168.0,127.0,108.0,57.0,49.0,25.0,15.0,6.0,3.0,0.0
3144706,1215.0,1278.0,1489.0,1566.0,1603.0,1424.0,1302.0,1213.0,1206.0,1258.0,1081.0,747.0,573.0,541.0,345.0,293.0,230.0,105.0,32.0,28.0,0.0
3144805,4930.0,5162.0,6266.0,6387.0,7320.0,7654.0,7323.0,6306.0,6115.0,5785.0,5150.0,3772.0,2892.0,2174.0,1645.0,1061.0,643.0,304.0,100.0,0.0,9.0
3144904,266.0,302.0,377.0,363.0,278.0,296.0,254.0,229.0,258.0,217.0,199.0,170.0,149.0,137.0,133.0,70.0,37.0,32.0,11.0,8.0,4.0
3145000,986.0,1074.0,1144.0,1130.0,1230.0,1196.0,1056.0,1044.0,967.0,857.0,638.0,458.0,369.0,265.0,162.0,104.0,75.0,42.0,11.0,5.0,0.0
3145059,552.0,651.0,742.0,792.0,716.0,689.0,590.0,525.0,452.0,401.0,340.0,243.0,233.0,183.0,96.0,92.0,43.0,45.0,12.0,2.0,0.0
3145109,1130.0,1155.0,1287.0,1345.0,1319.0,1296.0,1228.0,1192.0,1085.0,1018.0,873.0,722.0,547.0,378.0,258.0,236.0,161.0,120.0,19.0,5.0,0.0
3145208,6198.0,5925.0,6068.0,7471.0,9982.0,9379.0,7006.0,5344.0,4412.0,3642.0,2718.0,2156.0,1270.0,903.0,548.0,369.0,168.0,101.0,40.0,0.0,0.0
3145307,2739.0,3231.0,3656.0,3389.0,2703.0,2390.0,2063.0,1725.0,1679.0,1534.0,1190.0,1186.0,941.0,736.0,532.0,456.0,260.0,273.0,30.0,12.0,0.0
3145356,730.0,952.0,1163.0,1090.0,882.0,728.0,698.0,623.0,553.0,499.0,387.0,550.0,401.0,378.0,291.0,225.0,116.0,60.0,14.0,0.0,0.0
3145372,386.0,440.0,537.0,463.0,408.0,417.0,319.0,295.0,289.0,239.0,198.0,247.0,185.0,180.0,136.0,112.0,62.0,36.0,7.0,7.0,0.0
3145406,88.0,122.0,178.0,153.0,125.0,127.0,149.0,150.0,153.0,157.0,123.0,119.0,105.0,77.0,72.0,55.0,11.0,2.0,3.0,4.0,2.0
3145455,432.0,526.0,568.0,541.0,507.0,455.0,408.0,313.0,318.0,289.0,217.0,229.0,133.0,131.0,105.0,45.0,36.0,7.0,5.0,0.0,0.0
3145505,129.0,175.0,247.0,209.0,180.0,176.0,190.0,180.0,180.0,172.0,156.0,137.0,155.0,69.0,78.0,50.0,26.0,6.0,13.0,5.0,0.0
3145604,2313.0,2729.0,3226.0,3230.0,3254.0,3124.0,3208.0,2953.0,2888.0,2793.0,2404.0,2041.0,1521.0,1212.0,939.0,716.0,568.0,134.0,115.0,81.0,18.0
3145703,135.0,138.0,179.0,189.0,157.0,152.0,147.0,163.0,166.0,143.0,137.0,133.0,102.0,64.0,40.0,40.0,20.0,13.0,4.0,0.0,0.0
3145802,198.0,258.0,345.0,267.0,224.0,217.0,253.0,221.0,210.0,193.0,166.0,119.0,106.0,106.0,82.0,47.0,33.0,6.0,4.0,0.0,0.0
3145851,304.0,344.0,412.0,406.0,369.0,374.0,348.0,307.0,285.0,287.0,265.0,227.0,161.0,122.0,94.0,62.0,73.0,40.0,12.0,0.0,0.0
3145877,557.0,651.0,771.0,718.0,594.0,610.0,598.0,520.0,471.0,396.0,331.0,332.0,240.0,151.0,126.0,103.0,84.0,18.0,9.0,3.0,0.0
3145901,2323.0,2363.0,3003.0,3310.0,3766.0,3446.0,2943.0,2341.0,2427.0,2551.0,2460.0,1652.0,895.0,726.0,454.0,345.0,208.0,30.0,24.0,0.0,0.0
3146008,1755.0,2054.0,2579.0,2466.0,2527.0,2437.0,2385.0,2330.0,2336.0,2255.0,1879.0,1780.0,1545.0,1007.0,763.0,648.0,425.0,275.0,96.0,26.0,0.0
3146107,4229.0,5081.0,6158.0,6338.0,6399.0,6170.0,5759.0,5074.0,5021.0,4779.0,3804.0,3475.0,2633.0,1751.0,1700.0,832.0,664.0,335.0,59.0,19.0,0.0
3146206,445.0,530.0,669.0,607.0,511.0,423.0,411.0,382.0,322.0,334.0,269.0,231.0,187.0,251.0,187.0,119.0,52.0,53.0,18.0,15.0,0.0
3146255,575.0,633.0,648.0,667.0,590.0,482.0,426.0,295.0,271.0,285.0,227.0,229.0,108.0,150.0,79.0,96.0,21.0,28.0,13.0,12.0,0.0
3146305,1435.0,1825.0,2112.0,1872.0,1563.0,1424.0,1306.0,1153.0,1088.0,1006.0,785.0,743.0,703.0,616.0,439.0,321.0,274.0,104.0,56.0,10.0,15.0
3146404,211.0,266.0,396.0,377.0,284.0,293.0,315.0,341.0,393.0,357.0,313.0,280.0,217.0,204.0,180.0,111.0,49.0,36.0,6.0,3.0,0.0
3146503,444.0,527.0,646.0,644.0,656.0,582.0,593.0,580.0,623.0,632.0,484.0,426.0,325.0,255.0,260.0,185.0,68.0,62.0,22.0,0.0,0.0
3146552,443.0,544.0,629.0,693.0,505.0,492.0,432.0,378.0,350.0,295.0,311.0,216.0,189.0,143.0,152.0,71.0,51.0,18.0,13.0,3.0,6.0
3146602,58.0,88.0,116.0,133.0,98.0,98.0,104.0,119.0,120.0,129.0,117.0,82.0,80.0,55.0,47.0,45.0,43.0,17.0,8.0,0.0,0.0
3146701,332.0,441.0,494.0,453.0,553.0,500.0,433.0,437.0,452.0,495.0,454.0,330.0,363.0,240.0,232.0,193.0,74.0,51.0,12.0,7.0,0.0
3146750,457.0,587.0,707.0,751.0,522.0,487.0,453.0,421.0,409.0,399.0,371.0,334.0,276.0,201.0,240.0,166.0,84.0,38.0,16.0,9.0,3.0
3146909,1137.0,1211.0,1458.0,1339.0,1285.0,1160.0,1154.0,1126.0,1028.0,930.0,605.0,569.0,451.0,218.0,204.0,164.0,79.0,32.0,18.0,5.0,0.0
3147006,6379.0,7262.0,8431.0,8542.0,8372.0,7643.0,6980.0,6282.0,5678.0,5245.0,3968.0,3174.0,2090.0,1679.0,1148.0,937.0,632.0,193.0,64.0,19.0,0.0
3147105,5236.0,5979.0,7175.0,7429.0,7625.0,7424.0,7231.0,6477.0,6157.0,5794.0,5081.0,3667.0,2852.0,2109.0,1675.0,986.0,798.0,342.0,151.0,13.0,14.0
3147204,1253.0,1347.0,1628.0,1782.0,1786.0,1572.0,1452.0,1421.0,1429.0,1418.0,1183.0,1035.0,998.0,571.0,476.0,373.0,315.0,155.0,28.0,12.0,11.0
3147303,1235.0,1309.0,1632.0,1583.0,1542.0,1550.0,1475.0,1523.0,1449.0,1371.0,1182.0,896.0,787.0,663.0,563.0,315.0,162.0,114.0,19.0,5.0,4.0
3147402,1600.0,1779.0,2120.0,2168.0,2042.0,1917.0,1770.0,1628.0,1723.0,1531.0,1231.0,958.0,775.0,458.0,281.0,279.0,182.0,65.0,39.0,8.0,8.0
3147501,93.0,114.0,123.0,180.0,137.0,118.0,112.0,107.0,116.0,117.0,110.0,105.0,80.0,90.0,66.0,32.0,36.0,22.0,6.0,3.0,0.0
3147600,982.0,1133.0,1324.0,1312.0,1179.0,1237.0,1217.0,1181.0,1147.0,1123.0,998.0,818.0,657.0,434.0,311.0,290.0,141.0,41.0,44.0,13.0,0.0
3147709,408.0,512.0,622.0,685.0,624.0,585.0,570.0,613.0,662.0,597.0,560.0,414.0,380.0,321.0,240.0,211.0,160.0,10.0,24.0,0.0,0.0
3147808,117.0,143.0,177.0,196.0,133.0,134.0,145.0,144.0,176.0,170.0,112.0,114.0,62.0,105.0,59.0,53.0,19.0,15.0,3.0,2.0,0.0
3147907,6731.0,7144.0,8668.0,9037.0,9201.0,8835.0,8415.0,7868.0,7817.0,7331.0,6574.0,5401.0,4381.0,3043.0,2512.0,1477.0,993.0,562.0,239.0,37.0,23.0
3147956,403.0,522.0,615.0,657.0,500.0,422.0,395.0,334.0,343.0,285.0,220.0,233.0,193.0,184.0,117.0,87.0,25.0,26.0,9.0,0.0,8.0
3148004,8160.0,9161.0,11001.0,12045.0,11924.0,11595.0,10933.0,11045.0,10847.0,10022.0,8454.0,7164.0,5246.0,3939.0,3111.0,1740.0,1322.0,653.0,234.0,91.0,24.0
3148103,5770.0,6169.0,7369.0,7213.0,7386.0,7017.0,6746.0,6275.0,6155.0,5673.0,4494.0,3698.0,2574.0,2230.0,1599.0,943.0,746.0,253.0,103.0,48.0,10.0
3148202,276.0,341.0,422.0,394.0,431.0,398.0,394.0,356.0,375.0,371.0,380.0,229.0,262.0,238.0,188.0,92.0,101.0,23.0,13.0,3.0,0.0
3148301,583.0,692.0,838.0,861.0,842.0,730.0,672.0,575.0,624.0,634.0,516.0,408.0,338.0,264.0,273.0,167.0,131.0,69.0,38.0,15.0,0.0
3148400,375.0,453.0,567.0,517.0,375.0,305.0,293.0,271.0,267.0,290.0,233.0,219.0,175.0,164.0,154.0,106.0,81.0,37.0,24.0,8.0,3.0
3148509,644.0,692.0,788.0,804.0,734.0,657.0,602.0,561.0,448.0,500.0,467.0,364.0,360.0,310.0,238.0,202.0,84.0,77.0,35.0,16.0,6.0
3148608,1326.0,1574.0,1774.0,1816.0,1504.0,1398.0,1193.0,1053.0,1006.0,906.0,691.0,792.0,543.0,526.0,499.0,294.0,205.0,79.0,44.0,22.0,15.0
3148707,1934.0,2182.0,2514.0,2475.0,1958.0,1773.0,1673.0,1545.0,1507.0,1349.0,1072.0,966.0,859.0,681.0,575.0,435.0,182.0,89.0,71.0,0.0,0.0
3148756,575.0,690.0,711.0,617.0,556.0,627.0,575.0,448.0,408.0,342.0,306.0,262.0,180.0,129.0,109.0,55.0,42.0,27.0,10.0,3.0,0.0
3148806,170.0,220.0,277.0,317.0,248.0,195.0,235.0,232.0,223.0,217.0,194.0,204.0,190.0,113.0,135.0,119.0,38.0,25.0,9.0,3.0,0.0
3148905,219.0,256.0,271.0,298.0,295.0,282.0,310.0,290.0,296.0,278.0,259.0,222.0,167.0,156.0,124.0,89.0,47.0,8.0,5.0,2.0,0.0
3149002,150.0,178.0,233.0,195.0,182.0,168.0,186.0,162.0,158.0,114.0,112.0,103.0,77.0,62.0,35.0,28.0,32.0,8.0,3.0,0.0,4.0
3149101,713.0,796.0,1143.0,1048.0,882.0,808.0,743.0,830.0,874.0,822.0,633.0,634.0,467.0,362.0,256.0,215.0,151.0,57.0,17.0,10.0,5.0
3149150,823.0,939.0,1206.0,1208.0,944.0,816.0,682.0,559.0,614.0,567.0,451.0,432.0,331.0,252.0,260.0,138.0,60.0,17.0,9.0,6.0,0.0
3149200,258.0,240.0,294.0,292.0,266.0,249.0,265.0,262.0,274.0,242.0,179.0,205.0,155.0,95.0,94.0,65.0,29.0,18.0,5.0,3.0,0.0
3149309,3751.0,4018.0,5017.0,5045.0,5179.0,5255.0,4945.0,4084.0,4360.0,4107.0,3710.0,2871.0,2117.0,1418.0,1135.0,812.0,510.0,276.0,71.0,58.0,0.0
3149408,109.0,131.0,162.0,143.0,117.0,141.0,155.0,150.0,132.0,147.0,109.0,69.0,79.0,55.0,39.0,22.0,15.0,7.0,1.0,2.0,0.0
3149507,216.0,191.0,252.0,295.0,249.0,263.0,216.0,196.0,224.0,226.0,203.0,172.0,133.0,103.0,70.0,85.0,38.0,23.0,5.0,5.0,0.0
3149606,276.0,261.0,351.0,388.0,321.0,249.0,339.0,279.0,309.0,283.0,233.0,181.0,139.0,140.0,127.0,87.0,70.0,30.0,12.0,0.0,0.0
3149705,659.0,699.0,754.0,802.0,922.0,848.0,706.0,700.0,608.0,505.0,469.0,302.0,316.0,208.0,204.0,104.0,62.0,29.0,9.0,3.0,3.0
3149804,1074.0,1212.0,1339.0,1273.0,1249.0,1249.0,1248.0,1108.0,1033.0,950.0,808.0,589.0,433.0,344.0,283.0,127.0,37.0,27.0,15.0,7.0,0.0
3149903,1219.0,1350.0,1675.0,1691.0,1631.0,1628.0,1558.0,1425.0,1450.0,1372.0,1329.0,1043.0,887.0,604.0,454.0,377.0,263.0,90.0,41.0,0.0,0.0
3149952,533.0,641.0,839.0,694.0,520.0,532.0,544.0,459.0,433.0,371.0,304.0,291.0,247.0,192.0,135.0,156.0,72.0,46.0,17.0,9.0,3.0
3150000,287.0,374.0,438.0,415.0,382.0,293.0,262.0,246.0,238.0,222.0,195.0,176.0,133.0,145.0,121.0,92.0,48.0,36.0,9.0,15.0,0.0
3150109,171.0,164.0,200.0,231.0,192.0,187.0,211.0,199.0,215.0,218.0,170.0,187.0,148.0,107.0,116.0,47.0,57.0,9.0,9.0,4.0,0.0
3150158,581.0,625.0,762.0,676.0,605.0,577.0,567.0,518.0,496.0,402.0,312.0,288.0,195.0,170.0,139.0,96.0,57.0,34.0,6.0,0.0,3.0
3150208,310.0,305.0,366.0,415.0,360.0,325.0,308.0,252.0,257.0,260.0,189.0,177.0,136.0,123.0,113.0,74.0,52.0,28.0,11.0,1.0,0.0
3150307,242.0,321.0,364.0,387.0,273.0,256.0,326.0,335.0,381.0,370.0,361.0,277.0,197.0,243.0,159.0,109.0,64.0,25.0,16.0,3.0,0.0
3150406,266.0,298.0,382.0,413.0,282.0,276.0,424.0,338.0,349.0,294.0,281.0,265.0,234.0,197.0,153.0,95.0,51.0,18.0,21.0,3.0,0.0
3150505,503.0,550.0,649.0,703.0,657.0,656.0,701.0,658.0,653.0,596.0,520.0,427.0,310.0,220.0,161.0,141.0,90.0,34.0,5.0,0.0,0.0
3150539,339.0,410.0,422.0,356.0,353.0,366.0,359.0,303.0,280.0,263.0,237.0,220.0,185.0,114.0,89.0,66.0,34.0,12.0,6.0,3.0,3.0
3150570,678.0,740.0,850.0,826.0,597.0,557.0,468.0,338.0,356.0,360.0,300.0,317.0,324.0,136.0,168.0,84.0,80.0,24.0,7.0,0.0,0.0
3150604,319.0,405.0,571.0,559.0,434.0,433.0,465.0,465.0,501.0,494.0,375.0,349.0,301.0,224.0,198.0,134.0,113.0,49.0,17.0,0.0,0.0
3150703,368.0,358.0,379.0,388.0,442.0,498.0,428.0,402.0,295.0,247.0,211.0,186.0,162.0,96.0,75.0,49.0,50.0,11.0,7.0,3.0,0.0
3150802,1197.0,1345.0,1751.0,1780.0,1487.0,1396.0,1149.0,1100.0,1093.0,982.0,835.0,774.0,610.0,551.0,424.0,354.0,200.0,121.0,43.0,35.0,6.0
3150901,317.0,355.0,451.0,444.0,410.0,390.0,406.0,356.0,365.0,368.0,311.0,301.0,223.0,175.0,128.0,117.0,64.0,19.0,14.0,3.0,0.0
3151008,540.0,566.0,736.0,737.0,627.0,610.0,576.0,595.0,566.0,550.0,500.0,352.0,307.0,257.0,220.0,129.0,56.0,61.0,26.0,5.0,0.0
3151107,593.0,696.0,877.0,882.0,859.0,873.0,866.0,773.0,714.0,705.0,726.0,456.0,459.0,262.0,256.0,188.0,82.0,64.0,21.0,12.0,0.0
3151206,4184.0,4265.0,5048.0,5129.0,4984.0,4824.0,4334.0,3691.0,3505.0,3301.0,2859.0,2260.0,1718.0,1089.0,843.0,542.0,450.0,252.0,65.0,24.0,0.0
3151305,632.0,720.0,786.0,868.0,919.0,863.0,806.0,707.0,792.0,788.0,660.0,631.0,471.0,355.0,265.0,292.0,189.0,91.0,26.0,0.0,0.0
3151404,1681.0,1999.0,2231.0,2310.0,2156.0,2091.0,2004.0,1869.0,1868.0,1645.0,1354.0,1148.0,922.0,595.0,531.0,447.0,296.0,136.0,29.0,0.0,0.0
3151503,1728.0,2107.0,2485.0,2634.0,2651.0,2667.0,2563.0,2311.0,2253.0,2315.0,2042.0,1743.0,1256.0,996.0,794.0,566.0,411.0,279.0,74.0,9.0,0.0
3151602,853.0,794.0,785.0,853.0,1026.0,1053.0,870.0,795.0,693.0,668.0,526.0,496.0,335.0,250.0,211.0,102.0,51.0,8.0,14.0,0.0,0.0
3151701,960.0,1013.0,1209.0,1172.0,1273.0,1232.0,1185.0,1153.0,1234.0,1245.0,981.0,970.0,691.0,616.0,431.0,328.0,146.0,83.0,32.0,5.0,0.0
3151800,9025.0,9616.0,11491.0,11811.0,13052.0,13516.0,12775.0,11432.0,10720.0,10333.0,9915.0,8341.0,6625.0,4719.0,3897.0,2198.0,1759.0,877.0,247.0,54.0,32.0
3151909,522.0,602.0,746.0,744.0,666.0,664.0,615.0,573.0,584.0,581.0,615.0,460.0,450.0,376.0,305.0,193.0,194.0,56.0,24.0,10.0,6.0
3152006,2144.0,2363.0,2728.0,2875.0,2560.0,2414.0,2238.0,2111.0,2063.0,1856.0,1492.0,1197.0,830.0,839.0,612.0,393.0,236.0,100.0,43.0,12.0,0.0
3152105,3595.0,3939.0,4523.0,4782.0,4752.0,4899.0,4690.0,4016.0,4218.0,4107.0,3692.0,2865.0,2234.0,1634.0,1054.0,1120.0,730.0,380.0,138.0,23.0,0.0
3152131,323.0,394.0,415.0,419.0,361.0,365.0,286.0,253.0,226.0,193.0,175.0,153.0,116.0,109.0,98.0,41.0,24.0,6.0,5.0,3.0,0.0
3152170,1020.0,1169.0,1361.0,1066.0,857.0,827.0,747.0,661.0,631.0,537.0,489.0,448.0,459.0,339.0,334.0,175.0,142.0,26.0,41.0,12.0,4.0
3152204,2474.0,2910.0,3344.0,3786.0,3458.0,3384.0,2823.0,2563.0,2485.0,2251.0,1961.0,1643.0,1422.0,1018.0,842.0,507.0,387.0,227.0,107.0,35.0,0.0
3152303,580.0,679.0,874.0,880.0,860.0,916.0,834.0,744.0,772.0,683.0,616.0,488.0,373.0,332.0,322.0,255.0,145.0,52.0,0.0,5.0,5.0
3152402,1131.0,1417.0,1672.0,1554.0,1213.0,1121.0,1033.0,1020.0,956.0,837.0,730.0,689.0,562.0,522.0,455.0,350.0,222.0,78.0,89.0,16.0,0.0
3152501,8139.0,8743.0,10655.0,10956.0,11701.0,12038.0,11003.0,9964.0,9640.0,9077.0,8168.0,6233.0,4650.0,3373.0,2248.0,1877.0,1203.0,704.0,184.0,40.0,19.0
3152600,336.0,353.0,492.0,544.0,420.0,453.0,412.0,491.0,475.0,485.0,409.0,357.0,274.0,230.0,208.0,142.0,81.0,39.0,12.0,0.0,0.0
3152709,528.0,639.0,676.0,665.0,636.0,690.0,660.0,641.0,674.0,625.0,495.0,381.0,342.0,241.0,195.0,96.0,151.0,36.0,21.0,0.0,0.0
3152808,1755.0,1940.0,2080.0,2194.0,2134.0,2211.0,2133.0,2098.0,1965.0,1683.0,1432.0,1230.0,884.0,778.0,539.0,377.0,233.0,102.0,24.0,0.0,9.0
3152907,470.0,537.0,672.0,664.0,644.0,560.0,612.0,610.0,608.0,674.0,653.0,520.0,467.0,345.0,268.0,240.0,144.0,79.0,26.0,9.0,4.0
3153004,176.0,210.0,241.0,208.0,257.0,251.0,261.0,252.0,241.0,238.0,204.0,209.0,131.0,141.0,138.0,63.0,31.0,7.0,6.0,0.0,0.0
3153103,354.0,443.0,548.0,508.0,343.0,312.0,392.0,339.0,394.0,377.0,327.0,278.0,238.0,202.0,185.0,139.0,91.0,39.0,20.0,8.0,0.0
3153202,244.0,302.0,393.0,396.0,292.0,260.0,303.0,261.0,280.0,230.0,192.0,183.0,158.0,161.0,112.0,57.0,44.0,23.0,14.0,3.0,0.0
3153301,285.0,243.0,314.0,290.0,270.0,244.0,228.0,148.0,169.0,152.0,162.0,103.0,89.0,95.0,63.0,34.0,38.0,25.0,5.0,0.0,0.0
3153400,1086.0,1327.0,1734.0,1585.0,1419.0,1429.0,1530.0,1467.0,1409.0,1188.0,940.0,1030.0,771.0,610.0,446.0,338.0,164.0,54.0,50.0,0.0,0.0
3153509,535.0,635.0,750.0,666.0,676.0,662.0,655.0,561.0,571.0,569.0,497.0,445.0,321.0,176.0,211.0,197.0,125.0,66.0,0.0,0.0,0.0
3153608,645.0,735.0,909.0,964.0,945.0,778.0,743.0,690.0,643.0,681.0,528.0,368.0,233.0,297.0,191.0,122.0,56.0,27.0,8.0,10.0,0.0
3153707,221.0,269.0,322.0,289.0,231.0,229.0,225.0,228.0,215.0,255.0,191.0,166.0,153.0,108.0,85.0,72.0,28.0,15.0,0.0,0.0,0.0
3153806,76.0,107.0,142.0,157.0,112.0,93.0,144.0,137.0,159.0,147.0,143.0,112.0,89.0,86.0,76.0,28.0,28.0,17.0,6.0,2.0,0.0
3153905,1006.0,1078.0,1291.0,1400.0,1393.0,1451.0,1406.0,1126.0,1015.0,976.0,987.0,655.0,590.0,340.0,218.0,117.0,186.0,66.0,35.0,0.0,6.0
3154002,1440.0,1741.0,1965.0,1870.0,1782.0,1681.0,1644.0,1707.0,1728.0,1632.0,1465.0,1237.0,1060.0,839.0,662.0,620.0,406.0,187.0,75.0,57.0,19.0
3154101,536.0,664.0,798.0,812.0,711.0,720.0,727.0,655.0,713.0,725.0,688.0,585.0,533.0,488.0,370.0,235.0,194.0,121.0,20.0,5.0,0.0
3154150,547.0,557.0,667.0,629.0,577.0,565.0,477.0,439.0,433.0,384.0,343.0,267.0,195.0,169.0,150.0,79.0,48.0,37.0,2.0,4.0,0.0
3154200,614.0,729.0,882.0,932.0,904.0,785.0,783.0,781.0,773.0,814.0,732.0,566.0,455.0,374.0,331.0,190.0,165.0,57.0,42.0,5.0,0.0
3154309,1195.0,1252.0,1502.0,1403.0,1287.0,1271.0,1212.0,1202.0,1096.0,1128.0,979.0,871.0,801.0,618.0,503.0,371.0,205.0,97.0,54.0,42.0,0.0
3154408,261.0,318.0,431.0,452.0,335.0,344.0,363.0,362.0,364.0,326.0,272.0,220.0,204.0,167.0,113.0,80.0,56.0,35.0,5.0,3.0,0.0
3154457,605.0,703.0,987.0,868.0,607.0,629.0,541.0,521.0,492.0,463.0,476.0,310.0,299.0,168.0,181.0,81.0,47.0,15.0,13.0,0.0,0.0
3154507,800.0,851.0,1003.0,1068.0,956.0,796.0,621.0,512.0,579.0,506.0,417.0,348.0,294.0,220.0,141.0,93.0,96.0,29.0,25.0,6.0,0.0
3154606,22730.0,25108.0,29021.0,27376.0,28403.0,28699.0,27751.0,22730.0,19731.0,17059.0,15370.0,11517.0,7610.0,5433.0,3321.0,2246.0,1193.0,638.0,298.0,74.0,9.0
3154705,216.0,240.0,281.0,295.0,311.0,324.0,279.0,223.0,229.0,281.0,322.0,224.0,149.0,120.0,102.0,115.0,58.0,41.0,16.0,0.0,0.0
3154804,563.0,642.0,837.0,771.0,885.0,848.0,786.0,715.0,628.0,587.0,547.0,323.0,300.0,247.0,175.0,113.0,66.0,50.0,6.0,0.0,0.0
3154903,957.0,1096.0,1246.0,1273.0,1141.0,1087.0,1116.0,918.0,884.0,912.0,882.0,688.0,580.0,421.0,381.0,313.0,183.0,90.0,18.0,15.0,0.0
3155009,115.0,159.0,226.0,219.0,207.0,158.0,152.0,159.0,172.0,210.0,178.0,105.0,105.0,84.0,66.0,53.0,60.0,25.0,5.0,6.0,0.0
3155108,404.0,402.0,514.0,524.0,434.0,380.0,340.0,363.0,339.0,273.0,266.0,260.0,156.0,191.0,152.0,90.0,50.0,45.0,18.0,4.0,11.0
3155207,327.0,450.0,591.0,572.0,385.0,361.0,416.0,424.0,475.0,413.0,355.0,273.0,273.0,250.0,227.0,138.0,85.0,22.0,27.0,7.0,0.0
3155306,274.0,346.0,456.0,403.0,409.0,421.0,406.0,397.0,389.0,373.0,274.0,339.0,222.0,224.0,126.0,116.0,68.0,30.0,3.0,0.0,0.0
3155405,457.0,629.0,710.0,741.0,679.0,687.0,591.0,597.0,660.0,646.0,461.0,496.0,416.0,289.0,224.0,168.0,150.0,90.0,5.0,12.0,5.0
3155504,757.0,890.0,950.0,970.0,1068.0,1081.0,1009.0,950.0,866.0,803.0,654.0,562.0,405.0,333.0,208.0,158.0,112.0,47.0,42.0,5.0,15.0
3155603,2119.0,2773.0,3502.0,3105.0,2823.0,2445.0,2170.0,1824.0,1720.0,1486.0,1112.0,1229.0,873.0,686.0,567.0,281.0,247.0,87.0,22.0,29.0,0.0
3155702,825.0,1012.0,1187.0,1252.0,1066.0,1110.0,1093.0,1014.0,1073.0,979.0,846.0,729.0,540.0,541.0,361.0,274.0,129.0,73.0,30.0,15.0,0.0
3155801,936.0,1089.0,1353.0,1552.0,1464.0,1362.0,1165.0,1209.0,1242.0,1146.0,1069.0,845.0,720.0,590.0,510.0,368.0,281.0,132.0,50.0,27.0,0.0
3155900,306.0,369.0,449.0,403.0,351.0,406.0,404.0,366.0,416.0,386.0,365.0,248.0,229.0,212.0,138.0,112.0,68.0,30.0,29.0,6.0,0.0
3156007,1020.0,1323.0,1704.0,1535.0,1029.0,850.0,753.0,861.0,798.0,739.0,648.0,568.0,493.0,408.0,401.0,309.0,126.0,66.0,9.0,4.0,0.0
3156106,256.0,293.0,398.0,448.0,326.0,301.0,356.0,352.0,387.0,352.0,333.0,330.0,218.0,230.0,125.0,95.0,55.0,36.0,21.0,12.0,0.0
3156205,135.0,169.0,194.0,165.0,191.0,140.0,128.0,175.0,139.0,156.0,150.0,95.0,80.0,64.0,58.0,25.0,28.0,14.0,10.0,0.0,0.0
3156304,457.0,509.0,570.0,583.0,677.0,638.0,553.0,502.0,571.0,445.0,317.0,314.0,242.0,146.0,146.0,95.0,67.0,24.0,9.0,3.0,0.0
3156403,241.0,264.0,299.0,300.0,277.0,289.0,291.0,274.0,282.0,252.0,229.0,174.0,127.0,133.0,77.0,37.0,32.0,12.0,7.0,0.0,0.0
3156452,240.0,324.0,352.0,440.0,341.0,353.0,346.0,311.0,303.0,263.0,249.0,203.0,127.0,146.0,106.0,51.0,54.0,25.0,13.0,0.0,0.0
3156502,561.0,726.0,821.0,800.0,534.0,530.0,495.0,439.0,482.0,433.0,446.0,376.0,349.0,266.0,224.0,93.0,89.0,69.0,32.0,6.0,0.0
3156601,630.0,865.0,833.0,964.0,786.0,675.0,672.0,644.0,658.0,576.0,490.0,510.0,380.0,395.0,347.0,274.0,116.0,48.0,22.0,34.0,0.0
3156700,8693.0,9872.0,11702.0,11192.0,11189.0,11634.0,11132.0,9361.0,8852.0,8155.0,7093.0,5430.0,3909.0,2952.0,2161.0,1438.0,845.0,364.0,229.0,55.0,12.0
3156809,1156.0,1290.0,1617.0,1590.0,1307.0,1094.0,1035.0,1010.0,978.0,929.0,867.0,600.0,565.0,513.0,375.0,378.0,240.0,83.0,47.0,18.0,12.0
3156908,1571.0,1678.0,1874.0,2054.0,2103.0,2072.0,1971.0,1755.0,1658.0,1663.0,1372.0,1104.0,899.0,710.0,485.0,464.0,360.0,61.0,20.0,22.0,0.0
3157005,2516.0,3012.0,3599.0,3747.0,3485.0,3296.0,2961.0,2716.0,2563.0,2240.0,2051.0,1724.0,1503.0,1183.0,916.0,881.0,460.0,159.0,91.0,64.0,11.0
3157104,624.0,617.0,627.0,663.0,545.0,527.0,465.0,387.0,434.0,433.0,376.0,273.0,204.0,214.0,188.0,113.0,94.0,48.0,3.0,13.0,11.0
3157203,2041.0,2034.0,2503.0,2639.0,2606.0,2498.0,2412.0,1952.0,1907.0,1909.0,1516.0,1203.0,795.0,670.0,473.0,351.0,211.0,127.0,10.0,19.0,0.0
3157252,534.0,619.0,720.0,664.0,610.0,628.0,607.0,579.0,597.0,452.0,406.0,358.0,275.0,212.0,195.0,111.0,86.0,23.0,3.0,3.0,0.0
3157278,170.0,208.0,256.0,224.0,185.0,191.0,194.0,226.0,242.0,202.0,180.0,134.0,122.0,74.0,73.0,51.0,30.0,17.0,2.0,6.0,0.0
3157302,280.0,311.0,377.0,440.0,356.0,303.0,363.0,346.0,326.0,315.0,297.0,220.0,182.0,169.0,105.0,86.0,52.0,36.0,3.0,0.0,3.0
3157336,498.0,613.0,678.0,700.0,693.0,680.0,678.0,621.0,588.0,525.0,508.0,317.0,273.0,193.0,128.0,91.0,63.0,11.0,7.0,0.0,0.0
3157377,312.0,403.0,477.0,432.0,307.0,290.0,283.0,253.0,246.0,230.0,253.0,229.0,195.0,141.0,153.0,83.0,74.0,23.0,10.0,3.0,0.0
3157401,264.0,377.0,463.0,438.0,316.0,372.0,367.0,329.0,317.0,326.0,284.0,279.0,200.0,203.0,180.0,130.0,69.0,45.0,25.0,9.0,0.0
3157500,327.0,444.0,497.0,537.0,361.0,330.0,318.0,305.0,257.0,245.0,207.0,202.0,151.0,169.0,92.0,73.0,42.0,35.0,5.0,4.0,0.0
3157609,340.0,359.0,460.0,453.0,306.0,295.0,250.0,223.0,244.0,247.0,220.0,151.0,134.0,94.0,75.0,48.0,38.0,19.0,8.0,5.0,0.0
3157658,597.0,630.0,700.0,624.0,472.0,459.0,404.0,329.0,314.0,296.0,248.0,256.0,186.0,199.0,155.0,71.0,59.0,24.0,20.0,11.0,0.0
3157708,796.0,892.0,922.0,930.0,1099.0,1145.0,1013.0,879.0,794.0,743.0,660.0,398.0,395.0,240.0,171.0,135.0,75.0,45.0,6.0,0.0,0.0
3157807,14606.0,16488.0,19365.0,17842.0,18590.0,18838.0,18673.0,15957.0,14157.0,12099.0,10524.0,8783.0,5938.0,4507.0,2790.0,1963.0,880.0,683.0,222.0,27.0,9.0
3157906,1216.0,1367.0,1455.0,1352.0,1288.0,1353.0,1184.0,1018.0,967.0,839.0,764.0,629.0,498.0,361.0,278.0,217.0,94.0,82.0,18.0,31.0,0.0
3158003,717.0,823.0,1105.0,1103.0,935.0,758.0,739.0,733.0,678.0,635.0,498.0,460.0,373.0,259.0,237.0,229.0,150.0,89.0,29.0,0.0,3.0
3158102,340.0,456.0,445.0,522.0,457.0,418.0,328.0,299.0,322.0,312.0,315.0,259.0,224.0,172.0,158.0,100.0,70.0,45.0,27.0,9.0,5.0
3158201,1084.0,1279.0,1578.0,1498.0,1228.0,1071.0,966.0,867.0,863.0,816.0,761.0,534.0,535.0,375.0,363.0,320.0,147.0,56.0,35.0,16.0,3.0
3158300,468.0,588.0,662.0,606.0,577.0,609.0,556.0,575.0,518.0,464.0,500.0,298.0,304.0,198.0,129.0,71.0,64.0,24.0,15.0,6.0,0.0
3158409,217.0,215.0,269.0,285.0,245.0,246.0,239.0,247.0,275.0,233.0,284.0,213.0,202.0,134.0,118.0,111.0,62.0,8.0,16.0,0.0,3.0
3158508,447.0,626.0,738.0,671.0,537.0,559.0,572.0,567.0,548.0,485.0,509.0,398.0,343.0,339.0,267.0,193.0,124.0,76.0,5.0,0.0,5.0
3158607,228.0,292.0,331.0,340.0,298.0,272.0,271.0,270.0,310.0,276.0,217.0,192.0,175.0,126.0,124.0,65.0,54.0,16.0,3.0,0.0,0.0
3158706,115.0,184.0,186.0,176.0,206.0,165.0,189.0,164.0,139.0,136.0,117.0,126.0,111.0,83.0,47.0,50.0,19.0,17.0,0.0,3.0,0.0
3158805,239.0,335.0,397.0,406.0,340.0,350.0,348.0,361.0,317.0,274.0,245.0,261.0,196.0,166.0,161.0,81.0,84.0,37.0,6.0,4.0,0.0
3158904,664.0,772.0,848.0,749.0,729.0,680.0,677.0,597.0,566.0,458.0,485.0,361.0,320.0,215.0,144.0,149.0,96.0,41.0,12.0,6.0,13.0
3158953,2125.0,2369.0,2676.0,2535.0,2315.0,2481.0,2443.0,2129.0,1851.0,1560.0,1362.0,1130.0,681.0,586.0,345.0,406.0,129.0,119.0,23.0,0.0,0.0
3159001,237.0,282.0,383.0,342.0,302.0,319.0,356.0,299.0,277.0,249.0,212.0,221.0,166.0,127.0,118.0,65.0,30.0,21.0,17.0,0.0,0.0
3159100,204.0,326.0,367.0,336.0,268.0,245.0,256.0,286.0,303.0,246.0,188.0,215.0,157.0,160.0,109.0,71.0,57.0,11.0,15.0,0.0,2.0
3159209,459.0,546.0,639.0,628.0,632.0,664.0,685.0,653.0,711.0,682.0,615.0,553.0,505.0,358.0,243.0,230.0,166.0,58.0,0.0,0.0,0.0
3159308,256.0,291.0,387.0,401.0,313.0,363.0,361.0,357.0,360.0,378.0,353.0,261.0,224.0,218.0,204.0,121.0,83.0,39.0,16.0,6.0,0.0
3159357,459.0,530.0,588.0,609.0,565.0,550.0,559.0,460.0,426.0,391.0,364.0,299.0,226.0,182.0,135.0,77.0,64.0,36.0,16.0,12.0,0.0
3159407,224.0,269.0,349.0,304.0,258.0,224.0,247.0,277.0,287.0,244.0,214.0,191.0,141.0,125.0,106.0,73.0,33.0,12.0,2.0,4.0,0.0
3159506,414.0,447.0,552.0,504.0,432.0,430.0,461.0,386.0,374.0,356.0,275.0,350.0,198.0,195.0,141.0,98.0,57.0,26.0,0.0,0.0,0.0
3159605,2640.0,2713.0,3170.0,3234.0,3553.0,3405.0,3181.0,2816.0,2620.0,2536.0,2100.0,1727.0,1323.0,975.0,619.0,515.0,324.0,190.0,68.0,36.0,9.0
3159704,225.0,269.0,291.0,268.0,256.0,253.0,232.0,225.0,224.0,225.0,221.0,142.0,140.0,102.0,72.0,34.0,39.0,6.0,0.0,0.0,0.0
3159803,1186.0,1232.0,1358.0,1436.0,1461.0,1408.0,1545.0,1452.0,1390.0,1220.0,1007.0,938.0,796.0,548.0,508.0,311.0,202.0,104.0,31.0,5.0,0.0
3159902,1158.0,1391.0,1628.0,1637.0,1422.0,1428.0,1373.0,1159.0,1169.0,1062.0,994.0,901.0,611.0,559.0,385.0,243.0,137.0,64.0,18.0,5.0,0.0
3160009,204.0,224.0,308.0,279.0,222.0,243.0,237.0,260.0,274.0,262.0,212.0,205.0,178.0,143.0,119.0,65.0,71.0,23.0,8.0,0.0,0.0
3160108,228.0,289.0,384.0,386.0,323.0,280.0,269.0,283.0,301.0,247.0,267.0,182.0,153.0,148.0,144.0,82.0,72.0,33.0,15.0,0.0,0.0
3160207,312.0,458.0,540.0,468.0,323.0,271.0,277.0,209.0,227.0,215.0,170.0,171.0,167.0,84.0,100.0,73.0,47.0,16.0,6.0,0.0,0.0
3160306,905.0,1024.0,1166.0,1121.0,895.0,875.0,779.0,716.0,700.0,684.0,643.0,520.0,471.0,431.0,369.0,226.0,140.0,52.0,52.0,5.0,0.0
3160405,1738.0,1917.0,2202.0,2257.0,2265.0,2225.0,2210.0,1919.0,1832.0,1772.0,1404.0,1233.0,825.0,789.0,470.0,493.0,274.0,114.0,24.0,0.0,11.0
3160454,545.0,705.0,840.0,743.0,608.0,559.0,497.0,401.0,367.0,336.0,326.0,314.0,211.0,184.0,126.0,110.0,60.0,12.0,2.0,5.0,3.0
3160504,117.0,141.0,166.0,179.0,129.0,117.0,106.0,120.0,138.0,135.0,117.0,76.0,59.0,57.0,43.0,32.0,26.0,9.0,9.0,0.0,0.0
3160603,208.0,266.0,340.0,306.0,230.0,216.0,192.0,201.0,200.0,233.0,179.0,185.0,118.0,113.0,105.0,80.0,41.0,10.0,5.0,11.0,0.0
3160702,2776.0,2900.0,3814.0,3941.0,3714.0,3616.0,3504.0,3160.0,3414.0,3511.0,3114.0,2437.0,1955.0,1506.0,1169.0,884.0,382.0,240.0,200.0,47.0,0.0
3160801,347.0,431.0,515.0,443.0,427.0,351.0,343.0,353.0,306.0,271.0,190.0,177.0,127.0,107.0,93.0,50.0,30.0,14.0,0.0,2.0,0.0
3160900,206.0,197.0,245.0,275.0,317.0,288.0,273.0,224.0,291.0,264.0,264.0,159.0,160.0,101.0,126.0,64.0,39.0,10.0,7.0,2.0,0.0
3160959,406.0,472.0,581.0,554.0,509.0,506.0,427.0,373.0,343.0,321.0,266.0,188.0,98.0,138.0,114.0,44.0,41.0,20.0,3.0,3.0,0.0
3161007,939.0,1207.0,1489.0,1406.0,1398.0,1221.0,1212.0,1155.0,1175.0,1258.0,1133.0,822.0,793.0,672.0,572.0,390.0,311.0,98.0,87.0,19.0,0.0
3161056,222.0,289.0,329.0,351.0,239.0,285.0,261.0,226.0,213.0,202.0,151.0,149.0,122.0,124.0,97.0,58.0,19.0,36.0,5.0,3.0,0.0
3161106,4391.0,5509.0,6582.0,6298.0,4930.0,4062.0,3545.0,2983.0,2957.0,2614.0,2254.0,2065.0,1539.0,1452.0,1029.0,798.0,509.0,233.0,55.0,14.0,8.0
3161205,364.0,462.0,548.0,564.0,556.0,566.0,593.0,443.0,419.0,414.0,446.0,275.0,219.0,215.0,141.0,145.0,88.0,13.0,0.0,7.0,4.0
3161304,382.0,410.0,450.0,454.0,494.0,533.0,499.0,453.0,441.0,456.0,331.0,259.0,178.0,152.0,133.0,87.0,48.0,8.0,8.0,0.0,0.0
3161403,294.0,369.0,488.0,439.0,368.0,398.0,414.0,362.0,352.0,354.0,282.0,287.0,212.0,173.0,122.0,114.0,86.0,41.0,19.0,5.0,0.0
3161502,635.0,736.0,799.0,889.0,906.0,857.0,778.0,649.0,698.0,729.0,642.0,502.0,399.0,339.0,285.0,214.0,94.0,64.0,35.0,9.0,5.0
3161601,320.0,391.0,472.0,472.0,350.0,317.0,270.0,263.0,245.0,254.0,245.0,185.0,182.0,119.0,119.0,95.0,49.0,20.0,11.0,9.0,0.0
3161650,252.0,294.0,350.0,306.0,284.0,245.0,252.0,231.0,243.0,257.0,183.0,148.0,144.0,97.0,112.0,46.0,24.0,14.0,5.0,0.0,0.0
3161700,483.0,563.0,613.0,572.0,513.0,470.0,468.0,391.0,417.0,375.0,365.0,298.0,210.0,187.0,162.0,77.0,64.0,26.0,7.0,3.0,0.0
3161809,670.0,790.0,857.0,825.0,876.0,872.0,857.0,743.0,730.0,717.0,547.0,529.0,420.0,296.0,344.0,157.0,83.0,53.0,22.0,5.0,5.0
3161908,585.0,813.0,937.0,874.0,904.0,894.0,855.0,700.0,633.0,556.0,513.0,387.0,325.0,258.0,223.0,144.0,79.0,71.0,21.0,4.0,0.0
3162005,1576.0,1801.0,2124.0,2196.0,2030.0,1901.0,1734.0,1619.0,1643.0,1596.0,1422.0,1224.0,851.0,784.0,535.0,534.0,169.0,126.0,41.0,0.0,0.0
3162104,2243.0,2449.0,2722.0,2944.0,3085.0,2994.0,2604.0,2400.0,2312.0,1942.0,1715.0,1236.0,958.0,807.0,661.0,330.0,200.0,142.0,64.0,11.0,0.0
3162203,384.0,461.0,589.0,617.0,526.0,545.0,525.0,549.0,542.0,460.0,427.0,357.0,302.0,223.0,209.0,86.0,44.0,29.0,9.0,3.0,0.0
3162252,312.0,361.0,462.0,507.0,417.0,358.0,367.0,293.0,298.0,267.0,280.0,220.0,170.0,120.0,86.0,76.0,37.0,14.0,6.0,3.0,3.0
3162302,141.0,155.0,206.0,232.0,228.0,198.0,187.0,200.0,211.0,238.0,207.0,150.0,125.0,80.0,67.0,61.0,32.0,13.0,0.0,0.0,0.0
3162401,1677.0,2310.0,2932.0,2754.0,2346.0,2133.0,1689.0,1484.0,1466.0,1357.0,1166.0,1100.0,1020.0,614.0,678.0,274.0,256.0,53.0,36.0,12.0,0.0
3162450,1355.0,1491.0,1494.0,1359.0,1147.0,1003.0,669.0,605.0,497.0,469.0,432.0,261.0,270.0,230.0,202.0,91.0,42.0,62.0,29.0,7.0,0.0
3162500,4551.0,5254.0,6295.0,6735.0,6817.0,6767.0,6822.0,6230.0,6477.0,6566.0,5588.0,4947.0,3591.0,2594.0,2068.0,1669.0,793.0,427.0,214.0,64.0,0.0
3162559,799.0,923.0,1031.0,941.0,1005.0,907.0,795.0,695.0,678.0,603.0,525.0,382.0,318.0,207.0,206.0,83.0,70.0,37.0,25.0,9.0,5.0
3162575,316.0,374.0,440.0,420.0,430.0,365.0,380.0,394.0,358.0,341.0,274.0,281.0,203.0,191.0,176.0,115.0,87.0,28.0,7.0,9.0,0.0
3162609,510.0,524.0,732.0,798.0,633.0,512.0,593.0,572.0,524.0,493.0,406.0,394.0,299.0,274.0,224.0,136.0,140.0,82.0,29.0,0.0,0.0
3162658,304.0,368.0,432.0,408.0,335.0,329.0,292.0,242.0,241.0,213.0,195.0,179.0,162.0,115.0,93.0,68.0,40.0,21.0,17.0,6.0,0.0
3162708,1545.0,1823.0,2252.0,2546.0,2258.0,1919.0,1670.0,1347.0,1322.0,1129.0,1082.0,910.0,704.0,706.0,427.0,331.0,221.0,58.0,56.0,14.0,0.0
3162807,1022.0,1289.0,1667.0,1696.0,1224.0,1069.0,1020.0,971.0,984.0,934.0,806.0,652.0,558.0,534.0,493.0,303.0,210.0,69.0,37.0,14.0,0.0
3162906,1287.0,1682.0,2049.0,2054.0,2010.0,1947.0,1731.0,1648.0,1878.0,1900.0,1720.0,1323.0,1092.0,769.0,654.0,538.0,426.0,265.0,72.0,11.0,0.0
3162922,1902.0,2019.0,2361.0,2198.0,2585.0,2732.0,2361.0,1946.0,1680.0,1363.0,1240.0,888.0,888.0,442.0,487.0,248.0,132.0,41.0,24.0,0.0,0.0
3162948,475.0,497.0,598.0,635.0,560.0,530.0,488.0,515.0,522.0,489.0,448.0,326.0,267.0,170.0,123.0,85.0,34.0,15.0,0.0,0.0,0.0
3162955,1320.0,1611.0,1914.0,1787.0,1773.0,1665.0,1731.0,1569.0,1453.0,1279.0,1088.0,830.0,575.0,432.0,288.0,173.0,211.0,50.0,23.0,16.0,12.0
3163003,331.0,427.0,451.0,423.0,374.0,322.0,315.0,277.0,254.0,219.0,167.0,125.0,128.0,68.0,64.0,72.0,28.0,15.0,12.0,3.0,0.0
3163102,290.0,348.0,392.0,361.0,348.0,331.0,365.0,328.0,292.0,287.0,234.0,152.0,132.0,118.0,69.0,104.0,25.0,15.0,7.0,0.0,0.0
3163201,217.0,287.0,395.0,324.0,326.0,257.0,301.0,293.0,275.0,292.0,236.0,225.0,150.0,147.0,114.0,67.0,46.0,40.0,4.0,0.0,0.0
3163300,297.0,322.0,397.0,381.0,324.0,300.0,262.0,248.0,244.0,213.0,227.0,121.0,164.0,103.0,111.0,56.0,23.0,21.0,9.0,7.0,4.0
3163409,355.0,383.0,520.0,542.0,416.0,386.0,380.0,374.0,373.0,416.0,394.0,241.0,226.0,185.0,159.0,124.0,92.0,44.0,25.0,3.0,0.0
3163508,485.0,557.0,672.0,715.0,566.0,439.0,403.0,427.0,415.0,377.0,289.0,311.0,253.0,206.0,141.0,154.0,86.0,35.0,12.0,11.0,0.0
3163607,143.0,243.0,276.0,201.0,217.0,171.0,204.0,180.0,175.0,186.0,153.0,98.0,79.0,93.0,64.0,46.0,32.0,25.0,5.0,0.0,0.0
3163706,2438.0,2721.0,3291.0,3336.0,3076.0,3490.0,3316.0,2920.0,2983.0,2909.0,2760.0,2289.0,1887.0,1255.0,1205.0,789.0,541.0,326.0,107.0,18.0,0.0
3163805,397.0,482.0,534.0,641.0,557.0,540.0,482.0,434.0,456.0,463.0,435.0,346.0,255.0,215.0,210.0,166.0,84.0,33.0,19.0,6.0,4.0
3163904,279.0,281.0,407.0,418.0,391.0,358.0,356.0,327.0,338.0,368.0,388.0,297.0,282.0,181.0,156.0,81.0,80.0,48.0,4.0,0.0,0.0
3164001,614.0,623.0,764.0,737.0,642.0,617.0,570.0,505.0,584.0,568.0,459.0,450.0,360.0,261.0,239.0,171.0,105.0,69.0,15.0,4.0,0.0
3164100,347.0,438.0,545.0,550.0,475.0,413.0,361.0,309.0,333.0,317.0,255.0,271.0,254.0,237.0,178.0,156.0,79.0,26.0,20.0,3.0,3.0
3164209,879.0,960.0,1196.0,1093.0,983.0,934.0,771.0,649.0,614.0,539.0,375.0,416.0,300.0,172.0,134.0,126.0,109.0,10.0,11.0,6.0,0.0
3164308,405.0,435.0,532.0,534.0,480.0,527.0,532.0,494.0,552.0,476.0,423.0,377.0,328.0,196.0,169.0,106.0,72.0,29.0,10.0,6.0,2.0
3164407,388.0,347.0,422.0,405.0,395.0,401.0,389.0,351.0,350.0,318.0,316.0,252.0,201.0,148.0,102.0,95.0,52.0,10.0,6.0,0.0,0.0
3164431,176.0,177.0,246.0,251.0,215.0,216.0,244.0,192.0,219.0,186.0,161.0,162.0,109.0,77.0,77.0,36.0,27.0,18.0,9.0,0.0,0.0
3164472,456.0,592.0,611.0,510.0,515.0,550.0,470.0,379.0,325.0,305.0,248.0,226.0,163.0,119.0,93.0,87.0,53.0,13.0,19.0,4.0,0.0
3164506,826.0,1100.0,1292.0,1074.0,758.0,708.0,685.0,615.0,656.0,562.0,458.0,492.0,418.0,357.0,270.0,156.0,128.0,54.0,24.0,14.0,0.0
3164605,419.0,418.0,390.0,471.0,603.0,533.0,431.0,392.0,405.0,364.0,306.0,323.0,203.0,202.0,144.0,102.0,52.0,43.0,3.0,0.0,0.0
3164704,4133.0,4422.0,5572.0,5421.0,5631.0,5529.0,5097.0,4558.0,4527.0,4202.0,4339.0,3010.0,2583.0,1993.0,1647.0,1166.0,694.0,307.0,112.0,30.0,8.0
3164803,110.0,118.0,137.0,128.0,87.0,95.0,106.0,119.0,112.0,107.0,86.0,89.0,75.0,73.0,76.0,53.0,14.0,17.0,7.0,4.0,0.0
3164902,123.0,118.0,149.0,177.0,167.0,134.0,159.0,157.0,159.0,168.0,148.0,135.0,85.0,67.0,69.0,47.0,39.0,6.0,4.0,0.0,0.0
3165008,647.0,774.0,886.0,894.0,823.0,822.0,833.0,736.0,716.0,767.0,636.0,526.0,444.0,344.0,297.0,214.0,127.0,59.0,10.0,6.0,0.0
3165107,494.0,562.0,654.0,609.0,557.0,569.0,529.0,444.0,411.0,393.0,428.0,374.0,305.0,262.0,198.0,135.0,105.0,38.0,23.0,3.0,0.0
3165206,432.0,562.0,695.0,585.0,538.0,505.0,542.0,548.0,502.0,477.0,411.0,294.0,194.0,155.0,84.0,87.0,34.0,10.0,1.0,0.0,0.0
3165305,411.0,536.0,678.0,662.0,532.0,523.0,506.0,507.0,491.0,494.0,434.0,332.0,278.0,205.0,192.0,117.0,65.0,32.0,11.0,3.0,0.0
3165404,444.0,515.0,637.0,536.0,471.0,514.0,512.0,418.0,419.0,394.0,382.0,261.0,220.0,201.0,145.0,84.0,63.0,18.0,7.0,0.0,0.0
3165503,409.0,511.0,697.0,641.0,473.0,404.0,397.0,353.0,323.0,310.0,265.0,209.0,133.0,183.0,124.0,73.0,48.0,26.0,0.0,11.0,4.0
3165537,2071.0,2205.0,2378.0,2511.0,2158.0,2067.0,2435.0,2274.0,2002.0,1630.0,1338.0,867.0,610.0,477.0,316.0,256.0,95.0,104.0,20.0,0.0,0.0
3165552,1222.0,1365.0,1409.0,1215.0,916.0,793.0,653.0,548.0,489.0,465.0,440.0,383.0,255.0,299.0,124.0,122.0,110.0,53.0,12.0,11.0,0.0
3165560,131.0,182.0,225.0,276.0,175.0,184.0,162.0,183.0,194.0,204.0,170.0,153.0,160.0,150.0,130.0,66.0,56.0,27.0,13.0,6.0,0.0
3165578,401.0,445.0,505.0,450.0,463.0,465.0,444.0,417.0,359.0,320.0,257.0,235.0,161.0,123.0,87.0,40.0,43.0,4.0,0.0,0.0,0.0
3165602,148.0,161.0,170.0,180.0,139.0,158.0,149.0,136.0,137.0,123.0,113.0,97.0,70.0,69.0,45.0,40.0,30.0,14.0,8.0,2.0,0.0
3165701,439.0,489.0,621.0,644.0,533.0,503.0,481.0,444.0,497.0,531.0,455.0,367.0,370.0,297.0,200.0,164.0,111.0,68.0,13.0,0.0,3.0
3165800,57.0,111.0,139.0,141.0,106.0,119.0,114.0,130.0,157.0,153.0,133.0,140.0,111.0,81.0,66.0,49.0,26.0,32.0,3.0,0.0,0.0
3165909,296.0,409.0,502.0,525.0,331.0,315.0,292.0,298.0,310.0,259.0,207.0,221.0,167.0,182.0,99.0,72.0,49.0,24.0,11.0,3.0,3.0
3166006,359.0,431.0,530.0,525.0,433.0,421.0,419.0,401.0,409.0,396.0,265.0,276.0,232.0,166.0,171.0,120.0,81.0,27.0,15.0,5.0,0.0
3166105,267.0,311.0,344.0,334.0,243.0,223.0,216.0,212.0,193.0,210.0,171.0,161.0,155.0,134.0,133.0,88.0,53.0,33.0,9.0,4.0,2.0
3166204,591.0,730.0,857.0,889.0,871.0,724.0,820.0,733.0,793.0,686.0,562.0,496.0,476.0,346.0,295.0,163.0,105.0,36.0,23.0,0.0,0.0
3166303,512.0,619.0,696.0,665.0,607.0,642.0,582.0,504.0,470.0,385.0,362.0,262.0,247.0,177.0,199.0,76.0,65.0,46.0,11.0,0.0,2.0
3166402,111.0,106.0,148.0,166.0,132.0,132.0,129.0,134.0,128.0,137.0,101.0,107.0,92.0,59.0,43.0,36.0,17.0,9.0,2.0,0.0,0.0
3166501,353.0,450.0,573.0,505.0,357.0,288.0,262.0,236.0,227.0,212.0,185.0,141.0,118.0,100.0,90.0,60.0,30.0,17.0,8.0,8.0,0.0
3166600,45.0,60.0,69.0,59.0,63.0,71.0,59.0,70.0,53.0,54.0,51.0,50.0,34.0,22.0,32.0,11.0,8.0,3.0,0.0,2.0,0.0
3166709,632.0,787.0,819.0,709.0,662.0,693.0,612.0,546.0,535.0,463.0,444.0,354.0,328.0,204.0,219.0,193.0,94.0,70.0,36.0,0.0,12.0
3166808,811.0,875.0,985.0,971.0,940.0,927.0,862.0,825.0,790.0,690.0,455.0,478.0,308.0,248.0,179.0,102.0,64.0,26.0,12.0,0.0,0.0
3166907,575.0,623.0,711.0,692.0,617.0,570.0,556.0,452.0,487.0,492.0,433.0,357.0,268.0,235.0,184.0,130.0,84.0,50.0,19.0,6.0,0.0
3166956,326.0,384.0,406.0,417.0,361.0,389.0,317.0,252.0,279.0,264.0,251.0,188.0,185.0,147.0,116.0,54.0,63.0,13.0,9.0,3.0,0.0
3167004,117.0,144.0,184.0,192.0,150.0,171.0,140.0,144.0,129.0,150.0,121.0,72.0,85.0,66.0,56.0,32.0,24.0,9.0,9.0,0.0,0.0
3167103,1523.0,2045.0,2482.0,2249.0,1782.0,1512.0,1384.0,1211.0,1297.0,1195.0,965.0,828.0,590.0,560.0,448.0,352.0,256.0,108.0,48.0,0.0,0.0
3167202,13489.0,14985.0,17781.0,18773.0,20319.0,19927.0,18289.0,15949.0,15793.0,14838.0,12620.0,9763.0,6941.0,5458.0,4170.0,2593.0,1392.0,685.0,316.0,60.0,11.0
3167301,114.0,140.0,194.0,204.0,159.0,166.0,136.0,159.0,155.0,162.0,180.0,95.0,71.0,85.0,76.0,62.0,20.0,4.0,8.0,2.0,0.0
3167400,371.0,415.0,448.0,470.0,481.0,426.0,406.0,420.0,421.0,440.0,371.0,332.0,317.0,256.0,192.0,136.0,84.0,22.0,15.0,3.0,0.0
3167509,150.0,192.0,233.0,206.0,197.0,190.0,208.0,170.0,199.0,174.0,154.0,124.0,86.0,112.0,66.0,50.0,22.0,4.0,0.0,0.0,0.0
3167608,1385.0,1618.0,1779.0,1708.0,1612.0,1596.0,1525.0,1303.0,1164.0,1009.0,824.0,788.0,579.0,470.0,440.0,214.0,179.0,67.0,15.0,23.0,0.0
3167707,403.0,446.0,608.0,555.0,418.0,324.0,380.0,359.0,367.0,373.0,368.0,315.0,194.0,230.0,177.0,154.0,98.0,47.0,7.0,3.0,4.0
3167806,422.0,382.0,446.0,471.0,433.0,438.0,457.0,357.0,417.0,378.0,341.0,315.0,217.0,213.0,173.0,88.0,59.0,37.0,16.0,13.0,4.0
3167905,209.0,270.0,335.0,357.0,274.0,286.0,272.0,259.0,298.0,278.0,263.0,253.0,176.0,179.0,145.0,98.0,75.0,29.0,24.0,0.0,0.0
3168002,2259.0,2626.0,2986.0,3096.0,2800.0,2696.0,2377.0,2145.0,1985.0,1754.0,1586.0,1180.0,939.0,787.0,822.0,455.0,219.0,91.0,60.0,34.0,20.0
3168051,198.0,212.0,223.0,266.0,210.0,237.0,219.0,184.0,223.0,219.0,226.0,149.0,147.0,138.0,148.0,76.0,40.0,12.0,7.0,4.0,0.0
3168101,260.0,264.0,321.0,381.0,360.0,381.0,304.0,292.0,316.0,313.0,279.0,207.0,114.0,133.0,91.0,52.0,30.0,9.0,4.0,0.0,0.0
3168200,94.0,141.0,142.0,156.0,130.0,127.0,132.0,121.0,153.0,154.0,120.0,94.0,88.0,76.0,58.0,42.0,24.0,15.0,2.0,2.0,2.0
3168309,262.0,284.0,355.0,320.0,297.0,275.0,340.0,236.0,268.0,233.0,196.0,199.0,159.0,148.0,88.0,68.0,18.0,28.0,21.0,0.0,0.0
3168408,937.0,1107.0,1355.0,1262.0,1047.0,939.0,954.0,939.0,881.0,920.0,727.0,827.0,646.0,550.0,456.0,364.0,224.0,109.0,20.0,20.0,9.0
3168507,648.0,705.0,947.0,1018.0,929.0,777.0,839.0,808.0,829.0,775.0,744.0,607.0,498.0,394.0,325.0,264.0,140.0,96.0,6.0,6.0,0.0
3168606,9244.0,10357.0,11984.0,11882.0,12038.0,11493.0,10641.0,9581.0,9123.0,8385.0,7075.0,5921.0,4645.0,3997.0,3242.0,2441.0,1517.0,609.0,325.0,193.0,52.0
3168705,5333.0,5706.0,6664.0,7052.0,7162.0,7207.0,6626.0,5723.0,6243.0,6256.0,5125.0,3687.0,2836.0,1788.0,1666.0,1170.0,579.0,322.0,69.0,29.0,0.0
3168804,419.0,440.0,568.0,595.0,546.0,611.0,625.0,570.0,564.0,499.0,416.0,373.0,242.0,187.0,121.0,75.0,65.0,20.0,17.0,3.0,3.0
3168903,372.0,436.0,557.0,540.0,472.0,441.0,488.0,509.0,508.0,504.0,506.0,425.0,322.0,308.0,223.0,155.0,94.0,36.0,9.0,0.0,0.0
3169000,950.0,1037.0,1313.0,1372.0,1251.0,1252.0,1303.0,1126.0,1193.0,1067.0,792.0,897.0,660.0,563.0,420.0,279.0,225.0,66.0,43.0,10.0,5.0
3169059,171.0,216.0,303.0,296.0,280.0,304.0,316.0,318.0,344.0,324.0,282.0,205.0,183.0,153.0,108.0,71.0,49.0,20.0,6.0,0.0,0.0
3169109,354.0,427.0,515.0,470.0,424.0,451.0,413.0,441.0,422.0,352.0,329.0,311.0,261.0,190.0,162.0,95.0,88.0,48.0,11.0,0.0,0.0
3169208,565.0,615.0,728.0,596.0,738.0,788.0,722.0,670.0,614.0,616.0,672.0,660.0,446.0,336.0,252.0,202.0,178.0,78.0,41.0,14.0,5.0
3169307,5009.0,5577.0,6708.0,6308.0,6297.0,6575.0,5886.0,5181.0,5019.0,4699.0,4286.0,3492.0,2378.0,2019.0,1285.0,1010.0,620.0,279.0,117.0,21.0,0.0
3169356,1968.0,2223.0,2689.0,2592.0,2403.0,2438.0,2407.0,2133.0,2114.0,1840.0,1679.0,1253.0,1030.0,550.0,496.0,321.0,113.0,48.0,10.0,10.0,0.0
3169406,3530.0,3994.0,4946.0,4765.0,4422.0,4485.0,4426.0,4011.0,3754.0,3460.0,3196.0,2752.0,1906.0,1456.0,1207.0,755.0,520.0,222.0,43.0,10.0,0.0
3169505,481.0,594.0,694.0,616.0,462.0,445.0,432.0,378.0,378.0,385.0,325.0,270.0,208.0,262.0,165.0,91.0,66.0,22.0,9.0,0.0,10.0
3169604,1514.0,1612.0,1959.0,1952.0,1807.0,1751.0,1780.0,1809.0,1767.0,1767.0,1523.0,1175.0,1137.0,852.0,758.0,430.0,355.0,161.0,32.0,47.0,0.0
3169703,1303.0,1573.0,1799.0,1836.0,1911.0,1685.0,1394.0,1095.0,1148.0,990.0,845.0,681.0,642.0,314.0,400.0,221.0,134.0,40.0,24.0,15.0,5.0
3169802,295.0,390.0,394.0,424.0,373.0,373.0,330.0,351.0,321.0,303.0,280.0,253.0,189.0,138.0,106.0,72.0,46.0,19.0,2.0,0.0,0.0
3169901,6700.0,7085.0,8566.0,8497.0,9374.0,9231.0,8552.0,7500.0,7317.0,7056.0,6054.0,4641.0,3692.0,2334.0,1942.0,1319.0,955.0,433.0,222.0,37.0,13.0
3170008,1041.0,1243.0,1331.0,1310.0,1004.0,906.0,845.0,652.0,606.0,555.0,485.0,477.0,360.0,324.0,224.0,125.0,121.0,54.0,14.0,0.0,5.0
3170057,847.0,963.0,1126.0,1152.0,942.0,923.0,873.0,873.0,792.0,803.0,632.0,643.0,432.0,302.0,322.0,177.0,110.0,95.0,22.0,10.0,0.0
3170107,17966.0,18376.0,21621.0,24030.0,27290.0,26934.0,24927.0,21716.0,21178.0,20895.0,19273.0,14383.0,11650.0,8649.0,6686.0,5042.0,3090.0,1487.0,645.0,129.0,21.0
3170206,39216.0,40897.0,45486.0,50872.0,57879.0,57140.0,53888.0,46691.0,44687.0,41839.0,35321.0,28433.0,19709.0,15122.0,11311.0,7233.0,4705.0,2223.0,1035.0,229.0,97.0
3170305,196.0,275.0,255.0,235.0,205.0,240.0,204.0,169.0,145.0,158.0,147.0,121.0,96.0,85.0,88.0,28.0,31.0,10.0,12.0,6.0,0.0
3170404,5436.0,6069.0,6926.0,6974.0,6881.0,7053.0,6744.0,6211.0,5413.0,5039.0,4171.0,3345.0,2440.0,1712.0,1329.0,1050.0,431.0,229.0,91.0,21.0,0.0
3170438,303.0,334.0,348.0,352.0,400.0,385.0,385.0,339.0,344.0,272.0,257.0,178.0,144.0,148.0,106.0,61.0,26.0,18.0,15.0,3.0,0.0
3170479,193.0,270.0,346.0,336.0,212.0,225.0,232.0,235.0,221.0,204.0,174.0,160.0,114.0,116.0,93.0,55.0,28.0,21.0,0.0,0.0,0.0
3170503,740.0,841.0,1002.0,1020.0,890.0,812.0,812.0,722.0,699.0,631.0,528.0,413.0,375.0,276.0,216.0,119.0,93.0,68.0,24.0,10.0,0.0
3170529,1270.0,1498.0,1638.0,1425.0,1157.0,1250.0,1142.0,832.0,661.0,614.0,498.0,419.0,362.0,348.0,244.0,128.0,81.0,17.0,10.0,5.0,5.0
3170578,379.0,507.0,629.0,592.0,495.0,437.0,484.0,446.0,424.0,443.0,327.0,348.0,257.0,220.0,190.0,117.0,79.0,42.0,40.0,3.0,0.0
3170602,141.0,140.0,153.0,155.0,172.0,181.0,147.0,137.0,158.0,162.0,174.0,122.0,87.0,88.0,69.0,37.0,18.0,14.0,4.0,2.0,2.0
3170651,336.0,433.0,545.0,540.0,450.0,389.0,307.0,329.0,290.0,246.0,228.0,179.0,148.0,86.0,83.0,66.0,53.0,15.0,10.0,0.0,0.0
3170701,7818.0,8250.0,9908.0,10105.0,10855.0,11276.0,10915.0,9195.0,8839.0,8530.0,7836.0,6474.0,4378.0,3083.0,2280.0,1475.0,1129.0,534.0,157.0,45.0,0.0
3170750,477.0,522.0,575.0,537.0,610.0,569.0,548.0,479.0,411.0,389.0,265.0,201.0,135.0,134.0,70.0,84.0,35.0,10.0,3.0,0.0,0.0
3170800,2631.0,3155.0,3386.0,3557.0,3452.0,3282.0,2843.0,2455.0,2235.0,2289.0,1894.0,1402.0,978.0,868.0,503.0,537.0,193.0,107.0,18.0,12.0,12.0
3170909,1716.0,1917.0,2278.0,2256.0,1777.0,1441.0,1173.0,994.0,1020.0,897.0,753.0,839.0,568.0,511.0,383.0,249.0,147.0,143.0,28.0,20.0,5.0
3171006,1280.0,1501.0,1724.0,1654.0,1578.0,1675.0,1662.0,1618.0,1618.0,1378.0,1242.0,772.0,710.0,466.0,392.0,194.0,152.0,47.0,46.0,14.0,0.0
3171030,865.0,932.0,1078.0,1049.0,783.0,725.0,552.0,455.0,440.0,357.0,282.0,254.0,190.0,158.0,105.0,67.0,24.0,25.0,0.0,0.0,5.0
3171071,379.0,456.0,546.0,632.0,542.0,467.0,370.0,344.0,362.0,316.0,288.0,247.0,231.0,110.0,114.0,69.0,53.0,13.0,9.0,0.0,0.0
3171105,245.0,283.0,283.0,308.0,229.0,269.0,252.0,249.0,248.0,219.0,231.0,214.0,157.0,96.0,72.0,77.0,37.0,5.0,8.0,0.0,0.0
3171154,292.0,369.0,425.0,403.0,354.0,385.0,382.0,360.0,319.0,322.0,241.0,225.0,174.0,135.0,119.0,95.0,59.0,20.0,10.0,0.0,0.0
3171204,7624.0,8834.0,10341.0,9663.0,9647.0,10001.0,9652.0,8228.0,7327.0,6183.0,5142.0,4020.0,2751.0,1885.0,1626.0,807.0,461.0,177.0,139.0,19.0,0.0
3171303,4067.0,4756.0,5752.0,6146.0,7172.0,7145.0,5833.0,5124.0,5040.0,4900.0,4481.0,3736.0,2468.0,1887.0,1363.0,1094.0,755.0,375.0,85.0,41.0,0.0
3171402,226.0,215.0,310.0,341.0,314.0,286.0,215.0,264.0,274.0,255.0,289.0,205.0,127.0,138.0,94.0,106.0,38.0,22.0,12.0,0.0,0.0
3171501,295.0,319.0,366.0,383.0,270.0,266.0,210.0,186.0,187.0,197.0,187.0,143.0,133.0,69.0,58.0,49.0,26.0,16.0,4.0,3.0,3.0
3171600,839.0,1087.0,1314.0,1450.0,1290.0,1083.0,857.0,865.0,831.0,812.0,807.0,511.0,517.0,436.0,421.0,206.0,138.0,113.0,33.0,10.0,0.0
3171709,555.0,619.0,720.0,678.0,663.0,711.0,675.0,611.0,582.0,591.0,562.0,485.0,397.0,266.0,154.0,186.0,119.0,28.0,12.0,9.0,0.0
3171808,663.0,854.0,1089.0,1114.0,868.0,708.0,667.0,679.0,678.0,711.0,644.0,425.0,408.0,296.0,309.0,210.0,145.0,76.0,21.0,6.0,0.0
3171907,354.0,493.0,608.0,577.0,426.0,370.0,295.0,335.0,352.0,349.0,340.0,230.0,251.0,162.0,187.0,147.0,98.0,47.0,27.0,9.0,0.0
3172004,2407.0,2693.0,3012.0,3191.0,3334.0,3417.0,3070.0,2642.0,2750.0,2655.0,2009.0,1914.0,1455.0,1050.0,958.0,754.0,426.0,116.0,67.0,21.0,0.0
3172103,352.0,406.0,468.0,437.0,428.0,398.0,336.0,332.0,363.0,335.0,291.0,226.0,227.0,126.0,111.0,100.0,74.0,45.0,2.0,6.0,7.0
3172202,173.0,197.0,201.0,203.0,181.0,190.0,177.0,191.0,204.0,191.0,152.0,140.0,106.0,85.0,76.0,61.0,19.0,6.0,0.0,0.0,0.0
3200102,2154.0,2295.0,2614.0,2676.0,2554.0,2551.0,2492.0,2348.0,2112.0,1960.0,1642.0,1601.0,1043.0,1164.0,824.0,397.0,413.0,154.0,68.0,26.0,4.0
3200136,677.0,756.0,854.0,833.0,780.0,744.0,721.0,735.0,697.0,613.0,577.0,423.0,381.0,249.0,152.0,157.0,110.0,47.0,6.0,6.0,0.0
3200169,819.0,918.0,1158.0,1114.0,911.0,897.0,869.0,900.0,769.0,651.0,636.0,582.0,421.0,369.0,344.0,185.0,114.0,77.0,21.0,15.0,0.0
3200201,1854.0,2190.0,2618.0,2777.0,2652.0,2422.0,2287.0,2002.0,2174.0,2033.0,1714.0,1698.0,1175.0,963.0,775.0,584.0,462.0,275.0,61.0,30.0,24.0
3200300,869.0,900.0,1000.0,1097.0,1084.0,1171.0,1174.0,1074.0,1040.0,969.0,866.0,765.0,578.0,453.0,385.0,184.0,188.0,85.0,60.0,12.0,0.0
3200359,526.0,610.0,693.0,630.0,612.0,600.0,576.0,521.0,505.0,441.0,420.0,348.0,227.0,231.0,164.0,94.0,79.0,28.0,9.0,4.0,0.0
3200409,1609.0,1836.0,2013.0,1965.0,2233.0,2246.0,2019.0,1835.0,1605.0,1508.0,1387.0,1032.0,788.0,626.0,404.0,372.0,307.0,72.0,36.0,9.0,0.0
3200508,465.0,523.0,623.0,650.0,586.0,610.0,567.0,497.0,499.0,499.0,454.0,390.0,329.0,226.0,226.0,188.0,108.0,42.0,18.0,6.0,6.0
3200607,6280.0,6733.0,7651.0,7843.0,7875.0,7545.0,6994.0,6249.0,5427.0,4886.0,3980.0,3647.0,2466.0,1278.0,1114.0,724.0,668.0,272.0,134.0,52.0,14.0
3200706,657.0,779.0,814.0,869.0,944.0,831.0,816.0,680.0,656.0,618.0,583.0,442.0,362.0,252.0,197.0,175.0,106.0,49.0,11.0,10.0,0.0
3200805,1823.0,2183.0,2669.0,2515.0,2227.0,2261.0,2259.0,2173.0,2016.0,1970.0,1750.0,1281.0,1053.0,885.0,860.0,692.0,269.0,72.0,56.0,27.0,40.0
3200904,2833.0,3020.0,3663.0,3412.0,3618.0,3430.0,3174.0,3038.0,2851.0,2633.0,2231.0,1818.0,1357.0,1213.0,939.0,697.0,427.0,184.0,66.0,34.0,10.0
3201001,1034.0,1225.0,1274.0,1360.0,1199.0,1158.0,1090.0,1012.0,973.0,909.0,778.0,627.0,435.0,393.0,260.0,243.0,134.0,86.0,2.0,0.0,6.0
3201100,624.0,682.0,763.0,723.0,820.0,811.0,751.0,643.0,668.0,578.0,625.0,512.0,314.0,317.0,230.0,190.0,123.0,77.0,22.0,0.0,4.0
3201159,1015.0,1120.0,1235.0,1115.0,1093.0,1154.0,1042.0,892.0,741.0,642.0,560.0,472.0,288.0,194.0,160.0,71.0,74.0,37.0,5.0,6.0,0.0
3201209,12433.0,13649.0,15739.0,16212.0,17038.0,16843.0,15909.0,13724.0,13773.0,13177.0,11324.0,8926.0,6664.0,4658.0,3818.0,2852.0,1839.0,879.0,349.0,43.0,39.0
3201308,26172.0,27768.0,30943.0,30470.0,32755.0,32957.0,30486.0,25925.0,24103.0,21872.0,18610.0,15144.0,10012.0,8041.0,5624.0,3488.0,2395.0,1310.0,489.0,133.0,41.0
3201407,1960.0,2321.0,2740.0,2807.0,3094.0,2910.0,2827.0,2522.0,2672.0,2473.0,1994.0,1818.0,1283.0,1010.0,821.0,707.0,482.0,281.0,18.0,8.0,0.0
3201506,6406.0,7473.0,8842.0,9472.0,10223.0,9813.0,9095.0,8541.0,8587.0,8039.0,6571.0,5662.0,3869.0,2943.0,2386.0,1817.0,1238.0,567.0,164.0,79.0,0.0
3201605,2408.0,2590.0,3002.0,2756.0,2498.0,2457.0,2275.0,1930.0,1858.0,1602.0,1408.0,1083.0,893.0,591.0,407.0,377.0,218.0,56.0,30.0,10.0,0.0
3201704,803.0,916.0,1002.0,907.0,1071.0,1031.0,953.0,857.0,792.0,716.0,661.0,567.0,459.0,280.0,282.0,217.0,97.0,35.0,30.0,4.0,0.0
3201803,338.0,384.0,434.0,417.0,391.0,363.0,328.0,345.0,299.0,289.0,252.0,226.0,135.0,125.0,74.0,57.0,37.0,10.0,6.0,6.0,0.0
3201902,1926.0,2399.0,2728.0,2655.0,2723.0,2842.0,2645.0,2544.0,2361.0,2146.0,1799.0,1330.0,1043.0,863.0,736.0,579.0,397.0,90.0,42.0,0.0,0.0
3202009,462.0,549.0,575.0,559.0,562.0,562.0,478.0,447.0,459.0,404.0,343.0,302.0,229.0,156.0,98.0,110.0,56.0,35.0,8.0,3.0,0.0
3202108,1549.0,1933.0,2136.0,1904.0,1809.0,1872.0,1894.0,1751.0,1560.0,1482.0,1164.0,1231.0,760.0,724.0,558.0,406.0,234.0,171.0,52.0,17.0,6.0
3202207,1159.0,1354.0,1527.0,1422.0,1406.0,1408.0,1359.0,1213.0,1193.0,1059.0,983.0,852.0,559.0,478.0,360.0,280.0,218.0,137.0,47.0,6.0,6.0
3202256,758.0,806.0,901.0,931.0,926.0,915.0,853.0,847.0,844.0,709.0,590.0,511.0,373.0,281.0,241.0,198.0,96.0,55.0,30.0,0.0,4.0
3202306,1929.0,2188.0,2515.0,2481.0,2414.0,2287.0,2101.0,1817.0,1817.0,1764.0,1487.0,1527.0,1074.0,722.0,654.0,388.0,340.0,226.0,73.0,19.0,28.0
3202405,7344.0,8141.0,9390.0,8940.0,8995.0,9289.0,8852.0,7876.0,7493.0,6696.0,6272.0,4596.0,3756.0,2603.0,2202.0,1628.0,750.0,315.0,110.0,28.0,10.0
3202454,1629.0,1876.0,2134.0,1932.0,2033.0,1987.0,1948.0,1607.0,1444.0,1278.0,1114.0,948.0,702.0,597.0,452.0,366.0,160.0,110.0,38.0,10.0,0.0
3202504,746.0,829.0,939.0,1039.0,993.0,1015.0,939.0,800.0,772.0,726.0,685.0,437.0,364.0,316.0,216.0,142.0,145.0,39.0,28.0,6.0,0.0
3202553,764.0,853.0,919.0,832.0,766.0,778.0,657.0,591.0,596.0,487.0,462.0,407.0,223.0,240.0,134.0,135.0,54.0,40.0,7.0,12.0,0.0
3202603,674.0,733.0,919.0,1022.0,1102.0,1119.0,1094.0,960.0,944.0,958.0,819.0,647.0,499.0,289.0,276.0,241.0,154.0,53.0,15.0,4.0,0.0
3202652,909.0,1026.0,1160.0,984.0,1068.0,1038.0,1042.0,870.0,761.0,661.0,507.0,526.0,357.0,292.0,153.0,152.0,137.0,58.0,22.0,0.0,0.0
3202702,807.0,916.0,1101.0,1122.0,1063.0,1106.0,1076.0,1019.0,1017.0,994.0,851.0,886.0,626.0,445.0,374.0,335.0,200.0,127.0,49.0,20.0,0.0
3202801,2355.0,2627.0,2838.0,2671.0,2722.0,2623.0,2582.0,2199.0,2062.0,1901.0,1672.0,1376.0,1037.0,809.0,648.0,468.0,220.0,95.0,54.0,11.0,17.0
3202900,547.0,776.0,868.0,893.0,890.0,926.0,842.0,789.0,802.0,702.0,701.0,529.0,448.0,371.0,309.0,233.0,133.0,87.0,31.0,4.0,0.0
3203007,2134.0,2205.0,2555.0,2373.0,2581.0,2437.0,2278.0,1905.0,1872.0,1693.0,1319.0,1222.0,941.0,615.0,548.0,298.0,261.0,58.0,10.0,23.0,0.0
3203056,2030.0,2207.0,2414.0,2310.0,2397.0,2426.0,2111.0,1759.0,1550.0,1330.0,1133.0,946.0,624.0,509.0,417.0,206.0,214.0,51.0,32.0,13.0,0.0
3203106,683.0,799.0,931.0,960.0,897.0,779.0,827.0,740.0,806.0,732.0,555.0,574.0,479.0,309.0,287.0,190.0,145.0,124.0,56.0,6.0,0.0
3203130,952.0,998.0,1191.0,1352.0,1336.0,1377.0,1376.0,1184.0,1121.0,1054.0,1059.0,799.0,572.0,439.0,383.0,307.0,167.0,84.0,44.0,13.0,0.0
3203163,552.0,686.0,801.0,836.0,824.0,866.0,819.0,895.0,835.0,775.0,671.0,536.0,512.0,446.0,304.0,216.0,141.0,72.0,33.0,6.0,0.0
3203205,11382.0,11916.0,12876.0,12708.0,13770.0,13586.0,12397.0,10518.0,9338.0,8176.0,7419.0,5315.0,3852.0,2882.0,2212.0,1464.0,909.0,377.0,158.0,51.0,0.0
3203304,947.0,1073.0,1335.0,1158.0,1120.0,1043.0,1046.0,1001.0,883.0,856.0,846.0,530.0,442.0,483.0,352.0,227.0,182.0,65.0,10.0,13.0,0.0
3203320,2431.0,2633.0,3025.0,2870.0,2966.0,2816.0,2866.0,2514.0,2330.0,2215.0,1825.0,1637.0,1148.0,1039.0,839.0,434.0,323.0,186.0,43.0,0.0,0.0
3203346,1011.0,1037.0,1185.0,1195.0,1265.0,1248.0,1235.0,1157.0,1003.0,868.0,798.0,662.0,482.0,372.0,308.0,202.0,131.0,68.0,32.0,3.0,0.0
3203353,596.0,712.0,857.0,876.0,934.0,1012.0,837.0,841.0,859.0,845.0,732.0,505.0,464.0,325.0,251.0,251.0,142.0,48.0,15.0,0.0,5.0
3203403,1652.0,1768.0,2109.0,2108.0,2240.0,2107.0,2034.0,1774.0,1835.0,1864.0,1569.0,1396.0,1019.0,760.0,645.0,490.0,308.0,136.0,54.0,25.0,9.0
3203502,1238.0,1384.0,1545.0,1617.0,1420.0,1467.0,1359.0,1263.0,1263.0,1125.0,975.0,771.0,713.0,548.0,386.0,337.0,211.0,150.0,34.0,25.0,17.0
3203601,359.0,446.0,512.0,529.0,440.0,455.0,411.0,375.0,373.0,385.0,341.0,267.0,210.0,204.0,149.0,84.0,55.0,38.0,20.0,3.0,0.0
3203700,1264.0,1503.0,1807.0,1689.0,1621.0,1520.0,1426.0,1239.0,1239.0,1062.0,997.0,822.0,738.0,446.0,384.0,292.0,195.0,99.0,50.0,4.0,0.0
3203809,918.0,1034.0,1201.0,1231.0,1224.0,1202.0,1046.0,987.0,1015.0,1007.0,800.0,781.0,570.0,427.0,427.0,236.0,136.0,91.0,27.0,36.0,0.0
3203908,3023.0,3465.0,4200.0,4289.0,4066.0,3816.0,3665.0,3472.0,3296.0,3025.0,2523.0,2146.0,1366.0,1203.0,967.0,599.0,529.0,179.0,171.0,19.0,11.0
3204005,1521.0,1859.0,2060.0,1834.0,1808.0,1853.0,1763.0,1573.0,1427.0,1278.0,1132.0,981.0,834.0,542.0,372.0,373.0,193.0,103.0,30.0,11.0,0.0
3204054,2044.0,2184.0,2388.0,2309.0,2095.0,2144.0,2020.0,1651.0,1529.0,1346.0,1270.0,769.0,748.0,448.0,391.0,229.0,118.0,69.0,24.0,18.0,0.0
3204104,1984.0,2042.0,2151.0,2102.0,2125.0,2121.0,1949.0,1668.0,1510.0,1370.0,1213.0,1063.0,876.0,588.0,522.0,251.0,180.0,129.0,17.0,10.0,24.0
3204203,1226.0,1402.0,1662.0,1642.0,1533.0,1495.0,1504.0,1340.0,1274.0,1190.0,1075.0,793.0,595.0,533.0,379.0,234.0,155.0,62.0,19.0,10.0,0.0
3204252,471.0,568.0,682.0,645.0,488.0,516.0,509.0,514.0,513.0,430.0,384.0,328.0,253.0,210.0,195.0,120.0,98.0,27.0,22.0,0.0,6.0
3204302,689.0,779.0,973.0,978.0,893.0,874.0,837.0,734.0,654.0,658.0,579.0,490.0,379.0,287.0,232.0,141.0,72.0,39.0,5.0,10.0,10.0
3204351,1154.0,1271.0,1502.0,1586.0,1582.0,1557.0,1468.0,1305.0,1308.0,1176.0,986.0,776.0,536.0,407.0,305.0,274.0,215.0,67.0,33.0,21.0,0.0
3204401,694.0,796.0,913.0,907.0,1007.0,1020.0,937.0,788.0,787.0,761.0,687.0,585.0,365.0,350.0,229.0,229.0,138.0,77.0,41.0,15.0,0.0
3204500,778.0,923.0,1099.0,1080.0,1020.0,1000.0,848.0,985.0,973.0,797.0,709.0,529.0,383.0,351.0,253.0,273.0,161.0,42.0,31.0,5.0,0.0
3204559,2374.0,2652.0,3169.0,3180.0,3345.0,3336.0,3025.0,2508.0,2268.0,1933.0,1674.0,1416.0,1125.0,747.0,649.0,367.0,257.0,107.0,44.0,0.0,0.0
3204609,1259.0,1432.0,1725.0,1763.0,1882.0,1754.0,1692.0,1636.0,1601.0,1546.0,1496.0,994.0,912.0,665.0,606.0,302.0,346.0,116.0,71.0,26.0,0.0
3204658,579.0,572.0,648.0,657.0,722.0,666.0,643.0,569.0,562.0,515.0,509.0,393.0,281.0,240.0,156.0,131.0,101.0,46.0,5.0,5.0,0.0
3204708,2077.0,2254.0,2669.0,2795.0,3099.0,3029.0,2877.0,2304.0,2240.0,2081.0,1716.0,1359.0,960.0,818.0,645.0,451.0,241.0,143.0,38.0,52.0,11.0
3204807,621.0,710.0,883.0,862.0,779.0,727.0,738.0,692.0,746.0,710.0,625.0,602.0,487.0,315.0,343.0,257.0,167.0,106.0,24.0,15.0,0.0
3204906,8095.0,9458.0,10473.0,10547.0,9995.0,9818.0,9120.0,8025.0,7489.0,6691.0,5644.0,4424.0,2965.0,2231.0,1718.0,1065.0,736.0,383.0,110.0,9.0,32.0
3204955,699.0,762.0,889.0,936.0,924.0,899.0,898.0,872.0,905.0,765.0,666.0,571.0,428.0,348.0,203.0,256.0,136.0,84.0,28.0,0.0,3.0
3205002,32574.0,33061.0,37513.0,35753.0,41079.0,41353.0,37372.0,30962.0,27739.0,25102.0,21197.0,16950.0,10689.0,6742.0,5005.0,3211.0,1811.0,647.0,380.0,72.0,56.0
3205010,2284.0,2353.0,2465.0,2308.0,2264.0,2217.0,2111.0,1743.0,1404.0,1240.0,976.0,799.0,546.0,399.0,353.0,226.0,89.0,24.0,32.0,0.0,9.0
3205036,1447.0,1574.0,1788.0,1656.0,1655.0,1659.0,1559.0,1340.0,1380.0,1272.0,1002.0,839.0,557.0,467.0,396.0,243.0,169.0,89.0,38.0,0.0,0.0
3205069,1276.0,1491.0,1690.0,1845.0,1880.0,1875.0,1805.0,1615.0,1525.0,1390.0,1165.0,833.0,649.0,454.0,381.0,234.0,189.0,103.0,19.0,28.0,0.0
3205101,4688.0,5131.0,5721.0,5526.0,6786.0,6720.0,5941.0,4922.0,4364.0,3923.0,3377.0,2736.0,1888.0,1075.0,843.0,699.0,339.0,201.0,68.0,21.0,32.0
3205150,537.0,627.0,728.0,781.0,772.0,760.0,725.0,684.0,653.0,569.0,504.0,344.0,288.0,191.0,206.0,162.0,57.0,65.0,16.0,0.0,4.0
3205176,909.0,1131.0,1198.0,1240.0,1280.0,1193.0,1220.0,1054.0,994.0,894.0,760.0,613.0,442.0,272.0,257.0,217.0,116.0,21.0,11.0,9.0,0.0
3205200,26158.0,28240.0,32219.0,33099.0,38255.0,39181.0,36346.0,30871.0,30204.0,29142.0,25863.0,20258.0,14597.0,10288.0,7856.0,5733.0,3510.0,1957.0,623.0,147.0,39.0
3205309,19563.0,19892.0,23630.0,25382.0,31267.0,32132.0,28770.0,23147.0,22580.0,23004.0,21624.0,17305.0,12191.0,9149.0,6818.0,5288.0,3417.0,1571.0,770.0,263.0,38.0
3300100,11335.0,13573.0,16135.0,14524.0,14438.0,15628.0,15651.0,13464.0,12754.0,10855.0,9171.0,7637.0,5430.0,3279.0,2423.0,1486.0,966.0,572.0,132.0,57.0,0.0
3300159,577.0,676.0,798.0,725.0,831.0,919.0,809.0,730.0,728.0,766.0,582.0,604.0,418.0,392.0,243.0,183.0,146.0,57.0,17.0,13.0,0.0
3300209,7473.0,8300.0,9906.0,9468.0,8713.0,8628.0,8608.0,7946.0,7847.0,7398.0,6716.0,5799.0,4993.0,3485.0,2757.0,1845.0,1234.0,612.0,229.0,29.0,22.0
3300225,731.0,845.0,966.0,1014.0,979.0,879.0,907.0,831.0,824.0,742.0,662.0,648.0,468.0,319.0,215.0,191.0,149.0,33.0,15.0,0.0,5.0
3300233,1928.0,2095.0,2515.0,2202.0,2244.0,2448.0,2523.0,2378.0,2121.0,1995.0,1589.0,1208.0,900.0,561.0,425.0,270.0,94.0,22.0,11.0,23.0,9.0
3300258,1762.0,2001.0,2428.0,2172.0,2116.0,2041.0,2178.0,2011.0,2038.0,2140.0,1831.0,1433.0,1041.0,1019.0,729.0,530.0,141.0,84.0,11.0,10.0,0.0
3300308,5879.0,6546.0,7474.0,7300.0,7403.0,7724.0,7577.0,6752.0,6698.0,6973.0,6320.0,5396.0,3952.0,2910.0,1995.0,1830.0,1232.0,516.0,263.0,38.0,0.0
3300407,10889.0,11852.0,14625.0,14193.0,14921.0,14813.0,14349.0,12745.0,13090.0,13388.0,11754.0,9529.0,7174.0,5164.0,3742.0,3066.0,1437.0,756.0,277.0,37.0,12.0
3300456,33262.0,37550.0,46240.0,42958.0,39004.0,39161.0,38947.0,35875.0,34290.0,30482.0,27492.0,19576.0,15888.0,10857.0,8159.0,5028.0,2643.0,1208.0,576.0,97.0,39.0
3300506,1569.0,1821.0,2035.0,2033.0,2051.0,2120.0,2134.0,1890.0,1883.0,1749.0,1555.0,1258.0,940.0,795.0,513.0,468.0,305.0,147.0,45.0,22.0,0.0
3300605,2009.0,2473.0,3021.0,2929.0,2755.0,2575.0,2525.0,2502.0,2635.0,2576.0,2322.0,1803.0,1582.0,1078.0,888.0,683.0,587.0,256.0,176.0,24.0,11.0
3300704,12735.0,14286.0,17074.0,16346.0,15026.0,15431.0,15033.0,13707.0,13093.0,12999.0,11017.0,9103.0,6802.0,5108.0,3935.0,2324.0,1207.0,577.0,315.0,99.0,10.0
3300803,3565.0,3871.0,4839.0,4646.0,4505.0,4384.0,4442.0,4193.0,3896.0,3699.0,3180.0,2617.0,2104.0,1487.0,1097.0,757.0,629.0,219.0,107.0,24.0,12.0
3300902,795.0,956.0,1120.0,1064.0,1049.0,1108.0,1151.0,1058.0,1070.0,1116.0,898.0,928.0,676.0,602.0,454.0,275.0,286.0,172.0,29.0,17.0,5.0
3300936,972.0,942.0,1143.0,1143.0,1112.0,1158.0,1105.0,1035.0,998.0,900.0,739.0,643.0,467.0,402.0,220.0,162.0,125.0,52.0,36.0,0.0,4.0
3300951,535.0,575.0,692.0,651.0,660.0,618.0,678.0,551.0,628.0,549.0,491.0,432.0,327.0,308.0,196.0,143.0,99.0,11.0,23.0,6.0,7.0
3301009,31781.0,34984.0,40306.0,39975.0,39261.0,39718.0,37202.0,32273.0,32335.0,31370.0,27809.0,21459.0,17141.0,13089.0,10523.0,6967.0,4392.0,2046.0,800.0,236.0,65.0
3301108,1306.0,1391.0,1666.0,1604.0,1542.0,1558.0,1485.0,1417.0,1476.0,1381.0,1295.0,837.0,776.0,771.0,587.0,417.0,172.0,104.0,36.0,10.0,0.0
3301157,804.0,832.0,993.0,997.0,1003.0,966.0,952.0,890.0,846.0,874.0,640.0,745.0,522.0,502.0,397.0,290.0,216.0,78.0,47.0,6.0,0.0
3301207,1156.0,1270.0,1440.0,1352.0,1289.0,1370.0,1394.0,1271.0,1277.0,1209.0,1089.0,963.0,748.0,484.0,432.0,266.0,240.0,113.0,51.0,20.0,0.0
3301306,2597.0,2719.0,3027.0,2962.0,3010.0,3085.0,2958.0,2670.0,2564.0,2294.0,1975.0,1769.0,1370.0,722.0,574.0,518.0,304.0,134.0,61.0,25.0,9.0
3301405,1530.0,1587.0,1931.0,1922.0,1701.0,1675.0,1677.0,1503.0,1587.0,1501.0,1169.0,1023.0,688.0,678.0,360.0,295.0,223.0,88.0,65.0,10.0,0.0
3301504,1212.0,1422.0,1706.0,1691.0,1616.0,1640.0,1567.0,1455.0,1539.0,1473.0,1215.0,1077.0,845.0,662.0,492.0,437.0,197.0,107.0,77.0,0.0,0.0
3301603,759.0,826.0,922.0,945.0,922.0,888.0,853.0,804.0,841.0,757.0,590.0,570.0,418.0,259.0,237.0,148.0,126.0,44.0,17.0,4.0,0.0
3301702,59198.0,66016.0,80472.0,74980.0,72585.0,72336.0,71829.0,64468.0,62012.0,56010.0,50138.0,38955.0,29308.0,21242.0,15563.0,9900.0,6169.0,2808.0,732.0,262.0,65.0
3301801,671.0,849.0,1030.0,1024.0,1042.0,1072.0,1083.0,975.0,1017.0,983.0,998.0,635.0,614.0,401.0,358.0,271.0,128.0,39.0,43.0,0.0,5.0
3301850,3655.0,4260.0,4791.0,4693.0,4456.0,4514.0,4186.0,3895.0,3841.0,3318.0,2738.0,2260.0,1717.0,1132.0,927.0,586.0,318.0,160.0,28.0,7.0,0.0
3301876,1400.0,1544.0,1968.0,1877.0,1521.0,1679.0,1631.0,1647.0,1597.0,1665.0,1493.0,1210.0,1103.0,1034.0,780.0,411.0,216.0,45.0,16.0,14.0,0.0
3301900,14758.0,16057.0,20011.0,18853.0,17450.0,17772.0,18982.0,17777.0,16316.0,14820.0,12917.0,9803.0,8067.0,5339.0,4112.0,2552.0,1569.0,517.0,275.0,41.0,20.0
3302007,7959.0,8670.0,10207.0,9169.0,9359.0,9736.0,9633.0,8420.0,7732.0,6761.0,6602.0,4607.0,3700.0,2539.0,1759.0,1111.0,694.0,211.0,180.0,34.0,7.0
3302056,836.0,908.0,973.0,1028.0,1034.0,1092.0,1065.0,925.0,1015.0,1067.0,953.0,753.0,720.0,573.0,440.0,264.0,296.0,88.0,32.0,0.0,0.0
3302106,1226.0,1436.0,1643.0,1703.0,1676.0,1772.0,1690.0,1643.0,1682.0,1769.0,1609.0,1166.0,1206.0,778.0,763.0,485.0,417.0,144.0,67.0,24.0,0.0
3302205,5641.0,6347.0,7383.0,7380.0,7878.0,8043.0,8042.0,7101.0,7075.0,6939.0,5929.0,5045.0,4097.0,2974.0,2537.0,1478.0,1059.0,675.0,146.0,49.0,22.0
3302254,1942.0,2185.0,2476.0,2390.0,2355.0,2507.0,2331.0,2370.0,2105.0,2015.0,1753.0,1277.0,1115.0,722.0,469.0,455.0,190.0,88.0,29.0,9.0,0.0
3302270,7207.0,8049.0,9545.0,9284.0,8985.0,8654.0,8211.0,7252.0,6510.0,5436.0,4547.0,3595.0,2796.0,2064.0,1502.0,832.0,574.0,305.0,77.0,56.0,12.0
3302304,459.0,554.0,683.0,624.0,573.0,580.0,541.0,520.0,504.0,558.0,476.0,355.0,297.0,275.0,159.0,136.0,104.0,65.0,19.0,6.0,0.0
3302403,15698.0,15227.0,17017.0,16812.0,19971.0,22357.0,20165.0,15960.0,14499.0,13719.0,11637.0,7795.0,5697.0,3722.0,2723.0,1935.0,1049.0,480.0,190.0,62.0,14.0
3302452,403.0,412.0,448.0,404.0,399.0,473.0,370.0,409.0,378.0,304.0,307.0,229.0,231.0,198.0,110.0,72.0,74.0,32.0,6.0,7.0,3.0
3302502,16419.0,18075.0,21891.0,20832.0,18921.0,18363.0,17939.0,16761.0,16113.0,14415.0,12461.0,10696.0,8037.0,6323.0,4265.0,2890.0,1798.0,748.0,256.0,100.0,18.0
3302601,2208.0,2651.0,3225.0,3015.0,2907.0,2894.0,2962.0,2778.0,2705.0,2524.0,2345.0,1763.0,1609.0,1092.0,785.0,458.0,331.0,91.0,102.0,10.0,0.0
3302700,7870.0,8364.0,10212.0,9631.0,9242.0,10190.0,10254.0,10243.0,9321.0,9150.0,8592.0,7395.0,6340.0,3862.0,2793.0,1946.0,1172.0,617.0,208.0,50.0,7.0
3302809,954.0,1104.0,1394.0,1359.0,1298.0,1346.0,1368.0,1294.0,1381.0,1433.0,1263.0,1082.0,776.0,620.0,466.0,392.0,211.0,151.0,38.0,0.0,5.0
3302858,11202.0,12207.0,14872.0,14174.0,13487.0,13898.0,13761.0,12437.0,12296.0,11720.0,10353.0,8572.0,6795.0,4498.0,3504.0,2277.0,1508.0,592.0,177.0,34.0,12.0
3302908,1409.0,1610.0,2024.0,1974.0,1756.0,1702.0,1724.0,1695.0,1778.0,1844.0,1563.0,1508.0,1175.0,970.0,668.0,555.0,426.0,220.0,31.0,11.0,0.0
3303005,1675.0,1985.0,2292.0,2300.0,2096.0,2048.0,1945.0,1854.0,1917.0,1835.0,1637.0,1294.0,1078.0,879.0,717.0,663.0,369.0,176.0,67.0,16.0,0.0
3303104,904.0,1024.0,1282.0,1193.0,1104.0,1168.0,1139.0,983.0,1076.0,1080.0,944.0,854.0,645.0,487.0,438.0,346.0,237.0,110.0,50.0,9.0,11.0
3303203,9373.0,10638.0,12457.0,12138.0,12556.0,13075.0,12861.0,11676.0,11444.0,11046.0,10562.0,8714.0,6592.0,4973.0,3563.0,2685.0,1909.0,743.0,281.0,100.0,39.0
3303302,23766.0,26094.0,31430.0,32966.0,38737.0,42275.0,39784.0,35012.0,34136.0,35967.0,33652.0,30207.0,24434.0,18171.0,15239.0,11721.0,7462.0,4119.0,1835.0,439.0,115.0
3303401,10322.0,11850.0,13657.0,13718.0,14060.0,14556.0,14688.0,13460.0,13942.0,13377.0,11840.0,10523.0,8300.0,6029.0,4442.0,3493.0,2300.0,1056.0,329.0,129.0,11.0
3303500,53421.0,61544.0,75421.0,71261.0,65254.0,66115.0,65350.0,60066.0,58115.0,52502.0,46081.0,36672.0,28987.0,20071.0,15738.0,9684.0,6076.0,2656.0,930.0,238.0,76.0
3303609,2322.0,2659.0,3800.0,4342.0,3831.0,3931.0,3738.0,3918.0,3957.0,3737.0,2857.0,2433.0,1724.0,1521.0,1116.0,618.0,404.0,160.0,57.0,0.0,0.0
3303708,2692.0,2879.0,3574.0,3253.0,3202.0,3184.0,3046.0,2966.0,3057.0,2910.0,2767.0,1899.0,1613.0,1325.0,1092.0,794.0,482.0,205.0,135.0,0.0,9.0
3303807,2885.0,3087.0,3587.0,3158.0,2995.0,3231.0,3300.0,2887.0,2653.0,2421.0,2097.0,1745.0,1199.0,870.0,700.0,390.0,232.0,51.0,34.0,11.0,0.0
3303856,1731.0,2007.0,2460.0,2295.0,2228.0,2078.0,1929.0,1795.0,1912.0,1796.0,1608.0,1160.0,1022.0,740.0,660.0,415.0,324.0,94.0,57.0,29.0,18.0
3303906,16860.0,19793.0,23744.0,24026.0,22882.0,22987.0,22961.0,21793.0,22310.0,21070.0,18254.0,16333.0,13435.0,9833.0,8074.0,5280.0,3820.0,1714.0,580.0,138.0,29.0
3303955,1493.0,1556.0,1982.0,1923.0,1938.0,1991.0,1859.0,1569.0,1498.0,1659.0,1483.0,1326.0,845.0,580.0,413.0,259.0,187.0,116.0,32.0,0.0,11.0
3304003,1588.0,1790.0,2294.0,2129.0,2070.0,2042.0,2285.0,2014.0,1985.0,1887.0,1787.0,1219.0,1015.0,808.0,649.0,463.0,178.0,56.0,55.0,0.0,0.0
3304102,1225.0,1319.0,1570.0,1490.0,1457.0,1372.0,1360.0,1183.0,1282.0,1205.0,1092.0,833.0,652.0,530.0,427.0,312.0,243.0,141.0,44.0,24.0,0.0
3304110,1215.0,1325.0,1550.0,1502.0,1474.0,1493.0,1397.0,1276.0,1202.0,1062.0,947.0,685.0,511.0,368.0,231.0,199.0,102.0,25.0,29.0,0.0,0.0
3304128,956.0,914.0,1062.0,1056.0,1066.0,1128.0,1080.0,928.0,899.0,878.0,850.0,549.0,466.0,361.0,267.0,192.0,107.0,34.0,0.0,0.0,0.0
3304144,10032.0,11249.0,13664.0,12924.0,11780.0,11521.0,11499.0,10586.0,9776.0,8554.0,7622.0,5747.0,4752.0,2876.0,2383.0,1596.0,898.0,362.0,98.0,31.0,11.0
3304151,1381.0,1629.0,1854.0,1843.0,1729.0,1652.0,1496.0,1428.0,1524.0,1401.0,1122.0,905.0,758.0,508.0,424.0,276.0,195.0,75.0,39.0,4.0,0.0
3304201,7886.0,8403.0,9923.0,9640.0,10309.0,10706.0,10234.0,9212.0,8836.0,8251.0,7613.0,5479.0,4329.0,3243.0,2205.0,1693.0,1008.0,557.0,181.0,41.0,20.0
3304300,3285.0,3950.0,4854.0,4611.0,4567.0,4674.0,4695.0,4402.0,4048.0,3798.0,3141.0,2801.0,2112.0,1514.0,1177.0,953.0,677.0,205.0,58.0,29.0,0.0
3304409,1095.0,1331.0,1634.0,1417.0,1222.0,1419.0,1430.0,1285.0,1318.0,1188.0,1055.0,846.0,694.0,499.0,371.0,260.0,140.0,159.0,45.0,16.0,0.0
3304508,577.0,643.0,797.0,768.0,670.0,661.0,622.0,644.0,625.0,589.0,479.0,397.0,332.0,276.0,245.0,146.0,59.0,15.0,6.0,10.0,0.0
3304524,7825.0,8144.0,9009.0,8183.0,8829.0,10148.0,10203.0,8680.0,7736.0,7113.0,5771.0,4722.0,3536.0,2011.0,1794.0,1029.0,577.0,252.0,98.0,16.0,0.0
3304557,364985.0,395538.0,466608.0,464110.0,508746.0,551477.0,524257.0,468558.0,439585.0,436762.0,412185.0,347680.0,278586.0,206692.0,173477.0,129324.0,88908.0,42729.0,15782.0,3956.0,501.0
3304607,651.0,743.0,891.0,884.0,742.0,693.0,755.0,732.0,716.0,711.0,721.0,540.0,481.0,320.0,256.0,199.0,163.0,71.0,29.0,18.0,5.0
3304706,2366.0,2803.0,3125.0,3269.0,3116.0,3123.0,3254.0,2967.0,2957.0,2928.0,2377.0,2201.0,1810.0,1445.0,1055.0,786.0,536.0,276.0,171.0,14.0,10.0
3304755,2836.0,3244.0,3750.0,3783.0,3404.0,3228.0,3226.0,2951.0,2838.0,2711.0,2239.0,2024.0,1508.0,1231.0,1096.0,704.0,278.0,190.0,60.0,21.0,33.0
3304805,2297.0,2462.0,2949.0,3025.0,2871.0,2857.0,2842.0,2632.0,2766.0,2599.0,2171.0,2113.0,1702.0,1422.0,1173.0,817.0,484.0,238.0,107.0,0.0,15.0
3304904,58788.0,66262.0,81772.0,78159.0,80493.0,85974.0,86877.0,78507.0,75106.0,72217.0,63758.0,51659.0,39207.0,30403.0,22009.0,14777.0,8585.0,3776.0,1202.0,195.0,0.0
3305000,2082.0,2249.0,2671.0,2826.0,2743.0,2681.0,2527.0,2263.0,2401.0,2255.0,2124.0,1534.0,1347.0,1188.0,809.0,621.0,253.0,113.0,32.0,27.0,0.0
3305109,29961.0,33902.0,40781.0,38573.0,37742.0,38153.0,37430.0,34206.0,33100.0,31403.0,29132.0,22314.0,17961.0,12090.0,9756.0,6183.0,3484.0,1687.0,606.0,174.0,35.0
3305133,442.0,456.0,526.0,582.0,526.0,579.0,572.0,544.0,550.0,508.0,398.0,359.0,301.0,247.0,164.0,126.0,72.0,33.0,12.0,6.0,0.0
3305158,1309.0,1500.0,1906.0,1802.0,1665.0,1653.0,1631.0,1550.0,1568.0,1348.0,959.0,1130.0,811.0,482.0,384.0,250.0,229.0,43.0,12.0,12.0,8.0
3305208,6075.0,7033.0,8123.0,7397.0,6886.0,7248.0,7481.0,6635.0,6564.0,5952.0,4846.0,4117.0,3055.0,2499.0,1819.0,1080.0,651.0,265.0,112.0,28.0,8.0
3305307,600.0,607.0,688.0,683.0,665.0,696.0,685.0,647.0,655.0,618.0,617.0,457.0,305.0,361.0,213.0,180.0,111.0,66.0,21.0,20.0,0.0
3305406,1151.0,1218.0,1543.0,1392.0,1440.0,1280.0,1360.0,1265.0,1299.0,1256.0,1078.0,974.0,762.0,513.0,337.0,274.0,252.0,115.0,6.0,9.0,0.0
3305505,4854.0,5321.0,6279.0,6237.0,6063.0,6269.0,5672.0,4992.0,5280.0,4991.0,4863.0,3612.0,3160.0,2485.0,1718.0,1212.0,666.0,286.0,195.0,56.0,24.0
3305554,5409.0,5962.0,7234.0,7262.0,7293.0,6549.0,6133.0,5724.0,5400.0,5046.0,4554.0,3736.0,2731.0,1809.0,1463.0,977.0,550.0,305.0,34.0,15.0,0.0
3305604,1564.0,1724.0,2146.0,1916.0,1680.0,1826.0,1698.0,1474.0,1464.0,1345.0,1231.0,871.0,657.0,609.0,518.0,261.0,245.0,66.0,29.0,25.0,0.0
3305703,986.0,1070.0,1218.0,1313.0,1348.0,1256.0,1277.0,1120.0,1126.0,1044.0,909.0,666.0,488.0,368.0,283.0,200.0,153.0,44.0,24.0,2.0,6.0
3305752,2160.0,2411.0,2798.0,2634.0,2533.0,2599.0,2681.0,2460.0,2213.0,1894.0,1695.0,1401.0,1064.0,895.0,530.0,280.0,346.0,110.0,10.0,18.0,0.0
3305802,9978.0,11822.0,14227.0,13543.0,13398.0,12873.0,12916.0,12041.0,12188.0,11156.0,10192.0,7829.0,6852.0,5007.0,4203.0,2527.0,1926.0,642.0,328.0,72.0,25.0
3305901,653.0,722.0,860.0,838.0,783.0,791.0,739.0,720.0,797.0,741.0,604.0,526.0,430.0,360.0,339.0,177.0,126.0,60.0,22.0,0.0,0.0
3306008,5215.0,5349.0,6397.0,6322.0,6324.0,6289.0,6040.0,5453.0,5667.0,5416.0,4822.0,4215.0,3225.0,2379.0,1777.0,1174.0,885.0,341.0,75.0,50.0,18.0
3306107,4156.0,4964.0,5974.0,5786.0,5705.0,5402.0,5178.0,4854.0,4978.0,5221.0,4768.0,3800.0,3481.0,2292.0,2050.0,1399.0,1093.0,470.0,201.0,62.0,9.0
3306156,777.0,828.0,791.0,779.0,870.0,814.0,780.0,676.0,684.0,593.0,526.0,368.0,288.0,233.0,193.0,133.0,63.0,48.0,20.0,6.0,4.0
3306206,2151.0,2460.0,2896.0,2857.0,3009.0,2825.0,2551.0,2378.0,2431.0,2366.0,2006.0,1835.0,1464.0,1046.0,714.0,722.0,372.0,199.0,44.0,40.0,44.0
3306305,14968.0,16178.0,19792.0,20328.0,21379.0,22176.0,20301.0,17706.0,18351.0,19835.0,18983.0,15266.0,11048.0,7161.0,5669.0,4125.0,2762.0,1219.0,459.0,75.0,22.0
3500105,1722.0,1906.0,2222.0,2673.0,2760.0,2492.0,2391.0,2373.0,2558.0,2538.0,2315.0,1941.0,1762.0,1223.0,1131.0,991.0,557.0,169.0,63.0,10.0,0.0
3500204,190.0,231.0,255.0,268.0,288.0,260.0,239.0,251.0,265.0,269.0,257.0,215.0,189.0,127.0,103.0,76.0,45.0,16.0,15.0,0.0,0.0
3500303,2291.0,2302.0,2662.0,2840.0,2903.0,2981.0,2539.0,2240.0,2171.0,2043.0,1704.0,1689.0,1262.0,792.0,589.0,403.0,406.0,227.0,75.0,29.0,0.0
3500402,410.0,446.0,510.0,582.0,592.0,547.0,502.0,526.0,519.0,572.0,517.0,452.0,355.0,319.0,285.0,233.0,132.0,73.0,13.0,0.0,0.0
3500501,1007.0,1089.0,1335.0,1316.0,1354.0,1475.0,1407.0,1259.0,1278.0,1165.0,1003.0,972.0,748.0,566.0,445.0,402.0,294.0,113.0,32.0,5.0,0.0
3500550,388.0,385.0,510.0,446.0,402.0,429.0,397.0,415.0,398.0,366.0,322.0,327.0,265.0,189.0,144.0,106.0,63.0,38.0,11.0,0.0,0.0
3500600,130.0,136.0,180.0,201.0,150.0,173.0,186.0,181.0,193.0,196.0,143.0,179.0,178.0,143.0,134.0,81.0,55.0,48.0,20.0,0.0,0.0
3500709,2315.0,2443.0,2988.0,3091.0,3076.0,2991.0,2825.0,2621.0,2350.0,2194.0,1888.0,1792.0,1254.0,925.0,728.0,501.0,305.0,160.0,77.0,0.0,0.0
3500758,347.0,403.0,471.0,416.0,429.0,446.0,389.0,315.0,305.0,273.0,272.0,235.0,178.0,144.0,110.0,64.0,46.0,21.0,14.0,6.0,0.0
3500808,191.0,233.0,256.0,293.0,307.0,250.0,269.0,277.0,280.0,279.0,236.0,236.0,180.0,225.0,159.0,92.0,67.0,31.0,26.0,3.0,0.0
3500907,295.0,279.0,322.0,338.0,346.0,383.0,334.0,282.0,277.0,230.0,186.0,129.0,136.0,108.0,66.0,60.0,30.0,11.0,3.0,0.0,0.0
3501004,904.0,1049.0,1306.0,1300.0,1285.0,1331.0,1243.0,1033.0,1065.0,1018.0,945.0,862.0,697.0,540.0,433.0,307.0,155.0,78.0,56.0,0.0,0.0
3501103,224.0,223.0,274.0,297.0,341.0,312.0,271.0,276.0,267.0,298.0,259.0,258.0,231.0,199.0,169.0,114.0,63.0,17.0,10.0,0.0,0.0
3501152,1222.0,1431.0,1536.0,1461.0,1491.0,1552.0,1493.0,1370.0,1244.0,1029.0,726.0,749.0,507.0,390.0,334.0,160.0,110.0,30.0,4.0,0.0,0.0
3501202,160.0,192.0,265.0,274.0,251.0,247.0,227.0,274.0,334.0,308.0,276.0,273.0,255.0,204.0,177.0,88.0,54.0,28.0,9.0,0.0,0.0
3501301,1413.0,1734.0,1960.0,2068.0,2004.0,1751.0,1735.0,1752.0,1762.0,1592.0,1337.0,1174.0,1067.0,717.0,547.0,437.0,227.0,182.0,40.0,13.0,0.0
3501400,263.0,253.0,315.0,265.0,547.0,720.0,571.0,386.0,266.0,223.0,202.0,185.0,138.0,114.0,71.0,62.0,32.0,28.0,4.0,4.0,0.0
3501509,226.0,218.0,290.0,253.0,247.0,230.0,265.0,198.0,196.0,180.0,157.0,148.0,122.0,105.0,56.0,48.0,43.0,15.0,0.0,0.0,3.0
3501608,11501.0,12374.0,14558.0,16023.0,18006.0,19026.0,17716.0,16361.0,16419.0,15965.0,14138.0,11283.0,8567.0,5958.0,5446.0,3395.0,2463.0,1036.0,284.0,106.0,14.0
3501707,2531.0,2569.0,3071.0,3079.0,3415.0,3369.0,3195.0,2763.0,2622.0,2069.0,1662.0,1366.0,1002.0,675.0,492.0,313.0,161.0,81.0,27.0,9.0,8.0
3501806,309.0,346.0,445.0,408.0,446.0,402.0,419.0,357.0,414.0,433.0,360.0,369.0,286.0,276.0,201.0,113.0,67.0,38.0,7.0,7.0,3.0
3501905,3526.0,4014.0,4701.0,5140.0,5673.0,5952.0,5251.0,5084.0,4724.0,4606.0,4251.0,3427.0,2475.0,2367.0,1759.0,1240.0,808.0,538.0,194.0,79.0,20.0
3502002,308.0,312.0,336.0,362.0,359.0,376.0,302.0,317.0,274.0,284.0,282.0,174.0,185.0,138.0,153.0,65.0,40.0,22.0,0.0,4.0,0.0
3502101,3053.0,3340.0,4042.0,4204.0,4475.0,4425.0,4486.0,4227.0,4065.0,4038.0,3530.0,2974.0,2532.0,2070.0,1638.0,1040.0,730.0,302.0,153.0,10.0,0.0
3502200,1577.0,1700.0,1913.0,1953.0,1853.0,1766.0,1661.0,1616.0,1612.0,1537.0,1396.0,1010.0,901.0,606.0,445.0,271.0,285.0,70.0,39.0,0.0,0.0
3502309,455.0,470.0,534.0,489.0,416.0,433.0,457.0,416.0,390.0,350.0,307.0,272.0,238.0,135.0,122.0,88.0,58.0,14.0,10.0,0.0,0.0
3502408,229.0,272.0,326.0,318.0,317.0,285.0,280.0,253.0,286.0,258.0,208.0,187.0,154.0,115.0,122.0,47.0,41.0,28.0,5.0,6.0,0.0
3502507,2146.0,2329.0,2674.0,3040.0,3134.0,3066.0,2680.0,2608.0,2562.0,2413.0,2241.0,1747.0,1430.0,971.0,743.0,518.0,438.0,178.0,56.0,23.0,11.0
3502606,220.0,269.0,342.0,338.0,309.0,249.0,305.0,314.0,352.0,315.0,291.0,313.0,222.0,198.0,201.0,81.0,81.0,31.0,14.0,6.0,0.0
3502705,1735.0,2186.0,2762.0,2489.0,1903.0,1949.0,1848.0,1863.0,1620.0,1540.0,1291.0,1148.0,884.0,660.0,589.0,328.0,211.0,111.0,61.0,13.0,0.0
3502754,1465.0,1502.0,1658.0,1577.0,1651.0,1532.0,1448.0,1319.0,1115.0,978.0,834.0,606.0,483.0,331.0,285.0,140.0,87.0,59.0,10.0,0.0,0.0
3502804,10039.0,10543.0,12974.0,13415.0,14584.0,15326.0,14865.0,14160.0,14060.0,13608.0,12245.0,9836.0,8167.0,5618.0,4824.0,3703.0,2180.0,927.0,387.0,104.0,14.0
3502903,1761.0,1929.0,2426.0,2283.0,2142.0,2125.0,2106.0,2077.0,1976.0,1834.0,1749.0,1351.0,1282.0,733.0,629.0,502.0,230.0,131.0,33.0,0.0,0.0
3503000,287.0,319.0,394.0,435.0,450.0,433.0,364.0,352.0,379.0,402.0,292.0,292.0,209.0,184.0,135.0,115.0,66.0,33.0,6.0,6.0,0.0
3503109,404.0,448.0,585.0,596.0,506.0,464.0,507.0,431.0,382.0,395.0,357.0,317.0,231.0,191.0,178.0,43.0,58.0,12.0,13.0,5.0,0.0
3503158,184.0,188.0,222.0,221.0,196.0,175.0,159.0,168.0,190.0,199.0,141.0,115.0,87.0,85.0,51.0,58.0,24.0,16.0,6.0,8.0,0.0
3503208,11758.0,12033.0,14447.0,15873.0,18420.0,18934.0,17919.0,15604.0,15077.0,14947.0,13925.0,10610.0,8817.0,6473.0,4877.0,3947.0,3016.0,1371.0,441.0,161.0,12.0
3503307,7003.0,7291.0,8974.0,9709.0,10637.0,10909.0,9865.0,8989.0,8605.0,8374.0,7550.0,5968.0,4643.0,3454.0,2723.0,2156.0,1276.0,517.0,180.0,20.0,0.0
3503356,105.0,110.0,139.0,165.0,145.0,143.0,135.0,131.0,145.0,124.0,137.0,105.0,92.0,99.0,58.0,46.0,29.0,14.0,2.0,0.0,0.0
3503406,452.0,507.0,588.0,596.0,579.0,542.0,532.0,499.0,550.0,581.0,541.0,432.0,443.0,324.0,247.0,215.0,143.0,53.0,14.0,3.0,0.0
3503505,271.0,316.0,363.0,349.0,283.0,263.0,285.0,264.0,258.0,228.0,241.0,129.0,123.0,105.0,83.0,53.0,45.0,24.0,9.0,3.0,0.0
3503604,749.0,908.0,985.0,982.0,1100.0,939.0,826.0,856.0,759.0,636.0,528.0,371.0,268.0,256.0,196.0,126.0,56.0,28.0,0.0,4.0,6.0
3503703,586.0,562.0,650.0,636.0,801.0,769.0,696.0,671.0,603.0,539.0,521.0,404.0,348.0,221.0,166.0,190.0,114.0,46.0,19.0,5.0,0.0
3503802,2993.0,3304.0,3776.0,3703.0,4149.0,4311.0,3785.0,3492.0,3176.0,2841.0,2338.0,1849.0,1334.0,1185.0,913.0,516.0,317.0,120.0,38.0,36.0,0.0
3503901,5371.0,6175.0,7112.0,6718.0,6570.0,6698.0,6403.0,5773.0,5480.0,4811.0,4222.0,3397.0,2267.0,1498.0,839.0,712.0,524.0,227.0,84.0,24.0,0.0
3503950,88.0,109.0,128.0,151.0,142.0,111.0,106.0,134.0,162.0,139.0,121.0,105.0,95.0,83.0,59.0,37.0,26.0,9.0,4.0,0.0,0.0
3504008,5689.0,5722.0,6781.0,7374.0,8436.0,8065.0,7769.0,7003.0,6916.0,6720.0,5997.0,5229.0,3902.0,3191.0,2377.0,1893.0,1214.0,583.0,258.0,25.0,0.0
3504107,8029.0,9003.0,10469.0,10171.0,10778.0,10802.0,10444.0,9647.0,8935.0,8675.0,7711.0,5834.0,4842.0,3836.0,3002.0,2203.0,1352.0,655.0,171.0,35.0,8.0
3504206,736.0,860.0,971.0,1246.0,1193.0,1095.0,1099.0,1034.0,1106.0,1041.0,897.0,707.0,699.0,467.0,370.0,353.0,191.0,107.0,26.0,4.0,0.0
3504305,341.0,367.0,462.0,505.0,411.0,355.0,366.0,355.0,336.0,330.0,291.0,235.0,204.0,131.0,113.0,62.0,50.0,26.0,19.0,0.0,0.0
3504404,815.0,771.0,930.0,976.0,1360.0,1190.0,912.0,836.0,786.0,663.0,577.0,428.0,357.0,265.0,198.0,111.0,92.0,28.0,6.0,5.0,3.0
3504503,5438.0,5729.0,6490.0,6731.0,7415.0,7232.0,7103.0,6166.0,5595.0,5384.0,5058.0,4025.0,3012.0,2681.0,2065.0,1304.0,893.0,447.0,154.0,10.0,2.0
3504602,886.0,944.0,1183.0,1149.0,1159.0,1202.0,1294.0,1271.0,1157.0,1005.0,912.0,686.0,510.0,448.0,331.0,228.0,159.0,56.0,21.0,3.0,0.0
3504701,80.0,90.0,99.0,118.0,603.0,804.0,654.0,382.0,231.0,165.0,132.0,104.0,50.0,67.0,54.0,27.0,25.0,14.0,3.0,0.0,0.0
3504800,428.0,430.0,564.0,591.0,620.0,656.0,653.0,598.0,632.0,641.0,515.0,467.0,353.0,334.0,305.0,121.0,182.0,58.0,6.0,6.0,0.0
3504909,689.0,732.0,906.0,852.0,776.0,789.0,809.0,718.0,702.0,678.0,675.0,407.0,388.0,376.0,216.0,254.0,147.0,82.0,22.0,4.0,0.0
3505005,216.0,253.0,282.0,252.0,234.0,190.0,233.0,192.0,193.0,218.0,209.0,170.0,124.0,124.0,106.0,65.0,34.0,13.0,5.0,3.0,0.0
3505104,471.0,501.0,628.0,570.0,557.0,477.0,500.0,442.0,475.0,446.0,373.0,308.0,265.0,203.0,148.0,103.0,79.0,34.0,12.0,0.0,0.0
3505203,2010.0,2181.0,2566.0,2425.0,2587.0,2626.0,2366.0,2178.0,2148.0,2190.0,2016.0,1599.0,1402.0,957.0,786.0,747.0,501.0,219.0,68.0,21.0,0.0
3505302,1788.0,2031.0,2469.0,2705.0,2860.0,2962.0,2971.0,2793.0,2829.0,2728.0,2300.0,1858.0,1512.0,1126.0,916.0,656.0,405.0,232.0,62.0,31.0,11.0
3505351,422.0,456.0,591.0,485.0,399.0,410.0,379.0,385.0,324.0,303.0,259.0,229.0,162.0,167.0,117.0,92.0,27.0,27.0,11.0,0.0,0.0
3505401,638.0,723.0,888.0,714.0,533.0,496.0,525.0,486.0,439.0,430.0,398.0,392.0,333.0,268.0,222.0,126.0,66.0,30.0,14.0,8.0,0.0
3505500,6770.0,7082.0,8194.0,8957.0,9867.0,9910.0,9147.0,8244.0,7902.0,7924.0,7144.0,5520.0,4582.0,3725.0,3219.0,1812.0,1286.0,538.0,207.0,59.0,11.0
3505609,2308.0,2344.0,2595.0,2594.0,2965.0,2966.0,2538.0,2176.0,1909.0,1630.0,1438.0,885.0,716.0,495.0,404.0,191.0,217.0,81.0,39.0,6.0,0.0
3505708,17814.0,18611.0,22178.0,21358.0,23238.0,23701.0,21699.0,19313.0,17897.0,15355.0,12097.0,10197.0,7045.0,3714.0,2716.0,1884.0,906.0,672.0,215.0,130.0,8.0
3505807,1428.0,1460.0,1663.0,1752.0,1679.0,1602.0,1522.0,1505.0,1581.0,1485.0,1173.0,1084.0,865.0,557.0,361.0,309.0,225.0,155.0,21.0,19.0,0.0
3505906,3394.0,3713.0,4345.0,4758.0,4807.0,4857.0,4551.0,3856.0,3954.0,3837.0,3333.0,3295.0,2356.0,1736.0,1448.0,914.0,805.0,355.0,122.0,41.0,0.0
3506003,20497.0,22478.0,25919.0,26699.0,29742.0,31314.0,29114.0,25834.0,24564.0,23812.0,21606.0,17167.0,13601.0,10263.0,8184.0,6436.0,4233.0,1564.0,766.0,138.0,6.0
3506102,4410.0,4862.0,5865.0,6122.0,6336.0,6369.0,5983.0,5646.0,5316.0,5032.0,4903.0,3708.0,3209.0,2394.0,1824.0,1413.0,966.0,473.0,146.0,39.0,19.0
3506201,179.0,185.0,226.0,217.0,215.0,246.0,219.0,217.0,206.0,163.0,149.0,118.0,96.0,78.0,79.0,46.0,24.0,7.0,4.0,0.0,0.0
3506300,639.0,691.0,858.0,928.0,849.0,744.0,748.0,736.0,719.0,764.0,618.0,602.0,514.0,407.0,363.0,277.0,196.0,90.0,29.0,4.0,0.0
3506359,4019.0,4231.0,4681.0,3964.0,4356.0,4334.0,4347.0,3898.0,3320.0,2747.0,2089.0,2001.0,1383.0,897.0,621.0,345.0,209.0,103.0,62.0,39.0,0.0
3506409,323.0,398.0,512.0,550.0,568.0,581.0,536.0,548.0,531.0,490.0,464.0,404.0,316.0,275.0,225.0,175.0,69.0,42.0,35.0,6.0,0.0
3506508,6650.0,6634.0,7918.0,8466.0,9014.0,9549.0,9304.0,9011.0,8628.0,7762.0,6785.0,5480.0,4340.0,3312.0,2534.0,1656.0,1082.0,466.0,96.0,41.0,0.0
3506607,2083.0,2374.0,2727.0,2552.0,2504.0,2393.0,2156.0,2121.0,1936.0,1761.0,1414.0,1219.0,1147.0,759.0,719.0,395.0,136.0,122.0,46.0,12.0,0.0
3506706,1031.0,1038.0,1274.0,1223.0,1196.0,1211.0,1113.0,964.0,949.0,890.0,747.0,611.0,489.0,332.0,195.0,217.0,97.0,38.0,17.0,13.0,0.0
3506805,680.0,775.0,882.0,899.0,930.0,982.0,918.0,797.0,774.0,733.0,647.0,485.0,416.0,274.0,255.0,245.0,104.0,52.0,3.0,9.0,0.0
3506904,669.0,762.0,889.0,814.0,708.0,690.0,701.0,653.0,638.0,570.0,564.0,543.0,427.0,418.0,253.0,210.0,65.0,39.0,4.0,0.0,0.0
3507001,3371.0,3519.0,3965.0,4046.0,4628.0,4737.0,4318.0,3775.0,3427.0,3005.0,2563.0,2133.0,1682.0,1131.0,844.0,585.0,298.0,195.0,81.0,10.0,0.0
3507100,1360.0,1579.0,1761.0,1679.0,1714.0,1835.0,1631.0,1560.0,1376.0,1293.0,1085.0,771.0,676.0,498.0,391.0,258.0,144.0,77.0,15.0,5.0,0.0
3507159,308.0,345.0,420.0,396.0,285.0,279.0,276.0,268.0,232.0,185.0,160.0,119.0,111.0,56.0,56.0,30.0,21.0,22.0,3.0,0.0,0.0
3507209,50.0,34.0,64.0,84.0,60.0,82.0,71.0,62.0,53.0,57.0,62.0,30.0,26.0,21.0,11.0,15.0,10.0,10.0,3.0,0.0,0.0
3507308,308.0,298.0,365.0,393.0,378.0,366.0,310.0,313.0,280.0,264.0,236.0,190.0,190.0,123.0,105.0,62.0,65.0,17.0,0.0,3.0,0.0
3507407,870.0,978.0,1052.0,1093.0,1249.0,1225.0,1150.0,1041.0,1024.0,1056.0,941.0,756.0,615.0,486.0,394.0,352.0,158.0,59.0,16.0,10.0,6.0
3507456,168.0,184.0,214.0,218.0,202.0,165.0,176.0,158.0,166.0,154.0,115.0,119.0,70.0,57.0,46.0,40.0,33.0,5.0,2.0,0.0,0.0
3507506,8099.0,8582.0,10087.0,10254.0,10640.0,11504.0,10482.0,9481.0,8981.0,8272.0,7630.0,6380.0,5179.0,3627.0,3093.0,2479.0,1347.0,781.0,368.0,52.0,10.0
3507605,8689.0,9601.0,11907.0,12011.0,12525.0,12938.0,12683.0,11282.0,10269.0,9863.0,8929.0,7257.0,5734.0,4546.0,3239.0,2521.0,1593.0,937.0,167.0,53.0,0.0
3507704,316.0,310.0,381.0,389.0,449.0,439.0,372.0,355.0,334.0,299.0,310.0,253.0,191.0,205.0,167.0,115.0,74.0,45.0,18.0,0.0,0.0
3507753,151.0,190.0,225.0,207.0,204.0,215.0,247.0,199.0,178.0,152.0,127.0,144.0,107.0,86.0,52.0,24.0,48.0,12.0,6.0,0.0,0.0
3507803,1302.0,1539.0,1811.0,1864.0,1814.0,1741.0,1638.0,1554.0,1539.0,1445.0,1226.0,997.0,742.0,655.0,575.0,288.0,197.0,138.0,34.0,7.0,0.0
3507902,1411.0,1520.0,1816.0,1858.0,1812.0,1845.0,1753.0,1594.0,1474.0,1392.0,1214.0,1028.0,827.0,680.0,529.0,362.0,205.0,178.0,82.0,0.0,0.0
3508009,1579.0,1750.0,1912.0,1726.0,1519.0,1466.0,1424.0,1351.0,1138.0,1079.0,951.0,737.0,696.0,382.0,387.0,231.0,160.0,48.0,22.0,0.0,5.0
3508108,986.0,920.0,1120.0,1214.0,1260.0,1248.0,1191.0,1210.0,1141.0,1100.0,1008.0,778.0,660.0,622.0,503.0,178.0,169.0,75.0,27.0,9.0,0.0
3508207,230.0,253.0,289.0,314.0,339.0,361.0,328.0,295.0,278.0,261.0,252.0,210.0,193.0,140.0,135.0,53.0,77.0,36.0,9.0,0.0,0.0
3508306,294.0,344.0,390.0,427.0,339.0,366.0,323.0,331.0,306.0,259.0,236.0,211.0,150.0,149.0,101.0,76.0,36.0,21.0,6.0,0.0,0.0
3508405,3306.0,3494.0,3912.0,3812.0,3961.0,3986.0,3531.0,3275.0,2945.0,2515.0,1741.0,1741.0,1115.0,920.0,430.0,480.0,243.0,136.0,53.0,9.0,0.0
3508504,5855.0,5909.0,6938.0,6961.0,7240.0,7663.0,7188.0,6561.0,5985.0,5676.0,4931.0,4227.0,3037.0,2603.0,1502.0,1190.0,734.0,380.0,155.0,17.0,0.0
3508603,2040.0,2118.0,2405.0,2454.0,2508.0,2616.0,2494.0,2160.0,2017.0,2072.0,1715.0,1687.0,1273.0,849.0,527.0,559.0,403.0,125.0,53.0,17.0,0.0
3508702,1173.0,1456.0,1758.0,1624.0,1431.0,1307.0,1291.0,1191.0,1277.0,1262.0,1111.0,933.0,899.0,561.0,573.0,361.0,175.0,117.0,27.0,12.0,0.0
3508801,1067.0,1049.0,1323.0,1369.0,1356.0,1351.0,1308.0,1201.0,1139.0,1081.0,1106.0,803.0,703.0,565.0,454.0,363.0,177.0,144.0,37.0,4.0,5.0
3508900,227.0,259.0,325.0,353.0,363.0,291.0,257.0,290.0,328.0,305.0,241.0,196.0,183.0,133.0,146.0,90.0,39.0,27.0,15.0,3.0,0.0
3509007,6407.0,6618.0,7896.0,7593.0,7764.0,7751.0,7446.0,6983.0,6756.0,6024.0,4738.0,3787.0,2733.0,1578.0,1051.0,629.0,525.0,178.0,64.0,0.0,8.0
3509106,277.0,364.0,443.0,415.0,404.0,355.0,314.0,396.0,372.0,422.0,329.0,237.0,192.0,189.0,145.0,99.0,37.0,27.0,12.0,9.0,0.0
3509205,5033.0,5160.0,5938.0,5828.0,6318.0,6417.0,5934.0,5217.0,4489.0,3900.0,3194.0,2291.0,1548.0,1152.0,912.0,396.0,258.0,96.0,33.0,0.0,0.0
3509254,2406.0,2569.0,3087.0,2682.0,2243.0,2239.0,2328.0,2023.0,1765.0,1612.0,1248.0,1286.0,852.0,767.0,603.0,363.0,165.0,77.0,20.0,38.0,0.0
3509304,531.0,656.0,703.0,842.0,911.0,890.0,720.0,685.0,676.0,701.0,562.0,499.0,432.0,310.0,288.0,170.0,121.0,62.0,10.0,0.0,0.0
3509403,1627.0,1719.0,2080.0,2162.0,2070.0,1924.0,1786.0,1654.0,1611.0,1483.0,1198.0,1135.0,861.0,668.0,635.0,342.0,280.0,90.0,37.0,9.0,0.0
3509452,381.0,461.0,513.0,469.0,468.0,451.0,405.0,386.0,378.0,366.0,256.0,311.0,222.0,155.0,146.0,96.0,82.0,13.0,8.0,0.0,0.0
3509502,64405.0,65784.0,78581.0,81690.0,96818.0,104061.0,96616.0,84116.0,79310.0,73506.0,67933.0,54026.0,42180.0,30842.0,23643.0,17114.0,11417.0,5506.0,1868.0,641.0,57.0
3509601,5397.0,5448.0,6335.0,6520.0,6690.0,6810.0,6191.0,5787.0,5264.0,4913.0,4235.0,3674.0,2631.0,1499.0,1006.0,764.0,493.0,283.0,123.0,10.0,0.0
3509700,3383.0,3830.0,4340.0,4171.0,4203.0,4106.0,4027.0,3985.0,3462.0,3286.0,2622.0,2202.0,1552.0,927.0,726.0,554.0,237.0,124.0,42.0,9.0,0.0
3509809,331.0,371.0,406.0,370.0,325.0,364.0,339.0,301.0,309.0,310.0,234.0,230.0,211.0,160.0,121.0,59.0,65.0,24.0,9.0,0.0,0.0
3509908,962.0,1030.0,1283.0,1102.0,902.0,884.0,993.0,843.0,720.0,720.0,718.0,565.0,416.0,438.0,247.0,209.0,106.0,56.0,21.0,13.0,0.0
3509957,399.0,378.0,415.0,397.0,398.0,387.0,320.0,296.0,304.0,297.0,225.0,183.0,115.0,111.0,58.0,47.0,21.0,20.0,8.0,6.0,0.0
3510005,1988.0,1926.0,2363.0,2468.0,2624.0,2315.0,2207.0,2110.0,2193.0,2129.0,2042.0,1399.0,1208.0,1026.0,639.0,663.0,306.0,175.0,58.0,26.0,20.0
3510104,134.0,159.0,156.0,193.0,244.0,191.0,177.0,174.0,196.0,217.0,196.0,117.0,173.0,103.0,76.0,69.0,55.0,28.0,7.0,0.0,2.0
3510153,359.0,462.0,453.0,372.0,356.0,394.0,378.0,320.0,246.0,255.0,204.0,164.0,141.0,96.0,84.0,52.0,19.0,14.0,0.0,0.0,0.0
3510203,3395.0,3912.0,4516.0,4245.0,3788.0,3671.0,3699.0,3391.0,3049.0,2772.0,2196.0,2286.0,1834.0,1239.0,803.0,680.0,352.0,279.0,71.0,0.0,0.0
3510302,1202.0,1475.0,1677.0,1594.0,1591.0,1466.0,1460.0,1303.0,1206.0,1055.0,873.0,761.0,650.0,457.0,361.0,184.0,128.0,63.0,26.0,0.0,0.0
3510401,3382.0,3607.0,4019.0,4228.0,4465.0,4353.0,4169.0,3663.0,3521.0,3095.0,2603.0,2244.0,1734.0,1054.0,876.0,731.0,455.0,251.0,53.0,63.0,10.0
3510500,7126.0,7557.0,8861.0,8713.0,8456.0,8410.0,8741.0,7819.0,7113.0,6069.0,5505.0,5090.0,3799.0,2903.0,2115.0,1398.0,763.0,317.0,65.0,10.0,11.0
3510609,27792.0,29194.0,32885.0,31471.0,34516.0,36545.0,33535.0,29744.0,26124.0,22261.0,19934.0,15984.0,11702.0,7429.0,5036.0,2809.0,1561.0,707.0,281.0,43.0,32.0
3510708,720.0,738.0,857.0,903.0,934.0,881.0,838.0,780.0,815.0,834.0,780.0,728.0,583.0,528.0,394.0,223.0,147.0,57.0,50.0,15.0,0.0
3510807,1646.0,1804.0,2147.0,2212.0,2456.0,2695.0,2392.0,1972.0,2001.0,1853.0,1649.0,1512.0,1133.0,927.0,688.0,565.0,336.0,185.0,108.0,26.0,0.0
3510906,148.0,193.0,217.0,244.0,181.0,204.0,163.0,186.0,180.0,198.0,155.0,166.0,109.0,85.0,84.0,60.0,34.0,19.0,8.0,0.0,0.0
3511003,1228.0,1232.0,1542.0,1543.0,1466.0,1332.0,1420.0,1409.0,1283.0,1217.0,1137.0,852.0,731.0,554.0,376.0,297.0,169.0,138.0,68.0,5.0,5.0
3511102,6500.0,6324.0,7803.0,8575.0,9376.0,9855.0,9107.0,8418.0,8538.0,7998.0,7247.0,6171.0,5014.0,3674.0,3158.0,2579.0,1452.0,751.0,222.0,46.0,11.0
3511201,442.0,484.0,510.0,561.0,611.0,664.0,591.0,531.0,555.0,515.0,447.0,334.0,271.0,189.0,137.0,146.0,85.0,35.0,16.0,3.0,0.0
3511300,449.0,486.0,567.0,552.0,628.0,622.0,667.0,597.0,595.0,520.0,510.0,397.0,337.0,351.0,263.0,271.0,83.0,49.0,16.0,12.0,0.0
3511409,1243.0,1361.0,1466.0,1597.0,1494.0,1343.0,1318.0,1271.0,1165.0,1125.0,1053.0,805.0,732.0,498.0,455.0,304.0,179.0,82.0,28.0,12.0,0.0
3511508,2523.0,2565.0,3187.0,3085.0,3659.0,3653.0,3525.0,3063.0,2869.0,2652.0,2198.0,2128.0,1544.0,981.0,742.0,509.0,457.0,180.0,85.0,13.0,0.0
3511607,1035.0,1052.0,1274.0,1246.0,1486.0,1489.0,1381.0,1213.0,1026.0,942.0,870.0,644.0,617.0,474.0,404.0,167.0,90.0,86.0,38.0,5.0,0.0
3511706,1028.0,1085.0,1270.0,1356.0,1448.0,1374.0,1220.0,1167.0,960.0,948.0,837.0,663.0,577.0,385.0,354.0,243.0,91.0,75.0,5.0,0.0,0.0
3511904,542.0,510.0,499.0,627.0,829.0,725.0,552.0,469.0,456.0,431.0,386.0,269.0,202.0,175.0,133.0,120.0,82.0,42.0,17.0,0.0,0.0
3512001,1093.0,1170.0,1389.0,1459.0,1597.0,1506.0,1318.0,1243.0,1245.0,1231.0,1045.0,817.0,680.0,563.0,452.0,249.0,168.0,87.0,48.0,5.0,4.0
3512100,388.0,429.0,521.0,563.0,539.0,531.0,513.0,457.0,400.0,394.0,325.0,278.0,226.0,190.0,117.0,58.0,28.0,21.0,15.0,0.0,0.0
3512209,1733.0,1964.0,2296.0,2380.0,2536.0,2364.0,2030.0,1742.0,1715.0,1506.0,1407.0,933.0,918.0,543.0,530.0,289.0,237.0,82.0,23.0,0.0,0.0
3512308,1153.0,1197.0,1336.0,1267.0,1305.0,1261.0,1202.0,1086.0,1126.0,1115.0,1000.0,834.0,655.0,596.0,422.0,320.0,255.0,102.0,42.0,15.0,0.0
3512407,1490.0,1511.0,1703.0,1714.0,1947.0,1943.0,1849.0,1656.0,1490.0,1327.0,1067.0,1074.0,815.0,479.0,385.0,321.0,215.0,95.0,0.0,0.0,0.0
3512506,369.0,322.0,408.0,441.0,437.0,432.0,433.0,419.0,361.0,353.0,336.0,274.0,201.0,152.0,111.0,88.0,63.0,24.0,11.0,0.0,3.0
3512605,339.0,375.0,484.0,419.0,387.0,339.0,332.0,355.0,328.0,375.0,319.0,273.0,231.0,140.0,131.0,96.0,52.0,20.0,2.0,0.0,3.0
3512704,219.0,297.0,359.0,317.0,337.0,319.0,299.0,292.0,263.0,249.0,228.0,169.0,174.0,109.0,107.0,57.0,54.0,20.0,5.0,0.0,0.0
3512803,4294.0,4460.0,4819.0,4947.0,5486.0,5671.0,5259.0,4605.0,4325.0,3904.0,3195.0,2379.0,1820.0,1382.0,998.0,543.0,430.0,195.0,87.0,29.0,0.0
3512902,339.0,411.0,509.0,481.0,530.0,598.0,494.0,477.0,526.0,505.0,492.0,458.0,409.0,316.0,335.0,172.0,92.0,54.0,12.0,0.0,3.0
3513009,15072.0,15999.0,18380.0,16976.0,17316.0,18876.0,18253.0,16354.0,14959.0,13074.0,10927.0,8790.0,6057.0,3827.0,2542.0,1924.0,1089.0,458.0,234.0,37.0,7.0
3513108,2020.0,2281.0,2704.0,2733.0,2861.0,2876.0,2593.0,2367.0,2232.0,2042.0,1973.0,1373.0,1123.0,863.0,584.0,470.0,435.0,147.0,0.0,14.0,0.0
3513207,488.0,575.0,638.0,683.0,669.0,672.0,597.0,530.0,484.0,519.0,480.0,386.0,260.0,215.0,137.0,113.0,85.0,32.0,16.0,9.0,0.0
3513306,124.0,124.0,178.0,179.0,187.0,152.0,163.0,147.0,195.0,205.0,144.0,147.0,79.0,83.0,61.0,62.0,32.0,7.0,6.0,0.0,0.0
3513405,5046.0,5300.0,6279.0,6397.0,6405.0,6598.0,6323.0,5467.0,5363.0,5413.0,5036.0,3819.0,3156.0,2178.0,1885.0,1178.0,668.0,379.0,118.0,32.0,0.0
3513504,8735.0,9492.0,10327.0,10256.0,11097.0,11490.0,10460.0,9157.0,8946.0,7884.0,6559.0,4853.0,3354.0,2322.0,1626.0,1092.0,628.0,311.0,90.0,31.0,10.0
3513603,1211.0,1656.0,2005.0,2050.0,1629.0,1614.0,1595.0,1602.0,1651.0,1471.0,1201.0,1112.0,870.0,892.0,661.0,366.0,169.0,49.0,47.0,16.0,0.0
3513702,1798.0,1903.0,2358.0,2488.0,2728.0,2776.0,2449.0,2353.0,2172.0,2152.0,1859.0,1665.0,1302.0,964.0,651.0,689.0,434.0,216.0,76.0,14.0,10.0
3513801,28075.0,29424.0,33551.0,32594.0,37092.0,38336.0,35207.0,31685.0,29089.0,24581.0,20370.0,16479.0,11495.0,7077.0,4792.0,3274.0,1817.0,795.0,252.0,93.0,12.0
3513850,96.0,91.0,104.0,136.0,135.0,109.0,119.0,124.0,125.0,127.0,103.0,92.0,89.0,94.0,71.0,34.0,16.0,14.0,6.0,4.0,0.0
3513900,550.0,621.0,820.0,975.0,901.0,885.0,830.0,832.0,824.0,783.0,795.0,656.0,522.0,404.0,304.0,262.0,171.0,68.0,5.0,0.0,0.0
3514007,652.0,641.0,714.0,718.0,838.0,838.0,700.0,544.0,502.0,448.0,370.0,272.0,258.0,151.0,122.0,60.0,59.0,52.0,0.0,0.0,0.0
3514106,1773.0,1733.0,1952.0,2068.0,2194.0,2239.0,2006.0,1758.0,1629.0,1533.0,1315.0,1156.0,1093.0,589.0,715.0,522.0,299.0,118.0,69.0,0.0,0.0
3514205,101.0,137.0,145.0,165.0,150.0,115.0,175.0,148.0,136.0,166.0,139.0,139.0,110.0,91.0,74.0,63.0,26.0,12.0,2.0,3.0,0.0
3514304,465.0,532.0,603.0,710.0,721.0,699.0,649.0,624.0,595.0,606.0,616.0,411.0,440.0,252.0,267.0,184.0,141.0,74.0,21.0,0.0,0.0
3514403,2169.0,2390.0,2892.0,3190.0,3425.0,3612.0,3388.0,3256.0,3188.0,3163.0,2959.0,2440.0,1978.0,1659.0,1553.0,986.0,560.0,280.0,135.0,27.0,7.0
3514502,665.0,783.0,858.0,1012.0,955.0,946.0,913.0,862.0,882.0,834.0,848.0,636.0,571.0,445.0,355.0,328.0,183.0,121.0,44.0,11.0,0.0
3514601,508.0,604.0,674.0,693.0,843.0,819.0,674.0,576.0,558.0,516.0,449.0,398.0,240.0,195.0,169.0,108.0,72.0,18.0,19.0,11.0,0.0
3514700,435.0,409.0,550.0,560.0,506.0,478.0,431.0,422.0,431.0,455.0,346.0,333.0,303.0,190.0,142.0,156.0,88.0,37.0,34.0,12.0,0.0
3514809,1149.0,1407.0,1775.0,1437.0,1067.0,1051.0,1021.0,934.0,887.0,802.0,688.0,584.0,589.0,394.0,351.0,248.0,143.0,81.0,18.0,9.0,6.0
3514908,1058.0,1204.0,1431.0,1341.0,1536.0,1467.0,1321.0,1208.0,1141.0,929.0,849.0,662.0,512.0,390.0,329.0,224.0,117.0,21.0,26.0,9.0,0.0
3514924,182.0,165.0,228.0,242.0,285.0,290.0,283.0,256.0,206.0,180.0,180.0,167.0,130.0,93.0,88.0,77.0,44.0,20.0,4.0,0.0,0.0
3514957,132.0,160.0,161.0,177.0,211.0,224.0,187.0,164.0,193.0,172.0,145.0,132.0,100.0,90.0,74.0,49.0,33.0,18.0,0.0,0.0,0.0
3515004,18826.0,19789.0,23212.0,21728.0,22380.0,23463.0,22455.0,19547.0,17144.0,13777.0,11957.0,9620.0,6983.0,4126.0,2508.0,1274.0,967.0,300.0,128.0,30.0,15.0
3515103,4462.0,5228.0,6242.0,5560.0,5500.0,5402.0,5275.0,4747.0,4274.0,3829.0,3455.0,2648.0,2088.0,1546.0,1108.0,755.0,371.0,189.0,85.0,0.0,4.0
3515129,171.0,190.0,213.0,250.0,246.0,209.0,222.0,231.0,226.0,229.0,173.0,158.0,142.0,134.0,121.0,62.0,33.0,7.0,0.0,3.0,0.0
3515152,1268.0,1305.0,1428.0,1400.0,1786.0,1810.0,1399.0,1099.0,1031.0,892.0,606.0,493.0,391.0,292.0,203.0,177.0,112.0,8.0,11.0,11.0,0.0
3515186,2287.0,2600.0,3282.0,3327.0,3526.0,3405.0,3238.0,3176.0,3174.0,2919.0,2718.0,2171.0,1761.0,1400.0,1083.0,863.0,581.0,257.0,124.0,8.0,8.0
3515194,340.0,364.0,380.0,394.0,405.0,368.0,334.0,287.0,274.0,289.0,210.0,203.0,127.0,116.0,64.0,39.0,28.0,12.0,10.0,0.0,0.0
3515202,440.0,500.0,571.0,590.0,681.0,684.0,653.0,616.0,587.0,600.0,559.0,429.0,395.0,282.0,244.0,173.0,140.0,46.0,17.0,0.0,0.0
3515301,197.0,182.0,227.0,265.0,235.0,191.0,184.0,188.0,211.0,206.0,152.0,100.0,97.0,76.0,56.0,46.0,30.0,12.0,1.0,2.0,0.0
3515350,670.0,786.0,964.0,920.0,776.0,692.0,718.0,729.0,705.0,600.0,445.0,445.0,285.0,334.0,243.0,161.0,70.0,19.0,15.0,8.0,0.0
3515400,1008.0,1036.0,1272.0,1286.0,1242.0,1212.0,1109.0,1045.0,1074.0,1038.0,1013.0,765.0,720.0,513.0,376.0,299.0,187.0,78.0,30.0,15.0,3.0
3515509,3261.0,3782.0,4535.0,4944.0,5195.0,5217.0,4973.0,4750.0,4875.0,4709.0,4511.0,3553.0,3018.0,2425.0,1988.0,1437.0,809.0,483.0,212.0,18.0,0.0
3515608,299.0,308.0,358.0,392.0,441.0,422.0,408.0,400.0,415.0,367.0,320.0,328.0,324.0,222.0,233.0,168.0,79.0,36.0,3.0,11.0,0.0
3515657,91.0,115.0,126.0,118.0,123.0,123.0,129.0,115.0,101.0,88.0,83.0,89.0,96.0,52.0,43.0,30.0,32.0,7.0,2.0,0.0,0.0
3515707,12985.0,13990.0,16895.0,15988.0,15947.0,15506.0,14140.0,13177.0,12221.0,10348.0,8810.0,6554.0,4376.0,3112.0,2004.0,1145.0,647.0,232.0,159.0,70.0,0.0
3515806,78.0,93.0,153.0,153.0,121.0,110.0,92.0,110.0,151.0,138.0,110.0,83.0,84.0,89.0,65.0,70.0,32.0,11.0,4.0,3.0,3.0
3515905,96.0,164.0,179.0,231.0,212.0,206.0,186.0,203.0,234.0,237.0,201.0,218.0,182.0,137.0,118.0,110.0,57.0,19.0,9.0,3.0,0.0
3516002,763.0,791.0,952.0,954.0,1221.0,1337.0,1150.0,958.0,892.0,811.0,742.0,500.0,531.0,411.0,282.0,291.0,172.0,42.0,39.0,5.0,4.0
3516101,164.0,200.0,223.0,237.0,206.0,211.0,203.0,191.0,215.0,191.0,166.0,175.0,169.0,87.0,80.0,44.0,41.0,11.0,9.0,3.0,2.0
3516200,21124.0,23098.0,26479.0,27294.0,28617.0,27131.0,25220.0,23766.0,23369.0,22012.0,18492.0,15817.0,12452.0,8253.0,6644.0,4148.0,2757.0,1380.0,412.0,122.0,51.0
3516309,12937.0,13697.0,16719.0,14904.0,14970.0,14499.0,12830.0,11077.0,10103.0,8669.0,8026.0,6116.0,4023.0,2437.0,1333.0,1297.0,478.0,236.0,82.0,28.0,9.0
3516408,9555.0,10213.0,11872.0,11519.0,13269.0,13765.0,12357.0,10271.0,8852.0,7478.0,6770.0,5659.0,4142.0,2276.0,1594.0,991.0,596.0,341.0,64.0,9.0,12.0
3516507,149.0,147.0,169.0,188.0,203.0,217.0,173.0,210.0,238.0,203.0,218.0,126.0,136.0,113.0,112.0,66.0,25.0,8.0,4.0,4.0,0.0
3516606,422.0,429.0,546.0,567.0,533.0,555.0,541.0,522.0,456.0,420.0,519.0,368.0,367.0,247.0,201.0,155.0,102.0,58.0,3.0,0.0,0.0
3516705,2638.0,2834.0,3380.0,3480.0,3611.0,3431.0,3530.0,3044.0,3031.0,2819.0,2732.0,2310.0,1965.0,1267.0,1162.0,774.0,658.0,283.0,114.0,38.0,14.0
3516804,292.0,260.0,266.0,272.0,547.0,498.0,333.0,254.0,265.0,241.0,208.0,203.0,175.0,152.0,98.0,76.0,48.0,6.0,0.0,0.0,0.0
3516853,317.0,339.0,361.0,407.0,441.0,408.0,349.0,343.0,325.0,276.0,185.0,207.0,162.0,75.0,78.0,63.0,49.0,26.0,4.0,3.0,0.0
3516903,581.0,609.0,740.0,836.0,916.0,822.0,771.0,751.0,821.0,827.0,712.0,617.0,565.0,328.0,313.0,233.0,127.0,60.0,36.0,4.0,0.0
3517000,601.0,705.0,817.0,830.0,947.0,1106.0,1056.0,814.0,685.0,648.0,625.0,472.0,385.0,380.0,296.0,207.0,109.0,50.0,21.0,6.0,5.0
3517109,294.0,317.0,389.0,387.0,329.0,363.0,347.0,352.0,318.0,292.0,283.0,246.0,193.0,158.0,122.0,87.0,32.0,30.0,20.0,6.0,0.0
3517208,763.0,774.0,928.0,905.0,983.0,918.0,838.0,789.0,771.0,697.0,584.0,503.0,345.0,316.0,229.0,136.0,102.0,58.0,31.0,0.0,0.0
3517307,389.0,402.0,479.0,475.0,451.0,458.0,393.0,370.0,372.0,332.0,290.0,258.0,237.0,182.0,138.0,91.0,58.0,33.0,14.0,3.0,0.0
3517406,2390.0,2536.0,2950.0,2871.0,3165.0,3375.0,3192.0,2907.0,2790.0,2536.0,2324.0,1832.0,1569.0,1086.0,866.0,531.0,338.0,56.0,68.0,21.0,0.0
3517505,1056.0,1102.0,1300.0,1365.0,1665.0,1553.0,1523.0,1430.0,1413.0,1240.0,1109.0,834.0,690.0,587.0,447.0,255.0,183.0,89.0,23.0,5.0,0.0
3517604,1273.0,1559.0,1885.0,1742.0,1335.0,1264.0,1276.0,1266.0,1244.0,1175.0,780.0,952.0,644.0,580.0,483.0,303.0,151.0,73.0,11.0,0.0,0.0
3517703,1563.0,1700.0,1738.0,1714.0,1679.0,1774.0,1675.0,1413.0,1283.0,1194.0,1074.0,903.0,720.0,543.0,397.0,276.0,138.0,56.0,18.0,0.0,0.0
3517802,439.0,516.0,628.0,595.0,659.0,606.0,613.0,644.0,624.0,647.0,587.0,429.0,425.0,312.0,311.0,200.0,124.0,43.0,30.0,0.0,4.0
3517901,769.0,704.0,784.0,877.0,941.0,909.0,777.0,685.0,709.0,597.0,563.0,426.0,386.0,317.0,243.0,145.0,83.0,48.0,8.0,0.0,4.0
3518008,125.0,127.0,144.0,145.0,158.0,142.0,140.0,124.0,152.0,142.0,132.0,102.0,85.0,71.0,82.0,46.0,36.0,11.0,4.0,0.0,2.0
3518107,467.0,515.0,592.0,561.0,562.0,558.0,495.0,444.0,407.0,353.0,412.0,282.0,227.0,211.0,149.0,67.0,71.0,28.0,3.0,0.0,0.0
3518206,1823.0,1901.0,2266.0,2383.0,2595.0,2521.0,2339.0,2247.0,2287.0,2309.0,1984.0,1470.0,1346.0,1000.0,1001.0,651.0,259.0,161.0,34.0,20.0,0.0
3518305,1671.0,1976.0,2372.0,2276.0,2168.0,2259.0,2114.0,1894.0,1845.0,1647.0,1371.0,1274.0,1059.0,653.0,450.0,411.0,179.0,171.0,26.0,19.0,9.0
3518404,6527.0,7299.0,8727.0,9288.0,9408.0,9395.0,8906.0,8503.0,8233.0,8170.0,6959.0,6097.0,4623.0,3515.0,2876.0,1642.0,1131.0,557.0,176.0,32.0,9.0
3518503,740.0,883.0,1080.0,1118.0,1542.0,1781.0,1657.0,1222.0,1008.0,811.0,646.0,641.0,424.0,345.0,315.0,157.0,107.0,60.0,28.0,0.0,0.0
3518602,2616.0,2683.0,3013.0,3170.0,3556.0,3628.0,2962.0,2581.0,2479.0,2244.0,1791.0,1454.0,1103.0,642.0,589.0,511.0,262.0,183.0,18.0,0.0,0.0
3518701,21601.0,22828.0,26576.0,25462.0,25407.0,25679.0,24639.0,22927.0,21417.0,18943.0,16171.0,12510.0,8807.0,6894.0,4621.0,3185.0,1869.0,886.0,233.0,98.0,0.0
3518800,90496.0,97253.0,111562.0,103868.0,111052.0,114544.0,108856.0,98968.0,91261.0,77470.0,66345.0,50508.0,36925.0,24466.0,16811.0,11291.0,6473.0,2648.0,819.0,345.0,19.0
3518859,496.0,564.0,613.0,635.0,575.0,605.0,535.0,494.0,414.0,418.0,457.0,344.0,283.0,173.0,105.0,101.0,109.0,35.0,5.0,3.0,0.0
3518909,320.0,351.0,394.0,402.0,396.0,397.0,375.0,335.0,310.0,297.0,302.0,263.0,194.0,141.0,121.0,65.0,54.0,27.0,10.0,0.0,0.0
3519006,575.0,673.0,717.0,733.0,706.0,722.0,701.0,631.0,621.0,560.0,509.0,381.0,343.0,264.0,190.0,198.0,111.0,49.0,13.0,0.0,0.0
3519055,743.0,852.0,930.0,934.0,984.0,1023.0,1040.0,966.0,881.0,745.0,619.0,575.0,373.0,233.0,188.0,126.0,47.0,13.0,29.0,0.0,0.0
3519071,13524.0,14489.0,17256.0,17358.0,19065.0,18670.0,17335.0,15588.0,14314.0,12402.0,10283.0,7822.0,5110.0,3650.0,2424.0,1670.0,1170.0,377.0,120.0,66.0,0.0
3519105,617.0,655.0,783.0,811.0,863.0,870.0,868.0,763.0,679.0,646.0,576.0,507.0,408.0,318.0,254.0,166.0,161.0,36.0,15.0,11.0,6.0
3519204,395.0,421.0,469.0,504.0,533.0,490.0,448.0,459.0,486.0,466.0,371.0,358.0,302.0,227.0,192.0,154.0,53.0,76.0,9.0,6.0,0.0
3519253,402.0,410.0,475.0,677.0,483.0,561.0,582.0,557.0,495.0,461.0,392.0,321.0,213.0,145.0,123.0,51.0,7.0,9.0,4.0,8.0,0.0
3519303,2319.0,2354.0,2723.0,2736.0,3165.0,3024.0,2664.0,2256.0,2100.0,1968.0,1443.0,1302.0,927.0,586.0,482.0,396.0,179.0,86.0,11.0,14.0,0.0
3519402,652.0,641.0,750.0,841.0,1012.0,987.0,852.0,711.0,744.0,708.0,665.0,579.0,468.0,406.0,307.0,273.0,192.0,66.0,38.0,0.0,4.0
3519501,459.0,506.0,585.0,597.0,519.0,515.0,499.0,457.0,552.0,450.0,316.0,334.0,311.0,196.0,183.0,125.0,39.0,70.0,9.0,3.0,0.0
3519600,3147.0,3348.0,3911.0,4310.0,4947.0,4853.0,4419.0,4058.0,3853.0,3750.0,3006.0,2722.0,2057.0,1604.0,1315.0,838.0,608.0,290.0,83.0,31.0,9.0
3519709,4996.0,5818.0,6840.0,6262.0,5979.0,6156.0,5671.0,5280.0,4778.0,4507.0,3533.0,3418.0,2497.0,2205.0,1401.0,952.0,614.0,221.0,58.0,21.0,9.0
3519808,503.0,533.0,593.0,606.0,745.0,714.0,618.0,529.0,509.0,465.0,423.0,353.0,247.0,229.0,159.0,92.0,89.0,40.0,16.0,0.0,0.0
3519907,497.0,501.0,615.0,651.0,588.0,576.0,555.0,523.0,556.0,538.0,458.0,396.0,324.0,274.0,206.0,171.0,118.0,62.0,15.0,5.0,0.0
3520004,1554.0,1718.0,1909.0,2008.0,2176.0,2093.0,1921.0,1737.0,1824.0,1732.0,1287.0,967.0,771.0,660.0,421.0,293.0,210.0,60.0,19.0,0.0,0.0
3520103,1850.0,1902.0,2074.0,2244.0,2608.0,2593.0,2290.0,1961.0,1909.0,1886.0,1623.0,1306.0,984.0,954.0,668.0,467.0,310.0,152.0,114.0,39.0,18.0
3520202,616.0,700.0,807.0,746.0,698.0,700.0,683.0,645.0,632.0,550.0,518.0,474.0,388.0,247.0,193.0,113.0,82.0,19.0,21.0,0.0,0.0
3520301,1977.0,2486.0,2704.0,2407.0,1837.0,1977.0,2074.0,2063.0,1932.0,1897.0,1602.0,1544.0,1256.0,1107.0,963.0,586.0,260.0,128.0,41.0,0.0,0.0
3520400,2251.0,2286.0,2429.0,2508.0,2617.0,2937.0,2860.0,1958.0,2079.0,1639.0,1409.0,1091.0,788.0,524.0,300.0,252.0,149.0,69.0,40.0,10.0,0.0
3520426,570.0,680.0,836.0,674.0,505.0,565.0,577.0,549.0,598.0,660.0,661.0,656.0,583.0,369.0,293.0,154.0,66.0,20.0,9.0,0.0,0.0
3520442,1275.0,1405.0,1871.0,2108.0,2039.0,1735.0,1847.0,2054.0,2020.0,1843.0,1634.0,1529.0,1321.0,853.0,686.0,413.0,244.0,138.0,40.0,8.0,0.0
3520509,12721.0,13777.0,15770.0,16524.0,18530.0,19309.0,18044.0,15930.0,15114.0,13828.0,11683.0,9342.0,7161.0,4761.0,3723.0,2662.0,1628.0,802.0,269.0,42.0,0.0
3520608,279.0,286.0,370.0,404.0,431.0,377.0,390.0,358.0,362.0,328.0,282.0,247.0,216.0,174.0,145.0,90.0,52.0,22.0,3.0,9.0,0.0
3520707,174.0,226.0,248.0,288.0,300.0,295.0,280.0,258.0,272.0,266.0,324.0,222.0,229.0,179.0,128.0,75.0,74.0,32.0,19.0,11.0,4.0
3520806,203.0,231.0,302.0,277.0,315.0,286.0,285.0,265.0,255.0,259.0,239.0,165.0,149.0,118.0,109.0,93.0,39.0,30.0,1.0,8.0,0.0
3520905,968.0,968.0,1136.0,1124.0,1202.0,1066.0,968.0,1028.0,1008.0,884.0,684.0,635.0,502.0,542.0,324.0,317.0,194.0,83.0,23.0,6.0,0.0
3521002,2143.0,2213.0,2540.0,2406.0,2849.0,2959.0,2558.0,2096.0,1817.0,1740.0,1460.0,1208.0,877.0,504.0,377.0,281.0,171.0,73.0,27.0,0.0,0.0
3521101,445.0,488.0,523.0,558.0,549.0,544.0,516.0,457.0,393.0,335.0,273.0,286.0,178.0,159.0,178.0,53.0,51.0,24.0,0.0,6.0,0.0
3521150,269.0,284.0,343.0,350.0,365.0,335.0,361.0,325.0,325.0,303.0,265.0,264.0,185.0,192.0,120.0,88.0,56.0,19.0,14.0,0.0,0.0
3521200,334.0,377.0,494.0,438.0,326.0,328.0,331.0,285.0,240.0,233.0,236.0,165.0,105.0,145.0,69.0,106.0,40.0,32.0,9.0,4.0,0.0
3521309,941.0,1177.0,1181.0,1181.0,1379.0,1390.0,1259.0,1082.0,930.0,879.0,726.0,588.0,498.0,292.0,294.0,211.0,83.0,44.0,14.0,0.0,0.0
3521408,1339.0,1376.0,1533.0,1572.0,1921.0,2030.0,1694.0,1584.0,1458.0,1391.0,1175.0,916.0,607.0,526.0,391.0,260.0,180.0,58.0,18.0,0.0,0.0
3521507,514.0,464.0,542.0,565.0,732.0,680.0,585.0,491.0,464.0,462.0,469.0,371.0,338.0,184.0,129.0,122.0,77.0,63.0,20.0,4.0,0.0
3521606,341.0,367.0,491.0,615.0,788.0,852.0,696.0,541.0,499.0,503.0,425.0,401.0,348.0,290.0,282.0,201.0,123.0,20.0,6.0,0.0,0.0
3521705,1261.0,1347.0,1777.0,1630.0,1380.0,1420.0,1217.0,1257.0,1313.0,1185.0,963.0,954.0,697.0,542.0,414.0,247.0,161.0,88.0,5.0,0.0,0.0
3521804,1686.0,1792.0,2059.0,1915.0,2010.0,2157.0,2116.0,1896.0,1750.0,1649.0,1285.0,1209.0,641.0,743.0,510.0,281.0,209.0,91.0,10.0,0.0,0.0
3521903,701.0,815.0,978.0,1079.0,1204.0,1139.0,1133.0,1040.0,1080.0,1038.0,975.0,851.0,722.0,593.0,517.0,329.0,240.0,84.0,28.0,10.0,0.0
3522000,198.0,238.0,280.0,258.0,307.0,298.0,224.0,220.0,192.0,197.0,175.0,197.0,114.0,130.0,87.0,41.0,63.0,17.0,10.0,0.0,0.0
3522109,6503.0,6961.0,8016.0,7117.0,6204.0,6302.0,6370.0,5942.0,5465.0,5297.0,5090.0,5100.0,4302.0,3241.0,2247.0,1545.0,819.0,372.0,135.0,14.0,16.0
3522158,185.0,255.0,396.0,289.0,182.0,195.0,218.0,235.0,202.0,195.0,188.0,171.0,159.0,90.0,94.0,84.0,43.0,39.0,9.0,0.0,0.0
3522208,11722.0,12546.0,14834.0,13775.0,14480.0,14888.0,13496.0,12532.0,11036.0,8912.0,7689.0,5889.0,3995.0,2803.0,1708.0,1274.0,658.0,219.0,88.0,46.0,23.0
3522307,10141.0,11207.0,12671.0,12521.0,12979.0,13162.0,11959.0,10376.0,9428.0,9097.0,8323.0,6581.0,5175.0,3695.0,2778.0,2005.0,1383.0,569.0,229.0,98.0,0.0
3522406,6425.0,7376.0,8674.0,8222.0,7422.0,7338.0,7049.0,6254.0,5948.0,5647.0,4590.0,3663.0,2862.0,2300.0,1727.0,1262.0,617.0,273.0,72.0,33.0,0.0
3522505,17033.0,17956.0,20657.0,19077.0,18859.0,19173.0,17694.0,15713.0,13968.0,11377.0,9770.0,7072.0,5317.0,2958.0,1764.0,1163.0,834.0,223.0,131.0,31.0,0.0
3522604,3508.0,4033.0,5087.0,5571.0,5795.0,5901.0,5370.0,5057.0,5123.0,4858.0,4588.0,3799.0,2982.0,2239.0,1592.0,1463.0,912.0,487.0,143.0,30.0,0.0
3522653,325.0,417.0,451.0,382.0,301.0,295.0,294.0,266.0,227.0,177.0,191.0,122.0,180.0,75.0,80.0,61.0,16.0,20.0,0.0,0.0,0.0
3522703,2196.0,2534.0,2903.0,3197.0,3461.0,3427.0,3123.0,3030.0,2962.0,2839.0,2375.0,2059.0,1926.0,1184.0,968.0,1056.0,509.0,239.0,33.0,22.0,8.0
3522802,1045.0,1149.0,1270.0,1171.0,1075.0,1175.0,1059.0,939.0,936.0,957.0,992.0,733.0,631.0,481.0,363.0,293.0,186.0,65.0,22.0,6.0,0.0
3522901,895.0,882.0,976.0,1021.0,1094.0,1082.0,951.0,864.0,814.0,791.0,726.0,615.0,449.0,298.0,281.0,193.0,162.0,53.0,15.0,10.0,0.0
3523008,285.0,320.0,371.0,396.0,354.0,337.0,346.0,323.0,296.0,297.0,243.0,226.0,179.0,139.0,95.0,82.0,38.0,26.0,0.0,3.0,0.0
3523107,26466.0,29209.0,33718.0,31135.0,30345.0,29403.0,27440.0,24782.0,22654.0,18886.0,16173.0,11715.0,7766.0,5127.0,3364.0,2023.0,1045.0,332.0,125.0,20.0,41.0
3523206,3382.0,3861.0,4644.0,4534.0,3985.0,3846.0,3596.0,3496.0,3192.0,2977.0,2560.0,2288.0,1792.0,1255.0,1032.0,780.0,480.0,179.0,40.0,16.0,0.0
3523305,1353.0,1438.0,1698.0,1533.0,1162.0,1206.0,1161.0,1055.0,942.0,804.0,721.0,617.0,539.0,471.0,324.0,206.0,197.0,26.0,5.0,15.0,0.0
3523404,6263.0,6884.0,7906.0,7943.0,9353.0,9626.0,8837.0,7890.0,7519.0,7002.0,5774.0,5200.0,3632.0,2694.0,2025.0,1407.0,953.0,422.0,74.0,59.0,10.0
3523503,1479.0,1514.0,1694.0,1692.0,1720.0,1614.0,1441.0,1300.0,1199.0,1087.0,853.0,751.0,527.0,403.0,368.0,213.0,90.0,47.0,53.0,5.0,0.0
3523602,915.0,950.0,1019.0,1400.0,1916.0,1793.0,1483.0,1207.0,1042.0,911.0,731.0,592.0,347.0,477.0,272.0,224.0,131.0,87.0,27.0,0.0,0.0
3523701,431.0,491.0,559.0,548.0,486.0,451.0,458.0,421.0,361.0,356.0,297.0,301.0,235.0,177.0,136.0,118.0,55.0,21.0,3.0,9.0,0.0
3523800,473.0,523.0,598.0,649.0,718.0,657.0,616.0,479.0,495.0,519.0,453.0,401.0,255.0,269.0,196.0,136.0,71.0,19.0,15.0,6.0,0.0
3523909,10125.0,10797.0,12774.0,12929.0,13725.0,14233.0,13372.0,12125.0,11238.0,10384.0,8868.0,7080.0,5310.0,3851.0,2972.0,2198.0,1398.0,527.0,181.0,54.0,7.0
3524006,3414.0,3491.0,3819.0,3722.0,4315.0,4595.0,4268.0,3611.0,3245.0,2770.0,2318.0,1758.0,1263.0,821.0,652.0,335.0,293.0,105.0,53.0,11.0,0.0
3524105,2296.0,2533.0,3074.0,3080.0,3180.0,3414.0,3138.0,2702.0,2611.0,2616.0,2502.0,2043.0,1605.0,1421.0,978.0,852.0,437.0,152.0,48.0,14.0,0.0
3524204,417.0,452.0,485.0,561.0,654.0,599.0,490.0,466.0,476.0,430.0,374.0,298.0,285.0,181.0,181.0,121.0,80.0,21.0,21.0,0.0,0.0
3524303,4228.0,4721.0,5316.0,5757.0,6302.0,6289.0,5962.0,5211.0,5036.0,4819.0,4614.0,3708.0,2973.0,2261.0,1788.0,1067.0,738.0,584.0,202.0,58.0,27.0
3524402,14311.0,15096.0,17561.0,17069.0,17507.0,18318.0,18105.0,16626.0,15712.0,14415.0,12497.0,10873.0,8208.0,5601.0,4087.0,2499.0,1563.0,857.0,247.0,32.0,30.0
3524501,350.0,374.0,452.0,451.0,516.0,555.0,512.0,440.0,426.0,405.0,308.0,268.0,209.0,120.0,126.0,84.0,39.0,19.0,2.0,0.0,0.0
3524600,1356.0,1471.0,1740.0,1605.0,1288.0,1310.0,1340.0,1166.0,1151.0,1076.0,794.0,896.0,669.0,457.0,341.0,283.0,144.0,53.0,64.0,5.0,0.0
3524709,2912.0,2976.0,3519.0,3552.0,4141.0,4358.0,4032.0,3645.0,3200.0,2854.0,2434.0,1971.0,1442.0,1228.0,778.0,703.0,337.0,180.0,27.0,21.0,0.0
3524808,2378.0,2621.0,3278.0,3507.0,3667.0,3795.0,3694.0,3489.0,3606.0,3557.0,3136.0,2679.0,2192.0,1892.0,1515.0,1099.0,534.0,247.0,111.0,8.0,7.0
3524907,389.0,414.0,461.0,462.0,448.0,470.0,433.0,382.0,361.0,363.0,306.0,258.0,203.0,148.0,92.0,73.0,50.0,20.0,8.0,6.0,2.0
3525003,8376.0,8715.0,10125.0,9693.0,10590.0,10968.0,9843.0,8603.0,8037.0,6730.0,5405.0,4507.0,2866.0,1601.0,998.0,691.0,383.0,153.0,54.0,0.0,5.0
3525102,2770.0,2865.0,3266.0,3242.0,3352.0,3230.0,2987.0,2651.0,2639.0,2386.0,2108.0,1883.0,1446.0,984.0,713.0,498.0,365.0,196.0,65.0,15.0,0.0
3525201,1681.0,1836.0,2070.0,2124.0,2004.0,2182.0,1997.0,1889.0,1638.0,1439.0,1162.0,1222.0,860.0,631.0,470.0,314.0,221.0,57.0,40.0,10.0,0.0
3525300,8358.0,8622.0,9713.0,10057.0,11188.0,11871.0,11173.0,9895.0,9277.0,9086.0,8224.0,6904.0,5176.0,3613.0,2897.0,2460.0,1530.0,714.0,222.0,47.0,13.0
3525409,242.0,265.0,292.0,280.0,289.0,253.0,251.0,270.0,217.0,161.0,134.0,157.0,120.0,64.0,83.0,39.0,26.0,13.0,3.0,0.0,0.0
3525508,769.0,783.0,823.0,993.0,1010.0,986.0,876.0,864.0,807.0,795.0,755.0,633.0,505.0,411.0,341.0,223.0,131.0,32.0,31.0,0.0,0.0
3525607,306.0,306.0,363.0,389.0,390.0,327.0,350.0,296.0,309.0,286.0,224.0,154.0,126.0,107.0,104.0,46.0,42.0,23.0,0.0,2.0,0.0
3525706,1971.0,2173.0,2535.0,2790.0,2960.0,2911.0,2720.0,2363.0,2383.0,2197.0,2048.0,1525.0,1406.0,868.0,718.0,665.0,298.0,155.0,44.0,32.0,0.0
3525805,265.0,377.0,417.0,417.0,353.0,355.0,332.0,298.0,312.0,245.0,246.0,205.0,202.0,129.0,127.0,75.0,51.0,20.0,0.0,3.0,0.0
3525854,168.0,224.0,214.0,247.0,297.0,256.0,254.0,194.0,196.0,160.0,154.0,108.0,90.0,73.0,63.0,44.0,38.0,12.0,5.0,0.0,0.0
3525904,22097.0,22870.0,25877.0,26822.0,31138.0,34082.0,32518.0,28850.0,27719.0,26044.0,23255.0,19449.0,14381.0,11944.0,9514.0,6322.0,4272.0,2098.0,628.0,227.0,20.0
3526001,1034.0,1072.0,1250.0,1383.0,1634.0,1580.0,1525.0,1398.0,1440.0,1265.0,1173.0,999.0,813.0,706.0,584.0,490.0,221.0,107.0,37.0,5.0,10.0
3526100,1341.0,1644.0,2202.0,1708.0,1345.0,1397.0,1419.0,1295.0,1182.0,1139.0,1107.0,904.0,755.0,635.0,494.0,306.0,241.0,75.0,48.0,5.0,5.0
3526209,2199.0,2515.0,3054.0,2557.0,2385.0,2270.0,2350.0,2101.0,1977.0,1691.0,1543.0,1253.0,1015.0,703.0,465.0,327.0,182.0,114.0,17.0,19.0,0.0
3526308,243.0,338.0,407.0,452.0,314.0,324.0,332.0,336.0,360.0,329.0,279.0,250.0,227.0,215.0,153.0,147.0,84.0,47.0,4.0,0.0,0.0
3526407,1455.0,1741.0,2025.0,1984.0,2180.0,2182.0,2015.0,1781.0,1666.0,1666.0,1707.0,1169.0,1148.0,722.0,684.0,556.0,321.0,195.0,46.0,8.0,0.0
3526506,273.0,304.0,418.0,437.0,1073.0,1562.0,1285.0,817.0,618.0,459.0,353.0,307.0,207.0,248.0,161.0,100.0,86.0,55.0,9.0,6.0,0.0
3526605,542.0,528.0,671.0,593.0,593.0,595.0,541.0,504.0,430.0,396.0,335.0,288.0,175.0,159.0,92.0,96.0,29.0,20.0,3.0,0.0,0.0
3526704,6392.0,6583.0,7660.0,7970.0,8784.0,8751.0,7592.0,6601.0,6311.0,5918.0,4888.0,4302.0,3429.0,2226.0,1651.0,1303.0,827.0,338.0,190.0,39.0,0.0
3526803,3933.0,4416.0,5149.0,5151.0,5446.0,5696.0,5253.0,4566.0,4487.0,4145.0,3501.0,2918.0,2303.0,1400.0,1146.0,840.0,596.0,323.0,128.0,31.0,0.0
3526902,16986.0,18252.0,21610.0,21944.0,24497.0,24843.0,23051.0,21089.0,20417.0,19462.0,17645.0,14086.0,10129.0,7773.0,6065.0,3666.0,2774.0,1265.0,353.0,90.0,25.0
3527009,443.0,422.0,532.0,516.0,568.0,556.0,544.0,525.0,499.0,425.0,421.0,353.0,236.0,228.0,172.0,127.0,97.0,27.0,21.0,0.0,0.0
3527108,4026.0,4394.0,5390.0,5606.0,6037.0,6233.0,5663.0,5249.0,5153.0,4989.0,4627.0,3771.0,3043.0,2183.0,2035.0,1337.0,1018.0,524.0,117.0,37.0,0.0
3527207,5453.0,5879.0,6765.0,6968.0,7192.0,7082.0,6628.0,5792.0,5580.0,5599.0,5336.0,3883.0,3438.0,2447.0,1783.0,1178.0,850.0,442.0,204.0,38.0,0.0
3527256,119.0,127.0,142.0,176.0,151.0,177.0,164.0,156.0,170.0,143.0,129.0,125.0,116.0,92.0,60.0,35.0,27.0,11.0,6.0,2.0,0.0
3527306,2796.0,2573.0,2838.0,3179.0,4256.0,4354.0,3670.0,2858.0,2529.0,2209.0,1767.0,1264.0,889.0,718.0,550.0,351.0,223.0,69.0,26.0,6.0,0.0
3527405,1140.0,1306.0,1418.0,1559.0,1737.0,1685.0,1653.0,1487.0,1473.0,1365.0,1241.0,956.0,886.0,691.0,526.0,386.0,189.0,123.0,51.0,9.0,0.0
3527504,143.0,170.0,212.0,167.0,160.0,195.0,192.0,156.0,124.0,94.0,132.0,154.0,126.0,90.0,48.0,41.0,35.0,9.0,1.0,0.0,0.0
3527603,861.0,919.0,1106.0,1098.0,1111.0,1107.0,954.0,819.0,769.0,717.0,535.0,431.0,325.0,185.0,182.0,61.0,71.0,22.0,6.0,6.0,0.0
3527702,315.0,323.0,392.0,413.0,512.0,497.0,384.0,307.0,330.0,357.0,301.0,215.0,181.0,151.0,159.0,97.0,57.0,39.0,0.0,0.0,0.0
3527801,298.0,318.0,412.0,376.0,344.0,370.0,340.0,276.0,282.0,290.0,194.0,252.0,206.0,130.0,113.0,71.0,47.0,23.0,6.0,0.0,4.0
3527900,154.0,202.0,211.0,241.0,220.0,226.0,197.0,174.0,187.0,188.0,168.0,130.0,107.0,104.0,86.0,60.0,37.0,15.0,4.0,0.0,3.0
3528007,1123.0,1213.0,1406.0,1401.0,1425.0,1433.0,1275.0,1151.0,1165.0,1174.0,942.0,704.0,574.0,402.0,421.0,233.0,142.0,58.0,12.0,5.0,0.0
3528106,417.0,402.0,493.0,567.0,588.0,620.0,546.0,539.0,584.0,556.0,525.0,456.0,371.0,345.0,284.0,196.0,120.0,31.0,21.0,3.0,0.0
3528205,182.0,224.0,256.0,286.0,248.0,277.0,271.0,249.0,274.0,259.0,248.0,262.0,195.0,147.0,148.0,78.0,33.0,11.0,6.0,10.0,0.0
3528304,178.0,153.0,225.0,235.0,240.0,232.0,237.0,231.0,233.0,248.0,255.0,157.0,193.0,135.0,131.0,57.0,41.0,16.0,2.0,0.0,0.0
3528403,3028.0,3379.0,3907.0,3730.0,3666.0,3749.0,3570.0,3231.0,3196.0,2901.0,2363.0,2036.0,1529.0,1128.0,791.0,416.0,293.0,184.0,87.0,40.0,0.0
3528502,4961.0,6170.0,7425.0,7035.0,6693.0,6396.0,6991.0,6712.0,5628.0,5548.0,4753.0,3874.0,3615.0,1935.0,1477.0,915.0,580.0,135.0,86.0,16.0,10.0
3528601,620.0,605.0,697.0,747.0,717.0,739.0,677.0,645.0,635.0,654.0,479.0,490.0,357.0,365.0,221.0,143.0,86.0,90.0,21.0,4.0,0.0
3528700,230.0,258.0,280.0,345.0,715.0,623.0,473.0,359.0,303.0,303.0,243.0,174.0,152.0,123.0,125.0,53.0,32.0,14.0,6.0,0.0,0.0
3528809,820.0,928.0,1057.0,1093.0,1186.0,1145.0,1049.0,974.0,970.0,930.0,828.0,660.0,510.0,468.0,328.0,183.0,156.0,29.0,18.0,0.0,0.0
3528858,136.0,170.0,196.0,191.0,225.0,230.0,195.0,218.0,177.0,187.0,158.0,165.0,122.0,87.0,56.0,40.0,53.0,22.0,4.0,0.0,0.0
3528908,242.0,229.0,296.0,330.0,363.0,337.0,284.0,233.0,271.0,288.0,194.0,242.0,179.0,115.0,127.0,74.0,63.0,22.0,28.0,0.0,0.0
3529005,12722.0,13559.0,16636.0,17207.0,18488.0,18652.0,17845.0,16654.0,15792.0,14962.0,13615.0,11177.0,8881.0,6848.0,5297.0,3879.0,2525.0,1318.0,510.0,141.0,38.0
3529104,97.0,156.0,172.0,180.0,152.0,140.0,152.0,185.0,172.0,155.0,154.0,104.0,84.0,73.0,49.0,46.0,22.0,16.0,3.0,1.0,0.0
3529203,1403.0,1590.0,1900.0,1987.0,2059.0,2200.0,1883.0,1776.0,1803.0,1671.0,1527.0,1032.0,921.0,893.0,601.0,443.0,318.0,94.0,68.0,40.0,10.0
3529302,4476.0,4836.0,5875.0,6306.0,7096.0,6854.0,6494.0,5709.0,5738.0,5557.0,5064.0,3875.0,2966.0,1966.0,1676.0,1168.0,655.0,318.0,110.0,36.0,10.0
3529401,28995.0,30610.0,36494.0,35466.0,40653.0,40812.0,37171.0,33041.0,31072.0,27354.0,22620.0,18395.0,12711.0,8400.0,6070.0,3846.0,2000.0,985.0,258.0,111.0,0.0
3529500,236.0,263.0,362.0,347.0,422.0,399.0,341.0,294.0,374.0,343.0,286.0,231.0,201.0,181.0,138.0,82.0,80.0,47.0,13.0,0.0,0.0
3529609,208.0,227.0,285.0,282.0,305.0,301.0,300.0,287.0,288.0,297.0,262.0,199.0,174.0,143.0,127.0,57.0,84.0,16.0,14.0,0.0,0.0
3529658,132.0,103.0,167.0,152.0,139.0,114.0,143.0,144.0,151.0,128.0,130.0,92.0,90.0,71.0,69.0,29.0,20.0,11.0,2.0,0.0,0.0
3529708,1476.0,1604.0,1673.0,1746.0,1754.0,1865.0,1712.0,1518.0,1419.0,1277.0,1097.0,1022.0,716.0,682.0,256.0,275.0,274.0,64.0,20.0,0.0,0.0
3529807,748.0,878.0,1037.0,1051.0,969.0,1078.0,944.0,841.0,796.0,796.0,702.0,668.0,401.0,334.0,299.0,234.0,162.0,66.0,30.0,5.0,0.0
3529906,1709.0,1894.0,2278.0,1911.0,1485.0,1531.0,1507.0,1392.0,1338.0,1208.0,1131.0,853.0,757.0,569.0,532.0,313.0,110.0,56.0,18.0,0.0,0.0
3530003,143.0,184.0,210.0,222.0,193.0,174.0,192.0,225.0,201.0,177.0,249.0,167.0,186.0,84.0,100.0,56.0,33.0,16.0,6.0,0.0,2.0
3530102,1346.0,1483.0,1722.0,1869.0,2124.0,2639.0,2752.0,2399.0,2065.0,2017.0,1602.0,1414.0,1191.0,953.0,800.0,498.0,363.0,116.0,72.0,42.0,16.0
3530201,1054.0,1265.0,1482.0,1435.0,1306.0,1193.0,1163.0,1190.0,1299.0,1202.0,1033.0,879.0,651.0,699.0,561.0,324.0,215.0,73.0,20.0,11.0,5.0
3530300,3119.0,3282.0,3817.0,4121.0,4509.0,4449.0,4589.0,4264.0,4238.0,3913.0,3176.0,3015.0,2211.0,1676.0,1273.0,961.0,646.0,423.0,90.0,21.0,0.0
3530409,263.0,287.0,342.0,327.0,334.0,339.0,353.0,292.0,322.0,271.0,267.0,206.0,191.0,191.0,164.0,80.0,42.0,16.0,7.0,0.0,0.0
3530508,3895.0,4351.0,5038.0,5507.0,5492.0,5709.0,5183.0,4768.0,4600.0,4560.0,4419.0,3567.0,2751.0,2313.0,1687.0,1119.0,674.0,420.0,221.0,16.0,0.0
3530607,27877.0,30138.0,34687.0,32371.0,33631.0,33963.0,32494.0,29501.0,27797.0,25943.0,22385.0,17644.0,12815.0,10058.0,6948.0,5007.0,2681.0,1300.0,374.0,149.0,17.0
3530706,8389.0,9023.0,10868.0,11396.0,12095.0,12412.0,11444.0,10271.0,10126.0,9623.0,8421.0,7099.0,5511.0,3902.0,2881.0,2012.0,1038.0,563.0,150.0,21.0,0.0
3530805,5159.0,5445.0,6411.0,6970.0,7268.0,7497.0,7037.0,6562.0,6428.0,6226.0,5698.0,4565.0,3585.0,2665.0,1969.0,1387.0,1028.0,410.0,131.0,63.0,0.0
3530904,242.0,242.0,299.0,291.0,289.0,280.0,255.0,239.0,239.0,210.0,179.0,129.0,101.0,99.0,87.0,56.0,9.0,15.0,3.0,2.0,0.0
3531001,115.0,113.0,133.0,124.0,175.0,153.0,162.0,158.0,143.0,195.0,145.0,122.0,113.0,102.0,80.0,57.0,23.0,15.0,5.0,0.0,0.0
3531100,3420.0,3502.0,4065.0,3542.0,3715.0,3343.0,3718.0,3007.0,3070.0,2799.0,2862.0,2659.0,2254.0,1731.0,1153.0,808.0,406.0,142.0,76.0,19.0,0.0
3531209,415.0,427.0,514.0,556.0,565.0,557.0,527.0,543.0,526.0,538.0,490.0,374.0,368.0,220.0,188.0,161.0,108.0,69.0,3.0,2.0,0.0
3531308,2525.0,2710.0,3419.0,3583.0,3875.0,4108.0,3730.0,3502.0,3485.0,3259.0,2901.0,2755.0,2040.0,1502.0,1365.0,822.0,601.0,318.0,123.0,20.0,0.0
3531407,1304.0,1298.0,1366.0,1598.0,1876.0,1899.0,1775.0,1621.0,1632.0,1500.0,1286.0,1278.0,919.0,812.0,630.0,420.0,349.0,139.0,33.0,10.0,0.0
3531506,1097.0,1165.0,1482.0,1594.0,1694.0,1615.0,1418.0,1391.0,1418.0,1294.0,1087.0,1032.0,796.0,602.0,467.0,393.0,214.0,120.0,49.0,5.0,0.0
3531605,193.0,255.0,310.0,309.0,302.0,288.0,306.0,255.0,295.0,292.0,267.0,267.0,199.0,176.0,122.0,93.0,80.0,39.0,12.0,3.0,0.0
3531704,250.0,325.0,370.0,341.0,286.0,285.0,304.0,311.0,284.0,279.0,253.0,209.0,181.0,147.0,143.0,64.0,63.0,23.0,3.0,0.0,0.0
3531803,3575.0,3700.0,4574.0,4348.0,4553.0,4418.0,4465.0,3962.0,3373.0,2895.0,2486.0,2115.0,1588.0,1084.0,661.0,636.0,380.0,115.0,10.0,11.0,0.0
3531902,2262.0,2232.0,2497.0,2549.0,2924.0,2972.0,2538.0,2114.0,1970.0,1771.0,1268.0,1299.0,932.0,676.0,494.0,255.0,177.0,146.0,32.0,9.0,0.0
3532009,786.0,837.0,996.0,988.0,1046.0,1059.0,1055.0,897.0,822.0,740.0,617.0,559.0,500.0,327.0,223.0,135.0,103.0,50.0,23.0,0.0,5.0
3532058,281.0,319.0,327.0,392.0,375.0,384.0,359.0,288.0,310.0,309.0,253.0,220.0,143.0,127.0,70.0,59.0,52.0,12.0,10.0,0.0,0.0
3532108,200.0,252.0,316.0,297.0,266.0,268.0,263.0,313.0,328.0,345.0,271.0,267.0,239.0,176.0,170.0,107.0,62.0,26.0,19.0,0.0,0.0
3532157,197.0,237.0,260.0,239.0,241.0,210.0,219.0,221.0,206.0,155.0,112.0,131.0,78.0,83.0,57.0,28.0,27.0,6.0,0.0,0.0,0.0
3532207,278.0,342.0,374.0,430.0,362.0,337.0,347.0,311.0,344.0,262.0,236.0,170.0,153.0,104.0,95.0,73.0,42.0,14.0,9.0,6.0,0.0
3532306,400.0,442.0,610.0,520.0,441.0,466.0,450.0,420.0,493.0,456.0,392.0,433.0,306.0,296.0,253.0,143.0,89.0,43.0,13.0,7.0,4.0
3532405,969.0,1184.0,1457.0,1377.0,1411.0,1320.0,1300.0,1199.0,1151.0,997.0,1006.0,723.0,719.0,558.0,438.0,306.0,192.0,92.0,15.0,0.0,0.0
3532504,401.0,442.0,536.0,586.0,699.0,731.0,665.0,660.0,680.0,665.0,603.0,500.0,449.0,389.0,289.0,237.0,152.0,77.0,5.0,0.0,5.0
3532603,523.0,533.0,651.0,741.0,866.0,818.0,767.0,737.0,837.0,826.0,766.0,679.0,549.0,510.0,360.0,303.0,159.0,75.0,15.0,10.0,0.0
3532702,302.0,269.0,310.0,352.0,442.0,399.0,386.0,331.0,314.0,265.0,215.0,183.0,170.0,108.0,94.0,69.0,38.0,19.0,8.0,0.0,0.0
3532801,351.0,349.0,461.0,440.0,474.0,471.0,471.0,400.0,417.0,417.0,398.0,257.0,270.0,213.0,208.0,133.0,88.0,69.0,3.0,0.0,0.0
3532827,673.0,829.0,1050.0,905.0,700.0,737.0,642.0,610.0,542.0,490.0,304.0,354.0,235.0,162.0,137.0,113.0,10.0,16.0,0.0,6.0,0.0
3532843,89.0,108.0,152.0,138.0,124.0,119.0,152.0,148.0,147.0,171.0,156.0,164.0,151.0,93.0,83.0,52.0,44.0,14.0,8.0,0.0,0.0
3532868,81.0,66.0,98.0,98.0,74.0,87.0,69.0,96.0,97.0,71.0,62.0,62.0,45.0,45.0,34.0,27.0,5.0,6.0,1.0,0.0,0.0
3532900,712.0,694.0,754.0,771.0,858.0,868.0,785.0,720.0,618.0,602.0,508.0,405.0,312.0,239.0,182.0,123.0,103.0,40.0,6.0,0.0,0.0
3533007,1178.0,1221.0,1537.0,1526.0,1736.0,1704.0,1601.0,1384.0,1335.0,1306.0,1048.0,971.0,829.0,544.0,494.0,354.0,215.0,139.0,49.0,10.0,0.0
3533106,115.0,136.0,172.0,150.0,160.0,146.0,147.0,155.0,113.0,170.0,189.0,121.0,121.0,70.0,97.0,59.0,43.0,12.0,0.0,0.0,0.0
3533205,239.0,240.0,255.0,272.0,263.0,276.0,269.0,225.0,208.0,181.0,161.0,145.0,79.0,92.0,52.0,55.0,31.0,18.0,3.0,0.0,3.0
3533254,390.0,355.0,353.0,448.0,533.0,461.0,412.0,331.0,273.0,226.0,177.0,135.0,143.0,107.0,93.0,86.0,58.0,12.0,0.0,0.0,0.0
3533304,227.0,245.0,256.0,249.0,308.0,359.0,305.0,265.0,228.0,187.0,209.0,157.0,138.0,94.0,82.0,80.0,36.0,9.0,6.0,0.0,0.0
3533403,3090.0,3225.0,4033.0,4106.0,4653.0,4742.0,4498.0,4169.0,3826.0,3697.0,3286.0,2406.0,1821.0,1254.0,1079.0,785.0,368.0,162.0,43.0,0.0,0.0
3533502,2314.0,2455.0,2680.0,2833.0,3149.0,3026.0,2855.0,2690.0,2686.0,2469.0,2375.0,1888.0,1500.0,1291.0,951.0,590.0,504.0,294.0,21.0,22.0,0.0
3533601,415.0,445.0,532.0,556.0,639.0,546.0,519.0,479.0,511.0,473.0,469.0,329.0,272.0,196.0,201.0,123.0,54.0,37.0,9.0,7.0,5.0
3533700,278.0,295.0,337.0,338.0,368.0,312.0,282.0,283.0,293.0,301.0,262.0,200.0,200.0,140.0,86.0,107.0,57.0,19.0,5.0,0.0,0.0
3533809,134.0,200.0,219.0,220.0,171.0,172.0,163.0,176.0,167.0,195.0,218.0,149.0,161.0,93.0,108.0,76.0,38.0,11.0,0.0,3.0,0.0
3533908,2975.0,3219.0,3504.0,3904.0,4434.0,4450.0,3951.0,3601.0,3502.0,3312.0,3172.0,2477.0,2313.0,1626.0,1321.0,1058.0,683.0,397.0,95.0,30.0,0.0
3534005,258.0,295.0,325.0,326.0,349.0,305.0,310.0,303.0,294.0,249.0,247.0,140.0,133.0,146.0,67.0,78.0,33.0,19.0,7.0,0.0,0.0
3534104,316.0,397.0,463.0,482.0,536.0,492.0,417.0,415.0,444.0,466.0,398.0,326.0,263.0,202.0,169.0,145.0,81.0,59.0,22.0,0.0,4.0
3534203,413.0,433.0,474.0,483.0,573.0,572.0,538.0,484.0,412.0,323.0,245.0,237.0,133.0,133.0,95.0,52.0,49.0,15.0,0.0,6.0,6.0
3534302,2450.0,2735.0,3127.0,3313.0,3593.0,3640.0,3180.0,2887.0,2967.0,2855.0,2413.0,1996.0,1541.0,1075.0,821.0,555.0,409.0,158.0,60.0,7.0,0.0
3534401,44888.0,47748.0,55161.0,53481.0,61068.0,63628.0,59952.0,53125.0,49706.0,44219.0,38025.0,30385.0,22089.0,15999.0,10946.0,8939.0,4472.0,2040.0,649.0,220.0,0.0
3534500,146.0,135.0,161.0,188.0,198.0,163.0,172.0,175.0,191.0,176.0,155.0,159.0,175.0,110.0,94.0,67.0,36.0,22.0,12.0,2.0,0.0
3534609,1576.0,1679.0,2101.0,2354.0,2893.0,2449.0,2254.0,2191.0,2155.0,2164.0,2118.0,1754.0,1609.0,1119.0,897.0,784.0,567.0,124.0,80.0,35.0,13.0
3534708,6786.0,7038.0,8123.0,8477.0,8557.0,8515.0,8129.0,7631.0,7523.0,7108.0,6108.0,5504.0,4436.0,3157.0,2080.0,1735.0,1283.0,539.0,202.0,75.0,29.0
3534757,514.0,537.0,660.0,712.0,743.0,730.0,645.0,626.0,617.0,598.0,470.0,408.0,330.0,281.0,228.0,181.0,78.0,25.0,16.0,5.0,0.0
3534807,548.0,595.0,643.0,668.0,672.0,634.0,559.0,561.0,546.0,512.0,396.0,398.0,304.0,255.0,216.0,165.0,83.0,36.0,9.0,0.0,0.0
3534906,627.0,616.0,762.0,861.0,1275.0,1551.0,1259.0,992.0,960.0,883.0,755.0,624.0,573.0,437.0,448.0,349.0,163.0,64.0,26.0,0.0,0.0
3535002,683.0,600.0,753.0,859.0,945.0,991.0,852.0,769.0,774.0,747.0,645.0,638.0,497.0,416.0,371.0,292.0,119.0,85.0,10.0,5.0,0.0
3535101,844.0,795.0,904.0,981.0,1338.0,1267.0,1018.0,842.0,711.0,609.0,459.0,374.0,245.0,207.0,159.0,90.0,62.0,15.0,14.0,0.0,0.0
3535200,438.0,578.0,698.0,699.0,651.0,608.0,695.0,676.0,720.0,719.0,715.0,548.0,498.0,458.0,380.0,230.0,169.0,79.0,26.0,0.0,0.0
3535309,1274.0,1285.0,1652.0,1580.0,1623.0,1559.0,1623.0,1518.0,1485.0,1494.0,1507.0,1059.0,1027.0,908.0,661.0,376.0,308.0,125.0,108.0,14.0,0.0
3535408,1093.0,1147.0,1282.0,1314.0,1252.0,1197.0,1144.0,1108.0,995.0,855.0,721.0,736.0,572.0,421.0,311.0,197.0,126.0,65.0,47.0,0.0,0.0
3535507,2645.0,2917.0,3460.0,3580.0,3576.0,3689.0,3404.0,3268.0,3047.0,2830.0,2467.0,1919.0,1756.0,1213.0,877.0,856.0,484.0,175.0,88.0,28.0,0.0
3535606,1115.0,1275.0,1588.0,1547.0,1528.0,1301.0,1300.0,1254.0,1216.0,1151.0,1047.0,784.0,693.0,603.0,425.0,295.0,168.0,51.0,29.0,18.0,0.0
3535705,350.0,361.0,462.0,464.0,467.0,566.0,439.0,437.0,425.0,404.0,357.0,296.0,233.0,198.0,217.0,119.0,56.0,38.0,6.0,3.0,0.0
3535804,1229.0,1445.0,1798.0,1601.0,1477.0,1526.0,1457.0,1350.0,1218.0,1137.0,878.0,876.0,538.0,458.0,394.0,214.0,140.0,62.0,5.0,5.0,0.0
3535903,197.0,269.0,311.0,308.0,270.0,276.0,317.0,278.0,268.0,260.0,216.0,230.0,181.0,151.0,121.0,78.0,58.0,23.0,2.0,0.0,0.0
3536000,612.0,689.0,788.0,849.0,854.0,787.0,811.0,795.0,737.0,766.0,736.0,564.0,489.0,463.0,400.0,287.0,148.0,48.0,17.0,4.0,0.0
3536109,415.0,460.0,520.0,488.0,471.0,403.0,442.0,414.0,393.0,339.0,295.0,259.0,222.0,156.0,122.0,85.0,65.0,13.0,19.0,0.0,0.0
3536208,1319.0,1454.0,1826.0,1655.0,1497.0,1478.0,1572.0,1269.0,1218.0,1128.0,909.0,822.0,701.0,563.0,478.0,301.0,146.0,73.0,37.0,0.0,0.0
3536257,111.0,117.0,134.0,145.0,170.0,166.0,143.0,135.0,161.0,128.0,143.0,129.0,105.0,79.0,57.0,55.0,44.0,7.0,2.0,0.0,0.0
3536307,945.0,981.0,1084.0,1175.0,1089.0,1109.0,1005.0,946.0,914.0,806.0,813.0,595.0,465.0,383.0,328.0,174.0,143.0,30.0,16.0,0.0,0.0
3536406,425.0,507.0,570.0,568.0,552.0,540.0,529.0,469.0,451.0,389.0,325.0,297.0,241.0,186.0,101.0,112.0,59.0,7.0,8.0,0.0,3.0
3536505,5914.0,6184.0,6474.0,6659.0,7256.0,7741.0,7854.0,7172.0,6312.0,5719.0,4493.0,3737.0,2456.0,1671.0,933.0,679.0,592.0,199.0,100.0,0.0,0.0
3536570,88.0,142.0,162.0,143.0,146.0,135.0,153.0,125.0,140.0,104.0,88.0,97.0,74.0,69.0,55.0,31.0,12.0,10.0,4.0,0.0,0.0
3536604,539.0,615.0,709.0,712.0,744.0,730.0,649.0,615.0,624.0,583.0,497.0,385.0,368.0,260.0,220.0,149.0,98.0,40.0,40.0,11.0,0.0
3536703,2877.0,3016.0,3680.0,3727.0,3544.0,3555.0,3384.0,3207.0,2802.0,2715.0,2437.0,1826.0,1603.0,979.0,786.0,571.0,524.0,182.0,73.0,0.0,8.0
3536802,329.0,373.0,500.0,476.0,461.0,454.0,466.0,449.0,382.0,343.0,345.0,336.0,289.0,201.0,149.0,127.0,69.0,14.0,13.0,4.0,0.0
3536901,117.0,168.0,178.0,174.0,164.0,192.0,195.0,193.0,172.0,175.0,173.0,187.0,156.0,83.0,71.0,81.0,61.0,14.0,4.0,0.0,0.0
3537008,1066.0,1167.0,1324.0,1406.0,1488.0,1336.0,1297.0,1068.0,1025.0,1006.0,900.0,698.0,617.0,451.0,341.0,284.0,137.0,29.0,52.0,9.0,0.0
3537107,2464.0,2770.0,3094.0,3134.0,3778.0,3923.0,3662.0,3249.0,2839.0,3225.0,2601.0,1891.0,1459.0,1313.0,901.0,579.0,423.0,218.0,24.0,11.0,0.0
3537156,159.0,189.0,249.0,244.0,242.0,199.0,226.0,222.0,220.0,236.0,194.0,147.0,125.0,105.0,83.0,55.0,24.0,16.0,6.0,0.0,0.0
3537206,755.0,915.0,1045.0,898.0,680.0,712.0,746.0,716.0,634.0,596.0,581.0,500.0,432.0,351.0,310.0,163.0,109.0,43.0,7.0,11.0,0.0
3537305,3498.0,3682.0,4333.0,4680.0,4626.0,4770.0,4506.0,4350.0,4142.0,4181.0,3639.0,3291.0,2568.0,2118.0,1580.0,1178.0,773.0,486.0,85.0,18.0,7.0
3537404,1695.0,1568.0,1942.0,2105.0,2025.0,1808.0,1953.0,1917.0,1957.0,1702.0,1334.0,1312.0,1053.0,946.0,710.0,395.0,284.0,161.0,36.0,59.0,0.0
3537503,522.0,538.0,609.0,623.0,658.0,641.0,542.0,498.0,447.0,507.0,428.0,430.0,306.0,244.0,158.0,142.0,98.0,49.0,6.0,3.0,5.0
3537602,4303.0,4624.0,5686.0,4912.0,4160.0,4163.0,4424.0,4175.0,3675.0,3530.0,3459.0,3274.0,2834.0,2388.0,1808.0,1059.0,618.0,439.0,162.0,61.0,18.0
3537701,332.0,328.0,408.0,455.0,459.0,421.0,384.0,383.0,360.0,390.0,303.0,264.0,218.0,211.0,116.0,133.0,66.0,31.0,22.0,3.0,0.0
3537800,3375.0,3727.0,4789.0,4520.0,4287.0,4294.0,4061.0,3855.0,3616.0,3502.0,3025.0,2490.0,2037.0,1665.0,1471.0,802.0,387.0,176.0,45.0,12.0,7.0
3537909,1779.0,2132.0,2426.0,2456.0,2263.0,2170.0,2092.0,1908.0,1785.0,1590.0,1314.0,1281.0,938.0,928.0,562.0,443.0,256.0,36.0,47.0,0.0,0.0
3538006,9997.0,10980.0,12931.0,12520.0,12776.0,13532.0,12509.0,10936.0,10021.0,9647.0,8855.0,7321.0,5290.0,3588.0,2326.0,1727.0,1333.0,466.0,170.0,55.0,14.0
3538105,865.0,892.0,1054.0,1141.0,1297.0,1329.0,1184.0,1130.0,1076.0,978.0,929.0,769.0,722.0,488.0,401.0,387.0,233.0,116.0,43.0,5.0,0.0
3538204,759.0,892.0,1060.0,1049.0,1047.0,1010.0,1004.0,881.0,809.0,866.0,866.0,747.0,664.0,540.0,377.0,251.0,135.0,106.0,27.0,15.0,0.0
3538303,206.0,232.0,264.0,309.0,271.0,259.0,235.0,261.0,293.0,259.0,229.0,160.0,180.0,130.0,94.0,52.0,45.0,39.0,17.0,3.0,0.0
3538501,840.0,945.0,1054.0,1207.0,1153.0,1033.0,972.0,950.0,1002.0,1126.0,1021.0,754.0,668.0,487.0,282.0,347.0,160.0,67.0,33.0,5.0,0.0
3538600,1537.0,1673.0,2212.0,2121.0,2056.0,1983.0,2055.0,1998.0,1822.0,1616.0,1537.0,1158.0,909.0,924.0,574.0,427.0,320.0,162.0,31.0,0.0,0.0
3538709,22265.0,24084.0,28116.0,28539.0,31927.0,34280.0,31169.0,27382.0,25645.0,24938.0,21992.0,18762.0,14352.0,10499.0,7600.0,6241.0,3993.0,1870.0,691.0,206.0,20.0
3538808,1733.0,1997.0,2337.0,2324.0,2312.0,2131.0,2041.0,1927.0,1978.0,2050.0,1736.0,1708.0,1269.0,969.0,942.0,509.0,313.0,112.0,53.0,28.0,6.0
3538907,1213.0,1263.0,1498.0,1700.0,2481.0,2491.0,2008.0,1587.0,1475.0,1433.0,1344.0,1149.0,842.0,669.0,597.0,512.0,231.0,132.0,49.0,30.0,0.0
3539004,544.0,607.0,768.0,817.0,857.0,931.0,821.0,759.0,836.0,709.0,696.0,589.0,541.0,349.0,325.0,218.0,159.0,76.0,20.0,0.0,0.0
3539103,1297.0,1487.0,1761.0,1480.0,1414.0,1309.0,1395.0,1172.0,1075.0,898.0,723.0,524.0,417.0,302.0,156.0,142.0,108.0,66.0,0.0,7.0,0.0
3539202,1448.0,1657.0,2073.0,2144.0,2155.0,1861.0,1905.0,1867.0,1978.0,1761.0,1428.0,1177.0,979.0,686.0,635.0,370.0,267.0,215.0,77.0,10.0,0.0
3539301,4328.0,4438.0,5333.0,5471.0,5815.0,6125.0,5521.0,5000.0,4946.0,5051.0,4209.0,3796.0,3209.0,2200.0,1791.0,1250.0,893.0,483.0,149.0,74.0,0.0
3539400,683.0,830.0,981.0,888.0,961.0,1029.0,1020.0,844.0,798.0,810.0,703.0,747.0,519.0,389.0,299.0,271.0,184.0,86.0,26.0,4.0,0.0
3539509,2695.0,2907.0,3222.0,3200.0,3366.0,3479.0,2961.0,2492.0,2504.0,2074.0,1540.0,1418.0,908.0,991.0,579.0,484.0,298.0,154.0,35.0,0.0,0.0
3539608,333.0,344.0,342.0,368.0,401.0,389.0,394.0,310.0,328.0,304.0,288.0,184.0,148.0,102.0,96.0,47.0,46.0,25.0,8.0,6.0,0.0
3539707,239.0,251.0,288.0,245.0,255.0,239.0,253.0,230.0,218.0,211.0,210.0,139.0,143.0,77.0,90.0,67.0,25.0,10.0,3.0,0.0,0.0
3539806,7642.0,8097.0,9815.0,9326.0,9684.0,9561.0,8983.0,8229.0,7683.0,6915.0,5847.0,5090.0,3351.0,2358.0,1545.0,934.0,606.0,221.0,94.0,32.0,0.0
3539905,344.0,297.0,326.0,398.0,503.0,479.0,379.0,364.0,344.0,361.0,347.0,256.0,210.0,264.0,200.0,167.0,86.0,45.0,23.0,4.0,0.0
3540002,1114.0,1295.0,1584.0,1460.0,1653.0,1771.0,1773.0,1459.0,1404.0,1367.0,1225.0,1099.0,792.0,653.0,462.0,365.0,249.0,202.0,18.0,19.0,0.0
3540101,163.0,188.0,235.0,257.0,280.0,268.0,242.0,249.0,230.0,264.0,282.0,207.0,153.0,164.0,120.0,95.0,46.0,24.0,14.0,0.0,0.0
3540200,3359.0,3191.0,3468.0,3526.0,4377.0,4409.0,3887.0,3097.0,2715.0,2301.0,1867.0,1242.0,911.0,643.0,468.0,385.0,312.0,52.0,4.0,18.0,12.0
3540259,289.0,282.0,310.0,346.0,400.0,375.0,337.0,278.0,280.0,252.0,246.0,157.0,187.0,110.0,93.0,64.0,45.0,19.0,3.0,0.0,0.0
3540309,142.0,160.0,199.0,199.0,195.0,208.0,182.0,149.0,174.0,191.0,150.0,147.0,141.0,97.0,77.0,45.0,36.0,24.0,0.0,3.0,0.0
3540408,252.0,242.0,307.0,334.0,322.0,308.0,296.0,278.0,288.0,295.0,318.0,241.0,195.0,170.0,161.0,109.0,66.0,27.0,7.0,8.0,0.0
3540507,491.0,588.0,677.0,668.0,615.0,571.0,606.0,561.0,564.0,579.0,482.0,546.0,458.0,349.0,275.0,153.0,94.0,46.0,3.0,0.0,0.0
3540606,3170.0,3409.0,4136.0,4047.0,4369.0,4380.0,3952.0,3636.0,3534.0,3391.0,2843.0,2338.0,1852.0,1279.0,873.0,848.0,444.0,305.0,50.0,38.0,0.0
3540705,3351.0,3494.0,3856.0,4129.0,4518.0,4584.0,4227.0,3812.0,3695.0,3592.0,3163.0,2402.0,2006.0,1482.0,1198.0,884.0,528.0,325.0,93.0,52.0,9.0
3540754,1435.0,1420.0,1609.0,1576.0,2298.0,2433.0,1876.0,1542.0,1231.0,1049.0,954.0,588.0,609.0,300.0,264.0,99.0,98.0,16.0,0.0,0.0,0.0
3540804,918.0,920.0,971.0,1172.0,1390.0,1415.0,1221.0,1076.0,1091.0,1106.0,969.0,809.0,685.0,516.0,423.0,388.0,218.0,128.0,29.0,4.0,0.0
3540853,107.0,115.0,125.0,212.0,621.0,420.0,307.0,220.0,147.0,135.0,127.0,86.0,80.0,53.0,52.0,8.0,23.0,14.0,6.0,0.0,0.0
3540903,1257.0,1249.0,1359.0,1452.0,1800.0,1838.0,1522.0,1259.0,1192.0,1070.0,971.0,757.0,603.0,364.0,271.0,215.0,124.0,58.0,12.0,4.0,0.0
3541000,18893.0,20101.0,22919.0,20980.0,20522.0,22127.0,21966.0,19957.0,17438.0,15716.0,14864.0,13449.0,10780.0,8538.0,6050.0,3876.0,2400.0,1013.0,373.0,89.0,0.0
3541059,304.0,390.0,442.0,434.0,432.0,394.0,379.0,353.0,290.0,304.0,225.0,202.0,129.0,93.0,99.0,58.0,46.0,19.0,0.0,5.0,0.0
3541109,255.0,248.0,329.0,326.0,364.0,328.0,321.0,300.0,283.0,282.0,264.0,224.0,163.0,140.0,104.0,75.0,81.0,33.0,3.0,0.0,0.0
3541208,649.0,786.0,954.0,1112.0,1058.0,1005.0,942.0,959.0,1071.0,1016.0,876.0,749.0,676.0,586.0,388.0,382.0,214.0,110.0,28.0,10.0,0.0
3541307,2649.0,3044.0,3459.0,3466.0,3451.0,3433.0,3369.0,2988.0,2995.0,2882.0,2518.0,1935.0,1628.0,1136.0,969.0,818.0,342.0,157.0,57.0,22.0,0.0
3541406,12334.0,13195.0,15305.0,16368.0,17243.0,17349.0,16953.0,15832.0,15938.0,14901.0,12674.0,11273.0,8793.0,6428.0,5268.0,3462.0,2554.0,1199.0,413.0,120.0,9.0
3541505,1996.0,2192.0,2755.0,2789.0,3021.0,3069.0,3262.0,2949.0,2953.0,2837.0,2265.0,2111.0,1797.0,1168.0,1105.0,832.0,495.0,166.0,112.0,0.0,36.0
3541604,2350.0,2573.0,2842.0,3056.0,3016.0,2950.0,2909.0,2675.0,2530.0,2395.0,2026.0,1687.0,1399.0,1164.0,779.0,710.0,403.0,163.0,48.0,0.0,0.0
3541653,230.0,240.0,260.0,257.0,219.0,262.0,238.0,240.0,255.0,225.0,197.0,168.0,130.0,131.0,62.0,68.0,14.0,26.0,10.0,3.0,0.0
3541703,923.0,926.0,1066.0,1125.0,1082.0,1054.0,1058.0,1005.0,959.0,807.0,716.0,586.0,386.0,415.0,258.0,198.0,144.0,66.0,21.0,4.0,0.0
3541802,208.0,257.0,274.0,234.0,231.0,252.0,250.0,211.0,183.0,157.0,156.0,74.0,82.0,92.0,66.0,38.0,20.0,20.0,3.0,0.0,0.0
3541901,790.0,935.0,917.0,952.0,1014.0,1045.0,1002.0,862.0,813.0,698.0,534.0,563.0,354.0,285.0,219.0,150.0,100.0,43.0,19.0,14.0,0.0
3542008,364.0,398.0,486.0,480.0,527.0,505.0,483.0,469.0,428.0,363.0,363.0,276.0,222.0,255.0,155.0,110.0,66.0,34.0,16.0,3.0,2.0
3542107,590.0,629.0,669.0,685.0,784.0,789.0,715.0,626.0,609.0,606.0,511.0,340.0,315.0,240.0,182.0,146.0,122.0,44.0,10.0,0.0,0.0
3542206,1759.0,2037.0,2274.0,2438.0,2342.0,2261.0,2131.0,2054.0,2226.0,2141.0,1765.0,1358.0,1169.0,962.0,793.0,616.0,312.0,98.0,40.0,14.0,14.0
3542305,249.0,284.0,356.0,333.0,257.0,268.0,269.0,284.0,248.0,259.0,275.0,191.0,182.0,119.0,119.0,77.0,49.0,38.0,14.0,3.0,0.0
3542404,1151.0,1166.0,1454.0,1474.0,1495.0,1519.0,1480.0,1356.0,1406.0,1352.0,1198.0,906.0,789.0,536.0,470.0,432.0,194.0,96.0,20.0,0.0,0.0
3542503,367.0,359.0,393.0,728.0,1517.0,772.0,559.0,461.0,387.0,352.0,349.0,255.0,241.0,191.0,135.0,103.0,85.0,49.0,16.0,4.0,0.0
3542602,3769.0,4411.0,5240.0,4657.0,4244.0,4349.0,4487.0,4061.0,3762.0,3423.0,2865.0,2448.0,1901.0,1648.0,1209.0,843.0,523.0,317.0,72.0,20.0,12.0
3542701,536.0,576.0,644.0,583.0,642.0,547.0,509.0,449.0,438.0,406.0,386.0,272.0,185.0,133.0,128.0,73.0,35.0,31.0,7.0,7.0,0.0
3542800,242.0,294.0,329.0,300.0,213.0,222.0,208.0,242.0,201.0,203.0,192.0,172.0,159.0,133.0,137.0,72.0,21.0,13.0,6.0,0.0,0.0
3542909,951.0,922.0,1013.0,1042.0,1118.0,1050.0,964.0,896.0,831.0,734.0,637.0,513.0,411.0,348.0,289.0,188.0,144.0,63.0,16.0,5.0,0.0
3543006,1513.0,1783.0,2178.0,1863.0,1480.0,1442.0,1401.0,1241.0,1172.0,1009.0,762.0,734.0,657.0,414.0,288.0,170.0,92.0,59.0,11.0,0.0,0.0
3543105,333.0,342.0,417.0,377.0,393.0,359.0,340.0,337.0,266.0,255.0,228.0,174.0,161.0,113.0,105.0,35.0,25.0,11.0,3.0,0.0,0.0
3543204,263.0,279.0,382.0,346.0,328.0,317.0,328.0,327.0,344.0,301.0,285.0,253.0,230.0,160.0,90.0,100.0,56.0,43.0,14.0,0.0,0.0
3543238,108.0,133.0,185.0,144.0,150.0,158.0,150.0,156.0,178.0,143.0,162.0,113.0,110.0,111.0,84.0,47.0,37.0,14.0,2.0,0.0,2.0
3543253,511.0,578.0,706.0,654.0,596.0,625.0,567.0,575.0,521.0,481.0,352.0,305.0,306.0,248.0,170.0,119.0,57.0,43.0,5.0,3.0,0.0
3543303,6745.0,7542.0,9040.0,8951.0,10037.0,10254.0,9780.0,8961.0,8501.0,7829.0,6986.0,5938.0,4366.0,3194.0,2137.0,1338.0,889.0,437.0,104.0,39.0,0.0
3543402,36091.0,38722.0,43333.0,47463.0,55952.0,58945.0,52805.0,45579.0,41732.0,40854.0,36336.0,31106.0,24201.0,16938.0,14030.0,9370.0,6250.0,3386.0,1133.0,436.0,19.0
3543501,449.0,452.0,570.0,558.0,387.0,439.0,422.0,397.0,389.0,401.0,364.0,350.0,301.0,217.0,220.0,101.0,96.0,35.0,12.0,3.0,0.0
3543600,197.0,245.0,267.0,263.0,251.0,270.0,271.0,235.0,264.0,238.0,206.0,204.0,188.0,101.0,88.0,65.0,48.0,25.0,6.0,3.0,0.0
3543709,737.0,791.0,919.0,910.0,882.0,912.0,800.0,774.0,744.0,631.0,602.0,429.0,390.0,312.0,267.0,126.0,153.0,26.0,4.0,0.0,6.0
3543808,583.0,631.0,671.0,781.0,862.0,770.0,681.0,656.0,647.0,681.0,641.0,597.0,451.0,404.0,322.0,236.0,193.0,65.0,42.0,14.0,7.0
3543907,10874.0,11593.0,13900.0,14490.0,16070.0,17003.0,16076.0,14096.0,13286.0,12981.0,11818.0,8928.0,7223.0,5811.0,4742.0,3433.0,2176.0,1163.0,469.0,121.0,0.0
3544004,2146.0,2228.0,2464.0,2428.0,2893.0,2971.0,2563.0,2371.0,2089.0,1866.0,1519.0,1175.0,930.0,684.0,466.0,467.0,115.0,95.0,22.0,10.0,0.0
3544103,3334.0,3601.0,4142.0,3885.0,4024.0,4229.0,3899.0,3547.0,3141.0,2736.0,2344.0,1673.0,1357.0,760.0,714.0,346.0,183.0,52.0,7.0,0.0,0.0
3544202,715.0,720.0,759.0,789.0,1114.0,1171.0,1152.0,824.0,709.0,589.0,472.0,412.0,352.0,306.0,198.0,137.0,88.0,56.0,6.0,6.0,0.0
3544251,1262.0,1496.0,1991.0,1917.0,1616.0,1434.0,1409.0,1465.0,1479.0,1309.0,1175.0,972.0,737.0,603.0,442.0,174.0,88.0,79.0,28.0,16.0,0.0
3544301,723.0,719.0,802.0,842.0,788.0,919.0,858.0,747.0,670.0,615.0,545.0,485.0,307.0,222.0,125.0,104.0,67.0,48.0,14.0,0.0,0.0
3544400,202.0,203.0,216.0,234.0,249.0,226.0,234.0,207.0,213.0,176.0,144.0,101.0,113.0,65.0,77.0,35.0,21.0,13.0,0.0,0.0,0.0
3544509,141.0,168.0,216.0,198.0,210.0,167.0,187.0,180.0,204.0,223.0,206.0,211.0,174.0,126.0,115.0,66.0,49.0,17.0,5.0,0.0,0.0
3544608,345.0,327.0,392.0,450.0,389.0,405.0,364.0,333.0,359.0,357.0,337.0,303.0,286.0,178.0,162.0,110.0,72.0,39.0,9.0,0.0,0.0
3544707,136.0,173.0,211.0,203.0,172.0,176.0,193.0,167.0,141.0,150.0,155.0,138.0,134.0,73.0,54.0,58.0,36.0,16.0,4.0,5.0,0.0
3544806,337.0,388.0,390.0,414.0,405.0,453.0,391.0,396.0,383.0,361.0,333.0,337.0,271.0,217.0,173.0,92.0,39.0,60.0,11.0,0.0,0.0
3544905,608.0,685.0,823.0,878.0,929.0,884.0,842.0,746.0,780.0,725.0,613.0,582.0,495.0,281.0,285.0,148.0,172.0,71.0,20.0,0.0,0.0
3545001,1119.0,1259.0,1460.0,1357.0,1284.0,1178.0,1195.0,1152.0,1099.0,1033.0,933.0,620.0,664.0,416.0,344.0,260.0,175.0,63.0,12.0,12.0,0.0
3545100,294.0,345.0,397.0,440.0,368.0,369.0,361.0,362.0,330.0,297.0,261.0,268.0,212.0,177.0,148.0,74.0,66.0,35.0,13.0,0.0,0.0
3545159,371.0,430.0,495.0,545.0,591.0,648.0,626.0,538.0,483.0,463.0,442.0,437.0,373.0,219.0,168.0,107.0,96.0,15.0,8.0,3.0,0.0
3545209,6701.0,7150.0,8633.0,8989.0,9533.0,9704.0,8778.0,7882.0,7921.0,7570.0,6501.0,4715.0,3842.0,2554.0,2229.0,1465.0,786.0,423.0,106.0,35.0,0.0
3545308,2651.0,2950.0,3673.0,3549.0,3435.0,3409.0,3141.0,2910.0,2796.0,2633.0,2528.0,1730.0,1576.0,1122.0,920.0,675.0,273.0,64.0,72.0,9.0,16.0
3545407,608.0,669.0,753.0,703.0,630.0,683.0,686.0,642.0,595.0,549.0,492.0,481.0,395.0,316.0,254.0,218.0,95.0,13.0,5.0,0.0,0.0
3545506,273.0,289.0,359.0,341.0,289.0,298.0,284.0,277.0,274.0,257.0,211.0,144.0,114.0,91.0,81.0,68.0,20.0,26.0,4.0,0.0,0.0
3545605,911.0,976.0,1117.0,1149.0,1186.0,1266.0,1219.0,1060.0,1017.0,903.0,782.0,784.0,564.0,484.0,369.0,228.0,218.0,76.0,20.0,4.0,0.0
3545704,281.0,315.0,369.0,448.0,439.0,451.0,410.0,393.0,388.0,390.0,423.0,337.0,268.0,273.0,196.0,134.0,124.0,69.0,15.0,0.0,0.0
3545803,10705.0,11274.0,13224.0,14909.0,16729.0,16834.0,14920.0,13728.0,13951.0,13201.0,11998.0,9246.0,6331.0,4601.0,3544.0,2478.0,1634.0,459.0,198.0,30.0,13.0
3546009,899.0,975.0,1167.0,1145.0,1126.0,1047.0,1062.0,1082.0,951.0,971.0,817.0,686.0,559.0,469.0,307.0,192.0,167.0,91.0,32.0,18.0,0.0
3546108,105.0,128.0,159.0,166.0,165.0,152.0,163.0,144.0,127.0,141.0,144.0,128.0,112.0,70.0,101.0,49.0,19.0,6.0,6.0,0.0,0.0
3546207,237.0,248.0,320.0,311.0,297.0,351.0,286.0,296.0,265.0,265.0,248.0,231.0,197.0,143.0,94.0,86.0,84.0,36.0,7.0,0.0,0.0
3546256,144.0,143.0,188.0,174.0,163.0,151.0,144.0,121.0,116.0,115.0,110.0,89.0,103.0,81.0,45.0,31.0,20.0,9.0,5.0,0.0,0.0
3546306,2173.0,2206.0,2439.0,2565.0,2926.0,2916.0,2536.0,2142.0,2047.0,1862.0,1541.0,1396.0,963.0,858.0,466.0,495.0,251.0,114.0,29.0,6.0,0.0
3546405,2926.0,3033.0,3521.0,3579.0,3479.0,3663.0,3203.0,3142.0,3053.0,3004.0,2636.0,2334.0,1842.0,1559.0,1057.0,879.0,648.0,196.0,122.0,45.0,0.0
3546504,395.0,399.0,467.0,514.0,590.0,544.0,496.0,368.0,432.0,345.0,273.0,206.0,168.0,131.0,91.0,59.0,57.0,22.0,6.0,4.0,0.0
3546603,1521.0,1630.0,2065.0,2249.0,2434.0,2315.0,2247.0,2109.0,2180.0,2118.0,1774.0,1773.0,1343.0,1305.0,1079.0,470.0,348.0,128.0,146.0,4.0,0.0
3546702,1645.0,1612.0,1788.0,1770.0,2072.0,2351.0,1931.0,1858.0,1767.0,1167.0,944.0,848.0,737.0,271.0,338.0,264.0,203.0,48.0,20.0,0.0,0.0
3546801,3368.0,3844.0,4503.0,4336.0,4391.0,4385.0,4035.0,3859.0,3690.0,3198.0,2929.0,2363.0,1916.0,1250.0,1062.0,703.0,391.0,134.0,84.0,12.0,0.0
3546900,642.0,563.0,781.0,718.0,825.0,747.0,698.0,624.0,597.0,497.0,465.0,308.0,260.0,190.0,152.0,77.0,58.0,23.0,0.0,17.0,6.0
3547007,437.0,423.0,442.0,501.0,535.0,518.0,386.0,368.0,352.0,370.0,263.0,239.0,157.0,171.0,92.0,85.0,50.0,24.0,0.0,0.0,0.0
3547106,168.0,229.0,236.0,237.0,233.0,204.0,202.0,194.0,194.0,200.0,180.0,100.0,111.0,104.0,99.0,69.0,35.0,27.0,6.0,3.0,0.0
3547205,67.0,77.0,95.0,98.0,127.0,93.0,102.0,104.0,130.0,135.0,142.0,99.0,93.0,104.0,74.0,56.0,40.0,2.0,4.0,0.0,0.0
3547304,8075.0,8786.0,10221.0,9665.0,9794.0,9640.0,9327.0,8528.0,7991.0,7423.0,6115.0,5021.0,3441.0,1827.0,1244.0,803.0,591.0,250.0,48.0,24.0,0.0
3547403,98.0,136.0,154.0,190.0,182.0,171.0,151.0,168.0,180.0,194.0,204.0,176.0,169.0,120.0,104.0,81.0,46.0,11.0,7.0,0.0,0.0
3547502,1437.0,1452.0,1779.0,1906.0,2041.0,1994.0,1927.0,1866.0,1877.0,1962.0,1786.0,1598.0,1266.0,1144.0,889.0,723.0,457.0,265.0,98.0,11.0,0.0
3547601,1501.0,1489.0,1958.0,1978.0,2085.0,2027.0,1818.0,1721.0,1685.0,1655.0,1337.0,1231.0,866.0,907.0,594.0,560.0,260.0,140.0,44.0,6.0,0.0
3547650,69.0,70.0,99.0,103.0,95.0,111.0,95.0,100.0,115.0,101.0,104.0,102.0,99.0,52.0,55.0,27.0,30.0,14.0,5.0,0.0,0.0
3547700,1302.0,1271.0,1624.0,1701.0,1587.0,1508.0,1436.0,1448.0,1626.0,1521.0,1216.0,1045.0,906.0,792.0,601.0,433.0,284.0,75.0,59.0,39.0,0.0
3547809,39826.0,41331.0,47831.0,49540.0,57372.0,60821.0,56786.0,52354.0,50340.0,48962.0,43634.0,36618.0,28866.0,20437.0,16916.0,11255.0,8057.0,3874.0,1298.0,268.0,20.0
3547908,376.0,406.0,501.0,511.0,561.0,510.0,467.0,429.0,399.0,410.0,355.0,389.0,336.0,201.0,171.0,149.0,65.0,48.0,10.0,10.0,0.0
3548005,1428.0,1545.0,1819.0,1724.0,1887.0,1877.0,1737.0,1539.0,1479.0,1326.0,1102.0,966.0,652.0,528.0,417.0,266.0,240.0,71.0,48.0,0.0,0.0
3548054,479.0,506.0,628.0,640.0,644.0,631.0,651.0,633.0,596.0,557.0,431.0,356.0,285.0,219.0,172.0,85.0,50.0,43.0,17.0,3.0,0.0
3548104,332.0,408.0,458.0,448.0,468.0,486.0,473.0,468.0,396.0,391.0,368.0,355.0,258.0,208.0,194.0,101.0,73.0,28.0,27.0,4.0,0.0
3548203,410.0,515.0,622.0,564.0,542.0,481.0,494.0,461.0,468.0,461.0,413.0,232.0,226.0,230.0,164.0,116.0,50.0,33.0,2.0,0.0,0.0
3548302,165.0,182.0,205.0,243.0,196.0,187.0,200.0,183.0,229.0,215.0,171.0,145.0,108.0,157.0,93.0,52.0,29.0,32.0,10.0,0.0,0.0
3548401,310.0,298.0,347.0,366.0,445.0,399.0,359.0,288.0,273.0,244.0,246.0,179.0,154.0,115.0,78.0,90.0,55.0,11.0,20.0,0.0,0.0
3548500,21210.0,22529.0,26442.0,27569.0,30639.0,33313.0,32211.0,29768.0,29546.0,30814.0,29036.0,25900.0,21034.0,17819.0,15896.0,11584.0,8277.0,4302.0,1108.0,357.0,45.0
3548609,617.0,713.0,887.0,868.0,739.0,729.0,767.0,778.0,796.0,785.0,723.0,466.0,538.0,357.0,292.0,196.0,120.0,80.0,12.0,5.0,0.0
3548708,49373.0,50662.0,58874.0,59739.0,68175.0,72576.0,69245.0,62347.0,58238.0,54200.0,45954.0,38323.0,26540.0,19948.0,13806.0,8340.0,5465.0,2312.0,1087.0,242.0,16.0
3548807,6972.0,7295.0,8612.0,9398.0,11091.0,12252.0,11714.0,10971.0,10656.0,11894.0,10579.0,9457.0,7855.0,5945.0,4798.0,4430.0,3052.0,1679.0,477.0,136.0,0.0
3548906,13005.0,13828.0,16170.0,17023.0,19253.0,20522.0,19068.0,17048.0,15903.0,15765.0,14347.0,11152.0,8672.0,6480.0,5465.0,3917.0,2426.0,1328.0,480.0,88.0,12.0
3549003,161.0,181.0,210.0,214.0,198.0,171.0,188.0,204.0,202.0,200.0,156.0,178.0,125.0,162.0,113.0,63.0,56.0,1.0,7.0,3.0,0.0
3549102,4583.0,5123.0,6012.0,6241.0,6773.0,6964.0,6698.0,6264.0,6203.0,6162.0,5253.0,4998.0,3602.0,2813.0,2332.0,1818.0,1173.0,412.0,150.0,66.0,0.0
3549201,149.0,149.0,232.0,207.0,180.0,187.0,187.0,206.0,182.0,212.0,177.0,101.0,109.0,117.0,76.0,52.0,38.0,3.0,3.0,0.0,0.0
3549250,112.0,98.0,129.0,170.0,136.0,124.0,124.0,145.0,135.0,118.0,94.0,115.0,92.0,71.0,54.0,39.0,18.0,4.0,2.0,0.0,0.0
3549300,92.0,103.0,165.0,157.0,140.0,128.0,133.0,137.0,152.0,144.0,164.0,120.0,130.0,110.0,78.0,76.0,45.0,21.0,8.0,0.0,0.0
3549409,2955.0,3183.0,3508.0,3714.0,4071.0,4426.0,3934.0,3516.0,3233.0,3092.0,2777.0,2300.0,1922.0,1316.0,848.0,830.0,512.0,269.0,72.0,13.0,21.0
3549508,684.0,733.0,792.0,764.0,767.0,715.0,646.0,587.0,564.0,475.0,368.0,363.0,288.0,260.0,155.0,126.0,72.0,28.0,0.0,18.0,0.0
3549607,298.0,355.0,388.0,328.0,314.0,297.0,270.0,303.0,281.0,276.0,260.0,173.0,167.0,109.0,103.0,53.0,70.0,29.0,4.0,0.0,0.0
3549706,2833.0,3218.0,3785.0,4408.0,4594.0,4361.0,3885.0,3583.0,3544.0,3627.0,3618.0,2801.0,2314.0,1590.0,1367.0,1083.0,785.0,371.0,89.0,43.0,0.0
3549805,23115.0,23517.0,27304.0,29593.0,35196.0,37096.0,35599.0,31729.0,30531.0,29989.0,26774.0,21630.0,17308.0,13150.0,11071.0,7401.0,4354.0,1919.0,744.0,193.0,45.0
3549904,42268.0,43702.0,51275.0,52022.0,56351.0,60282.0,56240.0,48632.0,45155.0,42772.0,38793.0,30524.0,23053.0,14376.0,10244.0,7159.0,3865.0,2284.0,716.0,187.0,22.0
3549953,943.0,1053.0,1361.0,1259.0,1233.0,1177.0,1087.0,1117.0,994.0,862.0,807.0,618.0,522.0,365.0,255.0,122.0,118.0,58.0,11.0,11.0,0.0
3550001,567.0,681.0,880.0,935.0,766.0,788.0,715.0,814.0,761.0,733.0,680.0,477.0,465.0,379.0,315.0,204.0,170.0,44.0,24.0,0.0,0.0
3550100,2620.0,2680.0,3250.0,3173.0,3237.0,3239.0,3255.0,2988.0,2694.0,2469.0,2080.0,1957.0,1484.0,1108.0,846.0,595.0,389.0,146.0,91.0,42.0,0.0
3550209,2338.0,2553.0,3051.0,2859.0,2632.0,2597.0,2431.0,2331.0,2186.0,1944.0,1511.0,1491.0,1135.0,919.0,639.0,405.0,272.0,101.0,30.0,25.0,0.0
3550308,711535.0,758100.0,867351.0,841081.0,991819.0,1074561.0,1009870.0,888106.0,812788.0,742947.0,668304.0,547264.0,424762.0,303327.0,233777.0,172435.0,120331.0,57612.0,20792.0,5776.0,966.0
3550407,1896.0,2141.0,2586.0,2575.0,2366.0,2524.0,2471.0,2336.0,2106.0,2087.0,1789.0,1776.0,1688.0,1033.0,927.0,727.0,375.0,177.0,52.0,19.0,10.0
3550506,488.0,561.0,661.0,632.0,556.0,576.0,480.0,507.0,510.0,460.0,409.0,359.0,305.0,230.0,181.0,150.0,76.0,34.0,13.0,11.0,0.0
3550605,4812.0,5391.0,6509.0,6182.0,6552.0,6766.0,6773.0,5930.0,5749.0,5326.0,5057.0,3967.0,3132.0,2430.0,1962.0,1127.0,717.0,277.0,104.0,57.0,0.0
3550704,5649.0,5828.0,7098.0,6078.0,6475.0,7124.0,7264.0,6195.0,5322.0,4161.0,3771.0,2935.0,2078.0,1460.0,958.0,682.0,448.0,282.0,110.0,23.0,0.0
3550803,799.0,842.0,1009.0,1019.0,1019.0,1000.0,942.0,844.0,871.0,802.0,783.0,599.0,488.0,370.0,276.0,230.0,156.0,27.0,23.0,0.0,0.0
3550902,904.0,1050.0,1167.0,1159.0,1288.0,1139.0,1101.0,944.0,995.0,944.0,851.0,727.0,646.0,435.0,432.0,270.0,152.0,120.0,9.0,8.0,4.0
3551009,23009.0,24357.0,27976.0,27368.0,28162.0,30228.0,28291.0,25206.0,23424.0,21600.0,19057.0,16801.0,12097.0,8872.0,6430.0,4484.0,3078.0,1421.0,453.0,121.0,10.0
3551108,613.0,771.0,866.0,768.0,734.0,710.0,743.0,602.0,600.0,578.0,436.0,485.0,337.0,276.0,207.0,141.0,107.0,42.0,11.0,0.0,0.0
3551207,250.0,294.0,310.0,336.0,283.0,264.0,233.0,238.0,249.0,219.0,210.0,202.0,180.0,115.0,118.0,69.0,26.0,20.0,6.0,0.0,0.0
3551306,184.0,150.0,195.0,215.0,252.0,285.0,234.0,217.0,227.0,203.0,209.0,186.0,154.0,96.0,123.0,50.0,34.0,14.0,0.0,3.0,0.0
3551405,670.0,767.0,875.0,814.0,1247.0,1264.0,1121.0,913.0,774.0,741.0,541.0,476.0,395.0,212.0,183.0,127.0,73.0,44.0,13.0,6.0,0.0
3551504,2949.0,3049.0,3489.0,3574.0,3889.0,3865.0,3315.0,2963.0,2743.0,2417.0,2013.0,1406.0,914.0,880.0,598.0,438.0,200.0,92.0,38.0,45.0,0.0
3551603,1393.0,1622.0,1879.0,1937.0,1969.0,2087.0,2059.0,2002.0,1859.0,1834.0,1751.0,1476.0,1305.0,934.0,838.0,670.0,527.0,185.0,26.0,20.0,13.0
3551702,7153.0,7630.0,8692.0,9114.0,10465.0,10892.0,9911.0,8386.0,7844.0,7330.0,6491.0,4834.0,3980.0,2450.0,1919.0,1575.0,846.0,398.0,129.0,34.0,0.0
3551801,1064.0,1151.0,1314.0,1203.0,915.0,959.0,1000.0,868.0,817.0,727.0,752.0,581.0,540.0,429.0,345.0,182.0,92.0,36.0,15.0,10.0,5.0
3551900,1148.0,1135.0,1389.0,1369.0,1536.0,1478.0,1237.0,1160.0,1104.0,990.0,790.0,655.0,424.0,408.0,268.0,173.0,122.0,80.0,35.0,0.0,0.0
3552007,387.0,473.0,553.0,467.0,508.0,459.0,441.0,398.0,378.0,361.0,342.0,219.0,266.0,187.0,149.0,114.0,54.0,15.0,18.0,3.0,0.0
3552106,2000.0,2222.0,2541.0,2750.0,2822.0,2951.0,2805.0,2636.0,2589.0,2531.0,2247.0,2349.0,1856.0,1396.0,1215.0,871.0,659.0,210.0,27.0,9.0,0.0
3552205,35787.0,39287.0,47631.0,48399.0,53128.0,54774.0,51146.0,45447.0,42195.0,40225.0,34981.0,28321.0,21487.0,14489.0,12095.0,8118.0,5559.0,2384.0,896.0,234.0,41.0
3552304,484.0,511.0,603.0,629.0,634.0,608.0,634.0,607.0,508.0,508.0,469.0,331.0,304.0,214.0,136.0,119.0,77.0,50.0,10.0,0.0,0.0
3552403,17291.0,17709.0,20291.0,20618.0,22727.0,24072.0,22514.0,19577.0,17575.0,15018.0,12889.0,10761.0,7319.0,4949.0,3542.0,2122.0,1343.0,669.0,228.0,70.0,28.0
3552502,18456.0,21047.0,25525.0,23444.0,23231.0,23382.0,22304.0,20426.0,19084.0,16627.0,13962.0,11818.0,8622.0,5269.0,3871.0,2684.0,1569.0,739.0,337.0,84.0,0.0
3552551,229.0,246.0,271.0,289.0,273.0,256.0,254.0,215.0,260.0,248.0,211.0,158.0,159.0,107.0,66.0,67.0,54.0,12.0,8.0,0.0,0.0
3552601,701.0,645.0,759.0,869.0,980.0,1003.0,880.0,820.0,840.0,797.0,728.0,580.0,499.0,430.0,331.0,281.0,125.0,81.0,9.0,5.0,0.0
3552700,935.0,1063.0,1178.0,1206.0,1407.0,1424.0,1148.0,1050.0,1029.0,956.0,912.0,646.0,499.0,405.0,373.0,187.0,155.0,89.0,24.0,0.0,0.0
3552809,18230.0,18797.0,21786.0,20223.0,22692.0,24081.0,23074.0,19992.0,18236.0,15265.0,13318.0,9740.0,7211.0,4899.0,3146.0,1875.0,1189.0,504.0,227.0,43.0,0.0
3552908,364.0,412.0,488.0,496.0,453.0,448.0,435.0,446.0,432.0,424.0,314.0,244.0,194.0,179.0,169.0,110.0,64.0,29.0,8.0,5.0,0.0
3553005,825.0,786.0,925.0,1049.0,1145.0,1017.0,837.0,731.0,686.0,655.0,576.0,476.0,396.0,234.0,239.0,138.0,68.0,37.0,9.0,0.0,0.0
3553104,364.0,409.0,513.0,517.0,527.0,474.0,415.0,442.0,435.0,369.0,311.0,250.0,233.0,201.0,182.0,125.0,76.0,40.0,8.0,4.0,0.0
3553203,297.0,317.0,372.0,451.0,474.0,434.0,384.0,365.0,397.0,372.0,345.0,333.0,274.0,172.0,153.0,139.0,123.0,32.0,12.0,0.0,0.0
3553302,1460.0,1569.0,1785.0,1922.0,1916.0,1835.0,1656.0,1546.0,1521.0,1572.0,1359.0,1196.0,1038.0,580.0,487.0,400.0,325.0,194.0,46.0,0.0,0.0
3553401,1250.0,1366.0,1676.0,1750.0,2007.0,2096.0,1850.0,1687.0,1774.0,1779.0,1719.0,1220.0,1198.0,846.0,697.0,481.0,359.0,220.0,70.0,11.0,0.0
3553500,606.0,670.0,914.0,709.0,616.0,592.0,589.0,535.0,467.0,486.0,436.0,378.0,332.0,290.0,195.0,116.0,49.0,31.0,0.0,0.0,0.0
3553609,737.0,830.0,1097.0,1209.0,1082.0,937.0,890.0,871.0,1013.0,959.0,831.0,601.0,487.0,387.0,303.0,204.0,186.0,96.0,9.0,9.0,0.0
3553658,165.0,210.0,220.0,221.0,234.0,216.0,224.0,194.0,174.0,184.0,185.0,128.0,137.0,72.0,69.0,68.0,11.0,8.0,6.0,0.0,0.0
3553708,3453.0,3695.0,4229.0,4345.0,4601.0,4572.0,4290.0,3956.0,3833.0,3743.0,3234.0,2621.0,2146.0,1778.0,1465.0,950.0,668.0,277.0,120.0,12.0,0.0
3553807,1551.0,1596.0,1966.0,1977.0,1871.0,1810.0,1716.0,1556.0,1541.0,1566.0,1227.0,1272.0,899.0,553.0,583.0,246.0,220.0,85.0,42.0,0.0,13.0
3553856,413.0,505.0,558.0,517.0,496.0,453.0,396.0,331.0,315.0,310.0,232.0,219.0,147.0,78.0,77.0,66.0,14.0,12.0,8.0,3.0,0.0
3553906,467.0,543.0,576.0,614.0,565.0,569.0,540.0,492.0,453.0,426.0,336.0,263.0,194.0,201.0,143.0,133.0,62.0,20.0,9.0,0.0,0.0
3553955,978.0,986.0,1067.0,1126.0,1214.0,1139.0,1051.0,1056.0,922.0,932.0,664.0,549.0,371.0,340.0,195.0,144.0,95.0,42.0,10.0,5.0,0.0
3554003,7321.0,7924.0,9401.0,9163.0,9395.0,9548.0,9024.0,7927.0,7304.0,6767.0,5977.0,4925.0,3996.0,3116.0,2238.0,1654.0,1035.0,438.0,128.0,45.0,0.0
3554102,18097.0,18936.0,22347.0,22626.0,24451.0,25484.0,24102.0,21288.0,20465.0,19005.0,16945.0,13331.0,10488.0,7445.0,5754.0,3814.0,2423.0,1198.0,362.0,102.0,23.0
3554201,362.0,445.0,507.0,411.0,403.0,364.0,363.0,331.0,271.0,300.0,270.0,230.0,171.0,190.0,96.0,64.0,26.0,3.0,3.0,0.0,0.0
3554300,1475.0,1725.0,2000.0,1859.0,1873.0,1802.0,1846.0,1597.0,1568.0,1343.0,1201.0,774.0,784.0,504.0,380.0,309.0,218.0,99.0,11.0,10.0,8.0
3554409,582.0,601.0,678.0,725.0,755.0,759.0,634.0,581.0,578.0,572.0,589.0,358.0,310.0,244.0,255.0,142.0,82.0,45.0,14.0,0.0,0.0
3554508,2358.0,2420.0,2855.0,2956.0,3336.0,3359.0,3007.0,2687.0,2595.0,2526.0,2109.0,1762.0,1492.0,1044.0,900.0,707.0,417.0,225.0,79.0,0.0,0.0
3554607,158.0,175.0,225.0,211.0,184.0,168.0,182.0,159.0,177.0,217.0,209.0,129.0,117.0,114.0,66.0,69.0,65.0,17.0,4.0,0.0,0.0
3554656,139.0,156.0,198.0,183.0,147.0,138.0,167.0,178.0,164.0,145.0,128.0,124.0,118.0,103.0,80.0,31.0,39.0,13.0,3.0,0.0,0.0
3554706,548.0,539.0,683.0,776.0,839.0,747.0,709.0,655.0,628.0,633.0,629.0,444.0,476.0,275.0,292.0,234.0,145.0,45.0,28.0,5.0,0.0
3554755,99.0,119.0,151.0,145.0,128.0,121.0,121.0,110.0,112.0,72.0,80.0,80.0,52.0,55.0,43.0,40.0,9.0,3.0,4.0,0.0,0.0
3554805,2702.0,2807.0,3306.0,3180.0,3961.0,4193.0,3905.0,3183.0,2945.0,2811.0,2287.0,1862.0,1333.0,1009.0,661.0,346.0,275.0,125.0,29.0,58.0,7.0
3554904,289.0,303.0,425.0,416.0,383.0,402.0,409.0,376.0,391.0,344.0,299.0,370.0,304.0,237.0,181.0,120.0,93.0,49.0,23.0,6.0,7.0
3554953,325.0,367.0,430.0,429.0,482.0,450.0,510.0,426.0,407.0,369.0,369.0,355.0,322.0,272.0,165.0,97.0,98.0,47.0,3.0,5.0,0.0
3555000,3543.0,3701.0,4349.0,4593.0,5002.0,5096.0,4856.0,4580.0,4590.0,4521.0,3934.0,3745.0,3004.0,2493.0,2220.0,1493.0,1048.0,457.0,142.0,79.0,29.0
3555109,590.0,637.0,856.0,963.0,1112.0,1240.0,1212.0,1073.0,1043.0,1050.0,998.0,869.0,750.0,580.0,583.0,369.0,192.0,108.0,39.0,5.0,0.0
3555208,115.0,94.0,120.0,143.0,143.0,122.0,129.0,139.0,138.0,150.0,124.0,127.0,100.0,115.0,69.0,55.0,23.0,16.0,8.0,0.0,0.0
3555307,68.0,92.0,136.0,160.0,147.0,91.0,98.0,130.0,156.0,190.0,142.0,138.0,135.0,109.0,87.0,45.0,27.0,20.0,4.0,2.0,0.0
3555356,411.0,457.0,491.0,445.0,462.0,473.0,462.0,407.0,345.0,308.0,252.0,262.0,174.0,132.0,95.0,46.0,44.0,15.0,3.0,5.0,0.0
3555406,5435.0,6360.0,7639.0,6952.0,6148.0,6680.0,6606.0,6612.0,5816.0,5305.0,4281.0,3428.0,2550.0,1860.0,1409.0,1067.0,374.0,199.0,33.0,37.0,11.0
3555505,313.0,322.0,382.0,354.0,381.0,378.0,321.0,265.0,293.0,259.0,254.0,271.0,173.0,140.0,110.0,81.0,76.0,39.0,13.0,3.0,0.0
3555604,551.0,568.0,650.0,730.0,835.0,733.0,708.0,675.0,670.0,667.0,660.0,476.0,419.0,362.0,291.0,201.0,161.0,75.0,24.0,10.0,5.0
3555703,117.0,109.0,134.0,120.0,124.0,151.0,136.0,110.0,112.0,90.0,87.0,79.0,67.0,50.0,45.0,34.0,20.0,10.0,3.0,0.0,0.0
3555802,437.0,545.0,596.0,651.0,669.0,712.0,668.0,633.0,625.0,588.0,643.0,506.0,437.0,372.0,309.0,205.0,157.0,55.0,28.0,0.0,0.0
3555901,69.0,77.0,89.0,83.0,117.0,95.0,91.0,81.0,86.0,104.0,90.0,72.0,69.0,36.0,39.0,24.0,17.0,10.0,2.0,0.0,0.0
3556008,650.0,735.0,859.0,952.0,1027.0,1056.0,934.0,891.0,939.0,933.0,740.0,827.0,589.0,513.0,376.0,330.0,228.0,78.0,41.0,12.0,4.0
3556107,687.0,711.0,828.0,901.0,1030.0,1000.0,949.0,812.0,809.0,724.0,763.0,455.0,480.0,307.0,216.0,188.0,105.0,43.0,17.0,11.0,0.0
3556206,6127.0,6406.0,7577.0,7886.0,9048.0,9396.0,9200.0,8717.0,9023.0,8238.0,6455.0,5834.0,4205.0,2914.0,2458.0,1574.0,1126.0,463.0,108.0,27.0,11.0
3556305,1524.0,1415.0,1659.0,1771.0,2154.0,2514.0,2241.0,1802.0,1620.0,1490.0,1240.0,749.0,872.0,428.0,485.0,283.0,202.0,107.0,9.0,0.0,11.0
3556354,558.0,604.0,745.0,697.0,753.0,722.0,680.0,660.0,588.0,555.0,477.0,464.0,392.0,339.0,231.0,173.0,107.0,40.0,8.0,7.0,0.0
3556404,2628.0,2753.0,3182.0,3174.0,3317.0,3329.0,3090.0,2833.0,2869.0,2684.0,2473.0,1876.0,1623.0,1098.0,885.0,664.0,462.0,233.0,74.0,18.0,0.0
3556453,3261.0,3394.0,3920.0,3577.0,3792.0,3982.0,3806.0,3397.0,3136.0,2837.0,2387.0,1784.0,1331.0,923.0,603.0,418.0,199.0,159.0,64.0,16.0,10.0
3556503,7783.0,8044.0,9207.0,9435.0,10520.0,10558.0,9339.0,8365.0,7702.0,7013.0,6038.0,4767.0,3084.0,2045.0,1390.0,941.0,614.0,135.0,72.0,29.0,8.0
3556602,614.0,725.0,860.0,911.0,854.0,785.0,818.0,740.0,724.0,742.0,614.0,583.0,501.0,401.0,285.0,293.0,227.0,69.0,13.0,10.0,0.0
3556701,3844.0,4093.0,4674.0,4686.0,5697.0,6121.0,5558.0,5174.0,4796.0,4622.0,3927.0,3118.0,2462.0,1603.0,1323.0,884.0,674.0,230.0,98.0,27.0,0.0
3556800,1072.0,1167.0,1424.0,1544.0,1593.0,1600.0,1330.0,1195.0,1145.0,1143.0,983.0,798.0,686.0,490.0,529.0,284.0,198.0,60.0,51.0,5.0,0.0
3556909,434.0,451.0,531.0,586.0,754.0,717.0,580.0,511.0,463.0,434.0,369.0,292.0,192.0,201.0,159.0,105.0,73.0,28.0,6.0,0.0,0.0
3556958,102.0,103.0,118.0,145.0,149.0,145.0,136.0,121.0,124.0,113.0,120.0,92.0,71.0,75.0,52.0,41.0,14.0,7.0,2.0,4.0,2.0
3557006,7446.0,8239.0,9634.0,9442.0,10011.0,10238.0,9394.0,8225.0,7578.0,7018.0,6173.0,4948.0,3843.0,2457.0,1692.0,1211.0,784.0,326.0,122.0,17.0,11.0
3557105,4306.0,4753.0,5793.0,6337.0,7353.0,7294.0,6825.0,6449.0,6385.0,6249.0,5681.0,4648.0,3890.0,2952.0,2419.0,1621.0,930.0,485.0,269.0,54.0,0.0
3557154,151.0,145.0,172.0,163.0,181.0,212.0,166.0,178.0,162.0,175.0,134.0,137.0,91.0,95.0,85.0,44.0,26.0,14.0,5.0,0.0,0.0
3557204,859.0,861.0,1074.0,1012.0,941.0,1013.0,942.0,896.0,826.0,767.0,698.0,621.0,522.0,410.0,265.0,216.0,131.0,51.0,9.0,0.0,0.0
3557303,629.0,695.0,850.0,879.0,921.0,911.0,794.0,797.0,729.0,716.0,588.0,484.0,314.0,257.0,260.0,95.0,86.0,40.0,0.0,0.0,0.0
4100103,484.0,511.0,687.0,749.0,593.0,537.0,530.0,548.0,592.0,555.0,515.0,372.0,330.0,278.0,244.0,131.0,65.0,32.0,10.0,2.0,0.0
4100202,469.0,590.0,702.0,624.0,416.0,434.0,372.0,385.0,392.0,385.0,377.0,304.0,265.0,209.0,198.0,130.0,75.0,37.0,9.0,3.0,0.0
4100301,590.0,642.0,859.0,807.0,614.0,619.0,587.0,586.0,577.0,568.0,550.0,290.0,294.0,290.0,197.0,113.0,71.0,12.0,0.0,4.0,0.0
4100400,8800.0,8894.0,10792.0,10090.0,9240.0,9046.0,8537.0,8211.0,7391.0,6048.0,4960.0,3928.0,2764.0,1816.0,1241.0,812.0,411.0,170.0,33.0,20.0,0.0
4100459,280.0,362.0,427.0,426.0,314.0,296.0,299.0,274.0,335.0,291.0,187.0,263.0,168.0,134.0,105.0,93.0,31.0,15.0,4.0,3.0,0.0
4100509,1278.0,1413.0,1665.0,1708.0,1622.0,1565.0,1442.0,1390.0,1493.0,1357.0,1210.0,1148.0,1012.0,687.0,636.0,449.0,292.0,80.0,58.0,12.0,0.0
4100608,927.0,994.0,1140.0,1225.0,1118.0,1056.0,1026.0,1005.0,1052.0,901.0,809.0,717.0,509.0,430.0,324.0,185.0,162.0,51.0,17.0,15.0,0.0
4100707,690.0,694.0,872.0,967.0,834.0,798.0,711.0,712.0,756.0,681.0,618.0,397.0,409.0,364.0,311.0,177.0,111.0,53.0,19.0,5.0,0.0
4100806,712.0,708.0,809.0,910.0,877.0,789.0,690.0,698.0,732.0,726.0,714.0,521.0,458.0,334.0,289.0,118.0,144.0,29.0,15.0,10.0,0.0
4100905,426.0,457.0,528.0,547.0,525.0,403.0,404.0,374.0,404.0,366.0,281.0,233.0,117.0,110.0,104.0,87.0,44.0,22.0,7.0,0.0,2.0
4101002,1224.0,1326.0,1651.0,1657.0,1516.0,1358.0,1250.0,1229.0,1218.0,1192.0,993.0,732.0,603.0,532.0,389.0,203.0,136.0,78.0,21.0,0.0,0.0
4101051,180.0,193.0,268.0,253.0,197.0,194.0,231.0,182.0,216.0,172.0,173.0,162.0,129.0,115.0,90.0,59.0,35.0,13.0,7.0,5.0,0.0
4101101,1273.0,1387.0,1597.0,1667.0,1611.0,1594.0,1585.0,1515.0,1539.0,1458.0,1085.0,1278.0,935.0,778.0,519.0,307.0,333.0,105.0,42.0,0.0,0.0
4101150,189.0,201.0,235.0,245.0,242.0,215.0,205.0,221.0,214.0,210.0,176.0,129.0,118.0,95.0,70.0,34.0,32.0,11.0,14.0,0.0,2.0
4101200,1372.0,1575.0,1919.0,1697.0,1341.0,1274.0,1287.0,1223.0,1264.0,1313.0,1054.0,932.0,786.0,658.0,478.0,372.0,187.0,108.0,50.0,0.0,0.0
4101309,448.0,560.0,694.0,672.0,508.0,460.0,522.0,515.0,564.0,524.0,441.0,421.0,336.0,226.0,242.0,114.0,85.0,14.0,6.0,0.0,0.0
4101408,7977.0,8300.0,9733.0,10481.0,10565.0,10073.0,9661.0,8732.0,9198.0,8056.0,7002.0,6165.0,5069.0,3440.0,2830.0,1838.0,1141.0,402.0,197.0,59.0,0.0
4101507,6997.0,6972.0,8221.0,8433.0,9304.0,9190.0,8794.0,8169.0,7983.0,7152.0,5695.0,5165.0,3714.0,3162.0,2151.0,1514.0,889.0,416.0,175.0,54.0,0.0
4101606,2051.0,2199.0,2562.0,2549.0,2101.0,2138.0,2043.0,1936.0,1831.0,1688.0,1351.0,963.0,796.0,624.0,422.0,337.0,144.0,94.0,19.0,8.0,0.0
4101655,198.0,248.0,331.0,347.0,235.0,226.0,235.0,228.0,289.0,232.0,218.0,167.0,160.0,163.0,128.0,84.0,38.0,22.0,10.0,3.0,0.0
4101705,796.0,906.0,1147.0,1232.0,1103.0,954.0,1038.0,1041.0,1082.0,938.0,717.0,715.0,485.0,454.0,316.0,257.0,159.0,46.0,21.0,8.0,5.0
4101804,8987.0,9708.0,11342.0,11259.0,11247.0,11118.0,10468.0,9628.0,8586.0,7357.0,6305.0,4392.0,3346.0,2008.0,1342.0,1200.0,519.0,174.0,93.0,38.0,8.0
4101853,142.0,173.0,189.0,213.0,172.0,169.0,156.0,180.0,189.0,169.0,170.0,115.0,127.0,106.0,75.0,65.0,27.0,7.0,7.0,3.0,0.0
4101903,1051.0,1131.0,1332.0,1412.0,1305.0,1263.0,1128.0,1203.0,1116.0,1058.0,952.0,859.0,722.0,676.0,475.0,350.0,204.0,71.0,45.0,0.0,0.0
4102000,1992.0,2217.0,2597.0,2811.0,2412.0,2264.0,2424.0,2550.0,2713.0,2339.0,1915.0,1849.0,1583.0,1242.0,849.0,658.0,345.0,180.0,84.0,0.0,0.0
4102109,1569.0,1536.0,1859.0,2109.0,2020.0,1877.0,1846.0,1795.0,1909.0,1724.0,1401.0,1497.0,1113.0,826.0,670.0,524.0,266.0,125.0,23.0,11.0,0.0
4102208,197.0,233.0,321.0,322.0,268.0,285.0,274.0,305.0,347.0,285.0,206.0,257.0,222.0,132.0,108.0,68.0,53.0,16.0,8.0,5.0,0.0
4102307,797.0,802.0,1028.0,1028.0,1006.0,978.0,936.0,901.0,838.0,711.0,601.0,536.0,390.0,275.0,219.0,128.0,88.0,15.0,8.0,0.0,15.0
4102406,2004.0,2258.0,2702.0,2824.0,2753.0,2480.0,2251.0,2239.0,2357.0,2224.0,2019.0,1634.0,1269.0,1170.0,779.0,613.0,350.0,175.0,53.0,29.0,0.0
4102505,800.0,868.0,1115.0,1131.0,946.0,837.0,786.0,871.0,931.0,911.0,785.0,645.0,562.0,511.0,372.0,324.0,135.0,81.0,15.0,14.0,16.0
4102604,604.0,743.0,977.0,935.0,799.0,788.0,699.0,686.0,648.0,688.0,579.0,443.0,370.0,295.0,256.0,104.0,75.0,14.0,28.0,5.0,0.0
4102703,137.0,162.0,192.0,240.0,201.0,191.0,195.0,183.0,202.0,213.0,165.0,188.0,171.0,97.0,81.0,56.0,29.0,23.0,0.0,0.0,0.0
4102752,235.0,326.0,397.0,356.0,246.0,226.0,210.0,236.0,307.0,315.0,265.0,240.0,189.0,155.0,90.0,81.0,49.0,20.0,3.0,0.0,0.0
4102802,895.0,974.0,1227.0,1276.0,1197.0,1117.0,1051.0,1019.0,1099.0,1069.0,1036.0,699.0,685.0,575.0,502.0,352.0,176.0,88.0,33.0,10.0,0.0
4102901,1319.0,1493.0,1766.0,1525.0,1288.0,1218.0,1232.0,1135.0,1053.0,938.0,842.0,613.0,547.0,287.0,241.0,199.0,89.0,64.0,27.0,4.0,0.0
4103008,245.0,313.0,342.0,363.0,344.0,332.0,313.0,348.0,394.0,384.0,290.0,224.0,211.0,166.0,153.0,73.0,52.0,14.0,5.0,3.0,0.0
4103024,171.0,249.0,275.0,251.0,194.0,216.0,183.0,227.0,220.0,168.0,170.0,146.0,92.0,77.0,54.0,54.0,9.0,4.0,4.0,0.0,0.0
4103040,497.0,579.0,726.0,682.0,532.0,503.0,515.0,504.0,417.0,413.0,317.0,285.0,181.0,181.0,96.0,75.0,35.0,7.0,3.0,4.0,2.0
4103057,566.0,691.0,806.0,690.0,481.0,533.0,549.0,597.0,527.0,463.0,479.0,390.0,333.0,344.0,193.0,145.0,73.0,37.0,11.0,3.0,0.0
4103107,873.0,980.0,1213.0,1017.0,890.0,885.0,816.0,803.0,681.0,623.0,515.0,503.0,383.0,283.0,244.0,109.0,114.0,50.0,5.0,0.0,0.0
4103156,246.0,279.0,394.0,385.0,223.0,213.0,256.0,252.0,258.0,223.0,237.0,227.0,211.0,131.0,127.0,72.0,39.0,10.0,9.0,4.0,0.0
4103206,464.0,485.0,592.0,601.0,545.0,507.0,473.0,439.0,510.0,450.0,369.0,271.0,250.0,219.0,168.0,124.0,47.0,37.0,6.0,3.0,0.0
4103222,201.0,209.0,264.0,321.0,253.0,201.0,222.0,233.0,263.0,254.0,228.0,171.0,163.0,130.0,86.0,43.0,25.0,22.0,0.0,5.0,0.0
4103305,432.0,450.0,622.0,689.0,546.0,498.0,501.0,620.0,564.0,624.0,510.0,491.0,397.0,310.0,226.0,178.0,143.0,55.0,16.0,6.0,0.0
4103354,374.0,469.0,490.0,507.0,448.0,394.0,395.0,413.0,456.0,415.0,366.0,236.0,233.0,206.0,151.0,101.0,39.0,21.0,18.0,3.0,0.0
4103370,176.0,216.0,253.0,309.0,240.0,197.0,228.0,218.0,273.0,248.0,184.0,156.0,133.0,132.0,112.0,58.0,55.0,16.0,2.0,3.0,0.0
4103404,162.0,198.0,214.0,250.0,227.0,204.0,189.0,204.0,229.0,190.0,157.0,109.0,104.0,102.0,72.0,38.0,21.0,19.0,3.0,3.0,0.0
4103453,1027.0,1064.0,1311.0,1292.0,1378.0,1360.0,1265.0,1268.0,1199.0,964.0,679.0,602.0,388.0,323.0,211.0,177.0,93.0,38.0,18.0,0.0,4.0
4103479,235.0,269.0,346.0,362.0,306.0,288.0,290.0,333.0,343.0,305.0,262.0,243.0,195.0,146.0,172.0,98.0,63.0,25.0,4.0,5.0,0.0
4103503,565.0,564.0,679.0,718.0,683.0,607.0,547.0,536.0,660.0,527.0,469.0,407.0,352.0,267.0,184.0,138.0,101.0,38.0,12.0,9.0,6.0
4103602,1594.0,1663.0,1886.0,1991.0,1971.0,1817.0,1782.0,1702.0,1745.0,1699.0,1401.0,1259.0,983.0,862.0,569.0,440.0,392.0,116.0,8.0,6.0,0.0
4103701,6189.0,6835.0,8201.0,8058.0,8304.0,7996.0,7922.0,7576.0,7560.0,6455.0,5723.0,4551.0,3562.0,2883.0,1979.0,1470.0,844.0,382.0,195.0,27.0,21.0
4103800,460.0,475.0,551.0,615.0,640.0,569.0,523.0,509.0,511.0,531.0,467.0,408.0,304.0,242.0,176.0,139.0,81.0,22.0,9.0,3.0,0.0
4103909,1100.0,1156.0,1426.0,1420.0,1090.0,983.0,1115.0,1122.0,1161.0,1040.0,960.0,727.0,684.0,512.0,348.0,273.0,154.0,87.0,33.0,4.0,0.0
4103958,311.0,401.0,464.0,374.0,293.0,286.0,278.0,304.0,293.0,275.0,230.0,185.0,129.0,106.0,66.0,44.0,35.0,2.0,0.0,0.0,0.0
4104006,3179.0,3189.0,3952.0,3664.0,3538.0,3526.0,3233.0,2987.0,2772.0,2288.0,1971.0,1517.0,1097.0,676.0,529.0,380.0,143.0,116.0,0.0,11.0,0.0
4104055,294.0,371.0,473.0,479.0,315.0,271.0,329.0,325.0,347.0,283.0,217.0,194.0,173.0,109.0,113.0,65.0,32.0,10.0,3.0,0.0,4.0
4104105,619.0,634.0,804.0,710.0,615.0,546.0,582.0,498.0,501.0,408.0,308.0,289.0,207.0,152.0,115.0,81.0,44.0,6.0,6.0,0.0,0.0
4104204,7876.0,8305.0,10119.0,10222.0,9710.0,9811.0,9850.0,8967.0,8548.0,7470.0,6071.0,4908.0,3602.0,2781.0,1744.0,1242.0,650.0,389.0,85.0,27.0,0.0
4104253,1981.0,2010.0,2545.0,2451.0,2171.0,2109.0,2079.0,1987.0,1816.0,1484.0,1216.0,1037.0,718.0,543.0,313.0,180.0,123.0,69.0,11.0,0.0,0.0
4104303,5711.0,6131.0,7455.0,8000.0,7720.0,7238.0,6656.0,6610.0,6579.0,6135.0,5002.0,4298.0,3200.0,2410.0,1753.0,1076.0,738.0,364.0,104.0,15.0,0.0
4104402,1200.0,1400.0,1776.0,1621.0,1153.0,1182.0,1170.0,1139.0,1109.0,1052.0,975.0,808.0,677.0,539.0,352.0,285.0,142.0,52.0,15.0,8.0,0.0
4104428,1189.0,1387.0,1646.0,1534.0,1160.0,1123.0,1129.0,1092.0,1082.0,945.0,891.0,495.0,457.0,347.0,243.0,134.0,66.0,28.0,24.0,12.0,0.0
4104451,1080.0,1189.0,1453.0,1286.0,970.0,894.0,949.0,939.0,876.0,760.0,638.0,642.0,434.0,340.0,204.0,126.0,106.0,54.0,13.0,0.0,0.0
4104501,1083.0,1294.0,1554.0,1666.0,1341.0,1362.0,1283.0,1325.0,1375.0,1336.0,1171.0,1057.0,901.0,673.0,559.0,277.0,132.0,111.0,26.0,0.0,0.0
4104600,1009.0,1130.0,1423.0,1366.0,1191.0,1154.0,1093.0,1114.0,1045.0,983.0,841.0,745.0,611.0,505.0,366.0,177.0,142.0,40.0,31.0,5.0,0.0
4104659,1809.0,1755.0,1878.0,1857.0,1707.0,1808.0,1679.0,1455.0,1254.0,1099.0,900.0,590.0,487.0,361.0,210.0,154.0,95.0,41.0,15.0,9.0,0.0
4104709,821.0,1035.0,1231.0,1174.0,1085.0,1074.0,922.0,933.0,915.0,990.0,873.0,750.0,612.0,422.0,325.0,305.0,165.0,56.0,11.0,0.0,7.0
4104808,19990.0,20419.0,24649.0,26917.0,27735.0,26234.0,24004.0,22541.0,21318.0,18899.0,15456.0,12339.0,9207.0,6087.0,4469.0,2921.0,1775.0,867.0,294.0,74.0,10.0
4104907,5715.0,6163.0,6795.0,6414.0,5521.0,5429.0,5288.0,5040.0,4431.0,3869.0,3359.0,2423.0,2050.0,1815.0,1152.0,860.0,453.0,232.0,54.0,22.0,0.0
4105003,770.0,827.0,1062.0,1031.0,843.0,752.0,783.0,763.0,700.0,574.0,523.0,448.0,304.0,364.0,187.0,147.0,71.0,24.0,16.0,14.0,0.0
4105102,594.0,756.0,956.0,1016.0,874.0,851.0,815.0,808.0,866.0,786.0,648.0,598.0,420.0,425.0,286.0,227.0,169.0,81.0,15.0,0.0,0.0
4105201,1289.0,1657.0,1978.0,1611.0,1264.0,1316.0,1219.0,1135.0,1060.0,992.0,826.0,741.0,573.0,494.0,397.0,222.0,98.0,39.0,6.0,16.0,4.0
4105300,667.0,777.0,924.0,944.0,885.0,844.0,868.0,895.0,827.0,732.0,608.0,573.0,502.0,358.0,252.0,161.0,142.0,54.0,19.0,0.0,0.0
4105409,1311.0,1490.0,1800.0,1871.0,1649.0,1462.0,1299.0,1441.0,1477.0,1375.0,1146.0,930.0,704.0,665.0,502.0,259.0,182.0,81.0,30.0,6.0,0.0
4105508,4612.0,4427.0,5519.0,6168.0,6441.0,6059.0,5646.0,5533.0,5481.0,4799.0,3954.0,3230.0,2346.0,2173.0,1369.0,1117.0,608.0,343.0,85.0,49.0,0.0
4105607,760.0,860.0,1006.0,1011.0,942.0,910.0,923.0,838.0,815.0,708.0,582.0,460.0,360.0,291.0,278.0,161.0,91.0,44.0,18.0,4.0,0.0
4105706,1318.0,1429.0,1796.0,1654.0,1253.0,1213.0,1121.0,1151.0,1193.0,1208.0,950.0,803.0,610.0,550.0,459.0,300.0,138.0,62.0,32.0,0.0,0.0
4105805,16820.0,17935.0,21010.0,20048.0,19433.0,19473.0,18534.0,17127.0,15282.0,12941.0,11110.0,7671.0,5738.0,3986.0,2689.0,1754.0,1013.0,298.0,53.0,42.0,11.0
4105904,1290.0,1417.0,1713.0,1799.0,1873.0,1783.0,1793.0,1742.0,1755.0,1665.0,1420.0,1185.0,922.0,685.0,630.0,385.0,184.0,83.0,20.0,0.0,0.0
4106001,540.0,623.0,746.0,806.0,627.0,556.0,557.0,554.0,595.0,580.0,521.0,355.0,330.0,294.0,275.0,137.0,132.0,30.0,16.0,4.0,0.0
4106100,226.0,250.0,346.0,356.0,290.0,249.0,240.0,270.0,236.0,229.0,206.0,212.0,164.0,117.0,107.0,60.0,38.0,25.0,13.0,2.0,0.0
4106209,1134.0,1336.0,1538.0,1364.0,1367.0,1240.0,1352.0,1186.0,1151.0,982.0,733.0,791.0,558.0,466.0,292.0,176.0,122.0,69.0,21.0,6.0,5.0
4106308,1072.0,1130.0,1423.0,1524.0,1415.0,1280.0,1096.0,1180.0,1294.0,1140.0,966.0,778.0,531.0,558.0,362.0,274.0,197.0,70.0,10.0,5.0,5.0
4106407,2814.0,2947.0,3477.0,3850.0,3911.0,3730.0,3545.0,3323.0,3508.0,3342.0,2908.0,2861.0,2314.0,1399.0,1173.0,808.0,618.0,218.0,147.0,24.0,11.0
4106456,662.0,661.0,851.0,772.0,615.0,561.0,510.0,523.0,497.0,404.0,347.0,244.0,243.0,127.0,99.0,64.0,41.0,9.0,6.0,2.0,0.0
4106506,1401.0,1565.0,1932.0,2103.0,1716.0,1596.0,1494.0,1433.0,1570.0,1449.0,1278.0,1247.0,890.0,736.0,487.0,472.0,270.0,62.0,48.0,0.0,0.0
4106555,226.0,316.0,347.0,384.0,257.0,266.0,292.0,260.0,282.0,297.0,232.0,224.0,218.0,134.0,116.0,72.0,62.0,9.0,5.0,0.0,4.0
4106571,285.0,361.0,405.0,428.0,353.0,301.0,262.0,292.0,299.0,296.0,250.0,218.0,164.0,114.0,105.0,80.0,46.0,16.0,0.0,3.0,0.0
4106605,1208.0,1336.0,1683.0,1720.0,1541.0,1530.0,1640.0,1583.0,1488.0,1391.0,1152.0,1087.0,904.0,681.0,646.0,392.0,300.0,103.0,15.0,16.0,0.0
4106704,276.0,307.0,362.0,402.0,389.0,361.0,308.0,353.0,356.0,322.0,274.0,264.0,170.0,134.0,101.0,62.0,77.0,31.0,11.0,4.0,0.0
4106803,1309.0,1713.0,1947.0,1655.0,1459.0,1378.0,1362.0,1296.0,1210.0,1170.0,945.0,733.0,617.0,473.0,329.0,245.0,123.0,47.0,23.0,5.0,0.0
4106852,182.0,196.0,260.0,294.0,196.0,236.0,241.0,240.0,245.0,226.0,175.0,209.0,130.0,114.0,113.0,59.0,37.0,6.0,0.0,2.0,0.0
4106902,108215.0,111854.0,130148.0,139133.0,158196.0,165630.0,155344.0,138079.0,130519.0,122377.0,109571.0,84511.0,67108.0,45131.0,35568.0,23138.0,16717.0,7254.0,2555.0,739.0,120.0
4107009,1013.0,1115.0,1362.0,1306.0,1142.0,1085.0,1010.0,981.0,934.0,874.0,775.0,620.0,491.0,471.0,319.0,189.0,156.0,60.0,20.0,0.0,0.0
4107108,326.0,374.0,472.0,484.0,413.0,367.0,379.0,431.0,418.0,390.0,319.0,286.0,237.0,239.0,137.0,151.0,52.0,28.0,11.0,3.0,0.0
4107124,245.0,322.0,440.0,364.0,223.0,238.0,260.0,260.0,234.0,237.0,132.0,148.0,136.0,80.0,86.0,53.0,26.0,15.0,8.0,3.0,0.0
4107157,402.0,396.0,518.0,551.0,416.0,315.0,306.0,321.0,330.0,352.0,244.0,226.0,240.0,147.0,105.0,76.0,64.0,5.0,10.0,4.0,0.0
4107207,2559.0,2650.0,3109.0,3367.0,3354.0,3094.0,2848.0,2723.0,2672.0,2501.0,2062.0,1649.0,1128.0,939.0,760.0,295.0,308.0,126.0,10.0,25.0,0.0
4107256,502.0,501.0,591.0,609.0,623.0,632.0,591.0,574.0,559.0,517.0,460.0,316.0,292.0,201.0,220.0,137.0,74.0,25.0,18.0,3.0,0.0
4107306,292.0,337.0,417.0,498.0,422.0,393.0,355.0,397.0,478.0,487.0,345.0,372.0,296.0,256.0,190.0,138.0,84.0,41.0,21.0,9.0,0.0
4107405,359.0,469.0,563.0,565.0,423.0,399.0,389.0,436.0,470.0,469.0,391.0,369.0,257.0,207.0,152.0,99.0,46.0,31.0,8.0,0.0,0.0
4107504,863.0,989.0,1165.0,1193.0,1134.0,1075.0,991.0,1027.0,1088.0,1003.0,857.0,704.0,583.0,428.0,367.0,213.0,131.0,66.0,12.0,10.0,5.0
4107520,89.0,128.0,155.0,148.0,118.0,129.0,127.0,158.0,164.0,150.0,112.0,107.0,118.0,85.0,78.0,63.0,24.0,8.0,8.0,0.0,0.0
4107538,244.0,267.0,309.0,321.0,321.0,305.0,311.0,307.0,317.0,282.0,230.0,200.0,182.0,137.0,96.0,44.0,30.0,17.0,4.0,0.0,2.0
4107546,361.0,440.0,476.0,442.0,308.0,292.0,277.0,338.0,296.0,284.0,267.0,228.0,217.0,156.0,126.0,108.0,34.0,21.0,0.0,0.0,5.0
4107553,224.0,262.0,326.0,344.0,227.0,232.0,259.0,262.0,268.0,253.0,226.0,136.0,132.0,105.0,96.0,75.0,17.0,13.0,10.0,3.0,0.0
4107603,1114.0,1226.0,1479.0,1521.0,1335.0,1242.0,1115.0,1149.0,1170.0,1054.0,881.0,753.0,693.0,548.0,442.0,276.0,194.0,73.0,42.0,0.0,6.0
4107652,7057.0,7499.0,8701.0,7921.0,7327.0,7274.0,7015.0,6388.0,5796.0,4939.0,3951.0,2866.0,2004.0,1211.0,960.0,372.0,225.0,131.0,28.0,10.0,0.0
4107702,266.0,332.0,408.0,477.0,347.0,323.0,305.0,359.0,390.0,341.0,274.0,255.0,208.0,171.0,125.0,84.0,75.0,46.0,7.0,10.0,0.0
4107736,427.0,521.0,624.0,616.0,487.0,419.0,426.0,446.0,414.0,383.0,337.0,231.0,194.0,142.0,110.0,95.0,50.0,6.0,5.0,0.0,0.0
4107751,556.0,608.0,781.0,776.0,598.0,550.0,583.0,642.0,560.0,562.0,438.0,447.0,373.0,297.0,236.0,129.0,86.0,41.0,26.0,5.0,0.0
4107801,224.0,237.0,350.0,440.0,399.0,345.0,340.0,370.0,408.0,374.0,319.0,325.0,249.0,244.0,155.0,154.0,70.0,39.0,8.0,0.0,0.0
4107850,286.0,393.0,473.0,484.0,311.0,301.0,317.0,348.0,384.0,333.0,261.0,251.0,173.0,151.0,138.0,65.0,36.0,13.0,9.0,0.0,0.0
4107900,359.0,388.0,439.0,503.0,538.0,502.0,471.0,413.0,433.0,429.0,377.0,308.0,235.0,188.0,155.0,111.0,45.0,27.0,9.0,2.0,0.0
4108007,731.0,801.0,1010.0,1006.0,954.0,896.0,852.0,882.0,854.0,807.0,637.0,511.0,342.0,355.0,255.0,160.0,105.0,50.0,10.0,0.0,4.0
4108106,166.0,175.0,201.0,201.0,200.0,178.0,196.0,181.0,215.0,186.0,169.0,106.0,94.0,105.0,85.0,44.0,17.0,20.0,3.0,0.0,0.0
4108205,349.0,411.0,542.0,620.0,538.0,495.0,477.0,514.0,617.0,641.0,527.0,466.0,351.0,341.0,316.0,165.0,114.0,39.0,18.0,0.0,0.0
4108304,19889.0,20870.0,24514.0,24681.0,22726.0,21697.0,21425.0,20281.0,19141.0,16629.0,13370.0,10614.0,7291.0,5327.0,3364.0,2418.0,1122.0,507.0,187.0,25.0,10.0
4108320,430.0,476.0,516.0,621.0,417.0,383.0,367.0,415.0,495.0,420.0,406.0,355.0,334.0,286.0,237.0,95.0,95.0,58.0,9.0,0.0,3.0
4108403,5332.0,5446.0,6655.0,7240.0,7548.0,7009.0,6152.0,5699.0,5854.0,5527.0,4521.0,3602.0,2836.0,2016.0,1410.0,1052.0,597.0,266.0,135.0,35.0,9.0
4108452,433.0,560.0,616.0,575.0,401.0,397.0,377.0,380.0,330.0,321.0,283.0,211.0,206.0,120.0,101.0,52.0,38.0,13.0,6.0,0.0,0.0
4108502,1101.0,1407.0,1628.0,1381.0,1138.0,971.0,1008.0,980.0,894.0,787.0,619.0,510.0,421.0,307.0,220.0,167.0,67.0,51.0,7.0,5.0,0.0
4108551,197.0,237.0,280.0,292.0,170.0,186.0,209.0,254.0,262.0,260.0,254.0,168.0,228.0,98.0,107.0,77.0,43.0,7.0,7.0,3.0,0.0
4108601,1845.0,2096.0,2474.0,2487.0,2379.0,2246.0,2065.0,2133.0,2174.0,2109.0,1689.0,1482.0,1050.0,1057.0,673.0,532.0,290.0,174.0,50.0,7.0,7.0
4108650,605.0,775.0,898.0,776.0,539.0,587.0,486.0,463.0,510.0,472.0,406.0,310.0,213.0,218.0,121.0,41.0,57.0,6.0,19.0,0.0,0.0
4108700,363.0,425.0,651.0,695.0,513.0,405.0,443.0,482.0,466.0,491.0,397.0,371.0,271.0,199.0,161.0,155.0,93.0,22.0,19.0,3.0,0.0
4108809,2377.0,2335.0,2690.0,2589.0,2698.0,2593.0,2152.0,2169.0,2244.0,2091.0,1592.0,1231.0,1118.0,1002.0,758.0,534.0,322.0,137.0,48.0,23.0,0.0
4108908,458.0,442.0,522.0,588.0,534.0,482.0,457.0,426.0,437.0,450.0,335.0,292.0,226.0,187.0,150.0,113.0,66.0,22.0,9.0,0.0,0.0
4108957,582.0,590.0,801.0,826.0,663.0,621.0,536.0,581.0,580.0,540.0,429.0,326.0,265.0,211.0,165.0,86.0,59.0,27.0,8.0,0.0,4.0
4109005,277.0,250.0,361.0,377.0,330.0,272.0,271.0,261.0,322.0,272.0,189.0,225.0,150.0,127.0,82.0,59.0,42.0,22.0,3.0,0.0,0.0
4109104,127.0,130.0,210.0,226.0,182.0,165.0,156.0,152.0,161.0,156.0,122.0,113.0,96.0,50.0,55.0,64.0,35.0,14.0,6.0,0.0,0.0
4109203,312.0,353.0,455.0,501.0,422.0,367.0,353.0,387.0,406.0,331.0,293.0,239.0,232.0,195.0,197.0,90.0,74.0,10.0,6.0,4.0,0.0
4109302,917.0,1139.0,1380.0,1467.0,985.0,1031.0,982.0,990.0,1061.0,984.0,903.0,738.0,574.0,584.0,391.0,244.0,135.0,51.0,23.0,0.0,4.0
4109401,12591.0,13748.0,16332.0,16030.0,14389.0,13629.0,13260.0,12357.0,12052.0,10996.0,9157.0,7006.0,5694.0,3845.0,2816.0,1748.0,1032.0,341.0,223.0,59.0,24.0
4109500,610.0,723.0,889.0,767.0,598.0,602.0,613.0,524.0,494.0,414.0,414.0,314.0,283.0,236.0,189.0,95.0,69.0,32.0,6.0,0.0,0.0
4109609,2441.0,2672.0,3116.0,2978.0,2329.0,2315.0,2374.0,2233.0,2165.0,2127.0,1745.0,1872.0,1346.0,980.0,663.0,358.0,138.0,154.0,39.0,26.0,24.0
4109658,441.0,535.0,667.0,591.0,411.0,425.0,451.0,449.0,402.0,379.0,309.0,311.0,181.0,158.0,117.0,56.0,33.0,25.0,13.0,0.0,0.0
4109708,2132.0,2252.0,2556.0,2542.0,2306.0,2331.0,2223.0,1969.0,1974.0,1931.0,1557.0,1418.0,1084.0,911.0,582.0,566.0,258.0,131.0,20.0,8.0,0.0
4109757,427.0,526.0,614.0,660.0,490.0,402.0,462.0,450.0,433.0,367.0,250.0,297.0,228.0,184.0,126.0,89.0,38.0,13.0,10.0,0.0,0.0
4109807,3165.0,3474.0,3964.0,4062.0,3970.0,3935.0,4002.0,3506.0,3536.0,3232.0,2897.0,2536.0,1868.0,1424.0,1124.0,867.0,348.0,203.0,76.0,0.0,9.0
4109906,543.0,611.0,804.0,771.0,669.0,580.0,573.0,648.0,667.0,565.0,473.0,531.0,432.0,345.0,215.0,182.0,153.0,48.0,24.0,5.0,0.0
4110003,263.0,247.0,331.0,387.0,359.0,291.0,314.0,311.0,308.0,246.0,237.0,198.0,165.0,128.0,103.0,61.0,20.0,9.0,4.0,0.0,0.0
4110052,137.0,153.0,212.0,185.0,168.0,167.0,159.0,157.0,166.0,150.0,136.0,97.0,107.0,85.0,83.0,46.0,15.0,10.0,2.0,0.0,0.0
4110078,962.0,1025.0,1225.0,1061.0,871.0,842.0,877.0,872.0,689.0,624.0,522.0,493.0,407.0,283.0,232.0,143.0,80.0,44.0,22.0,0.0,0.0
4110102,2109.0,2640.0,2777.0,2722.0,2398.0,2408.0,2340.0,2105.0,1974.0,1746.0,1566.0,995.0,919.0,619.0,604.0,287.0,168.0,38.0,22.0,18.0,0.0
4110201,1006.0,1102.0,1264.0,1160.0,804.0,750.0,850.0,808.0,707.0,599.0,547.0,405.0,312.0,252.0,164.0,118.0,59.0,31.0,5.0,0.0,0.0
4110300,168.0,202.0,287.0,296.0,213.0,198.0,236.0,232.0,238.0,190.0,187.0,106.0,130.0,98.0,107.0,41.0,45.0,10.0,3.0,0.0,0.0
4110409,284.0,274.0,341.0,346.0,333.0,277.0,288.0,320.0,329.0,306.0,277.0,257.0,214.0,137.0,127.0,83.0,66.0,30.0,7.0,3.0,0.0
4110508,1114.0,1223.0,1481.0,1392.0,1216.0,1185.0,1129.0,1022.0,941.0,834.0,679.0,590.0,463.0,311.0,246.0,145.0,125.0,32.0,17.0,5.0,0.0
4110607,866.0,1000.0,1261.0,1314.0,1150.0,1014.0,1023.0,980.0,1106.0,1030.0,1063.0,711.0,717.0,476.0,503.0,446.0,189.0,93.0,30.0,0.0,9.0
4110656,144.0,178.0,210.0,218.0,188.0,159.0,168.0,207.0,228.0,220.0,136.0,108.0,123.0,101.0,82.0,74.0,19.0,4.0,12.0,0.0,0.0
4110706,3899.0,4041.0,4807.0,5030.0,4725.0,4604.0,4443.0,4205.0,4183.0,3829.0,3248.0,2706.0,2268.0,1421.0,1260.0,890.0,446.0,134.0,56.0,0.0,12.0
4110805,698.0,869.0,1056.0,987.0,692.0,748.0,707.0,745.0,771.0,751.0,595.0,523.0,439.0,389.0,301.0,119.0,166.0,37.0,20.0,8.0,0.0
4110904,301.0,323.0,428.0,440.0,370.0,345.0,275.0,343.0,317.0,319.0,301.0,184.0,170.0,129.0,105.0,108.0,76.0,19.0,14.0,0.0,0.0
4110953,550.0,680.0,838.0,858.0,790.0,745.0,695.0,726.0,659.0,590.0,433.0,406.0,386.0,217.0,201.0,138.0,68.0,33.0,12.0,0.0,0.0
4111001,423.0,475.0,602.0,568.0,503.0,484.0,514.0,461.0,492.0,461.0,454.0,340.0,256.0,239.0,224.0,125.0,81.0,40.0,17.0,0.0,0.0
4111100,381.0,394.0,443.0,546.0,459.0,497.0,451.0,452.0,476.0,396.0,309.0,355.0,302.0,169.0,135.0,109.0,53.0,40.0,6.0,3.0,3.0
4111209,669.0,740.0,912.0,962.0,816.0,761.0,728.0,733.0,781.0,778.0,640.0,586.0,419.0,373.0,292.0,176.0,110.0,51.0,4.0,0.0,0.0
4111258,2120.0,2380.0,2606.0,2481.0,2265.0,2105.0,2063.0,1811.0,1630.0,1219.0,846.0,805.0,547.0,435.0,185.0,206.0,121.0,37.0,16.0,9.0,0.0
4111308,270.0,282.0,325.0,338.0,274.0,257.0,234.0,256.0,230.0,223.0,178.0,171.0,148.0,143.0,113.0,78.0,32.0,24.0,6.0,2.0,0.0
4111407,1014.0,1148.0,1301.0,1155.0,1064.0,1079.0,988.0,958.0,819.0,752.0,630.0,512.0,454.0,329.0,262.0,189.0,97.0,43.0,17.0,4.0,0.0
4111506,1932.0,2169.0,2509.0,2836.0,2267.0,2425.0,2234.0,2271.0,2375.0,2273.0,2039.0,1705.0,1454.0,1127.0,950.0,564.0,372.0,236.0,72.0,6.0,0.0
4111555,531.0,535.0,601.0,638.0,639.0,604.0,599.0,566.0,585.0,519.0,463.0,303.0,248.0,232.0,177.0,136.0,81.0,20.0,26.0,3.0,8.0
4111605,128.0,153.0,272.0,530.0,284.0,177.0,173.0,180.0,203.0,192.0,164.0,163.0,126.0,67.0,76.0,59.0,41.0,13.0,9.0,0.0,0.0
4111704,298.0,374.0,448.0,405.0,306.0,370.0,393.0,399.0,359.0,342.0,276.0,269.0,201.0,153.0,135.0,97.0,41.0,21.0,8.0,3.0,4.0
4111803,2622.0,2871.0,3352.0,3521.0,3454.0,3155.0,2911.0,2830.0,2710.0,2644.0,2226.0,1949.0,1586.0,1107.0,923.0,483.0,457.0,190.0,108.0,11.0,11.0
4111902,723.0,835.0,1011.0,1036.0,1071.0,1020.0,940.0,897.0,934.0,846.0,719.0,552.0,468.0,335.0,335.0,212.0,166.0,62.0,31.0,26.0,5.0
4112009,2672.0,2728.0,3180.0,3064.0,2777.0,2822.0,2681.0,2467.0,2198.0,2047.0,1681.0,1374.0,962.0,744.0,492.0,462.0,148.0,87.0,20.0,0.0,0.0
4112108,1156.0,1323.0,1562.0,1761.0,1583.0,1503.0,1489.0,1455.0,1574.0,1447.0,1305.0,1027.0,863.0,784.0,636.0,434.0,226.0,77.0,64.0,0.0,0.0
4112207,354.0,442.0,555.0,604.0,473.0,426.0,388.0,475.0,460.0,486.0,461.0,336.0,314.0,275.0,188.0,149.0,78.0,53.0,13.0,3.0,0.0
4112306,339.0,412.0,441.0,414.0,367.0,349.0,342.0,327.0,325.0,332.0,305.0,260.0,238.0,156.0,108.0,105.0,62.0,7.0,12.0,2.0,0.0
4112405,498.0,522.0,650.0,694.0,672.0,615.0,615.0,619.0,673.0,660.0,546.0,501.0,413.0,290.0,208.0,196.0,113.0,56.0,3.0,4.0,0.0
4112504,752.0,914.0,1040.0,1133.0,852.0,802.0,820.0,876.0,926.0,843.0,752.0,705.0,581.0,464.0,313.0,321.0,148.0,62.0,14.0,0.0,6.0
4112603,102.0,89.0,133.0,143.0,98.0,99.0,104.0,105.0,127.0,110.0,80.0,50.0,30.0,54.0,35.0,26.0,16.0,2.0,4.0,2.0,0.0
4112702,864.0,975.0,1127.0,1095.0,968.0,984.0,869.0,811.0,819.0,761.0,631.0,564.0,413.0,392.0,270.0,133.0,103.0,67.0,21.0,7.0,0.0
4112751,525.0,533.0,683.0,723.0,566.0,582.0,585.0,703.0,715.0,677.0,625.0,453.0,430.0,433.0,333.0,205.0,127.0,75.0,28.0,0.0,0.0
4112801,689.0,746.0,876.0,913.0,949.0,860.0,816.0,733.0,733.0,731.0,650.0,507.0,442.0,403.0,253.0,249.0,122.0,56.0,9.0,0.0,0.0
4112900,209.0,278.0,321.0,297.0,239.0,192.0,223.0,221.0,275.0,243.0,257.0,164.0,157.0,116.0,97.0,71.0,35.0,23.0,7.0,6.0,0.0
4112959,421.0,600.0,672.0,658.0,581.0,586.0,581.0,594.0,621.0,592.0,467.0,357.0,282.0,218.0,207.0,111.0,63.0,21.0,3.0,7.0,0.0
4113007,437.0,503.0,528.0,598.0,537.0,500.0,510.0,512.0,523.0,453.0,373.0,269.0,262.0,221.0,175.0,109.0,50.0,26.0,17.0,6.0,0.0
4113106,232.0,241.0,325.0,386.0,315.0,278.0,287.0,317.0,359.0,344.0,273.0,283.0,219.0,212.0,134.0,137.0,104.0,48.0,6.0,6.0,0.0
4113205,3151.0,3579.0,4119.0,3918.0,3753.0,3725.0,3575.0,3393.0,3194.0,2963.0,2424.0,2192.0,1543.0,1326.0,956.0,671.0,296.0,126.0,27.0,0.0,0.0
4113254,521.0,700.0,798.0,724.0,488.0,463.0,452.0,401.0,367.0,385.0,253.0,261.0,180.0,154.0,116.0,38.0,38.0,9.0,12.0,0.0,0.0
4113304,2136.0,2555.0,3022.0,3067.0,2522.0,2377.0,2264.0,2158.0,2140.0,1907.0,1768.0,1338.0,1053.0,859.0,703.0,553.0,182.0,128.0,9.0,10.0,25.0
4113403,237.0,275.0,347.0,354.0,329.0,313.0,302.0,266.0,289.0,278.0,266.0,273.0,206.0,138.0,92.0,84.0,31.0,38.0,21.0,7.0,0.0
4113429,236.0,252.0,280.0,359.0,253.0,237.0,240.0,282.0,357.0,276.0,255.0,243.0,178.0,219.0,119.0,91.0,63.0,27.0,4.0,3.0,0.0
4113452,357.0,403.0,532.0,527.0,353.0,315.0,351.0,391.0,400.0,360.0,321.0,302.0,267.0,195.0,108.0,91.0,42.0,22.0,9.0,15.0,0.0
4113502,1357.0,1493.0,1776.0,1857.0,1832.0,1733.0,1595.0,1671.0,1582.0,1411.0,1254.0,921.0,708.0,724.0,611.0,330.0,130.0,132.0,64.0,0.0,19.0
4113601,272.0,295.0,370.0,363.0,336.0,372.0,353.0,353.0,347.0,363.0,241.0,233.0,122.0,142.0,110.0,70.0,25.0,18.0,11.0,3.0,3.0
4113700,32226.0,33578.0,39559.0,41665.0,45226.0,44244.0,41246.0,36355.0,36973.0,34964.0,30175.0,26102.0,20198.0,15770.0,12366.0,7783.0,5263.0,2076.0,689.0,224.0,20.0
4113734,547.0,602.0,682.0,685.0,634.0,571.0,533.0,520.0,527.0,489.0,409.0,290.0,272.0,198.0,138.0,106.0,53.0,26.0,26.0,3.0,3.0
4113759,326.0,367.0,456.0,421.0,348.0,331.0,328.0,362.0,402.0,394.0,386.0,238.0,247.0,215.0,178.0,104.0,25.0,24.0,6.0,3.0,0.0
4113809,255.0,340.0,385.0,398.0,352.0,313.0,318.0,322.0,404.0,331.0,256.0,199.0,208.0,155.0,134.0,89.0,83.0,28.0,16.0,4.0,2.0
4113908,797.0,984.0,1090.0,1228.0,1047.0,1041.0,974.0,907.0,930.0,908.0,741.0,664.0,551.0,336.0,310.0,277.0,121.0,53.0,9.0,5.0,0.0
4114005,953.0,992.0,1245.0,1224.0,1155.0,1015.0,996.0,1003.0,1055.0,1019.0,865.0,735.0,565.0,420.0,281.0,209.0,170.0,31.0,19.0,9.0,0.0
4114104,1292.0,1417.0,1674.0,1789.0,1730.0,1566.0,1535.0,1496.0,1524.0,1397.0,998.0,999.0,788.0,507.0,490.0,283.0,193.0,53.0,51.0,0.0,0.0
4114203,1880.0,2124.0,2633.0,2696.0,2729.0,2591.0,2456.0,2443.0,2449.0,2330.0,1999.0,1758.0,1320.0,1150.0,726.0,732.0,326.0,186.0,104.0,10.0,15.0
4114302,1765.0,1936.0,2246.0,2043.0,1819.0,1650.0,1642.0,1588.0,1623.0,1379.0,1299.0,918.0,801.0,596.0,395.0,233.0,178.0,84.0,24.0,0.0,0.0
4114351,216.0,270.0,329.0,323.0,207.0,220.0,209.0,211.0,207.0,230.0,152.0,182.0,123.0,96.0,100.0,32.0,17.0,3.0,0.0,0.0,0.0
4114401,1348.0,1451.0,1844.0,1797.0,1417.0,1288.0,1281.0,1196.0,1138.0,1049.0,866.0,666.0,538.0,489.0,325.0,207.0,90.0,23.0,24.0,5.0,6.0
4114500,1002.0,1121.0,1252.0,1221.0,1104.0,1015.0,946.0,943.0,868.0,797.0,745.0,547.0,527.0,410.0,228.0,217.0,112.0,62.0,36.0,11.0,6.0
4114609,2806.0,3072.0,3726.0,4125.0,4156.0,3878.0,3608.0,3621.0,3591.0,3375.0,2842.0,2122.0,2040.0,1344.0,1248.0,782.0,298.0,139.0,45.0,0.0,0.0
4114708,306.0,384.0,517.0,529.0,449.0,419.0,447.0,437.0,514.0,401.0,357.0,294.0,286.0,165.0,230.0,104.0,52.0,44.0,16.0,6.0,0.0
4114807,1917.0,2153.0,2492.0,2660.0,2792.0,2673.0,2417.0,2458.0,2445.0,2104.0,1947.0,1711.0,1436.0,969.0,785.0,444.0,360.0,174.0,22.0,0.0,0.0
4114906,597.0,688.0,783.0,785.0,721.0,687.0,661.0,617.0,671.0,603.0,529.0,402.0,325.0,276.0,267.0,114.0,73.0,31.0,30.0,4.0,0.0
4115002,452.0,484.0,649.0,664.0,517.0,517.0,475.0,479.0,507.0,471.0,386.0,289.0,311.0,240.0,163.0,136.0,73.0,28.0,17.0,0.0,0.0
4115101,719.0,871.0,977.0,993.0,814.0,725.0,706.0,745.0,747.0,661.0,517.0,400.0,367.0,347.0,262.0,169.0,116.0,62.0,20.0,6.0,0.0
4115200,20391.0,20975.0,24827.0,29473.0,35601.0,32162.0,28831.0,26858.0,27728.0,25820.0,22673.0,18022.0,14399.0,10556.0,8274.0,5276.0,3206.0,1268.0,596.0,119.0,23.0
4115309,394.0,449.0,526.0,613.0,496.0,470.0,374.0,418.0,454.0,477.0,461.0,314.0,261.0,227.0,120.0,141.0,50.0,18.0,5.0,0.0,0.0
4115358,288.0,353.0,445.0,453.0,463.0,379.0,412.0,436.0,451.0,422.0,343.0,292.0,301.0,234.0,213.0,111.0,62.0,22.0,3.0,0.0,0.0
4115408,913.0,1062.0,1353.0,1297.0,1110.0,1023.0,895.0,938.0,1034.0,960.0,885.0,659.0,601.0,431.0,332.0,201.0,126.0,57.0,3.0,11.0,10.0
4115457,379.0,471.0,556.0,503.0,358.0,311.0,348.0,367.0,344.0,304.0,315.0,198.0,192.0,136.0,95.0,50.0,30.0,15.0,5.0,0.0,4.0
4115507,253.0,293.0,380.0,437.0,409.0,341.0,335.0,290.0,317.0,328.0,327.0,217.0,185.0,169.0,130.0,89.0,69.0,29.0,6.0,0.0,0.0
4115606,1139.0,1220.0,1458.0,1490.0,1337.0,1294.0,1240.0,1184.0,1165.0,1077.0,917.0,724.0,575.0,455.0,338.0,234.0,168.0,36.0,26.0,0.0,0.0
4115705,2036.0,1992.0,2814.0,2669.0,2127.0,2011.0,2102.0,2048.0,2322.0,2039.0,1866.0,1557.0,1313.0,998.0,702.0,332.0,364.0,96.0,29.0,10.0,0.0
4115739,261.0,290.0,358.0,408.0,260.0,262.0,272.0,276.0,260.0,270.0,257.0,198.0,128.0,114.0,69.0,63.0,35.0,25.0,11.0,0.0,0.0
4115754,758.0,734.0,898.0,875.0,731.0,755.0,716.0,618.0,614.0,481.0,387.0,287.0,199.0,221.0,124.0,88.0,40.0,20.0,9.0,0.0,0.0
4115804,2838.0,2912.0,3487.0,3891.0,3946.0,3527.0,3244.0,3209.0,3279.0,2961.0,2289.0,1957.0,1467.0,998.0,849.0,567.0,276.0,102.0,18.0,0.0,0.0
4115853,322.0,333.0,434.0,427.0,354.0,370.0,359.0,417.0,419.0,334.0,312.0,222.0,200.0,196.0,121.0,113.0,61.0,29.0,17.0,5.0,0.0
4115903,174.0,179.0,188.0,260.0,193.0,155.0,168.0,144.0,193.0,157.0,100.0,113.0,71.0,92.0,59.0,32.0,36.0,8.0,2.0,2.0,2.0
4116000,92.0,120.0,139.0,154.0,137.0,162.0,120.0,127.0,140.0,97.0,131.0,115.0,110.0,83.0,52.0,52.0,19.0,7.0,3.0,2.0,0.0
4116059,614.0,675.0,853.0,938.0,756.0,666.0,720.0,774.0,849.0,751.0,633.0,634.0,527.0,479.0,278.0,191.0,90.0,36.0,5.0,5.0,0.0
4116109,784.0,878.0,1119.0,1065.0,944.0,801.0,799.0,850.0,965.0,972.0,857.0,644.0,437.0,480.0,419.0,320.0,175.0,50.0,32.0,10.0,5.0
4116208,1129.0,1265.0,1532.0,1445.0,1174.0,1072.0,1197.0,1135.0,1060.0,945.0,878.0,798.0,693.0,482.0,376.0,233.0,187.0,71.0,47.0,0.0,0.0
4116307,192.0,238.0,311.0,343.0,293.0,230.0,209.0,269.0,290.0,286.0,211.0,175.0,163.0,176.0,114.0,72.0,65.0,22.0,12.0,0.0,0.0
4116406,195.0,251.0,341.0,359.0,309.0,271.0,271.0,272.0,294.0,342.0,236.0,196.0,137.0,119.0,93.0,70.0,45.0,29.0,6.0,0.0,0.0
4116505,115.0,96.0,123.0,158.0,118.0,116.0,110.0,110.0,107.0,94.0,89.0,45.0,55.0,28.0,43.0,8.0,7.0,8.0,3.0,0.0,0.0
4116604,240.0,269.0,307.0,311.0,288.0,259.0,260.0,244.0,265.0,241.0,213.0,148.0,124.0,123.0,92.0,37.0,40.0,9.0,2.0,6.0,0.0
4116703,675.0,807.0,931.0,1077.0,888.0,829.0,865.0,900.0,956.0,838.0,706.0,681.0,541.0,407.0,403.0,222.0,94.0,42.0,4.0,0.0,0.0
4116802,481.0,555.0,760.0,788.0,475.0,470.0,449.0,549.0,552.0,547.0,458.0,363.0,310.0,248.0,197.0,95.0,68.0,47.0,13.0,0.0,0.0
4116901,1536.0,1847.0,2185.0,2252.0,2161.0,1969.0,1994.0,2030.0,2073.0,1899.0,1383.0,1553.0,1083.0,860.0,670.0,625.0,316.0,111.0,45.0,23.0,0.0
4116950,335.0,394.0,543.0,518.0,343.0,395.0,317.0,340.0,358.0,380.0,336.0,262.0,202.0,148.0,117.0,76.0,13.0,16.0,3.0,4.0,0.0
4117008,556.0,552.0,759.0,719.0,617.0,566.0,625.0,598.0,560.0,552.0,527.0,390.0,328.0,302.0,234.0,146.0,80.0,21.0,10.0,0.0,5.0
4117057,963.0,1093.0,1278.0,1180.0,815.0,758.0,684.0,697.0,754.0,669.0,539.0,588.0,374.0,321.0,281.0,129.0,56.0,23.0,11.0,29.0,0.0
4117107,829.0,945.0,1173.0,1235.0,1086.0,995.0,972.0,988.0,978.0,882.0,653.0,679.0,465.0,415.0,296.0,238.0,117.0,78.0,29.0,9.0,5.0
4117206,326.0,352.0,415.0,468.0,409.0,402.0,448.0,411.0,406.0,352.0,326.0,293.0,241.0,210.0,166.0,170.0,57.0,33.0,14.0,3.0,0.0
4117214,263.0,297.0,353.0,395.0,270.0,270.0,222.0,267.0,326.0,261.0,200.0,185.0,164.0,163.0,123.0,78.0,35.0,16.0,19.0,0.0,0.0
4117222,448.0,481.0,617.0,647.0,603.0,546.0,537.0,554.0,601.0,525.0,472.0,382.0,336.0,305.0,255.0,178.0,78.0,51.0,3.0,7.0,0.0
4117255,658.0,793.0,960.0,977.0,850.0,771.0,714.0,799.0,773.0,695.0,606.0,448.0,527.0,285.0,196.0,165.0,96.0,41.0,18.0,0.0,5.0
4117271,505.0,551.0,771.0,719.0,495.0,438.0,510.0,503.0,521.0,502.0,414.0,452.0,296.0,291.0,158.0,162.0,66.0,33.0,8.0,4.0,0.0
4117297,145.0,177.0,229.0,257.0,206.0,196.0,191.0,200.0,220.0,229.0,175.0,157.0,111.0,119.0,90.0,60.0,48.0,18.0,0.0,0.0,0.0
4117305,1860.0,2040.0,2406.0,2215.0,1721.0,1750.0,1740.0,1650.0,1483.0,1427.0,1219.0,1073.0,1050.0,651.0,461.0,381.0,150.0,103.0,0.0,0.0,0.0
4117404,175.0,226.0,242.0,317.0,287.0,244.0,230.0,235.0,253.0,274.0,168.0,184.0,168.0,127.0,93.0,79.0,38.0,23.0,12.0,6.0,0.0
4117453,357.0,410.0,497.0,548.0,452.0,445.0,421.0,445.0,403.0,379.0,324.0,255.0,236.0,170.0,163.0,105.0,61.0,16.0,5.0,0.0,0.0
4117503,2435.0,2629.0,3107.0,3306.0,3224.0,3157.0,2907.0,2947.0,2680.0,2385.0,1737.0,1784.0,1266.0,889.0,635.0,379.0,219.0,133.0,108.0,0.0,9.0
4117602,4053.0,4310.0,4775.0,4260.0,3717.0,3613.0,3378.0,3105.0,2745.0,2348.0,1937.0,1443.0,1033.0,890.0,629.0,317.0,163.0,112.0,46.0,2.0,12.0
4117701,2361.0,2523.0,2991.0,3003.0,2716.0,2731.0,2437.0,2367.0,2322.0,2121.0,1800.0,1369.0,1096.0,826.0,626.0,476.0,235.0,90.0,11.0,11.0,10.0
4117800,1141.0,1480.0,1590.0,1468.0,1094.0,1068.0,1019.0,1093.0,938.0,875.0,664.0,750.0,573.0,390.0,263.0,216.0,106.0,72.0,58.0,0.0,6.0
4117909,1864.0,1987.0,2254.0,2614.0,2520.0,2382.0,2221.0,2176.0,2151.0,1995.0,1540.0,1477.0,1258.0,827.0,658.0,402.0,281.0,53.0,23.0,0.0,0.0
4118006,822.0,825.0,942.0,1087.0,1065.0,985.0,877.0,932.0,907.0,754.0,622.0,560.0,431.0,301.0,249.0,207.0,106.0,71.0,29.0,0.0,0.0
4118105,816.0,774.0,925.0,907.0,887.0,880.0,789.0,755.0,794.0,672.0,486.0,411.0,388.0,220.0,227.0,143.0,99.0,55.0,5.0,17.0,0.0
4118204,11019.0,12193.0,13929.0,12811.0,11902.0,11758.0,10883.0,10626.0,9995.0,9382.0,7354.0,5867.0,4315.0,3210.0,2381.0,1558.0,685.0,443.0,125.0,24.0,10.0
4118303,212.0,207.0,247.0,292.0,240.0,233.0,217.0,208.0,212.0,189.0,175.0,80.0,80.0,82.0,41.0,23.0,44.0,9.0,0.0,0.0,0.0
4118402,5182.0,5520.0,6588.0,6995.0,6749.0,6445.0,6008.0,6036.0,6282.0,5844.0,4961.0,3950.0,3181.0,2742.0,2049.0,1510.0,868.0,447.0,155.0,52.0,25.0
4118451,339.0,330.0,386.0,395.0,401.0,382.0,352.0,371.0,357.0,333.0,310.0,195.0,211.0,191.0,132.0,63.0,55.0,15.0,4.0,0.0,0.0
4118501,5052.0,5102.0,6141.0,6751.0,6809.0,6404.0,5633.0,5293.0,5319.0,4947.0,4303.0,3430.0,2417.0,1825.0,1247.0,937.0,353.0,279.0,75.0,54.0,0.0
4118600,386.0,432.0,453.0,495.0,415.0,396.0,431.0,399.0,419.0,350.0,281.0,273.0,258.0,147.0,133.0,85.0,58.0,15.0,6.0,2.0,0.0
4118709,417.0,515.0,601.0,629.0,548.0,556.0,536.0,485.0,490.0,442.0,414.0,386.0,302.0,217.0,169.0,96.0,63.0,35.0,9.0,3.0,0.0
4118808,846.0,1014.0,1206.0,1254.0,1077.0,1050.0,967.0,1022.0,988.0,918.0,862.0,631.0,555.0,460.0,364.0,176.0,163.0,47.0,26.0,0.0,0.0
4118857,326.0,413.0,456.0,491.0,445.0,419.0,395.0,449.0,468.0,387.0,314.0,271.0,220.0,206.0,168.0,118.0,54.0,31.0,16.0,6.0,0.0
4118907,583.0,626.0,701.0,835.0,858.0,835.0,762.0,724.0,720.0,668.0,733.0,493.0,475.0,356.0,272.0,298.0,153.0,88.0,22.0,6.0,0.0
4119004,376.0,484.0,631.0,597.0,474.0,434.0,374.0,433.0,501.0,573.0,534.0,356.0,341.0,228.0,193.0,114.0,63.0,34.0,19.0,3.0,0.0
4119103,815.0,943.0,1101.0,1030.0,912.0,1035.0,994.0,873.0,789.0,639.0,530.0,569.0,357.0,264.0,148.0,134.0,87.0,16.0,0.0,0.0,0.0
4119152,8668.0,9159.0,10336.0,10364.0,10434.0,10685.0,10715.0,9812.0,8714.0,7463.0,6179.0,4975.0,3629.0,2487.0,1616.0,954.0,553.0,168.0,82.0,15.0,0.0
4119202,354.0,480.0,539.0,543.0,508.0,482.0,433.0,415.0,435.0,436.0,440.0,287.0,265.0,209.0,136.0,135.0,80.0,23.0,15.0,0.0,0.0
4119251,175.0,251.0,271.0,256.0,165.0,177.0,143.0,190.0,176.0,200.0,179.0,130.0,76.0,111.0,53.0,30.0,35.0,3.0,5.0,0.0,0.0
4119301,2408.0,3057.0,3743.0,3160.0,2398.0,2239.0,2161.0,2116.0,1904.0,1749.0,1506.0,1149.0,904.0,622.0,494.0,312.0,134.0,109.0,43.0,0.0,0.0
4119400,1872.0,2038.0,2178.0,2134.0,1950.0,1833.0,1775.0,1709.0,1547.0,1468.0,1134.0,1050.0,758.0,738.0,562.0,268.0,269.0,86.0,44.0,12.0,0.0
4119509,7813.0,8309.0,9284.0,8696.0,8570.0,9049.0,8458.0,7537.0,6671.0,5359.0,4070.0,3266.0,2148.0,1619.0,983.0,651.0,464.0,206.0,45.0,9.0,0.0
4119608,2199.0,2629.0,3209.0,3192.0,2512.0,2512.0,2492.0,2409.0,2368.0,2157.0,1813.0,1423.0,1261.0,883.0,673.0,369.0,370.0,118.0,36.0,13.0,0.0
4119657,175.0,215.0,269.0,245.0,221.0,201.0,219.0,219.0,225.0,182.0,168.0,127.0,112.0,95.0,45.0,50.0,29.0,11.0,3.0,0.0,4.0
4119707,263.0,317.0,342.0,387.0,367.0,279.0,272.0,296.0,311.0,289.0,222.0,170.0,192.0,89.0,123.0,86.0,63.0,11.0,5.0,10.0,0.0
4119806,801.0,901.0,1087.0,1270.0,973.0,933.0,891.0,969.0,1031.0,1085.0,917.0,727.0,727.0,439.0,416.0,233.0,165.0,44.0,19.0,16.0,9.0
4119905,23372.0,25007.0,28737.0,28220.0,26987.0,26467.0,25991.0,22674.0,21173.0,19836.0,16800.0,14089.0,10955.0,7638.0,5607.0,4219.0,2268.0,1092.0,399.0,80.0,0.0
4119954,1466.0,1604.0,1916.0,1700.0,1480.0,1489.0,1485.0,1464.0,1454.0,1502.0,1351.0,1247.0,1042.0,700.0,513.0,329.0,98.0,55.0,24.0,0.0,0.0
4120002,781.0,950.0,1196.0,1262.0,1109.0,1003.0,1039.0,1086.0,1115.0,962.0,830.0,777.0,692.0,519.0,393.0,220.0,172.0,47.0,23.0,12.0,0.0
4120101,302.0,392.0,434.0,438.0,372.0,374.0,354.0,319.0,316.0,293.0,257.0,173.0,139.0,122.0,74.0,53.0,47.0,34.0,18.0,3.0,0.0
4120150,236.0,300.0,360.0,389.0,282.0,258.0,261.0,224.0,255.0,237.0,254.0,177.0,173.0,84.0,84.0,46.0,29.0,7.0,3.0,3.0,0.0
4120200,159.0,171.0,241.0,248.0,214.0,164.0,207.0,201.0,179.0,167.0,159.0,114.0,87.0,63.0,69.0,45.0,10.0,16.0,9.0,8.0,0.0
4120309,295.0,333.0,391.0,364.0,282.0,315.0,300.0,298.0,256.0,236.0,225.0,208.0,153.0,139.0,112.0,65.0,28.0,13.0,0.0,5.0,2.0
4120333,220.0,235.0,307.0,301.0,291.0,237.0,280.0,265.0,244.0,234.0,204.0,149.0,158.0,126.0,42.0,90.0,24.0,17.0,5.0,4.0,0.0
4120358,315.0,372.0,473.0,474.0,458.0,369.0,388.0,414.0,450.0,406.0,365.0,314.0,251.0,209.0,166.0,74.0,79.0,33.0,16.0,0.0,2.0
4120408,311.0,370.0,432.0,456.0,394.0,372.0,401.0,393.0,361.0,322.0,236.0,208.0,152.0,139.0,98.0,79.0,30.0,21.0,6.0,3.0,0.0
4120507,602.0,697.0,836.0,891.0,838.0,842.0,707.0,742.0,838.0,798.0,656.0,710.0,476.0,423.0,312.0,190.0,175.0,66.0,33.0,0.0,0.0
4120606,3467.0,4030.0,4644.0,4415.0,3741.0,3914.0,3722.0,3581.0,3360.0,3154.0,2808.0,2212.0,1767.0,1608.0,1007.0,787.0,319.0,184.0,60.0,13.0,0.0
4120655,291.0,351.0,398.0,482.0,428.0,323.0,305.0,378.0,442.0,346.0,291.0,191.0,156.0,153.0,154.0,80.0,61.0,18.0,9.0,0.0,0.0
4120705,425.0,411.0,542.0,599.0,575.0,526.0,508.0,538.0,549.0,527.0,455.0,371.0,318.0,264.0,182.0,134.0,78.0,27.0,14.0,0.0,0.0
4120804,1521.0,1576.0,1825.0,1914.0,1798.0,1787.0,1708.0,1491.0,1431.0,1300.0,1128.0,691.0,612.0,397.0,288.0,183.0,113.0,76.0,0.0,6.0,5.0
4120853,184.0,237.0,313.0,331.0,296.0,241.0,255.0,283.0,308.0,302.0,230.0,204.0,165.0,138.0,119.0,111.0,54.0,17.0,15.0,0.0,0.0
4120903,2436.0,2799.0,3270.0,3016.0,2396.0,2302.0,2264.0,2240.0,2035.0,1813.0,1643.0,1262.0,1088.0,823.0,572.0,316.0,205.0,92.0,28.0,0.0,6.0
4121000,845.0,855.0,1130.0,1187.0,914.0,896.0,872.0,855.0,833.0,820.0,649.0,492.0,417.0,370.0,271.0,192.0,82.0,29.0,20.0,0.0,0.0
4121109,339.0,339.0,457.0,499.0,403.0,354.0,362.0,326.0,419.0,361.0,254.0,263.0,228.0,162.0,127.0,106.0,68.0,6.0,15.0,0.0,0.0
4121208,1188.0,1371.0,1610.0,1620.0,1346.0,1325.0,1311.0,1213.0,1199.0,1035.0,1030.0,771.0,655.0,584.0,355.0,276.0,149.0,37.0,8.0,6.0,0.0
4121257,286.0,362.0,456.0,419.0,299.0,301.0,281.0,310.0,288.0,263.0,203.0,184.0,169.0,123.0,74.0,55.0,54.0,4.0,3.0,0.0,0.0
4121307,218.0,249.0,344.0,332.0,262.0,284.0,265.0,267.0,303.0,300.0,221.0,226.0,194.0,189.0,88.0,89.0,81.0,31.0,11.0,0.0,0.0
4121356,190.0,203.0,251.0,263.0,237.0,197.0,188.0,231.0,228.0,203.0,163.0,147.0,69.0,107.0,68.0,58.0,14.0,10.0,10.0,8.0,3.0
4121406,1053.0,1107.0,1385.0,1563.0,1340.0,1269.0,1129.0,1133.0,1206.0,1181.0,951.0,843.0,757.0,475.0,421.0,244.0,192.0,52.0,23.0,8.0,6.0
4121505,968.0,1183.0,1360.0,1363.0,1138.0,1078.0,933.0,995.0,1062.0,928.0,790.0,675.0,566.0,414.0,308.0,167.0,148.0,82.0,19.0,0.0,0.0
4121604,491.0,522.0,659.0,640.0,523.0,472.0,426.0,482.0,521.0,493.0,436.0,346.0,226.0,235.0,163.0,90.0,46.0,27.0,9.0,4.0,0.0
4121703,2017.0,2453.0,2781.0,2360.0,2098.0,2016.0,1870.0,1767.0,1568.0,1365.0,1158.0,964.0,956.0,651.0,463.0,333.0,186.0,140.0,16.0,11.0,0.0
4121752,619.0,771.0,976.0,811.0,555.0,512.0,553.0,518.0,479.0,421.0,304.0,288.0,185.0,122.0,103.0,51.0,21.0,10.0,9.0,0.0,0.0
4121802,643.0,740.0,872.0,916.0,810.0,824.0,776.0,753.0,786.0,708.0,643.0,586.0,503.0,370.0,312.0,183.0,173.0,34.0,45.0,0.0,0.0
4121901,908.0,977.0,1329.0,1277.0,952.0,936.0,892.0,916.0,926.0,951.0,730.0,701.0,587.0,461.0,415.0,265.0,150.0,92.0,32.0,22.0,5.0
4122008,1048.0,1154.0,1330.0,1353.0,1205.0,1135.0,1075.0,992.0,1023.0,883.0,734.0,647.0,494.0,395.0,229.0,230.0,78.0,74.0,0.0,13.0,0.0
4122107,185.0,218.0,269.0,265.0,261.0,213.0,188.0,207.0,272.0,266.0,199.0,193.0,148.0,144.0,118.0,60.0,79.0,37.0,12.0,0.0,0.0
4122156,1058.0,1352.0,1635.0,1432.0,925.0,925.0,938.0,990.0,982.0,878.0,696.0,602.0,449.0,311.0,157.0,171.0,92.0,51.0,10.0,0.0,7.0
4122172,294.0,344.0,433.0,415.0,316.0,291.0,293.0,263.0,244.0,227.0,215.0,142.0,117.0,98.0,77.0,73.0,11.0,26.0,15.0,4.0,0.0
4122206,2438.0,2732.0,3218.0,3029.0,2697.0,2736.0,2487.0,2323.0,2106.0,1744.0,1516.0,1091.0,906.0,609.0,582.0,262.0,103.0,72.0,0.0,0.0,0.0
4122305,2268.0,2430.0,2890.0,2763.0,2634.0,2567.0,2570.0,2417.0,2147.0,2003.0,1638.0,1511.0,1127.0,804.0,758.0,352.0,255.0,93.0,46.0,0.0,0.0
4122404,3718.0,3935.0,4516.0,4834.0,5188.0,4899.0,4728.0,4384.0,4477.0,3799.0,3298.0,2858.0,2004.0,2075.0,1260.0,922.0,541.0,315.0,79.0,23.0,10.0
4122503,709.0,969.0,1022.0,1022.0,881.0,872.0,786.0,899.0,830.0,806.0,630.0,588.0,438.0,417.0,284.0,214.0,108.0,51.0,6.0,6.0,0.0
4122602,613.0,689.0,748.0,806.0,728.0,679.0,711.0,655.0,740.0,637.0,455.0,442.0,318.0,285.0,144.0,157.0,126.0,39.0,24.0,0.0,0.0
4122651,371.0,398.0,543.0,579.0,356.0,359.0,367.0,364.0,408.0,399.0,275.0,287.0,249.0,239.0,163.0,140.0,62.0,19.0,10.0,0.0,0.0
4122701,352.0,398.0,503.0,575.0,489.0,471.0,487.0,461.0,468.0,409.0,380.0,330.0,246.0,175.0,140.0,117.0,52.0,29.0,9.0,5.0,0.0
4122800,247.0,349.0,481.0,417.0,292.0,309.0,307.0,303.0,328.0,288.0,267.0,209.0,169.0,145.0,137.0,69.0,63.0,12.0,7.0,4.0,0.0
4122909,288.0,355.0,423.0,468.0,360.0,342.0,338.0,365.0,341.0,368.0,338.0,351.0,261.0,186.0,164.0,132.0,53.0,35.0,10.0,0.0,0.0
4123006,902.0,1029.0,1233.0,1412.0,1190.0,1031.0,938.0,956.0,985.0,945.0,753.0,679.0,569.0,362.0,329.0,222.0,112.0,25.0,7.0,10.0,0.0
4123105,248.0,261.0,386.0,366.0,253.0,229.0,260.0,234.0,276.0,280.0,255.0,199.0,159.0,147.0,76.0,69.0,73.0,20.0,6.0,5.0,0.0
4123204,240.0,237.0,343.0,336.0,277.0,227.0,221.0,245.0,289.0,270.0,208.0,185.0,161.0,157.0,122.0,87.0,19.0,17.0,5.0,0.0,0.0
4123303,546.0,551.0,648.0,740.0,672.0,617.0,573.0,541.0,586.0,580.0,561.0,313.0,351.0,281.0,207.0,134.0,145.0,29.0,11.0,6.0,0.0
4123402,623.0,665.0,807.0,876.0,905.0,844.0,773.0,738.0,816.0,778.0,625.0,563.0,424.0,305.0,309.0,225.0,85.0,48.0,19.0,5.0,0.0
4123501,1459.0,1599.0,2035.0,2226.0,1800.0,1845.0,1723.0,1752.0,1766.0,1628.0,1377.0,1154.0,1006.0,850.0,548.0,284.0,245.0,87.0,28.0,0.0,0.0
4123600,99.0,121.0,155.0,166.0,138.0,137.0,119.0,132.0,142.0,155.0,119.0,74.0,81.0,66.0,48.0,41.0,8.0,9.0,5.0,4.0,0.0
4123709,475.0,570.0,684.0,723.0,638.0,644.0,567.0,628.0,653.0,675.0,489.0,533.0,403.0,344.0,312.0,196.0,149.0,54.0,17.0,5.0,0.0
4123808,802.0,964.0,1209.0,1309.0,1161.0,962.0,803.0,896.0,909.0,946.0,818.0,634.0,464.0,462.0,342.0,243.0,102.0,54.0,30.0,9.0,11.0
4123824,284.0,304.0,334.0,342.0,261.0,261.0,273.0,267.0,296.0,236.0,226.0,209.0,181.0,170.0,167.0,78.0,17.0,11.0,0.0,3.0,5.0
4123857,851.0,1006.0,1258.0,1256.0,876.0,785.0,837.0,777.0,721.0,679.0,651.0,509.0,442.0,344.0,198.0,155.0,94.0,53.0,7.0,0.0,0.0
4123907,697.0,785.0,998.0,1097.0,908.0,817.0,810.0,887.0,883.0,919.0,791.0,715.0,691.0,467.0,395.0,301.0,177.0,79.0,11.0,7.0,0.0
4123956,257.0,280.0,358.0,320.0,306.0,278.0,272.0,261.0,244.0,252.0,174.0,138.0,126.0,112.0,87.0,47.0,36.0,8.0,10.0,2.0,3.0
4124004,318.0,403.0,521.0,442.0,346.0,368.0,377.0,369.0,373.0,397.0,333.0,269.0,228.0,177.0,124.0,91.0,57.0,40.0,6.0,9.0,2.0
4124020,804.0,780.0,1038.0,1073.0,917.0,864.0,788.0,781.0,743.0,649.0,570.0,338.0,307.0,261.0,196.0,128.0,64.0,18.0,5.0,4.0,5.0
4124053,1405.0,1532.0,1966.0,2077.0,1754.0,1662.0,1622.0,1682.0,1628.0,1349.0,1096.0,890.0,750.0,525.0,380.0,269.0,120.0,78.0,21.0,13.0,22.0
4124103,3111.0,3248.0,3748.0,3635.0,3523.0,3427.0,3118.0,3031.0,3050.0,2899.0,2357.0,2201.0,1654.0,1322.0,942.0,632.0,503.0,246.0,51.0,9.0,0.0
4124202,163.0,190.0,240.0,247.0,198.0,178.0,201.0,189.0,237.0,193.0,169.0,125.0,104.0,95.0,65.0,71.0,37.0,12.0,10.0,3.0,0.0
4124301,161.0,183.0,215.0,190.0,187.0,165.0,159.0,168.0,172.0,169.0,158.0,141.0,106.0,97.0,51.0,35.0,23.0,15.0,7.0,5.0,1.0
4124400,1396.0,1575.0,1993.0,1818.0,1481.0,1336.0,1223.0,1207.0,1260.0,1254.0,1067.0,943.0,756.0,544.0,453.0,341.0,174.0,41.0,26.0,7.0,0.0
4124509,345.0,341.0,412.0,463.0,457.0,428.0,393.0,397.0,394.0,414.0,253.0,293.0,179.0,187.0,124.0,97.0,66.0,14.0,6.0,2.0,2.0
4124608,415.0,441.0,548.0,631.0,540.0,508.0,454.0,482.0,497.0,439.0,355.0,260.0,174.0,227.0,156.0,107.0,64.0,46.0,11.0,0.0,0.0
4124707,804.0,951.0,1164.0,1063.0,885.0,779.0,823.0,782.0,741.0,697.0,585.0,579.0,358.0,452.0,299.0,217.0,87.0,41.0,28.0,2.0,0.0
4124806,626.0,725.0,880.0,977.0,800.0,754.0,652.0,680.0,761.0,785.0,756.0,631.0,435.0,418.0,330.0,180.0,129.0,51.0,15.0,14.0,0.0
4124905,376.0,456.0,551.0,563.0,441.0,445.0,451.0,413.0,418.0,399.0,344.0,274.0,200.0,202.0,174.0,96.0,54.0,44.0,5.0,5.0,0.0
4125001,663.0,795.0,911.0,977.0,869.0,780.0,756.0,806.0,895.0,806.0,702.0,734.0,543.0,462.0,389.0,213.0,123.0,77.0,17.0,7.0,0.0
4125100,1115.0,1122.0,1389.0,1399.0,1209.0,1127.0,1052.0,970.0,924.0,823.0,702.0,554.0,415.0,364.0,206.0,186.0,97.0,42.0,8.0,0.0,0.0
4125209,513.0,592.0,744.0,839.0,744.0,654.0,574.0,639.0,719.0,671.0,633.0,481.0,402.0,299.0,272.0,147.0,120.0,33.0,9.0,0.0,0.0
4125308,309.0,336.0,432.0,416.0,394.0,376.0,385.0,395.0,476.0,429.0,313.0,334.0,286.0,219.0,177.0,103.0,79.0,55.0,3.0,0.0,0.0
4125357,327.0,347.0,453.0,568.0,467.0,393.0,408.0,426.0,462.0,433.0,394.0,350.0,317.0,224.0,188.0,132.0,84.0,46.0,21.0,0.0,0.0
4125407,392.0,468.0,674.0,574.0,439.0,469.0,405.0,424.0,488.0,442.0,397.0,377.0,310.0,206.0,160.0,153.0,71.0,27.0,32.0,3.0,0.0
4125456,222.0,299.0,340.0,359.0,309.0,285.0,259.0,279.0,280.0,246.0,205.0,213.0,154.0,187.0,69.0,67.0,36.0,11.0,0.0,5.0,5.0
4125506,20852.0,21319.0,24285.0,23300.0,23755.0,25367.0,24463.0,21868.0,19560.0,16346.0,13160.0,10333.0,7291.0,4829.0,3393.0,2013.0,1285.0,542.0,173.0,76.0,0.0
4125555,116.0,141.0,175.0,161.0,169.0,145.0,152.0,140.0,167.0,160.0,134.0,114.0,96.0,81.0,62.0,44.0,21.0,11.0,6.0,3.0,0.0
4125605,2992.0,3344.0,3887.0,3769.0,3476.0,3513.0,3435.0,3258.0,2914.0,2682.0,2202.0,1683.0,1313.0,983.0,784.0,446.0,379.0,145.0,41.0,11.0,0.0
4125704,1675.0,1940.0,2350.0,2542.0,2226.0,1961.0,1953.0,1852.0,1902.0,1808.0,1427.0,1131.0,916.0,754.0,508.0,429.0,203.0,134.0,46.0,11.0,0.0
4125753,387.0,468.0,589.0,621.0,472.0,470.0,433.0,462.0,461.0,392.0,431.0,329.0,332.0,254.0,156.0,121.0,70.0,27.0,13.0,3.0,0.0
4125803,744.0,676.0,833.0,879.0,911.0,850.0,801.0,734.0,727.0,714.0,615.0,455.0,355.0,316.0,182.0,174.0,136.0,41.0,16.0,9.0,0.0
4125902,131.0,189.0,220.0,228.0,170.0,160.0,178.0,198.0,209.0,168.0,152.0,119.0,86.0,125.0,66.0,54.0,35.0,2.0,0.0,2.0,0.0
4126009,531.0,616.0,815.0,850.0,710.0,641.0,581.0,594.0,655.0,560.0,510.0,401.0,321.0,332.0,256.0,129.0,95.0,23.0,4.0,3.0,0.0
4126108,343.0,347.0,464.0,488.0,493.0,391.0,393.0,396.0,403.0,406.0,313.0,268.0,192.0,147.0,110.0,110.0,57.0,23.0,5.0,0.0,0.0
4126207,455.0,543.0,745.0,647.0,520.0,483.0,552.0,481.0,425.0,388.0,344.0,326.0,291.0,181.0,138.0,104.0,57.0,51.0,4.0,0.0,0.0
4126256,5985.0,6316.0,7623.0,7613.0,7476.0,7051.0,6641.0,6647.0,6057.0,5386.0,4147.0,3884.0,2873.0,1964.0,1199.0,1133.0,561.0,144.0,138.0,10.0,0.0
4126272,410.0,426.0,508.0,524.0,417.0,391.0,350.0,307.0,322.0,308.0,316.0,208.0,184.0,138.0,93.0,63.0,37.0,21.0,5.0,0.0,0.0
4126306,1561.0,1740.0,1968.0,1779.0,1507.0,1584.0,1424.0,1324.0,1245.0,1076.0,846.0,803.0,572.0,372.0,275.0,138.0,128.0,44.0,10.0,20.0,0.0
4126355,263.0,262.0,356.0,389.0,333.0,295.0,295.0,337.0,369.0,345.0,287.0,261.0,212.0,254.0,177.0,74.0,37.0,19.0,3.0,0.0,0.0
4126405,307.0,362.0,486.0,461.0,416.0,376.0,403.0,422.0,442.0,421.0,411.0,344.0,282.0,230.0,214.0,116.0,73.0,33.0,14.0,5.0,0.0
4126504,885.0,1020.0,1266.0,1352.0,1237.0,1217.0,1171.0,1126.0,1211.0,1130.0,992.0,832.0,618.0,552.0,457.0,294.0,141.0,83.0,54.0,0.0,0.0
4126603,1164.0,1247.0,1645.0,1546.0,1509.0,1451.0,1491.0,1367.0,1360.0,1227.0,1136.0,922.0,683.0,646.0,454.0,324.0,173.0,79.0,30.0,0.0,0.0
4126652,204.0,252.0,283.0,252.0,243.0,209.0,194.0,253.0,270.0,259.0,234.0,170.0,191.0,132.0,142.0,49.0,36.0,17.0,6.0,0.0,0.0
4126678,1066.0,1068.0,1260.0,1183.0,977.0,927.0,965.0,857.0,842.0,722.0,625.0,499.0,422.0,315.0,222.0,150.0,106.0,30.0,20.0,5.0,0.0
4126702,275.0,277.0,369.0,399.0,413.0,389.0,318.0,332.0,356.0,344.0,299.0,212.0,180.0,168.0,129.0,81.0,89.0,31.0,3.0,0.0,0.0
4126801,1021.0,1036.0,1331.0,1332.0,1242.0,1253.0,1194.0,1136.0,1107.0,960.0,713.0,651.0,481.0,384.0,307.0,267.0,117.0,47.0,14.0,0.0,5.0
4126900,357.0,389.0,466.0,491.0,425.0,386.0,366.0,401.0,435.0,431.0,391.0,297.0,285.0,227.0,201.0,136.0,95.0,32.0,18.0,3.0,3.0
4127007,746.0,942.0,1071.0,1002.0,839.0,819.0,764.0,718.0,732.0,663.0,514.0,409.0,318.0,273.0,184.0,163.0,85.0,27.0,10.0,5.0,0.0
4127106,5173.0,5695.0,6613.0,5968.0,5980.0,6123.0,5563.0,5109.0,4911.0,4573.0,3980.0,2915.0,2340.0,1803.0,1426.0,928.0,463.0,214.0,71.0,25.0,0.0
4127205,948.0,1035.0,1288.0,1414.0,1359.0,1328.0,1130.0,1174.0,1246.0,1093.0,857.0,712.0,621.0,532.0,462.0,294.0,162.0,102.0,14.0,5.0,0.0
4127304,1137.0,1076.0,1241.0,1368.0,1232.0,1174.0,1093.0,1166.0,1103.0,1041.0,827.0,702.0,617.0,497.0,415.0,230.0,168.0,111.0,18.0,5.0,0.0
4127403,1058.0,1153.0,1370.0,1473.0,1287.0,1263.0,1189.0,1255.0,1318.0,1209.0,1045.0,764.0,696.0,585.0,459.0,355.0,135.0,105.0,24.0,6.0,10.0
4127502,1666.0,1828.0,2105.0,1884.0,1509.0,1440.0,1435.0,1325.0,1254.0,1182.0,1011.0,733.0,644.0,491.0,366.0,231.0,126.0,79.0,25.0,10.0,0.0
4127601,1117.0,1196.0,1503.0,1365.0,1122.0,1086.0,1096.0,1053.0,1051.0,873.0,736.0,634.0,539.0,452.0,344.0,236.0,74.0,61.0,0.0,0.0,0.0
4127700,7611.0,8156.0,9931.0,10850.0,11492.0,10746.0,9712.0,9207.0,9216.0,8737.0,6922.0,4872.0,3580.0,3137.0,2094.0,1608.0,863.0,409.0,150.0,20.0,0.0
4127809,531.0,594.0,706.0,720.0,683.0,647.0,570.0,595.0,653.0,667.0,540.0,535.0,438.0,306.0,270.0,154.0,115.0,28.0,11.0,20.0,8.0
4127858,857.0,995.0,1215.0,1130.0,875.0,870.0,832.0,852.0,861.0,759.0,639.0,529.0,446.0,371.0,360.0,104.0,70.0,47.0,4.0,8.0,0.0
4127882,634.0,715.0,755.0,625.0,567.0,575.0,496.0,401.0,364.0,286.0,214.0,219.0,150.0,90.0,71.0,45.0,28.0,12.0,3.0,6.0,0.0
4127908,563.0,620.0,773.0,803.0,675.0,649.0,655.0,669.0,667.0,622.0,491.0,371.0,344.0,248.0,229.0,136.0,115.0,37.0,13.0,11.0,4.0
4127957,514.0,587.0,626.0,595.0,585.0,506.0,614.0,617.0,619.0,528.0,477.0,479.0,362.0,355.0,218.0,175.0,90.0,44.0,6.0,0.0,0.0
4127965,981.0,1268.0,1449.0,1493.0,1152.0,1018.0,992.0,920.0,938.0,863.0,746.0,545.0,438.0,381.0,263.0,138.0,135.0,65.0,16.0,6.0,5.0
4128005,1289.0,1507.0,1711.0,1898.0,1667.0,1496.0,1580.0,1591.0,1725.0,1640.0,1367.0,1067.0,781.0,757.0,630.0,412.0,253.0,98.0,51.0,20.0,18.0
4128104,6073.0,6457.0,7602.0,8696.0,9373.0,8493.0,8036.0,7738.0,7676.0,6947.0,5793.0,5058.0,3784.0,3126.0,2456.0,1652.0,1102.0,389.0,191.0,35.0,0.0
4128203,3850.0,4234.0,4996.0,4878.0,4391.0,4189.0,3964.0,3850.0,3701.0,3504.0,2813.0,2427.0,1883.0,1382.0,1215.0,703.0,441.0,173.0,130.0,11.0,0.0
4128302,158.0,166.0,220.0,236.0,191.0,184.0,204.0,180.0,204.0,163.0,113.0,116.0,107.0,80.0,55.0,53.0,17.0,17.0,2.0,0.0,0.0
4128401,639.0,764.0,932.0,980.0,870.0,771.0,734.0,832.0,858.0,790.0,651.0,712.0,600.0,371.0,343.0,316.0,179.0,84.0,31.0,15.0,0.0
4128500,1357.0,1488.0,1807.0,1682.0,1478.0,1451.0,1392.0,1265.0,1352.0,1302.0,1240.0,957.0,741.0,639.0,514.0,324.0,163.0,116.0,25.0,5.0,0.0
4128534,772.0,903.0,1024.0,988.0,863.0,864.0,805.0,713.0,603.0,576.0,439.0,426.0,303.0,293.0,167.0,136.0,58.0,19.0,5.0,0.0,0.0
4128559,541.0,604.0,855.0,827.0,665.0,660.0,582.0,635.0,636.0,624.0,502.0,496.0,337.0,390.0,301.0,194.0,90.0,21.0,13.0,0.0,0.0
4128609,477.0,498.0,655.0,736.0,559.0,558.0,503.0,549.0,644.0,608.0,519.0,448.0,397.0,267.0,166.0,122.0,93.0,39.0,26.0,15.0,0.0
4128625,220.0,262.0,288.0,274.0,251.0,222.0,250.0,248.0,230.0,218.0,193.0,146.0,123.0,114.0,76.0,35.0,35.0,11.0,3.0,6.0,0.0
4128633,450.0,601.0,680.0,626.0,431.0,386.0,415.0,416.0,342.0,315.0,261.0,220.0,191.0,154.0,99.0,67.0,38.0,17.0,14.0,4.0,0.0
4128658,277.0,324.0,360.0,362.0,281.0,300.0,270.0,295.0,270.0,280.0,212.0,234.0,140.0,139.0,84.0,62.0,33.0,20.0,6.0,0.0,0.0
4128708,440.0,477.0,590.0,626.0,452.0,499.0,447.0,464.0,483.0,467.0,346.0,328.0,274.0,222.0,172.0,106.0,72.0,43.0,2.0,3.0,0.0
4128807,343.0,452.0,456.0,471.0,466.0,417.0,380.0,400.0,450.0,436.0,371.0,300.0,285.0,287.0,201.0,165.0,73.0,45.0,9.0,5.0,0.0
4200051,166.0,189.0,220.0,233.0,192.0,178.0,166.0,178.0,213.0,182.0,208.0,151.0,126.0,115.0,60.0,37.0,16.0,15.0,4.0,0.0,3.0
4200101,1313.0,1590.0,1892.0,1608.0,1377.0,1357.0,1269.0,1179.0,1167.0,1083.0,980.0,676.0,602.0,401.0,265.0,204.0,71.0,26.0,31.0,9.0,0.0
4200200,675.0,654.0,744.0,820.0,814.0,846.0,749.0,715.0,694.0,591.0,498.0,408.0,345.0,298.0,214.0,101.0,72.0,51.0,27.0,6.0,0.0
4200309,361.0,352.0,432.0,459.0,407.0,365.0,344.0,374.0,340.0,400.0,294.0,215.0,213.0,126.0,82.0,74.0,39.0,18.0,10.0,0.0,0.0
4200408,504.0,589.0,688.0,641.0,512.0,518.0,493.0,475.0,484.0,464.0,398.0,322.0,246.0,235.0,176.0,103.0,68.0,33.0,10.0,0.0,3.0
4200507,375.0,425.0,495.0,536.0,548.0,491.0,425.0,429.0,414.0,433.0,431.0,347.0,271.0,159.0,114.0,105.0,51.0,43.0,18.0,0.0,0.0
4200556,132.0,171.0,219.0,225.0,186.0,141.0,167.0,182.0,209.0,172.0,181.0,110.0,127.0,70.0,61.0,34.0,18.0,14.0,4.0,0.0,0.0
4200606,253.0,368.0,463.0,529.0,499.0,420.0,369.0,409.0,460.0,421.0,302.0,292.0,217.0,190.0,144.0,86.0,88.0,35.0,4.0,0.0,0.0
4200705,625.0,718.0,819.0,917.0,821.0,742.0,613.0,660.0,731.0,687.0,544.0,464.0,384.0,244.0,227.0,110.0,59.0,31.0,8.0,5.0,0.0
4200754,111.0,117.0,145.0,151.0,121.0,107.0,107.0,140.0,154.0,164.0,162.0,136.0,121.0,82.0,52.0,67.0,43.0,19.0,6.0,0.0,0.0
4200804,417.0,473.0,573.0,571.0,518.0,402.0,412.0,401.0,474.0,472.0,461.0,342.0,262.0,201.0,170.0,119.0,92.0,10.0,3.0,7.0,0.0
4200903,287.0,339.0,445.0,447.0,400.0,387.0,355.0,329.0,429.0,397.0,309.0,274.0,248.0,191.0,153.0,129.0,80.0,33.0,11.0,7.0,0.0
4201000,543.0,643.0,826.0,827.0,630.0,575.0,553.0,584.0,594.0,594.0,503.0,470.0,339.0,326.0,276.0,193.0,56.0,69.0,22.0,0.0,0.0
4201109,217.0,218.0,270.0,265.0,220.0,202.0,215.0,248.0,252.0,255.0,203.0,184.0,140.0,112.0,84.0,69.0,37.0,18.0,4.0,0.0,0.0
4201208,469.0,515.0,614.0,680.0,591.0,607.0,620.0,600.0,593.0,540.0,405.0,310.0,290.0,229.0,155.0,129.0,54.0,40.0,3.0,14.0,0.0
4201257,646.0,726.0,905.0,915.0,791.0,834.0,716.0,779.0,672.0,640.0,518.0,438.0,288.0,307.0,181.0,144.0,71.0,20.0,10.0,0.0,0.0
4201273,239.0,260.0,297.0,324.0,265.0,324.0,262.0,315.0,281.0,311.0,274.0,246.0,259.0,203.0,107.0,93.0,72.0,36.0,22.0,0.0,3.0
4201307,2243.0,2353.0,2528.0,2274.0,2246.0,2332.0,2197.0,1834.0,1556.0,1472.0,1236.0,847.0,665.0,394.0,264.0,209.0,104.0,27.0,0.0,8.0,20.0
4201406,4293.0,4487.0,5237.0,5421.0,5442.0,5511.0,4738.0,4428.0,4552.0,4447.0,3465.0,3050.0,2275.0,1480.0,973.0,793.0,544.0,114.0,28.0,32.0,0.0
4201505,494.0,521.0,648.0,729.0,684.0,658.0,548.0,502.0,576.0,552.0,415.0,407.0,325.0,244.0,190.0,132.0,71.0,36.0,17.0,3.0,0.0
4201604,148.0,202.0,272.0,301.0,255.0,245.0,249.0,246.0,277.0,275.0,239.0,271.0,171.0,144.0,85.0,70.0,28.0,16.0,0.0,8.0,0.0
4201653,126.0,169.0,187.0,208.0,206.0,141.0,154.0,147.0,173.0,176.0,147.0,138.0,109.0,69.0,59.0,22.0,16.0,11.0,2.0,0.0,0.0
4201703,452.0,486.0,566.0,637.0,667.0,617.0,538.0,562.0,569.0,550.0,457.0,374.0,348.0,194.0,170.0,113.0,65.0,33.0,11.0,3.0,0.0
4201802,176.0,242.0,277.0,330.0,247.0,257.0,189.0,217.0,245.0,291.0,217.0,178.0,152.0,108.0,71.0,41.0,44.0,18.0,0.0,0.0,0.0
4201901,329.0,416.0,482.0,507.0,496.0,418.0,408.0,357.0,423.0,416.0,358.0,242.0,233.0,143.0,106.0,97.0,82.0,31.0,6.0,0.0,0.0
4201950,657.0,675.0,760.0,768.0,738.0,688.0,611.0,554.0,680.0,682.0,564.0,711.0,560.0,412.0,253.0,120.0,108.0,31.0,10.0,0.0,4.0
4202008,5939.0,6026.0,7496.0,8607.0,10865.0,10935.0,9597.0,8231.0,7682.0,7492.0,6805.0,5661.0,4289.0,3129.0,2238.0,1481.0,1026.0,412.0,108.0,48.0,22.0
4202057,511.0,574.0,734.0,650.0,468.0,453.0,542.0,492.0,513.0,582.0,704.0,597.0,570.0,456.0,289.0,185.0,70.0,20.0,13.0,8.0,0.0
4202073,588.0,576.0,723.0,670.0,623.0,582.0,495.0,477.0,563.0,594.0,591.0,475.0,430.0,339.0,233.0,138.0,85.0,44.0,9.0,0.0,0.0
4202081,165.0,191.0,259.0,273.0,194.0,166.0,155.0,197.0,213.0,211.0,239.0,146.0,174.0,101.0,106.0,75.0,31.0,9.0,2.0,0.0,0.0
4202099,108.0,129.0,169.0,182.0,115.0,88.0,113.0,128.0,146.0,137.0,128.0,122.0,96.0,94.0,45.0,40.0,19.0,12.0,5.0,0.0,2.0
4202107,1655.0,1700.0,2102.0,2013.0,1642.0,1621.0,1710.0,1594.0,1467.0,1467.0,1311.0,1243.0,975.0,779.0,596.0,292.0,136.0,65.0,12.0,6.0,0.0
4202131,414.0,535.0,592.0,565.0,475.0,494.0,482.0,460.0,438.0,391.0,339.0,245.0,191.0,128.0,112.0,64.0,49.0,24.0,7.0,0.0,0.0
4202156,182.0,185.0,217.0,241.0,202.0,185.0,179.0,184.0,198.0,177.0,169.0,135.0,91.0,138.0,67.0,40.0,18.0,23.0,4.0,0.0,0.0
4202206,676.0,688.0,827.0,830.0,867.0,929.0,838.0,788.0,738.0,690.0,693.0,461.0,422.0,318.0,214.0,188.0,95.0,53.0,21.0,0.0,0.0
4202305,3970.0,4373.0,5282.0,5431.0,5320.0,5448.0,4884.0,4498.0,4306.0,3822.0,3189.0,2685.0,1936.0,987.0,923.0,558.0,310.0,215.0,38.0,30.0,0.0
4202404,18238.0,19658.0,23445.0,25852.0,29442.0,29509.0,26923.0,24670.0,24933.0,22956.0,18764.0,14624.0,10491.0,6784.0,5011.0,3883.0,2182.0,1060.0,439.0,124.0,24.0
4202438,207.0,248.0,307.0,313.0,242.0,227.0,236.0,209.0,239.0,224.0,179.0,226.0,104.0,122.0,96.0,59.0,15.0,23.0,12.0,0.0,3.0
4202453,996.0,1044.0,1221.0,1238.0,1247.0,1308.0,1210.0,1211.0,1080.0,959.0,806.0,666.0,507.0,315.0,239.0,142.0,73.0,15.0,10.0,5.0,0.0
4202503,279.0,321.0,433.0,431.0,354.0,328.0,277.0,314.0,346.0,335.0,241.0,211.0,166.0,131.0,83.0,55.0,51.0,29.0,6.0,3.0,0.0
4202537,164.0,184.0,242.0,239.0,189.0,206.0,206.0,171.0,186.0,186.0,164.0,111.0,79.0,64.0,51.0,30.0,16.0,24.0,12.0,2.0,0.0
4202578,128.0,144.0,162.0,186.0,157.0,124.0,132.0,156.0,149.0,148.0,141.0,149.0,116.0,97.0,67.0,39.0,23.0,11.0,0.0,3.0,0.0
4202602,702.0,761.0,900.0,877.0,725.0,727.0,606.0,595.0,639.0,536.0,429.0,447.0,337.0,235.0,220.0,87.0,77.0,27.0,11.0,5.0,0.0
4202701,232.0,245.0,303.0,401.0,418.0,370.0,335.0,296.0,382.0,369.0,272.0,241.0,182.0,149.0,130.0,71.0,33.0,27.0,12.0,0.0,0.0
4202800,1933.0,2186.0,2601.0,2783.0,2805.0,2692.0,2302.0,2144.0,2248.0,2037.0,1428.0,1282.0,868.0,715.0,465.0,267.0,134.0,110.0,19.0,0.0,0.0
4202859,250.0,243.0,240.0,264.0,312.0,316.0,277.0,264.0,217.0,234.0,167.0,189.0,166.0,109.0,96.0,63.0,39.0,8.0,2.0,0.0,0.0
4202875,183.0,223.0,293.0,253.0,180.0,192.0,205.0,223.0,212.0,192.0,142.0,174.0,148.0,81.0,61.0,35.0,24.0,21.0,7.0,0.0,0.0
4202909,6717.0,6522.0,7638.0,9090.0,10996.0,10858.0,9158.0,8368.0,7992.0,7803.0,5866.0,5024.0,3421.0,2036.0,1568.0,1220.0,730.0,324.0,150.0,0.0,22.0
4203006,5313.0,5838.0,6792.0,6500.0,6097.0,6103.0,5587.0,5416.0,5146.0,4761.0,3724.0,2785.0,2238.0,1714.0,1205.0,765.0,417.0,220.0,73.0,56.0,12.0
4203105,349.0,410.0,529.0,559.0,495.0,438.0,448.0,376.0,490.0,461.0,497.0,341.0,249.0,177.0,129.0,146.0,83.0,29.0,9.0,3.0,0.0
4203154,324.0,376.0,463.0,337.0,258.0,237.0,234.0,219.0,246.0,190.0,174.0,97.0,71.0,80.0,39.0,18.0,24.0,0.0,0.0,0.0,0.0
4203204,4902.0,5350.0,6184.0,6041.0,5672.0,5894.0,5465.0,5160.0,4429.0,3813.0,2882.0,2435.0,1577.0,960.0,860.0,296.0,276.0,106.0,50.0,11.0,0.0
4203253,176.0,194.0,264.0,230.0,172.0,200.0,178.0,182.0,193.0,218.0,197.0,128.0,137.0,92.0,91.0,61.0,19.0,16.0,6.0,0.0,0.0
4203303,837.0,935.0,1086.0,949.0,887.0,973.0,978.0,881.0,793.0,726.0,740.0,551.0,433.0,351.0,281.0,186.0,84.0,51.0,24.0,3.0,0.0
4203402,531.0,586.0,739.0,660.0,529.0,537.0,530.0,542.0,551.0,529.0,415.0,397.0,257.0,257.0,174.0,105.0,67.0,32.0,40.0,4.0,0.0
4203501,645.0,844.0,934.0,965.0,717.0,701.0,640.0,621.0,607.0,565.0,503.0,427.0,403.0,280.0,232.0,130.0,102.0,38.0,11.0,6.0,0.0
4203600,2378.0,2577.0,3026.0,2993.0,2741.0,2780.0,2612.0,2309.0,2332.0,2242.0,1942.0,1334.0,1240.0,824.0,690.0,408.0,249.0,103.0,12.0,33.0,0.0
4203709,762.0,884.0,949.0,1025.0,983.0,878.0,825.0,791.0,777.0,700.0,553.0,445.0,358.0,244.0,163.0,107.0,91.0,27.0,25.0,10.0,5.0
4203808,3641.0,4151.0,4814.0,4812.0,4407.0,4283.0,4321.0,3920.0,3839.0,3597.0,2999.0,2343.0,1902.0,1319.0,1247.0,650.0,340.0,141.0,29.0,10.0,0.0
4203907,1395.0,1565.0,1726.0,1803.0,1858.0,1935.0,1782.0,1660.0,1569.0,1441.0,1050.0,865.0,713.0,516.0,362.0,270.0,155.0,71.0,27.0,5.0,0.0
4203956,1439.0,1526.0,1764.0,1869.0,1957.0,1971.0,1697.0,1518.0,1548.0,1701.0,1401.0,1012.0,768.0,541.0,441.0,254.0,127.0,85.0,39.0,0.0,18.0
4204004,696.0,774.0,905.0,905.0,790.0,812.0,748.0,740.0,704.0,625.0,487.0,414.0,373.0,205.0,186.0,109.0,45.0,27.0,10.0,0.0,0.0
4204103,251.0,279.0,380.0,388.0,334.0,289.0,248.0,285.0,334.0,342.0,306.0,305.0,233.0,160.0,84.0,97.0,45.0,31.0,13.0,6.0,0.0
4204152,163.0,195.0,237.0,259.0,222.0,193.0,174.0,207.0,198.0,204.0,189.0,144.0,123.0,106.0,72.0,60.0,16.0,5.0,2.0,1.0,0.0
4204178,218.0,293.0,372.0,329.0,238.0,253.0,249.0,257.0,247.0,251.0,196.0,186.0,126.0,138.0,121.0,54.0,26.0,11.0,11.0,5.0,0.0
4204194,193.0,254.0,282.0,262.0,192.0,210.0,188.0,196.0,235.0,201.0,160.0,118.0,79.0,66.0,57.0,32.0,26.0,7.0,4.0,0.0,0.0
4204202,12624.0,12957.0,15477.0,16792.0,18673.0,18575.0,15914.0,14656.0,13779.0,12111.0,9385.0,7237.0,5153.0,4002.0,2611.0,1796.0,1063.0,485.0,187.0,33.0,21.0
4204251,832.0,951.0,1190.0,1418.0,1426.0,1386.0,1197.0,1116.0,1285.0,1192.0,1017.0,785.0,525.0,319.0,175.0,145.0,115.0,71.0,5.0,8.0,0.0
4204301,4167.0,4353.0,5302.0,5331.0,5944.0,6165.0,5671.0,5225.0,5141.0,5052.0,4230.0,3591.0,2722.0,2143.0,1663.0,881.0,562.0,367.0,99.0,5.0,7.0
4204350,215.0,228.0,271.0,363.0,366.0,323.0,285.0,271.0,285.0,250.0,252.0,210.0,173.0,109.0,69.0,45.0,35.0,17.0,0.0,0.0,0.0
4204400,580.0,661.0,800.0,925.0,923.0,760.0,694.0,680.0,803.0,772.0,573.0,658.0,442.0,369.0,206.0,177.0,104.0,77.0,9.0,0.0,0.0
4204459,121.0,180.0,254.0,260.0,164.0,141.0,163.0,195.0,199.0,196.0,142.0,115.0,80.0,115.0,66.0,25.0,24.0,11.0,7.0,0.0,0.0
4204509,934.0,946.0,1113.0,1169.0,1258.0,1254.0,1211.0,1006.0,995.0,928.0,786.0,608.0,494.0,380.0,261.0,254.0,154.0,72.0,19.0,5.0,6.0
4204558,1027.0,1183.0,1498.0,1364.0,1205.0,1184.0,1079.0,1125.0,1107.0,942.0,769.0,696.0,613.0,375.0,308.0,128.0,123.0,37.0,11.0,7.0,4.0
4204608,11979.0,12915.0,15304.0,16767.0,18588.0,18634.0,15326.0,13393.0,14640.0,14861.0,11904.0,9861.0,6630.0,4204.0,2923.0,2319.0,1244.0,649.0,143.0,26.0,0.0
4204707,551.0,680.0,787.0,890.0,882.0,873.0,664.0,704.0,832.0,853.0,697.0,594.0,529.0,369.0,298.0,212.0,114.0,62.0,13.0,6.0,4.0
4204756,109.0,105.0,150.0,171.0,133.0,136.0,104.0,118.0,175.0,161.0,151.0,106.0,95.0,55.0,35.0,45.0,26.0,6.0,2.0,0.0,0.0
4204806,2789.0,3176.0,3723.0,3343.0,2958.0,2953.0,2830.0,2818.0,2608.0,2476.0,2046.0,1734.0,1405.0,1070.0,836.0,476.0,273.0,138.0,77.0,19.0,0.0
4204905,448.0,518.0,658.0,730.0,684.0,672.0,534.0,558.0,615.0,674.0,623.0,571.0,419.0,347.0,266.0,166.0,111.0,37.0,3.0,0.0,0.0
4205001,1068.0,1175.0,1525.0,1349.0,1172.0,1131.0,1019.0,940.0,946.0,947.0,936.0,711.0,575.0,493.0,387.0,225.0,138.0,67.0,7.0,0.0,0.0
4205100,262.0,284.0,338.0,333.0,298.0,280.0,247.0,300.0,261.0,265.0,183.0,197.0,148.0,126.0,94.0,60.0,19.0,19.0,2.0,4.0,0.0
4205159,242.0,253.0,314.0,300.0,279.0,247.0,255.0,262.0,293.0,237.0,216.0,180.0,119.0,155.0,119.0,75.0,24.0,24.0,10.0,0.0,0.0
4205175,219.0,322.0,384.0,304.0,231.0,252.0,215.0,176.0,177.0,189.0,148.0,106.0,88.0,57.0,33.0,38.0,26.0,28.0,9.0,11.0,6.0
4205191,135.0,141.0,175.0,195.0,175.0,158.0,140.0,149.0,138.0,136.0,125.0,115.0,66.0,85.0,33.0,45.0,27.0,8.0,4.0,0.0,0.0
4205209,254.0,281.0,346.0,382.0,288.0,304.0,290.0,286.0,331.0,300.0,281.0,295.0,213.0,200.0,135.0,87.0,47.0,19.0,7.0,3.0,3.0
4205308,767.0,830.0,997.0,976.0,967.0,909.0,804.0,796.0,726.0,691.0,713.0,412.0,310.0,361.0,188.0,108.0,41.0,38.0,16.0,11.0,0.0
4205357,94.0,114.0,132.0,164.0,92.0,100.0,96.0,116.0,103.0,126.0,98.0,107.0,72.0,80.0,50.0,21.0,14.0,5.0,4.0,0.0,0.0
4205407,23499.0,23753.0,28471.0,32532.0,41274.0,44260.0,38182.0,32304.0,29888.0,30438.0,26709.0,21794.0,16835.0,11033.0,7810.0,5652.0,3590.0,2112.0,853.0,177.0,75.0
4205431,139.0,179.0,237.0,264.0,211.0,154.0,169.0,171.0,203.0,211.0,148.0,132.0,116.0,92.0,87.0,52.0,22.0,11.0,0.0,2.0,0.0
4205456,1588.0,1704.0,2035.0,2156.0,2257.0,2219.0,1851.0,1729.0,1630.0,1628.0,1163.0,885.0,593.0,421.0,378.0,186.0,63.0,51.0,11.0,0.0,0.0
4205506,2580.0,3014.0,3493.0,3324.0,2886.0,2746.0,2669.0,2647.0,2609.0,2249.0,1867.0,1379.0,1174.0,659.0,685.0,333.0,158.0,71.0,10.0,0.0,0.0
4205555,132.0,201.0,271.0,244.0,161.0,157.0,148.0,185.0,195.0,203.0,155.0,118.0,94.0,74.0,58.0,28.0,31.0,8.0,12.0,0.0,0.0
4205605,221.0,259.0,320.0,311.0,253.0,258.0,215.0,235.0,257.0,256.0,173.0,262.0,128.0,129.0,80.0,62.0,20.0,23.0,6.0,4.0,0.0
4205704,1098.0,1250.0,1507.0,1470.0,1385.0,1556.0,1553.0,1556.0,1345.0,1306.0,1045.0,943.0,687.0,476.0,416.0,295.0,131.0,89.0,20.0,10.0,0.0
4205803,1280.0,1234.0,1558.0,1447.0,1324.0,1252.0,1121.0,1059.0,1023.0,848.0,733.0,630.0,511.0,299.0,205.0,157.0,50.0,24.0,0.0,6.0,0.0
4205902,3752.0,3976.0,4792.0,5430.0,5627.0,5260.0,4912.0,4452.0,4450.0,4217.0,3218.0,2852.0,1844.0,1159.0,774.0,531.0,397.0,237.0,91.0,10.0,0.0
4206009,683.0,869.0,1045.0,1157.0,1073.0,1066.0,972.0,1105.0,1045.0,1003.0,856.0,666.0,491.0,341.0,249.0,220.0,108.0,28.0,8.0,10.0,4.0
4206108,411.0,384.0,526.0,563.0,581.0,514.0,446.0,426.0,492.0,467.0,370.0,339.0,207.0,218.0,100.0,76.0,65.0,19.0,12.0,7.0,0.0
4206207,630.0,670.0,875.0,951.0,884.0,850.0,778.0,727.0,816.0,798.0,686.0,539.0,480.0,302.0,297.0,161.0,123.0,50.0,17.0,0.0,0.0
4206306,1092.0,1224.0,1477.0,1659.0,1811.0,1773.0,1582.0,1446.0,1467.0,1348.0,1072.0,882.0,490.0,383.0,301.0,227.0,134.0,57.0,5.0,0.0,0.0
4206405,495.0,621.0,812.0,913.0,833.0,786.0,652.0,717.0,810.0,897.0,764.0,627.0,541.0,298.0,293.0,203.0,152.0,72.0,11.0,0.0,0.0
4206504,2625.0,2629.0,3083.0,3322.0,3647.0,3569.0,3174.0,2859.0,2686.0,2195.0,1602.0,1294.0,916.0,544.0,372.0,327.0,218.0,80.0,30.0,0.0,0.0
4206603,247.0,308.0,398.0,457.0,420.0,327.0,308.0,344.0,366.0,396.0,326.0,273.0,221.0,162.0,119.0,133.0,50.0,35.0,14.0,3.0,0.0
4206652,310.0,341.0,466.0,468.0,391.0,350.0,301.0,319.0,337.0,312.0,308.0,250.0,190.0,142.0,73.0,69.0,26.0,6.0,12.0,3.0,6.0
4206702,1366.0,1460.0,1760.0,1801.0,1931.0,1887.0,1683.0,1493.0,1575.0,1540.0,1301.0,1003.0,746.0,631.0,521.0,310.0,118.0,67.0,30.0,11.0,5.0
4206751,117.0,121.0,161.0,172.0,150.0,126.0,141.0,134.0,139.0,156.0,158.0,107.0,101.0,70.0,46.0,24.0,19.0,2.0,0.0,2.0,0.0
4206801,174.0,239.0,257.0,245.0,224.0,233.0,214.0,226.0,234.0,268.0,220.0,249.0,239.0,98.0,120.0,70.0,40.0,21.0,2.0,0.0,0.0
4206900,1159.0,1260.0,1432.0,1444.0,1545.0,1527.0,1276.0,1337.0,1229.0,1194.0,957.0,880.0,649.0,476.0,393.0,280.0,193.0,86.0,13.0,0.0,0.0
4207007,2832.857142857143,2919.285714285714,3602.857142857143,3878.5714285714284,4051.4285714285716,3675.0,3156.4285714285716,2947.857142857143,3186.4285714285716,3221.4285714285716,2545.714285714286,2003.5714285714287,1407.857142857143,982.8571428571429,770.0,407.8571428571429,323.57142857142856,105.71428571428572,4.285714285714286,0.0,0.0
4207106,932.0,907.0,1142.0,1112.0,1123.0,1114.0,966.0,911.0,947.0,818.0,634.0,581.0,327.0,328.0,239.0,126.0,88.0,60.0,0.0,0.0,0.0
4207205,596.0,802.0,1058.0,980.0,721.0,636.0,718.0,773.0,801.0,926.0,820.0,698.0,621.0,561.0,366.0,268.0,218.0,57.0,28.0,25.0,0.0
4207304,2378.0,2713.0,3257.0,3358.0,3255.0,3180.0,2919.0,2943.0,2931.0,3023.0,2709.0,2188.0,1922.0,1171.0,971.0,676.0,340.0,168.0,59.0,9.0,0.0
4207403,440.0,466.0,533.0,523.0,463.0,483.0,423.0,396.0,449.0,383.0,303.0,282.0,210.0,141.0,93.0,61.0,44.0,15.0,0.0,0.0,0.0
4207502,3856.0,3953.0,4486.0,4769.0,5190.0,5235.0,4642.0,4422.0,4204.0,3840.0,2991.0,2323.0,1820.0,1055.0,880.0,547.0,354.0,192.0,69.0,27.0,0.0
4207577,132.0,174.0,191.0,209.0,197.0,189.0,168.0,203.0,228.0,225.0,226.0,117.0,131.0,119.0,95.0,91.0,24.0,17.0,1.0,0.0,3.0
4207601,248.0,302.0,393.0,392.0,333.0,324.0,284.0,311.0,356.0,337.0,355.0,293.0,257.0,178.0,122.0,148.0,72.0,31.0,13.0,0.0,3.0
4207650,536.0,542.0,686.0,745.0,611.0,659.0,568.0,617.0,626.0,668.0,586.0,493.0,305.0,285.0,210.0,145.0,46.0,70.0,12.0,0.0,0.0
4207684,614.0,750.0,850.0,702.0,572.0,483.0,444.0,412.0,391.0,351.0,329.0,242.0,231.0,140.0,103.0,68.0,38.0,41.0,24.0,7.0,7.0
4207700,390.0,469.0,572.0,622.0,622.0,536.0,517.0,525.0,549.0,555.0,440.0,431.0,320.0,258.0,142.0,162.0,64.0,32.0,11.0,3.0,0.0
4207759,230.0,319.0,369.0,344.0,293.0,265.0,286.0,273.0,336.0,340.0,276.0,249.0,218.0,159.0,116.0,84.0,74.0,15.0,3.0,3.0,0.0
4207809,660.0,754.0,898.0,881.0,804.0,766.0,764.0,674.0,697.0,636.0,527.0,464.0,369.0,225.0,215.0,109.0,47.0,26.0,14.0,0.0,0.0
4207858,109.0,147.0,198.0,208.0,184.0,129.0,134.0,136.0,152.0,165.0,138.0,108.0,104.0,76.0,44.0,37.0,10.0,15.0,2.0,0.0,0.0
4207908,774.0,867.0,1057.0,934.0,871.0,869.0,818.0,773.0,725.0,678.0,478.0,433.0,339.0,301.0,197.0,170.0,109.0,44.0,11.0,0.0,0.0
4208005,371.0,480.0,538.0,540.0,523.0,488.0,441.0,470.0,468.0,462.0,402.0,393.0,295.0,191.0,133.0,118.0,78.0,32.0,3.0,0.0,0.0
4208104,1655.0,1754.0,1949.0,1837.0,1701.0,1622.0,1595.0,1483.0,1367.0,1268.0,1036.0,877.0,671.0,581.0,384.0,238.0,150.0,108.0,25.0,0.0,0.0
4208203,12678.0,13146.0,15208.0,15998.0,17178.0,18296.0,16270.0,13801.0,13288.0,12628.0,10741.0,7811.0,5779.0,3649.0,2834.0,2112.0,1155.0,579.0,160.0,62.0,0.0
4208302,3044.0,3228.0,4016.0,3910.0,3975.0,4195.0,3845.0,3588.0,3396.0,3066.0,2586.0,2460.0,1868.0,1046.0,710.0,508.0,217.0,101.0,20.0,18.0,0.0
4208401,955.0,1063.0,1278.0,1421.0,1419.0,1366.0,1161.0,1158.0,1089.0,1124.0,977.0,703.0,556.0,396.0,332.0,191.0,131.0,84.0,5.0,0.0,0.0
4208450,1001.0,1078.0,1309.0,1166.0,1052.0,1036.0,1034.0,988.0,1005.0,1006.0,1012.0,965.0,785.0,599.0,394.0,207.0,78.0,39.0,0.0,10.0,0.0
4208500,1544.0,1689.0,1958.0,2182.0,2051.0,1854.0,1646.0,1600.0,1707.0,1581.0,1233.0,924.0,710.0,596.0,375.0,285.0,204.0,67.0,34.0,11.0,0.0
4208609,222.0,242.0,316.0,372.0,321.0,273.0,214.0,262.0,329.0,333.0,335.0,174.0,203.0,164.0,125.0,83.0,36.0,24.0,13.0,0.0,0.0
4208708,612.0,779.0,870.0,961.0,882.0,821.0,749.0,737.0,803.0,789.0,564.0,648.0,446.0,326.0,211.0,244.0,136.0,22.0,10.0,0.0,0.0
4208807,1069.0,1148.0,1406.0,1426.0,1427.0,1423.0,1210.0,1163.0,1184.0,1165.0,1162.0,1096.0,791.0,648.0,407.0,299.0,185.0,63.0,18.0,0.0,0.0
4208906,9483.0,9604.0,10753.0,11942.0,14711.0,15313.0,13859.0,11909.0,10961.0,9828.0,7868.0,5549.0,3892.0,2714.0,2140.0,1221.0,800.0,411.0,132.0,33.0,0.0
4208955,79.0,121.0,175.0,173.0,127.0,118.0,105.0,104.0,168.0,159.0,137.0,61.0,82.0,51.0,56.0,28.0,13.0,9.0,0.0,0.0,0.0
4209003,1564.0,1721.0,2021.0,2227.0,2378.0,2390.0,2177.0,2041.0,2050.0,2091.0,1651.0,1387.0,1052.0,783.0,587.0,496.0,257.0,120.0,13.0,0.0,14.0
4209102,34054.0,35260.0,42105.0,44723.0,48297.0,49010.0,45541.0,40972.0,39980.0,36240.0,29437.0,23953.0,16326.0,10520.0,7833.0,5423.0,3418.0,1429.0,612.0,110.0,47.0
4209151,363.0,437.0,485.0,452.0,376.0,363.0,312.0,310.0,303.0,292.0,251.0,185.0,189.0,141.0,125.0,59.0,48.0,16.0,10.0,4.0,0.0
4209177,138.0,167.0,195.0,199.0,149.0,130.0,135.0,158.0,181.0,151.0,124.0,113.0,88.0,80.0,52.0,38.0,36.0,9.0,4.0,2.0,0.0
4209201,114.0,144.0,174.0,156.0,149.0,160.0,151.0,150.0,184.0,182.0,133.0,132.0,119.0,71.0,95.0,47.0,20.0,14.0,4.0,0.0,0.0
4209300,10800.0,11649.0,13965.0,14067.0,13617.0,13416.0,11899.0,11275.0,11203.0,10695.0,8961.0,7370.0,5864.0,4403.0,2736.0,2278.0,1340.0,826.0,269.0,60.0,34.0
4209409,2391.3488372093025,2640.0,3257.790697674419,3384.418604651163,3003.0,2970.0,2762.790697674419,2760.4883720930234,2901.697674418605,2893.2558139534885,2368.3255813953488,2472.697674418605,1966.953488372093,1442.7906976744187,1030.6744186046512,589.3953488372093,454.3255813953489,172.67441860465118,88.25581395348837,19.186046511627907,0.0
4209458,80.0,84.0,115.0,138.0,117.0,99.0,93.0,100.0,103.0,130.0,122.0,82.0,81.0,48.0,40.0,34.0,14.0,5.0,2.0,3.0,0.0
4209508,359.0,370.0,492.0,558.0,528.0,474.0,446.0,436.0,506.0,501.0,335.0,352.0,223.0,158.0,125.0,71.0,29.0,29.0,9.0,3.0,0.0
4209607,953.0,1060.0,1118.0,1283.0,1352.0,1210.0,999.0,1040.0,1047.0,1127.0,811.0,693.0,538.0,425.0,373.0,181.0,82.0,59.0,16.0,0.0,0.0
4209706,1014.0,1145.0,1307.0,1188.0,912.0,854.0,844.0,862.0,742.0,720.0,575.0,499.0,387.0,306.0,173.0,169.0,76.0,29.0,21.0,15.0,0.0
4209805,217.0,262.0,265.0,307.0,255.0,276.0,238.0,262.0,255.0,246.0,204.0,172.0,123.0,95.0,89.0,62.0,26.0,7.0,3.0,0.0,0.0
4209854,257.0,308.0,342.0,371.0,324.0,363.0,317.0,318.0,367.0,369.0,305.0,273.0,248.0,165.0,110.0,98.0,55.0,30.0,20.0,2.0,0.0
4209904,730.0,753.0,906.0,870.0,866.0,936.0,787.0,772.0,733.0,661.0,545.0,465.0,393.0,259.0,218.0,170.0,100.0,69.0,6.0,6.0,0.0
4210001,761.0,826.0,871.0,990.0,1104.0,965.0,829.0,725.0,727.0,666.0,599.0,427.0,259.0,257.0,161.0,74.0,121.0,52.0,15.0,4.0,6.0
4210035,239.0,282.0,439.0,468.0,438.0,405.0,381.0,368.0,443.0,472.0,348.0,358.0,281.0,238.0,175.0,152.0,61.0,34.0,14.0,3.0,0.0
4210050,111.0,146.0,181.0,172.0,146.0,136.0,126.0,132.0,124.0,122.0,113.0,100.0,73.0,61.0,25.0,29.0,15.0,8.0,4.0,2.0,0.0
4210100,3630.0,4139.0,4634.0,4553.0,4333.0,4407.0,4384.0,4066.0,3756.0,3688.0,3147.0,2445.0,2028.0,1221.0,996.0,591.0,637.0,179.0,56.0,21.0,0.0
4210209,194.0,227.0,284.0,297.0,254.0,251.0,225.0,234.0,229.0,231.0,210.0,148.0,167.0,86.0,76.0,70.0,64.0,23.0,10.0,0.0,0.0
4210308,546.0,583.0,737.0,703.0,581.0,596.0,574.0,518.0,519.0,530.0,427.0,358.0,240.0,217.0,154.0,107.0,40.0,33.0,15.0,0.0,0.0
4210407,477.0,446.0,569.0,529.0,649.0,577.0,470.0,447.0,425.0,427.0,439.0,307.0,208.0,158.0,139.0,81.0,29.0,24.0,0.0,3.0,0.0
4210506,1415.0,1478.0,1802.0,1916.0,2011.0,1934.0,1673.0,1669.0,1712.0,1590.0,1268.0,1007.0,1015.0,518.0,389.0,382.0,225.0,60.0,36.0,0.0,0.0
4210555,86.0,133.0,210.0,205.0,136.0,142.0,143.0,148.0,189.0,181.0,175.0,118.0,95.0,84.0,58.0,42.0,37.0,12.0,8.0,0.0,0.0
4210605,854.0,992.0,1099.0,1324.0,1239.0,1266.0,1220.0,1095.0,1118.0,1042.0,804.0,737.0,615.0,397.0,321.0,280.0,200.0,71.0,0.0,0.0,0.0
4210704,234.0,266.0,304.0,282.0,189.0,213.0,179.0,197.0,205.0,180.0,122.0,150.0,113.0,78.0,39.0,33.0,30.0,22.0,3.0,0.0,0.0
4210803,394.0,439.0,560.0,668.0,626.0,547.0,482.0,521.0,532.0,534.0,419.0,347.0,290.0,210.0,167.0,141.0,76.0,35.0,13.0,0.0,0.0
4210852,151.0,196.0,253.0,225.0,164.0,160.0,161.0,187.0,214.0,164.0,126.0,135.0,133.0,88.0,70.0,56.0,20.0,9.0,0.0,0.0,0.0
4210902,217.0,297.0,343.0,366.0,309.0,316.0,284.0,274.0,332.0,314.0,229.0,201.0,134.0,162.0,96.0,119.0,26.0,15.0,11.0,0.0,0.0
4211009,543.0,644.0,782.0,900.0,938.0,951.0,801.0,784.0,768.0,736.0,639.0,517.0,406.0,273.0,223.0,126.0,137.0,40.0,17.0,7.0,0.0
4211058,718.0,974.0,1061.0,941.0,702.0,687.0,727.0,712.0,641.0,552.0,460.0,339.0,295.0,158.0,182.0,104.0,34.0,20.0,0.0,5.0,0.0
4211108,596.0,768.0,887.0,778.0,644.0,650.0,657.0,595.0,573.0,489.0,393.0,413.0,254.0,241.0,191.0,124.0,38.0,42.0,9.0,5.0,0.0
4211207,1143.0,1169.0,1448.0,1560.0,1586.0,1424.0,1275.0,1134.0,1211.0,1173.0,904.0,711.0,506.0,315.0,291.0,141.0,89.0,31.0,15.0,0.0,0.0
4211256,168.0,174.0,242.0,292.0,274.0,232.0,192.0,193.0,249.0,222.0,163.0,154.0,100.0,85.0,51.0,59.0,17.0,16.0,7.0,0.0,0.0
4211306,4652.0,4819.0,5667.0,5464.0,5414.0,5625.0,5022.0,4483.0,4264.0,3836.0,3255.0,2590.0,1815.0,1508.0,859.0,802.0,316.0,125.0,22.0,18.0,0.0
4211405,239.0,312.0,376.0,392.0,355.0,340.0,330.0,323.0,305.0,317.0,285.0,213.0,157.0,120.0,76.0,66.0,49.0,18.0,3.0,0.0,0.0
4211454,218.0,321.0,448.0,417.0,285.0,284.0,266.0,307.0,335.0,355.0,311.0,205.0,165.0,116.0,92.0,60.0,58.0,23.0,0.0,0.0,0.0
4211504,693.0,751.0,956.0,1078.0,1153.0,1060.0,943.0,871.0,928.0,972.0,752.0,591.0,436.0,323.0,253.0,210.0,163.0,44.0,10.0,4.0,0.0
4211603,781.0,908.0,1107.0,1275.0,1283.0,1161.0,975.0,930.0,1039.0,995.0,725.0,647.0,490.0,327.0,273.0,173.0,108.0,54.0,53.0,5.0,0.0
4211652,158.0,240.0,251.0,233.0,172.0,159.0,150.0,193.0,227.0,231.0,210.0,154.0,113.0,112.0,71.0,37.0,20.0,11.0,4.0,4.0,0.0
4211702,1330.0,1466.0,1758.0,1919.0,1913.0,1876.0,1648.0,1656.0,1632.0,1612.0,1187.0,1047.0,727.0,596.0,372.0,391.0,205.0,47.0,0.0,10.0,0.0
4211751,1281.0,1319.0,1540.0,1473.0,1356.0,1342.0,1338.0,1293.0,1207.0,1040.0,815.0,764.0,584.0,366.0,263.0,218.0,60.0,44.0,20.0,0.0,13.0
4211801,427.0,474.0,560.0,640.0,615.0,565.0,518.0,506.0,580.0,579.0,495.0,383.0,334.0,219.0,191.0,126.0,96.0,46.0,18.0,0.0,0.0
4211850,145.0,174.0,214.0,213.0,179.0,177.0,159.0,162.0,174.0,176.0,149.0,95.0,81.0,49.0,54.0,34.0,24.0,8.0,0.0,4.0,0.0
4211876,95.0,125.0,155.0,180.0,126.0,99.0,106.0,118.0,106.0,146.0,144.0,118.0,83.0,47.0,37.0,39.0,30.0,4.0,5.0,0.0,0.0
4211892,162.0,175.0,220.0,199.0,157.0,173.0,155.0,159.0,157.0,157.0,167.0,128.0,106.0,90.0,87.0,23.0,23.0,12.0,2.0,0.0,0.0
4211900,9522.0,10008.0,12240.0,12510.0,12703.0,13168.0,12430.0,11296.0,10309.0,9170.0,7488.0,5753.0,3885.0,2648.0,1874.0,1082.0,783.0,327.0,75.0,50.0,13.0
4212007,585.0,578.0,846.0,808.0,670.0,552.0,513.0,518.0,520.0,538.0,451.0,345.0,263.0,237.0,200.0,56.0,54.0,26.0,0.0,4.0,0.0
4212056,162.0,203.0,214.0,196.0,169.0,173.0,179.0,148.0,157.0,147.0,138.0,135.0,120.0,84.0,63.0,44.0,21.0,18.0,2.0,0.0,0.0
4212106,897.0,1051.0,1196.0,1408.0,1179.0,1153.0,1102.0,1171.0,1220.0,1181.0,1070.0,1021.0,781.0,534.0,371.0,324.0,213.0,121.0,21.0,5.0,0.0
4212205,1260.0,1557.0,1757.0,1782.0,1497.0,1411.0,1344.0,1228.0,1263.0,1202.0,1008.0,809.0,591.0,385.0,312.0,249.0,160.0,93.0,12.0,9.0,0.0
4212239,212.0,284.0,407.0,385.0,283.0,221.0,248.0,238.0,313.0,310.0,286.0,270.0,166.0,170.0,146.0,84.0,38.0,15.0,4.0,0.0,0.0
4212254,480.0,590.0,558.0,580.0,553.0,611.0,474.0,444.0,458.0,515.0,388.0,330.0,234.0,157.0,138.0,50.0,50.0,12.0,6.0,0.0,0.0
4212270,321.0,408.0,508.0,451.0,324.0,319.0,286.0,308.0,303.0,255.0,259.0,230.0,163.0,112.0,80.0,30.0,40.0,12.0,17.0,0.0,0.0
4212304,421.0,505.0,588.0,629.0,568.0,533.0,499.0,484.0,464.0,462.0,360.0,319.0,277.0,194.0,180.0,114.0,59.0,18.0,6.0,12.0,0.0
4212403,213.0,247.0,283.0,324.0,346.0,329.0,255.0,263.0,331.0,337.0,309.0,240.0,187.0,138.0,127.0,87.0,49.0,33.0,7.0,2.0,0.0
4212502,1626.0,1865.0,2172.0,2080.0,2045.0,2073.0,1966.0,1890.0,1780.0,1640.0,1565.0,1291.0,946.0,927.0,590.0,359.0,251.0,50.0,26.0,0.0,0.0
4212601,159.0,160.0,213.0,249.0,218.0,179.0,168.0,177.0,254.0,265.0,230.0,187.0,175.0,96.0,106.0,85.0,43.0,14.0,7.0,3.0,0.0
4212650,724.6511627906976,800.0,987.2093023255813,1025.5813953488373,910.0,900.0,837.2093023255813,836.5116279069767,879.3023255813953,876.7441860465116,717.6744186046511,749.3023255813954,596.046511627907,437.2093023255814,312.3255813953488,178.6046511627907,137.67441860465115,52.325581395348834,26.74418604651163,5.813953488372093,0.0
4212700,358.0,404.0,531.0,581.0,489.0,418.0,386.0,399.0,487.0,480.0,401.0,326.0,252.0,216.0,159.0,142.0,73.0,18.0,7.0,3.0,0.0
4212809,1293.0,1299.0,1632.0,1524.0,1333.0,1331.0,1391.0,1225.0,1161.0,1101.0,1039.0,908.0,642.0,527.0,237.0,193.0,121.0,74.0,36.0,11.0,0.0
4212908,989.0,1153.0,1314.0,1601.0,1732.0,1528.0,1220.0,1155.0,1227.0,1157.0,906.0,639.0,485.0,440.0,368.0,228.0,114.0,35.0,27.0,13.0,0.0
4213005,177.0,236.0,245.0,329.0,277.0,226.0,205.0,221.0,274.0,249.0,188.0,137.0,102.0,103.0,87.0,52.0,19.0,13.0,7.0,0.0,0.0
4213104,283.0,319.0,342.0,370.0,435.0,368.0,349.0,296.0,328.0,335.0,315.0,316.0,246.0,160.0,119.0,104.0,66.0,29.0,7.0,0.0,0.0
4213153,129.0,163.0,230.0,251.0,221.0,178.0,142.0,171.0,200.0,228.0,197.0,182.0,106.0,89.0,72.0,45.0,29.0,13.0,8.0,0.0,0.0
4213203,1678.0,1687.0,1885.0,2137.0,2433.0,2640.0,2490.0,2320.0,2199.0,1967.0,1708.0,1292.0,1126.0,743.0,743.0,447.0,131.0,100.0,33.0,0.0,0.0
4213302,347.0,467.0,511.0,425.0,407.0,334.0,359.0,346.0,300.0,282.0,250.0,274.0,202.0,138.0,107.0,99.0,13.0,26.0,7.0,0.0,0.0
4213351,271.0,294.0,370.0,351.0,283.0,249.0,237.0,226.0,241.0,183.0,190.0,102.0,94.0,80.0,48.0,28.0,30.0,23.0,0.0,3.0,0.0
4213401,878.0,922.0,1127.0,1125.0,894.0,850.0,792.0,774.0,733.0,711.0,578.0,523.0,406.0,286.0,188.0,133.0,69.0,32.0,9.0,0.0,0.0
4213500,1046.0,1264.0,1359.0,1368.0,1346.0,1389.0,1334.0,1235.0,1148.0,1161.0,868.0,863.0,588.0,369.0,316.0,234.0,115.0,51.0,16.0,9.0,6.0
4213609,2322.0,2615.0,2969.0,2897.0,2787.0,2536.0,2516.0,2466.0,2375.0,2334.0,1962.0,1573.0,1374.0,868.0,908.0,457.0,339.0,180.0,16.0,0.0,0.0
4213708,1139.0,1156.0,1285.0,1320.0,1351.0,1306.0,1177.0,1020.0,984.0,931.0,870.0,619.0,638.0,363.0,284.0,142.0,148.0,61.0,11.0,5.0,0.0
4213807,483.0,486.0,614.0,690.0,566.0,535.0,549.0,519.0,516.0,484.0,441.0,417.0,353.0,223.0,164.0,111.0,48.0,49.0,20.0,0.0,0.0
4213906,74.0,105.0,140.0,144.0,105.0,111.0,99.0,136.0,146.0,131.0,123.0,134.0,86.0,77.0,48.0,33.0,16.0,7.0,7.0,4.0,0.0
4214003,977.0,1051.0,1205.0,1277.0,1342.0,1258.0,1166.0,1053.0,1052.0,1131.0,861.0,660.0,639.0,415.0,334.0,215.0,141.0,75.0,34.0,0.0,0.0
4214102,129.0,165.0,197.0,212.0,191.0,164.0,130.0,159.0,177.0,167.0,122.0,148.0,86.0,74.0,71.0,44.0,41.0,7.0,0.0,0.0,0.0
4214151,168.0,203.0,236.0,286.0,229.0,220.0,194.0,191.0,177.0,205.0,180.0,119.0,99.0,106.0,72.0,44.0,9.0,18.0,2.0,0.0,0.0
4214201,570.0,721.0,874.0,1002.0,881.0,825.0,658.0,700.0,757.0,734.0,573.0,597.0,429.0,361.0,231.0,161.0,97.0,54.0,24.0,0.0,0.0
4214300,154.0,162.0,237.0,227.0,208.0,191.0,222.0,228.0,209.0,206.0,174.0,138.0,134.0,95.0,63.0,46.0,32.0,23.0,0.0,0.0,0.0
4214409,417.0,456.0,580.0,535.0,484.0,464.0,406.0,431.0,419.0,425.0,393.0,305.0,252.0,219.0,160.0,97.0,69.0,23.0,5.0,3.0,0.0
4214508,431.0,471.0,535.0,534.0,480.0,507.0,421.0,474.0,484.0,434.0,365.0,285.0,279.0,195.0,174.0,52.0,39.0,17.0,12.0,3.0,0.0
4214607,419.0,480.0,575.0,606.0,548.0,547.0,500.0,500.0,513.0,531.0,416.0,396.0,339.0,250.0,163.0,166.0,82.0,42.0,8.0,10.0,0.0
4214706,629.0,633.0,713.0,814.0,884.0,820.0,854.0,744.0,736.0,707.0,525.0,669.0,488.0,357.0,209.0,199.0,170.0,102.0,22.0,10.0,0.0
4214805,3945.0,4043.0,4812.0,4961.0,5782.0,5821.0,5141.0,4755.0,4392.0,4398.0,3456.0,2929.0,2121.0,1704.0,1192.0,721.0,615.0,321.0,65.0,24.0,0.0
4214904,247.0,233.0,308.0,404.0,427.0,366.0,273.0,305.0,339.0,394.0,249.0,306.0,162.0,181.0,101.0,76.0,41.0,20.0,9.0,0.0,4.0
4215000,2951.0,3511.0,3880.0,3494.0,3202.0,3556.0,3302.0,3072.0,2962.0,2706.0,2316.0,1386.0,1108.0,926.0,666.0,364.0,244.0,159.0,21.0,19.0,0.0
4215059,164.0,195.0,251.0,233.0,174.0,180.0,157.0,185.0,200.0,165.0,121.0,134.0,109.0,57.0,39.0,19.0,26.0,17.0,8.0,0.0,2.0
4215075,304.0,357.0,445.0,486.0,330.0,311.0,309.0,364.0,353.0,322.0,282.0,264.0,243.0,188.0,109.0,101.0,51.0,17.0,2.0,0.0,0.0
4215109,551.0,603.0,758.0,864.0,893.0,904.0,835.0,793.0,833.0,809.0,656.0,744.0,595.0,349.0,316.0,196.0,128.0,66.0,25.0,5.0,0.0
4215208,300.0,402.0,541.0,437.0,349.0,327.0,308.0,337.0,423.0,451.0,438.0,364.0,244.0,262.0,192.0,93.0,50.0,24.0,6.0,0.0,3.0
4215307,456.0,539.0,691.0,700.0,616.0,595.0,506.0,521.0,537.0,513.0,457.0,379.0,288.0,243.0,163.0,77.0,50.0,35.0,4.0,0.0,0.0
4215356,283.0,349.0,421.0,383.0,296.0,247.0,243.0,244.0,255.0,239.0,277.0,197.0,203.0,102.0,84.0,72.0,55.0,4.0,6.0,0.0,0.0
4215406,260.0,278.0,399.0,421.0,383.0,357.0,301.0,320.0,319.0,313.0,240.0,192.0,172.0,133.0,101.0,64.0,24.0,13.0,11.0,0.0,0.0
4215455,948.0,909.0,1019.0,1059.0,1056.0,949.0,802.0,698.0,686.0,652.0,579.0,318.0,262.0,162.0,102.0,101.0,45.0,27.0,26.0,0.0,0.0
4215505,1312.0,1432.0,1754.0,1525.0,1336.0,1333.0,1246.0,1180.0,1054.0,952.0,702.0,602.0,424.0,382.0,216.0,148.0,97.0,41.0,15.0,6.0,0.0
4215554,131.0,150.0,191.0,216.0,185.0,155.0,130.0,163.0,193.0,200.0,179.0,142.0,123.0,77.0,67.0,30.0,32.0,17.0,0.0,0.0,0.0
4215604,104.0,107.0,172.0,202.0,173.0,158.0,134.0,145.0,177.0,159.0,121.0,125.0,90.0,77.0,70.0,31.0,14.0,4.0,2.0,0.0,0.0
4215653,526.0,613.0,720.0,735.0,621.0,630.0,559.0,545.0,622.0,581.0,514.0,433.0,363.0,199.0,202.0,93.0,55.0,24.0,12.0,6.0,0.0
4215679,562.0,717.0,914.0,950.0,724.0,696.0,658.0,628.0,667.0,610.0,415.0,409.0,329.0,171.0,240.0,55.0,8.0,9.0,5.0,0.0,0.0
4215687,190.0,207.0,310.0,270.0,200.0,193.0,173.0,167.0,197.0,203.0,191.0,155.0,163.0,101.0,73.0,47.0,43.0,9.0,3.0,0.0,0.0
4215695,88.0,96.0,136.0,139.0,120.0,88.0,73.0,92.0,127.0,120.0,91.0,91.0,72.0,53.0,30.0,30.0,13.0,6.0,0.0,0.0,0.0
4215703,1150.0,1255.0,1735.0,1789.0,1795.0,1707.0,1578.0,1576.0,1615.0,1476.0,1123.0,905.0,711.0,466.0,323.0,293.0,189.0,105.0,19.0,7.0,7.0
4215752,163.0,229.0,285.0,289.0,175.0,148.0,177.0,171.0,190.0,181.0,175.0,147.0,126.0,100.0,63.0,32.0,13.0,7.0,3.0,3.0,0.0
4215802,5369.0,5523.0,6393.0,6331.0,6604.0,7291.0,6961.0,6030.0,5569.0,5099.0,4021.0,3280.0,2056.0,1727.0,991.0,945.0,406.0,129.0,76.0,0.0,0.0
4215901,149.0,176.0,230.0,195.0,240.0,174.0,215.0,219.0,219.0,246.0,184.0,211.0,182.0,111.0,103.0,83.0,46.0,24.0,0.0,0.0,0.0
4216008,631.0,618.0,752.0,833.0,924.0,852.0,757.0,732.0,770.0,765.0,699.0,629.0,473.0,330.0,173.0,147.0,102.0,76.0,22.0,0.0,5.0
4216057,346.0,379.0,490.0,426.0,438.0,480.0,473.0,392.0,343.0,306.0,287.0,203.0,129.0,151.0,71.0,39.0,25.0,25.0,8.0,0.0,0.0
4216107,592.0,673.0,865.0,842.0,718.0,753.0,642.0,695.0,680.0,711.0,567.0,561.0,340.0,311.0,247.0,205.0,66.0,6.0,15.0,1.0,0.0
4216206,3007.0,3374.0,3753.0,3638.0,3261.0,3454.0,3289.0,3016.0,2941.0,2859.0,2545.0,2242.0,1703.0,1338.0,1023.0,547.0,369.0,117.0,43.0,0.0,0.0
4216255,261.0,311.0,481.0,536.0,444.0,427.0,378.0,435.0,487.0,482.0,438.0,429.0,331.0,207.0,159.0,97.0,66.0,44.0,13.0,9.0,0.0
4216305,1846.0,1969.0,2267.0,2555.0,2747.0,2628.0,2273.0,2131.0,2023.0,1665.0,1225.0,935.0,729.0,456.0,322.0,244.0,186.0,35.0,24.0,0.0,0.0
4216354,230.0,286.0,320.0,318.0,277.0,282.0,275.0,235.0,238.0,207.0,196.0,168.0,142.0,77.0,78.0,65.0,30.0,11.0,0.0,0.0,0.0
4216404,404.0,507.0,626.0,683.0,568.0,525.0,460.0,481.0,526.0,560.0,405.0,356.0,292.0,237.0,163.0,89.0,80.0,26.0,14.0,0.0,0.0
4216503,1874.0,1836.0,1992.0,2089.0,2111.0,2009.0,1748.0,1846.0,1968.0,1788.0,1520.0,1203.0,945.0,738.0,565.0,281.0,184.0,70.0,36.0,10.0,0.0
4216602,12987.0,13310.0,16062.0,17186.0,19939.0,21344.0,19288.0,16889.0,15637.0,14609.0,12894.0,10158.0,7182.0,4768.0,3051.0,2103.0,1398.0,649.0,248.0,88.0,17.0
4216701,755.0,904.0,1203.0,1163.0,1138.0,1077.0,941.0,929.0,1056.0,1032.0,846.0,765.0,617.0,398.0,423.0,235.0,136.0,66.0,0.0,0.0,0.0
4216800,545.0,702.0,895.0,774.0,590.0,595.0,586.0,652.0,684.0,672.0,626.0,514.0,380.0,369.0,266.0,223.0,137.0,28.0,6.0,22.0,7.0
4216909,1482.0,1591.0,1901.0,2006.0,1942.0,1812.0,1673.0,1510.0,1616.0,1536.0,1330.0,962.0,741.0,702.0,438.0,271.0,153.0,104.0,10.0,13.0,0.0
4217006,773.0,821.0,957.0,1084.0,1158.0,1008.0,912.0,847.0,918.0,755.0,452.0,465.0,273.0,235.0,176.0,90.0,52.0,6.0,11.0,0.0,0.0
4217105,167.0,181.0,235.0,270.0,249.0,235.0,194.0,232.0,233.0,247.0,234.0,201.0,152.0,103.0,75.0,88.0,81.0,27.0,6.0,0.0,0.0
4217154,99.0,136.0,157.0,173.0,114.0,118.0,102.0,121.0,150.0,175.0,145.0,95.0,101.0,79.0,63.0,43.0,22.0,7.0,4.0,0.0,0.0
4217204,2136.0,2214.0,2800.0,3133.0,3484.0,3265.0,2875.0,2639.0,2719.0,2671.0,2292.0,1782.0,1322.0,1090.0,886.0,593.0,210.0,103.0,77.0,16.0,0.0
4217253,172.0,169.0,250.0,274.0,531.0,622.0,504.0,356.0,413.0,291.0,231.0,174.0,209.0,143.0,153.0,115.0,59.0,24.0,12.0,3.0,0.0
4217303,484.0,581.0,731.0,897.0,866.0,659.0,601.0,634.0,748.0,723.0,630.0,418.0,235.0,287.0,188.0,207.0,97.0,4.0,18.0,0.0,7.0
4217402,1172.0,1066.0,1299.0,1289.0,1476.0,1594.0,1430.0,1291.0,1174.0,971.0,737.0,572.0,438.0,270.0,233.0,170.0,69.0,46.0,20.0,0.0,0.0
4217501,1004.0,1043.0,1353.0,1410.0,1548.0,1473.0,1334.0,1276.0,1329.0,1293.0,1103.0,797.0,596.0,497.0,296.0,298.0,157.0,104.0,20.0,5.0,0.0
4217550,174.0,203.0,284.0,347.0,253.0,205.0,194.0,228.0,286.0,289.0,209.0,164.0,133.0,104.0,89.0,59.0,29.0,27.0,5.0,4.0,0.0
4217600,746.0,874.0,1069.0,1148.0,1173.0,1115.0,963.0,829.0,929.0,1040.0,930.0,688.0,468.0,346.0,323.0,202.0,97.0,41.0,13.0,4.0,0.0
4217709,1865.0,1989.0,2374.0,2593.0,2348.0,2275.0,2021.0,1980.0,2007.0,1827.0,1442.0,1189.0,881.0,596.0,511.0,449.0,188.0,43.0,20.0,15.0,0.0
4217758,156.0,221.0,264.0,255.0,185.0,168.0,179.0,191.0,193.0,194.0,193.0,197.0,127.0,103.0,61.0,37.0,25.0,11.0,3.0,2.0,0.0
4217808,1090.0,1288.0,1440.0,1514.0,1424.0,1441.0,1315.0,1262.0,1188.0,1274.0,943.0,902.0,692.0,550.0,486.0,207.0,149.0,70.0,15.0,5.0,4.0
4217907,539.0,581.0,715.0,751.0,718.0,677.0,601.0,601.0,693.0,684.0,609.0,321.0,414.0,232.0,244.0,133.0,102.0,42.0,16.0,0.0,0.0
4217956,91.0,117.0,139.0,172.0,126.0,112.0,109.0,92.0,110.0,154.0,149.0,122.0,77.0,61.0,69.0,29.0,16.0,10.0,0.0,0.0,1.0
4218004,1972.0,2291.0,2563.0,2898.0,2926.0,2816.0,2607.0,2363.0,2236.0,2101.0,1678.0,1420.0,1056.0,664.0,536.0,407.0,272.0,118.0,36.0,0.0,0.0
4218103,331.0,374.0,418.0,508.0,432.0,428.0,368.0,334.0,411.0,394.0,301.0,287.0,254.0,171.0,123.0,76.0,70.0,28.0,0.0,0.0,0.0
4218202,2149.0,2247.0,2711.0,2988.0,3308.0,3418.0,3082.0,2979.0,2861.0,2731.0,2242.0,1893.0,1106.0,1260.0,952.0,442.0,210.0,138.0,48.0,8.0,0.0
4218251,664.0,758.0,879.0,741.0,603.0,603.0,534.0,522.0,437.0,385.0,333.0,200.0,200.0,111.0,95.0,42.0,33.0,27.0,0.0,0.0,0.0
4218301,1514.0,1684.0,1880.0,1747.0,1498.0,1505.0,1473.0,1308.0,1144.0,1079.0,869.0,791.0,532.0,455.0,251.0,165.0,157.0,49.0,28.0,0.0,0.0
4218350,179.0,205.0,273.0,290.0,314.0,289.0,282.0,278.0,274.0,282.0,225.0,184.0,140.0,103.0,74.0,44.0,55.0,30.0,4.0,2.0,0.0
4218400,418.0,406.0,550.0,653.0,658.0,537.0,454.0,523.0,539.0,519.0,368.0,395.0,289.0,228.0,156.0,91.0,60.0,27.0,3.0,0.0,2.0
4218509,430.0,469.0,536.0,557.0,618.0,620.0,538.0,439.0,444.0,390.0,319.0,285.0,232.0,182.0,136.0,56.0,55.0,20.0,13.0,0.0,0.0
4218608,450.0,475.0,484.0,533.0,573.0,571.0,508.0,490.0,486.0,469.0,352.0,347.0,200.0,253.0,141.0,104.0,83.0,26.0,3.0,5.0,0.0
4218707,5525.0,5692.0,6870.0,7974.0,8919.0,8971.0,7822.0,6553.0,7210.0,7917.0,6277.0,5488.0,4317.0,2740.0,2084.0,1501.0,883.0,399.0,93.0,0.0,0.0
4218756,259.0,297.0,376.0,412.0,327.0,360.0,299.0,332.0,361.0,346.0,362.0,231.0,228.0,156.0,139.0,76.0,44.0,19.0,8.0,0.0,0.0
4218806,717.0,796.0,929.0,1099.0,1071.0,1034.0,903.0,840.0,904.0,923.0,684.0,550.0,447.0,311.0,289.0,145.0,117.0,63.0,22.0,10.0,0.0
4218855,191.0,181.0,243.0,264.0,236.0,173.0,161.0,190.0,247.0,236.0,196.0,153.0,144.0,104.0,76.0,23.0,53.0,17.0,18.0,4.0,0.0
4218905,823.0,834.0,979.0,979.0,824.0,893.0,728.0,689.0,788.0,769.0,601.0,535.0,410.0,323.0,189.0,168.0,91.0,48.0,21.0,0.0,7.0
4218954,129.0,208.0,196.0,197.0,160.0,182.0,190.0,185.0,215.0,188.0,182.0,101.0,118.0,91.0,77.0,22.0,20.0,18.0,0.0,3.0,0.0
4219002,1062.0,1156.0,1441.0,1544.0,1853.0,1822.0,1496.0,1366.0,1538.0,1628.0,1446.0,1133.0,929.0,530.0,508.0,297.0,269.0,139.0,48.0,17.0,0.0
4219101,272.0,259.0,313.0,347.0,275.0,275.0,243.0,250.0,248.0,241.0,217.0,162.0,122.0,131.0,71.0,50.0,39.0,11.0,3.0,3.0,0.0
4219150,171.0,238.0,268.0,238.0,194.0,198.0,184.0,201.0,226.0,207.0,161.0,152.0,132.0,99.0,55.0,48.0,20.0,10.0,3.0,3.0,0.0
4219176,340.0,401.0,523.0,448.0,392.0,376.0,378.0,343.0,359.0,311.0,263.0,195.0,145.0,129.0,100.0,48.0,21.0,17.0,4.0,0.0,0.0
4219200,456.0,505.0,583.0,602.0,512.0,509.0,447.0,458.0,458.0,482.0,316.0,295.0,242.0,150.0,98.0,97.0,50.0,30.0,0.0,0.0,0.0
4219309,3275.0,3431.0,3958.0,4134.0,4539.0,4451.0,3886.0,3511.0,3564.0,3382.0,2580.0,1932.0,1623.0,990.0,861.0,523.0,361.0,137.0,30.0,19.0,0.0
4219358,385.0,455.0,545.0,510.0,456.0,349.0,331.0,363.0,376.0,338.0,301.0,194.0,227.0,147.0,112.0,78.0,25.0,7.0,7.0,0.0,0.0
4219408,227.0,234.0,352.0,323.0,295.0,274.0,283.0,260.0,248.0,301.0,199.0,183.0,116.0,119.0,103.0,49.0,25.0,9.0,0.0,0.0,0.0
4219507,3051.0,3196.0,3745.0,3903.0,4089.0,3971.0,3554.0,3266.0,3289.0,2995.0,2585.0,1891.0,1449.0,1194.0,744.0,519.0,444.0,173.0,40.0,30.0,0.0
4219606,230.0,254.0,288.0,336.0,340.0,282.0,308.0,280.0,308.0,318.0,328.0,280.0,176.0,161.0,86.0,79.0,62.0,21.0,6.0,0.0,0.0
4219705,1785.0,1827.0,2134.0,2271.0,2395.0,2231.0,1908.0,1879.0,1975.0,1821.0,1422.0,1341.0,972.0,698.0,401.0,357.0,146.0,85.0,35.0,30.0,0.0
4219853,194.0,256.0,240.0,268.0,232.0,260.0,259.0,224.0,209.0,175.0,157.0,156.0,131.0,80.0,78.0,39.0,15.0,15.0,3.0,0.0,0.0
4220000,1133.142857142857,1167.7142857142856,1441.142857142857,1551.4285714285713,1620.5714285714284,1470.0,1262.5714285714284,1179.142857142857,1274.5714285714284,1288.5714285714284,1018.2857142857142,801.4285714285713,563.1428571428571,393.1428571428571,308.0,163.14285714285714,129.42857142857142,42.285714285714285,1.7142857142857142,0.0,0.0
4300034,293.0,346.0,421.0,366.0,308.0,315.0,297.0,331.0,333.0,296.0,270.0,236.0,201.0,129.0,161.0,52.0,20.0,15.0,4.0,0.0,0.0
4300059,246.0,239.0,321.0,327.0,303.0,271.0,230.0,260.0,253.0,291.0,233.0,242.0,169.0,112.0,95.0,73.0,28.0,12.0,14.0,3.0,0.0
4300109,853.0,1040.0,1304.0,1335.0,1280.0,1291.0,1192.0,1207.0,1276.0,1211.0,1083.0,995.0,839.0,585.0,546.0,405.0,147.0,100.0,33.0,0.0,0.0
4300208,367.0,417.0,529.0,532.0,528.0,467.0,461.0,550.0,580.0,597.0,498.0,408.0,333.0,300.0,296.0,210.0,102.0,68.0,6.0,7.0,0.0
4300307,291.0,372.0,567.0,561.0,367.0,306.0,379.0,420.0,490.0,597.0,594.0,523.0,529.0,389.0,338.0,132.0,93.0,74.0,13.0,10.0,0.0
4300406,4660.0,5100.0,6599.0,6845.0,6150.0,5713.0,5117.0,5159.0,5640.0,5694.0,4860.0,4377.0,3328.0,3003.0,2154.0,1546.0,974.0,468.0,180.0,76.0,9.0
4300455,176.0,267.0,339.0,338.0,213.0,217.0,234.0,260.0,293.0,387.0,334.0,342.0,258.0,244.0,159.0,151.0,54.0,13.0,16.0,7.0,0.0
4300471,112.0,94.0,132.0,168.0,133.0,153.0,141.0,130.0,165.0,133.0,155.0,183.0,133.0,99.0,64.0,37.0,24.0,8.0,2.0,0.0,0.0
4300505,401.0,507.0,704.0,667.0,538.0,486.0,503.0,484.0,589.0,639.0,531.0,601.0,449.0,310.0,280.0,141.0,90.0,87.0,14.0,6.0,0.0
4300554,93.0,98.0,133.0,145.0,128.0,119.0,96.0,114.0,168.0,151.0,121.0,140.0,94.0,92.0,54.0,45.0,26.0,24.0,5.0,3.0,0.0
4300570,116.0,151.0,194.0,239.0,200.0,201.0,221.0,214.0,258.0,244.0,199.0,137.0,137.0,115.0,125.0,81.0,49.0,30.0,6.0,0.0,0.0
4300604,14731.0,16580.0,20015.0,18446.0,16453.0,16693.0,15354.0,13868.0,13575.0,12708.0,11050.0,8610.0,6573.0,4313.0,2946.0,2023.0,949.0,555.0,190.0,42.0,0.0
4300638,477.0,511.0,507.0,549.0,499.0,448.0,466.0,484.0,452.0,449.0,425.0,304.0,242.0,190.0,142.0,103.0,68.0,25.0,10.0,3.0,0.0
4300646,533.0,594.0,709.0,641.0,552.0,561.0,552.0,545.0,555.0,490.0,417.0,378.0,292.0,179.0,152.0,125.0,30.0,18.0,0.0,0.0,0.0
4300661,64.0,80.0,94.0,86.0,84.0,78.0,73.0,71.0,88.0,107.0,108.0,74.0,59.0,49.0,33.0,43.0,17.0,8.0,0.0,0.0,0.0
4300703,257.0,311.0,380.0,471.0,413.0,401.0,405.0,371.0,459.0,510.0,474.0,422.0,344.0,271.0,275.0,137.0,96.0,62.0,13.0,0.0,0.0
4300802,592.0,725.0,960.0,1036.0,981.0,911.0,809.0,847.0,1020.0,1179.0,1009.0,634.0,688.0,498.0,425.0,260.0,157.0,85.0,16.0,0.0,0.0
4300851,188.0,266.0,316.0,276.0,222.0,221.0,210.0,253.0,255.0,279.0,306.0,190.0,224.0,185.0,153.0,70.0,51.0,20.0,3.0,6.0,0.0
4300877,330.0,368.0,444.0,385.0,391.0,419.0,388.0,348.0,386.0,345.0,281.0,226.0,187.0,143.0,107.0,43.0,63.0,7.0,4.0,0.0,0.0
4300901,247.0,329.0,477.0,546.0,428.0,417.0,369.0,428.0,532.0,535.0,545.0,441.0,406.0,307.0,205.0,172.0,102.0,41.0,19.0,16.0,3.0
4301008,913.0,1047.0,1332.0,1502.0,1602.0,1533.0,1382.0,1342.0,1463.0,1537.0,1332.0,1077.0,807.0,654.0,476.0,398.0,229.0,141.0,16.0,0.0,0.0
4301057,465.0,558.0,650.0,600.0,509.0,506.0,476.0,489.0,543.0,589.0,525.0,494.0,445.0,332.0,256.0,167.0,75.0,53.0,8.0,0.0,0.0
4301073,136.0,163.0,201.0,212.0,204.0,230.0,206.0,204.0,140.0,171.0,180.0,157.0,185.0,99.0,86.0,61.0,72.0,16.0,7.0,0.0,0.0
4301107,876.0,934.0,1223.0,1094.0,1010.0,1022.0,974.0,922.0,932.0,993.0,865.0,818.0,581.0,479.0,356.0,250.0,194.0,42.0,23.0,17.0,0.0
4301206,779.0,899.0,1035.0,1100.0,1069.0,985.0,929.0,842.0,874.0,943.0,856.0,720.0,608.0,340.0,250.0,256.0,101.0,43.0,16.0,4.0,0.0
4301305,1104.0,1365.0,1611.0,1477.0,1316.0,1382.0,1233.0,1205.0,1301.0,1341.0,1219.0,1031.0,917.0,652.0,444.0,387.0,339.0,105.0,31.0,10.0,0.0
4301404,564.0,659.0,845.0,956.0,774.0,764.0,695.0,689.0,692.0,732.0,689.0,624.0,547.0,313.0,288.0,192.0,136.0,58.0,8.0,0.0,0.0
4301503,330.0,343.0,480.0,526.0,455.0,471.0,426.0,484.0,523.0,597.0,448.0,519.0,426.0,352.0,254.0,228.0,138.0,77.0,6.0,9.0,3.0
4301552,167.0,213.0,279.0,265.0,228.0,215.0,257.0,281.0,266.0,318.0,258.0,211.0,203.0,164.0,113.0,114.0,50.0,43.0,10.0,5.0,5.0
4301602,7154.0,8549.0,9798.0,10001.0,9360.0,9219.0,8105.0,7817.0,7979.0,8330.0,7076.0,6224.0,5406.0,3740.0,3301.0,2154.0,1524.0,631.0,328.0,69.0,29.0
4301636,669.0,875.0,1022.0,845.0,629.0,655.0,598.0,611.0,660.0,718.0,734.0,781.0,768.0,523.0,403.0,198.0,137.0,24.0,5.0,0.0,0.0
4301651,259.0,343.0,426.0,462.0,501.0,475.0,432.0,404.0,455.0,411.0,387.0,291.0,280.0,209.0,153.0,136.0,84.0,19.0,15.0,0.0,0.0
4301701,313.0,401.0,501.0,554.0,477.0,460.0,419.0,391.0,483.0,545.0,416.0,443.0,330.0,262.0,186.0,141.0,122.0,51.0,29.0,5.0,0.0
4301750,488.0,569.0,639.0,617.0,542.0,537.0,499.0,540.0,505.0,476.0,449.0,354.0,284.0,209.0,136.0,82.0,54.0,27.0,8.0,3.0,0.0
4301800,282.0,355.0,469.0,465.0,393.0,357.0,330.0,342.0,373.0,400.0,390.0,332.0,233.0,230.0,167.0,126.0,55.0,43.0,9.0,3.0,3.0
4301859,221.0,232.0,277.0,279.0,239.0,214.0,196.0,227.0,219.0,205.0,170.0,174.0,140.0,106.0,90.0,44.0,41.0,11.0,5.0,0.0,0.0
4301875,353.0,358.0,404.0,367.0,321.0,329.0,297.0,294.0,297.0,232.0,218.0,185.0,146.0,85.0,51.0,35.0,21.0,15.0,0.0,4.0,0.0
4301909,824.0,938.0,1073.0,1053.0,905.0,888.0,803.0,880.0,928.0,876.0,808.0,682.0,608.0,449.0,292.0,298.0,198.0,43.0,15.0,11.0,0.0
4301925,86.0,98.0,139.0,152.0,134.0,121.0,130.0,115.0,131.0,185.0,169.0,182.0,112.0,94.0,63.0,41.0,34.0,12.0,4.0,0.0,0.0
4301958,118.0,130.0,187.0,204.0,174.0,177.0,156.0,173.0,188.0,187.0,154.0,157.0,106.0,109.0,55.0,42.0,24.0,19.0,6.0,0.0,0.0
4302006,748.0,947.0,1100.0,1027.0,722.0,820.0,743.0,705.0,720.0,798.0,718.0,598.0,529.0,302.0,256.0,218.0,103.0,51.0,15.0,11.0,4.0
4302055,150.0,223.0,299.0,269.0,158.0,149.0,112.0,116.0,142.0,183.0,111.0,100.0,99.0,59.0,59.0,30.0,23.0,7.0,13.0,4.0,0.0
4302105,5439.024390243902,6099.512195121951,7128.780487804878,7827.317073170731,9656.585365853658,10383.414634146342,8910.243902439024,7574.634146341463,7985.365853658536,7935.60975609756,7087.804878048781,5466.341463414634,4367.804878048781,2995.121951219512,2273.170731707317,1664.390243902439,1074.1463414634145,607.8048780487804,175.60975609756096,9.75609756097561,0.0
4302154,123.0,150.0,215.0,203.0,145.0,153.0,138.0,132.0,156.0,170.0,140.0,111.0,66.0,78.0,57.0,36.0,26.0,12.0,2.0,2.0,0.0
4302204,306.0,378.0,489.0,564.0,484.0,460.0,415.0,467.0,547.0,534.0,503.0,392.0,321.0,290.0,147.0,154.0,64.0,53.0,8.0,0.0,0.0
4302220,116.0,163.0,181.0,196.0,163.0,158.0,166.0,165.0,201.0,179.0,205.0,140.0,119.0,103.0,80.0,61.0,35.0,8.0,3.0,0.0,0.0
4302238,143.0,167.0,177.0,195.0,188.0,188.0,185.0,188.0,190.0,166.0,145.0,154.0,88.0,104.0,61.0,48.0,22.0,13.0,0.0,2.0,0.0
4302253,102.0,135.0,145.0,186.0,175.0,176.0,179.0,194.0,226.0,246.0,223.0,174.0,217.0,126.0,77.0,83.0,67.0,27.0,18.0,0.0,0.0
4302303,826.0,978.0,1116.0,952.0,804.0,834.0,815.0,704.0,723.0,729.0,624.0,675.0,570.0,407.0,338.0,210.0,109.0,73.0,16.0,10.0,5.0
4302352,670.0,756.0,864.0,1015.0,1102.0,1078.0,911.0,888.0,956.0,934.0,755.0,581.0,482.0,251.0,215.0,119.0,125.0,56.0,28.0,3.0,0.0
4302378,116.0,145.0,235.0,218.0,164.0,146.0,116.0,163.0,152.0,195.0,164.0,173.0,89.0,90.0,47.0,47.0,38.0,17.0,10.0,2.0,0.0
4302402,674.0,756.0,911.0,975.0,935.0,965.0,779.0,812.0,851.0,844.0,803.0,607.0,479.0,384.0,304.0,161.0,84.0,107.0,30.0,11.0,0.0
4302451,525.0,570.0,700.0,746.0,634.0,620.0,563.0,514.0,531.0,522.0,438.0,397.0,328.0,178.0,151.0,120.0,81.0,41.0,14.0,0.0,0.0
4302501,389.0,495.0,590.0,580.0,431.0,421.0,416.0,436.0,486.0,529.0,490.0,501.0,409.0,262.0,172.0,127.0,90.0,49.0,12.0,0.0,0.0
4302584,111.0,136.0,134.0,156.0,148.0,128.0,135.0,148.0,153.0,166.0,183.0,143.0,121.0,113.0,68.0,63.0,64.0,26.0,4.0,0.0,0.0
4302600,232.0,292.0,319.0,322.0,253.0,238.0,233.0,252.0,228.0,266.0,246.0,217.0,202.0,136.0,130.0,52.0,54.0,16.0,13.0,0.0,0.0
4302659,218.0,254.0,303.0,347.0,347.0,339.0,291.0,297.0,349.0,351.0,367.0,295.0,250.0,204.0,161.0,166.0,86.0,38.0,13.0,0.0,0.0
4302709,1376.0,1538.0,1835.0,1752.0,1591.0,1598.0,1387.0,1275.0,1409.0,1480.0,1182.0,1298.0,806.0,670.0,467.0,349.0,267.0,84.0,30.0,11.0,0.0
4302808,1829.0,2222.0,2593.0,2701.0,2390.0,2316.0,2073.0,2175.0,2390.0,2557.0,2260.0,2307.0,1664.0,1489.0,1006.0,798.0,512.0,279.0,113.0,16.0,0.0
4302907,868.0,974.0,1166.0,1193.0,1005.0,970.0,844.0,855.0,977.0,1036.0,877.0,814.0,619.0,522.0,392.0,310.0,166.0,49.0,35.0,5.0,0.0
4303004,4957.0,5582.0,6466.0,6470.0,6323.0,6164.0,5437.0,5090.0,5914.0,6318.0,6073.0,4838.0,4194.0,3390.0,2587.0,1702.0,1479.0,545.0,214.0,72.0,11.0
4303103,7544.0,8334.0,10055.0,9690.0,10000.0,10615.0,9817.0,8688.0,8809.0,8546.0,7329.0,6110.0,4357.0,3232.0,2230.0,1581.0,792.0,374.0,138.0,28.0,10.0
4303202,326.0,367.0,408.0,473.0,328.0,304.0,265.0,335.0,348.0,369.0,329.0,259.0,242.0,194.0,154.0,60.0,52.0,31.0,13.0,7.0,4.0
4303301,229.0,300.0,412.0,392.0,326.0,317.0,294.0,332.0,384.0,409.0,400.0,296.0,249.0,207.0,184.0,109.0,49.0,27.0,34.0,4.0,0.0
4303400,219.0,340.0,409.0,444.0,374.0,296.0,302.0,305.0,362.0,386.0,381.0,372.0,290.0,201.0,156.0,111.0,79.0,33.0,10.0,2.0,0.0
4303509,3712.0,4524.0,5286.0,5238.0,4861.0,4975.0,4672.0,4596.0,4712.0,4541.0,3873.0,3123.0,2574.0,2135.0,1470.0,1163.0,629.0,453.0,185.0,43.0,0.0
4303558,127.0,177.0,179.0,217.0,180.0,186.0,158.0,163.0,223.0,216.0,158.0,160.0,118.0,118.0,78.0,63.0,51.0,18.0,2.0,0.0,0.0
4303608,461.0,560.0,569.0,567.0,491.0,519.0,469.0,477.0,480.0,458.0,393.0,317.0,273.0,200.0,130.0,79.0,44.0,39.0,16.0,0.0,0.0
4303673,172.0,208.0,286.0,246.0,174.0,212.0,207.0,256.0,265.0,255.0,200.0,214.0,194.0,122.0,83.0,82.0,50.0,18.0,4.0,0.0,0.0
4303707,224.0,303.0,435.0,457.0,406.0,326.0,363.0,356.0,458.0,530.0,494.0,569.0,377.0,306.0,228.0,146.0,101.0,17.0,15.0,6.0,0.0
4303806,247.0,323.0,386.0,473.0,393.0,358.0,283.0,327.0,450.0,437.0,440.0,353.0,316.0,246.0,205.0,149.0,69.0,26.0,24.0,0.0,0.0
4303905,3612.0,4023.0,4924.0,5085.0,5256.0,5576.0,4803.0,4547.0,4825.0,4682.0,3760.0,3148.0,2047.0,1347.0,1050.0,823.0,374.0,127.0,54.0,13.0,0.0
4304002,302.0,379.0,531.0,494.0,360.0,372.0,362.0,358.0,361.0,409.0,407.0,291.0,280.0,184.0,163.0,115.0,58.0,18.0,12.0,3.0,0.0
4304101,159.0,239.0,262.0,281.0,239.0,239.0,256.0,235.0,228.0,238.0,264.0,229.0,205.0,155.0,113.0,58.0,66.0,23.0,6.0,0.0,0.0
4304200,1857.0,2070.0,2390.0,2348.0,2220.0,2250.0,2177.0,2202.0,2194.0,2086.0,1922.0,1701.0,1505.0,1083.0,822.0,695.0,442.0,179.0,19.0,9.0,0.0
4304309,313.0,342.0,431.0,531.0,399.0,403.0,397.0,437.0,532.0,567.0,539.0,458.0,364.0,290.0,226.0,136.0,109.0,47.0,14.0,0.0,0.0
4304358,618.0,766.0,844.0,827.0,734.0,730.0,645.0,596.0,675.0,637.0,544.0,418.0,250.0,193.0,137.0,54.0,48.0,40.0,10.0,0.0,5.0
4304408,2780.0,3178.0,3586.0,3442.0,3228.0,3395.0,3192.0,2837.0,2906.0,2684.0,2394.0,1649.0,1317.0,988.0,724.0,389.0,363.0,100.0,44.0,34.0,0.0
4304507,3016.0,3763.0,4268.0,4099.0,3741.0,3951.0,3581.0,3874.0,3816.0,3876.0,3420.0,3099.0,2585.0,2155.0,1766.0,1114.0,705.0,300.0,87.0,44.0,0.0
4304606,21938.0,23609.0,27120.0,26391.0,27226.0,28967.0,26546.0,22453.0,22423.0,22701.0,20714.0,16800.0,12714.0,8906.0,6309.0,4473.0,3004.0,1008.0,392.0,133.0,0.0
4304614,73.0,94.0,117.0,126.0,121.0,122.0,123.0,124.0,144.0,143.0,136.0,144.0,115.0,76.0,66.0,49.0,17.0,11.0,5.0,0.0,2.0
4304622,89.0,130.0,141.0,149.0,116.0,124.0,115.0,110.0,133.0,120.0,110.0,111.0,95.0,66.0,70.0,49.0,19.0,5.0,2.0,0.0,0.0
4304630,3099.0,3344.0,3976.0,3803.0,3415.0,3508.0,3168.0,2944.0,2944.0,2871.0,2682.0,1862.0,1637.0,1089.0,825.0,491.0,246.0,85.0,37.0,13.0,0.0
4304655,214.0,239.0,262.0,231.0,237.0,224.0,213.0,217.0,244.0,260.0,166.0,207.0,151.0,112.0,51.0,44.0,13.0,5.0,8.0,6.0,0.0
4304663,1831.0,1987.0,2225.0,2096.0,1908.0,1991.0,1740.0,1583.0,1647.0,1678.0,1588.0,1274.0,921.0,705.0,497.0,283.0,252.0,54.0,13.0,16.0,9.0
4304671,268.0,270.0,357.0,313.0,300.0,308.0,265.0,265.0,336.0,346.0,247.0,186.0,158.0,87.0,78.0,49.0,30.0,15.0,2.0,10.0,0.0
4304689,798.0,941.0,1102.0,1030.0,889.0,927.0,836.0,817.0,826.0,884.0,708.0,546.0,398.0,355.0,222.0,175.0,117.0,29.0,11.0,0.0,0.0
4304697,169.0,164.0,203.0,196.0,204.0,176.0,172.0,180.0,175.0,190.0,175.0,199.0,105.0,130.0,58.0,94.0,31.0,6.0,7.0,3.0,0.0
4304705,3510.0,4065.0,4774.0,4900.0,4871.0,4969.0,4428.0,3916.0,4195.0,4133.0,4020.0,3096.0,2505.0,2069.0,1615.0,1014.0,786.0,346.0,97.0,8.0,0.0
4304713,443.0,478.0,553.0,529.0,454.0,475.0,427.0,467.0,534.0,516.0,515.0,465.0,383.0,430.0,317.0,126.0,119.0,62.0,10.0,9.0,0.0
4304804,1271.0,1376.0,1637.0,1902.0,2253.0,2373.0,2194.0,1939.0,2008.0,2035.0,1737.0,1305.0,1147.0,589.0,576.0,394.0,282.0,102.0,71.0,0.0,0.0
4304853,55.0,103.0,118.0,130.0,96.0,103.0,106.0,123.0,144.0,121.0,99.0,114.0,108.0,61.0,66.0,33.0,25.0,2.0,0.0,0.0,0.0
4304903,375.0,456.0,589.0,630.0,698.0,676.0,552.0,575.0,656.0,674.0,744.0,561.0,526.0,300.0,266.0,156.0,106.0,89.0,14.0,5.0,3.0
4304952,156.0,216.0,274.0,227.0,180.0,172.0,183.0,205.0,258.0,222.0,203.0,188.0,178.0,126.0,114.0,33.0,48.0,14.0,9.0,0.0,0.0
4305009,444.0,547.0,658.0,698.0,617.0,634.0,551.0,624.0,713.0,701.0,662.0,645.0,534.0,422.0,371.0,231.0,163.0,65.0,38.0,5.0,0.0
4305108,26806.0,27909.0,32464.0,34441.0,40263.0,43587.0,37741.0,33045.0,31355.0,31297.0,27389.0,21988.0,16086.0,10744.0,8280.0,5795.0,3726.0,1983.0,558.0,85.0,22.0
4305116,128.0,167.0,193.0,234.0,188.0,203.0,185.0,216.0,242.0,227.0,203.0,217.0,181.0,108.0,97.0,90.0,50.0,24.0,13.0,0.0,0.0
4305124,351.0,426.0,515.0,484.0,385.0,365.0,365.0,468.0,487.0,494.0,449.0,393.0,348.0,323.0,228.0,120.0,107.0,69.0,22.0,3.0,0.0
4305132,212.0,299.0,297.0,340.0,289.0,315.0,297.0,316.0,362.0,309.0,306.0,311.0,274.0,157.0,133.0,122.0,82.0,24.0,9.0,0.0,0.0
4305157,142.0,166.0,215.0,205.0,154.0,151.0,138.0,127.0,183.0,194.0,167.0,167.0,143.0,92.0,79.0,62.0,16.0,13.0,4.0,0.0,0.0
4305173,816.0,907.0,933.0,890.0,833.0,885.0,787.0,779.0,717.0,626.0,599.0,427.0,370.0,261.0,189.0,146.0,60.0,31.0,12.0,0.0,0.0
4305207,720.0,803.0,974.0,1057.0,1060.0,982.0,914.0,900.0,1029.0,1047.0,877.0,784.0,615.0,466.0,376.0,306.0,222.0,111.0,36.0,10.0,0.0
4305306,449.0,490.0,616.0,732.0,732.0,657.0,607.0,611.0,747.0,811.0,681.0,604.0,497.0,393.0,303.0,270.0,92.0,48.0,29.0,9.0,0.0
4305355,2094.0,2323.0,2606.0,2481.0,3313.0,4165.0,3389.0,2623.0,2484.0,2295.0,1903.0,1838.0,1181.0,1159.0,685.0,501.0,175.0,71.0,24.0,9.0,0.0
4305371,235.0,346.0,373.0,321.0,248.0,230.0,199.0,215.0,200.0,227.0,199.0,191.0,132.0,138.0,83.0,79.0,41.0,8.0,3.0,4.0,0.0
4305405,244.0,284.0,344.0,339.0,263.0,281.0,259.0,273.0,315.0,300.0,244.0,278.0,207.0,162.0,90.0,76.0,48.0,21.0,13.0,3.0,0.0
4305439,474.0,515.0,528.0,527.0,428.0,388.0,441.0,453.0,420.0,402.0,344.0,271.0,238.0,188.0,155.0,78.0,32.0,24.0,11.0,0.0,0.0
4305447,342.0,426.0,423.0,413.0,399.0,415.0,390.0,364.0,396.0,327.0,270.0,215.0,153.0,156.0,101.0,76.0,36.0,34.0,7.0,2.0,0.0
4305454,717.0,961.0,1195.0,1012.0,746.0,745.0,708.0,714.0,775.0,884.0,943.0,893.0,788.0,634.0,465.0,280.0,117.0,68.0,23.0,0.0,0.0
4305504,224.0,292.0,393.0,438.0,349.0,357.0,296.0,306.0,332.0,366.0,328.0,343.0,262.0,259.0,164.0,100.0,58.0,40.0,12.0,3.0,0.0
4305587,107.0,103.0,122.0,154.0,165.0,169.0,137.0,153.0,166.0,185.0,179.0,174.0,162.0,130.0,121.0,97.0,55.0,34.0,4.0,2.0,0.0
4305603,154.0,185.0,211.0,268.0,264.0,230.0,201.0,227.0,273.0,300.0,254.0,235.0,222.0,182.0,138.0,80.0,69.0,39.0,14.0,3.0,0.0
4305702,450.0,479.0,515.0,556.0,535.0,475.0,440.0,426.0,472.0,431.0,458.0,367.0,290.0,246.0,165.0,138.0,54.0,39.0,11.0,6.0,0.0
4305801,562.0,634.0,769.0,814.0,773.0,735.0,653.0,621.0,763.0,677.0,646.0,576.0,456.0,380.0,295.0,196.0,121.0,61.0,13.0,6.0,0.0
4305835,46.0,66.0,101.0,93.0,66.0,75.0,74.0,87.0,106.0,115.0,114.0,139.0,147.0,86.0,75.0,67.0,42.0,22.0,7.0,0.0,0.0
4305850,104.0,135.0,215.0,178.0,148.0,117.0,141.0,167.0,185.0,211.0,173.0,191.0,111.0,128.0,104.0,76.0,54.0,9.0,3.0,6.0,0.0
4305871,114.0,133.0,155.0,183.0,150.0,151.0,157.0,188.0,181.0,177.0,174.0,166.0,147.0,142.0,100.0,46.0,56.0,29.0,2.0,8.0,0.0
4305900,490.0,586.0,693.0,666.0,532.0,493.0,504.0,548.0,554.0,577.0,513.0,432.0,336.0,319.0,205.0,142.0,83.0,35.0,24.0,13.0,3.0
4305934,64.0,99.0,104.0,100.0,95.0,96.0,76.0,104.0,130.0,133.0,158.0,136.0,118.0,96.0,110.0,68.0,21.0,12.0,6.0,0.0,0.0
4305959,122.0,180.0,253.0,301.0,265.0,270.0,221.0,221.0,320.0,333.0,312.0,267.0,218.0,164.0,147.0,122.0,123.0,68.0,8.0,0.0,3.0
4305975,176.0,196.0,252.0,238.0,233.0,227.0,199.0,200.0,216.0,203.0,164.0,169.0,101.0,105.0,61.0,58.0,13.0,9.0,4.0,0.0,2.0
4306007,722.0,886.0,1067.0,1144.0,900.0,906.0,880.0,906.0,1030.0,1033.0,911.0,1020.0,838.0,683.0,441.0,348.0,216.0,104.0,39.0,5.0,6.0
4306056,474.0,539.0,669.0,632.0,516.0,530.0,468.0,495.0,543.0,509.0,447.0,359.0,308.0,314.0,185.0,130.0,97.0,32.0,29.0,3.0,0.0
4306072,189.0,202.0,238.0,231.0,201.0,183.0,184.0,208.0,197.0,199.0,145.0,184.0,162.0,114.0,77.0,55.0,25.0,20.0,9.0,4.0,0.0
4306106,4069.0,4364.0,5307.0,5200.0,5080.0,4981.0,4454.0,4235.0,4237.0,4489.0,4044.0,3440.0,2694.0,2178.0,1500.0,1178.0,753.0,396.0,174.0,30.0,18.0
4306130,91.0,119.0,153.0,189.0,147.0,116.0,97.0,132.0,196.0,203.0,145.0,156.0,108.0,94.0,89.0,56.0,33.0,9.0,6.0,2.0,0.0
4306205,626.0,732.0,970.0,971.0,913.0,942.0,848.0,908.0,881.0,953.0,813.0,779.0,597.0,506.0,410.0,162.0,142.0,95.0,62.0,11.0,0.0
4306304,239.0,260.0,372.0,441.0,344.0,282.0,329.0,317.0,358.0,377.0,328.0,316.0,260.0,164.0,145.0,68.0,58.0,11.0,6.0,7.0,0.0
4306320,192.0,243.0,297.0,290.0,186.0,183.0,195.0,217.0,239.0,233.0,230.0,201.0,177.0,102.0,84.0,68.0,36.0,13.0,4.0,0.0,0.0
4306353,125.0,210.0,268.0,231.0,139.0,153.0,156.0,192.0,190.0,216.0,214.0,210.0,156.0,144.0,105.0,77.0,44.0,23.0,9.0,4.0,0.0
4306379,174.0,202.0,276.0,219.0,200.0,171.0,196.0,188.0,222.0,196.0,216.0,190.0,174.0,162.0,119.0,86.0,43.0,21.0,3.0,3.0,3.0
4306403,1568.0,1807.0,2031.0,2218.0,2608.0,2879.0,2497.0,2304.0,2317.0,2137.0,1658.0,1179.0,908.0,521.0,432.0,308.0,70.0,103.0,27.0,0.0,0.0
4306429,151.0,151.0,204.0,184.0,153.0,157.0,140.0,140.0,142.0,161.0,145.0,119.0,110.0,69.0,54.0,33.0,27.0,8.0,8.0,2.0,0.0
4306452,133.0,160.0,183.0,229.0,228.0,241.0,228.0,232.0,256.0,256.0,242.0,207.0,225.0,144.0,107.0,108.0,62.0,19.0,17.0,0.0,0.0
4306502,985.0,1154.0,1240.0,1306.0,1108.0,1037.0,1065.0,1040.0,1077.0,1020.0,806.0,677.0,505.0,490.0,353.0,217.0,195.0,105.0,0.0,0.0,0.0
4306551,104.0,145.0,163.0,212.0,189.0,153.0,179.0,158.0,197.0,216.0,189.0,170.0,160.0,109.0,89.0,49.0,54.0,13.0,0.0,0.0,0.0
4306601,2351.0,2823.0,3262.0,3240.0,2842.0,2767.0,2560.0,2653.0,2831.0,2842.0,2511.0,2118.0,1727.0,1375.0,1156.0,866.0,482.0,364.0,122.0,7.0,0.0
4306700,178.0,178.0,266.0,353.0,255.0,211.0,196.0,215.0,245.0,264.0,264.0,183.0,152.0,137.0,89.0,94.0,61.0,34.0,14.0,13.0,0.0
4306734,209.0,284.0,384.0,447.0,308.0,292.0,276.0,321.0,388.0,485.0,418.0,387.0,318.0,267.0,229.0,132.0,99.0,47.0,22.0,0.0,0.0
4306759,82.0,97.0,159.0,163.0,143.0,118.0,108.0,122.0,158.0,147.0,146.0,156.0,138.0,98.0,76.0,58.0,37.0,19.0,6.0,0.0,0.0
4306767,2520.0,2867.0,3341.0,3136.0,2689.0,2941.0,2712.0,2485.0,2380.0,2333.0,2123.0,1513.0,1158.0,869.0,537.0,294.0,263.0,141.0,40.0,0.0,0.0
4306809,1065.0,1141.0,1415.0,1574.0,1614.0,1762.0,1554.0,1392.0,1526.0,1580.0,1311.0,1308.0,1152.0,592.0,455.0,397.0,359.0,203.0,100.0,10.0,0.0
4306908,1505.0,1855.0,2178.0,2005.0,1651.0,1714.0,1580.0,1701.0,1756.0,1772.0,1497.0,1389.0,1194.0,893.0,707.0,506.0,310.0,251.0,61.0,11.0,0.0
4306924,108.0,130.0,160.0,137.0,134.0,99.0,93.0,97.0,93.0,94.0,83.0,86.0,70.0,52.0,44.0,24.0,12.0,5.0,0.0,7.0,0.0
4306932,492.0,551.0,723.0,718.0,558.0,576.0,574.0,568.0,696.0,628.0,663.0,625.0,465.0,388.0,320.0,172.0,97.0,82.0,29.0,3.0,11.0
4306957,172.0,204.0,264.0,276.0,182.0,174.0,155.0,212.0,232.0,224.0,236.0,149.0,172.0,151.0,140.0,82.0,40.0,7.0,5.0,3.0,0.0
4306973,197.0,215.0,279.0,294.0,232.0,202.0,198.0,179.0,201.0,214.0,189.0,144.0,140.0,107.0,56.0,59.0,49.0,11.0,3.0,0.0,0.0
4307005,5615.0,5912.0,7154.0,7767.0,8659.0,8871.0,8103.0,7200.0,7070.0,6906.0,5984.0,4738.0,3701.0,2779.0,2282.0,1604.0,969.0,565.0,191.0,16.0,0.0
4307054,177.0,208.0,253.0,215.0,226.0,222.0,219.0,192.0,230.0,227.0,199.0,226.0,124.0,156.0,90.0,70.0,46.0,5.0,3.0,0.0,0.0
4307104,506.0,485.0,596.0,480.0,434.0,475.0,418.0,449.0,430.0,483.0,412.0,405.0,346.0,270.0,276.0,119.0,61.0,70.0,33.0,3.0,3.0
4307203,263.0,327.0,438.0,479.0,381.0,323.0,289.0,311.0,366.0,414.0,371.0,317.0,277.0,191.0,177.0,139.0,65.0,19.0,13.0,4.0,0.0
4307302,497.0,607.0,719.0,675.0,550.0,522.0,497.0,483.0,513.0,578.0,554.0,466.0,357.0,313.0,207.0,191.0,128.0,11.0,0.0,10.0,0.0
4307401,169.0,251.0,248.0,263.0,208.0,234.0,197.0,214.0,214.0,229.0,195.0,198.0,142.0,141.0,92.0,75.0,32.0,31.0,28.0,3.0,3.0
4307450,163.0,193.0,235.0,218.0,195.0,177.0,169.0,186.0,232.0,280.0,241.0,268.0,201.0,206.0,161.0,88.0,36.0,8.0,11.0,0.0,2.0
4307500,959.0,1020.0,1118.0,1203.0,1237.0,1212.0,1066.0,1039.0,1042.0,1120.0,1052.0,885.0,729.0,541.0,353.0,315.0,199.0,63.0,56.0,31.0,0.0
4307559,310.0,367.0,450.0,513.0,470.0,447.0,408.0,418.0,454.0,468.0,372.0,377.0,291.0,216.0,201.0,144.0,74.0,10.0,18.0,3.0,0.0
4307609,2576.0,2938.0,3529.0,3656.0,3686.0,3862.0,3462.0,3284.0,3599.0,3318.0,2779.0,1923.0,1478.0,904.0,690.0,467.0,289.0,91.0,43.0,0.0,0.0
4307708,4860.0,5642.0,6473.0,6603.0,6830.0,7062.0,6317.0,5301.0,5783.0,5697.0,5625.0,4712.0,3350.0,2390.0,1814.0,1204.0,661.0,286.0,115.0,18.0,14.0
4307807,1701.0,1877.0,2259.0,2357.0,2679.0,2774.0,2298.0,2115.0,2178.0,2280.0,2143.0,1727.0,1205.0,982.0,656.0,639.0,404.0,271.0,50.0,11.0,13.0
4307815,201.0,278.0,282.0,328.0,280.0,276.0,279.0,242.0,239.0,273.0,253.0,230.0,155.0,129.0,59.0,52.0,35.0,24.0,11.0,0.0,4.0
4307831,131.0,177.0,226.0,211.0,161.0,148.0,169.0,175.0,227.0,209.0,194.0,226.0,167.0,133.0,108.0,70.0,34.0,14.0,16.0,2.0,0.0
4307864,117.0,145.0,151.0,169.0,152.0,173.0,185.0,174.0,180.0,219.0,227.0,165.0,154.0,104.0,99.0,87.0,44.0,26.0,6.0,0.0,0.0
4307906,3624.0,3833.0,4823.0,5175.0,5934.0,5960.0,5066.0,4878.0,5059.0,5129.0,4285.0,2963.0,2369.0,1505.0,1182.0,881.0,631.0,293.0,45.0,0.0,0.0
4308003,339.0,400.0,524.0,535.0,548.0,494.0,468.0,401.0,448.0,501.0,495.0,363.0,334.0,274.0,217.0,156.0,102.0,59.0,12.0,3.0,0.0
4308052,119.0,213.0,227.0,245.0,144.0,150.0,143.0,187.0,182.0,184.0,175.0,137.0,134.0,141.0,80.0,58.0,16.0,27.0,6.0,0.0,0.0
4308078,281.0,250.0,314.0,318.0,301.0,260.0,246.0,295.0,238.0,255.0,256.0,158.0,199.0,119.0,105.0,43.0,37.0,16.0,6.0,0.0,0.0
4308102,564.0,698.0,832.0,993.0,1134.0,1101.0,934.0,858.0,1042.0,946.0,892.0,644.0,494.0,425.0,311.0,225.0,154.0,75.0,28.0,9.0,0.0
4308201,1407.0,1662.0,1930.0,2041.0,2386.0,2494.0,2178.0,1891.0,2145.0,2179.0,1861.0,1545.0,1062.0,894.0,614.0,500.0,245.0,56.0,37.0,0.0,0.0
4308250,78.0,94.0,163.0,156.0,111.0,121.0,118.0,128.0,147.0,168.0,152.0,170.0,140.0,109.0,72.0,54.0,28.0,7.0,3.0,0.0,0.0
4308300,646.0,887.0,1093.0,980.0,745.0,765.0,744.0,727.0,738.0,687.0,667.0,611.0,488.0,335.0,221.0,164.0,131.0,56.0,30.0,0.0,5.0
4308409,353.0,433.0,530.0,582.0,469.0,415.0,385.0,441.0,486.0,528.0,486.0,500.0,375.0,354.0,266.0,191.0,106.0,69.0,36.0,8.0,0.0
4308433,76.0,106.0,154.0,155.0,153.0,146.0,157.0,140.0,171.0,200.0,203.0,232.0,164.0,151.0,116.0,88.0,53.0,6.0,8.0,0.0,0.0
4308458,224.0,306.0,386.0,413.0,331.0,310.0,317.0,350.0,369.0,370.0,280.0,257.0,203.0,172.0,92.0,92.0,59.0,30.0,7.0,3.0,3.0
4308508,1714.0,1804.0,2256.0,2609.0,2678.0,2493.0,2139.0,1879.0,2038.0,2009.0,1865.0,1574.0,1346.0,779.0,615.0,500.0,328.0,161.0,35.0,21.0,0.0
4308607,1468.0,1683.0,1982.0,2333.0,2813.0,2811.0,2494.0,2232.0,2317.0,2403.0,2229.0,1793.0,1176.0,1082.0,763.0,532.0,327.0,171.0,70.0,0.0,10.0
4308656,192.0,228.0,270.0,303.0,180.0,216.0,223.0,227.0,238.0,260.0,202.0,216.0,138.0,125.0,102.0,50.0,27.0,30.0,6.0,0.0,0.0
4308706,256.0,329.0,415.0,468.0,390.0,380.0,345.0,398.0,432.0,501.0,410.0,390.0,317.0,267.0,211.0,182.0,108.0,49.0,14.0,0.0,0.0
4308805,521.0,550.0,737.0,676.0,545.0,567.0,497.0,526.0,628.0,550.0,535.0,604.0,451.0,411.0,257.0,150.0,119.0,88.0,29.0,6.0,0.0
4308854,86.0,114.0,105.0,138.0,134.0,128.0,113.0,116.0,123.0,108.0,101.0,135.0,102.0,52.0,60.0,17.0,18.0,18.0,3.0,4.0,2.0
4308904,794.0,955.0,1141.0,1363.0,1268.0,1217.0,1212.0,1021.0,1210.0,1261.0,1016.0,978.0,786.0,632.0,543.0,370.0,224.0,123.0,30.0,10.0,0.0
4309001,913.0,1146.0,1409.0,1464.0,1143.0,1168.0,1133.0,1148.0,1167.0,1236.0,1177.0,1083.0,888.0,700.0,475.0,459.0,245.0,51.0,58.0,11.0,0.0
4309050,419.0,431.0,583.0,585.0,538.0,507.0,483.0,472.0,440.0,466.0,456.0,397.0,377.0,293.0,185.0,120.0,100.0,24.0,9.0,5.0,0.0
4309100,1954.0,2201.0,2495.0,2526.0,2590.0,2854.0,2658.0,2596.0,2544.0,2376.0,2007.0,1598.0,1498.0,726.0,643.0,474.0,348.0,121.0,57.0,7.0,0.0
4309126,143.0,172.0,217.0,172.0,174.0,140.0,133.0,118.0,157.0,182.0,164.0,158.0,107.0,86.0,63.0,34.0,27.0,9.0,5.0,7.0,0.0
4309159,324.0,357.0,398.0,389.0,285.0,328.0,286.0,271.0,293.0,256.0,232.0,151.0,107.0,129.0,65.0,50.0,33.0,12.0,3.0,0.0,0.0
4309209,17139.0,19438.0,22315.0,21391.0,21838.0,23180.0,20968.0,17792.0,17306.0,17037.0,16622.0,13598.0,9887.0,6998.0,4307.0,3119.0,1569.0,852.0,260.0,43.0,0.0
4309258,59.0,65.0,112.0,124.0,115.0,90.0,82.0,92.0,103.0,128.0,162.0,143.0,92.0,78.0,51.0,40.0,33.0,21.0,7.0,2.0,0.0
4309308,5917.0,7084.0,8316.0,7991.0,8084.0,8179.0,7350.0,6770.0,6441.0,6753.0,6156.0,5272.0,4006.0,2504.0,1774.0,1285.0,835.0,412.0,29.0,45.0,0.0
4309407,1179.0,1315.0,1681.0,1798.0,1997.0,1949.0,1850.0,1649.0,1667.0,1765.0,1302.0,1464.0,884.0,790.0,578.0,484.0,308.0,115.0,27.0,0.0,11.0
4309506,354.0,508.0,620.0,637.0,550.0,512.0,496.0,555.0,620.0,621.0,592.0,570.0,440.0,371.0,240.0,287.0,72.0,39.0,26.0,0.0,5.0
4309555,231.0,268.0,317.0,355.0,321.0,341.0,318.0,303.0,356.0,326.0,258.0,256.0,167.0,149.0,118.0,95.0,54.0,14.0,6.0,0.0,0.0
4309571,216.0,224.0,272.0,296.0,214.0,233.0,227.0,208.0,203.0,187.0,161.0,146.0,112.0,102.0,52.0,66.0,23.0,12.0,0.0,0.0,0.0
4309605,1051.0,1081.0,1266.0,1426.0,1482.0,1560.0,1463.0,1325.0,1301.0,1337.0,1271.0,1062.0,858.0,698.0,523.0,347.0,167.0,99.0,25.0,4.0,3.0
4309654,498.0,541.0,577.0,548.0,466.0,449.0,440.0,370.0,402.0,417.0,349.0,323.0,238.0,145.0,115.0,87.0,45.0,19.0,10.0,3.0,0.0
4309704,258.0,283.0,328.0,375.0,354.0,302.0,287.0,322.0,368.0,413.0,386.0,359.0,269.0,223.0,146.0,124.0,74.0,32.0,16.0,0.0,0.0
4309753,313.0,342.0,348.0,372.0,354.0,362.0,312.0,323.0,279.0,268.0,284.0,227.0,196.0,163.0,115.0,80.0,28.0,6.0,0.0,0.0,0.0
4309803,182.0,286.0,317.0,349.0,326.0,305.0,251.0,280.0,385.0,427.0,336.0,357.0,272.0,222.0,174.0,95.0,87.0,43.0,17.0,0.0,0.0
4309902,366.0,508.0,615.0,600.0,561.0,479.0,444.0,495.0,544.0,538.0,483.0,430.0,398.0,252.0,200.0,118.0,75.0,34.0,25.0,3.0,3.0
4309951,266.0,290.0,365.0,353.0,296.0,270.0,266.0,244.0,256.0,297.0,225.0,299.0,173.0,193.0,103.0,66.0,57.0,29.0,14.0,0.0,0.0
4310009,1108.0,1113.0,1314.0,1517.0,1544.0,1685.0,1420.0,1303.0,1345.0,1445.0,1267.0,1194.0,984.0,635.0,542.0,431.0,260.0,152.0,42.0,8.0,0.0
4310108,2126.0,2304.0,2637.0,2746.0,2829.0,2924.0,2611.0,2456.0,2533.0,2328.0,1785.0,1345.0,999.0,775.0,546.0,364.0,161.0,127.0,64.0,0.0,0.0
4310207,4405.0,5030.0,6011.0,6373.0,6485.0,6610.0,6079.0,5545.0,5638.0,5603.0,4922.0,4643.0,3234.0,2877.0,2096.0,1544.0,994.0,585.0,187.0,43.0,10.0
4310306,181.0,256.0,310.0,351.0,281.0,313.0,274.0,273.0,273.0,286.0,358.0,233.0,232.0,145.0,127.0,92.0,60.0,43.0,13.0,0.0,0.0
4310330,1135.0,1316.0,1458.0,1364.0,1242.0,1296.0,1190.0,1138.0,1140.0,1114.0,1187.0,1260.0,1002.0,736.0,612.0,291.0,111.0,56.0,21.0,0.0,0.0
4310363,129.0,157.0,155.0,181.0,192.0,220.0,198.0,205.0,217.0,198.0,243.0,195.0,211.0,166.0,143.0,80.0,73.0,39.0,16.0,4.0,0.0
4310405,349.0,425.0,562.0,538.0,406.0,394.0,422.0,403.0,443.0,516.0,531.0,400.0,365.0,284.0,237.0,169.0,113.0,38.0,19.0,4.0,0.0
4310413,137.0,159.0,211.0,183.0,166.0,137.0,137.0,143.0,188.0,171.0,144.0,148.0,120.0,78.0,68.0,38.0,13.0,16.0,3.0,4.0,2.0
4310439,286.0,326.0,475.0,434.0,426.0,424.0,414.0,364.0,456.0,452.0,469.0,340.0,350.0,274.0,208.0,141.0,105.0,59.0,10.0,3.0,0.0
4310462,78.0,92.0,118.0,158.0,139.0,103.0,112.0,133.0,182.0,165.0,149.0,123.0,106.0,115.0,74.0,44.0,37.0,4.0,9.0,2.0,1.0
4310504,480.0,597.0,648.0,688.0,561.0,542.0,487.0,547.0,575.0,527.0,514.0,533.0,440.0,350.0,235.0,213.0,74.0,45.0,17.0,5.0,0.0
4310538,323.0,339.0,415.0,440.0,380.0,342.0,354.0,378.0,318.0,368.0,367.0,267.0,253.0,158.0,131.0,95.0,48.0,27.0,7.0,0.0,0.0
4310553,213.0,263.0,310.0,263.0,216.0,221.0,210.0,230.0,258.0,244.0,218.0,246.0,188.0,129.0,87.0,95.0,23.0,21.0,6.0,0.0,0.0
4310579,120.0,177.0,226.0,206.0,158.0,177.0,141.0,143.0,176.0,194.0,153.0,125.0,109.0,71.0,79.0,43.0,35.0,2.0,6.0,3.0,0.0
4310603,2779.0,3082.0,3710.0,3594.0,3072.0,2968.0,2643.0,2646.0,2620.0,2641.0,2334.0,1883.0,1476.0,946.0,653.0,493.0,400.0,145.0,38.0,35.0,0.0
4310652,118.0,197.0,216.0,200.0,147.0,160.0,141.0,174.0,195.0,232.0,154.0,171.0,128.0,124.0,99.0,57.0,50.0,13.0,7.0,0.0,0.0
4310702,198.0,259.0,375.0,366.0,279.0,207.0,210.0,247.0,297.0,359.0,331.0,319.0,238.0,164.0,123.0,99.0,51.0,45.0,2.0,2.0,0.0
4310751,104.0,106.0,145.0,179.0,156.0,122.0,130.0,128.0,137.0,158.0,198.0,133.0,161.0,102.0,96.0,46.0,37.0,11.0,7.0,0.0,0.0
4310801,1173.0,1266.0,1410.0,1577.0,1709.0,1845.0,1700.0,1694.0,1727.0,1574.0,1251.0,989.0,660.0,505.0,405.0,216.0,141.0,14.0,17.0,0.0,0.0
4310850,249.0,291.0,394.0,336.0,245.0,236.0,236.0,311.0,288.0,293.0,284.0,271.0,219.0,155.0,108.0,93.0,24.0,42.0,16.0,8.0,0.0
4310876,131.0,186.0,228.0,222.0,173.0,188.0,184.0,153.0,165.0,186.0,161.0,155.0,109.0,88.0,62.0,71.0,22.0,11.0,13.0,0.0,0.0
4310900,179.0,169.0,257.0,343.0,253.0,245.0,210.0,218.0,282.0,290.0,284.0,244.0,206.0,161.0,87.0,104.0,56.0,27.0,9.0,9.0,0.0
4311007,1737.0,1923.0,2194.0,2373.0,2026.0,1887.0,1751.0,1741.0,2063.0,2173.0,1599.0,1727.0,1512.0,1108.0,738.0,718.0,323.0,225.0,94.0,18.0,0.0
4311106,475.0,592.0,812.0,977.0,744.0,763.0,738.0,734.0,862.0,912.0,845.0,678.0,623.0,552.0,495.0,357.0,168.0,101.0,45.0,0.0,0.0
4311122,323.0,380.0,411.0,344.0,243.0,252.0,249.0,270.0,280.0,284.0,269.0,271.0,191.0,153.0,132.0,73.0,38.0,8.0,6.0,0.0,0.0
4311130,199.0,215.0,301.0,300.0,236.0,258.0,254.0,271.0,251.0,272.0,252.0,202.0,196.0,123.0,114.0,63.0,33.0,26.0,5.0,3.0,0.0
4311155,527.0,668.0,734.0,730.0,535.0,576.0,568.0,599.0,596.0,617.0,537.0,486.0,349.0,303.0,193.0,163.0,85.0,59.0,0.0,5.0,0.0
4311205,1319.0,1403.0,1732.0,1665.0,1579.0,1436.0,1306.0,1207.0,1293.0,1409.0,1271.0,1122.0,948.0,633.0,521.0,370.0,230.0,99.0,30.0,5.0,0.0
4311239,190.0,196.0,238.0,215.0,184.0,212.0,184.0,212.0,203.0,190.0,118.0,147.0,118.0,87.0,63.0,59.0,33.0,6.0,3.0,3.0,0.0
4311254,458.0,505.0,626.0,576.0,411.0,425.0,432.0,441.0,437.0,430.0,347.0,281.0,261.0,215.0,128.0,109.0,65.0,20.0,7.0,7.0,3.0
4311270,56.0,90.0,98.0,113.0,111.0,101.0,96.0,96.0,135.0,125.0,128.0,112.0,89.0,84.0,85.0,41.0,25.0,10.0,4.0,0.0,0.0
4311304,1664.0,1940.0,2355.0,2354.0,1992.0,1963.0,1878.0,1880.0,2047.0,1991.0,1751.0,1529.0,1291.0,969.0,889.0,489.0,268.0,191.0,65.0,19.0,0.0
4311403,4194.0,4311.0,5007.0,5674.0,6570.0,7246.0,6164.0,5410.0,5393.0,5252.0,4737.0,3373.0,2770.0,1730.0,1376.0,1256.0,632.0,252.0,99.0,0.0,0.0
4311429,205.0,199.0,259.0,208.0,167.0,180.0,172.0,153.0,160.0,158.0,120.0,155.0,126.0,79.0,70.0,34.0,23.0,14.0,0.0,4.0,0.0
4311502,491.0,573.0,656.0,633.0,521.0,504.0,502.0,505.0,534.0,594.0,545.0,398.0,347.0,294.0,171.0,213.0,102.0,62.0,25.0,5.0,5.0
4311601,315.0,417.0,461.0,495.0,401.0,407.0,336.0,360.0,429.0,442.0,397.0,416.0,291.0,217.0,169.0,96.0,67.0,38.0,21.0,5.0,0.0
4311627,371.0,421.0,414.0,437.0,492.0,525.0,490.0,441.0,378.0,352.0,329.0,189.0,129.0,105.0,77.0,42.0,23.0,12.0,0.0,0.0,0.0
4311643,70.0,91.0,99.0,115.0,106.0,110.0,97.0,120.0,127.0,120.0,102.0,123.0,101.0,86.0,60.0,40.0,29.0,23.0,4.0,2.0,0.0
4311700,324.0,394.0,465.0,406.0,399.0,392.0,392.0,337.0,342.0,373.0,353.0,377.0,274.0,257.0,143.0,122.0,100.0,41.0,19.0,0.0,0.0
4311718,332.0,368.0,518.0,400.0,316.0,348.0,337.0,348.0,395.0,337.0,246.0,293.0,187.0,131.0,78.0,52.0,35.0,11.0,3.0,4.0,0.0
4311734,179.0,231.0,248.0,261.0,237.0,221.0,199.0,181.0,231.0,232.0,192.0,177.0,161.0,76.0,73.0,49.0,28.0,16.0,8.0,0.0,2.0
4311759,421.0,505.0,642.0,594.0,461.0,457.0,488.0,454.0,536.0,550.0,433.0,455.0,307.0,271.0,233.0,128.0,80.0,41.0,8.0,5.0,3.0
4311775,362.0,501.0,643.0,560.0,434.0,444.0,420.0,457.0,501.0,545.0,487.0,360.0,379.0,278.0,216.0,143.0,95.0,72.0,6.0,3.0,0.0
4311791,83.0,149.0,197.0,181.0,150.0,166.0,171.0,184.0,186.0,215.0,154.0,167.0,136.0,137.0,96.0,95.0,40.0,20.0,0.0,0.0,0.0
4311809,2226.0,2369.0,2724.0,2943.0,3455.0,3530.0,3223.0,2758.0,2717.0,2569.0,2102.0,1784.0,1288.0,1023.0,714.0,378.0,309.0,210.0,42.0,0.0,0.0
4311908,234.0,296.0,415.0,415.0,373.0,316.0,303.0,312.0,368.0,372.0,363.0,328.0,304.0,237.0,205.0,141.0,74.0,58.0,20.0,0.0,0.0
4311981,188.0,230.0,282.0,295.0,257.0,247.0,222.0,261.0,245.0,271.0,310.0,252.0,241.0,157.0,154.0,77.0,45.0,23.0,11.0,0.0,0.0
4312005,106.0,123.0,169.0,165.0,139.0,144.0,141.0,140.0,175.0,198.0,153.0,176.0,125.0,91.0,58.0,51.0,35.0,16.0,2.0,3.0,0.0
4312054,182.0,204.0,244.0,303.0,288.0,250.0,256.0,226.0,252.0,317.0,282.0,325.0,282.0,238.0,202.0,93.0,83.0,33.0,5.0,3.0,0.0
4312104,268.0,308.0,421.0,425.0,299.0,340.0,346.0,354.0,381.0,369.0,290.0,321.0,314.0,238.0,168.0,105.0,84.0,41.0,32.0,7.0,0.0
4312138,156.0,158.0,198.0,191.0,181.0,179.0,167.0,174.0,170.0,189.0,136.0,179.0,151.0,79.0,52.0,59.0,36.0,12.0,0.0,4.0,0.0
4312153,191.0,244.0,298.0,260.0,303.0,313.0,297.0,282.0,303.0,308.0,255.0,201.0,213.0,130.0,114.0,53.0,62.0,33.0,3.0,3.0,0.0
4312179,95.0,114.0,140.0,111.0,105.0,94.0,118.0,121.0,117.0,132.0,110.0,131.0,133.0,97.0,84.0,54.0,26.0,11.0,2.0,1.0,3.0
4312203,258.0,302.0,434.0,418.0,310.0,321.0,280.0,333.0,390.0,343.0,335.0,310.0,215.0,246.0,175.0,110.0,85.0,32.0,16.0,0.0,0.0
4312252,493.0,611.0,728.0,633.0,568.0,612.0,504.0,501.0,558.0,565.0,468.0,404.0,329.0,237.0,212.0,105.0,63.0,17.0,17.0,6.0,0.0
4312302,288.0,346.0,428.0,407.0,349.0,312.0,287.0,289.0,330.0,333.0,333.0,351.0,245.0,175.0,169.0,103.0,70.0,23.0,14.0,3.0,0.0
4312351,60.0,65.0,99.0,99.0,108.0,101.0,74.0,99.0,126.0,137.0,122.0,125.0,98.0,79.0,60.0,51.0,21.0,5.0,9.0,4.0,0.0
4312377,196.0,261.0,330.0,262.0,179.0,182.0,168.0,196.0,224.0,240.0,196.0,191.0,147.0,115.0,80.0,74.0,29.0,26.0,2.0,0.0,3.0
4312385,94.0,119.0,129.0,190.0,193.0,196.0,161.0,143.0,183.0,212.0,210.0,218.0,165.0,157.0,117.0,87.0,62.0,24.0,7.0,3.0,0.0
4312401,3890.0,3978.0,4660.0,4720.0,5081.0,5541.0,4661.0,4241.0,4147.0,4199.0,3687.0,3320.0,2312.0,1726.0,1197.0,1071.0,581.0,250.0,142.0,12.0,0.0
4312427,180.0,203.0,225.0,214.0,182.0,198.0,179.0,177.0,194.0,208.0,176.0,159.0,130.0,130.0,84.0,65.0,26.0,10.0,9.0,0.0,0.0
4312443,124.0,174.0,220.0,265.0,244.0,220.0,202.0,220.0,259.0,293.0,247.0,204.0,135.0,174.0,96.0,40.0,34.0,27.0,0.0,3.0,0.0
4312450,291.0,356.0,435.0,438.0,418.0,430.0,394.0,414.0,408.0,453.0,476.0,416.0,441.0,256.0,216.0,209.0,138.0,15.0,9.0,13.0,0.0
4312476,238.0,320.0,408.0,421.0,472.0,456.0,452.0,460.0,466.0,473.0,389.0,323.0,237.0,199.0,140.0,124.0,50.0,36.0,6.0,6.0,0.0
4312500,729.0,898.0,1080.0,1023.0,896.0,772.0,717.0,820.0,923.0,934.0,871.0,649.0,580.0,383.0,287.0,259.0,173.0,78.0,41.0,5.0,5.0
4312609,234.0,264.0,291.0,329.0,317.0,310.0,314.0,302.0,337.0,376.0,337.0,324.0,318.0,228.0,214.0,133.0,100.0,39.0,19.0,5.0,0.0
4312617,206.0,232.0,280.0,251.0,206.0,232.0,209.0,196.0,222.0,198.0,165.0,147.0,142.0,105.0,83.0,64.0,30.0,15.0,5.0,0.0,0.0
4312625,96.0,116.0,167.0,168.0,148.0,139.0,96.0,106.0,124.0,148.0,148.0,96.0,87.0,68.0,43.0,38.0,12.0,10.0,4.0,0.0,0.0
4312658,913.0,932.0,1137.0,1235.0,1440.0,1449.0,1236.0,1144.0,1176.0,1114.0,959.0,946.0,749.0,502.0,338.0,286.0,222.0,99.0,42.0,18.0,0.0
4312674,112.0,98.0,117.0,125.0,116.0,109.0,107.0,114.0,127.0,143.0,126.0,126.0,102.0,64.0,49.0,45.0,23.0,15.0,0.0,2.0,0.0
4312708,796.0,890.0,1174.0,1101.0,973.0,902.0,767.0,756.0,841.0,786.0,723.0,624.0,480.0,434.0,293.0,253.0,153.0,63.0,38.0,26.0,0.0
4312757,189.0,243.0,239.0,256.0,247.0,249.0,213.0,253.0,230.0,214.0,214.0,173.0,170.0,101.0,85.0,50.0,42.0,9.0,5.0,0.0,0.0
4312807,189.0,209.0,277.0,348.0,366.0,297.0,321.0,274.0,305.0,325.0,298.0,214.0,192.0,149.0,113.0,51.0,51.0,15.0,4.0,2.0,0.0
4312906,457.0,499.0,631.0,658.0,772.0,694.0,698.0,606.0,651.0,671.0,522.0,578.0,423.0,330.0,245.0,199.0,148.0,48.0,0.0,10.0,0.0
4312955,73.0,87.0,117.0,144.0,130.0,132.0,110.0,119.0,150.0,177.0,159.0,167.0,93.0,97.0,83.0,56.0,42.0,19.0,5.0,0.0,0.0
4313003,101.0,182.0,231.0,256.0,239.0,202.0,189.0,196.0,208.0,220.0,270.0,217.0,237.0,127.0,113.0,91.0,62.0,26.0,17.0,0.0,0.0
4313011,119.0,136.0,185.0,224.0,194.0,185.0,201.0,183.0,195.0,208.0,220.0,220.0,178.0,142.0,48.0,60.0,34.0,9.0,10.0,0.0,0.0
4313037,229.0,276.0,360.0,426.0,351.0,391.0,347.0,324.0,370.0,340.0,358.0,237.0,201.0,168.0,113.0,121.0,41.0,13.0,3.0,3.0,0.0
4313060,1369.0,1465.0,1624.0,1637.0,1641.0,1711.0,1644.0,1519.0,1351.0,1221.0,973.0,752.0,567.0,309.0,242.0,188.0,58.0,44.0,31.0,0.0,0.0
4313086,116.0,115.0,145.0,177.0,179.0,167.0,141.0,133.0,169.0,239.0,242.0,135.0,116.0,133.0,108.0,89.0,27.0,10.0,9.0,0.0,0.0
4313102,299.0,434.0,516.0,564.0,529.0,501.0,379.0,402.0,438.0,480.0,400.0,367.0,320.0,225.0,174.0,131.0,104.0,57.0,21.0,0.0,0.0
4313201,1010.0,1054.0,1201.0,1328.0,1544.0,1642.0,1611.0,1473.0,1493.0,1352.0,1256.0,1058.0,940.0,658.0,502.0,383.0,288.0,166.0,76.0,11.0,0.0
4313300,1282.0,1327.0,1604.0,1805.0,2006.0,2096.0,1899.0,1752.0,1713.0,1669.0,1435.0,1241.0,944.0,723.0,531.0,419.0,178.0,132.0,63.0,11.0,0.0
4313334,128.0,148.0,178.0,176.0,152.0,169.0,158.0,181.0,201.0,194.0,168.0,157.0,144.0,99.0,79.0,47.0,41.0,8.0,8.0,0.0,0.0
4313359,157.0,194.0,232.0,256.0,201.0,238.0,206.0,221.0,297.0,302.0,234.0,185.0,169.0,110.0,115.0,120.0,61.0,36.0,9.0,0.0,0.0
4313375,1724.0,1935.0,2141.0,2028.0,1851.0,1946.0,1806.0,1683.0,1585.0,1509.0,1245.0,1085.0,771.0,533.0,387.0,165.0,179.0,106.0,26.0,10.0,0.0
4313391,213.0,223.0,323.0,302.0,283.0,286.0,265.0,241.0,317.0,261.0,256.0,244.0,186.0,166.0,112.0,91.0,54.0,26.0,7.0,0.0,0.0
4313409,14608.0,16531.0,19783.0,20286.0,20514.0,20599.0,18482.0,17370.0,18237.0,18674.0,15368.0,12033.0,8584.0,6562.0,4707.0,3482.0,1884.0,846.0,323.0,56.0,10.0
4313425,169.0,212.0,274.0,299.0,205.0,192.0,220.0,251.0,304.0,337.0,357.0,325.0,219.0,216.0,125.0,103.0,82.0,30.0,0.0,6.0,0.0
4313441,127.0,150.0,193.0,191.0,142.0,139.0,134.0,148.0,165.0,193.0,173.0,157.0,102.0,84.0,53.0,65.0,30.0,24.0,4.0,2.0,0.0
4313466,90.0,93.0,115.0,153.0,117.0,122.0,93.0,123.0,135.0,139.0,139.0,140.0,98.0,71.0,48.0,49.0,24.0,7.0,2.0,0.0,0.0
4313490,214.0,258.0,304.0,319.0,327.0,249.0,254.0,281.0,284.0,268.0,316.0,254.0,200.0,146.0,143.0,78.0,54.0,21.0,8.0,0.0,0.0
4313508,2380.0,2820.0,3301.0,3340.0,3423.0,3385.0,2826.0,2759.0,2829.0,3002.0,2698.0,2265.0,1840.0,1312.0,1111.0,714.0,550.0,201.0,134.0,17.0,0.0
4313607,212.0,259.0,327.0,373.0,271.0,222.0,219.0,282.0,347.0,353.0,318.0,288.0,220.0,205.0,134.0,94.0,79.0,15.0,22.0,3.0,0.0
4313656,645.0,715.0,895.0,830.0,779.0,747.0,706.0,646.0,771.0,848.0,763.0,743.0,682.0,492.0,345.0,158.0,135.0,56.0,13.0,0.0,0.0
4313706,2162.0,2591.0,3107.0,3058.0,2766.0,2671.0,2411.0,2318.0,2430.0,2470.0,2119.0,1718.0,1288.0,1161.0,847.0,547.0,392.0,192.0,36.0,25.0,19.0
4313805,375.0,464.0,558.0,649.0,553.0,477.0,434.0,462.0,511.0,536.0,484.0,430.0,322.0,242.0,208.0,118.0,55.0,23.0,19.0,0.0,0.0
4313904,2327.0,2537.0,2978.0,3078.0,3621.0,3536.0,3283.0,2778.0,2647.0,2488.0,2382.0,1802.0,1638.0,976.0,893.0,480.0,375.0,112.0,95.0,17.0,15.0
4313953,671.0,748.0,933.0,834.0,674.0,725.0,631.0,653.0,677.0,715.0,663.0,553.0,410.0,413.0,222.0,203.0,101.0,59.0,5.0,5.0,0.0
4314001,335.0,365.0,481.0,554.0,547.0,557.0,489.0,458.0,521.0,574.0,511.0,453.0,332.0,190.0,172.0,122.0,99.0,43.0,2.0,7.0,0.0
4314027,396.0,454.0,520.0,537.0,516.0,561.0,516.0,485.0,558.0,538.0,533.0,450.0,364.0,302.0,237.0,185.0,134.0,41.0,8.0,2.0,0.0
4314035,148.0,205.0,253.0,289.0,304.0,272.0,253.0,239.0,258.0,288.0,245.0,209.0,141.0,137.0,139.0,68.0,46.0,13.0,5.0,0.0,0.0
4314050,3778.0,3970.0,4957.0,4878.0,4464.0,4475.0,4094.0,4167.0,4078.0,3784.0,2860.0,1971.0,1529.0,865.0,732.0,504.0,263.0,122.0,13.0,0.0,0.0
4314068,314.0,419.0,519.0,463.0,405.0,370.0,372.0,344.0,392.0,346.0,295.0,293.0,249.0,127.0,87.0,81.0,57.0,14.0,7.0,0.0,0.0
4314076,347.0,355.0,410.0,497.0,440.0,484.0,417.0,379.0,467.0,462.0,462.0,371.0,282.0,213.0,192.0,107.0,65.0,35.0,22.0,3.0,0.0
4314100,12220.0,12339.0,14933.0,15673.0,17347.0,16958.0,15197.0,12522.0,12715.0,12661.0,11533.0,9043.0,6919.0,5167.0,4085.0,2721.0,1791.0,623.0,280.0,87.0,10.0
4314134,116.0,112.0,161.0,155.0,157.0,111.0,135.0,145.0,167.0,176.0,174.0,140.0,131.0,93.0,89.0,66.0,48.0,17.0,3.0,0.0,0.0
4314159,459.0,491.0,599.0,642.0,587.0,587.0,569.0,580.0,574.0,546.0,512.0,506.0,427.0,314.0,251.0,225.0,114.0,45.0,16.0,0.0,0.0
4314175,137.0,187.0,204.0,190.0,148.0,171.0,140.0,170.0,166.0,183.0,130.0,109.0,103.0,65.0,49.0,29.0,19.0,8.0,3.0,0.0,0.0
4314209,425.0,560.0,639.0,619.0,528.0,479.0,486.0,503.0,552.0,579.0,543.0,481.0,441.0,330.0,282.0,198.0,107.0,26.0,21.0,12.0,0.0
4314308,192.0,257.0,297.0,358.0,318.0,266.0,262.0,278.0,286.0,317.0,291.0,215.0,188.0,122.0,123.0,99.0,56.0,25.0,15.0,8.0,0.0
4314407,18571.0,20720.0,25813.0,26672.0,27815.0,27600.0,23771.0,21925.0,22283.0,23080.0,21880.0,18351.0,15749.0,11210.0,8509.0,6878.0,4237.0,1906.0,947.0,292.0,66.0
4314423,245.0,292.0,358.0,422.0,442.0,426.0,364.0,398.0,444.0,452.0,375.0,240.0,239.0,148.0,123.0,104.0,59.0,35.0,16.0,0.0,0.0
4314456,151.0,162.0,190.0,240.0,190.0,176.0,134.0,169.0,214.0,206.0,174.0,146.0,91.0,105.0,77.0,45.0,29.0,12.0,2.0,0.0,0.0
4314464,114.0,171.0,185.0,186.0,126.0,144.0,142.0,106.0,135.0,165.0,171.0,135.0,76.0,114.0,48.0,53.0,40.0,17.0,2.0,0.0,0.0
4314472,244.0,309.0,427.0,404.0,314.0,301.0,282.0,310.0,346.0,325.0,282.0,265.0,186.0,185.0,123.0,85.0,46.0,22.0,15.0,0.0,0.0
4314498,258.0,339.0,403.0,433.0,385.0,324.0,290.0,301.0,299.0,283.0,343.0,255.0,234.0,105.0,89.0,36.0,88.0,11.0,14.0,3.0,3.0
4314506,728.0,806.0,954.0,1023.0,915.0,897.0,801.0,851.0,946.0,1014.0,850.0,771.0,662.0,504.0,339.0,349.0,166.0,152.0,41.0,11.0,0.0
4314548,135.97560975609755,152.4878048780488,178.21951219512195,195.6829268292683,241.41463414634148,259.5853658536586,222.7560975609756,189.3658536585366,199.63414634146343,198.39024390243904,177.1951219512195,136.65853658536585,109.19512195121952,74.8780487804878,56.829268292682926,41.609756097560975,26.853658536585368,15.195121951219512,4.390243902439025,0.24390243902439024,0.0
4314555,126.0,155.0,215.0,224.0,172.0,134.0,127.0,161.0,239.0,229.0,223.0,208.0,155.0,150.0,75.0,82.0,59.0,12.0,4.0,6.0,0.0
4314605,1162.0,1309.0,1566.0,1503.0,1251.0,1300.0,1213.0,1364.0,1486.0,1486.0,1283.0,1257.0,1117.0,853.0,721.0,381.0,366.0,132.0,81.0,11.0,0.0
4314704,550.0,749.0,945.0,933.0,768.0,732.0,652.0,660.0,768.0,753.0,711.0,665.0,494.0,342.0,340.0,230.0,129.0,65.0,33.0,0.0,6.0
4314753,99.0,98.0,147.0,146.0,141.0,135.0,112.0,128.0,148.0,138.0,151.0,152.0,114.0,91.0,87.0,53.0,42.0,27.0,7.0,2.0,0.0
4314779,248.0,264.0,344.0,348.0,299.0,297.0,257.0,263.0,290.0,285.0,269.0,200.0,149.0,138.0,97.0,45.0,40.0,22.0,3.0,0.0,0.0
4314787,80.0,76.0,96.0,160.0,105.0,87.0,113.0,101.0,132.0,149.0,154.0,122.0,121.0,86.0,64.0,62.0,25.0,12.0,5.0,0.0,0.0
4314803,2088.0,2316.0,2608.0,2602.0,2608.0,2753.0,2465.0,2319.0,2331.0,2277.0,1858.0,1501.0,1064.0,881.0,580.0,361.0,184.0,78.0,44.0,0.0,0.0
4314902,78251.0,84783.0,100860.0,103412.0,117945.0,130319.0,117233.0,97446.0,92340.0,99461.0,95391.0,79639.0,64055.0,47569.0,38570.0,27917.0,19678.0,10171.0,3227.0,928.0,156.0
4315008,198.0,293.0,386.0,422.0,266.0,249.0,278.0,328.0,435.0,474.0,399.0,457.0,395.0,318.0,227.0,138.0,89.0,38.0,13.0,6.0,3.0
4315057,122.0,136.0,200.0,209.0,169.0,129.0,133.0,149.0,202.0,214.0,192.0,162.0,140.0,146.0,109.0,71.0,30.0,24.0,4.0,2.0,0.0
4315073,70.0,120.0,141.0,142.0,72.0,62.0,93.0,120.0,152.0,161.0,166.0,143.0,136.0,106.0,70.0,59.0,33.0,6.0,0.0,0.0,0.0
4315107,557.0,739.0,915.0,934.0,689.0,742.0,748.0,766.0,733.0,740.0,828.0,566.0,483.0,402.0,290.0,270.0,105.0,47.0,5.0,0.0,0.0
4315131,100.0,107.0,147.0,151.0,135.0,137.0,119.0,116.0,101.0,107.0,130.0,138.0,122.0,108.0,86.0,41.0,23.0,7.0,0.0,0.0,0.0
4315149,134.0,140.0,167.0,186.0,233.0,203.0,186.0,171.0,193.0,213.0,169.0,173.0,69.0,87.0,55.0,52.0,44.0,8.0,0.0,0.0,0.0
4315156,345.0,385.0,498.0,602.0,393.0,428.0,416.0,438.0,493.0,494.0,368.0,369.0,287.0,234.0,174.0,94.0,92.0,36.0,17.0,0.0,0.0
4315172,77.0,104.0,129.0,143.0,131.0,117.0,124.0,133.0,189.0,158.0,128.0,179.0,110.0,98.0,60.0,53.0,44.0,17.0,5.0,0.0,0.0
4315206,186.0,230.0,293.0,340.0,263.0,298.0,249.0,231.0,258.0,320.0,315.0,334.0,248.0,184.0,150.0,82.0,101.0,38.0,18.0,3.0,0.0
4315305,1631.0,1808.0,2048.0,2048.0,1642.0,1523.0,1427.0,1501.0,1515.0,1749.0,1253.0,1181.0,1118.0,842.0,737.0,481.0,313.0,146.0,49.0,9.0,0.0
4315313,106.0,133.0,150.0,155.0,133.0,131.0,121.0,122.0,117.0,144.0,114.0,106.0,62.0,55.0,47.0,39.0,18.0,11.0,8.0,2.0,0.0
4315321,155.0,172.0,220.0,250.0,198.0,176.0,208.0,193.0,200.0,200.0,185.0,174.0,119.0,106.0,76.0,47.0,27.0,0.0,5.0,0.0,0.0
4315354,210.0,204.0,216.0,269.0,251.0,236.0,251.0,245.0,253.0,274.0,245.0,260.0,216.0,181.0,148.0,88.0,67.0,39.0,0.0,0.0,0.0
4315404,1016.0,1227.0,1169.0,1065.0,838.0,697.0,602.0,543.0,539.0,540.0,487.0,417.0,325.0,185.0,166.0,125.0,139.0,78.0,52.0,6.0,5.0
4315453,96.0,106.0,126.0,139.0,125.0,131.0,108.0,135.0,129.0,166.0,196.0,140.0,129.0,130.0,118.0,76.0,58.0,39.0,8.0,0.0,0.0
4315503,827.0,957.0,1315.0,1346.0,1171.0,1075.0,968.0,944.0,1178.0,1235.0,1131.0,987.0,812.0,614.0,547.0,349.0,222.0,131.0,23.0,17.0,0.0
4315552,195.0,219.0,328.0,336.0,208.0,214.0,180.0,223.0,261.0,300.0,270.0,244.0,197.0,136.0,115.0,102.0,48.0,25.0,13.0,2.0,0.0
4315602,12102.0,13596.0,16442.0,15946.0,16379.0,17003.0,14674.0,13080.0,12708.0,13708.0,12904.0,11284.0,8691.0,6172.0,4499.0,3789.0,2353.0,1344.0,395.0,158.0,0.0
4315701,2243.0,2653.0,2984.0,3206.0,2800.0,2780.0,2382.0,2514.0,2657.0,2728.0,2537.0,2179.0,1749.0,1487.0,1082.0,868.0,474.0,199.0,54.0,14.0,0.0
4315750,245.0,308.0,402.0,366.0,317.0,317.0,335.0,292.0,336.0,298.0,282.0,204.0,211.0,151.0,107.0,77.0,41.0,34.0,0.0,7.0,0.0
4315800,592.0,577.0,661.0,761.0,840.0,841.0,718.0,673.0,669.0,743.0,805.0,565.0,549.0,315.0,398.0,278.0,162.0,102.0,26.0,10.0,0.0
4315909,272.0,429.0,454.0,464.0,421.0,438.0,397.0,388.0,415.0,480.0,350.0,372.0,275.0,187.0,182.0,98.0,73.0,27.0,12.0,6.0,3.0
4315958,141.0,151.0,201.0,194.0,138.0,158.0,125.0,178.0,187.0,186.0,206.0,165.0,181.0,126.0,97.0,70.0,22.0,9.0,8.0,2.0,0.0
4316006,1190.0,1334.0,1575.0,1691.0,1620.0,1514.0,1443.0,1395.0,1532.0,1441.0,1045.0,1023.0,878.0,614.0,535.0,333.0,205.0,65.0,42.0,11.0,0.0
4316105,568.0,707.0,831.0,880.0,845.0,794.0,642.0,729.0,690.0,670.0,590.0,649.0,486.0,377.0,366.0,151.0,158.0,50.0,32.0,6.0,0.0
4316204,268.0,287.0,387.0,402.0,313.0,294.0,330.0,434.0,454.0,444.0,395.0,349.0,348.0,225.0,301.0,131.0,103.0,42.0,7.0,5.0,0.0
4316303,383.0,446.0,593.0,571.0,519.0,447.0,442.0,491.0,549.0,530.0,495.0,469.0,411.0,337.0,232.0,172.0,65.0,38.0,10.0,3.0,0.0
4316402,2292.0,2931.0,3309.0,3395.0,2924.0,2798.0,2427.0,2554.0,2797.0,2953.0,2540.0,2095.0,1920.0,1622.0,1153.0,869.0,572.0,331.0,176.0,41.0,10.0
4316428,150.0,172.0,224.0,227.0,154.0,173.0,152.0,171.0,190.0,203.0,208.0,166.0,121.0,94.0,69.0,73.0,31.0,9.0,8.0,0.0,0.0
4316436,130.0,139.0,192.0,230.0,181.0,204.0,177.0,206.0,241.0,242.0,221.0,171.0,169.0,143.0,108.0,52.0,29.0,18.0,16.0,0.0,0.0
4316451,817.0,970.0,1117.0,1091.0,855.0,890.0,892.0,861.0,896.0,814.0,720.0,547.0,461.0,360.0,267.0,156.0,102.0,37.0,27.0,0.0,0.0
4316477,96.0,140.0,183.0,191.0,178.0,172.0,157.0,164.0,245.0,241.0,200.0,218.0,164.0,87.0,91.0,77.0,42.0,20.0,2.0,0.0,0.0
4316501,339.0,410.0,504.0,554.0,642.0,589.0,506.0,505.0,529.0,507.0,390.0,379.0,275.0,205.0,164.0,122.0,84.0,30.0,13.0,0.0,0.0
4316600,763.0,838.0,1058.0,1168.0,1230.0,1159.0,1009.0,997.0,1154.0,1232.0,1114.0,1029.0,876.0,606.0,469.0,338.0,206.0,87.0,35.0,5.0,0.0
4316709,432.0,583.0,739.0,802.0,638.0,638.0,550.0,599.0,720.0,766.0,583.0,538.0,378.0,318.0,242.0,155.0,83.0,46.0,17.0,3.0,0.0
4316733,74.0,109.0,131.0,147.0,98.0,91.0,87.0,135.0,133.0,127.0,108.0,122.0,117.0,62.0,64.0,34.0,6.0,8.0,2.0,0.0,0.0
4316758,314.0,288.0,359.0,412.0,429.0,513.0,449.0,430.0,395.0,430.0,398.0,354.0,267.0,224.0,141.0,139.0,95.0,45.0,11.0,4.0,0.0
4316808,6532.0,7240.0,8805.0,9068.0,9955.0,10809.0,9466.0,8707.0,8841.0,8819.0,8180.0,6393.0,4881.0,3643.0,2522.0,2105.0,1375.0,720.0,289.0,12.0,12.0
4316907,15209.0,16318.0,19833.0,21951.0,24125.0,23347.0,19303.0,17567.0,17956.0,18864.0,16693.0,13929.0,11257.0,8109.0,6556.0,4523.0,3242.0,1554.0,484.0,188.0,23.0
4316956,274.0,305.0,408.0,446.0,470.0,492.0,493.0,490.0,521.0,488.0,433.0,392.0,290.0,188.0,151.0,106.0,51.0,44.0,11.0,0.0,0.0
4316972,142.0,154.0,197.0,182.0,157.0,130.0,148.0,180.0,192.0,175.0,180.0,123.0,133.0,93.0,89.0,47.0,20.0,6.0,2.0,2.0,0.0
4317004,430.0,558.0,609.0,670.0,501.0,438.0,452.0,567.0,675.0,609.0,592.0,489.0,393.0,469.0,359.0,211.0,175.0,40.0,4.0,0.0,0.0
4317103,5204.0,6187.0,7440.0,7103.0,5430.0,5417.0,5498.0,5196.0,5660.0,6147.0,5607.0,4045.0,4020.0,3113.0,2686.0,1780.0,1069.0,597.0,171.0,86.0,10.0
4317202,3864.0,4330.0,5370.0,5855.0,5949.0,5777.0,5475.0,5218.0,5272.0,5009.0,4190.0,3512.0,2799.0,2127.0,1565.0,1142.0,745.0,283.0,85.0,0.0,20.0
4317251,65.0,81.0,90.0,104.0,104.0,110.0,87.0,99.0,133.0,132.0,141.0,111.0,113.0,103.0,100.0,63.0,53.0,22.0,10.0,0.0,0.0
4317301,1981.0,2313.0,2659.0,2584.0,2070.0,2255.0,2050.0,2097.0,2211.0,2359.0,1758.0,1991.0,1425.0,1046.0,730.0,767.0,451.0,129.0,91.0,23.0,0.0
4317400,2708.0,3160.0,3831.0,4123.0,3872.0,3605.0,3374.0,3264.0,3614.0,3588.0,3381.0,2479.0,2257.0,2087.0,1474.0,1157.0,577.0,339.0,172.0,9.0,0.0
4317509,4649.0,5172.0,6195.0,6539.0,6220.0,5853.0,5526.0,5537.0,5600.0,5426.0,4747.0,4145.0,3282.0,2467.0,2073.0,1359.0,814.0,437.0,185.0,38.0,12.0
4317558,96.0,119.0,154.0,184.0,163.0,159.0,139.0,144.0,178.0,154.0,157.0,130.0,120.0,72.0,71.0,53.0,31.0,12.0,3.0,0.0,0.0
4317608,2283.0,2701.0,3193.0,3224.0,2908.0,2987.0,2715.0,2685.0,2969.0,2904.0,2506.0,2230.0,1886.0,1606.0,1413.0,745.0,470.0,200.0,50.0,11.0,0.0
4317707,652.0,740.0,963.0,1014.0,730.0,614.0,691.0,756.0,768.0,832.0,776.0,650.0,602.0,497.0,410.0,202.0,200.0,78.0,20.0,11.0,5.0
4317756,102.0,119.0,169.0,138.0,142.0,135.0,124.0,116.0,153.0,184.0,132.0,123.0,103.0,78.0,85.0,41.0,26.0,11.0,5.0,0.0,0.0
4317806,853.0,872.0,1065.0,1213.0,1044.0,1005.0,1008.0,1013.0,1031.0,1021.0,882.0,850.0,678.0,516.0,406.0,237.0,152.0,104.0,13.0,4.0,0.0
4317905,655.0,756.0,1073.0,1118.0,1047.0,959.0,962.0,996.0,1175.0,1205.0,1162.0,898.0,800.0,519.0,458.0,295.0,191.0,79.0,19.0,10.0,0.0
4317954,118.0,147.0,155.0,192.0,176.0,151.0,124.0,146.0,203.0,201.0,198.0,169.0,167.0,129.0,81.0,62.0,15.0,19.0,7.0,0.0,0.0
4318002,3754.0,4421.0,5476.0,5573.0,4875.0,4570.0,4431.0,4274.0,4370.0,4286.0,3833.0,3267.0,2639.0,2020.0,1602.0,1063.0,674.0,345.0,115.0,64.0,18.0
4318051,150.0,159.0,195.0,251.0,209.0,194.0,168.0,179.0,212.0,250.0,205.0,233.0,183.0,123.0,75.0,55.0,50.0,26.0,5.0,0.0,4.0
4318101,1031.0,1226.0,1532.0,1617.0,1305.0,1248.0,1171.0,1233.0,1410.0,1464.0,1364.0,1268.0,1054.0,774.0,668.0,401.0,305.0,102.0,68.0,12.0,0.0
4318200,1414.0,1652.0,1823.0,1701.0,1504.0,1576.0,1467.0,1389.0,1343.0,1380.0,1316.0,1014.0,929.0,716.0,486.0,381.0,244.0,118.0,73.0,11.0,0.0
4318309,3738.0,4340.0,5155.0,5156.0,4576.0,4332.0,4240.0,3948.0,4242.0,4292.0,4166.0,3106.0,2788.0,2207.0,1826.0,1264.0,608.0,335.0,85.0,11.0,9.0
4318408,1438.0,1621.0,1832.0,1821.0,1657.0,1852.0,1634.0,1494.0,1532.0,1550.0,1390.0,1259.0,883.0,800.0,507.0,437.0,227.0,155.0,45.0,1.0,0.0
4318424,208.0,239.0,340.0,375.0,272.0,297.0,262.0,313.0,402.0,386.0,365.0,360.0,315.0,228.0,106.0,135.0,76.0,29.0,13.0,5.0,0.0
4318432,102.0,136.0,181.0,217.0,193.0,189.0,126.0,142.0,175.0,187.0,180.0,194.0,144.0,120.0,111.0,85.0,87.0,35.0,21.0,11.0,0.0
4318440,135.0,150.0,182.0,219.0,209.0,189.0,171.0,172.0,211.0,230.0,226.0,203.0,166.0,104.0,70.0,65.0,50.0,13.0,6.0,3.0,0.0
4318457,137.0,211.0,232.0,224.0,129.0,179.0,148.0,171.0,217.0,191.0,233.0,179.0,160.0,100.0,92.0,53.0,43.0,9.0,7.0,3.0,1.0
4318465,130.0,174.0,229.0,199.0,136.0,137.0,132.0,167.0,146.0,155.0,123.0,157.0,96.0,99.0,63.0,28.0,21.0,7.0,0.0,5.0,0.0
4318481,264.0,215.0,268.0,334.0,339.0,332.0,292.0,318.0,351.0,317.0,304.0,218.0,161.0,118.0,112.0,78.0,42.0,19.0,12.0,0.0,0.0
4318499,96.0,88.0,148.0,172.0,137.0,141.0,148.0,132.0,151.0,176.0,174.0,191.0,143.0,117.0,80.0,54.0,32.0,16.0,4.0,0.0,0.0
4318507,1593.0,1762.0,2113.0,2185.0,1903.0,1928.0,1625.0,1816.0,1921.0,1984.0,1766.0,1307.0,1059.0,960.0,738.0,484.0,238.0,83.0,29.0,9.0,0.0
4318606,347.0,426.0,522.0,556.0,443.0,449.0,455.0,510.0,543.0,565.0,502.0,437.0,372.0,246.0,210.0,171.0,93.0,36.0,18.0,3.0,0.0
4318614,101.0,100.0,143.0,137.0,160.0,155.0,143.0,139.0,135.0,162.0,142.0,176.0,98.0,93.0,73.0,66.0,44.0,10.0,2.0,3.0,0.0
4318622,221.0,251.0,320.0,294.0,269.0,257.0,224.0,233.0,266.0,236.0,196.0,157.0,116.0,80.0,76.0,36.0,41.0,14.0,3.0,0.0,0.0
4318705,14489.0,15504.0,18170.0,18111.0,18551.0,19466.0,17628.0,15513.0,15437.0,15552.0,13277.0,10372.0,7579.0,5487.0,3605.0,2767.0,1474.0,782.0,230.0,67.0,26.0
4318804,2283.0,2512.0,3345.0,3424.0,3157.0,3281.0,3150.0,2831.0,3087.0,3180.0,2897.0,2597.0,2177.0,1707.0,1525.0,983.0,591.0,258.0,78.0,49.0,0.0
4318903,2030.0,2394.0,2896.0,3088.0,2841.0,2535.0,2283.0,2336.0,2273.0,2456.0,2182.0,1983.0,1555.0,1313.0,863.0,673.0,428.0,241.0,105.0,82.0,0.0
4319000,1013.0,1247.0,1438.0,1754.0,1719.0,1621.0,1530.0,1441.0,1608.0,1661.0,1400.0,967.0,864.0,602.0,462.0,426.0,224.0,68.0,48.0,10.0,0.0
4319109,257.0,320.0,419.0,467.0,368.0,353.0,337.0,363.0,420.0,498.0,434.0,432.0,348.0,283.0,216.0,109.0,73.0,53.0,14.0,10.0,0.0
4319125,153.0,197.0,252.0,233.0,171.0,210.0,191.0,228.0,199.0,230.0,263.0,207.0,179.0,167.0,140.0,95.0,49.0,17.0,18.0,2.0,0.0
4319158,441.0,534.0,644.0,621.0,508.0,539.0,505.0,489.0,565.0,523.0,492.0,440.0,338.0,281.0,206.0,131.0,102.0,44.0,10.0,7.0,0.0
4319208,316.0,449.0,554.0,520.0,317.0,318.0,322.0,378.0,369.0,411.0,399.0,361.0,323.0,237.0,165.0,127.0,103.0,29.0,21.0,8.0,0.0
4319307,301.0,358.0,514.0,521.0,347.0,346.0,355.0,401.0,486.0,546.0,589.0,463.0,328.0,280.0,235.0,169.0,72.0,39.0,8.0,6.0,0.0
4319356,200.0,216.0,282.0,303.0,274.0,286.0,269.0,247.0,274.0,236.0,207.0,135.0,127.0,93.0,51.0,64.0,44.0,6.0,0.0,0.0,0.0
4319364,107.0,156.0,164.0,155.0,127.0,137.0,120.0,120.0,116.0,141.0,109.0,141.0,95.0,77.0,64.0,33.0,12.0,9.0,3.0,0.0,0.0
4319372,133.0,152.0,205.0,238.0,190.0,192.0,181.0,194.0,219.0,241.0,213.0,206.0,147.0,133.0,95.0,57.0,50.0,24.0,3.0,0.0,0.0
4319406,851.0,980.0,1215.0,1273.0,1199.0,1047.0,1037.0,1077.0,1183.0,1242.0,1127.0,1031.0,816.0,776.0,567.0,457.0,312.0,117.0,38.0,18.0,5.0
4319505,1241.0,1475.0,1769.0,1726.0,1919.0,1856.0,1590.0,1429.0,1670.0,1736.0,1369.0,1293.0,863.0,714.0,533.0,429.0,190.0,99.0,32.0,0.0,0.0
4319604,1241.0,1521.0,1901.0,1941.0,1700.0,1538.0,1467.0,1481.0,1717.0,1905.0,1765.0,1481.0,1116.0,1034.0,857.0,571.0,390.0,131.0,8.0,16.0,17.0
4319703,156.0,208.0,279.0,315.0,236.0,207.0,176.0,236.0,243.0,283.0,309.0,229.0,243.0,160.0,99.0,109.0,102.0,40.0,0.0,3.0,0.0
4319711,80.0,101.0,115.0,159.0,128.0,165.0,116.0,139.0,152.0,168.0,181.0,175.0,143.0,115.0,76.0,73.0,51.0,21.0,9.0,1.0,0.0
4319737,192.0,291.0,268.0,242.0,215.0,179.0,158.0,165.0,147.0,139.0,165.0,135.0,126.0,81.0,57.0,47.0,19.0,11.0,8.0,3.0,0.0
4319752,84.0,102.0,131.0,170.0,159.0,147.0,158.0,154.0,176.0,159.0,108.0,97.0,97.0,56.0,71.0,27.0,35.0,14.0,0.0,0.0,0.0
4319802,486.0,560.0,807.0,737.0,605.0,571.0,531.0,565.0,646.0,621.0,573.0,486.0,405.0,238.0,215.0,172.0,118.0,44.0,34.0,26.0,0.0
4319901,5209.0,5877.0,6889.0,6670.0,6500.0,6587.0,5984.0,6066.0,5995.0,5427.0,4053.0,3162.0,2380.0,1541.0,1148.0,805.0,525.0,109.0,37.0,21.0,0.0
4320008,8738.0,9925.0,11421.0,11101.0,11263.0,11626.0,10704.0,9447.0,9240.0,8992.0,8213.0,6624.0,4994.0,3637.0,2366.0,1278.0,863.0,347.0,169.0,9.0,0.0
4320107,1241.0,1412.0,1625.0,1859.0,1808.0,1877.0,1646.0,1519.0,1535.0,1525.0,1241.0,1182.0,908.0,607.0,558.0,358.0,245.0,91.0,37.0,11.0,0.0
4320206,647.0,719.0,937.0,900.0,808.0,753.0,703.0,705.0,746.0,774.0,793.0,665.0,486.0,451.0,332.0,246.0,113.0,85.0,13.0,21.0,0.0
4320230,171.0,222.0,250.0,246.0,166.0,197.0,207.0,207.0,209.0,234.0,195.0,241.0,161.0,99.0,70.0,52.0,67.0,12.0,0.0,6.0,0.0
4320263,456.0,547.0,662.0,680.0,487.0,541.0,539.0,513.0,494.0,501.0,443.0,339.0,316.0,245.0,191.0,133.0,45.0,20.0,6.0,0.0,0.0
4320305,250.0,302.0,347.0,380.0,397.0,362.0,279.0,301.0,405.0,439.0,373.0,286.0,223.0,184.0,146.0,134.0,77.0,36.0,3.0,5.0,0.0
4320321,153.0,152.0,224.0,231.0,184.0,198.0,183.0,197.0,210.0,228.0,211.0,200.0,112.0,137.0,82.0,38.0,38.0,26.0,0.0,9.0,0.0
4320354,263.0,396.0,427.0,439.0,371.0,368.0,333.0,355.0,366.0,383.0,379.0,238.0,236.0,218.0,154.0,133.0,103.0,18.0,9.0,6.0,3.0
4320404,817.0,901.0,1037.0,1129.0,1314.0,1326.0,1086.0,1066.0,1024.0,1062.0,964.0,654.0,616.0,425.0,342.0,228.0,167.0,70.0,25.0,0.0,0.0
4320453,98.0,123.0,168.0,218.0,149.0,123.0,151.0,151.0,182.0,181.0,166.0,136.0,130.0,110.0,83.0,62.0,40.0,10.0,0.0,0.0,0.0
4320503,287.0,390.0,479.0,498.0,409.0,433.0,392.0,395.0,472.0,508.0,441.0,439.0,359.0,275.0,230.0,124.0,80.0,66.0,14.0,3.0,0.0
4320552,324.0,419.0,448.0,491.0,450.0,438.0,416.0,404.0,435.0,399.0,352.0,329.0,266.0,219.0,197.0,127.0,57.0,49.0,20.0,3.0,6.0
4320578,102.0,121.0,137.0,155.0,142.0,113.0,136.0,163.0,153.0,189.0,151.0,159.0,117.0,95.0,81.0,57.0,34.0,15.0,4.0,0.0,0.0
4320602,173.0,222.0,274.0,321.0,229.0,298.0,205.0,267.0,309.0,323.0,274.0,264.0,199.0,161.0,141.0,97.0,63.0,18.0,3.0,0.0,0.0
4320651,142.0,138.0,155.0,165.0,172.0,169.0,128.0,156.0,154.0,196.0,175.0,134.0,174.0,122.0,106.0,85.0,49.0,22.0,8.0,0.0,0.0
4320677,545.0,619.0,791.0,811.0,751.0,735.0,703.0,731.0,705.0,683.0,638.0,631.0,486.0,423.0,368.0,231.0,114.0,70.0,29.0,0.0,4.0
4320701,834.0,965.0,1199.0,1190.0,1130.0,1185.0,1030.0,942.0,1050.0,1061.0,894.0,806.0,636.0,489.0,333.0,298.0,179.0,18.0,30.0,15.0,0.0
4320800,1890.0,2195.0,2618.0,2639.0,2404.0,2387.0,2214.0,1939.0,2100.0,2070.0,1856.0,1639.0,1235.0,1030.0,769.0,581.0,331.0,84.0,64.0,0.0,0.0
4320859,283.0,274.0,313.0,356.0,293.0,314.0,299.0,304.0,317.0,280.0,256.0,227.0,215.0,134.0,129.0,51.0,50.0,30.0,6.0,0.0,0.0
4320909,985.0,1181.0,1391.0,1768.0,1919.0,1863.0,1482.0,1321.0,1457.0,1444.0,1210.0,928.0,686.0,582.0,469.0,248.0,207.0,84.0,25.0,0.0,0.0
4321006,655.0,723.0,763.0,861.0,838.0,820.0,730.0,726.0,780.0,760.0,667.0,580.0,431.0,377.0,293.0,189.0,137.0,75.0,30.0,8.0,4.0
4321105,1026.0,1364.0,1519.0,1288.0,1212.0,1133.0,1150.0,1102.0,1141.0,1151.0,1053.0,870.0,781.0,650.0,491.0,345.0,201.0,102.0,31.0,19.0,0.0
4321204,3621.0,3959.0,4691.0,4451.0,4123.0,4420.0,4214.0,3816.0,4010.0,4057.0,3515.0,2558.0,2307.0,1710.0,1203.0,864.0,627.0,374.0,114.0,10.0,0.0
4321303,1545.0,1855.0,2012.0,2183.0,1903.0,2081.0,1863.0,1766.0,1921.0,1989.0,1732.0,1460.0,1216.0,822.0,770.0,544.0,312.0,68.0,45.0,5.0,0.0
4321329,143.0,168.0,245.0,257.0,207.0,222.0,191.0,186.0,194.0,232.0,207.0,187.0,156.0,140.0,79.0,83.0,36.0,32.0,0.0,2.0,0.0
4321352,261.0,376.0,383.0,411.0,328.0,357.0,298.0,338.0,398.0,422.0,410.0,388.0,319.0,208.0,209.0,98.0,102.0,29.0,12.0,3.0,0.0
4321402,855.0,1214.0,1259.0,1204.0,1083.0,938.0,843.0,831.0,828.0,904.0,783.0,905.0,580.0,510.0,398.0,291.0,211.0,55.0,16.0,11.0,0.0
4321436,621.0,779.0,807.0,829.0,791.0,748.0,661.0,686.0,699.0,704.0,579.0,580.0,417.0,340.0,251.0,180.0,156.0,34.0,17.0,0.0,0.0
4321451,1554.0,1655.0,1996.0,2246.0,2356.0,2421.0,2307.0,2147.0,2011.0,1968.0,1765.0,1474.0,1118.0,747.0,624.0,460.0,270.0,111.0,43.0,0.0,0.0
4321469,157.0,188.0,219.0,227.0,219.0,237.0,180.0,176.0,203.0,212.0,182.0,135.0,114.0,125.0,64.0,41.0,23.0,16.0,0.0,3.0,3.0
4321477,343.0,433.0,557.0,479.0,331.0,358.0,395.0,357.0,407.0,454.0,513.0,562.0,404.0,336.0,243.0,150.0,91.0,34.0,7.0,3.0,3.0
4321493,122.0,165.0,212.0,199.0,186.0,181.0,193.0,233.0,218.0,202.0,207.0,218.0,185.0,156.0,109.0,75.0,37.0,40.0,14.0,0.0,0.0
4321501,1952.0,2373.0,2859.0,2851.0,2712.0,2673.0,2565.0,2365.0,2559.0,2613.0,2239.0,2122.0,1611.0,1172.0,885.0,467.0,371.0,191.0,56.0,19.0,0.0
4321600,2944.0,3368.0,3851.0,3580.0,3062.0,3270.0,2789.0,2540.0,2748.0,2806.0,2727.0,2318.0,1877.0,1523.0,916.0,563.0,379.0,184.0,123.0,0.0,17.0
4321626,82.0,125.0,134.0,159.0,148.0,145.0,119.0,149.0,184.0,171.0,170.0,170.0,159.0,136.0,114.0,72.0,45.0,21.0,10.0,2.0,0.0
4321634,106.0,128.0,131.0,225.0,150.0,160.0,160.0,201.0,246.0,263.0,231.0,217.0,203.0,125.0,87.0,122.0,53.0,35.0,13.0,0.0,0.0
4321667,529.0,675.0,794.0,877.0,862.0,791.0,692.0,689.0,810.0,823.0,637.0,637.0,409.0,340.0,247.0,206.0,152.0,47.0,0.0,0.0,0.0
4321709,1584.0,1683.0,1976.0,2025.0,2166.0,2248.0,2055.0,1931.0,1819.0,1569.0,1339.0,1061.0,790.0,625.0,391.0,217.0,176.0,168.0,9.0,15.0,0.0
4321808,1266.0,1298.0,1648.0,2021.0,1920.0,1773.0,1645.0,1692.0,1739.0,1799.0,1667.0,1345.0,1215.0,859.0,608.0,699.0,365.0,125.0,24.0,9.0,10.0
4321832,155.0,194.0,251.0,226.0,176.0,183.0,198.0,200.0,236.0,233.0,170.0,172.0,136.0,149.0,95.0,73.0,47.0,16.0,0.0,4.0,0.0
4321857,260.0,282.0,378.0,400.0,340.0,300.0,249.0,264.0,234.0,325.0,314.0,273.0,282.0,152.0,127.0,90.0,67.0,21.0,20.0,3.0,0.0
4321907,1156.0,1418.0,1737.0,1877.0,1754.0,1804.0,1733.0,1680.0,1739.0,1837.0,1750.0,1389.0,1341.0,878.0,823.0,417.0,342.0,189.0,61.0,22.0,17.0
4321956,362.0,388.0,586.0,471.0,403.0,356.0,369.0,373.0,389.0,442.0,414.0,344.0,285.0,199.0,180.0,95.0,76.0,25.0,26.0,3.0,3.0
4322004,1730.0,1936.0,2309.0,2312.0,2120.0,2044.0,1825.0,1742.0,1761.0,1823.0,1501.0,1311.0,1203.0,671.0,656.0,434.0,259.0,99.0,57.0,0.0,0.0
4322103,257.0,306.0,381.0,478.0,412.0,376.0,396.0,375.0,396.0,522.0,441.0,381.0,329.0,292.0,251.0,148.0,101.0,29.0,21.0,6.0,0.0
4322152,271.0,329.0,419.0,437.0,330.0,353.0,311.0,311.0,300.0,318.0,254.0,209.0,125.0,177.0,118.0,71.0,17.0,20.0,25.0,0.0,0.0
4322186,66.0,108.0,133.0,138.0,95.0,68.0,72.0,121.0,128.0,153.0,128.0,71.0,81.0,79.0,61.0,41.0,21.0,6.0,4.0,0.0,0.0
4322202,1502.0,1725.0,1955.0,1833.0,1716.0,1742.0,1567.0,1566.0,1532.0,1601.0,1253.0,1293.0,870.0,698.0,473.0,431.0,371.0,114.0,20.0,19.0,0.0
4322251,205.0,254.0,276.0,329.0,372.0,353.0,321.0,297.0,330.0,290.0,224.0,202.0,129.0,103.0,109.0,62.0,50.0,12.0,7.0,0.0,0.0
4322301,310.0,375.0,588.0,668.0,566.0,491.0,490.0,543.0,705.0,747.0,658.0,572.0,555.0,429.0,320.0,242.0,163.0,61.0,63.0,12.0,0.0
4322327,193.0,245.0,234.0,253.0,239.0,288.0,227.0,266.0,173.0,239.0,211.0,248.0,298.0,133.0,94.0,73.0,68.0,30.0,11.0,0.0,0.0
4322343,79.0,140.0,193.0,176.0,150.0,125.0,148.0,170.0,198.0,185.0,167.0,166.0,148.0,93.0,67.0,48.0,25.0,9.0,9.0,0.0,0.0
4322350,57.0,54.0,91.0,101.0,97.0,91.0,65.0,67.0,95.0,130.0,134.0,142.0,116.0,73.0,66.0,60.0,29.0,14.0,6.0,0.0,0.0
4322376,125.0,150.0,248.0,205.0,152.0,140.0,134.0,158.0,175.0,196.0,153.0,164.0,147.0,101.0,90.0,63.0,30.0,11.0,7.0,0.0,0.0
4322400,9583.0,10972.0,12105.0,11181.0,10040.0,10005.0,9269.0,8627.0,8651.0,8396.0,7346.0,5566.0,4518.0,3306.0,2425.0,1628.0,1036.0,580.0,152.0,37.0,11.0
4322509,4224.0,4831.0,5267.0,5190.0,4710.0,4939.0,4525.0,4202.0,4358.0,4231.0,3806.0,3015.0,2534.0,1840.0,1559.0,919.0,767.0,245.0,139.0,41.0,0.0
4322525,184.0,219.0,234.0,259.0,197.0,211.0,214.0,241.0,233.0,246.0,223.0,188.0,196.0,142.0,106.0,78.0,53.0,18.0,8.0,3.0,0.0
4322533,579.0,759.0,919.0,961.0,809.0,839.0,796.0,883.0,786.0,771.0,725.0,588.0,515.0,426.0,249.0,207.0,167.0,84.0,13.0,0.0,0.0
4322541,302.0,330.0,347.0,422.0,480.0,508.0,435.0,396.0,401.0,370.0,289.0,262.0,187.0,161.0,95.0,71.0,38.0,16.0,1.0,4.0,3.0
4322558,95.0,111.0,130.0,161.0,176.0,133.0,123.0,129.0,176.0,181.0,110.0,144.0,105.0,81.0,46.0,44.0,17.0,15.0,6.0,2.0,0.0
4322608,3438.0,4070.0,5068.0,5300.0,5241.0,5323.0,4983.0,4891.0,5118.0,4970.0,4154.0,3967.0,2801.0,2300.0,1836.0,1208.0,874.0,339.0,65.0,0.0,0.0
4322707,1391.0,1564.0,1946.0,1953.0,1810.0,1945.0,1769.0,1831.0,1876.0,1745.0,1576.0,1170.0,1171.0,745.0,550.0,449.0,323.0,106.0,56.0,7.0,0.0
4322806,1032.0,1198.0,1489.0,1693.0,1897.0,2017.0,1820.0,1608.0,1751.0,1842.0,1459.0,1450.0,977.0,852.0,702.0,470.0,358.0,118.0,77.0,0.0,0.0
4322855,84.0,99.0,105.0,138.0,108.0,107.0,125.0,117.0,162.0,154.0,152.0,140.0,141.0,99.0,86.0,85.0,50.0,13.0,10.0,0.0,0.0
4322905,232.0,289.0,348.0,474.0,331.0,322.0,312.0,340.0,395.0,447.0,375.0,409.0,280.0,219.0,195.0,153.0,127.0,50.0,10.0,3.0,0.0
4323002,16436.0,19313.0,22747.0,21034.0,19387.0,19477.0,18436.0,16808.0,16231.0,16061.0,14249.0,11943.0,9713.0,6334.0,5016.0,3339.0,1762.0,714.0,295.0,88.0,0.0
4323101,364.0,429.0,481.0,472.0,368.0,385.0,346.0,334.0,354.0,366.0,290.0,305.0,270.0,193.0,120.0,108.0,53.0,30.0,13.0,4.0,0.0
4323200,177.0,183.0,228.0,229.0,168.0,188.0,210.0,209.0,258.0,223.0,240.0,173.0,166.0,131.0,98.0,70.0,42.0,26.0,13.0,4.0,0.0
4323309,138.0,138.0,222.0,259.0,274.0,239.0,213.0,200.0,233.0,281.0,233.0,235.0,165.0,125.0,98.0,71.0,51.0,28.0,3.0,0.0,0.0
4323358,98.0,125.0,179.0,189.0,133.0,106.0,124.0,143.0,203.0,194.0,129.0,143.0,150.0,87.0,64.0,43.0,30.0,10.0,2.0,0.0,0.0
4323408,176.0,215.0,273.0,336.0,342.0,320.0,263.0,269.0,340.0,352.0,295.0,307.0,221.0,174.0,100.0,115.0,71.0,34.0,15.0,0.0,3.0
4323457,231.0,296.0,338.0,338.0,259.0,255.0,242.0,270.0,329.0,337.0,227.0,333.0,201.0,203.0,147.0,116.0,60.0,31.0,6.0,0.0,2.0
4323507,156.0,173.0,245.0,263.0,191.0,190.0,173.0,171.0,202.0,224.0,224.0,191.0,138.0,100.0,76.0,45.0,44.0,20.0,0.0,2.0,4.0
4323606,69.0,72.0,104.0,101.0,102.0,85.0,104.0,117.0,114.0,131.0,122.0,110.0,126.0,64.0,45.0,59.0,29.0,9.0,7.0,0.0,0.0
4323705,131.0,166.0,226.0,238.0,177.0,173.0,171.0,202.0,228.0,242.0,213.0,185.0,121.0,91.0,79.0,50.0,48.0,11.0,8.0,0.0,0.0
4323754,175.0,217.0,281.0,288.0,169.0,167.0,207.0,234.0,259.0,259.0,271.0,273.0,226.0,193.0,124.0,74.0,50.0,7.0,5.0,6.0,0.0
4323770,122.0,146.0,165.0,193.0,227.0,226.0,191.0,186.0,226.0,219.0,167.0,185.0,161.0,148.0,95.0,57.0,54.0,12.0,13.0,0.0,0.0
4323804,950.0,1012.0,1198.0,1086.0,1056.0,1030.0,981.0,876.0,881.0,768.0,589.0,719.0,441.0,329.0,239.0,134.0,106.0,28.0,11.0,0.0,0.0
5000203,1355.0,1288.0,1426.0,1299.0,1422.0,1414.0,1353.0,1114.0,1002.0,821.0,652.0,491.0,281.0,223.0,170.0,65.0,36.0,5.0,7.0,0.0,0.0
5000252,339.0,359.0,397.0,418.0,425.0,411.0,380.0,388.0,370.0,287.0,232.0,187.0,116.0,117.0,72.0,43.0,8.0,17.0,4.0,0.0,0.0
5000609,3290.0,3508.0,3544.0,3454.0,2951.0,2939.0,2662.0,2478.0,2032.0,1790.0,1488.0,1233.0,1042.0,778.0,648.0,466.0,239.0,107.0,61.0,20.0,0.0
5000708,1822.0,2084.0,2223.0,2237.0,1903.0,1939.0,1837.0,1663.0,1595.0,1442.0,1246.0,1079.0,902.0,627.0,506.0,293.0,282.0,106.0,37.0,12.0,0.0
5000807,610.0,717.0,848.0,777.0,628.0,726.0,704.0,601.0,581.0,561.0,402.0,399.0,272.0,244.0,171.0,142.0,57.0,38.0,6.0,0.0,10.0
5000856,711.0,698.0,788.0,814.0,824.0,788.0,718.0,716.0,699.0,583.0,468.0,361.0,287.0,257.0,222.0,128.0,75.0,27.0,17.0,4.0,0.0
5000906,829.0,839.0,933.0,871.0,643.0,640.0,574.0,500.0,482.0,434.0,359.0,272.0,224.0,213.0,95.0,107.0,101.0,61.0,23.0,8.0,0.0
5001003,1512.0,1651.0,1938.0,1956.0,1891.0,1937.0,1879.0,1677.0,1523.0,1365.0,1240.0,1134.0,903.0,582.0,512.0,245.0,173.0,123.0,55.0,25.0,0.0
5001102,3761.0,4034.0,4343.0,4165.0,3712.0,3706.0,3427.0,3070.0,2841.0,2631.0,2402.0,2171.0,1609.0,1231.0,928.0,667.0,450.0,271.0,126.0,51.0,18.0
5001243,1049.0,1162.0,1214.0,1037.0,910.0,820.0,784.0,643.0,594.0,543.0,390.0,333.0,237.0,176.0,154.0,97.0,65.0,32.0,5.0,5.0,0.0
5001508,455.0,506.0,575.0,640.0,495.0,483.0,459.0,504.0,509.0,452.0,402.0,305.0,257.0,209.0,148.0,108.0,65.0,26.0,7.0,3.0,0.0
5001904,1617.0,1673.0,1729.0,1789.0,1833.0,1824.0,1676.0,1539.0,1456.0,1298.0,1043.0,670.0,541.0,454.0,315.0,245.0,88.0,34.0,10.0,5.0,0.0
5002001,819.0,908.0,1119.0,988.0,899.0,860.0,824.0,814.0,762.0,717.0,522.0,486.0,342.0,325.0,263.0,149.0,62.0,71.0,6.0,0.0,0.0
5002100,2064.0,2203.0,2416.0,2407.0,1929.0,1796.0,1689.0,1543.0,1416.0,1299.0,1037.0,964.0,649.0,670.0,388.0,270.0,225.0,107.0,73.0,36.0,0.0
5002159,673.0,653.0,798.0,795.0,669.0,677.0,663.0,591.0,554.0,480.0,356.0,359.0,234.0,206.0,134.0,84.0,38.0,16.0,5.0,0.0,0.0
5002209,1561.0,1716.0,1924.0,1719.0,1627.0,1804.0,1652.0,1437.0,1339.0,1226.0,926.0,899.0,490.0,488.0,346.0,219.0,142.0,42.0,24.0,5.0,0.0
5002308,961.0,964.0,1067.0,1097.0,1054.0,1111.0,999.0,897.0,817.0,739.0,612.0,514.0,272.0,291.0,190.0,109.0,79.0,39.0,9.0,6.0,0.0
5002407,2456.0,2425.0,2557.0,2488.0,2338.0,2181.0,1990.0,1861.0,1630.0,1426.0,1127.0,874.0,837.0,460.0,479.0,289.0,215.0,92.0,17.0,12.0,13.0
5002605,904.0,992.0,1175.0,1244.0,1052.0,1099.0,1102.0,1025.0,1019.0,938.0,764.0,670.0,488.0,383.0,324.0,267.0,104.0,53.0,18.0,4.0,0.0
5002704,56696.0,56371.0,64688.0,70555.0,73853.0,73012.0,67403.0,60235.0,55628.0,52156.0,43280.0,34424.0,25911.0,18097.0,14329.0,9606.0,5950.0,2850.0,1302.0,401.0,50.0
5002803,410.0,459.0,574.0,554.0,506.0,459.0,430.0,365.0,328.0,324.0,250.0,217.0,142.0,148.0,108.0,64.0,43.0,3.0,6.0,9.0,0.0
5002902,1291.0,1505.0,1626.0,1747.0,1662.0,1690.0,1608.0,1586.0,1463.0,1359.0,1216.0,1144.0,934.0,744.0,562.0,440.0,194.0,134.0,42.0,18.0,0.0
5002951,1625.0,1602.0,1773.0,1848.0,1957.0,2097.0,1784.0,1583.0,1590.0,1278.0,947.0,596.0,377.0,230.0,216.0,100.0,30.0,5.0,10.0,0.0,0.0
5003108,347.0,401.0,455.0,424.0,318.0,361.0,381.0,348.0,330.0,338.0,324.0,240.0,189.0,144.0,141.0,58.0,28.0,18.0,9.0,8.0,0.0
5003157,1406.0,1635.0,1740.0,1452.0,1146.0,1126.0,990.0,898.0,782.0,682.0,490.0,526.0,324.0,314.0,256.0,168.0,84.0,36.0,0.0,8.0,0.0
5003207,8865.0,9472.0,10588.0,10187.0,9260.0,8871.0,8069.0,7246.0,6646.0,6140.0,5070.0,3816.0,3268.0,2320.0,1660.0,1103.0,616.0,382.0,71.0,43.0,9.0
5003256,1459.0,1446.0,1748.0,1770.0,1816.0,1893.0,1716.0,1484.0,1421.0,1238.0,1120.0,744.0,595.0,478.0,372.0,171.0,125.0,61.0,14.0,17.0,8.0
5003306,2202.0,2453.0,2863.0,2924.0,2834.0,2830.0,2740.0,2458.0,2256.0,2096.0,1659.0,1359.0,1050.0,811.0,722.0,423.0,344.0,129.0,6.0,0.0,0.0
5003454,920.0,916.0,1046.0,1127.0,1002.0,1021.0,841.0,857.0,857.0,849.0,653.0,573.0,419.0,347.0,272.0,178.0,111.0,103.0,34.0,12.0,0.0
5003488,804.0,952.0,1112.0,1085.0,868.0,815.0,811.0,723.0,677.0,624.0,480.0,424.0,311.0,271.0,143.0,150.0,58.0,39.0,15.0,0.0,0.0
5003504,425.0,466.0,538.0,494.0,436.0,418.0,393.0,362.0,353.0,364.0,270.0,234.0,186.0,150.0,100.0,64.0,60.0,41.0,6.0,0.0,5.0
5003702,15331.0,15307.0,17298.0,17978.0,18620.0,18293.0,16157.0,14718.0,13720.0,12518.0,10471.0,8035.0,5915.0,4313.0,3189.0,2008.0,1211.0,568.0,312.0,53.0,19.0
5003751,901.0,1005.0,1059.0,1203.0,990.0,945.0,919.0,875.0,832.0,733.0,533.0,471.0,372.0,316.0,222.0,167.0,80.0,40.0,31.0,0.0,0.0
5003801,1225.0,1263.0,1512.0,1625.0,1502.0,1377.0,1297.0,1386.0,1465.0,1437.0,1128.0,1064.0,858.0,626.0,541.0,336.0,216.0,110.0,46.0,17.0,5.0
5003900,231.0,229.0,248.0,239.0,214.0,277.0,268.0,242.0,209.0,202.0,145.0,139.0,83.0,92.0,68.0,32.0,4.0,7.0,0.0,0.0,0.0
5004007,639.0,672.0,830.0,829.0,811.0,771.0,735.0,722.0,739.0,716.0,575.0,523.0,374.0,349.0,251.0,176.0,131.0,54.0,13.0,16.0,0.0
5004106,783.0,888.0,999.0,964.0,800.0,775.0,763.0,678.0,588.0,638.0,572.0,494.0,388.0,361.0,299.0,171.0,108.0,65.0,17.0,10.0,5.0
5004304,1192.0,1334.0,1502.0,1485.0,1270.0,1221.0,1221.0,1115.0,951.0,920.0,726.0,510.0,512.0,333.0,226.0,171.0,91.0,62.0,24.0,10.0,0.0
5004403,556.0,570.0,691.0,652.0,582.0,647.0,632.0,590.0,561.0,520.0,460.0,362.0,279.0,205.0,220.0,77.0,44.0,10.0,10.0,0.0,0.0
5004502,1904.0,2159.0,2089.0,2041.0,1693.0,1681.0,1511.0,1413.0,1265.0,1210.0,945.0,874.0,622.0,494.0,383.0,213.0,185.0,88.0,69.0,20.0,5.0
5004601,1469.0,1669.0,1943.0,1931.0,1473.0,1389.0,1462.0,1385.0,1311.0,1132.0,906.0,815.0,518.0,519.0,327.0,181.0,105.0,63.0,9.0,6.0,0.0
5004700,1526.0,1526.0,1875.0,2099.0,1865.0,1772.0,1683.0,1747.0,1685.0,1594.0,1253.0,976.0,907.0,699.0,619.0,318.0,128.0,50.0,12.0,8.0,0.0
5004809,1038.0,1047.0,988.0,782.0,633.0,530.0,464.0,433.0,371.0,343.0,279.0,204.0,149.0,192.0,133.0,80.0,26.0,31.0,9.0,0.0,0.0
5004908,432.0,471.0,555.0,499.0,432.0,411.0,421.0,469.0,481.0,472.0,404.0,393.0,301.0,246.0,141.0,108.0,73.0,20.0,5.0,3.0,3.0
5005004,1930.0,2065.0,2374.0,2225.0,1938.0,2036.0,1835.0,1715.0,1606.0,1442.0,1324.0,1038.0,802.0,696.0,577.0,355.0,179.0,136.0,36.0,28.0,9.0
5005103,303.0,327.0,358.0,330.0,377.0,358.0,307.0,321.0,300.0,279.0,199.0,159.0,129.0,90.0,65.0,59.0,30.0,16.0,4.0,0.0,0.0
5005152,480.0,548.0,643.0,598.0,485.0,418.0,417.0,416.0,375.0,341.0,260.0,197.0,160.0,197.0,155.0,103.0,61.0,38.0,9.0,0.0,0.0
5005202,1752.0,1992.0,2268.0,1961.0,1798.0,1666.0,1424.0,1368.0,1207.0,1148.0,850.0,598.0,529.0,321.0,287.0,185.0,142.0,94.0,17.0,10.0,0.0
5005251,644.0,619.0,705.0,623.0,539.0,513.0,535.0,392.0,404.0,393.0,288.0,242.0,173.0,148.0,106.0,87.0,43.0,27.0,7.0,3.0,0.0
5005400,2891.0,3028.0,3603.0,3770.0,3752.0,3680.0,3244.0,2777.0,2629.0,2312.0,1680.0,1356.0,930.0,683.0,449.0,265.0,224.0,44.0,88.0,0.0,0.0
5005608,2361.0,2439.0,2659.0,2460.0,2163.0,2119.0,2072.0,1843.0,1588.0,1413.0,1126.0,977.0,686.0,659.0,463.0,264.0,145.0,98.0,45.0,16.0,0.0
5005681,1166.0,1253.0,1522.0,1683.0,1426.0,1248.0,1339.0,1241.0,1239.0,1067.0,913.0,777.0,649.0,523.0,400.0,301.0,201.0,82.0,9.0,0.0,4.0
5005707,3598.0,3684.0,4172.0,4291.0,4427.0,4279.0,4093.0,3634.0,3442.0,2971.0,2283.0,1600.0,1339.0,891.0,793.0,464.0,328.0,82.0,44.0,0.0,9.0
5005806,1223.0,1345.0,1507.0,1369.0,1112.0,1160.0,1063.0,1112.0,952.0,819.0,758.0,648.0,479.0,288.0,285.0,138.0,81.0,21.0,13.0,18.0,0.0
5006002,1543.0,1418.0,1491.0,1498.0,1740.0,1585.0,1440.0,1221.0,1150.0,1023.0,775.0,549.0,385.0,221.0,140.0,155.0,71.0,23.0,5.0,0.0,0.0
5006200,3655.0,3680.0,3822.0,4028.0,4040.0,4095.0,3883.0,3542.0,3317.0,3030.0,2172.0,2076.0,1283.0,1127.0,882.0,505.0,283.0,108.0,46.0,0.0,11.0
5006259,357.0,377.0,474.0,518.0,417.0,350.0,363.0,335.0,373.0,338.0,288.0,196.0,163.0,168.0,103.0,78.0,25.0,3.0,12.0,2.0,0.0
5006275,0.0,0.0,0.0,0.0,0.0,0.0,0.0,0.0,0.0,0.0,0.0,0.0,0.0,0.0,0.0,0.0,0.0,0.0,0.0,0.0,0.0
5006309,2586.0,2731.0,3349.0,3443.0,3394.0,3285.0,3219.0,3011.0,2940.0,2566.0,2435.0,2104.0,1494.0,1392.0,1000.0,590.0,385.0,172.0,67.0,19.0,11.0
5006358,1686.0,1652.0,1529.0,1277.0,1035.0,937.0,868.0,680.0,607.0,458.0,335.0,334.0,292.0,220.0,147.0,134.0,60.0,44.0,44.0,10.0,0.0
5006408,530.0,626.0,710.0,759.0,653.0,600.0,579.0,616.0,566.0,526.0,458.0,316.0,255.0,301.0,229.0,130.0,64.0,26.0,23.0,0.0,0.0
5006606,6967.0,7432.0,8075.0,7702.0,6721.0,6648.0,6033.0,5409.0,4864.0,4506.0,3652.0,2917.0,2044.0,1802.0,1336.0,793.0,535.0,280.0,121.0,34.0,0.0
5006903,1430.0,1496.0,1671.0,1548.0,1420.0,1376.0,1197.0,1087.0,925.0,815.0,630.0,521.0,392.0,305.0,213.0,150.0,104.0,52.0,29.0,10.0,0.0
5007109,1810.0,1886.0,2063.0,2025.0,1903.0,1987.0,1814.0,1613.0,1500.0,1302.0,924.0,815.0,483.0,289.0,295.0,130.0,37.0,37.0,33.0,0.0,0.0
5007208,2751.0,2734.0,2891.0,2786.0,3023.0,3034.0,2677.0,2247.0,2015.0,1847.0,1375.0,1171.0,722.0,558.0,374.0,203.0,143.0,89.0,23.0,0.0,0.0
5007307,345.0,397.0,425.0,422.0,342.0,357.0,360.0,374.0,398.0,352.0,303.0,202.0,201.0,206.0,137.0,120.0,39.0,31.0,14.0,6.0,5.0
5007406,1441.0,1556.0,1635.0,1705.0,1530.0,1542.0,1458.0,1343.0,1317.0,1217.0,1052.0,933.0,656.0,535.0,436.0,245.0,157.0,81.0,28.0,23.0,0.0
5007505,357.0,424.0,455.0,394.0,350.0,380.0,386.0,383.0,334.0,337.0,281.0,235.0,198.0,177.0,114.0,72.0,33.0,7.0,3.0,2.0,6.0
5007554,562.0,610.0,749.0,660.0,586.0,581.0,620.0,633.0,537.0,445.0,350.0,255.0,234.0,185.0,135.0,74.0,30.0,13.0,0.0,0.0,0.0
5007695,1741.0,1831.0,1983.0,2030.0,2089.0,2148.0,1854.0,1734.0,1609.0,1485.0,1170.0,824.0,656.0,379.0,354.0,173.0,79.0,64.0,0.0,0.0,0.0
5007703,874.0,918.0,1012.0,1132.0,848.0,734.0,774.0,798.0,735.0,630.0,461.0,560.0,318.0,377.0,304.0,158.0,111.0,20.0,13.0,0.0,4.0
5007802,414.0,453.0,613.0,593.0,502.0,521.0,536.0,444.0,471.0,415.0,398.0,248.0,186.0,185.0,159.0,62.0,46.0,29.0,9.0,0.0,3.0
5007901,3588.0,3629.0,4246.0,3978.0,3752.0,3737.0,3396.0,2974.0,2829.0,2606.0,2136.0,1775.0,1377.0,830.0,505.0,385.0,202.0,94.0,49.0,43.0,0.0
5007935,1259.0,1379.0,1499.0,1368.0,1507.0,1570.0,1399.0,1143.0,1037.0,862.0,549.0,492.0,223.0,216.0,157.0,113.0,28.0,19.0,14.0,0.0,0.0
5007950,1142.0,1205.0,1271.0,1077.0,815.0,795.0,690.0,631.0,563.0,471.0,385.0,310.0,212.0,247.0,153.0,136.0,91.0,15.0,7.0,0.0,0.0
5007976,282.0,293.0,292.0,328.0,263.0,288.0,308.0,242.0,250.0,211.0,180.0,178.0,118.0,85.0,93.0,40.0,39.0,27.0,0.0,0.0,0.0
5008008,1244.0,1484.0,1570.0,1441.0,1304.0,1304.0,1316.0,1209.0,1186.0,1218.0,1038.0,896.0,599.0,611.0,274.0,241.0,128.0,69.0,14.0,0.0,0.0
5008305,7762.0,7708.0,8619.0,8787.0,9496.0,9687.0,8575.0,7693.0,7109.0,6475.0,5530.0,4389.0,3254.0,2403.0,2012.0,1085.0,707.0,367.0,99.0,17.0,18.0
5008404,334.0,412.0,479.0,493.0,435.0,399.0,395.0,385.0,475.0,464.0,408.0,267.0,221.0,214.0,215.0,161.0,84.0,43.0,3.0,14.0,0.0
5100102,368.0,466.0,527.0,530.0,430.0,429.0,403.0,327.0,325.0,322.0,275.0,284.0,279.0,196.0,124.0,108.0,76.0,20.0,14.0,5.0,7.0
5100201,1632.0,1807.0,1926.0,1957.0,1883.0,1967.0,1956.0,1684.0,1543.0,1266.0,1099.0,639.0,514.0,428.0,283.0,149.0,89.0,34.0,0.0,0.0,0.0
5100250,3730.0,4047.0,4581.0,4836.0,4300.0,4235.0,4007.0,3856.0,3702.0,3418.0,2521.0,2005.0,1278.0,1049.0,689.0,584.0,264.0,45.0,18.0,0.0,0.0
5100300,1214.0,1255.0,1319.0,1341.0,1347.0,1441.0,1374.0,1165.0,1068.0,1054.0,801.0,690.0,481.0,404.0,288.0,166.0,149.0,78.0,0.0,5.0,5.0
5100359,504.0,591.0,579.0,496.0,417.0,453.0,443.0,392.0,296.0,274.0,245.0,174.0,123.0,79.0,59.0,45.0,29.0,37.0,9.0,2.0,0.0
5100409,727.0,882.0,849.0,846.0,821.0,1007.0,944.0,831.0,718.0,650.0,554.0,402.0,424.0,186.0,161.0,202.0,88.0,23.0,31.0,0.0,4.0
5100508,783.0,868.0,933.0,944.0,830.0,799.0,750.0,705.0,634.0,674.0,527.0,455.0,302.0,368.0,208.0,102.0,68.0,69.0,32.0,10.0,5.0
5100607,697.0,725.0,854.0,673.0,849.0,857.0,823.0,648.0,554.0,446.0,316.0,241.0,131.0,109.0,68.0,45.0,31.0,5.0,0.0,0.0,0.0
5100805,752.0,815.0,834.0,848.0,761.0,672.0,599.0,656.0,641.0,652.0,474.0,302.0,254.0,118.0,92.0,59.0,20.0,19.0,0.0,0.0,0.0
5101001,226.0,243.0,275.0,282.0,253.0,253.0,285.0,272.0,234.0,202.0,159.0,151.0,126.0,105.0,81.0,25.0,16.0,5.0,3.0,0.0,0.0
5101209,67.0,83.0,97.0,96.0,60.0,78.0,78.0,91.0,93.0,68.0,57.0,59.0,41.0,47.0,32.0,18.0,16.0,7.0,7.0,1.0,0.0
5101258,1175.0,1261.0,1446.0,1419.0,1499.0,1392.0,1377.0,1173.0,1118.0,870.0,655.0,622.0,465.0,305.0,277.0,171.0,83.0,15.0,18.0,0.0,0.0
5101308,746.0,846.0,877.0,1024.0,880.0,869.0,827.0,698.0,703.0,720.0,583.0,396.0,345.0,274.0,219.0,152.0,56.0,52.0,26.0,11.0,11.0
5101407,1818.0,1706.0,2059.0,1871.0,1709.0,1753.0,1680.0,1571.0,1271.0,991.0,660.0,635.0,376.0,233.0,102.0,123.0,61.0,20.0,7.0,10.0,0.0
5101605,561.0,659.0,660.0,658.0,653.0,566.0,576.0,548.0,511.0,498.0,400.0,334.0,319.0,254.0,166.0,130.0,74.0,10.0,6.0,5.0,3.0
5101704,2726.0,2863.0,3170.0,3208.0,3050.0,2882.0,2788.0,2465.0,2116.0,1737.0,1335.0,1084.0,765.0,621.0,486.0,218.0,147.0,64.0,43.0,26.0,0.0
5101803,3920.0,4476.0,5049.0,5344.0,5116.0,4897.0,4803.0,4446.0,3966.0,3581.0,3239.0,2215.0,1726.0,1452.0,1116.0,510.0,459.0,131.0,70.0,44.0,0.0
5101852,469.0,498.0,555.0,477.0,442.0,508.0,498.0,407.0,369.0,293.0,207.0,212.0,162.0,91.0,77.0,26.0,8.0,10.0,6.0,0.0,0.0
5101902,1418.0,1479.0,1538.0,1510.0,1416.0,1418.0,1350.0,1207.0,1040.0,822.0,702.0,527.0,326.0,293.0,177.0,76.0,46.0,5.0,0.0,6.0,0.0
5102504,7110.0,7930.0,8400.0,8376.0,8084.0,7526.0,7178.0,6451.0,5799.0,4897.0,4246.0,3550.0,2670.0,2042.0,1534.0,1101.0,561.0,306.0,117.0,43.0,22.0
5102603,2188.0,2009.0,1539.0,1177.0,1152.0,1170.0,1041.0,898.0,710.0,581.0,419.0,361.0,303.0,228.0,127.0,70.0,79.0,129.0,81.0,27.0,15.0
5102637,2535.0,2389.0,2638.0,2575.0,2951.0,2984.0,2764.0,2392.0,2012.0,1579.0,1042.0,719.0,440.0,257.0,133.0,87.0,42.0,29.0,10.0,0.0,0.0
5102678,2665.0,2835.0,2991.0,2997.0,2999.0,3176.0,2904.0,2585.0,2288.0,1883.0,1406.0,1076.0,658.0,417.0,343.0,153.0,165.0,33.0,8.0,8.0,0.0
5102686,498.0,507.0,534.0,504.0,494.0,523.0,491.0,423.0,394.0,323.0,167.0,152.0,95.0,29.0,6.0,8.0,6.0,0.0,0.0,0.0,0.0
5102694,462.0,488.0,488.0,462.0,383.0,431.0,379.0,377.0,325.0,234.0,216.0,167.0,152.0,90.0,65.0,34.0,24.0,6.0,3.0,0.0,0.0
5102702,1729.0,1690.0,1733.0,1740.0,1618.0,1755.0,1675.0,1387.0,1266.0,1165.0,961.0,748.0,449.0,300.0,211.0,172.0,84.0,49.0,22.0,0.0,0.0
5102793,743.0,931.0,1144.0,1024.0,777.0,773.0,794.0,832.0,813.0,737.0,512.0,553.0,343.0,391.0,308.0,183.0,95.0,26.0,11.0,0.0,0.0
5102850,635.0,741.0,826.0,775.0,697.0,647.0,687.0,601.0,558.0,552.0,374.0,409.0,276.0,188.0,118.0,74.0,36.0,23.0,14.0,0.0,0.0
5103007,1391.0,1497.0,1788.0,1629.0,1433.0,1451.0,1448.0,1248.0,1193.0,1035.0,898.0,801.0,709.0,521.0,399.0,166.0,99.0,86.0,29.0,0.0,0.0
5103056,924.0,981.0,1219.0,1069.0,931.0,907.0,952.0,886.0,791.0,696.0,494.0,410.0,276.0,220.0,155.0,76.0,30.0,0.0,11.0,0.0,0.0
5103106,413.0,511.0,503.0,504.0,439.0,458.0,508.0,429.0,401.0,338.0,286.0,232.0,140.0,160.0,82.0,42.0,27.0,14.0,3.0,0.0,0.0
5103205,2161.0,2337.0,2709.0,3063.0,2619.0,2632.0,2476.0,2453.0,2287.0,2122.0,1504.0,1250.0,942.0,832.0,637.0,363.0,260.0,68.0,43.0,0.0,8.0
5103254,2555.0,2749.0,2834.0,2686.0,2388.0,2426.0,2324.0,1989.0,1654.0,1476.0,1085.0,903.0,554.0,363.0,165.0,161.0,51.0,17.0,0.0,0.0,0.0
5103304,1754.0,1761.0,1828.0,1738.0,1679.0,1659.0,1533.0,1293.0,1155.0,1047.0,790.0,634.0,452.0,350.0,183.0,168.0,85.0,38.0,26.0,5.0,0.0
5103353,2200.0,2513.0,2645.0,2454.0,2254.0,2247.0,2176.0,1871.0,1629.0,1335.0,1106.0,904.0,707.0,463.0,305.0,205.0,79.0,32.0,0.0,0.0,0.0
5103361,275.0,313.0,322.0,358.0,328.0,359.0,265.0,268.0,212.0,168.0,131.0,114.0,97.0,62.0,59.0,21.0,27.0,3.0,3.0,0.0,0.0
5103379,1468.0,1607.0,1627.0,1472.0,1324.0,1333.0,1283.0,1159.0,980.0,803.0,664.0,489.0,363.0,220.0,106.0,35.0,33.0,17.0,0.0,0.0,0.0
5103403,40619.0,40423.0,45449.0,49082.0,55651.0,55210.0,50824.0,43333.0,38848.0,34897.0,30231.0,21780.0,16239.0,10872.0,8486.0,4328.0,2795.0,1221.0,570.0,157.0,84.0
5103437,354.0,407.0,451.0,434.0,391.0,412.0,390.0,342.0,346.0,301.0,288.0,177.0,153.0,137.0,114.0,98.0,38.0,22.0,9.0,2.0,0.0
5103452,746.0,829.0,876.0,789.0,742.0,825.0,831.0,702.0,570.0,434.0,313.0,258.0,199.0,147.0,123.0,64.0,46.0,21.0,8.0,0.0,0.0
5103502,1630.0,1751.0,1958.0,1957.0,1985.0,1832.0,1649.0,1592.0,1440.0,1189.0,974.0,792.0,522.0,434.0,320.0,192.0,70.0,39.0,6.0,9.0,0.0
5103601,590.0,607.0,704.0,664.0,645.0,648.0,641.0,628.0,572.0,522.0,463.0,358.0,351.0,260.0,199.0,160.0,91.0,53.0,15.0,0.0,0.0
5103700,1185.0,1244.0,1277.0,1072.0,910.0,999.0,982.0,799.0,689.0,580.0,440.0,317.0,193.0,117.0,69.0,56.0,0.0,0.0,0.0,0.0,4.0
5103809,249.0,290.0,343.0,349.0,347.0,286.0,325.0,278.0,276.0,210.0,220.0,152.0,159.0,98.0,123.0,32.0,35.0,18.0,6.0,0.0,0.0
5103858,601.0,690.0,676.0,602.0,545.0,586.0,497.0,434.0,422.0,329.0,267.0,191.0,155.0,110.0,150.0,32.0,5.0,0.0,0.0,0.0,0.0
5103908,548.0,527.0,494.0,491.0,376.0,396.0,366.0,338.0,313.0,268.0,222.0,200.0,181.0,118.0,86.0,51.0,26.0,23.0,3.0,0.0,0.0
5103957,211.0,234.0,288.0,253.0,212.0,254.0,233.0,238.0,269.0,210.0,207.0,134.0,126.0,92.0,62.0,52.0,29.0,15.0,7.0,8.0,0.0
5104104,2520.0,2492.0,2899.0,3327.0,3416.0,2819.0,2362.0,2297.0,2531.0,2273.0,1690.0,1149.0,824.0,638.0,516.0,294.0,117.0,44.0,8.0,0.0,0.0
5104203,843.0,1025.0,1181.0,1165.0,1109.0,1035.0,1067.0,1000.0,987.0,915.0,811.0,773.0,590.0,551.0,377.0,262.0,145.0,60.0,12.0,21.0,5.0
5104500,184.0,248.0,205.0,200.0,218.0,199.0,201.0,176.0,153.0,149.0,125.0,93.0,78.0,61.0,50.0,44.0,9.0,3.0,0.0,0.0,1.0
5104526,447.0,464.0,484.0,471.0,490.0,538.0,505.0,427.0,381.0,321.0,234.0,135.0,80.0,73.0,40.0,17.0,9.0,6.0,0.0,0.0,0.0
5104542,450.0,514.0,519.0,510.0,467.0,475.0,434.0,388.0,377.0,334.0,318.0,189.0,143.0,84.0,34.0,17.0,11.0,6.0,3.0,2.0,0.0
5104559,368.0,415.0,487.0,422.0,398.0,387.0,380.0,315.0,311.0,299.0,216.0,196.0,141.0,93.0,83.0,30.0,14.0,11.0,9.0,0.0,0.0
5104609,908.0,991.0,1062.0,977.0,1021.0,1112.0,1071.0,991.0,855.0,737.0,581.0,392.0,278.0,218.0,165.0,61.0,24.0,19.0,9.0,0.0,5.0
5104807,1917.0,2070.0,2364.0,2262.0,2289.0,2242.0,2217.0,2072.0,1899.0,1651.0,1217.0,1108.0,790.0,531.0,402.0,297.0,175.0,79.0,43.0,23.0,0.0
5104906,601.0,706.0,891.0,745.0,686.0,571.0,611.0,509.0,507.0,393.0,394.0,243.0,216.0,250.0,172.0,90.0,49.0,21.0,30.0,5.0,7.0
5105002,869.0,915.0,1078.0,1011.0,859.0,834.0,800.0,738.0,689.0,547.0,569.0,391.0,317.0,334.0,197.0,128.0,112.0,34.0,24.0,3.0,6.0
5105101,2769.0,2771.0,3210.0,3128.0,3008.0,2955.0,2735.0,2557.0,2381.0,2115.0,1568.0,1137.0,714.0,709.0,591.0,177.0,205.0,32.0,20.0,0.0,9.0
5105150,3087.0,3301.0,3913.0,3887.0,3351.0,3326.0,3330.0,3128.0,2860.0,2415.0,1802.0,1568.0,1210.0,812.0,689.0,364.0,137.0,28.0,30.0,0.0,16.0
5105176,998.0,1155.0,1259.0,1049.0,981.0,998.0,965.0,907.0,809.0,635.0,459.0,343.0,251.0,164.0,122.0,27.0,68.0,4.0,3.0,4.0,0.0
5105200,786.0,859.0,993.0,1039.0,892.0,897.0,939.0,909.0,830.0,738.0,601.0,522.0,372.0,439.0,294.0,197.0,75.0,24.0,15.0,9.0,0.0
5105234,473.0,479.0,486.0,571.0,492.0,500.0,465.0,433.0,352.0,288.0,305.0,150.0,125.0,133.0,73.0,53.0,40.0,8.0,4.0,0.0,0.0
5105259,3918.0,3726.0,3843.0,4108.0,5773.0,5878.0,4662.0,3644.0,3045.0,2460.0,1755.0,1020.0,670.0,448.0,255.0,181.0,119.0,40.0,10.0,0.0,0.0
5105309,180.0,220.0,235.0,206.0,204.0,161.0,162.0,143.0,131.0,121.0,99.0,134.0,58.0,46.0,40.0,42.0,20.0,10.0,10.0,2.0,0.0
5105507,1494.0,1547.0,1567.0,1420.0,1297.0,1288.0,1180.0,982.0,877.0,747.0,651.0,462.0,346.0,283.0,208.0,69.0,30.0,27.0,8.0,6.0,5.0
5105580,1082.0,1045.0,1329.0,1199.0,995.0,960.0,959.0,967.0,861.0,763.0,628.0,395.0,324.0,225.0,165.0,84.0,18.0,6.0,0.0,0.0,0.0
5105606,1084.0,1217.0,1564.0,1458.0,1217.0,1152.0,1082.0,1066.0,1085.0,923.0,677.0,560.0,443.0,253.0,210.0,116.0,50.0,18.0,0.0,0.0,0.0
5105622,1924.0,2052.0,2166.0,2334.0,2373.0,2384.0,2090.0,1937.0,1821.0,1583.0,1214.0,1092.0,889.0,458.0,367.0,320.0,175.0,108.0,7.0,6.0,0.0
5105903,1289.0,1425.0,1389.0,1356.0,1260.0,1226.0,1307.0,976.0,970.0,914.0,676.0,603.0,471.0,421.0,318.0,205.0,100.0,60.0,30.0,0.0,5.0
5106000,478.0,520.0,557.0,674.0,563.0,473.0,453.0,464.0,457.0,450.0,325.0,294.0,212.0,179.0,135.0,87.0,73.0,19.0,9.0,7.0,6.0
5106109,789.0,955.0,1082.0,1073.0,877.0,862.0,854.0,768.0,721.0,695.0,637.0,580.0,486.0,436.0,274.0,296.0,137.0,64.0,22.0,0.0,0.0
5106158,862.0,952.0,1231.0,1139.0,939.0,952.0,973.0,1020.0,959.0,745.0,634.0,380.0,317.0,230.0,136.0,101.0,49.0,9.0,9.0,4.0,0.0
5106174,382.0,413.0,319.0,280.0,243.0,230.0,226.0,206.0,137.0,118.0,114.0,77.0,75.0,69.0,14.0,51.0,45.0,6.0,0.0,20.0,3.0
5106182,501.0,559.0,526.0,512.0,472.0,518.0,469.0,418.0,361.0,314.0,210.0,198.0,184.0,103.0,63.0,17.0,5.0,0.0,6.0,0.0,0.0
5106190,260.0,296.0,329.0,356.0,278.0,274.0,265.0,264.0,254.0,228.0,188.0,129.0,103.0,105.0,58.0,47.0,22.0,10.0,2.0,0.0,0.0
5106208,329.0,385.0,448.0,372.0,394.0,401.0,360.0,331.0,290.0,275.0,280.0,213.0,166.0,137.0,94.0,56.0,38.0,13.0,3.0,0.0,3.0
5106216,884.0,1018.0,1123.0,1182.0,927.0,1033.0,927.0,979.0,895.0,792.0,617.0,486.0,406.0,315.0,240.0,179.0,95.0,24.0,0.0,5.0,0.0
5106224,2699.0,2597.0,2756.0,3056.0,4009.0,3935.0,3067.0,2551.0,2048.0,1683.0,1156.0,873.0,370.0,410.0,145.0,185.0,75.0,28.0,0.0,6.0,0.0
5106232,1597.0,1670.0,1972.0,1828.0,1620.0,1508.0,1527.0,1479.0,1281.0,922.0,764.0,427.0,314.0,304.0,107.0,72.0,79.0,14.0,20.0,10.0,0.0
5106240,827.0,882.0,879.0,905.0,844.0,932.0,796.0,701.0,679.0,589.0,445.0,303.0,177.0,133.0,69.0,16.0,15.0,19.0,7.0,0.0,0.0
5106257,1356.0,1551.0,1719.0,1860.0,1707.0,1708.0,1616.0,1504.0,1442.0,1262.0,1030.0,859.0,708.0,520.0,364.0,252.0,94.0,48.0,23.0,19.0,0.0
5106265,589.0,664.0,841.0,746.0,582.0,546.0,562.0,511.0,556.0,529.0,396.0,287.0,223.0,131.0,66.0,45.0,34.0,21.0,3.0,0.0,0.0
5106273,237.0,270.0,336.0,359.0,278.0,262.0,258.0,300.0,281.0,287.0,234.0,170.0,120.0,135.0,108.0,80.0,27.0,4.0,3.0,0.0,0.0
5106281,457.0,488.0,568.0,509.0,452.0,499.0,546.0,488.0,450.0,379.0,324.0,293.0,199.0,154.0,130.0,67.0,27.0,9.0,3.0,0.0,0.0
5106299,742.0,879.0,1030.0,1007.0,858.0,826.0,780.0,791.0,848.0,791.0,664.0,515.0,307.0,284.0,196.0,101.0,42.0,19.0,4.0,0.0,0.0
5106307,1654.0,1719.0,1848.0,1767.0,1758.0,1723.0,1591.0,1522.0,1346.0,1123.0,998.0,585.0,497.0,446.0,368.0,217.0,91.0,14.0,11.0,12.0,0.0
5106315,181.0,197.0,199.0,193.0,153.0,164.0,179.0,128.0,126.0,121.0,95.0,102.0,60.0,39.0,31.0,23.0,6.0,6.0,0.0,0.0,1.0
5106372,1189.0,1273.0,1460.0,1367.0,1242.0,1351.0,1378.0,1330.0,1144.0,917.0,817.0,681.0,490.0,462.0,306.0,194.0,73.0,58.0,17.0,6.0,0.0
5106422,2704.0,2981.0,3471.0,3292.0,2682.0,2363.0,2106.0,1903.0,2160.0,2062.0,1668.0,1259.0,866.0,580.0,385.0,171.0,91.0,29.0,17.0,12.0,11.0
5106455,249.0,247.0,251.0,246.0,207.0,212.0,207.0,223.0,192.0,156.0,144.0,117.0,93.0,64.0,43.0,51.0,9.0,5.0,4.0,0.0,5.0
5106505,2551.0,2819.0,3204.0,3070.0,2818.0,2644.0,2323.0,2204.0,2002.0,1772.0,1359.0,1481.0,1009.0,911.0,613.0,471.0,289.0,147.0,49.0,43.0,0.0
5106653,376.0,434.0,479.0,459.0,498.0,483.0,457.0,467.0,407.0,322.0,252.0,252.0,188.0,120.0,94.0,63.0,37.0,8.0,0.0,0.0,0.0
5106703,108.0,126.0,149.0,171.0,94.0,111.0,146.0,102.0,116.0,138.0,112.0,96.0,67.0,89.0,56.0,50.0,26.0,7.0,4.0,0.0,0.0
5106752,3521.0,3606.0,3861.0,3943.0,3895.0,3973.0,3504.0,3124.0,2934.0,2545.0,2013.0,1388.0,976.0,843.0,538.0,337.0,291.0,73.0,43.0,0.0,0.0
5106778,974.0,1041.0,1154.0,987.0,942.0,968.0,886.0,821.0,644.0,561.0,493.0,369.0,315.0,219.0,167.0,116.0,38.0,37.0,17.0,0.0,0.0
5106802,438.0,516.0,527.0,493.0,449.0,468.0,435.0,428.0,378.0,340.0,326.0,209.0,174.0,91.0,108.0,51.0,15.0,4.0,0.0,0.0,0.0
5106828,891.0,1040.0,1147.0,1160.0,864.0,929.0,898.0,859.0,775.0,599.0,494.0,474.0,300.0,224.0,196.0,102.0,47.0,18.0,15.0,0.0,0.0
5106851,276.0,308.0,415.0,391.0,252.0,245.0,279.0,252.0,217.0,184.0,214.0,176.0,115.0,128.0,83.0,41.0,45.0,17.0,4.0,7.0,0.0
5107008,1412.0,1386.0,1640.0,1532.0,1330.0,1234.0,1163.0,1241.0,1182.0,1189.0,1067.0,950.0,656.0,662.0,393.0,302.0,157.0,61.0,21.0,5.0,16.0
5107040,4078.0,4319.0,4656.0,5089.0,5256.0,5591.0,4990.0,4290.0,3842.0,3132.0,2361.0,1679.0,948.0,806.0,534.0,259.0,133.0,79.0,24.0,0.0,0.0
5107065,1193.0,1300.0,1299.0,1216.0,1213.0,1353.0,1199.0,975.0,851.0,745.0,627.0,428.0,289.0,153.0,105.0,57.0,19.0,6.0,6.0,0.0,0.0
5107107,1290.0,1345.0,1623.0,1754.0,1627.0,1603.0,1537.0,1443.0,1410.0,1220.0,1084.0,904.0,633.0,577.0,440.0,230.0,126.0,89.0,30.0,31.0,0.0
5107156,206.0,201.0,233.0,257.0,207.0,218.0,214.0,214.0,184.0,143.0,114.0,62.0,86.0,81.0,53.0,46.0,31.0,7.0,15.0,0.0,0.0
5107180,792.0,796.0,846.0,828.0,722.0,777.0,727.0,681.0,624.0,533.0,369.0,352.0,239.0,243.0,178.0,75.0,55.0,6.0,28.0,9.0,0.0
5107198,159.0,173.0,234.0,192.0,151.0,176.0,204.0,186.0,134.0,126.0,138.0,88.0,76.0,52.0,48.0,39.0,14.0,4.0,2.0,3.0,0.0
5107206,322.0,391.0,398.0,458.0,495.0,450.0,432.0,367.0,332.0,313.0,273.0,213.0,184.0,126.0,154.0,90.0,41.0,19.0,10.0,2.0,0.0
5107248,348.0,383.0,474.0,386.0,351.0,372.0,345.0,316.0,272.0,219.0,187.0,149.0,110.0,61.0,40.0,36.0,24.0,2.0,10.0,0.0,0.0
5107263,225.0,244.0,261.0,295.0,220.0,248.0,226.0,218.0,220.0,210.0,148.0,114.0,130.0,88.0,52.0,32.0,46.0,11.0,2.0,0.0,0.0
5107297,191.0,235.0,301.0,329.0,266.0,223.0,263.0,264.0,257.0,256.0,190.0,214.0,201.0,147.0,105.0,85.0,53.0,9.0,4.0,0.0,0.0
5107305,1393.0,1520.0,1704.0,1682.0,1581.0,1585.0,1516.0,1385.0,1249.0,1010.0,712.0,656.0,453.0,302.0,187.0,89.0,68.0,32.0,0.0,0.0,0.0
5107354,523.0,529.0,549.0,527.0,457.0,531.0,473.0,380.0,324.0,296.0,192.0,180.0,110.0,59.0,75.0,21.0,12.0,0.0,2.0,0.0,0.0
5107404,338.0,387.0,394.0,353.0,320.0,390.0,348.0,357.0,295.0,266.0,187.0,135.0,130.0,87.0,75.0,53.0,21.0,14.0,3.0,2.0,2.0
5107578,412.0,397.0,379.0,358.0,355.0,340.0,262.0,209.0,211.0,181.0,139.0,118.0,78.0,76.0,61.0,16.0,9.0,3.0,0.0,0.0,0.0
5107602,15107.0,14766.0,16516.0,17901.0,18864.0,18607.0,18011.0,15898.0,14422.0,12047.0,9931.0,7189.0,5393.0,4073.0,2830.0,1938.0,1169.0,569.0,202.0,42.0,0.0
5107701,1280.0,1471.0,1756.0,1659.0,1350.0,1400.0,1341.0,1151.0,1107.0,1059.0,913.0,905.0,712.0,595.0,435.0,313.0,120.0,64.0,43.0,4.0,0.0
5107743,183.0,185.0,180.0,180.0,149.0,175.0,139.0,140.0,134.0,127.0,119.0,83.0,48.0,30.0,11.0,12.0,5.0,0.0,0.0,0.0,0.0
5107750,262.0,315.0,381.0,390.0,295.0,330.0,306.0,297.0,283.0,214.0,160.0,178.0,151.0,109.0,121.0,44.0,34.0,22.0,9.0,7.0,0.0
5107768,225.0,233.0,222.0,247.0,265.0,281.0,232.0,182.0,171.0,124.0,114.0,80.0,61.0,22.0,14.0,6.0,10.0,3.0,0.0,0.0,0.0
5107776,728.0,789.0,856.0,777.0,595.0,611.0,552.0,474.0,462.0,346.0,307.0,306.0,198.0,140.0,109.0,84.0,23.0,31.0,6.0,0.0,3.0
5107792,323.0,348.0,427.0,366.0,350.0,348.0,395.0,353.0,278.0,194.0,107.0,107.0,54.0,41.0,18.0,17.0,9.0,13.0,4.0,2.0,0.0
5107800,1452.0,1563.0,1703.0,1590.0,1459.0,1489.0,1428.0,1302.0,1278.0,1067.0,1104.0,772.0,777.0,536.0,409.0,274.0,217.0,25.0,8.0,10.0,0.0
5107859,791.0,1027.0,1123.0,957.0,770.0,875.0,906.0,810.0,704.0,647.0,606.0,432.0,312.0,215.0,181.0,158.0,68.0,27.0,16.0,0.0,0.0
5107875,1797.0,1618.0,1618.0,1584.0,2090.0,2215.0,1983.0,1580.0,1208.0,931.0,599.0,393.0,277.0,115.0,56.0,5.0,21.0,5.0,0.0,0.0,0.0
5107883,106.0,110.0,142.0,109.0,107.0,125.0,121.0,115.0,97.0,76.0,60.0,53.0,55.0,34.0,24.0,25.0,6.0,0.0,0.0,0.0,0.0
5107909,9042.0,9563.0,10999.0,10846.0,11306.0,11037.0,10395.0,9080.0,8304.0,7009.0,5117.0,3649.0,2441.0,1660.0,1152.0,1002.0,351.0,102.0,26.0,19.0,0.0
5107925,5803.0,5894.0,6298.0,6272.0,6673.0,7069.0,6146.0,5228.0,4807.0,4184.0,3158.0,1907.0,1126.0,951.0,416.0,308.0,201.0,28.0,18.0,19.0,14.0
5107941,799.0,840.0,1100.0,969.0,841.0,840.0,895.0,876.0,724.0,620.0,490.0,340.0,264.0,179.0,63.0,43.0,28.0,21.0,0.0,0.0,0.0
5107958,6487.0,6718.0,7474.0,7918.0,8519.0,8098.0,7201.0,6408.0,6064.0,5216.0,4261.0,2743.0,2011.0,1709.0,1087.0,773.0,364.0,243.0,74.0,63.0,0.0
5108006,750.0,803.0,963.0,1098.0,1207.0,1297.0,979.0,787.0,739.0,641.0,425.0,329.0,148.0,105.0,70.0,16.0,17.0,11.0,6.0,0.0,0.0
5108055,771.0,876.0,1166.0,1175.0,901.0,796.0,751.0,784.0,815.0,810.0,652.0,498.0,399.0,376.0,289.0,125.0,70.0,26.0,6.0,4.0,0.0
5108105,251.0,247.0,272.0,280.0,290.0,255.0,223.0,221.0,257.0,278.0,228.0,166.0,108.0,134.0,105.0,49.0,39.0,8.0,4.0,0.0,3.0
5108204,213.0,275.0,315.0,361.0,296.0,287.0,283.0,296.0,367.0,288.0,243.0,245.0,196.0,132.0,133.0,73.0,48.0,10.0,10.0,0.0,0.0
5108303,294.0,380.0,441.0,383.0,350.0,289.0,315.0,302.0,271.0,229.0,183.0,113.0,86.0,50.0,43.0,13.0,13.0,6.0,0.0,0.0,0.0
5108352,232.0,259.0,297.0,287.0,235.0,273.0,259.0,230.0,193.0,191.0,157.0,135.0,97.0,93.0,64.0,22.0,17.0,6.0,5.0,0.0,0.0
5108402,20641.0,20867.0,22996.0,23586.0,25066.0,24654.0,23568.0,20144.0,17611.0,14633.0,11693.0,8983.0,6515.0,4510.0,3153.0,2055.0,1055.0,511.0,250.0,95.0,11.0
5108501,902.0,970.0,1138.0,964.0,847.0,901.0,858.0,779.0,730.0,638.0,496.0,362.0,220.0,219.0,66.0,106.0,30.0,6.0,3.0,0.0,0.0
5108600,1804.0,2024.0,2313.0,2165.0,2031.0,1933.0,1933.0,1584.0,1431.0,1139.0,800.0,756.0,465.0,432.0,310.0,132.0,63.0,37.0,18.0,11.0,0.0
5108808,322.0,409.0,534.0,471.0,336.0,365.0,361.0,357.0,371.0,351.0,287.0,217.0,181.0,134.0,99.0,77.0,34.0,21.0,6.0,0.0,0.0
5108857,254.0,266.0,291.0,287.0,260.0,259.0,263.0,217.0,218.0,152.0,146.0,85.0,76.0,73.0,40.0,30.0,19.0,12.0,2.0,0.0,0.0
5108907,660.0,669.0,724.0,597.0,557.0,610.0,604.0,550.0,442.0,392.0,279.0,210.0,114.0,91.0,44.0,25.0,14.0,8.0,0.0,0.0,0.0
5108956,637.0,706.0,855.0,743.0,667.0,705.0,679.0,689.0,597.0,500.0,376.0,282.0,240.0,166.0,147.0,62.0,24.0,12.0,6.0,0.0,0.0
5200050,505.0,566.0,653.0,651.0,600.0,609.0,581.0,530.0,487.0,430.0,337.0,319.0,204.0,159.0,103.0,80.0,35.0,22.0,6.0,0.0,0.0
5200100,1052.0,1214.0,1469.0,1510.0,1385.0,1282.0,1355.0,1269.0,1138.0,1007.0,763.0,647.0,546.0,421.0,420.0,177.0,59.0,25.0,17.0,0.0,0.0
5200134,1432.0,1718.0,1864.0,1726.0,1787.0,1785.0,1727.0,1634.0,1552.0,1307.0,1046.0,794.0,581.0,549.0,335.0,219.0,103.0,83.0,26.0,10.0,0.0
5200159,157.0,172.0,192.0,210.0,209.0,197.0,180.0,183.0,197.0,174.0,151.0,117.0,102.0,85.0,63.0,38.0,27.0,9.0,13.0,0.0,0.0
5200175,398.0,453.0,509.0,446.0,402.0,437.0,408.0,375.0,369.0,318.0,262.0,228.0,173.0,119.0,75.0,67.0,32.0,17.0,0.0,3.0,0.0
5200209,115.0,113.0,176.0,171.0,156.0,136.0,141.0,162.0,140.0,155.0,113.0,109.0,117.0,87.0,65.0,30.0,14.0,11.0,2.0,0.0,0.0
5200258,15826.0,17026.0,18071.0,15770.0,15062.0,15564.0,15227.0,13848.0,11166.0,7592.0,4929.0,3334.0,2563.0,1454.0,861.0,584.0,336.0,122.0,33.0,10.0,0.0
5200308,1901.0,2153.0,2413.0,2120.0,1880.0,1966.0,2077.0,1821.0,1633.0,1338.0,1013.0,1056.0,861.0,571.0,526.0,190.0,149.0,81.0,31.0,36.0,0.0
5200506,114.0,104.0,169.0,155.0,130.0,134.0,155.0,174.0,160.0,140.0,116.0,126.0,103.0,97.0,70.0,54.0,33.0,8.0,6.0,0.0,4.0
5200555,333.0,353.0,407.0,448.0,433.0,412.0,377.0,402.0,334.0,261.0,163.0,187.0,150.0,66.0,71.0,49.0,31.0,27.0,1.0,0.0,0.0
5200605,589.0,643.0,712.0,614.0,645.0,632.0,650.0,435.0,404.0,378.0,359.0,259.0,187.0,123.0,124.0,74.0,24.0,20.0,6.0,7.0,0.0
5200803,667.0,786.0,848.0,719.0,695.0,722.0,676.0,554.0,515.0,479.0,397.0,256.0,276.0,150.0,190.0,104.0,22.0,15.0,12.0,1.0,0.0
5200829,211.0,293.0,320.0,283.0,262.0,278.0,213.0,230.0,267.0,275.0,234.0,194.0,116.0,94.0,79.0,45.0,22.0,12.0,6.0,0.0,0.0
5200852,319.0,418.0,494.0,438.0,470.0,432.0,489.0,433.0,390.0,349.0,266.0,334.0,170.0,175.0,127.0,104.0,52.0,23.0,16.0,8.0,0.0
5200902,186.0,229.0,318.0,277.0,230.0,195.0,250.0,287.0,308.0,280.0,286.0,177.0,183.0,144.0,117.0,69.0,47.0,19.0,8.0,0.0,0.0
5201108,23723.0,25313.0,29460.0,29242.0,30958.0,29356.0,28461.0,26066.0,24589.0,21872.0,18272.0,14214.0,11183.0,7720.0,6283.0,3588.0,2526.0,1228.0,402.0,129.0,27.0
5201207,65.0,70.0,84.0,80.0,68.0,81.0,82.0,74.0,82.0,69.0,73.0,49.0,55.0,37.0,29.0,10.0,9.0,1.0,0.0,2.0,0.0
5201306,1296.0,1381.0,1623.0,1767.0,1803.0,1735.0,1674.0,1690.0,1560.0,1414.0,1199.0,852.0,732.0,553.0,380.0,286.0,163.0,118.0,7.0,5.0,0.0
5201405,37478.0,38530.0,42140.0,42776.0,45855.0,47039.0,43849.0,37139.0,32016.0,26121.0,20248.0,14954.0,10212.0,6847.0,4540.0,3079.0,1767.0,664.0,277.0,105.0,21.0
5201454,149.0,203.0,185.0,233.0,215.0,191.0,185.0,214.0,194.0,136.0,121.0,105.0,102.0,54.0,81.0,32.0,16.0,5.0,7.0,0.0,0.0
5201504,330.0,286.0,298.0,315.0,331.0,353.0,289.0,293.0,292.0,253.0,216.0,162.0,113.0,110.0,82.0,34.0,20.0,21.0,5.0,0.0,0.0
5201603,180.0,241.0,330.0,335.0,272.0,246.0,282.0,309.0,292.0,268.0,220.0,211.0,191.0,117.0,136.0,83.0,61.0,18.0,9.0,0.0,0.0
5201702,1281.0,1368.0,1566.0,1683.0,1627.0,1659.0,1625.0,1455.0,1310.0,1136.0,927.0,818.0,562.0,477.0,270.0,254.0,151.0,71.0,44.0,17.0,4.0
5201801,614.0,668.0,747.0,735.0,673.0,664.0,663.0,654.0,595.0,525.0,516.0,357.0,318.0,234.0,208.0,95.0,53.0,43.0,4.0,0.0,0.0
5202155,508.0,589.0,643.0,599.0,579.0,645.0,632.0,621.0,583.0,480.0,417.0,357.0,285.0,207.0,159.0,99.0,60.0,31.0,16.0,0.0,0.0
5202353,190.0,218.0,244.0,245.0,222.0,205.0,241.0,278.0,280.0,233.0,232.0,168.0,177.0,131.0,77.0,56.0,53.0,20.0,0.0,7.0,0.0
5202502,584.0,735.0,735.0,635.0,589.0,724.0,640.0,575.0,513.0,429.0,350.0,362.0,190.0,153.0,128.0,62.0,49.0,33.0,3.0,8.0,0.0
5202601,163.0,215.0,236.0,318.0,285.0,212.0,260.0,247.0,254.0,300.0,287.0,183.0,205.0,161.0,121.0,93.0,80.0,18.0,3.0,9.0,0.0
5202809,155.0,170.0,192.0,196.0,185.0,188.0,182.0,207.0,187.0,147.0,155.0,153.0,90.0,108.0,61.0,48.0,20.0,5.0,1.0,0.0,0.0
5203104,226.0,254.0,372.0,324.0,275.0,224.0,283.0,304.0,297.0,273.0,245.0,196.0,167.0,112.0,94.0,46.0,19.0,3.0,0.0,0.0,0.0
5203203,625.0,744.0,836.0,776.0,762.0,797.0,792.0,701.0,606.0,514.0,433.0,343.0,261.0,203.0,142.0,101.0,51.0,14.0,6.0,6.0,2.0
5203302,1659.0,1836.0,2011.0,2091.0,2132.0,2056.0,2126.0,1867.0,1893.0,1705.0,1302.0,1129.0,768.0,799.0,531.0,399.0,133.0,89.0,27.0,0.0,0.0
5203401,546.0,624.0,706.0,703.0,560.0,621.0,672.0,680.0,642.0,573.0,489.0,470.0,421.0,239.0,164.0,141.0,105.0,9.0,41.0,13.0,4.0
5203500,1688.0,1679.0,1773.0,1802.0,1976.0,1848.0,1824.0,1652.0,1544.0,1278.0,1029.0,841.0,658.0,399.0,300.0,250.0,144.0,18.0,12.0,12.0,0.0
5203559,566.0,660.0,732.0,651.0,623.0,642.0,668.0,541.0,526.0,461.0,392.0,313.0,246.0,203.0,114.0,83.0,77.0,21.0,13.0,3.0,0.0
5203575,240.0,336.0,366.0,334.0,263.0,280.0,304.0,256.0,235.0,201.0,175.0,169.0,102.0,94.0,56.0,58.0,5.0,18.0,10.0,0.0,0.0
5203609,181.0,214.0,311.0,279.0,269.0,232.0,254.0,248.0,276.0,204.0,201.0,144.0,172.0,65.0,81.0,57.0,29.0,4.0,8.0,4.0,0.0
5203807,350.0,441.0,519.0,450.0,432.0,417.0,473.0,423.0,412.0,349.0,325.0,294.0,208.0,168.0,107.0,82.0,23.0,21.0,12.0,3.0,0.0
5203906,603.0,604.0,736.0,692.0,687.0,630.0,644.0,725.0,729.0,582.0,481.0,466.0,432.0,366.0,272.0,216.0,86.0,74.0,22.0,7.0,0.0
5203939,129.0,178.0,205.0,212.0,187.0,199.0,201.0,196.0,217.0,207.0,147.0,137.0,96.0,92.0,57.0,51.0,26.0,15.0,6.0,2.0,0.0
5203962,259.0,300.0,322.0,334.0,301.0,286.0,259.0,218.0,198.0,209.0,164.0,132.0,100.0,95.0,57.0,34.0,21.0,20.0,6.0,7.0,0.0
5204003,577.0,669.0,774.0,695.0,674.0,628.0,601.0,541.0,484.0,403.0,371.0,289.0,228.0,156.0,127.0,67.0,47.0,3.0,6.0,13.0,0.0
5204102,763.0,757.0,793.0,802.0,980.0,1076.0,879.0,849.0,766.0,632.0,594.0,416.0,322.0,372.0,237.0,144.0,104.0,40.0,23.0,4.0,0.0
5204201,82.0,103.0,134.0,106.0,124.0,102.0,105.0,105.0,102.0,100.0,82.0,65.0,72.0,45.0,44.0,17.0,15.0,8.0,4.0,0.0,2.0
5204250,524.0,613.0,699.0,691.0,654.0,617.0,594.0,648.0,626.0,597.0,486.0,379.0,344.0,277.0,229.0,148.0,82.0,28.0,10.0,8.0,0.0
5204300,854.0,859.0,1047.0,1085.0,1125.0,1117.0,1121.0,1120.0,993.0,865.0,805.0,581.0,498.0,460.0,373.0,195.0,103.0,46.0,32.0,0.0,4.0
5204409,1020.0,1128.0,1384.0,1464.0,1334.0,1232.0,1297.0,1332.0,1281.0,1200.0,1024.0,868.0,767.0,527.0,370.0,244.0,161.0,88.0,31.0,0.0,6.0
5204508,5134.0,5520.0,6460.0,6126.0,6321.0,6441.0,6356.0,5831.0,5191.0,4293.0,3665.0,2600.0,2231.0,1685.0,1280.0,719.0,386.0,139.0,46.0,50.0,0.0
5204557,195.0,251.0,291.0,270.0,258.0,294.0,291.0,262.0,215.0,206.0,219.0,165.0,166.0,85.0,74.0,46.0,26.0,3.0,5.0,3.0,0.0
5204607,217.0,254.0,322.0,319.0,289.0,252.0,276.0,255.0,264.0,225.0,187.0,129.0,111.0,131.0,52.0,51.0,38.0,12.0,3.0,0.0,0.0
5204656,245.0,278.0,356.0,303.0,252.0,269.0,308.0,303.0,259.0,243.0,181.0,209.0,139.0,120.0,86.0,43.0,57.0,2.0,2.0,0.0,0.0
5204706,797.0,923.0,1023.0,945.0,971.0,1000.0,964.0,890.0,786.0,607.0,649.0,437.0,344.0,248.0,177.0,156.0,105.0,61.0,22.0,6.0,0.0
5204805,548.0,499.0,528.0,489.0,445.0,552.0,559.0,522.0,398.0,404.0,272.0,295.0,184.0,139.0,98.0,55.0,46.0,20.0,3.0,4.0,0.0
5204854,578.0,530.0,637.0,594.0,521.0,514.0,519.0,488.0,432.0,366.0,280.0,227.0,202.0,130.0,93.0,50.0,51.0,14.0,12.0,3.0,0.0
5204904,1525.0,1689.0,1808.0,1832.0,1688.0,1779.0,1566.0,1354.0,1131.0,971.0,906.0,551.0,472.0,413.0,320.0,210.0,82.0,88.0,21.0,6.0,0.0
5204953,342.0,363.0,486.0,496.0,391.0,347.0,335.0,367.0,377.0,364.0,294.0,275.0,193.0,156.0,124.0,43.0,38.0,12.0,9.0,4.0,4.0
5205000,555.0,684.0,745.0,760.0,684.0,693.0,762.0,735.0,646.0,582.0,539.0,449.0,328.0,316.0,202.0,135.0,73.0,22.0,4.0,9.0,5.0
5205059,255.0,274.0,284.0,309.0,287.0,310.0,311.0,268.0,285.0,237.0,194.0,187.0,137.0,88.0,91.0,43.0,54.0,14.0,4.0,6.0,0.0
5205109,5937.0,6149.0,6618.0,7144.0,8332.0,8457.0,7909.0,6954.0,6416.0,5730.0,4596.0,4178.0,3021.0,1751.0,1524.0,942.0,547.0,298.0,105.0,22.0,18.0
5205208,361.0,333.0,389.0,392.0,385.0,359.0,388.0,368.0,360.0,347.0,290.0,210.0,161.0,139.0,114.0,51.0,26.0,7.0,3.0,2.0,0.0
5205307,907.0,1021.0,1170.0,990.0,709.0,658.0,613.0,599.0,542.0,466.0,453.0,353.0,241.0,256.0,150.0,128.0,81.0,47.0,8.0,0.0,0.0
5205406,1142.0,1381.0,1695.0,1838.0,1705.0,1633.0,1618.0,1655.0,1629.0,1545.0,1306.0,1052.0,702.0,681.0,520.0,231.0,180.0,127.0,59.0,17.0,6.0
5205455,500.0,511.0,716.0,680.0,637.0,634.0,679.0,620.0,582.0,503.0,372.0,317.0,311.0,170.0,147.0,81.0,57.0,19.0,5.0,0.0,3.0
5205471,663.0,627.0,633.0,648.0,770.0,803.0,709.0,623.0,493.0,383.0,225.0,173.0,107.0,54.0,25.0,29.0,24.0,11.0,1.0,0.0,0.0
5205497,5077.0,5459.0,5759.0,5264.0,5221.0,5579.0,5294.0,4545.0,3746.0,2935.0,2364.0,1668.0,1080.0,739.0,610.0,307.0,126.0,87.0,44.0,0.0,11.0
5205513,1383.0,1577.0,1792.0,1568.0,1538.0,1530.0,1548.0,1315.0,1144.0,939.0,823.0,697.0,479.0,463.0,222.0,224.0,115.0,33.0,11.0,5.0,0.0
5205521,297.0,332.0,372.0,346.0,247.0,256.0,273.0,223.0,225.0,203.0,166.0,189.0,105.0,114.0,89.0,51.0,25.0,0.0,8.0,2.0,0.0
5205703,142.0,220.0,210.0,204.0,178.0,169.0,201.0,222.0,209.0,173.0,170.0,152.0,109.0,119.0,91.0,38.0,12.0,8.0,2.0,3.0,0.0
5205802,777.0,853.0,959.0,827.0,804.0,849.0,882.0,785.0,708.0,588.0,514.0,515.0,363.0,369.0,192.0,195.0,92.0,52.0,36.0,0.0,0.0
5205901,552.0,583.0,652.0,732.0,641.0,651.0,619.0,663.0,630.0,560.0,425.0,438.0,336.0,263.0,223.0,117.0,66.0,27.0,4.0,0.0,0.0
5206206,4127.0,4445.0,4903.0,4376.0,4227.0,4298.0,4195.0,3584.0,3034.0,2614.0,2077.0,1567.0,1046.0,879.0,496.0,361.0,163.0,128.0,47.0,13.0,0.0
5206305,205.0,201.0,230.0,247.0,201.0,224.0,209.0,232.0,235.0,188.0,168.0,165.0,109.0,126.0,100.0,55.0,8.0,19.0,0.0,5.0,5.0
5206404,1039.0,1195.0,1423.0,1368.0,1256.0,1372.0,1357.0,1260.0,1275.0,1048.0,816.0,670.0,539.0,451.0,308.0,171.0,127.0,59.0,20.0,7.0,0.0
5206503,209.0,252.0,256.0,285.0,253.0,225.0,269.0,288.0,258.0,258.0,219.0,197.0,164.0,143.0,112.0,67.0,58.0,25.0,8.0,9.0,0.0
5206602,164.0,186.0,240.0,241.0,175.0,207.0,218.0,220.0,223.0,227.0,181.0,148.0,163.0,160.0,104.0,40.0,34.0,26.0,6.0,2.0,0.0
5206701,225.0,277.0,283.0,279.0,248.0,311.0,260.0,239.0,216.0,195.0,185.0,162.0,128.0,99.0,88.0,53.0,39.0,3.0,0.0,3.0,0.0
5206800,159.0,192.0,208.0,235.0,211.0,220.0,185.0,206.0,240.0,220.0,191.0,154.0,111.0,100.0,41.0,41.0,19.0,7.0,7.0,0.0,0.0
5206909,136.0,132.0,158.0,139.0,126.0,151.0,165.0,159.0,154.0,146.0,132.0,153.0,107.0,74.0,69.0,41.0,12.0,2.0,0.0,0.0,0.0
5207105,145.0,163.0,183.0,215.0,169.0,183.0,165.0,204.0,214.0,175.0,155.0,134.0,95.0,114.0,72.0,47.0,27.0,16.0,0.0,4.0,0.0
5207253,480.0,576.0,754.0,691.0,566.0,579.0,685.0,680.0,593.0,518.0,458.0,377.0,282.0,295.0,173.0,90.0,42.0,19.0,30.0,4.0,0.0
5207352,212.0,282.0,330.0,278.0,257.0,253.0,294.0,288.0,282.0,260.0,240.0,199.0,181.0,122.0,117.0,58.0,57.0,13.0,4.0,3.0,3.0
5207402,703.0,840.0,999.0,994.0,827.0,910.0,1032.0,955.0,886.0,761.0,675.0,435.0,321.0,381.0,202.0,193.0,98.0,28.0,19.0,6.0,0.0
5207501,196.0,222.0,301.0,312.0,292.0,238.0,228.0,260.0,252.0,237.0,210.0,155.0,143.0,95.0,101.0,47.0,22.0,9.0,0.0,0.0,0.0
5207535,405.0,525.0,657.0,510.0,441.0,465.0,582.0,614.0,544.0,478.0,467.0,356.0,329.0,235.0,172.0,102.0,53.0,30.0,12.0,6.0,0.0
5207600,339.0,412.0,499.0,538.0,404.0,405.0,448.0,506.0,523.0,480.0,378.0,395.0,342.0,227.0,169.0,150.0,78.0,9.0,12.0,3.0,6.0
5207808,638.0,692.0,869.0,937.0,870.0,832.0,887.0,965.0,872.0,829.0,758.0,597.0,624.0,451.0,362.0,247.0,69.0,58.0,22.0,0.0,0.0
5207907,949.0,1188.0,1273.0,1077.0,1000.0,1150.0,925.0,820.0,839.0,789.0,628.0,478.0,435.0,218.0,167.0,90.0,32.0,0.0,9.0,0.0,0.0
5208004,7984.0,9200.0,9765.0,9538.0,9661.0,9574.0,9065.0,7563.0,6650.0,5655.0,4379.0,3457.0,2517.0,1913.0,1380.0,908.0,482.0,255.0,110.0,30.0,0.0
5208103,298.0,382.0,413.0,426.0,322.0,352.0,361.0,367.0,361.0,404.0,271.0,259.0,180.0,165.0,146.0,86.0,53.0,15.0,15.0,6.0,0.0
5208152,238.0,300.0,305.0,241.0,228.0,228.0,295.0,258.0,227.0,219.0,173.0,179.0,123.0,98.0,65.0,42.0,35.0,19.0,2.0,0.0,0.0
5208301,394.0,470.0,477.0,448.0,375.0,419.0,403.0,350.0,314.0,289.0,271.0,180.0,211.0,79.0,131.0,69.0,50.0,21.0,10.0,0.0,0.0
5208400,824.0,905.0,1004.0,958.0,931.0,931.0,919.0,798.0,760.0,672.0,524.0,459.0,328.0,287.0,133.0,146.0,85.0,21.0,10.0,0.0,0.0
5208509,300.0,384.0,399.0,392.0,389.0,418.0,380.0,380.0,357.0,399.0,290.0,302.0,271.0,210.0,174.0,119.0,55.0,33.0,8.0,0.0,3.0
5208608,4278.0,4505.0,5202.0,5287.0,5587.0,5335.0,5111.0,4736.0,4422.0,3768.0,3081.0,2362.0,1906.0,1353.0,1090.0,748.0,480.0,184.0,80.0,20.0,14.0
5208707,84634.0,86844.0,99428.0,111637.0,131711.0,132959.0,121769.0,102741.0,93377.0,84328.0,70232.0,58126.0,42727.0,29352.0,22426.0,14736.0,8551.0,4114.0,1705.0,549.0,54.0
5208806,2679.0,2952.0,3337.0,3010.0,3125.0,3471.0,3453.0,2660.0,2252.0,1963.0,1549.0,1112.0,870.0,594.0,521.0,222.0,131.0,89.0,50.0,11.0,8.0
5208905,1416.0,1747.0,2065.0,1989.0,1825.0,1932.0,1957.0,1879.0,1961.0,1760.0,1549.0,1258.0,1021.0,820.0,650.0,535.0,193.0,154.0,6.0,9.0,0.0
5209101,2188.0,2425.0,2588.0,2717.0,2505.0,2669.0,2684.0,2577.0,2347.0,2220.0,1904.0,1555.0,1087.0,1168.0,758.0,587.0,337.0,111.0,54.0,0.0,12.0
5209150,385.0,371.0,397.0,396.0,390.0,417.0,437.0,379.0,386.0,302.0,294.0,209.0,182.0,147.0,101.0,86.0,57.0,8.0,6.0,0.0,0.0
5209200,966.0,1082.0,1350.0,1288.0,1030.0,1092.0,1173.0,1146.0,1000.0,833.0,754.0,706.0,539.0,397.0,261.0,214.0,83.0,44.0,18.0,0.0,0.0
5209291,125.0,167.0,177.0,199.0,163.0,133.0,160.0,207.0,235.0,199.0,159.0,125.0,108.0,82.0,74.0,26.0,19.0,10.0,8.0,0.0,0.0
5209408,317.0,353.0,422.0,412.0,330.0,362.0,306.0,287.0,239.0,255.0,243.0,224.0,155.0,132.0,85.0,66.0,39.0,15.0,8.0,3.0,4.0
5209457,126.0,165.0,182.0,170.0,148.0,156.0,174.0,155.0,206.0,180.0,147.0,128.0,110.0,117.0,57.0,47.0,25.0,2.0,0.0,3.0,0.0
5209606,238.0,253.0,318.0,315.0,284.0,280.0,253.0,242.0,272.0,257.0,229.0,150.0,141.0,132.0,105.0,41.0,37.0,11.0,13.0,0.0,0.0
5209705,1218.0,1466.0,1589.0,1472.0,1535.0,1536.0,1531.0,1338.0,1124.0,1064.0,886.0,786.0,649.0,450.0,369.0,192.0,96.0,45.0,46.0,6.0,0.0
5209804,232.0,260.0,347.0,361.0,284.0,253.0,291.0,310.0,315.0,288.0,264.0,217.0,194.0,135.0,119.0,90.0,40.0,27.0,0.0,2.0,0.0
5209903,1228.0,1310.0,1289.0,1242.0,1049.0,1096.0,990.0,844.0,709.0,631.0,594.0,420.0,373.0,206.0,194.0,106.0,107.0,30.0,5.0,0.0,5.0
5209937,424.0,469.0,497.0,467.0,499.0,476.0,474.0,413.0,447.0,380.0,277.0,236.0,192.0,196.0,99.0,65.0,61.0,16.0,6.0,0.0,6.0
5209952,1001.0,1043.0,1355.0,1227.0,1188.0,1080.0,1217.0,1194.0,1112.0,870.0,603.0,519.0,390.0,288.0,279.0,174.0,96.0,26.0,26.0,0.0,0.0
5210000,2946.0,3240.0,3889.0,4222.0,4269.0,4171.0,3960.0,3770.0,3701.0,3244.0,2755.0,2409.0,1793.0,1351.0,1024.0,792.0,460.0,164.0,66.0,20.0,0.0
5210109,1529.0,1836.0,1998.0,2070.0,2061.0,2013.0,1968.0,1862.0,1818.0,1740.0,1322.0,1228.0,1045.0,720.0,530.0,505.0,379.0,58.0,33.0,21.0,0.0
5210158,156.0,177.0,264.0,210.0,189.0,189.0,224.0,199.0,232.0,225.0,177.0,164.0,106.0,129.0,81.0,78.0,34.0,11.0,0.0,0.0,0.0
5210208,1746.0,1963.0,2386.0,2726.0,2433.0,2364.0,2287.0,2341.0,2495.0,2388.0,2188.0,1405.0,1214.0,1208.0,933.0,664.0,323.0,140.0,32.0,38.0,0.0
5210307,156.0,179.0,230.0,253.0,208.0,201.0,199.0,238.0,248.0,215.0,152.0,186.0,149.0,117.0,63.0,60.0,9.0,15.0,6.0,0.0,3.0
5210406,2393.0,2703.0,2985.0,3128.0,3365.0,3207.0,3006.0,2791.0,2661.0,2229.0,1793.0,1632.0,1094.0,920.0,634.0,409.0,265.0,99.0,47.0,0.0,9.0
5210562,275.0,329.0,368.0,374.0,335.0,360.0,331.0,371.0,378.0,289.0,264.0,227.0,176.0,166.0,162.0,56.0,31.0,14.0,0.0,7.0,0.0
5210604,270.0,378.0,411.0,398.0,373.0,404.0,410.0,454.0,461.0,414.0,314.0,299.0,248.0,208.0,177.0,92.0,73.0,39.0,10.0,3.0,1.0
5210802,318.0,343.0,447.0,461.0,413.0,425.0,380.0,395.0,395.0,318.0,267.0,217.0,164.0,195.0,171.0,91.0,35.0,14.0,11.0,0.0,2.0
5210901,1283.0,1516.0,1707.0,1645.0,1607.0,1556.0,1505.0,1444.0,1399.0,1215.0,944.0,739.0,555.0,518.0,340.0,200.0,172.0,80.0,28.0,4.0,0.0
5211008,451.0,573.0,745.0,662.0,515.0,512.0,611.0,657.0,618.0,527.0,475.0,392.0,354.0,273.0,242.0,104.0,69.0,42.0,6.0,4.0,3.0
5211206,1501.0,1757.0,2064.0,2135.0,2008.0,2034.0,2103.0,2089.0,2062.0,1887.0,1735.0,1216.0,972.0,949.0,626.0,479.0,231.0,169.0,83.0,12.0,13.0
5211305,464.0,511.0,551.0,512.0,571.0,554.0,470.0,512.0,492.0,416.0,314.0,248.0,232.0,173.0,97.0,73.0,63.0,25.0,20.0,2.0,0.0
5211404,449.0,566.0,645.0,744.0,624.0,618.0,657.0,653.0,662.0,636.0,451.0,557.0,428.0,303.0,227.0,166.0,125.0,58.0,6.0,0.0,0.0
5211503,5861.0,6301.0,7326.0,7554.0,7869.0,7683.0,8116.0,7292.0,7076.0,6488.0,5636.0,4559.0,3477.0,2782.0,2263.0,1340.0,726.0,292.0,197.0,21.0,24.0
5211602,142.0,181.0,185.0,201.0,170.0,163.0,183.0,219.0,234.0,194.0,152.0,217.0,160.0,93.0,66.0,62.0,20.0,12.0,10.0,0.0,0.0
5211701,362.0,390.0,490.0,523.0,388.0,411.0,487.0,481.0,502.0,449.0,375.0,342.0,267.0,267.0,194.0,125.0,72.0,27.0,9.0,3.0,0.0
5211800,3060.0,3569.0,3960.0,3742.0,3693.0,3735.0,3478.0,3280.0,3235.0,2565.0,2012.0,1716.0,1263.0,875.0,765.0,477.0,248.0,144.0,24.0,22.0,8.0
5211909,6395.0,6900.0,7559.0,7450.0,7946.0,7998.0,7696.0,6939.0,6346.0,5318.0,4580.0,3551.0,2882.0,2156.0,1755.0,1074.0,790.0,384.0,215.0,73.0,0.0
5212006,156.0,244.0,247.0,241.0,191.0,174.0,245.0,251.0,221.0,231.0,178.0,168.0,117.0,110.0,99.0,70.0,38.0,11.0,3.0,3.0,2.0
5212055,161.0,177.0,211.0,216.0,175.0,142.0,186.0,164.0,174.0,130.0,142.0,115.0,103.0,75.0,54.0,30.0,21.0,18.0,6.0,0.0,0.0
5212105,480.0,525.0,572.0,605.0,629.0,619.0,555.0,576.0,527.0,480.0,431.0,307.0,238.0,185.0,163.0,117.0,90.0,14.0,0.0,6.0,0.0
5212204,1128.0,1449.0,1675.0,1613.0,1503.0,1485.0,1529.0,1583.0,1506.0,1306.0,1106.0,934.0,706.0,615.0,477.0,279.0,122.0,102.0,23.0,0.0,11.0
5212253,64.0,99.0,117.0,102.0,111.0,102.0,93.0,86.0,99.0,116.0,58.0,57.0,56.0,35.0,25.0,20.0,8.0,5.0,0.0,2.0,0.0
5212303,564.0,664.0,684.0,670.0,664.0,646.0,684.0,617.0,599.0,493.0,433.0,343.0,238.0,226.0,149.0,104.0,64.0,24.0,11.0,4.0,0.0
5212501,15534.0,17125.0,18467.0,16909.0,16034.0,16318.0,15904.0,13848.0,11770.0,9298.0,6876.0,5139.0,3942.0,2773.0,2028.0,1393.0,674.0,371.0,61.0,54.0,12.0
5212600,128.0,164.0,164.0,182.0,165.0,181.0,193.0,169.0,198.0,170.0,160.0,147.0,95.0,107.0,50.0,65.0,22.0,7.0,4.0,4.0,0.0
5212709,642.0,726.0,740.0,666.0,643.0,674.0,558.0,454.0,395.0,361.0,240.0,246.0,156.0,156.0,109.0,34.0,39.0,20.0,2.0,10.0,0.0
5212808,711.0,779.0,969.0,956.0,832.0,745.0,825.0,826.0,794.0,722.0,625.0,506.0,465.0,288.0,274.0,196.0,91.0,40.0,6.0,0.0,0.0
5212907,138.0,152.0,209.0,176.0,154.0,173.0,179.0,125.0,129.0,117.0,138.0,93.0,90.0,65.0,55.0,37.0,24.0,10.0,6.0,2.0,0.0
5212956,284.0,343.0,417.0,366.0,336.0,361.0,380.0,372.0,364.0,291.0,273.0,183.0,186.0,88.0,106.0,42.0,10.0,4.0,8.0,0.0,0.0
5213004,1055.0,1006.0,1066.0,1026.0,1176.0,1145.0,1018.0,866.0,783.0,617.0,494.0,363.0,334.0,215.0,194.0,85.0,41.0,15.0,11.0,11.0,0.0
5213053,194.0,238.0,281.0,209.0,159.0,227.0,216.0,203.0,183.0,182.0,137.0,134.0,105.0,70.0,75.0,38.0,14.0,10.0,10.0,0.0,0.0
5213087,1928.0,2535.0,2960.0,2942.0,2471.0,2519.0,2627.0,2448.0,2246.0,1964.0,1807.0,1348.0,1227.0,759.0,583.0,433.0,230.0,68.0,59.0,0.0,0.0
5213103,3851.0,4042.0,4439.0,4951.0,5434.0,5230.0,4551.0,4042.0,3610.0,3221.0,2596.0,2014.0,1593.0,1144.0,898.0,615.0,368.0,224.0,111.0,1.0,0.0
5213400,90.0,109.0,159.0,146.0,94.0,107.0,128.0,125.0,142.0,148.0,116.0,104.0,92.0,65.0,77.0,29.0,22.0,5.0,4.0,2.0,0.0
5213509,778.0,714.0,810.0,722.0,646.0,629.0,561.0,484.0,472.0,451.0,378.0,267.0,223.0,217.0,157.0,110.0,51.0,32.0,18.0,7.0,4.0
5213707,469.0,577.0,683.0,736.0,548.0,613.0,630.0,671.0,602.0,585.0,482.0,397.0,335.0,237.0,177.0,136.0,75.0,24.0,10.0,0.0,0.0
5213756,792.0,851.0,873.0,1000.0,1018.0,1027.0,959.0,920.0,810.0,652.0,499.0,408.0,252.0,189.0,141.0,87.0,60.0,20.0,15.0,0.0,0.0
5213772,294.0,429.0,453.0,345.0,253.0,281.0,348.0,311.0,293.0,253.0,269.0,146.0,170.0,112.0,79.0,53.0,11.0,3.0,15.0,4.0,0.0
5213806,2585.0,2899.0,3368.0,3628.0,3275.0,3297.0,3333.0,3286.0,3142.0,2800.0,2326.0,2070.0,1558.0,1436.0,1172.0,583.0,488.0,108.0,96.0,0.0,10.0
5213855,122.0,172.0,204.0,189.0,135.0,162.0,180.0,199.0,192.0,175.0,139.0,128.0,113.0,85.0,80.0,50.0,23.0,2.0,5.0,0.0,0.0
5213905,250.0,325.0,380.0,466.0,376.0,356.0,341.0,391.0,397.0,372.0,307.0,273.0,218.0,235.0,168.0,84.0,48.0,8.0,3.0,3.0,7.0
5214002,936.0,1102.0,1199.0,1191.0,1263.0,1260.0,1228.0,1052.0,989.0,836.0,586.0,513.0,395.0,324.0,217.0,147.0,77.0,70.0,6.0,13.0,0.0
5214051,433.0,552.0,619.0,536.0,456.0,506.0,491.0,475.0,451.0,453.0,386.0,334.0,260.0,196.0,115.0,94.0,59.0,7.0,7.0,4.0,3.0
5214101,233.0,315.0,370.0,333.0,251.0,269.0,308.0,292.0,306.0,255.0,227.0,173.0,137.0,148.0,93.0,79.0,26.0,31.0,2.0,0.0,0.0
5214408,498.0,581.0,649.0,645.0,636.0,664.0,672.0,640.0,585.0,540.0,467.0,322.0,333.0,216.0,173.0,116.0,72.0,42.0,14.0,10.0,0.0
5214507,1821.0,1868.0,2171.0,2178.0,2436.0,2237.0,2111.0,1920.0,1752.0,1485.0,1112.0,965.0,737.0,493.0,414.0,256.0,156.0,74.0,24.0,0.0,0.0
5214606,3189.0,3476.0,4017.0,3865.0,3665.0,3707.0,3670.0,3103.0,2982.0,2675.0,2210.0,1712.0,1265.0,1086.0,854.0,397.0,222.0,153.0,78.0,20.0,14.0
5214705,119.0,152.0,201.0,205.0,155.0,136.0,190.0,181.0,180.0,144.0,142.0,97.0,127.0,75.0,59.0,46.0,34.0,8.0,6.0,2.0,0.0
5214804,136.0,141.0,143.0,142.0,142.0,151.0,164.0,163.0,164.0,138.0,120.0,124.0,90.0,82.0,77.0,35.0,42.0,8.0,0.0,0.0,0.0
5214838,894.0,960.0,1102.0,1034.0,991.0,1067.0,1113.0,927.0,868.0,764.0,594.0,503.0,378.0,305.0,207.0,146.0,37.0,21.0,12.0,0.0,4.0
5214861,496.0,618.0,689.0,715.0,589.0,548.0,606.0,642.0,662.0,589.0,507.0,450.0,355.0,363.0,211.0,248.0,153.0,49.0,13.0,5.0,0.0
5214879,199.0,215.0,259.0,228.0,221.0,262.0,230.0,218.0,190.0,174.0,154.0,151.0,107.0,90.0,49.0,43.0,15.0,16.0,5.0,0.0,0.0
5214903,283.0,283.0,350.0,300.0,240.0,236.0,215.0,223.0,229.0,259.0,182.0,217.0,141.0,108.0,75.0,75.0,31.0,15.0,3.0,6.0,0.0
5215009,556.0,613.0,692.0,658.0,739.0,736.0,626.0,625.0,630.0,543.0,464.0,301.0,299.0,228.0,204.0,124.0,76.0,4.0,12.0,0.0,0.0
5215207,171.0,217.0,265.0,302.0,243.0,229.0,234.0,290.0,243.0,276.0,240.0,212.0,209.0,142.0,88.0,98.0,36.0,18.0,6.0,0.0,0.0
5215231,9168.0,9574.0,10234.0,9186.0,9123.0,9124.0,8913.0,8002.0,6539.0,4756.0,3313.0,2401.0,1896.0,1171.0,851.0,362.0,170.0,141.0,76.0,17.0,0.0
5215256,264.0,284.0,427.0,334.0,294.0,279.0,326.0,343.0,319.0,260.0,219.0,181.0,128.0,119.0,89.0,60.0,25.0,6.0,0.0,0.0,0.0
5215306,820.0,977.0,1211.0,1193.0,1092.0,1077.0,1089.0,1162.0,1139.0,936.0,866.0,734.0,651.0,485.0,357.0,244.0,117.0,88.0,44.0,17.0,0.0
5215405,236.0,308.0,351.0,373.0,315.0,283.0,308.0,288.0,341.0,295.0,228.0,238.0,151.0,150.0,60.0,67.0,32.0,1.0,10.0,0.0,0.0
5215504,376.0,346.0,413.0,459.0,427.0,489.0,465.0,440.0,391.0,367.0,324.0,226.0,237.0,175.0,122.0,113.0,60.0,31.0,5.0,0.0,0.0
5215603,2390.0,2893.0,3039.0,2661.0,2217.0,2203.0,2176.0,1893.0,1843.0,1473.0,1332.0,914.0,896.0,618.0,539.0,313.0,125.0,81.0,36.0,0.0,30.0
5215652,193.0,224.0,257.0,308.0,288.0,286.0,272.0,243.0,270.0,235.0,211.0,164.0,139.0,100.0,49.0,48.0,55.0,17.0,3.0,8.0,2.0
5215702,1580.0,1650.0,1845.0,2023.0,2192.0,2136.0,1899.0,1881.0,1679.0,1564.0,1149.0,1201.0,897.0,588.0,585.0,265.0,125.0,63.0,17.0,0.0,0.0
5215801,123.0,175.0,225.0,182.0,147.0,167.0,179.0,165.0,170.0,138.0,139.0,128.0,96.0,101.0,67.0,58.0,39.0,22.0,9.0,2.0,3.0
5215900,192.0,211.0,263.0,315.0,232.0,231.0,263.0,306.0,314.0,264.0,235.0,194.0,179.0,131.0,116.0,46.0,38.0,22.0,5.0,0.0,0.0
5216007,172.0,196.0,195.0,210.0,186.0,181.0,206.0,210.0,183.0,170.0,169.0,154.0,156.0,100.0,91.0,64.0,21.0,17.0,1.0,0.0,0.0
5216304,594.0,682.0,683.0,738.0,806.0,748.0,726.0,702.0,655.0,572.0,418.0,505.0,369.0,303.0,229.0,178.0,107.0,48.0,26.0,11.0,0.0
5216403,764.0,800.0,934.0,896.0,872.0,840.0,988.0,920.0,814.0,663.0,598.0,473.0,360.0,394.0,216.0,161.0,104.0,53.0,12.0,2.0,0.0
5216452,196.0,265.0,317.0,267.0,206.0,246.0,263.0,222.0,182.0,193.0,146.0,147.0,100.0,74.0,46.0,40.0,33.0,2.0,5.0,0.0,0.0
5216809,580.0,675.0,772.0,832.0,871.0,835.0,870.0,850.0,820.0,753.0,554.0,536.0,391.0,328.0,313.0,163.0,88.0,25.0,19.0,9.0,0.0
5216908,147.0,197.0,207.0,219.0,221.0,190.0,202.0,220.0,221.0,207.0,163.0,176.0,140.0,98.0,88.0,27.0,24.0,23.0,3.0,0.0,0.0
5217104,1426.0,1521.0,2024.0,1902.0,1636.0,1794.0,1909.0,1845.0,1789.0,1727.0,1531.0,1306.0,1125.0,858.0,728.0,464.0,299.0,116.0,18.0,8.0,0.0
5217203,587.0,741.0,942.0,920.0,856.0,768.0,853.0,891.0,889.0,822.0,724.0,580.0,569.0,369.0,261.0,239.0,143.0,80.0,24.0,4.0,4.0
5217302,1662.0,1927.0,2070.0,1923.0,1882.0,1765.0,1949.0,1792.0,1692.0,1460.0,1328.0,974.0,836.0,671.0,403.0,365.0,153.0,121.0,23.0,0.0,10.0
5217401,1657.0,2011.0,2434.0,2440.0,2413.0,2295.0,2345.0,2144.0,2156.0,1971.0,1685.0,1335.0,1230.0,871.0,847.0,438.0,258.0,168.0,46.0,19.0,0.0
5217609,7383.0,8016.0,9294.0,8446.0,7735.0,7727.0,7390.0,6159.0,5237.0,4030.0,3099.0,2347.0,1780.0,1249.0,872.0,556.0,165.0,103.0,42.0,20.0,0.0
5217708,928.0,1223.0,1440.0,1381.0,1181.0,1310.0,1397.0,1328.0,1286.0,1133.0,1001.0,922.0,838.0,562.0,525.0,358.0,188.0,54.0,39.0,22.0,6.0
5218003,3227.0,3424.0,3898.0,3809.0,3682.0,3638.0,3627.0,3293.0,2911.0,2599.0,2125.0,1847.0,1349.0,1087.0,769.0,455.0,376.0,166.0,68.0,4.0,0.0
5218052,270.0,293.0,307.0,302.0,289.0,332.0,320.0,247.0,221.0,208.0,152.0,150.0,94.0,58.0,57.0,22.0,17.0,5.0,3.0,0.0,0.0
5218102,267.0,322.0,342.0,358.0,314.0,284.0,299.0,318.0,271.0,233.0,236.0,174.0,116.0,121.0,67.0,59.0,19.0,31.0,6.0,0.0,0.0
5218300,2716.0,2981.0,3231.0,3144.0,2938.0,3019.0,2727.0,2228.0,2025.0,1773.0,1401.0,888.0,664.0,678.0,509.0,237.0,147.0,64.0,36.0,13.0,0.0
5218391,212.0,244.0,293.0,276.0,237.0,212.0,234.0,235.0,235.0,226.0,218.0,171.0,140.0,111.0,67.0,60.0,48.0,7.0,11.0,1.0,2.0
5218508,3048.0,3140.0,3542.0,3312.0,3653.0,3939.0,3828.0,3480.0,3216.0,2894.0,2297.0,1943.0,1630.0,1127.0,1073.0,635.0,306.0,108.0,31.0,0.0,18.0
5218607,600.0,790.0,883.0,948.0,858.0,783.0,888.0,926.0,832.0,717.0,563.0,510.0,393.0,319.0,248.0,129.0,90.0,16.0,26.0,4.0,0.0
5218706,326.0,369.0,441.0,410.0,345.0,361.0,360.0,323.0,344.0,282.0,231.0,212.0,161.0,131.0,137.0,62.0,51.0,20.0,0.0,0.0,0.0
5218789,261.0,293.0,287.0,267.0,270.0,307.0,298.0,283.0,269.0,190.0,172.0,142.0,116.0,61.0,47.0,26.0,14.0,10.0,0.0,0.0,0.0
5218805,13809.0,13380.0,14028.0,15507.0,19770.0,19348.0,16272.0,13647.0,12123.0,10248.0,7909.0,6493.0,4408.0,3785.0,2496.0,1501.0,1003.0,451.0,151.0,71.0,25.0
5218904,1160.0,1382.0,1682.0,1726.0,1508.0,1382.0,1381.0,1596.0,1494.0,1266.0,1070.0,862.0,822.0,515.0,495.0,270.0,189.0,90.0,14.0,10.0,0.0
5219001,435.0,543.0,613.0,668.0,582.0,539.0,585.0,589.0,627.0,514.0,447.0,373.0,299.0,306.0,166.0,171.0,62.0,28.0,3.0,0.0,0.0
5219100,418.0,458.0,494.0,521.0,506.0,516.0,475.0,422.0,442.0,374.0,291.0,225.0,171.0,155.0,124.0,79.0,54.0,18.0,9.0,0.0,0.0
5219209,186.0,231.0,255.0,221.0,183.0,235.0,218.0,249.0,252.0,240.0,221.0,168.0,168.0,116.0,90.0,64.0,38.0,3.0,2.0,0.0,2.0
5219258,339.0,418.0,441.0,388.0,416.0,420.0,430.0,402.0,319.0,297.0,269.0,147.0,157.0,118.0,81.0,59.0,36.0,22.0,2.0,0.0,0.0
5219308,2502.0,2709.0,3035.0,3053.0,3136.0,3203.0,3077.0,2777.0,2698.0,2476.0,2130.0,1593.0,1361.0,914.0,883.0,362.0,279.0,191.0,77.0,12.0,0.0
5219357,207.0,228.0,293.0,329.0,240.0,227.0,240.0,303.0,323.0,306.0,250.0,179.0,195.0,117.0,94.0,60.0,58.0,15.0,7.0,10.0,4.0
5219407,499.0,604.0,633.0,581.0,582.0,639.0,655.0,519.0,447.0,404.0,318.0,317.0,223.0,191.0,127.0,93.0,43.0,40.0,9.0,0.0,0.0
5219456,207.0,235.0,264.0,305.0,255.0,230.0,222.0,228.0,243.0,230.0,227.0,154.0,125.0,111.0,71.0,39.0,18.0,3.0,5.0,0.0,0.0
5219506,170.0,181.0,233.0,229.0,197.0,201.0,200.0,221.0,240.0,239.0,205.0,185.0,128.0,117.0,80.0,33.0,21.0,16.0,12.0,0.0,0.0
5219605,266.0,342.0,362.0,287.0,250.0,346.0,328.0,270.0,264.0,252.0,246.0,176.0,176.0,152.0,102.0,102.0,41.0,16.0,8.0,8.0,0.0
5219704,607.0,782.0,901.0,956.0,837.0,752.0,744.0,784.0,788.0,728.0,611.0,547.0,439.0,273.0,256.0,139.0,94.0,29.0,26.0,10.0,0.0
5219712,317.0,367.0,427.0,392.0,345.0,385.0,389.0,319.0,308.0,249.0,241.0,186.0,152.0,176.0,72.0,58.0,31.0,8.0,0.0,0.0,0.0
5219738,372.0,363.0,446.0,451.0,413.0,446.0,415.0,389.0,392.0,258.0,230.0,171.0,131.0,98.0,65.0,41.0,11.0,8.0,3.0,0.0,0.0
5219753,5935.0,6628.0,6900.0,6295.0,5868.0,5931.0,5779.0,4875.0,4202.0,3037.0,2175.0,1833.0,1178.0,1133.0,750.0,410.0,235.0,49.0,26.0,0.0,9.0
5219803,919.0,1065.0,1137.0,987.0,963.0,1006.0,916.0,720.0,725.0,664.0,455.0,570.0,414.0,218.0,224.0,155.0,60.0,37.0,25.0,12.0,0.0
5219902,452.0,411.0,589.0,537.0,464.0,431.0,443.0,444.0,484.0,408.0,373.0,281.0,300.0,198.0,147.0,87.0,54.0,12.0,3.0,0.0,2.0
5220009,984.0,1037.0,1083.0,937.0,904.0,915.0,835.0,744.0,619.0,572.0,452.0,331.0,251.0,276.0,157.0,84.0,40.0,16.0,11.0,0.0,9.0
5220058,100.0,106.0,146.0,135.0,105.0,129.0,116.0,127.0,126.0,123.0,118.0,97.0,82.0,62.0,45.0,28.0,20.0,14.0,4.0,6.0,0.0
5220108,1839.0,1926.0,2445.0,2702.0,2542.0,2366.0,2422.0,2311.0,2333.0,2068.0,1640.0,1581.0,1215.0,961.0,635.0,561.0,325.0,102.0,59.0,0.0,0.0
5220157,353.0,392.0,440.0,379.0,365.0,419.0,418.0,343.0,299.0,314.0,212.0,219.0,144.0,107.0,88.0,82.0,23.0,6.0,8.0,3.0,3.0
5220207,1382.0,1773.0,2076.0,1890.0,1817.0,1884.0,1864.0,1817.0,1691.0,1393.0,1235.0,958.0,864.0,562.0,542.0,239.0,238.0,39.0,9.0,10.0,0.0
5220264,285.0,294.0,306.0,294.0,258.0,305.0,300.0,289.0,286.0,266.0,235.0,190.0,160.0,125.0,78.0,39.0,16.0,24.0,5.0,2.0,0.0
5220280,103.0,138.0,162.0,162.0,139.0,141.0,148.0,164.0,168.0,146.0,132.0,86.0,110.0,70.0,69.0,26.0,17.0,9.0,0.0,2.0,0.0
5220405,986.0,1204.0,1458.0,1509.0,1471.0,1505.0,1551.0,1455.0,1261.0,1043.0,850.0,804.0,616.0,448.0,348.0,314.0,141.0,66.0,37.0,15.0,5.0
5220454,7135.0,7576.0,8423.0,8257.0,8758.0,8416.0,7932.0,6534.0,6083.0,4613.0,3408.0,2459.0,1698.0,1238.0,886.0,602.0,242.0,96.0,74.0,12.0,0.0
5220504,529.0,589.0,657.0,606.0,685.0,710.0,639.0,588.0,543.0,435.0,365.0,274.0,246.0,266.0,138.0,99.0,67.0,30.0,9.0,3.0,3.0
5220603,1224.0,1483.0,1791.0,1582.0,1475.0,1475.0,1755.0,1598.0,1454.0,1259.0,1022.0,842.0,629.0,573.0,416.0,249.0,145.0,77.0,22.0,13.0,5.0
5220686,591.0,639.0,638.0,648.0,640.0,604.0,512.0,440.0,375.0,337.0,322.0,187.0,175.0,134.0,113.0,76.0,51.0,27.0,0.0,5.0,0.0
5220702,221.0,253.0,319.0,303.0,244.0,219.0,204.0,183.0,178.0,173.0,139.0,143.0,97.0,53.0,55.0,26.0,5.0,0.0,8.0,2.0,0.0
5221007,157.0,192.0,271.0,334.0,271.0,251.0,273.0,261.0,265.0,279.0,284.0,196.0,151.0,129.0,102.0,60.0,39.0,13.0,11.0,2.0,0.0
5221080,322.0,302.0,348.0,327.0,280.0,245.0,208.0,176.0,157.0,137.0,101.0,125.0,71.0,91.0,69.0,36.0,6.0,4.0,8.0,3.0,0.0
5221197,552.0,590.0,659.0,586.0,541.0,596.0,592.0,521.0,463.0,373.0,260.0,266.0,227.0,128.0,119.0,38.0,32.0,4.0,8.0,6.0,0.0
5221304,152.0,183.0,240.0,240.0,207.0,190.0,209.0,217.0,240.0,173.0,193.0,159.0,144.0,107.0,72.0,47.0,27.0,18.0,2.0,0.0,0.0
5221403,7702.0,8441.0,9762.0,9515.0,9513.0,9420.0,9313.0,8356.0,7390.0,6466.0,5441.0,3949.0,3272.0,2158.0,1677.0,1252.0,557.0,187.0,65.0,40.0,12.0
5221452,218.0,260.0,333.0,293.0,213.0,215.0,249.0,238.0,268.0,253.0,194.0,203.0,158.0,134.0,101.0,57.0,29.0,30.0,6.0,0.0,0.0
5221502,269.0,316.0,384.0,397.0,368.0,287.0,374.0,390.0,375.0,354.0,271.0,329.0,230.0,175.0,147.0,110.0,42.0,14.0,4.0,4.0,0.0
5221551,370.0,405.0,382.0,403.0,410.0,429.0,394.0,316.0,302.0,276.0,215.0,135.0,150.0,59.0,79.0,36.0,32.0,0.0,3.0,2.0,0.0
5221577,172.0,255.0,296.0,258.0,159.0,188.0,217.0,231.0,241.0,202.0,177.0,113.0,124.0,128.0,91.0,29.0,32.0,14.0,3.0,0.0,4.0
5221601,2577.0,2874.0,3293.0,3216.0,3211.0,3042.0,3103.0,2767.0,2673.0,2376.0,1998.0,1566.0,1327.0,1022.0,788.0,572.0,276.0,162.0,42.0,33.0,12.0
5221700,888.0,938.0,1158.0,1102.0,1041.0,1156.0,1150.0,1063.0,1014.0,987.0,819.0,732.0,614.0,408.0,375.0,192.0,108.0,58.0,14.0,5.0,4.0
5221809,182.0,239.0,247.0,253.0,229.0,210.0,259.0,207.0,208.0,214.0,231.0,164.0,131.0,125.0,69.0,55.0,39.0,9.0,3.0,0.0,0.0
5221858,12061.0,12178.0,13107.0,12049.0,13317.0,14343.0,13424.0,11076.0,9088.0,7244.0,5185.0,3624.0,2261.0,1709.0,1071.0,567.0,407.0,179.0,83.0,0.0,9.0
5221908,214.0,262.0,319.0,290.0,217.0,285.0,275.0,276.0,271.0,249.0,244.0,213.0,176.0,122.0,120.0,56.0,28.0,32.0,8.0,0.0,2.0
5222005,786.0,1008.0,1129.0,1085.0,1039.0,1056.0,1127.0,1028.0,950.0,814.0,654.0,466.0,428.0,314.0,250.0,198.0,149.0,45.0,22.0,0.0,0.0
5222054,592.0,587.0,622.0,640.0,697.0,669.0,655.0,607.0,588.0,476.0,337.0,326.0,170.0,164.0,106.0,56.0,45.0,23.0,10.0,0.0,0.0
5222203,447.0,481.0,475.0,429.0,456.0,567.0,436.0,317.0,292.0,237.0,179.0,127.0,98.0,89.0,56.0,26.0,9.0,14.0,0.0,0.0,0.0
5222302,357.0,490.0,508.0,468.0,360.0,363.0,382.0,369.0,368.0,327.0,281.0,282.0,225.0,142.0,116.0,66.0,32.0,3.0,2.0,3.0,0.0
5300108,189171.0,200087.0,219091.0,220178.0,245521.0,267638.0,252432.0,212348.0,187844.0,157673.0,124462.0,95703.0,69884.0,48720.0,36479.0,21644.0,12252.0,5946.0,2425.0,530.0,132.0
