,1101,1102,1201,1202,1301,1302,1303,1304,1401,1402,1501,1502,1503,1504,1505,1506,1507,1601,1602,1701,1702,1703,2101,2102,2103,2104,2105,2201,2202,2203,2204,2205,2206,2301,2302,2303,2304,2305,2306,2401,2402,2403,2501,2502,2503,2504,2601,2602,2603,2604,2701,2702,2801,2802,2901,2902,2903,2904,2905,2906,2907,2908,2909,2910,3101,3102,3103,3104,3105,3106,3107,3108,3109,3110,3111,3112,3113,3201,3202,3203,3204,3301,3302,3303,3304,3305,3501,3502,3503,3504,3505,3506,3507,3508,3509,3510,3511,4101,4102,4103,4104,4105,4106,4201,4202,4203,4204,4205,4206,4207,4301,4302,4303,4304,4305,4306,4307,4308,5001,5002,5003,5101,5102,5103,5104,5105,5201,5202,5203,5204,5205,5206,5301
1101,0.0,4.954806225616647,4.1900199270896765,4.299129932372763,5.0800036399036586,5.798073705191083,4.244690711674513,3.502496846288985,5.352530604629907,3.5798094406287952,6.037277976473792,6.25916256920335,6.400422533611953,6.036050731690205,5.38292483359451,6.743744770526881,6.070241230425207,6.42056036422457,6.320838695829849,6.47170502520814,6.307210804695612,7.343306327808416,5.614771513548935,6.186389834952481,6.7143680048841246,6.277698683462747,6.843099724953675,6.37624576899669,5.333993855278103,5.515440505851051,5.791738917935133,5.7197855266318784,5.628818916926766,4.56040204590187,4.085923469772949,4.106237583022477,1.7007755067605086,5.099268232715363,6.0920335343543535,3.4521124991171326,4.783904680442566,3.877679930689464,3.2705785657937843,4.821395809001699,5.20139025668773,4.722130258067121,5.107023480152623,4.724309790059212,5.411902645468683,4.496120118417156,5.777491696727138,5.896919382082583,2.831480519483937,3.5803266747078575,5.654325517594225,5.533850338762177,6.249919577340969,5.348053279613054,5.976516333155864,6.148109568596893,5.776578633559575,5.6063700176351725,4.673524689750993,4.959001704699955,5.883463315321616,6.548270362867468,6.0793787849046295,5.397711358673751,5.449326217951329,4.948269562070449,4.689684260899281,6.107205457869384,5.790414414606978,6.4638675125778935,6.8701946768925115,6.8919476592145985,6.3929852852371045,5.6908082291093285,5.388848967475692,5.993936001104045,5.521642735414549,4.986085504751836,5.266691008091197,5.582735245952037,4.0830501081292025,4.44049947932265,5.796312795879197,5.9322519337458415,6.541460767094669,7.111163998666045,6.4415351072612,7.116661039614646,7.738087151175604,7.298015297907035,7.326540010791675,5.862125160697634,6.499313415112963,5.217044370767002,5.913901101874687,6.485419762394987,6.810625315638808,6.5124192376879,5.716491583904405,5.5699664692461885,4.432729794794365,3.92836938388689,5.7983848917522804,5.051866055590456,6.392874934120829,6.031081352619539,5.703706803441693,6.273010303174611,5.838762617788047,5.73020515387161,5.485466156118891,5.707316587752585,5.814098601400888,6.575749113372266,7.058073898721852,7.144664740993997,8.078871018089194,5.875852724407627,6.233795529343188,5.984235819974104,6.058174890022039,5.780494331400787,6.952230514134851,6.702825709447206,6.694815847212734,6.627124065684947,6.498861883178044,6.631858733938083,7.354144543248518
1102,4.954806225616647,0.0,6.156937740179137,4.919293256348916,5.088884026881086,5.466498942384591,5.721784206760911,4.51560297698872,6.748682505364073,4.5248050238495665,5.672540349160213,5.884923589061872,5.9637086845204195,5.066991271714982,6.169855902931003,6.5033232070708324,5.04857630477083,5.862832930030381,6.074694059929667,4.941160729152693,6.183128101681531,6.0401918964637,5.218385103142597,5.801135756697068,6.53558254964143,5.494554539800758,5.838622012603581,5.764399808837182,4.400201323720571,3.955057237560267,2.9585829119611016,4.346102557061072,4.019027281095672,6.614526010475566,5.285735668650229,4.034083335038813,4.659796295183855,6.46905428040531,7.807131412392186,4.41747663284038,4.728619407390442,4.47849562508689,4.029192906825649,6.312936987633695,2.2087521930261573,6.76421543165821,5.724994110580987,5.408979814757605,4.902618981183983,3.4420562825227456,4.047196782912816,4.089119104336399,4.11652908320504,4.984954324475012,6.125755565213419,5.725036185243079,5.7166908683219155,5.069153306233133,3.0467203739864015,3.719633541236595,4.122679322167084,4.637812670990493,5.488751116768269,5.079647785025259,5.223807938774972,5.624255438128074,5.526772390964929,4.921107627544222,5.618419027141828,6.329774284065887,4.557893954692117,5.336897896709418,4.629604653257008,4.995068588655603,4.858752683485122,5.653558078130549,4.842047703104908,6.502087665605153,4.6722809240376,6.272262299575224,5.016923937925002,6.826721128707867,7.281437766028443,6.877601637563295,6.607669835945759,5.778919299536718,4.658331593112284,5.084202458278479,5.403640016380153,6.384426629383573,5.909225606693881,4.1727966962186285,4.506215606429471,4.839436142101219,5.281764005167779,5.647349100486217,6.695659444015589,6.075162404907727,5.414807866854048,6.898018853761209,5.670245802230053,5.740588544939372,5.654091498344003,5.722203047090964,4.369679392400274,4.084739900182892,4.724057623673669,4.572852034874087,5.835649118188412,5.165307811880892,4.682176305007076,4.515977914436484,4.598783814780879,4.405023879099002,4.933381246127328,5.170555085477845,5.391962899480745,5.985904193073712,6.979536855852479,6.56129391989551,6.902914707834545,3.4981356115446007,3.3104790297376376,5.211446469015441,4.11629030811068,4.246472881414639,5.965582241476242,5.586735328110664,5.201192940868218,5.800974173983251,4.939659047099134,5.280240037225253,5.0037457074524445
1201,4.1900199270896765,6.156937740179137,0.0,5.142265155679455,6.707451039575325,6.178802679650955,4.592819716596813,4.382979384097939,6.8157316728062245,5.992075863859213,8.610070752446338,8.772486652647942,8.542514028483254,6.9982167940594735,8.074758166992355,8.939591505279756,7.52533505815297,7.520809991940376,7.326895895493245,8.15661816679637,7.338171459581032,8.587797110220023,8.059675954440108,8.179948189410142,8.542275730095616,7.6746108304930365,7.743696301915256,8.01105892348974,6.041157092937191,6.63502855064124,6.560787003688156,6.360062370088177,6.802725722067137,4.398740810122385,4.73181282349957,4.291299189460642,4.677036627438352,6.31264282560992,6.765387484369543,4.268506508593209,4.913801844142128,4.942913263132428,4.914407852402836,4.815809179483147,6.317633021311355,5.063303421571704,5.175966144331178,3.7907710007675757,6.396165424264743,5.589368331571944,7.344214637446234,7.364535710881028,4.078926533448089,4.568618683181607,8.127155094543793,7.637686239052114,8.611045426852431,6.781703190011926,7.695273703779425,6.974342710989746,7.145286008650142,7.336320603510415,6.612477814876405,7.0067773057770895,8.024137997289543,8.81006790777977,8.626845733312791,7.5158746627304005,8.024752916375247,6.5656453761124896,6.633817863137374,8.351802326284343,7.327473609787752,7.517110206242576,8.49775162876011,8.90819417499656,8.58633650950116,7.390785505876236,7.543426617088485,7.566364935264074,7.096971157150753,6.230898313008175,6.450047825504639,7.078527691491985,5.760594931009521,6.7336619594907,7.661940608084511,7.788250031272165,7.2467522412268,7.241264650878005,8.116890703256617,8.088993957222726,8.456362658271237,8.113630457165318,8.187189197661375,7.372779365533494,7.987989212116462,6.658454980079292,7.792993221864197,7.795811292560979,8.768116140901247,8.672272473571349,7.537745540097135,7.162900004636686,5.843339473562496,5.283658477064641,7.990112849150586,6.9876782941290205,8.787730038276667,7.154771556181619,8.03475016898145,7.343065397012536,7.264403207003229,6.66846524704085,8.016799047175859,8.165152740804063,8.310492264323084,8.9117646873224,8.058603146813859,7.605947774966337,7.784932190852039,6.704245418573881,7.127465403885402,8.008499066244285,7.640753367635358,5.47202208307415,8.387858220921862,8.558467337341016,7.801180666169887,8.447134745367732,7.502322637399653,8.273377234115959,8.59660125767614
1202,4.299129932372763,4.919293256348916,5.142265155679455,0.0,5.636971403766857,4.113880357775139,3.089382978022988,3.7671823893404146,7.6807187381454645,5.934610910345882,7.335088337023697,7.634832059814355,8.212507549339762,5.9330181879692825,7.509532576462794,8.663550464453918,6.318196083882828,7.433287024413986,7.235299960302203,7.706812547322913,8.1004293479025,8.685903204295386,7.261331082667653,7.296595179913431,8.514701036029901,6.940581136292728,7.170537189014329,8.03047257804125,5.4580812549420905,5.023786888369844,5.1869553809159195,5.443573118046448,6.191775630861518,7.300624821008385,6.376734390080935,3.5116389816781695,3.6282367691711825,8.025669466466212,9.416934485548861,1.3253938905580673,5.338323853684534,5.905402398335442,4.978956214163204,7.312529668477334,5.484803186696341,6.689425501301036,7.388955260273208,6.49875160924428,7.15096235592134,5.518132110586001,6.69047496917569,6.197376262596649,3.6134333026394234,5.314458333500197,7.750933243121386,7.54409135174072,7.685699395367278,6.832078034275231,6.109093635471524,5.365333870336443,5.919516767359022,7.337045230804927,6.910192114457242,6.417501052212134,7.816609172061504,7.751109317294315,7.440840669508947,7.0049205068968385,7.188219383307196,7.913711618931284,6.242422781714243,7.481792193382748,6.820740305698969,7.9960700453163085,7.889146708714502,8.072944407840154,7.598618397714774,8.651975184894486,6.835415269429209,8.273637539344612,7.80804294106699,8.35220703058737,8.815599977898366,8.828458914365491,7.715021668445844,7.463105398026972,7.481937700239031,7.299544623713588,8.166723982543692,8.969236863202124,8.57611883010134,8.036048030294106,8.602774543128778,8.640265482560864,8.593919421930156,8.36203468513567,9.203968787662848,8.205564465788404,7.301470637102837,9.244049783767393,8.343277980100169,8.351767347797544,8.006399496074215,8.026438230729894,6.201632081302217,5.72380564862528,6.803731869585845,6.236583190285018,8.13612474115364,7.791453946257621,6.464016058031789,6.5422534937405885,6.173079148769054,5.651471644722666,6.667697973406878,6.817680053587209,7.176030958437242,7.878277351337044,9.648541689203196,9.484326757919654,10.258469550501296,6.9506958267920105,5.628309471027783,7.442542279758047,6.535874299406659,7.103715689954009,8.835901876120907,7.899485075737181,8.520475285358403,7.799644142198223,6.600825947855497,7.476332635446606,7.975400073296066
1301,5.0800036399036586,5.088884026881086,6.707451039575325,5.636971403766857,0.0,3.4234617966095247,4.738894498262425,2.7996919018248327,7.3811844465730685,6.782613377422905,4.340961011074732,4.897693739844935,4.827395654988606,2.139910123950734,3.716277292797668,4.696998255041516,4.040091780604375,3.92642658860404,4.534107772869362,4.0781644788447124,4.723028702589869,4.75466295557806,4.399969904436633,3.188224273099635,3.734136098479977,3.296976882088352,3.538659979345684,4.00814566655023,2.814139504262488,5.316360103086935,4.584719131676391,2.8911199057889667,2.5641257502129076,7.300771471038352,5.576343478486563,5.257104216502903,4.108048920513197,4.811344008319916,6.912556041610682,5.095752024010613,2.634695158955953,6.200413449190783,5.0265388185140365,6.176650097209129,4.472347105550228,5.2142557760741095,7.423211142483213,6.183208528484557,5.438906070635886,5.923206571854711,4.211319435402743,4.243045203452907,4.613726671943297,3.8902975883090654,4.280669578683363,4.030779734493209,3.9328442966021404,2.970804716186472,5.297928025836157,4.718266947409057,4.015387624410416,4.6745266071861575,3.9060066394929596,3.413208250862143,5.748440451719462,4.770900643735287,5.2853946841946415,5.000843949585409,4.323174585494581,5.680567554769805,5.20921264242947,4.679900708364483,4.611604143495011,5.229726481621912,5.165751759928475,4.787148658718971,5.235027784080925,5.271127421678785,5.022431473437001,3.5421331146961306,5.544106338782627,5.854500785172101,6.846030318184038,6.297628032346087,6.776037951022458,4.124015129089105,4.371714085776716,4.537884689034987,6.357968421988997,6.644471004058825,5.390355813864739,5.6670894578679185,6.493929270959181,5.9076927730040225,5.7977922231462005,5.155456273933135,6.333867001235312,6.504721558626044,4.914423568433624,6.393522460076185,5.679198796452086,5.308762305603016,5.941614439934639,4.445878489544279,4.741978060023041,4.5086915328042325,4.634438211449826,3.984057867728933,5.345066238986798,5.9836470922699885,5.275352146728861,3.6639757212679256,3.530615607183587,3.727932298994093,3.4712427697359267,4.330999857188198,4.476547022350707,4.200742195982857,7.002271085947492,6.653534490607099,7.673732557604203,4.779361821297498,5.704938147293472,3.385736014313116,4.063588805144829,5.255698975496202,5.091236295153372,4.436456819970595,5.057133101587317,3.765885176530995,2.8767554823432624,3.2308743558959625,3.8848063059446085
1302,5.798073705191083,5.466498942384591,6.178802679650955,4.113880357775139,3.4234617966095247,0.0,3.029518549269152,2.6623558890427232,8.351565603931785,7.676995268650258,7.232413287007169,7.706189961528267,7.730400166427743,4.054147325806277,6.170161954215968,7.851420887875677,6.131851209407587,6.445844883523828,6.700040448436009,6.635461584030669,6.736397146583883,7.22680725537417,7.18123160258025,5.920582055878323,6.819805480332007,5.7880012028556065,5.5028886420616985,6.466779166294326,4.228494244815188,6.057307981770681,5.323707419488838,4.235756101369528,4.472787633176329,8.499352394495194,7.144786806012166,5.274840081829618,4.862684679212363,7.141915532295292,9.191528903838497,4.20782962844203,3.73622547921197,7.308642127903208,5.547276683933738,6.863469288204172,5.119297886087189,6.334508187118624,8.05797876392539,6.492245444112367,6.771793559280244,6.915770870597452,6.5445113433486615,6.094956246268446,4.7958960376739155,4.854529684234655,7.424109166373029,7.0799710048694635,7.0621975778120465,5.904022842014527,6.749860333407913,5.643380523124056,5.896307363673317,7.041833922742301,6.189275723792331,5.380411523392112,8.232661081923565,7.552157263791869,7.906937116263208,7.426783376062003,7.303680222216434,8.249362138393828,7.37261911814706,7.607106602327859,7.0499154668952535,7.591834044094036,7.626946152087613,7.566911680251528,7.905363410149832,8.067988799266791,7.310482975654709,6.571755943653416,8.041690219666132,8.318431359841727,9.045580978823295,8.8870271748227,8.794695410139948,6.737306798416987,7.013610059421511,7.1053676791488085,8.35813580404707,8.572845588530647,8.182813828421185,7.596872820500104,8.118096886033802,7.969749082858922,7.864959750701568,7.998276883690095,8.94477245918607,8.863615645861515,7.466600009659466,8.999412423524657,8.337107430114592,8.110063845474533,8.417134346423248,7.169588042668849,6.701471165545498,6.423067758075039,7.071239833522343,6.38792457714571,8.229336862332339,8.120796768431344,7.151933946288126,5.74878112898484,5.736433016346034,5.339811733980125,6.3695426986336825,6.745300643734084,7.19016224976073,7.2718524744228175,9.392641819283496,8.833224852750396,9.478074756531356,6.72949597026109,6.583531006508985,6.3908652111428275,6.140703563540619,6.493170389000586,7.794511142005064,7.059709841445647,7.562817060098413,5.940767836860129,4.975239352823956,5.78078084788128,6.061625748387791
1303,4.244690711674513,5.721784206760911,4.592819716596813,3.089382978022988,4.738894498262425,3.029518549269152,0.0,2.207094735115783,7.377760216699121,6.683213041050462,8.088378198588012,8.525546066102569,8.60819882949249,5.751262047257,6.78593615506697,8.758248592015342,7.261968049526076,7.449766703590857,7.425665932031955,7.711414894421987,7.563481246547517,8.37777194768257,7.932449020534552,7.164791918621601,7.898732807877444,7.0628291262117955,7.0012302462145115,7.5424470025066235,5.5321509907412105,6.798226211392937,6.416562646444556,5.699331702349786,5.8913899528299964,7.523596880663051,6.857328298152051,4.975164702743627,3.286715618012409,7.046912523010409,8.842948002798208,2.778794649371828,4.247216623041998,6.271519432635126,4.452654650191371,5.722918106160002,5.42670439993912,5.053208808116303,6.779854858487123,5.0432301629348535,6.216476109640487,6.127543915819276,7.4783934782226265,7.122713967672712,3.5366120486825716,3.860582914804076,7.875789350719935,7.7317800775727825,8.060176011985831,6.6673614795920795,7.261941277057358,6.746335991178285,6.919743879932061,7.723913590664081,5.774224837111559,5.383109736830266,8.729052990811258,8.464831759716287,8.552484854978474,8.049309479215534,7.9131848509960605,8.082920645024368,7.319429234002811,8.341054209150649,7.783375860119764,8.379171611416524,8.544020992080034,8.571745215855504,8.628000621024952,8.334430298710938,7.881329970063213,7.295575620574396,8.23171318021455,7.86568395364602,8.44931490733955,8.81046617121832,7.688010973685212,6.794605590008766,7.840601674902202,7.969936679771197,9.008427677251857,9.25038515820659,8.797895525409666,8.472723096001463,8.978133991409,8.835513905576418,8.84001698620413,8.401609330085241,9.465604127318363,8.671072940239384,8.250434684538595,9.492921636931992,9.133792961544769,8.881561966919849,8.833314206860596,7.793903015444988,6.876446271254003,6.312262061726358,7.890404613132709,7.088452712619682,8.967083350091702,8.276718961217023,7.8082150903707275,6.990934180688606,6.885893537489101,6.470272975084659,7.233260949646026,7.594694562335351,7.962538400603427,8.295875324134569,9.950876747044079,9.462264074833646,9.91303821848724,7.341039620882833,7.337660095196368,7.390205898092161,7.246744199171562,7.236222127434008,8.727194993272882,8.106271403639534,8.383856774891262,7.01860881972452,6.44804871809496,7.13082694633466,7.430339410006682
1304,3.502496846288985,4.51560297698872,4.382979384097939,3.7671823893404146,2.7996919018248327,2.6623558890427232,2.207094735115783,0.0,6.577295435827529,5.877162023362559,6.120472699522236,6.587814594365181,6.52107798992952,3.8055894951711107,5.075419165358868,6.671415280991044,5.463077912911111,5.553587439495093,5.715921720321686,5.742329395636798,5.706516495047582,6.416542782754525,5.896167727911255,5.170401815551709,5.823220891918239,5.147266877770276,5.124355485919034,5.501213001097232,3.573718406838541,5.324316060940387,4.8275143744650695,3.850170437167295,3.875747083902743,6.430066106896105,5.182965810202693,3.9745831890303074,2.557478556799669,5.212299010848172,7.057702545416589,3.1196177773712117,2.2996129143339457,5.265592898706302,3.893070187040389,4.984446545831471,4.178928629845204,4.307404379604742,6.143306504276858,4.474843668429756,5.22060104834703,5.00215455560778,5.56273576593561,5.311133274279011,2.9046510172744315,2.969704269138779,5.893878685299581,5.651034409987822,6.0614985888491795,4.51525664139192,5.905794769788179,5.211230933903638,5.164157268409856,5.722137333474599,4.307171745071839,3.942002855956062,6.790627332069229,6.574801743553388,6.667976333144274,6.081929547092495,5.976204932697691,6.325143630514337,5.6444691560356945,6.415379502396768,5.937697730995718,6.434488155249329,6.7130288040442805,6.690989827965725,6.748585233514387,6.331292636392182,5.967627132971466,5.157583451823215,6.384277582169003,6.074108404017349,6.88910521519212,6.907573196867737,6.3443036026540875,4.954156697310113,5.779942608907563,5.9667192325122835,7.181231392715716,7.434187903403837,6.768667821072808,6.76101375634059,7.321233447173775,7.017132606653378,6.959113590576659,6.331056102275635,7.414546825779312,6.8704751584703185,6.329163736259379,7.4780489610434335,7.209322473051419,6.853468839635764,6.889578994693026,5.642013161547323,4.937962738080722,4.485541749596624,6.022259757718362,5.096434274480053,6.972190567863128,6.542622944811096,6.064069792130822,5.12269418488676,4.928461085075417,4.649725979084009,5.375461940903979,5.631121630397954,5.963449673035745,6.307090768837448,7.989241380982213,7.536717086326902,8.193626969101967,5.531710898029655,5.922653905002468,5.292723037166312,5.382676526850301,5.375855926972571,6.6623105583888504,6.21220905461259,6.38205713900539,5.334547332576431,4.642638416207051,5.183002938030969,5.606171173741154
1401,5.352530604629907,6.748682505364073,6.8157316728062245,7.6807187381454645,7.3811844465730685,8.351565603931785,7.377760216699121,6.577295435827529,0.0,4.945456857493244,8.08977303455927,8.201510775608837,7.58165150388398,8.215510687912074,6.8996209139345455,7.737288560409973,8.158733709601366,7.420834614093592,6.8694822474063315,7.3097473675327045,7.1060809684283495,7.946952924889087,7.2513698437980505,8.117961605701979,7.771238616751532,7.9182943886608035,8.356415355531817,7.182217947044281,7.363300604624246,7.877045752658986,7.764765053680164,7.649341694107247,7.328871281210214,6.069744983302063,6.582669704331336,6.689841877200981,5.862600040146507,6.159623218175073,7.0727254838837075,6.794991538251027,7.069852541317891,5.537278430288249,5.6730890022054705,6.228527184283138,6.799859669495118,6.437404122341382,4.121572142587618,6.451371631039084,6.543234925994971,6.735634670414519,7.2863979510103345,8.019940576891885,5.8146918173726565,6.259226731295873,7.550331495937432,7.327552751472635,7.975256763573547,7.20259611388707,7.5999853259794214,8.3173340155939,7.8817899081613385,6.851151217197042,6.67431861520551,7.137492263576387,6.894892148620193,8.23135285000552,7.9318746743479185,7.225703567134533,7.61683618159318,6.442947143609723,7.106695059663603,7.819435648689429,7.607131971888176,7.0394194132396475,7.753554916022312,8.295143123895004,7.798597091076591,6.3911947487619845,7.174463662105436,7.017728005576377,6.4538364579303265,6.355629573017174,6.017896525866626,6.511656330115997,5.5227535673836785,5.890251951875201,6.899148090973797,7.200931273743188,7.337339059057903,7.661173352860237,7.1041148637624545,7.632901955344719,7.334472493844067,7.571522596139253,7.676712236932471,6.86267730225819,7.0883725374289215,6.319375737923921,7.590983304215509,7.233187516494477,7.70547048798985,7.164838989546101,6.830594777087013,7.038578131466114,6.713189459109816,6.200382659068175,7.617239411284209,7.090347183445611,7.6677323988887,7.078368358343131,7.925895371369601,7.960890279195775,7.847222085473432,7.901083111149793,7.570182735412653,8.023962680712476,7.903111094356076,8.339415602821974,7.390049214960466,7.455065403896421,8.102053872433183,7.2942107248771375,8.3331644587813,7.801557862562334,7.91755052026257,7.195816357978194,7.529054398810654,7.891539554756984,7.363362311578993,7.747610042027757,8.239209271516977,8.341718273430292,8.491934982398222
1402,3.5798094406287952,4.5248050238495665,5.992075863859213,5.934610910345882,6.782613377422905,7.676995268650258,6.683213041050462,5.877162023362559,4.945456857493244,0.0,6.5945419899638456,6.700818055867499,6.371309568837451,7.468696727112118,6.571873484054931,6.780866239879218,6.788323197408308,7.123443556598486,7.061358118711083,6.228548035023503,6.9189415558086536,7.48180287332565,5.857224060257536,7.353186517435819,7.321491620667459,7.109150172389933,7.718022023828112,6.652488204658038,6.351538658985079,5.834921481949468,6.20722796460071,6.682434248977572,6.681423014591371,4.394294901991457,5.058201125049245,4.875672228041903,4.546331561004833,5.862893330038146,6.620210896377455,5.204307406310501,6.6645763871325,3.8151736238032776,4.8244522354094075,6.44962835966742,5.491389476170764,6.46152720414935,5.080054137001213,6.049584459791004,6.119422040460859,4.8048831607662885,5.582840037239781,6.425119839010868,4.375877217616246,5.8074867677573865,6.557551212133883,6.260840208349406,6.838004843260368,6.218507567910936,6.128717488269184,6.587792861697533,6.423056338776818,5.7230068780215895,6.453595127311953,6.922502616174378,5.020791174887727,6.927842041419653,6.064227443121494,5.408928023539023,6.068477031104351,5.333164799642022,5.135164776040083,6.255350446549473,6.068700584141026,5.895706707182554,6.427364304747762,7.18557237213956,6.021749432149497,5.796412085532408,5.392572963348842,6.685642109028587,5.162063113626998,5.748451238984599,5.378465311303186,5.540817039761602,4.046098502945642,5.292832101165519,5.646882297506822,5.688561116049257,5.8855297093829995,6.758843819946969,6.016404085005183,6.496049249737241,6.382730879894762,6.503336757060834,6.759445755337574,5.776322961143808,6.049484322679016,4.77736625221044,6.089056885560626,6.1812245813306514,6.259530586196606,5.838013974466337,5.044221372367761,6.452228457173108,4.975197083002748,4.587035264982001,5.956708644877477,5.339490986891249,6.057760434119004,6.033811885651398,5.767169363823907,6.6539443133281,6.297308121458677,6.3632080511204006,6.206201508450434,6.36072222792196,6.247439725432469,7.027574971196216,6.301797382202892,6.674794102668046,7.603851423889978,5.936961402083473,6.205912699124521,6.9327237006827,6.695623839873612,6.000332114939501,6.679022839249482,6.968164471137027,6.41685696797194,7.5914797364565025,7.510684930719928,7.788665441629172,7.892577676676421
1501,6.037277976473792,5.672540349160213,8.610070752446338,7.335088337023697,4.340961011074732,7.232413287007169,8.088378198588012,6.120472699522236,8.08977303455927,6.5945419899638456,0.0,0.8404577526179677,2.700284119563034,3.828082677483914,5.174988063106322,2.8566656746353827,2.541352108163395,3.62255895784488,4.272223212997713,3.681951058308306,5.495840945182423,4.638876610053447,1.603718185784618,2.6548501832288536,3.809524406974177,3.057698492905249,4.154813307454024,4.578219944251664,4.143064329871168,4.095366500651694,4.403741224829795,4.173956898404409,4.170867374773191,7.355809344123924,4.834435815284019,5.765561054854704,5.695113908494508,5.582855460729952,6.5421549814224145,6.871824276787627,5.352979481600876,6.313214454119483,6.774549826451897,8.386496290095153,5.893300670595882,7.307175004176249,8.621572791133048,8.293449630218229,7.016729700535235,5.636614990178706,3.0331752652989654,2.8639364215415473,6.278049076139637,6.46599839228443,2.2043062130491236,2.048302972005202,1.4414021307108569,2.840728584593123,4.3873921456809795,4.120952745119767,2.86781581507849,3.5121100786035053,5.225683983340012,5.2241280620534765,3.3619010370539546,1.7882037629314635,1.5565631925084544,2.1015697627329883,1.173310508631617,4.731600631053361,2.8953254784902986,1.7086669079639802,2.74344719002356,4.417136693753026,3.799956543816641,2.7002233978004395,2.4288983958158257,4.79595943864791,2.3327025483199524,4.656769466785882,4.375063847000338,5.549438491276556,6.7399111683357456,5.375032824330802,6.339536013049361,4.817228654861536,3.2347505333962294,2.950535044876862,5.0600726136496705,6.152294840833858,3.989437450137739,5.160285979750318,6.2498058602757345,5.589813704169005,5.2548358094398715,4.003096757940418,4.941637805818736,5.071335542554187,2.432030346024914,5.041715269121258,3.4225903253846215,3.267391813789558,3.8589232264666773,3.9576307036927445,3.294095991531708,3.71244507939677,1.8939530688070492,2.134873050316109,2.2947638988338084,4.753940069717785,2.346708609416403,3.297440846760764,2.471739003929381,3.4030337675043105,1.6398106254349267,1.32465551402435,0.6779879158781738,1.3109749033231826,5.822434946092863,6.180917356937335,7.743300018985703,4.420585788142356,4.463391444684909,2.2284861008853354,2.9217667743311253,5.62678831784728,4.396081905903479,3.1826553835362676,4.5783882295524405,5.255250883335774,3.9008324710800863,3.5249956435476175,4.848115858327635
1502,6.25916256920335,5.884923589061872,8.772486652647942,7.634832059814355,4.897693739844935,7.706189961528267,8.525546066102569,6.587814594365181,8.201510775608837,6.700818055867499,0.8404577526179677,0.0,2.4184211337255532,4.169906329817038,5.3538568962674,2.671039935416334,2.3234492315443442,3.3460694829817603,4.036776333790921,3.6379885518717208,5.280194424633127,4.48725367688269,1.4786293228411087,2.713316271609528,3.867678568729952,2.8791936921671386,4.072727829624625,4.668561829870024,4.411787806982899,4.2912775245687955,4.553391450636902,4.308755335946411,4.417751901685617,7.412777016983001,4.849677916223873,6.014294254799524,5.995705079921346,5.546638191078242,6.340118319704221,7.123522083208442,5.577492625210607,6.32705582888593,6.906502007116404,8.39839467013699,6.090775134901354,7.300399641174413,8.68992354456961,8.541647766893155,7.01172318514479,5.840265136270289,2.9807386373657443,3.221437725875276,6.397017962693338,6.683208718056644,2.211875767797302,1.8716207465390016,1.3856399359474016,3.106440599134301,4.384806740461985,4.377179879329265,2.8643661659455053,3.286108336680333,5.3847953727215625,5.467126008111656,3.1234019706490237,1.4499592261444325,1.425160362782455,1.9018477404245269,1.2440404012500463,4.367561435695399,2.8852589568766307,1.5345516970473638,2.5081185697177126,4.2019927564479165,3.549559232796111,2.3767347194033057,2.1806460028757866,4.604216566355919,2.102814696666328,4.852236101372418,4.072278362876489,5.382520857543124,6.5142226977297195,5.110980017679813,6.24666427212876,4.825751960276477,3.1023763592222107,2.8258018435190797,4.667088708509609,5.7525957657878015,3.6892089624783133,5.006907982669783,6.214432332121173,5.437056353526467,5.040701422214578,3.80655880160849,4.613495364669898,4.75853567191964,1.903006353703865,4.671349806838897,3.062604936952187,3.0895621281168797,3.5874184514468,3.838393065873206,3.4464572110350047,3.735684999624162,1.4788498716776215,2.3066689696976486,1.98614088337317,4.355126472544426,2.781802081348142,3.3796796542389145,2.89736666795345,3.672829507021718,1.7076167584936839,2.040665910371873,1.0891051259013367,1.4790804657886567,5.485705411499275,5.886379732728693,7.491395384431214,4.357557604413612,4.550002054516258,2.4329507261462,2.850560542812844,5.794294384929092,4.309069341296424,2.830411524590378,4.472686696197504,5.357725798908442,4.116695711207834,3.7277263601046853,5.149973038566957
1503,6.400422533611953,5.9637086845204195,8.542514028483254,8.212507549339762,4.827395654988606,7.730400166427743,8.60819882949249,6.52107798992952,7.58165150388398,6.371309568837451,2.700284119563034,2.4184211337255532,0.0,4.399099582317104,4.473653375090992,1.0166787913685296,3.2121168735249905,3.1501915505783087,4.1317781792411274,2.282060079087017,3.3462279334104266,2.799180564741109,1.4704995537530698,2.9032671169501225,2.386487092341145,2.739684268628823,3.3673445912850672,2.6303845129925416,4.148000559017719,4.980775468595409,5.156914617469896,4.044218642469441,3.8998317379621135,6.599965329610032,5.033901922976927,6.2678127783637585,6.292818429150199,4.030156826708422,5.220419962144975,7.531516485414514,5.315498899450091,5.766780910708177,6.955125691818474,7.594154805127678,6.170710903447536,6.687383246540835,8.146531935406738,8.122582300982925,6.57965992156877,6.263872608085771,2.706819866693201,4.219775887988533,6.193062150604567,6.677515959556696,3.1102839906766278,2.1340705809548854,2.4087699054006766,2.968096672658659,5.281116539561065,5.16848034318396,3.8118195494020317,2.1328843263647173,5.332001284207387,5.458024107973344,2.091540647259995,2.6210583583987166,2.4440659452657703,2.116259145177746,2.7922313529717337,3.65496103593754,3.7977836188214087,2.332047611462875,3.173274132536084,2.900912266078749,2.9249558836659766,2.8347816242497164,2.4668936998240625,2.7818679745115125,2.1789003026517637,3.2432946411108854,3.2241454011176156,4.506741069019091,5.110691423218668,3.6144239292987104,5.394121083946819,3.5224740763353646,1.5382133128920552,1.3214948530510686,3.4282177850903497,4.254884306938226,1.8737423436304048,4.610204121121989,5.263112573910989,4.260988740268792,3.397762102719264,2.746645068125336,2.703624447342501,3.6064705177729093,1.654768518069099,3.0321352648688795,1.7678084187153509,1.563337074134822,2.665209425506397,2.7998546943492264,3.6716282394599773,3.695738096085863,2.0605158195930438,2.34392716599008,1.2335260526148197,3.724934722281021,4.0890232793545085,3.770807269505377,3.357269227748502,4.214348484186442,2.783955624215793,3.3562588073004105,2.543498507188667,2.6181434597179125,3.771363172400934,4.221870682082291,6.15111883661231,4.227731652409362,5.3984202804428305,2.61289242482982,3.261574151826442,5.173586002972041,2.252471678636442,2.091910316876273,3.347216037968432,4.299575238145134,4.359961743756297,3.876971603734807,5.098666232062605
1504,6.036050731690205,5.066991271714982,6.9982167940594735,5.9330181879692825,2.139910123950734,4.054147325806277,5.751262047257,3.8055894951711107,8.215510687912074,7.468696727112118,3.828082677483914,4.169906329817038,4.399099582317104,0.0,5.065802815152005,4.477670510520764,2.5667937064285313,3.055754566643222,3.730935244906404,3.70868039112676,4.763498333862171,4.364807164908823,3.999156529200477,2.457406656013355,3.8673376963837844,2.116184183935782,2.1974054669388927,4.264591495003463,1.7259424232675429,4.214106382716698,3.380353076895211,1.6259329176456916,2.2899117117552388,7.5125829963520445,5.19128910527618,4.894710011034852,5.129360946667421,5.28703482536177,6.895399381087639,5.488851947700028,2.590277978076528,6.34384329231763,6.005709857026836,7.078724420277522,4.585532811356904,5.931633782692645,8.067691925058552,6.830968242838476,6.153956394343113,5.644873833822916,3.5245094926100635,3.1803541827359183,5.027360332409172,5.050571304848493,4.105098493214743,3.5922101225098073,3.5398394839557126,2.52881992831532,4.862567016813179,3.3612210489791026,2.7210700414973013,4.272624494282087,4.730046644484972,4.264501551182842,5.468633451553263,3.977300470781349,4.812082437188852,4.401013491346386,4.007870011274811,5.69956064977502,4.678864637329403,4.204092414797296,3.845912345201933,4.782576510497278,4.61619677167209,4.0824051426506,4.718890018584972,5.643229164427254,4.445307059155272,4.369000711029081,5.387061751852993,6.075363097563203,7.308877047784452,6.445227426547175,7.196871450760251,5.072091160661997,4.1306894804730065,4.097622501060264,5.739646078778126,6.192691120968943,5.098989753357027,5.153486369328666,6.128896033323787,5.632058657073528,5.30027618396965,5.041110622371649,6.246531649136934,6.382590273213393,4.138605017626189,6.235059614288216,5.1637726598970906,5.032372799123901,5.672684395363671,4.529763304514466,4.190827631861648,4.0868672968164645,3.865491620361511,3.3196713454404874,4.947417151184395,5.372766926165615,4.6759613241431115,2.346198890827712,2.3243523414555374,2.2853585341695477,3.2142566443151526,3.8225994271118444,3.8590035298685974,3.60505119615897,6.830096839001253,6.460440924825713,7.525068411163086,4.2176054290701,4.478330929910293,2.928607654737017,2.9874053473835414,4.835374166479755,4.928426381220307,3.7082433852959586,4.73176853230472,4.314969878766922,1.8659978584766974,2.6886356022846596,3.689641024364315
1505,5.38292483359451,6.169855902931003,8.074758166992355,7.509532576462794,3.716277292797668,6.170161954215968,6.78593615506697,5.075419165358868,6.8996209139345455,6.571873484054931,5.174988063106322,5.3538568962674,4.473653375090992,5.065802815152005,0.0,4.526543575958881,5.7454365028796435,5.181763186673819,5.937344372874001,4.38603850859367,3.598143427910428,4.654182359711911,4.407934407917952,4.16844591981825,3.4216691770715575,4.7944594417748965,5.007914252675985,3.181670939298102,5.344988011812273,6.98511995976355,6.580503019586553,5.116297986320055,4.099629332596705,7.870111790656282,6.56233367311997,7.201613656003531,4.996011303345647,4.451977144899683,6.744062324448145,6.868993215690387,4.98911644337036,6.768819288702178,5.451169069063217,5.976114164825069,5.654784856160171,5.9749303064929995,7.610899597752441,7.377360924768601,5.597269424753234,7.312186789961924,5.289904928848124,6.23549468561636,5.826741726932629,5.138114015121006,4.82152946947901,4.527961629192538,4.5188089264932065,4.706844916300554,6.289807384144658,6.987003299563173,5.869791593081358,4.503822856081764,4.210429605465183,3.6469833987538243,5.318640928668607,5.36615405545481,5.507856585986867,5.259565022413778,5.170268238400574,5.5778639837329935,6.0688947352709945,5.28815855711989,5.662246075984569,5.565691416077344,5.6229740436905855,5.408498522227926,5.471512922145157,4.224822049551947,5.073096701724224,3.249314028773638,5.3910858094802965,5.566710258627071,5.970551240844292,5.551530044546707,6.599063140677135,2.6830642871138797,4.0471157347638425,4.694481205044578,6.348012751841242,6.5844307417238594,5.125584719246084,6.316777778971028,6.832518316533446,5.998605913505401,5.7213929706204185,5.070940490751059,5.3299441371871055,6.0087505114161806,5.235944414299403,5.757957131690489,5.459994081413435,4.967479938549054,5.6348151694926445,3.4829578405317414,5.668004708749973,5.432682517884008,5.034898580723176,5.095595588422996,5.141777646403857,6.039365782707365,6.182666431327289,5.8799051415380905,5.6672289599911485,6.252281663222787,4.289170960719145,5.327566710807819,5.244027784664805,5.24503892483513,6.307377779843005,6.188867992964165,7.434764318678662,5.794775682403201,7.4607143056634415,4.046861092778951,5.253573963314747,6.494430597371287,4.836578695199483,4.7513638037898644,5.384715727965829,2.707747902385043,5.402264361003884,4.333136820342452,5.172172070576228
1506,6.743744770526881,6.5033232070708324,8.939591505279756,8.663550464453918,4.696998255041516,7.851420887875677,8.758248592015342,6.671415280991044,7.737288560409973,6.780866239879218,2.8566656746353827,2.671039935416334,1.0166787913685296,4.477670510520764,4.526543575958881,0.0,3.616491589065771,3.075813052915552,4.072133247619251,2.37471979645773,3.670801280170123,2.713055311201762,2.055488689478468,2.987508441231119,1.9329515207466423,2.9354036981723026,3.571961579081805,2.703434439210161,4.409543492015492,5.698642082706753,5.714093838836374,4.430173803288389,4.139097367282809,6.962884956276286,5.462765680018557,6.798998202377976,6.5368806073668155,3.979121648103116,5.250522345783993,7.921585159293269,5.4002339569602436,6.163934503471961,7.185954761825227,7.779428020284181,6.481462445478043,6.63194224266446,8.389343709139474,8.212691708677374,6.611004380057445,6.650246418010842,3.1401771183263416,4.508638371387937,6.581049712850574,6.647712860911423,2.9177897260255157,2.1499989639542014,2.2506293255715826,2.9194639843931003,5.644890005038837,5.627851571871063,4.1932018475681465,2.7908616653616387,5.153632426732199,5.437532364262845,2.863902545079147,2.670846638607635,3.0385496210165477,2.9339206873813453,2.804689297923142,3.7361975203760487,4.265828183453794,2.532314841102895,3.534051589937254,3.12837802937676,3.0307885759885065,2.780485355017072,2.95616982774954,2.873127280230129,3.0847596852837667,2.9335157141752006,3.379878301883124,4.515542422999628,5.255664907746209,3.7989913437825993,5.591078882313379,3.586323571913658,2.106759065166509,1.961756900461296,4.064661112071928,4.634908355474363,1.916194566450234,4.737495050912212,5.470252893353495,4.419031722706107,3.767082026807034,2.8137072853252976,3.1672882707108143,4.093202912481623,2.4561289788309084,3.361953304330037,2.168012777502419,1.825623874088483,3.292657846871852,3.1377343140687177,4.1892736941269275,4.1949038457192085,2.781905767346708,2.8794293991976767,1.9236169645068748,4.146836792178563,4.660088347303397,3.858298154178529,3.565926629433566,4.470583431340065,2.8502145344380767,3.7521626024322123,2.8786630288965753,2.396106026865013,4.079711524338661,4.486014193578947,6.295173525040682,4.466545451863853,6.0100016699259795,2.59063491092283,3.6860836724827326,5.60093074792629,2.2485753826154626,2.2505161472965436,3.3076824177147377,4.2464927539822925,4.267411883173766,3.8504922675499915,4.940507229363996
1507,6.070241230425207,5.04857630477083,7.52533505815297,6.318196083882828,4.040091780604375,6.131851209407587,7.261968049526076,5.463077912911111,8.158733709601366,6.788323197408308,2.541352108163395,2.3234492315443442,3.2121168735249905,2.5667937064285313,5.7454365028796435,3.616491589065771,0.0,2.4390253242475994,3.1611764360523726,3.3718922211590154,4.928749192209538,4.223664032014556,2.577813264096213,2.593730273181309,4.089125309463644,1.680298890914815,2.7113363241381343,4.5589080580156125,2.6293450404125616,3.123178713526413,2.909142667999567,2.3052264293396356,3.358863577759968,7.040110081760561,4.512682142394644,4.671025242397531,5.543020036848042,5.448505858453877,6.475221575432969,5.821224509751163,4.154619328953862,5.857590283916,6.367739458386126,7.845892021124426,5.181287949013733,6.6001976234001,8.206728899203192,7.687333807171562,6.565409402121624,5.302068583906014,2.289898637841752,2.428403513065143,5.3592993664346364,5.962977435005097,3.366832622085234,2.5743963656376754,2.4995175693415734,2.5268549276704584,3.928034569707853,2.6794449754839857,1.2796890433441253,3.2944967054526533,5.32540198604293,5.271199533902404,3.9247053228392663,2.4069776467439468,3.0182922902010754,2.5431955655415073,2.7022045686258775,4.680272615274519,3.139802038251077,2.557078831515774,2.095293529768635,3.847993066761833,3.4232548502443367,2.8163991498101857,3.0032970539031725,5.108279124497445,2.6495469270274774,5.00527734445341,4.2618821098601645,5.629148870591159,6.756429660127312,5.625565696076364,6.537603055267848,5.144005272888432,3.245131991091068,2.880102644773487,4.298821872666843,5.291843592923863,4.06248943135067,4.49753120959476,5.677742618362664,5.081371114843223,4.62193581362863,4.236355192692732,5.215962071587298,5.149445688499227,2.0785219083106092,5.157329715152675,3.5834201475774976,3.8882788746762587,4.210792954180491,4.216503577879861,3.235940437000298,3.2080854529518925,1.8237938309912414,2.00351048624882,3.2996537271459747,4.194089101055989,3.353174621231229,1.795786708097935,1.5821107418581049,1.823314459354275,2.2322702569849513,2.9336291303477022,2.4936800145017464,2.565410658032996,5.7941715829601925,5.779505757516362,7.159787092932107,3.6692535375731987,3.265677773862593,2.7105163430512613,2.0226442199637895,4.881125118544078,4.424157769196246,2.8207380010125154,4.2875907618091915,5.20844983751689,2.7139127601656776,3.4070292736186323,4.686577910242688
1601,6.42056036422457,5.862832930030381,7.520809991940376,7.433287024413986,3.92642658860404,6.445844883523828,7.449766703590857,5.553587439495093,7.420834614093592,7.123443556598486,3.62255895784488,3.3460694829817603,3.1501915505783087,3.055754566643222,5.181763186673819,3.075813052915552,2.4390253242475994,0.0,1.6188736834872564,3.038346159564361,3.876729550032734,3.199387690511769,3.1125406184219444,2.7864388447019772,3.0091756899341724,1.6719620927146126,2.5092710497780457,3.8393688658929963,3.1489992400973636,5.083958568936027,4.350648126011689,2.885013367216175,3.228550433209712,6.901682503945046,4.892275529781446,5.744090927010659,5.903548280656238,4.23965797523032,5.459205229577835,6.582548456904191,3.669316633551367,5.821248797509595,6.20851412740883,6.882146295442198,5.377066372885095,5.518823491130556,7.523594855996539,7.09225776801092,5.655008712431038,5.924475604677816,2.8765405614247825,3.8771410408952516,5.592602716913915,5.419419174929482,3.2659466041142737,2.4038760994796466,2.701303035092815,2.3148651805242713,4.741261153428984,4.434351552578549,2.8855630953564595,3.1948570831218785,4.524330961340927,4.8282764261067905,4.370481560638964,3.0120595082622663,4.278518086673145,3.6190553986413208,3.4021431328987477,3.9127084697063164,4.21735048776608,3.2095983989327297,2.7821526060489257,3.231688869686785,3.2571674712198355,2.8451239278329936,3.78326042434434,4.099221642645882,3.7415323712753237,3.950465104850358,3.5553011308895552,4.71000544344669,5.814749061576954,4.87332051063193,6.087306987383416,4.3537138501934605,3.0958817731009303,3.204447845064033,4.126008619699554,4.513162247605261,3.3489776655132313,4.0467628486634935,5.264532964882371,4.426069865973342,4.07113372568238,3.5688780248742753,4.665655330715042,4.825247617173142,2.7939427308901164,4.485697312210447,3.629842633166748,3.7945224796946984,4.446922160070444,3.569356053932044,4.032329251621194,3.6481335169676132,3.1015030807613746,3.1559993199342147,3.722810823850607,3.7630087931146368,5.132124249804922,2.3715343850957766,3.0297841698302936,3.2515947698299237,2.8851529610139672,4.415267064771175,3.725129064491743,3.128678265644569,5.1430924188063605,4.906844731779585,6.054072281846652,3.62724867524318,5.042605742946063,2.7986393524860573,2.9887312045844627,4.943014097345435,3.644314082993522,2.5691458149568733,3.4984025830073313,4.452137191301257,2.6992308295976466,3.2704508721307635,4.322551042625145
1602,6.320838695829849,6.074694059929667,7.326895895493245,7.235299960302203,4.534107772869362,6.700040448436009,7.425665932031955,5.715921720321686,6.8694822474063315,7.061358118711083,4.272223212997713,4.036776333790921,4.1317781792411274,3.730935244906404,5.937344372874001,4.072133247619251,3.1611764360523726,1.6188736834872564,0.0,3.9978078554917413,4.767678873665312,4.3654397446721935,3.938769505740256,3.7371522483339867,4.1890169503050965,2.833271849353729,3.5270192520424652,4.82754581392038,3.6757767855011974,5.206607955327662,4.593848369091439,3.5643107332754282,4.0963075766222605,6.812605990808928,4.928240601594171,5.601951137892274,5.855820321993775,4.7744016392782616,5.748554660553969,6.408803929818405,4.0844320391636595,5.880326520789545,6.29375573140788,7.05878551619901,5.663354941833609,5.612093284991045,7.249388156463583,7.105051433928458,6.001621895706629,5.9318470593373736,3.5652154338885755,4.310198994304317,5.52867955987847,5.576473799922859,3.9553332422285683,3.333044031402656,3.7361614650730552,3.1367557304123146,5.0960808096522525,4.712151060175706,3.47781136225709,4.09541885830704,4.949176115131397,5.364182272913483,4.908963178950717,3.8775854272198593,4.810844268675731,4.167550841798615,3.9668242674726377,4.307644319520397,4.426260682542404,3.8933283921754525,3.41552253990619,4.002432363094946,4.125503819904341,3.850848334813709,4.426027482502068,4.795331356334117,4.332898347875419,4.804823065886075,4.20606944933977,5.039048874722851,6.101178764170312,5.3329968967110215,6.167905822064833,4.976175804597939,4.017284197529589,4.012304455141104,4.6786869700181795,5.1430265996873885,4.173703935438812,4.6145345777478175,5.692210250973229,5.221511477406339,4.930153824001407,4.2203338657240135,5.302407841934354,5.153470619714263,3.5340130496852957,5.100859485862047,4.452149251349996,4.484693551972836,4.890205141617733,4.441759219671947,4.329460582086445,3.9287138075470236,3.8031898337651073,3.7285752828209775,4.4805106929240655,4.318552158986954,5.44609232196772,3.1929726670738674,3.64910799795478,3.683170197389329,3.686100848099639,4.9201040988072355,4.338749669284079,3.9715329650038154,5.726299940768706,5.552734346591003,6.591163269456373,4.213460745631537,5.210370096470548,3.779371028266365,3.809992255423178,5.3338645905148505,4.6348343832933585,3.6907911433001335,4.3405110038515025,5.403348368216141,3.5872985824752184,4.2521838586466085,5.123446453711127
1701,6.47170502520814,4.941160729152693,8.15661816679637,7.706812547322913,4.0781644788447124,6.635461584030669,7.711414894421987,5.742329395636798,7.3097473675327045,6.228548035023503,3.681951058308306,3.6379885518717208,2.282060079087017,3.70868039112676,4.38603850859367,2.37471979645773,3.3718922211590154,3.038346159564361,3.9978078554917413,0.0,2.9930124274653642,1.8593154292410519,2.8185495354684664,3.033145469094567,2.340342340608255,2.472317319736512,2.6421509877870384,2.1021058711247735,3.42681206336041,5.102362170750879,4.513567908509162,3.241671547650974,2.82966888858318,6.944208787592379,5.522000623464652,6.078623941062925,6.041414375777381,4.012676471695172,5.755287300465954,6.947939229341447,4.406258692545023,5.47803832266383,6.163805386340331,6.893042463700127,4.693008359778378,6.036582171530135,7.413998270204829,7.268773059552024,5.4452361274134535,5.861523084242707,2.455601864060211,4.018904543695232,5.519281726898024,5.888474382522073,3.839513657429587,3.065963271256993,2.9177646558046195,2.9178440921231816,4.619128694214198,4.673503747323893,3.505527021522946,2.320695648507741,4.720630507350793,4.728505815512158,3.177512169553154,3.078042143527239,3.856973538737957,3.3976108199209616,3.6790513565337823,4.32821978834091,4.475307216464777,3.1473732149303624,3.3960651874580874,2.2428957989195095,2.1971501261207824,2.815204086426175,2.9766263541417786,3.5356283497641003,3.325155990904603,3.0371619877691174,3.2401762644892904,5.019213029667726,5.597695564321615,4.552930327976374,5.927738822060749,3.6080707976079487,1.527968475961869,2.063445217022316,3.6500555724793853,4.252660173126178,2.2021009877526185,3.31739316842461,3.639079402814895,3.010344724830618,2.5574899521571233,3.0810138071507116,3.8363797222374894,4.540180653997098,3.0155944559018315,4.09072599638275,2.394664032101667,2.2213396362061935,3.7100380565571673,3.4383676631204225,4.204006551971454,3.962588690581606,2.8306517426897195,2.953379997423826,2.8872417300717377,3.629683340582271,4.735022904606761,2.973318172424121,3.2102153216289886,3.865234230578986,2.954311451925932,4.193016265976078,3.594989858648947,3.123326862170945,4.341647885766562,4.189088227881624,5.585009112114115,3.3180727017450624,5.05091497853536,2.696172354469826,2.9221875028697655,4.798632070106043,2.1023977604823636,1.6379293761740907,2.354833024566977,3.307756354061548,3.350834016201378,3.20211948991225,3.5274004353736186
1702,6.307210804695612,6.183128101681531,7.338171459581032,8.1004293479025,4.723028702589869,6.736397146583883,7.563481246547517,5.706516495047582,7.1060809684283495,6.9189415558086536,5.495840945182423,5.280194424633127,3.3462279334104266,4.763498333862171,3.598143427910428,3.670801280170123,4.928749192209538,3.876729550032734,4.767678873665312,2.9930124274653642,0.0,2.49730813018477,4.142931100166163,3.943116811019631,2.605181660830908,3.594359510059192,3.1936853710599955,1.7166372356606463,4.227247660823144,6.450731955938168,5.977822669033777,4.033157442721899,3.4805772778283557,6.715410882005689,5.725808243893148,6.778978675344581,6.215470070508755,2.7934666830179804,4.865374492328541,7.252246660019868,4.429567241743334,5.750310487834291,6.105148910557017,5.387394912835591,5.776881690298624,5.255683986654672,7.122286243466349,6.869546738684104,5.410211803880262,6.9388256825330155,4.3141771571825736,5.887386145182162,5.495994709455134,5.714082219455889,5.088441742067605,4.086137604301265,4.6722221500402945,4.105704614614618,6.425632117542695,6.4113579769769595,5.261079154949676,3.0472813858052654,4.9011799087222965,4.868757188615323,4.5767710723291755,5.036893319614759,5.595967617473453,4.7042081662301545,5.381742786956758,4.282100416310847,5.901179320672888,5.157210855332729,5.079513141828414,3.7523382955302296,4.382524235800215,4.799486815200498,5.15905892406467,2.9742367380773542,4.526164043408304,2.838426009093242,4.105485247190592,4.354305210598802,4.5443137944531875,4.077201260447403,5.680928705760368,2.739137672205508,2.8493878421201657,3.524770408591607,4.217487323952607,3.9036690233750746,3.398428541501168,5.009759647510983,5.369702107137525,4.289482490427759,3.4317152174014143,3.896773740840836,3.6180503174440113,4.561836377834583,4.184262351001692,3.925144912829708,4.146931950198104,4.008494275172418,4.668588984438633,2.9507222544817604,5.11225228732764,4.672625161745741,4.529482302119256,4.447661391514454,4.5694065390342615,4.289823301675125,6.5223092308816115,4.974544551171109,5.106931084635835,5.492049945278731,4.712784090553607,5.805502149178698,5.322394223676645,5.228825333944548,4.245110774856061,3.770287467220489,5.172943344034157,4.742012838146927,6.820350029924543,4.0197186035069015,4.534032326870684,5.0889181417672775,3.027022194947188,3.379536207652731,3.709596835452334,2.987579335538244,4.8294023313025045,4.374647083694596,5.272365883375131
1703,7.343306327808416,6.0401918964637,8.587797110220023,8.685903204295386,4.75466295557806,7.22680725537417,8.37777194768257,6.416542782754525,7.946952924889087,7.48180287332565,4.638876610053447,4.48725367688269,2.799180564741109,4.364807164908823,4.654182359711911,2.713055311201762,4.223664032014556,3.199387690511769,4.3654397446721935,1.8593154292410519,2.49730813018477,0.0,3.611247852157403,3.5495370915882978,2.1813557689912906,2.902099613443719,2.8420588059568646,1.9969843133923257,4.096840594792494,6.159787714009501,5.5839691391107955,3.8743967596201374,2.984426527582059,7.4517086079325185,6.209859307102834,7.036486083495235,6.96821711918684,3.94937454140085,5.617468958017453,7.8444277623842895,4.802122628648052,5.866687061760861,6.688496140763029,6.798068009279038,5.73362322610354,6.216420213037069,7.816653304322792,7.385202329932181,5.531327833904313,6.653129344005485,3.6254774776018586,4.8178822795649054,6.320601352026988,6.318977831609802,4.481960847112722,3.6340034392441,3.6497169988359497,3.5008693685140897,5.421091622729872,5.611280431549591,4.391312842515866,2.403514544368852,4.963590607850093,4.92819638280511,4.26870535970043,3.618308255570625,4.867792672261077,4.300196544993583,4.664375743351317,4.613519786425769,5.474369688063189,4.133501979243628,4.295086331792433,2.6810313910167096,2.594557601953502,3.0862482807635523,4.069996728284955,3.5058941423719694,4.128180815247794,3.0513722027394747,3.5377620463701747,5.090336173176158,5.647857951556696,4.7024058502487405,6.350364385356374,3.901593948717719,2.5040130526899174,3.0521487969853522,3.935068336286141,3.921950125111021,2.530487330481781,3.5964222783803628,4.213556232392554,2.893146577318759,1.9996660800058628,3.552318266075219,3.9506672824600995,5.027139805759477,3.788204259293114,4.1655871061837475,2.9441777820997332,3.308063914781738,4.654820758554033,3.54448190996345,5.059357387107875,4.8188000989638216,3.8373313122458073,3.9914260172745624,3.7728920424188233,3.742377922539287,5.955289125209665,3.8248168975257055,4.264315394024104,4.810883462261341,4.025056557401014,5.208146447907358,4.5673715217407125,3.974934265835914,4.388976057247892,3.8827258412264327,4.966893677687213,3.85192204330332,6.11118950469608,3.1425122152550844,3.3771625792262703,4.930885732555218,1.6953105850631336,1.6818476886062983,2.283595006213332,2.850097232757815,3.627409109439978,3.306414519736765,3.9772026851384252
2101,5.614771513548935,5.218385103142597,8.059675954440108,7.261331082667653,4.399969904436633,7.18123160258025,7.932449020534552,5.896167727911255,7.2513698437980505,5.857224060257536,1.603718185784618,1.4786293228411087,1.4704995537530698,3.999156529200477,4.407934407917952,2.055488689478468,2.577813264096213,3.1125406184219444,3.938769505740256,2.8185495354684664,4.142931100166163,3.611247852157403,0.0,2.614374203130514,3.1154982051607583,2.6842340950856878,3.6851451567402873,3.437270593111759,3.814794504344986,4.01571096115194,4.301962739873823,3.7980101102111665,3.611141383165724,6.559381850746066,4.4097568651738825,5.504022362908458,5.485861260690435,4.568799071284088,5.6959572994785,6.656520998387441,5.05183548547364,5.449158992481018,6.248297955309305,7.544124030835589,5.533644581828247,6.710270710687036,7.816621964462195,7.791320461052708,6.360331435850378,5.420592925137134,2.5106863089411746,3.1866669964466334,5.691312792421977,6.1755559078053865,2.520101881569746,1.7121504070956834,1.6945705621730696,2.738332749651169,4.318234359245736,4.276475132429981,2.9568433946035735,2.1313528493103124,4.942574243875719,4.946785975210192,2.176570557741365,1.8928452620324254,1.5953395343163008,1.238482072622353,1.8072087377813135,3.8446066914393566,2.884679094648938,1.778046591310803,2.549663624116775,3.3375149976600276,3.0541140897813612,2.520729482801609,2.056819464967618,3.5340022017873864,1.3074450920839629,3.862306503765921,3.285660718085153,4.737757295119676,5.588857583443334,4.236917328994319,5.453538749094291,3.7442348379478787,1.9196568991442489,1.8167493834641897,3.8160879051519023,4.90767431551099,2.835976771114689,4.517127228534406,5.395891526276729,4.581783650896015,4.028992266274305,3.136235758643295,3.5723198008365538,3.9391215065415564,1.4970386898701304,3.8150126571127876,2.333527729565391,2.2206190332497977,2.8236199882341495,2.9413162592392617,2.8850561547977573,3.094098662683236,1.2767989907523285,1.6892791134373335,1.3397005722472097,3.7708447815637567,2.764234623889465,3.332360805383996,2.6959931039972944,3.5707119738882893,1.8401241363280965,2.112458849853431,1.4121022563575611,2.1026717069263072,4.554716379616769,4.941506913537816,6.662016053316469,3.9335715458796714,4.499771563008858,2.167054924744898,2.598392226086234,4.911392163876857,3.2611641519354153,2.4228243760541703,3.7308598834881974,4.508595524040401,3.9816813306663343,3.4912539120939083,4.841283842972606
2102,6.186389834952481,5.801135756697068,8.179948189410142,7.296595179913431,3.188224273099635,5.920582055878323,7.164791918621601,5.170401815551709,8.117961605701979,7.353186517435819,2.6548501832288536,2.713316271609528,2.9032671169501225,2.457406656013355,4.16844591981825,2.987508441231119,2.593730273181309,2.7864388447019772,3.7371522483339867,3.033145469094567,3.943116811019631,3.5495370915882978,2.614374203130514,0.0,2.3992692022307085,1.5869568143850843,2.101609598633096,3.31100712629972,3.172423759749389,4.920517765138234,4.5008764954845635,3.1186789355909545,2.7874928926425753,7.831109057376636,5.309098195552281,6.191799110771326,5.567645825607814,4.602892629327831,6.185439726654713,6.6973882449558175,3.873677305329248,6.462262114638546,6.374909161671668,7.230594303961608,5.274994919272232,6.067645848707252,8.359382771327367,7.619201034190964,6.2255672812636424,6.0624311447982135,3.43007624154705,3.6158276127929327,5.650972461123323,5.6734744476820325,2.804016886033561,2.320069392627393,2.1593443493974354,2.6123515520800544,5.015086982436871,4.589082595281448,3.1524635172500566,3.4019231546786646,4.314178106498361,4.019737570719714,4.561716520472132,2.72981612792104,3.818854813399997,3.5621698795147956,2.975164704455292,4.959009245940281,4.446318893380401,3.413672911563003,3.7083593251904112,4.522285189651251,4.118141526202473,3.0357099655449225,3.9454417954379903,4.6661265073638285,3.589735024307141,3.6591707616043947,4.738876541918695,5.415659511313652,6.669978537089314,5.59462630055185,6.733978390977022,4.193619081212034,3.2339665069955554,3.3987849630027247,5.39941611747496,5.9443283497616735,4.12612947130082,5.149840139793924,6.2356060694388,5.454222911177531,4.9365887530362045,4.314900696546709,5.210603670306836,5.661576312823947,3.24034329055052,5.302192747199161,4.139489095173069,3.915168536432281,4.8882799479628805,3.520889251115916,4.142159277965422,4.194082271141437,2.975671801351141,3.024767184411724,3.6579837842121576,4.797911627542403,4.296154536928708,3.079118006428075,2.9906679135609298,3.55055985029739,2.239395795194724,3.0936963212393938,2.7118672389573426,2.3726481173203724,6.06496940309055,5.970700373835263,7.371518504694929,4.47268914620031,5.264945222891744,1.6726216454095755,2.843385730949823,5.557965219806851,4.105841366140931,2.476081605874869,4.274531328822772,3.619753524835792,2.867752998188987,1.99812003029712,3.8613520164289907
2103,6.7143680048841246,6.53558254964143,8.542275730095616,8.514701036029901,3.734136098479977,6.819805480332007,7.898732807877444,5.823220891918239,7.771238616751532,7.321491620667459,3.809524406974177,3.867678568729952,2.386487092341145,3.8673376963837844,3.4216691770715575,1.9329515207466423,4.089125309463644,3.0091756899341724,4.1890169503050965,2.340342340608255,2.605181660830908,2.1813557689912906,3.1154982051607583,2.3992692022307085,0.0,2.535936376881592,2.8600541249981126,1.8521317241380506,4.0111873285596085,6.327409110365997,5.907861273743617,4.036340155777738,3.235377179013752,7.428188762607422,5.890941162360268,7.139656961318955,6.289301193650566,3.398596701865439,5.323640743776902,7.702884413800136,4.48368819552331,6.39293705805506,6.664801419709513,6.749351252901793,5.953915434363046,5.7989609412461,8.099218669423843,7.571393233607408,5.854807934142701,6.955779786293551,3.8039150768364753,4.983055004324984,6.214865220444316,5.884074923411584,3.392544516901633,2.711466665359727,2.818282418131221,2.88572056037017,5.979832917406748,6.00846323282119,4.560649179053381,3.089456073277759,4.338261147938327,4.40010314479857,4.297977692530747,3.5995042296069344,4.5005517305984455,4.15865054032333,3.8047647512953087,4.32743543574509,5.319243687444876,3.831280249850626,4.36150003736114,3.7291235855721565,3.810367060636362,3.376430139710041,4.242918111492531,3.029155586293463,4.21306621621739,1.9065110857393808,4.086851870885296,4.630067510724369,5.428541326858083,4.400015454624553,6.108587757227324,3.0040823497555453,2.673522750687741,3.113931481633226,4.865564310944739,4.930757740757315,2.9665098584822576,4.941040672241906,5.691250700141672,4.528865954988695,3.8928330411012873,3.4442799537146045,3.949582082785186,5.019450059286833,3.6329750578714757,4.1076838022117865,3.6496037157848567,3.2501016937741034,4.535825906916587,2.8539234512015716,4.879963322970497,4.726050202756087,3.821389222265697,3.756568870401979,3.5291149687767116,4.659854857208206,5.619696479321849,3.981198124185079,4.085802442112459,4.793652302930473,3.2478627073997974,4.468975725905342,3.9064319817520086,3.1829711477058793,4.797143405800859,4.6349231860325695,6.164722756986583,4.708326112810426,6.62904405858335,2.5018587559502343,3.9133886717748663,5.53293034721943,2.415024248782927,2.382026156658313,3.3127457247235848,2.875627363903701,3.7255343316028102,3.0110569321481377,4.1217175086150295
2104,6.277698683462747,5.494554539800758,7.6746108304930365,6.940581136292728,3.296976882088352,5.7880012028556065,7.0628291262117955,5.147266877770276,7.9182943886608035,7.109150172389933,3.057698492905249,2.8791936921671386,2.739684268628823,2.116184183935782,4.7944594417748965,2.9354036981723026,1.680298890914815,1.6719620927146126,2.833271849353729,2.472317319736512,3.594359510059192,2.902099613443719,2.6842340950856878,1.5869568143850843,2.535936376881592,0.0,1.312921649756762,3.2398560188859498,2.3874775716834096,4.523006987825961,3.9157521862924605,2.0850339813673746,2.5087155518567155,7.2319484822613855,5.0580052574394205,5.581108271788722,5.634549250337637,4.3587322701773035,5.933080822252448,6.2619111476275595,3.476700989872355,5.912393000116521,6.1903274059481515,7.077975201942981,5.085043473815581,5.710424783963996,7.965316191638416,7.333287331774416,5.869965761982943,5.884621393353095,2.4796182298687484,3.3511657286265333,5.259996462150148,5.5019060159440505,3.2824409094499503,2.3513295474889238,2.3278571496030636,2.188243829802684,4.567728859059089,3.9251976380286315,2.3930691239853084,2.894867159276009,4.537897083741117,4.495228615697192,4.225450458535267,2.593341657504002,3.888849500577931,3.308738931455749,3.14375022976915,4.422071149652209,4.222337025530786,3.0908804197350834,2.887989807662817,3.4808142306886647,3.2058146090580184,2.5841224152758016,3.5618868002024637,4.378620639507344,3.3782153048425596,3.786366931401927,4.026231111105227,5.211367934894716,6.252404971595655,5.233060339021891,6.4373750689480955,4.276305701405452,2.7365719477875845,2.7386622866694315,4.3455180927390336,4.8745799158479315,3.480705022418185,4.28561470471303,5.410655880661952,4.582558202118544,4.014100071528279,3.9074599861990476,4.826908494005246,5.165610778612605,2.5060538289818277,4.767710432046593,3.443990022540699,3.620316877382849,4.480828779925312,3.585992983494227,3.9693443181571944,3.716575578580652,2.5454584603184456,2.590565343883429,3.4295224335703085,4.090288103683326,4.570709602934404,1.9845233757589573,2.3586417255282828,2.728258700381663,2.267555471451064,3.7310683265011693,3.112483930711934,2.564417409164109,5.420055086092056,5.225453821488323,6.598593977580027,3.7689799552801135,4.656106318954769,2.1817880252778408,2.3881297188468205,4.975416094126648,3.519918039996544,1.9526150613130149,3.6226601452441503,3.905854744538434,2.122641188617808,2.5347207535805962,3.928810195428837
2105,6.843099724953675,5.838622012603581,7.743696301915256,7.170537189014329,3.538659979345684,5.5028886420616985,7.0012302462145115,5.124355485919034,8.356415355531817,7.718022023828112,4.154813307454024,4.072727829624625,3.3673445912850672,2.1974054669388927,5.007914252675985,3.571961579081805,2.7113363241381343,2.5092710497780457,3.5270192520424652,2.6421509877870384,3.1936853710599955,2.8420588059568646,3.6851451567402873,2.101609598633096,2.8600541249981126,1.312921649756762,0.0,3.0230278242105495,2.3975338001460003,4.9382420733020504,4.320461612133559,2.024334468041936,2.535186602312258,7.634473524079196,5.660244350580635,5.85045832119191,6.128530843780991,4.548328492406093,6.261768045564969,6.576537371311748,3.4388777736569134,6.3079464679954524,6.731157569116547,7.184715606496755,5.349316743484167,5.883699404526388,8.375723703402976,7.518472253547643,6.318737464903928,6.381269086911456,3.3848713782620807,4.128333060059052,5.452407759187914,5.934681560149285,4.280677098947411,3.4321299860419208,3.556456842419314,2.9533240458909744,5.484661347328853,4.395689237481868,3.3551714657444007,3.4414143353394686,5.0822966186572405,4.7729946907111644,4.911021859853331,3.758607719322649,4.809856438422666,4.2478790701425835,4.366757405699765,5.228185869973824,5.1281926663050275,4.230761529287824,4.04521613455016,4.0253939613802405,3.972342617297164,3.7144014190345667,4.541571099822559,4.834176557316766,4.181308965801516,3.9072417111299216,4.846064832733249,5.693318505689915,6.647026879893061,5.710935674414844,6.958165272958944,4.67106522761891,3.2985284008067817,3.3153798691139125,4.89128068759244,5.169545692624605,4.016569222619505,4.877951638493376,5.637792329664223,4.933200610941215,4.141252830786699,4.537711220196198,5.27017273299236,5.787144213954151,3.5319070876945733,5.336856967789992,4.168840344955103,4.213887891952541,5.2197234737607,4.090465007466802,4.609003006551483,4.355931547175438,3.5538023839362802,3.428802357597521,4.37499880958734,4.632221035726112,5.362095288061833,2.850906920514299,3.044655752394215,3.2945922203113986,3.508253684305371,4.485478189945135,4.0838605596818045,3.7182015292029784,5.862049111780399,5.485268686259097,6.791373154746421,4.3425019373049,5.179252106139334,2.913936083321296,3.068543745050126,5.190099189640793,3.7800190789283854,2.4561353039183427,4.0500930211174255,3.706747096670742,2.6664836742075493,2.845844318948002,4.172301687201753
2201,6.37624576899669,5.764399808837182,8.01105892348974,8.03047257804125,4.00814566655023,6.466779166294326,7.5424470025066235,5.501213001097232,7.182217947044281,6.652488204658038,4.578219944251664,4.668561829870024,2.6303845129925416,4.264591495003463,3.181670939298102,2.703434439210161,4.5589080580156125,3.8393688658929963,4.82754581392038,2.1021058711247735,1.7166372356606463,1.9969843133923257,3.437270593111759,3.31100712629972,1.8521317241380506,3.2398560188859498,3.0230278242105495,0.0,3.809598960811708,5.941220287918849,5.640615252268638,3.815615524755416,2.905726593943304,6.891114937818009,5.9015820575504705,6.607624745616975,6.12369560929612,3.3125092393554256,5.473290210819439,7.284342775878544,4.547760378099878,5.758267145121854,6.3253243347897845,6.24736685993909,5.580397092078568,5.880901964716835,7.530262347571547,7.182945276161134,5.732321629111044,6.673443717059738,3.8187002609592313,5.125178971810249,5.651402600487059,5.954966239757854,4.503140773913528,3.67821346486939,3.9052732162808494,3.517348395456887,6.022471631846158,5.8819343289521395,4.850146881630881,2.723701313845013,4.854185667681699,4.618975309795013,4.027492120647946,4.376992616965432,4.7823016063937756,4.226403279167595,4.668400321433673,4.685158303899457,5.521085318317546,4.462759190908492,4.8142998512929305,3.4697690514861854,3.791157352779718,4.160244893241212,4.453080648628036,2.986972009733173,4.094913065552263,1.9549979968141526,4.100631719263956,4.871349912946177,5.182596180167779,4.326031223148046,5.886542301682646,2.764015496232766,2.34478866399108,2.838260147373983,4.466865059225897,4.525306117250921,3.002411428861675,4.783258456686385,5.025770854799473,4.053107732753574,3.1712649496512553,3.687398462749594,3.629833523549874,4.84243033342054,3.9622271914639744,4.062053999074484,3.564978904443797,3.1769464135822716,4.41340929350621,3.173853643646089,4.810602765988142,4.612062864763972,4.051426627056737,3.7761102597572886,3.799379163960928,4.5692857618368405,5.656979645159603,4.419638326286639,4.276255879845983,4.923896553965391,4.03970729615224,4.807932991602903,4.433861555018631,4.249031119199511,4.436789926942544,4.215167471784101,5.7764785209347425,4.61248826284238,6.40415747622093,3.320459515409494,4.025742893046426,4.9263469122416526,2.150237501240506,2.7566190570239977,3.3131411331059017,2.4746015917996784,4.268814779395089,3.7104110695534547,4.55850278683445
2202,5.333993855278103,4.400201323720571,6.041157092937191,5.4580812549420905,2.814139504262488,4.228494244815188,5.5321509907412105,3.573718406838541,7.363300604624246,6.351538658985079,4.143064329871168,4.411787806982899,4.148000559017719,1.7259424232675429,5.344988011812273,4.409543492015492,2.6293450404125616,3.1489992400973636,3.6757767855011974,3.42681206336041,4.227247660823144,4.096840594792494,3.814794504344986,3.172423759749389,4.0111873285596085,2.3874775716834096,2.3975338001460003,3.809598960811708,0.0,3.422148505523982,2.9323726864968958,1.1149370556869551,2.1283531077627598,6.126925470821266,4.273823314489694,3.812996272143906,4.845660205417583,4.50493781880321,6.0766551092695265,4.8855333566750705,2.4459877229278177,5.025420870216451,5.529562858533241,6.485949640225335,4.427098701643037,5.399822412130397,7.156450468334081,6.093357787344991,5.841868172973097,4.919830613295394,3.0039528535891495,2.9727694184187436,4.07210865588652,4.863808374387212,4.533838164977709,3.683924902016798,4.009815394546947,2.5350909132973007,4.829821229099197,2.988490900445246,2.693965282811928,3.5946160817795567,4.955954970855198,4.782834474133181,4.831345922009413,4.232879304830633,4.752508276290807,3.89475903551131,4.164109558146199,4.99965766468805,4.3342445004256165,4.326911597113779,3.7593517232386016,3.9787767933682328,4.242641597564935,4.264575223048689,4.659779707855569,5.025471994102889,3.9698259438967627,4.124927292382199,4.688779564587912,5.4656909752981,6.357167374693735,5.622153357035397,6.142233949099115,4.628192955698123,3.691615848849931,3.494166752723469,4.7125767979499,5.125527835687208,4.483292312809932,4.742415444962524,5.430970099198827,4.961547522954146,4.532414495441434,4.599715783574579,5.480589781450944,5.441523157657164,3.7998645976255268,5.4052082574688685,4.688173982959643,4.620250430686446,4.935221124502848,4.434317325149115,3.4747840855788548,3.2719306907232446,3.7342817797196317,2.679541960302137,4.711856437411383,4.799292489281203,4.481196889971495,2.213501758721757,2.068805969564203,1.7708905493872569,3.645443686939448,3.953264072336869,3.9062892901779995,4.019175675182422,5.865343492161419,5.516518388458839,6.70460428226405,3.86556999624707,3.981248487711968,3.521685510006184,3.010991014473127,3.7002132707945705,4.358967205110231,3.704202246406572,4.2146389199719225,4.64775158461434,2.46176751125493,3.574198936861741,4.3956730547180705
2203,5.515440505851051,3.955057237560267,6.63502855064124,5.023786888369844,5.316360103086935,6.057307981770681,6.798226211392937,5.324316060940387,7.877045752658986,5.834921481949468,4.095366500651694,4.2912775245687955,4.980775468595409,4.214106382716698,6.98511995976355,5.698642082706753,3.123178713526413,5.083958568936027,5.206607955327662,5.102362170750879,6.450731955938168,6.159787714009501,4.01571096115194,4.920517765138234,6.327409110365997,4.523006987825961,4.9382420733020504,5.941220287918849,3.422148505523982,0.0,2.143769742371743,3.544520696085948,4.49508242051297,6.386001809213998,4.226880575811579,2.8246941865315223,5.413365722470279,6.722372145988541,7.497882804941704,4.920702484435103,5.117398998565941,5.310984503629581,6.378396662200528,8.319578465193604,5.181669487609171,7.666616998686134,7.881541768402526,7.411268092595226,7.44165107254054,4.274893830391628,3.5414461828391723,2.645103412637958,5.040103416076995,6.615051966679068,5.307677413817291,4.729869234433748,4.894883172214149,4.375959561012114,4.207326188677243,1.8512133487785263,2.7906245665363203,4.399933622885335,6.732526898442278,6.425632109704237,4.426606233828056,4.5452146991583575,3.8600722633806566,3.2689339596772182,4.338822781526682,5.998436965201811,3.2585341603974136,4.340166245773644,3.7568264385451418,5.065605273800003,4.9771082473679185,5.129330114207062,4.262162865744618,6.484783809363184,3.216640826372236,6.510184625405625,5.365863824958932,6.743052953512238,7.535724277978447,6.582034265825982,6.630224497685987,6.334950636345424,4.621901131671945,4.110281193365614,5.025329537914473,6.300219482220177,5.629146301057926,5.494324565670992,6.10856622834093,6.072888018705007,5.724382036714971,5.605827211916254,6.211799959219747,5.663416633084701,3.962201315954653,6.337337935510595,5.0248033201586475,5.117517144091812,4.795829550851532,5.705430393900703,2.9986287077170033,3.320521004942103,3.476490042837431,2.841395590575486,4.74121369289702,5.237614421259955,2.632840616793989,3.6999815867161243,2.7627857766249475,2.429060580260719,4.354746235261826,3.341147377461112,3.64957976195893,4.838970537791431,6.701665318187921,6.829551912041751,8.047656425856049,4.439385821586297,1.900866998018787,4.765929216640562,3.448866869970194,4.478092829408831,5.991489613100252,5.123727309578466,5.766940043068438,6.79858448965049,4.705135721033254,5.346476591962496,6.162371470902168
2204,5.791738917935133,2.9585829119611016,6.560787003688156,5.1869553809159195,4.584719131676391,5.323707419488838,6.416562646444556,4.8275143744650695,7.764765053680164,6.20722796460071,4.403741224829795,4.553391450636902,5.156914617469896,3.380353076895211,6.580503019586553,5.714093838836374,2.909142667999567,4.350648126011689,4.593848369091439,4.513567908509162,5.977822669033777,5.5839691391107955,4.301962739873823,4.5008764954845635,5.907861273743617,3.9157521862924605,4.320461612133559,5.640615252268638,2.9323726864968958,2.143769742371743,0.0,2.7529362217735276,3.471707181867535,6.891776906373829,4.4899626842340234,3.537013358726159,5.35388608656338,6.494226556409348,7.483765674782983,4.857579852836764,4.1499669587670125,5.503413230129535,5.594225405039442,7.474554515689245,3.520565068719258,7.122920504671216,7.172487195063642,6.71726236840215,6.210800840636031,4.140962516278476,3.0490051739410977,2.43879437127034,4.871872467918191,5.762219594739757,5.228612864659777,4.604486144767502,4.598110317026923,3.959131425384182,3.077400415430299,1.4339221078635789,2.0799409514733807,4.2645344098580305,5.961437787872813,5.5979157305892215,4.927553022441076,4.425974433761325,4.578066886955011,3.8802593157944893,4.523499446421027,5.9916047262310625,3.77426491003707,4.328636934263536,3.2897906199367766,4.558219352378315,4.402487624285126,4.636064701884215,4.197212632176734,6.434368351847236,3.8479761012204214,6.181438122446079,5.0213851323243714,6.688417068578488,7.623851010215498,6.789734156736774,7.060425839159872,6.135659258591977,4.350371527878838,4.3586672139438285,4.844604559473805,5.908079152783421,5.5143419730510175,4.184409115173956,5.025648289843466,5.118624091291216,5.12512542976526,5.3266972970264765,6.395160252703139,5.984209618504484,4.169507479881697,6.43212350784261,5.123143891418754,5.273757916347104,5.1804320113439575,5.313335817279192,3.4549200267370272,3.4756414218027567,3.606465153171697,3.3446430379677423,5.091744463942395,4.897482726151431,3.6348397346711097,2.710503583479872,2.7609445199122526,2.21857904476935,4.002712529024605,3.959527135211404,4.163055659205274,4.720201135684748,6.716423620015625,6.398667304290624,7.1749260432746915,3.2664385346397,1.5819261359404997,4.282787802833313,2.7819316298079584,3.9629219090842676,5.685198389573925,4.687334985954329,4.96601375676059,6.046269613686994,3.622910496472324,4.403076103782874,4.6865836043696705
2205,5.7197855266318784,4.346102557061072,6.360062370088177,5.443573118046448,2.8911199057889667,4.235756101369528,5.699331702349786,3.850170437167295,7.649341694107247,6.682434248977572,4.173956898404409,4.308755335946411,4.044218642469441,1.6259329176456916,5.116297986320055,4.430173803288389,2.3052264293396356,2.885013367216175,3.5643107332754282,3.241671547650974,4.033157442721899,3.8743967596201374,3.7980101102111665,3.1186789355909545,4.036340155777738,2.0850339813673746,2.024334468041936,3.815615524755416,1.1149370556869551,3.544520696085948,2.7529362217735276,0.0,1.9938970273273746,6.667562778372031,4.821775096727486,4.054520409289917,4.985225248598432,4.922301524014984,6.550393259285291,4.927133910893053,2.6139343917038507,5.438603867633963,5.5969265857505945,6.646798982759878,4.212344520829665,5.676513126519209,7.427908435591742,6.503998135582318,5.75849735235901,5.2600143236887735,2.8169587142048362,3.1823318222210357,4.328153199471504,5.022417704036755,4.5707465719891545,3.7330175446552722,3.8792818797494126,2.71672444437674,4.457021206798967,2.8651186996187588,2.398057541646802,3.4966509082996717,4.972052579954414,4.5787391560839925,4.764022992336541,4.04968473458656,4.639428471820935,3.91292984864894,4.275160410887837,5.219987474160495,4.360436340750976,4.090855069954744,3.4114994431895167,3.8542747985203687,3.9597406949310776,4.0714951045111105,4.328142143863482,5.146584600216691,3.859542162702484,4.394648397603932,4.664403934810792,5.761356553098648,6.624403046716994,5.847730179017999,6.590887093859596,4.7330391237999265,3.4451867301661565,3.3542279692419243,4.573954993917076,5.103838546668727,4.488399747235114,4.463017850897331,5.215770727739621,4.753111834017169,4.255048175880013,4.628891093972546,5.536440857571799,5.6124915380987,3.558818639653854,5.581926035015475,4.477425669562269,4.550271466645108,5.005774185301394,4.299341428266322,3.7768599607500652,3.4415855827918005,3.4197190110031936,2.8770296024445345,4.597974715632996,4.559626357395272,4.622781276781626,2.2280463067886522,2.2318962494141137,2.0305352848781855,3.4236950154867407,4.1411124075066486,4.046989053199029,4.078210783805503,6.015994557426198,5.603459234270045,6.705754649402613,3.6144434289854264,3.8227065824843085,3.3341747520201945,2.593349238164447,4.091385944247145,4.359967392209811,3.440591689635033,4.229175113232593,4.299349782530985,2.32271705920473,3.3285154171325604,4.160493038326647
2206,5.628818916926766,4.019027281095672,6.802725722067137,6.191775630861518,2.5641257502129076,4.472787633176329,5.8913899528299964,3.875747083902743,7.328871281210214,6.681423014591371,4.170867374773191,4.417751901685617,3.8998317379621135,2.2899117117552388,4.099629332596705,4.139097367282809,3.358863577759968,3.228550433209712,4.0963075766222605,2.82966888858318,3.4805772778283557,2.984426527582059,3.611141383165724,2.7874928926425753,3.235377179013752,2.5087155518567155,2.535186602312258,2.905726593943304,2.1283531077627598,4.49508242051297,3.471707181867535,1.9938970273273746,0.0,6.980794208900164,5.131601993933081,5.130962282085218,4.99933907149949,4.3592669781330375,6.256138399458411,5.526674408911891,2.754265044620749,5.2151427504281305,4.8397865244727605,5.855455436884856,3.678587048390545,5.5389426200770195,6.872162851393577,5.88338557311423,4.722669802481756,5.10964548644301,3.2103910141644754,3.235153453141832,4.602202613178975,4.518740618640481,4.322309104288831,3.600913125400705,3.581438382957465,2.6468893144055228,4.084170036201893,3.7599017343149086,3.029461943028879,2.777017651664428,4.036201954093554,3.376319053112436,4.821860705937907,3.7869077645090057,4.8118690929122065,4.089868018838215,4.285252417709545,5.177966464152472,4.715654856430989,4.240796293493681,3.847562455941109,3.7012754826935637,3.637509512705684,3.592866903881135,4.345595234991578,4.634062307385098,3.9435052864533207,3.5184678683596933,4.280600139981467,5.479598242339764,6.372096288355897,5.666312092446575,6.486376615944083,3.997792731261537,3.0903159970234384,3.574835598551879,4.745392593406906,5.090340348289789,4.207038021584433,3.8116108874603696,4.61890440544956,3.937310629332879,3.6539401160108596,4.339936651910411,5.2767775810311095,5.63106764238124,4.045631546708942,5.417978097664689,4.343014211213533,4.416738678932046,5.137404185295999,3.6692469883724437,4.031958707452373,3.8310433538322504,3.676416682028604,3.3280011311743034,4.566926009626494,4.3505517113496595,4.835288870268754,2.7482346082254514,3.0350327846390797,3.220525536463009,3.3474028095699535,4.158978284779441,4.0733704672537545,3.93644428679823,5.786393863459755,5.201155673818578,5.9779708106793255,3.2093592049109376,4.555981458756301,2.589409115048204,2.3735226780026064,3.7035006821615757,3.65902224533386,3.005525381301085,3.417992594849352,2.836886282479443,2.028641239205724,2.1309646871961045,2.9555726751420575
2301,4.56040204590187,6.614526010475566,4.398740810122385,7.300624821008385,7.300771471038352,8.499352394495194,7.523596880663051,6.430066106896105,6.069744983302063,4.394294901991457,7.355809344123924,7.412777016983001,6.599965329610032,7.5125829963520445,7.870111790656282,6.962884956276286,7.040110081760561,6.901682503945046,6.812605990808928,6.944208787592379,6.715410882005689,7.4517086079325185,6.559381850746066,7.831109057376636,7.428188762607422,7.2319484822613855,7.634473524079196,6.891114937818009,6.126925470821266,6.386001809213998,6.891776906373829,6.667562778372031,6.980794208900164,0.0,3.570905980035669,4.98182795150978,5.800697745269173,4.978478891196146,4.3805640872162455,6.3410739232724245,6.246422936103456,3.8310160418431596,6.130941058901802,6.147379337924416,7.3487140963365025,5.893942701583753,5.4068563634940965,5.366844801904885,6.9362123765160755,5.555323276883533,6.072842399282296,6.805965219841678,5.297405712861966,6.063398353144771,6.930357506810864,6.2835232612868435,7.487873711643493,5.87633059033606,7.730067548865217,7.034399820824996,6.8901332533329915,5.954053538876173,6.932588504336991,7.851264592996522,5.746523017516303,7.6229837155396725,6.951693481161961,5.826503020247747,6.616347586894535,4.380997293778023,5.471295369842999,6.876949628355838,6.312993432223868,5.670549940519071,7.0251525312093275,7.721104005443306,7.0430836915555055,5.1341158281876895,6.080213522145054,6.2748932465022635,5.195407324902784,4.20458873254821,3.8287245300413355,4.169776006959223,2.66596531493676,5.546496447183274,6.129933837482699,5.987092174677079,5.264818238614786,5.285459626212635,5.821038368118317,7.1223237565868205,7.216815168575148,6.680755392993454,6.613899298634644,5.278831638329598,5.258233488821485,3.791879917029669,6.283588114717211,4.999626828657489,6.705691850082906,6.453255728505936,5.061789291763506,6.033777200041571,4.6332058494218,4.37898655270143,6.85275155515077,5.592216664972007,6.714902832902166,5.961551107942694,6.94562189578668,6.842916134412945,6.437794056437916,6.319733318217947,7.290744002971716,7.124467406728426,6.942325099057582,7.579673760301468,5.1859890686061005,5.383384357688979,6.242683775740902,6.152834283385462,6.995836928476268,7.31326244338237,7.203088949412833,4.6328684426459406,6.399632634496233,7.486669718971724,6.222738938358704,8.443337901659596,7.6582488269428195,8.28866002685645,8.67127954187023
2302,4.085923469772949,5.285735668650229,4.73181282349957,6.376734390080935,5.576343478486563,7.144786806012166,6.857328298152051,5.182965810202693,6.582669704331336,5.058201125049245,4.834435815284019,4.849677916223873,5.033901922976927,5.19128910527618,6.56233367311997,5.462765680018557,4.512682142394644,4.892275529781446,4.928240601594171,5.522000623464652,5.725808243893148,6.209859307102834,4.4097568651738825,5.309098195552281,5.890941162360268,5.0580052574394205,5.660244350580635,5.9015820575504705,4.273823314489694,4.226880575811579,4.4899626842340234,4.821775096727486,5.131601993933081,3.570905980035669,0.0,3.857830024612134,4.699703679001991,4.574031722609064,4.054676202709378,5.532494781432649,4.533763836379906,4.183349869855261,5.420497462646569,6.143831478513968,5.6146579816252,5.6429993847757665,5.861061942567613,5.393246696052096,6.277059107185476,3.9740828109072996,4.3662934499665065,4.30935267289759,4.697010383700666,5.113242383511924,4.436298286084821,3.9055932540748075,5.100240512859019,3.8483878744572104,5.571581809036103,4.738809241458999,4.303148561790564,4.391610922421246,5.301385090753615,6.003482278017369,4.508272495714667,5.228178792234913,4.853151837012279,3.657420563009681,4.090052336795627,3.4222344978463264,2.9655822264222746,4.718034265528933,4.018645482726483,4.75829405845669,5.646636654777503,5.593619091928289,5.136872741708385,4.653588493419195,4.027047753225979,5.443901174595731,4.171764367880596,3.487590259793245,4.641250539618479,4.14020527384773,3.7132703763289046,4.812690121261203,4.6541644506084445,4.670512265086687,4.388541201023369,4.969723123003724,4.895972987180676,5.741964480884195,6.501385724135403,5.868947236158446,5.873817925505552,3.957264852107818,4.687559101330981,3.3492130448337822,4.253694148653222,4.359831453260092,5.455335762704642,5.237090255993301,3.804353895222142,4.126643447668569,2.055767527350128,2.225071621406605,4.606676264247231,3.629955207636391,5.0581136277324195,4.408023625973426,4.507292894096165,4.676400466057891,4.269012791534803,4.054115262617614,4.9136748349002195,4.570794784689472,4.439035884673122,5.259849879408202,4.966620858019272,5.075318823422544,6.110083312421062,4.201673452123727,4.724911402257489,4.803536987472771,4.8397100613618145,3.435692473699639,5.563744131352844,5.615579571058081,5.004264311647113,6.999922693289828,5.540469355143146,5.827412115788605,6.574165272337436
2303,4.106237583022477,4.034083335038813,4.291299189460642,3.5116389816781695,5.257104216502903,5.274840081829618,4.975164702743627,3.9745831890303074,6.689841877200981,4.875672228041903,5.765561054854704,6.014294254799524,6.2678127783637585,4.894710011034852,7.201613656003531,6.798998202377976,4.671025242397531,5.744090927010659,5.601951137892274,6.078623941062925,6.778978675344581,7.036486083495235,5.504022362908458,6.191799110771326,7.139656961318955,5.581108271788722,5.85045832119191,6.607624745616975,3.812996272143906,2.8246941865315223,3.537013358726159,4.054520409289917,5.130962282085218,4.98182795150978,3.857830024612134,0.0,4.053582570863518,6.404787142718157,7.198136706827537,3.099687485152864,4.4159088547733205,4.27012697808013,5.257470165609656,7.019385245795849,5.093144383774008,6.284196229541788,6.462543400525539,5.719803594041797,6.773977563819897,3.84527527660103,4.759469026410601,4.338441617050878,3.514787112642394,5.320705660889229,6.113479304510888,5.670200012616143,6.243488010041061,4.886379621949349,5.185912048055986,3.5364146677761314,4.264099124074052,5.431685402497971,6.42143056297775,6.379117979970466,5.574201984271886,6.189048790831186,5.5626573439623455,4.834322356708871,5.55321692085466,5.927938021159873,4.00239697176633,5.658900766853763,4.864041688097481,5.752018448360079,6.123014436288922,6.575426555987995,5.787408735317864,6.607963897408154,4.764290813513881,6.689309947071598,5.684545539170541,6.30056284519696,6.902767472748847,6.536881278508103,5.750357394711845,6.221879258126825,5.637586103395847,5.256054916586193,5.741410392500159,6.622006742992438,6.368314439645773,6.331833859545118,6.792265839243535,6.720171105127109,6.5599115228523,6.051490028381472,6.850959526202169,5.767226401640568,5.3353141195231775,6.876027590476262,6.332058968387676,6.315717297690827,5.658324799216288,6.27438535694774,3.5342543268859363,3.2702095195642573,5.164790720477417,4.119303580221853,6.206982091907455,5.696979817426954,4.672803340282958,4.792108053454878,4.162798461901403,3.545975681855849,5.571906301613645,5.142096410693523,5.395518322697996,6.3383615858430495,7.225594654728165,7.183122398164018,8.044995466781197,4.964103993432706,3.6827401121129366,5.956755608408088,4.997916813337214,4.577019256869874,6.815521123752555,6.362005886904399,6.463049132275029,7.311825636148405,5.459784306559038,6.499692109740594,7.039281994736906
2304,1.7007755067605086,4.659796295183855,4.677036627438352,3.6282367691711825,4.108048920513197,4.862684679212363,3.286715618012409,2.557478556799669,5.862600040146507,4.546331561004833,5.695113908494508,5.995705079921346,6.292818429150199,5.129360946667421,4.996011303345647,6.5368806073668155,5.543020036848042,5.903548280656238,5.855820321993775,6.041414375777381,6.215470070508755,6.96821711918684,5.485861260690435,5.567645825607814,6.289301193650566,5.634549250337637,6.128530843780991,6.12369560929612,4.845660205417583,5.413365722470279,5.35388608656338,4.985225248598432,4.99933907149949,5.800697745269173,4.699703679001991,4.053582570863518,0.0,5.330894457065178,6.716107759897701,2.694123123312454,3.9211944880357974,4.438936074271226,3.1070579349594465,5.009492192966322,4.521517636359619,4.244124488232626,5.627502444543103,4.803413918318631,4.961945166318603,4.4046445684905375,5.530223971972004,5.536785931480694,2.4524472794167784,2.933251276256531,5.249632775637925,5.311825969700179,5.7766192430841325,4.881114607331313,5.4504821737705775,5.647396504157254,5.244306495251563,5.617138254298377,3.917060515011577,3.878672746878684,6.16885182593438,6.143717334443033,5.964798708606466,5.57321689114472,5.2916654869264015,5.402493756102523,4.649869260548265,5.77758413891501,5.5006202913029485,6.498284822207096,6.5709764614260076,6.465131957752161,6.1319069771809485,6.007253976645141,5.4397657359639116,5.750726500323728,5.701025313809611,5.394725783951272,6.074863577109493,6.213088349447096,5.086601728793027,4.564442339429469,5.662996830450931,5.815581329425623,6.9515199083964,7.568605757640171,6.501222478051331,6.878702749313268,7.618794622926681,7.2541621353652115,7.265662924496514,5.945894731749195,7.073500846058442,5.975143231395572,5.8790573758492375,7.1137584545430474,6.780242544273441,6.500787827933127,6.246202810672647,5.5981712611172165,4.571573524171997,3.9564531187401286,5.5312312511787685,4.9463863639119925,6.374137742120015,5.950561001046126,5.6121475285650435,5.676847626982594,5.348376774927138,5.266788912781791,4.921757205635525,5.438082249548879,5.579451462452482,6.112561812409779,7.754604748435089,7.681440332433678,8.470407932724811,5.584041413413704,5.939582679520055,5.426193942522867,5.537159872031748,6.182664084665411,6.934832920441201,6.23199279494785,6.666841464406275,5.91984722745804,5.643829078339976,5.847002397374748,6.49617199571583
2305,5.099268232715363,6.46905428040531,6.31264282560992,8.025669466466212,4.811344008319916,7.141915532295292,7.046912523010409,5.212299010848172,6.159623218175073,5.862893330038146,5.582855460729952,5.546638191078242,4.030156826708422,5.28703482536177,4.451977144899683,3.979121648103116,5.448505858453877,4.23965797523032,4.7744016392782616,4.012676471695172,2.7934666830179804,3.94937454140085,4.568799071284088,4.602892629327831,3.398596701865439,4.3587322701773035,4.548328492406093,3.3125092393554256,4.50493781880321,6.722372145988541,6.494226556409348,4.922301524014984,4.3592669781330375,4.978478891196146,4.574031722609064,6.404787142718157,5.330894457065178,0.0,2.7561984160359767,6.876837331094161,4.088003631873981,4.499689381188125,5.466305681302499,4.3383711084062915,5.998567762006403,3.4848254962642162,5.899348377705005,5.360662149910194,4.824269498477582,6.096811290301147,4.762189725723001,5.9691088022214105,4.753083668351086,4.685861354019543,4.490093075100208,3.7932875351811957,4.939712052251121,3.6514725417280074,6.832905780263459,6.788945548870787,5.6389850578854706,3.737346455712044,3.877855039562587,4.7767431047856626,4.877279823719212,5.444027618204561,5.881208042685743,4.936553504271822,4.995935823525724,2.916001911161526,5.4175075286231,5.300740992403568,5.272072292697265,4.109711668063082,5.093756419235857,5.25832475553195,5.6654481348588375,2.1891079449569095,5.043026824275552,2.4547906916628732,3.6946751213245586,2.289757875256231,2.700678235021378,2.717193125765773,3.5338552457442183,2.097230600033248,3.773150109828866,4.2230671729723905,4.730377666219453,4.302124255461372,3.4053764612395634,5.6028929126408915,6.085678470158672,4.95811410638861,4.586968088451267,3.2844178926297687,3.681792306831216,3.6553421887174466,4.700053712817632,3.5367661090889397,4.862097251836309,4.470672990860576,4.575408669031099,3.26962888945985,4.561635459361291,4.059412281888917,5.229680078486487,4.475923182860597,4.957650793072555,4.32425576088953,6.6167676848595125,5.205769584039527,5.2683435319681555,5.55271772270091,5.005590721272452,5.901161113190998,5.38972070684374,5.25205432416191,4.188249776734298,3.891744347592167,5.104422921313264,4.949091295079706,7.182064696776848,4.469731936759881,5.351458893446996,4.902221767730189,3.549490280030798,4.380384914704546,3.794902203585772,4.574261069875056,5.2932193279030715,5.127146473151309,5.862937497571995
2306,6.0920335343543535,7.807131412392186,6.765387484369543,9.416934485548861,6.912556041610682,9.191528903838497,8.842948002798208,7.057702545416589,7.0727254838837075,6.620210896377455,6.5421549814224145,6.340118319704221,5.220419962144975,6.895399381087639,6.744062324448145,5.250522345783993,6.475221575432969,5.459205229577835,5.748554660553969,5.755287300465954,4.865374492328541,5.617468958017453,5.6959572994785,6.185439726654713,5.323640743776902,5.933080822252448,6.261768045564969,5.473290210819439,6.0766551092695265,7.497882804941704,7.483765674782983,6.550393259285291,6.256138399458411,4.3805640872162455,4.054676202709378,7.198136706827537,6.716107759897701,2.7561984160359767,0.0,8.223560789962772,5.713301710157861,5.076526846166656,6.866059383277836,5.629145092248764,7.511939244115899,4.852399551585546,6.39106978437575,6.0149687620145,6.24945587189266,6.4333420672388755,5.830008201922364,6.805437816346153,6.297375485035006,6.170479387523722,5.2460022341263635,4.68093945874281,6.116006012755907,4.8562315340237605,7.875974161276652,7.718368017678535,6.640079198660536,4.985066061790417,5.416009029146111,6.66800555882628,5.5416688782398245,6.36325740961175,6.639364247655521,5.575815513629449,5.712757940122186,2.6536437583548227,5.601212292012697,6.088967117128898,5.89908111207998,4.911526782919855,6.176551312677987,6.2635886208306655,6.528735112813261,3.2327034395738687,5.875618950911783,4.566903778205955,4.184476530517727,1.6237646019932626,2.420966980948816,2.3457968922627104,3.0172627118706163,4.284699885987249,5.165583383306809,5.464109000409164,4.872388732455083,4.316777160134657,4.189525584007314,6.504276865011103,7.045281337572273,5.884536613508266,5.701064492531145,3.5501331561742067,3.8178195505389785,3.11136161689833,5.458882744506223,3.2237832263632265,5.731549000213461,5.484414590811736,4.759467640534808,4.261916497167709,4.8022396438394805,4.591263342445195,6.266205317036048,5.507270420069095,5.795979986341436,4.592293052069408,7.345278674892681,6.33988627209748,6.372709102209905,6.550944533059516,6.405228096385275,6.867776647509059,6.259897006919463,6.269172302132119,3.899749502708322,3.9014297572572643,4.826793355963668,5.681143000307391,7.854671155693252,5.836099426492818,6.5813730781022075,5.2476829402953555,4.877428889080638,5.886639686454811,4.722501155711025,6.921393567724572,6.847322632497916,6.750924022774752,7.447721101774212
2401,3.4521124991171326,4.41747663284038,4.268506508593209,1.3253938905580673,5.095752024010613,4.20782962844203,2.778794649371828,3.1196177773712117,6.794991538251027,5.204307406310501,6.871824276787627,7.123522083208442,7.531516485414514,5.488851947700028,6.868993215690387,7.921585159293269,5.821224509751163,6.582548456904191,6.408803929818405,6.947939229341447,7.252246660019868,7.8444277623842895,6.656520998387441,6.6973882449558175,7.702884413800136,6.2619111476275595,6.576537371311748,7.284342775878544,4.8855333566750705,4.920702484435103,4.857579852836764,4.927133910893053,5.526674408911891,6.3410739232724245,5.532494781432649,3.099687485152864,2.694123123312454,6.876837331094161,8.223560789962772,0.0,4.472827651826094,4.73471902228524,3.8367716551273494,6.118525923241831,4.752602212299998,5.389116076653853,6.188889650462094,5.286651624969476,5.9367741200467155,4.604311075639699,6.0358917061728805,5.7274415898412805,2.4721477823728835,4.152667190734739,6.959879563012449,6.734334388583322,7.030599856978283,5.957781526534577,5.5545253991049774,5.099387787339252,5.38553448519215,6.526639080521605,5.772700248021099,5.5499068197996655,7.19604315267735,7.131778286402765,7.024810211466925,6.448474514771902,6.58627762609702,6.850437435783908,5.566574384100277,6.85628610294167,6.131928067944283,7.11199817861944,7.137095589674634,7.3589539592774935,7.028456863231404,7.642750084648967,6.295739126295996,7.385084597613144,6.750572434800333,7.166686351666062,7.658287403846428,7.794045059622805,6.577181037565614,6.469720068429424,6.733107138777766,6.674316977774157,7.358414823393476,8.05623961418627,7.6609616605094795,7.205298830548034,7.81787955331529,7.743973000982112,7.758416062345837,7.373312545544057,8.36993760683953,7.242964405225049,6.690587874562418,8.343994939540393,7.649497967847155,7.6729505055307525,7.309951012269911,7.1987475864929955,5.443078998500367,4.797199946826995,6.29259459103275,5.661788731668602,7.5327482187685675,6.771275840796638,6.245708030178911,5.887912620817442,5.6957030772190524,5.195587536122003,6.07663528318471,6.486938278626302,6.707207841809189,7.285795595411476,8.762701627279046,8.524784785290487,9.179611107357157,6.093221341900468,5.3861527548259165,6.7401273469329155,5.9567549905304675,6.344603530811464,7.978835506663531,7.15281136609935,7.552551254623571,7.1077186299948245,5.952290133683236,6.832483033947634,7.30544189611552
2402,4.783904680442566,4.728619407390442,4.913801844142128,5.338323853684534,2.634695158955953,3.73622547921197,4.247216623041998,2.2996129143339457,7.069852541317891,6.6645763871325,5.352979481600876,5.577492625210607,5.315498899450091,2.590277978076528,4.98911644337036,5.4002339569602436,4.154619328953862,3.669316633551367,4.0844320391636595,4.406258692545023,4.429567241743334,4.802122628648052,5.05183548547364,3.873677305329248,4.48368819552331,3.476700989872355,3.4388777736569134,4.547760378099878,2.4459877229278177,5.117398998565941,4.1499669587670125,2.6139343917038507,2.754265044620749,6.246422936103456,4.533763836379906,4.4159088547733205,3.9211944880357974,4.088003631873981,5.713301710157861,4.472827651826094,0.0,5.010867848264484,4.4647080474949385,4.755256169116941,3.8829580652991367,3.6701092014842325,6.182292408678625,4.48298409877312,4.5310228516768865,4.787030897158738,4.365086667045265,4.427555234399079,3.4988236233279486,3.156266955790266,4.706931859219966,4.235713750454253,4.846460594133416,2.928483198265895,5.357836189796783,4.524050986574991,3.9631421972278345,4.545070430987995,3.51894870343047,3.4205781480465727,6.080563708961611,5.292744468879952,6.076553937340358,5.288472521358451,5.077164998161367,5.102288670708799,5.000377453814398,5.308538889458235,4.626420616924025,4.945474570944753,5.343564747366809,5.206941521027306,5.7895306565703395,5.207337073423776,5.264101242337809,4.205085555006644,5.069863496917576,4.9075779301577205,6.071293072363231,5.839193331617391,5.973604245215273,4.371331390445744,4.633944232753541,4.953357684927144,5.8162818117479755,5.883066944359168,5.29622380216147,5.353066827646713,6.188475523355984,5.610539515176095,5.4878637837050315,4.884317569129531,6.272676288230439,5.92604781276601,5.099456822382709,6.175437503925789,5.972895276136017,5.8199005870418015,6.043707546269933,4.452499344535325,4.203031865202888,3.668194381925061,5.060221975860282,4.271729849538502,5.997353155717284,4.987988885104019,5.913500106703008,3.5999698780644076,3.9229377213057326,3.59430665787829,4.447333679661219,5.287489840676706,5.242612981782898,5.1223324442214615,6.738319248881813,6.078852213973152,6.638908806023485,4.124776606283441,5.328003637129589,3.9728968798637987,4.156578567190379,4.353901230187604,5.270870589703245,4.680943554250439,4.736735643865228,4.481527787842005,3.1306574251711123,3.827518955712892,4.380704736376141
2403,3.877679930689464,4.47849562508689,4.942913263132428,5.905402398335442,6.200413449190783,7.308642127903208,6.271519432635126,5.265592898706302,5.537278430288249,3.8151736238032776,6.313214454119483,6.32705582888593,5.766780910708177,6.34384329231763,6.768819288702178,6.163934503471961,5.857590283916,5.821248797509595,5.880326520789545,5.47803832266383,5.750310487834291,5.866687061760861,5.449158992481018,6.462262114638546,6.39293705805506,5.912393000116521,6.3079464679954524,5.758267145121854,5.025420870216451,5.310984503629581,5.503413230129535,5.438603867633963,5.2151427504281305,3.8310160418431596,4.183349869855261,4.27012697808013,4.438936074271226,4.499689381188125,5.076526846166656,4.73471902228524,5.010867848264484,0.0,3.9669462520502523,5.019750536219402,5.260395686161537,4.726908516594758,4.353130299631562,4.095180262311939,4.650232256128413,3.168955610916659,5.054522606975592,5.302532871798066,3.2584344670149736,4.809350624102277,5.875065839475759,5.4250732746985975,6.276531811207585,4.889343592386968,5.425557861314302,5.594310073397353,5.3668664154943135,4.256528921331774,5.017932759712496,5.558928255279973,5.171913590377908,5.989122605156174,6.032125200974857,5.058938275661059,5.811848895432402,4.440689120876717,4.466176761467904,5.810709420605374,5.326613161222612,4.757856161076927,5.315403886434548,6.003751371719689,5.736511101777677,5.004209564745495,4.886942290678986,5.809927080061483,3.9610426807879953,4.444306555883044,4.551475184211082,4.751038272045547,3.3458402402580156,4.86810999264655,5.0193982398489085,5.177902336043475,4.875106429514008,5.351719620784625,4.971893809867229,5.348443970911889,5.634999517877376,5.209409965589484,5.1982516538642285,4.8290935952504555,5.556279027802799,4.218981735439592,5.482146472857281,5.526450485627645,5.444889260031384,5.6585331087773065,5.216512406364019,5.595234809959264,4.027124340425664,3.3833975987800318,5.479974133001821,4.702373381580456,5.825454214588979,3.942931501689675,5.965802062031394,5.55600959082725,5.456220301049646,5.347792745657807,5.8919657434583375,6.167738938874236,5.884506755170839,6.4501473544506425,5.742284309727237,5.522581046418489,5.875071818656616,4.491658025268998,5.505271494559818,5.815216113968479,5.292771440288911,4.3608250838412115,5.475676951082996,5.69356607127656,4.988067014568528,6.514714059152026,5.99426709218459,6.4504309929021,6.886627221113016
2501,3.2705785657937843,4.029192906825649,4.914407852402836,4.978956214163204,5.0265388185140365,5.547276683933738,4.452654650191371,3.893070187040389,5.6730890022054705,4.8244522354094075,6.774549826451897,6.906502007116404,6.955125691818474,6.005709857026836,5.451169069063217,7.185954761825227,6.367739458386126,6.20851412740883,6.29375573140788,6.163805386340331,6.105148910557017,6.688496140763029,6.248297955309305,6.374909161671668,6.664801419709513,6.1903274059481515,6.731157569116547,6.3253243347897845,5.529562858533241,6.378396662200528,5.594225405039442,5.5969265857505945,4.8397865244727605,6.130941058901802,5.420497462646569,5.257470165609656,3.1070579349594465,5.466305681302499,6.866059383277836,3.8367716551273494,4.4647080474949385,3.9669462520502523,0.0,3.4898480560034617,3.6128687195900238,4.407415080969011,3.8201802423318862,3.5574249631819406,2.812716304715555,4.471550134050093,5.7739077869094135,5.857130889242606,3.230380061957418,2.238515421303426,6.269802347100212,6.076972409694864,6.354993684884108,5.587823396949363,4.7883303018173695,6.102417102744638,5.6290292773319015,5.447697570853793,3.6454588664658383,3.8413152847585184,6.765914503570412,6.4990758692518735,7.029219923376084,6.2809268511755665,6.219812924635913,5.570948685232419,5.669769949507248,6.486421466176172,5.850841646720147,6.136127320890473,6.241086479077144,6.395277619117362,6.548472262136946,6.164472237205972,6.123929941325584,6.153557552257541,5.234163821818364,5.722881698731987,6.068623841360782,6.565896196070042,5.5439269482123885,4.798815057798757,5.861479137833723,6.468720184017518,6.52411167315565,6.843837193542706,6.6117239971299036,5.720726150724322,6.52022822225912,6.090472483616525,6.584021188574882,6.140520092878229,7.182604226281826,6.270648396971895,6.539823131480309,7.143813411988856,6.931968730899806,7.0543323219421925,6.715997700841903,5.7496600386274865,5.514256408115199,4.83991631522007,6.1641773149026005,5.902995028892423,7.076338724855904,5.732611245390793,6.73235352919795,5.939192958534218,6.284517718412036,6.114591025697863,5.641283983909097,6.704751878470482,6.703669352179875,6.876099802623786,7.44619892483533,6.869350199945471,6.94967441587499,4.944981603749034,6.239409062311294,5.8527993483563625,5.589240527617396,5.518820463701241,6.751028096339303,6.331240125999586,5.959322020308271,5.635629706882751,5.668303793967855,5.8639940198469,6.018288296024236
2502,4.821395809001699,6.312936987633695,4.815809179483147,7.312529668477334,6.176650097209129,6.863469288204172,5.722918106160002,4.984446545831471,6.228527184283138,6.44962835966742,8.386496290095153,8.39839467013699,7.594154805127678,7.078724420277522,5.976114164825069,7.779428020284181,7.845892021124426,6.882146295442198,7.05878551619901,6.893042463700127,5.387394912835591,6.798068009279038,7.544124030835589,7.230594303961608,6.749351252901793,7.077975201942981,7.184715606496755,6.24736685993909,6.485949640225335,8.319578465193604,7.474554515689245,6.646798982759878,5.855455436884856,6.147379337924416,6.143831478513968,7.019385245795849,5.009492192966322,4.3383711084062915,5.629145092248764,6.118525923241831,4.755256169116941,5.019750536219402,3.4898480560034617,0.0,5.4824304954948975,3.370028408692061,3.9180785276998615,3.1106535984373216,3.18900737234068,6.366568157321353,7.10724473050448,7.775401305555211,4.540182306688515,3.359909710579826,7.323402683902868,6.8861896022280895,7.708557611273772,6.368390670660195,7.38790189449042,8.161804909834187,7.457303671871477,6.234056294394547,4.223317070724887,4.875255964697988,7.835481522792453,8.061010856164057,8.717084655160225,7.682809519590431,7.793427170372474,5.7835064415271225,7.406773306515,8.032416891324228,7.392854134416181,6.677808889600737,7.484802874599878,7.770546645146382,8.20457374788933,5.783427793715418,7.588491583670468,5.851577119696796,5.993847514400814,5.089454848079902,5.0540322322918385,6.087136887768987,5.568907880874326,4.718157422091655,6.590102166567483,7.3847429950851255,7.021503348221062,6.543295676706022,6.875286894406905,6.8733106387302385,7.303451049173062,6.584076089525587,6.842789672601609,6.331570825627378,7.026041708775255,6.393722932151843,7.647481885952624,6.913031379715552,7.905945177462881,7.855900893169392,7.53668646034386,5.788029006516852,6.664263175095916,5.944791093703881,7.77862738532807,7.260352814682557,8.229783344916397,6.258833708215093,8.772178207882245,7.331620977309869,7.777805890566943,7.615197193651735,7.321409864107977,8.40147864899607,8.223327880484831,8.233294821144014,7.180406536249951,6.297418697985908,5.968881623569541,6.1755298703399415,8.369347147652134,6.922475589148089,7.2484046176646295,5.992530161738132,6.825311466812099,7.308253979927255,6.261892318818386,6.105770003280769,6.988593431386878,6.930271563925401,7.078337559192162
2503,5.20139025668773,2.2087521930261573,6.317633021311355,5.484803186696341,4.472347105550228,5.119297886087189,5.42670439993912,4.178928629845204,6.799859669495118,5.491389476170764,5.893300670595882,6.090775134901354,6.170710903447536,4.585532811356904,5.654784856160171,6.481462445478043,5.181287949013733,5.377066372885095,5.663354941833609,4.693008359778378,5.776881690298624,5.73362322610354,5.533644581828247,5.274994919272232,5.953915434363046,5.085043473815581,5.349316743484167,5.580397092078568,4.427098701643037,5.181669487609171,3.520565068719258,4.212344520829665,3.678587048390545,7.3487140963365025,5.6146579816252,5.093144383774008,4.521517636359619,5.998567762006403,7.511939244115899,4.752602212299998,3.8829580652991367,5.260395686161537,3.6128687195900238,5.4824304954948975,0.0,5.841793710889308,5.447845380289525,5.11034153920792,3.8105460713114274,4.173731446338143,4.372191485306502,4.649945760190837,4.2026844077241,4.154386596220668,5.802799983298606,5.530395350554447,5.501148785414855,4.7717638944674725,3.4169396781436467,4.495552060946612,4.274641991114138,4.897641177848728,4.432170466296054,4.067319985245448,5.983509014289212,5.646586104233219,6.197546576308599,5.584007723119554,5.743149976227789,6.322833371170616,5.200294122671984,5.597174416079226,4.827939179558274,5.199406984213961,5.107106073239701,5.513249550024565,5.345169097540855,6.4154075580137535,5.389704357201583,5.86319919675742,5.175452428081139,6.52914895536582,7.296206045049329,7.048163226093271,6.941680898905205,5.46544101164377,4.842166135327079,5.57764661437529,5.963289327263007,6.633591997355303,6.020120397511826,4.185709687136947,4.647157489105345,4.943653580481263,5.5033209601436734,5.615226909030634,7.034291002945576,6.554075844956642,5.805201785172416,7.151803514260613,6.1201329662480966,6.053827685633909,6.22105480563479,5.467608140178746,4.92261609855784,4.483317636586168,5.157003129008069,5.097792298954292,6.266482644197421,5.241948648141236,5.561105098901074,4.318644364400084,4.938047481806739,4.774348752448705,4.802911182940588,5.660890322452145,5.763126619005586,5.866616881012951,7.327991880621316,6.657084408756741,6.782384805820381,3.5451319700712065,4.456697779105576,4.8553413576996975,4.30175322509397,4.936627526549081,6.014040595825437,5.362739642102807,4.95584923178221,5.143988627164684,4.407915965210662,4.533138591552086,3.7525888333751136
2504,4.722130258067121,6.76421543165821,5.063303421571704,6.689425501301036,5.2142557760741095,6.334508187118624,5.053208808116303,4.307404379604742,6.437404122341382,6.46152720414935,7.307175004176249,7.300399641174413,6.687383246540835,5.931633782692645,5.9749303064929995,6.63194224266446,6.6001976234001,5.518823491130556,5.612093284991045,6.036582171530135,5.255683986654672,6.216420213037069,6.710270710687036,6.067645848707252,5.7989609412461,5.710424783963996,5.883699404526388,5.880901964716835,5.399822412130397,7.666616998686134,7.122920504671216,5.676513126519209,5.5389426200770195,5.893942701583753,5.6429993847757665,6.284196229541788,4.244124488232626,3.4848254962642162,4.852399551585546,5.389116076653853,3.6701092014842325,4.726908516594758,4.407415080969011,3.370028408692061,5.841793710889308,0.0,5.379360512295345,4.101781456681674,4.055171129100596,5.97190805378611,6.369617799077387,7.084443459360796,3.5260627387172874,3.1885198313809524,5.9591601461731445,5.72751829669535,6.658599332864866,5.072049573183597,7.299030864120802,7.45163849781261,6.552828621108195,5.971985109367765,3.48312416204386,4.507563204822477,7.31582438167199,7.072875498110416,7.8204279180166205,7.001956612017007,6.6817246846005505,4.837376614268453,6.505946929873009,7.017597711942258,6.573073326596209,6.265668795791857,6.852844652691205,6.8768947339453,7.4846948025666755,5.312773119376466,6.973861915509031,5.257846247250663,5.57267881912367,4.193461274658334,4.777654261877204,5.533951062017057,4.882823785084682,4.450170634608602,6.146284150397968,6.541564046432942,6.9195762723403655,6.601208648627474,6.07735881402676,6.956472041400297,7.646415047375637,6.876282161173673,6.836197082497297,5.67891670228096,6.844841226110292,5.9942537096807476,6.671216720063952,6.597570198060145,7.2054059515154485,7.080207126207883,7.076195289135138,5.734232139076555,5.9837638687825745,5.0925055770627266,6.8932258138003295,6.253389645295245,7.364896962334933,5.652508671220853,8.123673091478235,6.210229262707486,6.589159735117163,6.449893716085587,6.273785911288596,7.5706353976726355,7.208650698604916,6.990407743699744,7.196505910790138,6.605088094671671,6.895966156850941,5.999769059129626,7.906926963417901,6.121178974379516,6.63768492267668,6.456547666077339,6.40252253770714,6.234916312146887,5.98710240989775,5.90436441323983,5.935895375310629,6.355054050527416,6.84204632714344
2601,5.107023480152623,5.724994110580987,5.175966144331178,7.388955260273208,7.423211142483213,8.05797876392539,6.779854858487123,6.143306504276858,4.121572142587618,5.080054137001213,8.621572791133048,8.68992354456961,8.146531935406738,8.067691925058552,7.610899597752441,8.389343709139474,8.206728899203192,7.523594855996539,7.249388156463583,7.413998270204829,7.122286243466349,7.816653304322792,7.816621964462195,8.359382771327367,8.099218669423843,7.965316191638416,8.375723703402976,7.530262347571547,7.156450468334081,7.881541768402526,7.172487195063642,7.427908435591742,6.872162851393577,5.4068563634940965,5.861061942567613,6.462543400525539,5.627502444543103,5.899348377705005,6.39106978437575,6.188889650462094,6.182292408678625,4.353130299631562,3.8201802423318862,3.9180785276998615,5.447845380289525,5.379360512295345,0.0,3.6053388216650175,4.26722682930253,5.327541551771706,7.023789670378663,7.655994659049964,5.073022618281836,4.720287991560931,7.85729818648751,7.512642813501264,8.233148710959542,6.989072014998982,6.815517382422424,7.879561720370326,7.523853383209866,6.674851137898817,5.720225566710492,6.488817971699535,7.553377468304287,8.384568244670701,8.634240756465053,7.597328546662864,7.961806489396894,6.132077851677415,6.9635652975091675,8.09002120462703,7.324921812390355,6.660149032331871,7.469001460187047,8.156783617516794,8.003103143756656,6.597558303070167,7.55799828640915,7.219157473690045,5.840000924527947,5.836000331337422,5.690064233960732,6.532196830561533,5.281673718578364,6.109880733988872,7.010784859576104,7.653426672894775,6.80206323051516,6.774662189710251,7.170501191505378,6.601189189314272,6.6357194954562555,6.549645429608433,7.089470227438124,6.56398413838458,7.384493660504048,6.221683019645644,7.883179230985378,7.238258692642499,7.978595197201581,7.929962283419922,7.272234398392204,6.893576865422355,6.451095811538327,5.831185452108804,7.926736122473638,7.365140287028554,8.306763001028191,6.340428641736635,8.392290153453185,7.519351627040002,7.931561928454561,7.719131896701113,7.793298515692566,8.532733090956368,8.407121015353841,8.62703311256712,7.2828286742377735,6.642399217265457,6.207734239143017,6.059224185172538,7.704525544494582,7.7822108530974,7.5832993519137055,5.86784722736079,7.430540014626282,7.985633472919003,6.555457784610497,7.820499417422994,7.706749759859888,8.021364254267755,7.782245714976314
2602,4.724309790059212,5.408979814757605,3.7907710007675757,6.49875160924428,6.183208528484557,6.492245444112367,5.0432301629348535,4.474843668429756,6.451371631039084,6.049584459791004,8.293449630218229,8.541647766893155,8.122582300982925,6.830968242838476,7.377360924768601,8.212691708677374,7.687333807171562,7.09225776801092,7.105051433928458,7.268773059552024,6.869546738684104,7.385202329932181,7.791320461052708,7.619201034190964,7.571393233607408,7.333287331774416,7.518472253547643,7.182945276161134,6.093357787344991,7.411268092595226,6.71726236840215,6.503998135582318,5.88338557311423,5.366844801904885,5.393246696052096,5.719803594041797,4.803413918318631,5.360662149910194,6.0149687620145,5.286651624969476,4.48298409877312,4.095180262311939,3.5574249631819406,3.1106535984373216,5.11034153920792,4.101781456681674,3.6053388216650175,0.0,3.938358869046242,4.45828634953725,6.980993375388195,6.886673503819009,4.228314233012559,3.2509516987965275,7.339951738392168,7.11882517192063,7.908155351995176,6.042300811243068,6.886578271165808,7.122995661720233,6.974217810842959,6.593900893264945,4.6858463229953635,5.302271678116594,8.030077709006996,8.073746409583118,8.63737647192315,7.653214495014184,7.681822631031463,6.240051432062056,6.736917855139657,7.9776058724084145,7.20504914526151,6.782754117465882,7.512482357626238,7.847779282369039,8.190288754891355,6.656158442355973,7.596461555870248,6.466654074621089,6.154596202866502,5.522447546213853,6.028878643690545,6.7199276450870125,5.50780280300048,5.948726418798783,7.087622142698118,7.6505620272614,7.276338528304058,7.000148788632948,7.2652133238616035,6.732453375047655,7.200405885645988,6.769027418293089,7.197678557827052,6.5058004809494765,7.773971313570936,6.731452690840337,7.950626174350985,7.565199826338803,8.208497441259832,8.193733350762399,7.767458265665018,6.659310334633257,5.97391708909878,5.4199265759811555,7.922649216299656,7.019965287878738,8.51749814644919,6.293395093869739,8.165909167350895,6.82096409192602,7.186578334005876,6.836762366235685,7.538719398105692,8.012823090948716,8.03985658146116,8.17739453830805,7.799470181282428,6.927183251669288,6.3639090050313625,5.643588906986449,7.347486640137921,7.083719211747507,7.009633096253113,5.025568329903268,7.306843991291405,7.624311755250447,6.357083040770526,7.102927770011072,6.548749262804606,7.066660961468513,6.984233585274372
2603,5.411902645468683,4.902618981183983,6.396165424264743,7.15096235592134,5.438906070635886,6.771793559280244,6.216476109640487,5.22060104834703,6.543234925994971,6.119422040460859,7.016729700535235,7.01172318514479,6.57965992156877,6.153956394343113,5.597269424753234,6.611004380057445,6.565409402121624,5.655008712431038,6.001621895706629,5.4452361274134535,5.410211803880262,5.531327833904313,6.360331435850378,6.2255672812636424,5.854807934142701,5.869965761982943,6.318737464903928,5.732321629111044,5.841868172973097,7.44165107254054,6.210800840636031,5.75849735235901,4.722669802481756,6.9362123765160755,6.277059107185476,6.773977563819897,4.961945166318603,4.824269498477582,6.24945587189266,5.9367741200467155,4.5310228516768865,4.650232256128413,2.812716304715555,3.18900737234068,3.8105460713114274,4.055171129100596,4.26722682930253,3.938358869046242,0.0,5.218367281838781,5.505557524851503,6.28347176451462,4.563449732018347,3.0766471823861203,6.090548864956011,5.852272323176106,6.1264661482025256,5.3161198548991315,5.125775340914118,6.770897383607493,5.876530212206028,5.098915340731059,2.926489402064917,3.637770273167081,6.847303775808718,6.288325829899976,7.361845199185195,6.630323179040915,6.467560983709404,5.3679969107850045,6.24730487366422,6.360544435890349,5.7971164693813515,5.371524636211756,5.421569469027023,5.76804621238318,6.371892829741492,5.533574798315571,6.460690388065717,5.506729605470628,4.555189003679319,5.284924982482583,5.712883009459443,6.146398842020746,5.868142539035245,4.611541184262275,5.420964739833665,6.324759027192083,6.169798560479718,6.1065683716130765,5.767254091625651,4.6888843588391085,5.578936924213058,4.89688317214478,5.502782524363714,5.353292911480576,6.785298321129795,6.226102445701743,6.528252054963381,6.704999838264231,6.4013331676551894,6.697682211629736,6.8967420008588265,5.438729770062062,6.070906051140132,5.311552597093487,6.313097549810601,6.240320412274113,6.915196896323206,4.9599334431923445,7.606762849445603,5.697349315093539,6.554223541472477,6.503281430988091,5.7362713793473,7.294177198142343,6.988763771923063,6.64618109089463,6.94940221570699,5.991436140953269,5.550636650404367,4.378291847386157,6.876602771696571,5.530083636622776,5.528026916334583,5.741352275802526,5.745556392255248,5.640525416288058,4.754659822751081,4.977952025795128,5.368560726580265,5.4127444293793605,5.117618436144425
2604,4.496120118417156,3.4420562825227456,5.589368331571944,5.518132110586001,5.923206571854711,6.915770870597452,6.127543915819276,5.00215455560778,6.735634670414519,4.8048831607662885,5.636614990178706,5.840265136270289,6.263872608085771,5.644873833822916,7.312186789961924,6.650246418010842,5.302068583906014,5.924475604677816,5.9318470593373736,5.861523084242707,6.9388256825330155,6.653129344005485,5.420592925137134,6.0624311447982135,6.955779786293551,5.884621393353095,6.381269086911456,6.673443717059738,4.919830613295394,4.274893830391628,4.140962516278476,5.2600143236887735,5.10964548644301,5.555323276883533,3.9740828109072996,3.84527527660103,4.4046445684905375,6.096811290301147,6.4333420672388755,4.604311075639699,4.787030897158738,3.168955610916659,4.471550134050093,6.366568157321353,4.173731446338143,5.97190805378611,5.327541551771706,4.45828634953725,5.218367281838781,0.0,4.87734584387866,4.058203711499737,4.001665022739134,5.023228336774392,5.393983255837432,5.356513235638756,5.901427691716955,4.6818009724753304,4.151334273921428,4.269377805514266,4.457569090132214,4.925681078510395,5.0389638529789575,5.195013610029653,5.607581053871938,5.5671610922847385,5.579294728550652,4.979480010211226,5.354077326857167,5.636315937434638,3.4515455357554927,5.360405213789786,4.769246417034848,5.507539493848639,5.5574206061853,5.8044600250183125,5.320458021793329,6.410642102328717,4.791397857689268,6.575940554631293,4.779469659497057,5.630749701616934,6.659218932674822,6.289190539244535,5.195553909239425,6.113844411477142,5.451531492155814,5.712225600158683,5.886953840413236,6.80976752728881,5.878996966621707,5.246161570532844,5.959243583617534,5.874157355030902,6.153133527884885,5.28380270227984,6.840806606138339,5.5086286501293005,5.658190421019866,6.84944767374154,6.034599894195883,6.172738584611964,5.881598542119695,5.935545928053854,3.340799144140731,3.198310815300858,5.228017099234563,4.647533021109303,6.06404407098139,4.43448037319728,4.734517712404617,4.916168496896408,4.801546065641727,4.52704293469694,5.446987605892501,5.155202834279674,5.197427948178926,5.964949605845537,7.220625015016223,6.949011963260936,7.074213423014449,3.8764080105209633,3.9309145391418525,5.310343668215718,4.679490393387109,4.498485427601306,6.444748852589281,5.951978816212267,5.513280054751181,6.9701413735191675,5.447629768755787,5.793006148033375,5.978081367876749
2701,5.777491696727138,4.047196782912816,7.344214637446234,6.69047496917569,4.211319435402743,6.5445113433486615,7.4783934782226265,5.56273576593561,7.2863979510103345,5.582840037239781,3.0331752652989654,2.9807386373657443,2.706819866693201,3.5245094926100635,5.289904928848124,3.1401771183263416,2.289898637841752,2.8765405614247825,3.5652154338885755,2.455601864060211,4.3141771571825736,3.6254774776018586,2.5106863089411746,3.43007624154705,3.8039150768364753,2.4796182298687484,3.3848713782620807,3.8187002609592313,3.0039528535891495,3.5414461828391723,3.0490051739410977,2.8169587142048362,3.2103910141644754,6.072842399282296,4.3662934499665065,4.759469026410601,5.530223971972004,4.762189725723001,5.830008201922364,6.0358917061728805,4.365086667045265,5.054522606975592,5.7739077869094135,7.10724473050448,4.372191485306502,6.369617799077387,7.023789670378663,6.980993375388195,5.505557524851503,4.87734584387866,0.0,2.8567914839586517,5.111767252370428,5.678089787522241,3.6397147958354834,2.716001233857545,2.7194350054166154,2.4739695326122573,3.4004477228659753,3.258829833294862,2.2078198659803356,2.5433076161115067,5.056026765810891,5.239887888899744,2.8171745676978817,2.8379943173249327,2.9294480851392493,2.257439258316035,2.886626247995445,3.954151961467252,3.023344304350889,2.1459194385370477,1.7218320891978993,2.244940027979332,2.06270285618886,2.6839206379672595,2.0591725884037504,4.007055096060142,2.463600932259151,4.18307429416801,2.8715343610713973,4.981318466305502,5.679526559000039,4.559191341007696,5.5783053086917915,4.269152180169587,2.0098471616872513,1.9696830959380625,2.958236275922448,4.001209022818663,2.7891355096783568,2.885696530870518,3.9265549555967567,3.3015524448574047,3.105782769950853,2.961129253707662,4.022161406493056,4.064958557772579,2.057034876442033,4.012404120831524,2.5540219906573185,2.8117749035053943,3.152444375490854,3.627442878508394,3.046169567218331,2.9096034005532783,1.9558612146366101,1.9062642400253618,2.6825684712393683,3.5664534156986525,3.512589996090323,1.9964202477626427,2.129909396980708,2.60264009882225,2.4982154237081238,3.347468164170708,2.8905294544531444,2.829333446227076,4.463158853897109,4.345322186679022,5.666731525877692,2.4835868018013403,3.3251763132014784,2.925430305192339,2.2984472640465246,3.916613286301072,3.0987596393280885,2.7184817389883107,2.8485121796335067,4.9057244287500605,3.2872104029898663,3.8389577812959943,4.2333948771362415
2702,5.896919382082583,4.089119104336399,7.364535710881028,6.197376262596649,4.243045203452907,6.094956246268446,7.122713967672712,5.311133274279011,8.019940576891885,6.425119839010868,2.8639364215415473,3.221437725875276,4.219775887988533,3.1803541827359183,6.23549468561636,4.508638371387937,2.428403513065143,3.8771410408952516,4.310198994304317,4.018904543695232,5.887386145182162,4.8178822795649054,3.1866669964466334,3.6158276127929327,4.983055004324984,3.3511657286265333,4.128333060059052,5.125178971810249,2.9727694184187436,2.645103412637958,2.43879437127034,3.1823318222210357,3.235153453141832,6.805965219841678,4.30935267289759,4.338441617050878,5.536785931480694,5.9691088022214105,6.805437816346153,5.7274415898412805,4.427555234399079,5.302532871798066,5.857130889242606,7.775401305555211,4.649945760190837,7.084443459360796,7.655994659049964,6.886673503819009,6.28347176451462,4.058203711499737,2.8567914839586517,0.0,5.45879118329364,5.790008763775628,3.8391672566468973,3.450818029828545,3.2340231000755426,2.8601727933412313,3.0336184017185674,1.8092901563849069,1.5347438444356873,3.4823708626740353,5.319987082186279,5.170748586681466,4.290693650953554,2.8273349158941357,3.3251089549118995,2.9327662616163677,3.0069035485535562,5.2886555686526915,2.8956247165763944,3.113665529053031,2.7511783199723165,4.168579588735432,3.605643729860889,3.2006736970019833,3.292629022904179,5.666839214161359,2.9879069534678973,5.324237330482173,4.34922260756033,5.983384742747317,7.190846802000805,6.1276582549981,6.5024988798151,5.586476282698046,3.876135933973937,3.7217480470325137,4.775190450628031,5.834115278997684,4.6533300670734405,4.082605323296243,5.239373716544147,4.831625553162479,4.802622757033184,4.554687228199808,5.778929851279354,5.518661500322919,3.531360704058824,5.783674925105606,4.157194605789832,4.442556486431099,4.635146907239383,4.796064133039836,2.914351002229654,3.29720761333146,2.8227218974743007,2.4353894506947205,3.974532078704725,4.426249074520544,2.69064301605435,2.1481340349376916,1.8015405072750184,1.9044966618805723,3.0617114086447237,2.615730362454801,2.666833311151328,3.1026267730928248,6.217162579184457,6.107375885498887,7.008693279524293,3.1267751256660445,2.4667428579471293,3.0385243239769752,1.887987396906212,3.94652069575806,4.802914537256212,3.683644206850943,4.196756270708494,5.573332879456595,2.789775689662098,3.4523419889265856,4.236629959457107
2801,2.831480519483937,4.11652908320504,4.078926533448089,3.6134333026394234,4.613726671943297,4.7958960376739155,3.5366120486825716,2.9046510172744315,5.8146918173726565,4.375877217616246,6.278049076139637,6.397017962693338,6.193062150604567,5.027360332409172,5.826741726932629,6.581049712850574,5.3592993664346364,5.592602716913915,5.52867955987847,5.519281726898024,5.495994709455134,6.320601352026988,5.691312792421977,5.650972461123323,6.214865220444316,5.259996462150148,5.452407759187914,5.651402600487059,4.07210865588652,5.040103416076995,4.871872467918191,4.328153199471504,4.602202613178975,5.297405712861966,4.697010383700666,3.514787112642394,2.4524472794167784,4.753083668351086,6.297375485035006,2.4721477823728835,3.4988236233279486,3.2584344670149736,3.230380061957418,4.540182306688515,4.2026844077241,3.5260627387172874,5.073022618281836,4.228314233012559,4.563449732018347,4.001665022739134,5.111767252370428,5.45879118329364,0.0,3.3621246547008488,5.970798489224322,5.602939536869146,6.226591615419087,4.858112134528199,5.528110860600486,5.2844583039058435,5.082372673066989,5.146349817546601,4.461333726804822,4.613827386621497,6.124436722361418,6.351198209737927,6.42560023839779,5.641348869628035,5.953366654705218,5.37738996808606,5.0646937697394705,6.192144520549238,5.614083509514535,5.8301254993244465,6.105547915139951,6.458841213842322,6.29700362439271,5.927174919000716,5.459440140146913,5.80777485289808,5.3807226983198415,5.405306198260567,5.806394133835137,6.073208679316807,4.952934820654689,4.792303756566385,5.374469173005113,5.5065126816454315,6.181855456935521,6.627240400663121,6.068116675430148,6.211560532742182,6.703085034112418,6.450964537408831,6.323840379510199,5.864581069222684,6.812038642404046,5.756132419320652,5.752653960976153,6.811786910207819,6.456744753945064,6.394672899685027,6.22836921863422,5.924716423607808,4.604894824275533,3.773316441863394,5.529964529099564,4.827250008002557,6.523557285532855,5.382002283358283,6.096788128802441,5.25349661366245,5.172631557719264,4.870426902262559,5.4141481151931945,6.039479912312662,5.997011710779275,6.474880301213332,7.2582551877130825,6.924850080959292,7.593985703457617,5.1319246919012995,5.492777213465186,5.717660270604144,5.312364371920429,5.49238956594089,6.3913337525355685,5.856153511678979,6.0573226516700736,5.895037888265659,5.3659661299988946,5.999205351336342,6.552072049953176
2802,3.5803266747078575,4.984954324475012,4.568618683181607,5.314458333500197,3.8902975883090654,4.854529684234655,3.860582914804076,2.969704269138779,6.259226731295873,5.8074867677573865,6.46599839228443,6.683208718056644,6.677515959556696,5.050571304848493,5.138114015121006,6.647712860911423,5.962977435005097,5.419419174929482,5.576473799922859,5.888474382522073,5.714082219455889,6.318977831609802,6.1755559078053865,5.6734744476820325,5.884074923411584,5.5019060159440505,5.934681560149285,5.954966239757854,4.863808374387212,6.615051966679068,5.762219594739757,5.022417704036755,4.518740618640481,6.063398353144771,5.113242383511924,5.320705660889229,2.933251276256531,4.685861354019543,6.170479387523722,4.152667190734739,3.156266955790266,4.809350624102277,2.238515421303426,3.359909710579826,4.154386596220668,3.1885198313809524,4.720287991560931,3.2509516987965275,3.0766471823861203,5.023228336774392,5.678089787522241,5.790008763775628,3.3621246547008488,0.0,5.568531680147274,5.44803818102812,5.914419606215631,4.668079024635797,5.523726014082665,6.142989819722676,5.474996255396133,5.633206437747285,2.695956162272545,3.3577452087766755,6.985333681181407,6.326766869446988,7.026998767429597,6.385391812764848,5.8469422765036505,5.178516648105382,5.72812948307055,6.22195554146785,5.671588991592833,6.072113537490254,6.279986296853221,6.183482512032091,6.644896127994346,5.70604266464441,6.3336241658213535,5.236804052314181,5.393349541871447,5.003723962169699,5.78845217469067,6.211767062151407,5.568085192952982,4.331237138663293,5.814873231172557,6.317602990980987,6.772336621159204,6.759508097636172,6.358464013923264,6.019603793405972,6.98469111666465,6.333678330814017,6.739140492727106,5.683406944912021,7.066932936818357,6.324872184233138,6.391352503639859,6.882189312271093,7.002747290726663,6.957840802753117,6.791683842646032,5.30271268615725,5.394039574781405,4.720481781190894,6.2016907110572665,5.67779512492579,7.027664885910265,5.863118636570028,6.943440837502098,5.424674401996697,5.774748112013012,5.5818480353326025,5.316450125799608,6.521639328180015,6.466263786539508,6.336004923416613,7.3927875269288,6.748368914512612,6.890267585466911,4.905453488343138,6.600718063851409,5.301393383246171,5.591026437958822,5.425178997891106,6.471442669824001,6.042568158968062,5.71387081864906,5.254548395282298,4.939310523689641,5.350518771901446,5.528524771548766
2901,5.654325517594225,6.125755565213419,8.127155094543793,7.750933243121386,4.280669578683363,7.424109166373029,7.875789350719935,5.893878685299581,7.550331495937432,6.557551212133883,2.2043062130491236,2.211875767797302,3.1102839906766278,4.105098493214743,4.82152946947901,2.9177897260255157,3.366832622085234,3.2659466041142737,3.9553332422285683,3.839513657429587,5.088441742067605,4.481960847112722,2.520101881569746,2.804016886033561,3.392544516901633,3.2824409094499503,4.280677098947411,4.503140773913528,4.533838164977709,5.307677413817291,5.228612864659777,4.5707465719891545,4.322309104288831,6.930357506810864,4.436298286084821,6.113479304510888,5.249632775637925,4.490093075100208,5.2460022341263635,6.959879563012449,4.706931859219966,5.875065839475759,6.269802347100212,7.323402683902868,5.802799983298606,5.9591601461731445,7.85729818648751,7.339951738392168,6.090548864956011,5.393983255837432,3.6397147958354834,3.8391672566468973,5.970798489224322,5.568531680147274,0.0,1.3601557824991208,1.9141261232804436,2.399263569044885,4.872463944783703,5.13895610343616,3.592049847615993,3.6645390708330456,3.883131188190364,4.331880862498748,3.956381359339455,2.4790113899478623,3.028168311011578,3.0937950311760107,1.6984610535237812,3.7602251263889093,3.0447620861183955,2.326758993717339,3.0590657717008742,4.448028267385978,4.130561949859973,3.0118536561035376,3.2998612178765017,3.9910898850191368,3.2398631267607936,3.9255354235725326,3.768713173923135,4.157711683029441,5.744830395110041,4.60002402071854,5.40685741043025,4.0643228150647195,3.472675537492103,3.592848465219665,5.249982547800398,6.007739034743135,3.6966012630765666,5.281558507097438,6.491958031471696,5.607591771555268,5.432014722905825,3.2872643612304753,4.791798203877114,4.589205497804831,3.105274618336298,4.758439939138856,3.9136951372888054,3.6885887097972363,4.172449725185623,3.314824866469946,3.3460861828570136,3.4547240814169053,3.0059362263086054,3.0217308708973705,3.111351184988006,4.155123938933769,3.966730221336792,3.7214808026198414,3.49241641294916,4.128157474479758,2.2979617673139647,3.0185817469329383,2.3150437647672453,2.144191127889455,5.694693516012905,5.90148472161609,7.11995187804857,4.238163962019234,5.486951127320427,2.1284945329677054,3.6136014422430756,5.775160150383575,4.373043757664938,3.3537259925995713,4.27404524486605,4.924932174168682,4.047274193738041,3.4666163433965473,4.69471044094695
2902,5.533850338762177,5.725036185243079,7.637686239052114,7.54409135174072,4.030779734493209,7.0799710048694635,7.7317800775727825,5.651034409987822,7.327552751472635,6.260840208349406,2.048302972005202,1.8716207465390016,2.1340705809548854,3.5922101225098073,4.527961629192538,2.1499989639542014,2.5743963656376754,2.4038760994796466,3.333044031402656,3.065963271256993,4.086137604301265,3.6340034392441,1.7121504070956834,2.320069392627393,2.711466665359727,2.3513295474889238,3.4321299860419208,3.67821346486939,3.683924902016798,4.729869234433748,4.604486144767502,3.7330175446552722,3.600913125400705,6.2835232612868435,3.9055932540748075,5.670200012616143,5.311825969700179,3.7932875351811957,4.68093945874281,6.734334388583322,4.235713750454253,5.4250732746985975,6.076972409694864,6.8861896022280895,5.530395350554447,5.72751829669535,7.512642813501264,7.11882517192063,5.852272323176106,5.356513235638756,2.716001233857545,3.450818029828545,5.602939536869146,5.44803818102812,1.3601557824991208,0.0,1.5739007538077718,1.7245780416600711,4.661543193715222,4.634430211337316,2.97751740585313,2.684061315132709,4.090589164491904,4.510958025737417,3.1601089742977067,2.188616177785833,2.722125011608783,2.2310750231820227,1.4869175648409692,3.0438941709463605,2.8624492441853193,1.9363324538753541,2.3455768186302803,3.4279302519178945,3.4189086597815534,2.5402038135905394,2.822283584045756,3.14692231689853,2.544529350041483,3.35334400230734,3.049668786164765,3.7253895834111144,5.061805770508975,3.785153791195956,5.0074694740369505,3.4717809690272907,2.4792483183107183,2.5771272172063897,4.053574582873049,4.774455322985327,2.8075827706554364,4.611337638649453,5.767305496808056,4.755997340729587,4.405346696079539,2.5548059420460763,3.7267401286459787,3.7069553238189696,1.9550678864033209,3.637548528711537,3.0913485887398227,2.9228699683787958,3.2191074164776112,2.461613033590002,2.8285578995421963,2.820345542799028,2.265562419000571,2.166515306041143,2.344667123180551,3.525483216042622,3.7840784875234714,3.0361722829601328,2.8878500479859213,3.4932598548433624,1.9740507157608191,2.884905889864121,2.066465893711785,1.9344029781549958,4.584012972943508,4.76876708119661,6.243587598944881,3.6883764695595795,4.99232763938397,1.8147766666072966,2.9604266684139584,4.88089746985933,3.3761507787369536,2.6675081756352164,3.439236569119748,4.582768949677055,3.57060823951229,3.2160101436335435,4.526742317376157
2903,6.249919577340969,5.7166908683219155,8.611045426852431,7.685699395367278,3.9328442966021404,7.0621975778120465,8.060176011985831,6.0614985888491795,7.975256763573547,6.838004843260368,1.4414021307108569,1.3856399359474016,2.4087699054006766,3.5398394839557126,4.5188089264932065,2.2506293255715826,2.4995175693415734,2.701303035092815,3.7361614650730552,2.9177646558046195,4.6722221500402945,3.6497169988359497,1.6945705621730696,2.1593443493974354,2.818282418131221,2.3278571496030636,3.556456842419314,3.9052732162808494,4.009815394546947,4.894883172214149,4.598110317026923,3.8792818797494126,3.581438382957465,7.487873711643493,5.100240512859019,6.243488010041061,5.7766192430841325,4.939712052251121,6.116006012755907,7.030599856978283,4.846460594133416,6.276531811207585,6.354993684884108,7.708557611273772,5.501148785414855,6.658599332864866,8.233148710959542,7.908155351995176,6.1264661482025256,5.901427691716955,2.7194350054166154,3.2340231000755426,6.226591615419087,5.914419606215631,1.9141261232804436,1.5739007538077718,0.0,2.3763944455587773,4.129443207488649,4.50102581964206,2.7851040647592997,3.027741906423731,4.468349158063409,4.562574684442426,3.494813024454252,1.3124676962244237,2.454253019671154,2.57471947242273,1.4623011421059917,4.259469003751863,3.4401438033083647,1.5306299484075894,2.3827007937150033,3.769860498072191,3.062577941516702,1.7703943499845238,2.320061209597817,4.123037999916274,2.737903070279625,3.8729886059873633,3.6618613409909706,5.098969043307425,6.301657996386048,5.037192245629077,6.266782382651732,4.170942128278425,2.6899081622283934,2.80859519208303,4.607555850531942,5.505177879399736,3.3824460326646046,4.406530213562627,5.6722840257818925,4.769091522476387,4.54209966481792,3.453768022344936,4.561499875517739,4.900346623005082,2.312714811027215,4.612402361326455,3.025437653221302,3.059404531577938,3.8886099776219125,3.2734438423329606,3.745810104088483,3.8400626193137093,1.954945411670076,2.577442770116122,2.2657612799084546,4.206907831268036,3.6219800866728815,2.8574430447003185,2.857680892596999,3.640550428024359,1.1049703732974503,2.684929748865332,1.9137200386497237,1.0504112742805227,5.3670613471942525,5.499673218540689,6.892376732664972,3.8571223717072733,4.937891805926274,1.55669581081735,2.6140577756926895,5.497417633310284,3.6560064096946694,2.348761319368674,3.682409873850855,4.325718805418948,3.18906445634421,2.7196367446001237,3.939394359585805
2904,5.348053279613054,5.069153306233133,6.781703190011926,6.832078034275231,2.970804716186472,5.904022842014527,6.6673614795920795,4.51525664139192,7.20259611388707,6.218507567910936,2.840728584593123,3.106440599134301,2.968096672658659,2.52881992831532,4.706844916300554,2.9194639843931003,2.5268549276704584,2.3148651805242713,3.1367557304123146,2.9178440921231816,4.105704614614618,3.5008693685140897,2.738332749651169,2.6123515520800544,2.88572056037017,2.188243829802684,2.9533240458909744,3.517348395456887,2.5350909132973007,4.375959561012114,3.959131425384182,2.71672444437674,2.6468893144055228,5.87633059033606,3.8483878744572104,4.886379621949349,4.881114607331313,3.6514725417280074,4.8562315340237605,5.957781526534577,2.928483198265895,4.889343592386968,5.587823396949363,6.368390670660195,4.7717638944674725,5.072049573183597,6.989072014998982,6.042300811243068,5.3161198548991315,4.6818009724753304,2.4739695326122573,2.8601727933412313,4.858112134528199,4.668079024635797,2.399263569044885,1.7245780416600711,2.3763944455587773,0.0,4.492959974768935,3.8504359719096772,2.581073994325126,2.921783508358176,3.729115075455574,4.069310879258349,3.870996896937882,2.903540011881846,3.617935867759748,3.037613002747891,2.4681750856637916,3.535051648586995,3.1082127740273022,2.6122982351077,2.5312970606252523,3.1696090104767407,3.376394401350991,2.948982910765154,3.410564373890702,3.6273032111585666,3.278512541905185,2.9675769087998924,3.3236280468960993,3.9385839148153843,5.274979149625009,4.247583565223897,5.06200446269305,3.659019556879391,2.770384165629593,2.802649420179852,4.278802078823351,4.773316945295145,3.0924044796111287,4.221647278874117,5.276506301311379,4.401915794602831,4.179993144511516,2.772875140080356,4.397424650630628,4.286671432310555,2.8515924436254707,4.262248234843831,3.62413991166227,3.4601422123801076,3.9538826477104445,3.057958461836755,2.7204754251846675,2.533698828161865,2.991945815320984,2.114888734724482,3.3542429879289895,3.6436974358712955,4.0990109099226775,2.1209570421197523,2.011781803741634,2.476853271189889,2.460363083835631,3.2554537796889402,2.787682471613287,2.4546646690583254,5.022097533041388,4.889608668262621,6.057701918732156,3.112890872624895,4.541180653795554,2.0597283839756457,2.7536245016694285,4.024922210524122,3.385318001880523,2.9596558753008715,3.1560533706391807,4.358565048739934,2.5624246380697877,2.8979030907697876,3.7852097110077745
2905,5.976516333155864,3.0467203739864015,7.695273703779425,6.109093635471524,5.297928025836157,6.749860333407913,7.261941277057358,5.905794769788179,7.5999853259794214,6.128717488269184,4.3873921456809795,4.384806740461985,5.281116539561065,4.862567016813179,6.289807384144658,5.644890005038837,3.928034569707853,4.741261153428984,5.0960808096522525,4.619128694214198,6.425632117542695,5.421091622729872,4.318234359245736,5.015086982436871,5.979832917406748,4.567728859059089,5.484661347328853,6.022471631846158,4.829821229099197,4.207326188677243,3.077400415430299,4.457021206798967,4.084170036201893,7.730067548865217,5.571581809036103,5.185912048055986,5.4504821737705775,6.832905780263459,7.875974161276652,5.5545253991049774,5.357836189796783,5.425557861314302,4.7883303018173695,7.38790189449042,3.4169396781436467,7.299030864120802,6.815517382422424,6.886578271165808,5.125775340914118,4.151334273921428,3.4004477228659753,3.0336184017185674,5.528110860600486,5.523726014082665,4.872463944783703,4.661543193715222,4.129443207488649,4.492959974768935,0.0,3.286830376645081,2.7579423493763278,4.043566234524907,5.085137584457766,4.870290406693435,5.030627164314088,3.598020475141112,4.487436022013811,4.214876813151878,4.284433547197862,5.826936284710722,3.8448375244569344,3.798087989574421,3.1350757474918414,4.529228969148172,3.508158127803791,3.5498470723297424,3.4653213245099623,6.344764594774082,3.977011145608542,6.456441768050734,4.304508101163554,6.75204391531834,7.616146883384626,6.898011879728612,7.132575216046164,5.988992656677872,4.365200407706973,4.752183962208477,5.08214662148755,6.198879305989557,5.343621566126987,3.273284884927217,4.69355854840497,4.554104976637574,4.982926080243725,5.187134678045966,6.556571155409877,6.167588777726683,4.444284995642034,6.620762807884051,4.621414994727508,5.253473310788507,5.475568798282055,5.372969667889659,4.425465528969015,4.278356141284369,3.5145434282678605,4.169111619088161,4.835468522216661,4.378386558038344,4.162834404936189,3.5600032657990464,4.1007723418091455,4.13682648298526,3.577192208880267,4.497109778102797,4.4003615252676545,4.4911645234453665,6.881190031939297,6.506514318098543,6.970380703562832,2.9015042500665986,2.9904310372670375,4.073373868176075,2.63874184956226,5.0797561535226885,5.57810955586389,4.2781901362319354,4.62814360140529,5.5954501782266535,3.9115468248594154,4.216488253227268,4.336747018536628
2906,6.148109568596893,3.719633541236595,6.974342710989746,5.365333870336443,4.718266947409057,5.643380523124056,6.746335991178285,5.211230933903638,8.3173340155939,6.587792861697533,4.120952745119767,4.377179879329265,5.16848034318396,3.3612210489791026,6.987003299563173,5.627851571871063,2.6794449754839857,4.434351552578549,4.712151060175706,4.673503747323893,6.4113579769769595,5.611280431549591,4.276475132429981,4.589082595281448,6.00846323282119,3.9251976380286315,4.395689237481868,5.8819343289521395,2.988490900445246,1.8512133487785263,1.4339221078635789,2.8651186996187588,3.7599017343149086,7.034399820824996,4.738809241458999,3.5364146677761314,5.647396504157254,6.788945548870787,7.718368017678535,5.099387787339252,4.524050986574991,5.594310073397353,6.102417102744638,8.161804909834187,4.495552060946612,7.45163849781261,7.879561720370326,7.122995661720233,6.770897383607493,4.269377805514266,3.258829833294862,1.8092901563849069,5.2844583039058435,6.142989819722676,5.13895610343616,4.634430211337316,4.50102581964206,3.8504359719096772,3.286830376645081,0.0,1.8487240908454263,4.368750905821221,6.208446173168031,5.890110987687916,4.970742582516296,4.128057484100062,4.269058835713896,3.805462130252975,4.307521852076308,6.140772147339302,3.574040570848585,4.1188132134196795,3.280577386341742,4.697379018221737,4.320414669966355,4.429459721682294,4.10497659629825,6.627609284149034,3.747949337671784,6.315267671831098,5.206127816877169,6.881664441729979,7.905133507817167,6.971600964653178,7.188155944982897,6.46367949354202,4.590681151101852,4.317329920752233,5.09242475916652,6.20185890207665,5.571144128936098,4.5156863067751765,5.413747742793808,5.366295293817607,5.2884272592898975,5.498298682560208,6.605630718372092,6.210880830834686,4.161553692686128,6.640129736663729,5.004231132481057,5.287661305949713,5.316497815286758,5.692062361610861,3.4988581657643416,3.6382292560923544,3.5350531971249652,3.142297733912368,4.973216523592034,5.018401647666282,3.3352150918733825,2.60869260288571,2.2893760662374496,1.7804853517248644,4.013244241702833,3.6907043770746473,3.9004797051988493,4.447461646996285,6.950520363891017,6.742630127381826,7.5610465222149195,3.5417435685717473,1.4357422738475192,4.266739948853743,2.6387491385000956,4.2273545449525844,5.731062693807078,4.625647347403529,5.124433358401223,6.28918239306738,3.391062609510675,4.45909014362115,4.9237501478709715
2907,5.776578633559575,4.122679322167084,7.145286008650142,5.919516767359022,4.015387624410416,5.896307363673317,6.919743879932061,5.164157268409856,7.8817899081613385,6.423056338776818,2.86781581507849,2.8643661659455053,3.8118195494020317,2.7210700414973013,5.869791593081358,4.1932018475681465,1.2796890433441253,2.8855630953564595,3.47781136225709,3.505527021522946,5.261079154949676,4.391312842515866,2.9568433946035735,3.1524635172500566,4.560649179053381,2.3930691239853084,3.3551714657444007,4.850146881630881,2.693965282811928,2.7906245665363203,2.0799409514733807,2.398057541646802,3.029461943028879,6.8901332533329915,4.303148561790564,4.264099124074052,5.244306495251563,5.6389850578854706,6.640079198660536,5.38553448519215,3.9631421972278345,5.3668664154943135,5.6290292773319015,7.457303671871477,4.274641991114138,6.552828621108195,7.523853383209866,6.974217810842959,5.876530212206028,4.457569090132214,2.2078198659803356,1.5347438444356873,5.082372673066989,5.474996255396133,3.592049847615993,2.97751740585313,2.7851040647592997,2.581073994325126,2.7579423493763278,1.8487240908454263,0.0,3.207496986919981,4.989734587940294,4.890515686558538,4.118642594991841,2.481740965837213,3.300520829044242,2.760555952278608,2.8914879972590404,4.822539081280732,2.8392568940884066,2.6814909854428546,1.8379354614357546,3.7017786668752954,3.17125000978972,2.7416656937955217,2.9199287904545383,5.346021093547335,2.7773472288594836,5.212024405495898,4.000945716175824,5.7134619889631475,6.865851985406129,5.857491704606054,6.4765425146603866,5.250135852893515,3.3746782962297535,3.288202873064156,4.264680241634471,5.31378719302127,4.282379789190188,3.7164587327662963,5.0291382874610475,4.5636894331326685,4.466204711379551,4.252198678066884,5.512573599188949,5.257870850267974,2.7371405424856676,5.458815120689043,3.788119371996367,4.190935566827063,4.4116860490606,4.350345868224085,3.0009875375513904,2.9778179975225116,2.138483758151867,2.2421677802790754,3.700011955919157,3.948485273794374,3.1456637103220473,1.4430272231168737,1.6781050912864142,1.656319338865946,2.3797575020329687,3.035139191428845,2.7998656077405193,2.9144775751324086,5.950975072205726,5.773000800913708,6.769770743213552,2.782144253106642,2.384126077578876,2.7627459086404835,1.4591122066320932,4.273962175957113,4.5772062496475545,3.1178516730641497,4.011982370779442,5.189935449569126,2.408357029389181,3.21983655396047,4.087092431126288
2908,5.6063700176351725,4.637812670990493,7.336320603510415,7.337045230804927,4.6745266071861575,7.041833922742301,7.723913590664081,5.722137333474599,6.851151217197042,5.7230068780215895,3.5121100786035053,3.286108336680333,2.1328843263647173,4.272624494282087,4.503822856081764,2.7908616653616387,3.2944967054526533,3.1948570831218785,4.09541885830704,2.320695648507741,3.0472813858052654,2.403514544368852,2.1313528493103124,3.4019231546786646,3.089456073277759,2.894867159276009,3.4414143353394686,2.723701313845013,3.5946160817795567,4.399933622885335,4.2645344098580305,3.4966509082996717,2.777017651664428,5.954053538876173,4.391610922421246,5.431685402497971,5.617138254298377,3.737346455712044,4.985066061790417,6.526639080521605,4.545070430987995,4.256528921331774,5.447697570853793,6.234056294394547,4.897641177848728,5.971985109367765,6.674851137898817,6.593900893264945,5.098915340731059,4.925681078510395,2.5433076161115067,3.4823708626740353,5.146349817546601,5.633206437747285,3.6645390708330456,2.684061315132709,3.027741906423731,2.921783508358176,4.043566234524907,4.368750905821221,3.207496986919981,0.0,4.516225006185749,4.585010117001702,2.677184256335757,2.728504526664942,3.348724791152539,2.343847243041531,3.418160358050245,3.498452929538764,3.5618991520263292,2.9960993645281038,2.9529823697464566,2.126099575365914,2.154404924977668,2.6061746927721146,2.76280678677475,2.9757298185533747,2.0906391726642646,3.5650334511211303,2.2457575745795766,4.233478543098901,4.782907343058196,3.751046017458507,4.9535481037216424,3.3136367935920212,1.4969053228538263,2.0445411547877836,2.6682919836626136,3.4712944176354257,2.16906780352045,3.2605921889501106,4.015800736540943,2.8675662121973104,2.1872652501846255,2.758134161696348,3.048577827129833,3.460538833139829,2.398265337566677,3.3074472578714555,2.0077917635873987,2.570751230379064,3.105642569181843,2.701742096693884,3.141626331227768,3.0068218324943263,2.3506717317565413,2.430157629974409,2.5199515458462196,2.443522176289542,4.103985597411493,3.4211825427083102,3.377057263239346,3.9205073699168893,3.112856452567072,3.7755101034387204,3.197685173718304,3.4645341772389426,3.685722268312282,3.5651606265164646,4.8795087187976645,2.9173404891757437,4.532948644151995,2.6682251806356536,2.3115592064018915,3.7344828365147236,2.2329072069252924,2.0549477480569314,2.3555386168676,3.7790573954909963,3.777756589000793,3.461146887663633,4.431042793654801
2909,4.673524689750993,5.488751116768269,6.612477814876405,6.910192114457242,3.9060066394929596,6.189275723792331,5.774224837111559,4.307171745071839,6.67431861520551,6.453595127311953,5.225683983340012,5.3847953727215625,5.332001284207387,4.730046644484972,4.210429605465183,5.153632426732199,5.32540198604293,4.524330961340927,4.949176115131397,4.720630507350793,4.9011799087222965,4.963590607850093,4.942574243875719,4.314178106498361,4.338261147938327,4.537897083741117,5.0822966186572405,4.854185667681699,4.955954970855198,6.732526898442278,5.961437787872813,4.972052579954414,4.036201954093554,6.932588504336991,5.301385090753615,6.42143056297775,3.917060515011577,3.877855039562587,5.416009029146111,5.772700248021099,3.51894870343047,5.017932759712496,3.6454588664658383,4.223317070724887,4.432170466296054,3.48312416204386,5.720225566710492,4.6858463229953635,2.926489402064917,5.0389638529789575,5.056026765810891,5.319987082186279,4.461333726804822,2.695956162272545,3.883131188190364,4.090589164491904,4.468349158063409,3.729115075455574,5.085137584457766,6.208446173168031,4.989734587940294,4.516225006185749,0.0,1.6799234627729267,6.0599653091655545,4.868186575797711,5.92955032638691,5.5426699545321245,4.744394736768413,4.495079481544993,5.037639063736814,5.067826174330114,4.957894964925116,5.335478059760715,5.1904551408151045,4.72521209422369,5.4962692508607445,4.6436196758111,5.4006611918484495,4.162333500789151,4.411364622896241,4.154488223742176,5.4380351460570235,5.3907167788885495,5.339550549159392,3.525193893175465,4.720567080042969,5.443314117254606,6.350598212912127,6.487196275039908,5.0956614922713115,5.315210981976775,6.469484739433689,5.565857534453479,5.842522714028258,4.4827740397818285,6.1709007146281145,5.702675569398053,5.48464396035138,6.12277313058824,5.7724678105540095,5.72663315775793,6.1374515774953515,4.158325734712309,4.9087328654853035,4.364456941904439,5.210560074764449,5.039780900142236,5.7314548622301915,4.696064972210697,6.290429279944598,4.907639586355008,5.331565794482571,5.530761000440855,4.18140831691202,5.554718786378353,5.276326633283845,4.939172117676122,6.78997119275522,6.25802881834678,6.499464779026483,4.3270313360530475,6.627103634149131,3.716422437131445,4.693269400201175,5.814351349689276,5.272996811482235,4.575154501080713,4.608443582958214,3.986595054523951,4.337151937462243,3.8896447954108284,4.4031522091839825
2910,4.959001704699955,5.079647785025259,7.0067773057770895,6.417501052212134,3.413208250862143,5.380411523392112,5.383109736830266,3.942002855956062,7.137492263576387,6.922502616174378,5.2241280620534765,5.467126008111656,5.458024107973344,4.264501551182842,3.6469833987538243,5.437532364262845,5.271199533902404,4.8282764261067905,5.364182272913483,4.728505815512158,4.868757188615323,4.92819638280511,4.946785975210192,4.019737570719714,4.40010314479857,4.495228615697192,4.7729946907111644,4.618975309795013,4.782834474133181,6.425632109704237,5.5979157305892215,4.5787391560839925,3.376319053112436,7.851264592996522,6.003482278017369,6.379117979970466,3.878672746878684,4.7767431047856626,6.66800555882628,5.5499068197996655,3.4205781480465727,5.558928255279973,3.8413152847585184,4.875255964697988,4.067319985245448,4.507563204822477,6.488817971699535,5.302271678116594,3.637770273167081,5.195013610029653,5.239887888899744,5.170748586681466,4.613827386621497,3.3577452087766755,4.331880862498748,4.510958025737417,4.562574684442426,4.069310879258349,4.870290406693435,5.890110987687916,4.890515686558538,4.585010117001702,1.6799234627729267,0.0,6.254081676391109,4.91839448694338,5.922846976959687,5.654717774949173,5.096283309691003,5.708768096067778,5.346787878260657,5.297609121745565,5.243388277861791,5.755563394299216,5.381973791009024,4.885913430012157,5.578570033264004,5.39505742616513,5.359725549512682,4.395625772780355,5.217108750439451,5.4370121291129285,6.602030662900891,6.367172753418108,6.470656826532569,4.055288495282417,4.797204595705006,5.520819839338484,6.810150832916841,7.138090749186721,5.653519011061459,5.54310345790362,6.53007250201873,5.838493964782796,5.934049249182088,5.29755683427715,6.729973519842091,6.564059606785748,5.69260378201484,6.900125957602601,5.967853903061468,5.919807116890325,6.6016565424847675,4.418208750726423,5.1641140549977225,4.736002952586584,5.1595623334949705,5.135370247346937,5.889097285692186,5.130243845831754,6.046201696453028,5.014552024454562,5.262168090976767,5.496439591353744,4.192887848176274,5.305302127647596,5.264117382666585,5.108800878601982,7.497502485025947,6.982325896086267,7.34455782341651,4.624194742414614,6.411923160504983,3.5823003241454994,4.354172246379309,6.05749003506617,5.578819541824183,4.585539496898914,5.157594633773991,3.214588342526886,4.113954338315635,3.2473088715445555,3.909960738317172
3101,5.883463315321616,5.223807938774972,8.024137997289543,7.816609172061504,5.748440451719462,8.232661081923565,8.729052990811258,6.790627332069229,6.894892148620193,5.020791174887727,3.3619010370539546,3.1234019706490237,2.091540647259995,5.468633451553263,5.318640928668607,2.863902545079147,3.9247053228392663,4.370481560638964,4.908963178950717,3.177512169553154,4.5767710723291755,4.26870535970043,2.176570557741365,4.561716520472132,4.297977692530747,4.225450458535267,4.911021859853331,4.027492120647946,4.831345922009413,4.426606233828056,4.927553022441076,4.764022992336541,4.821860705937907,5.746523017516303,4.508272495714667,5.574201984271886,6.16885182593438,4.877279823719212,5.5416688782398245,7.19604315267735,6.080563708961611,5.171913590377908,6.765914503570412,7.835481522792453,5.983509014289212,7.31582438167199,7.553377468304287,8.030077709006996,6.847303775808718,5.607581053871938,2.8171745676978817,4.290693650953554,6.124436722361418,6.985333681181407,3.956381359339455,3.1601089742977067,3.494813024454252,3.870996896937882,5.030627164314088,4.970742582516296,4.118642594991841,2.677184256335757,6.0599653091655545,6.254081676391109,0.0,3.399513557406689,2.3042560954118567,1.7570553201849644,3.25466840207177,3.664556383881961,3.1574611505469337,2.6171794297047515,3.1784406925682163,2.8274204252764727,3.1882676348080783,3.780684833276326,2.2126046487447306,3.3487410780091653,1.7477147533495856,4.521535444978835,3.0007767317738545,4.66776197547411,4.947543719069654,3.5366903237058747,4.834915728908266,4.117607502839492,2.0422098043227077,1.6961573835918997,2.922662620586803,4.261214567976041,2.4428267141177686,4.5013540041556475,4.6873803276792945,4.209133995609059,3.728888674160154,2.8476605322792268,2.5099834701068757,2.8694433671188078,2.1835806357114644,3.068133137386959,1.9580086248723798,1.360700859315881,1.3267606025681584,3.530362946018426,3.140737642350962,3.3003918418153297,2.3607546272730087,2.457270011035245,1.511282216170612,3.6826612846580646,3.3903212828477822,4.392642864795169,3.7017098803677193,4.490695347087117,3.5164468399407216,3.5525977038362786,3.016988511766749,3.7310608049843115,3.385008688582372,4.22078502908813,6.131336252712613,4.1295104908061795,4.818237190511776,3.8535659780591005,3.8517546816240835,4.853487204040279,3.3209592728643913,3.5074742690035263,3.811584884669216,5.529668164607677,5.421959259206697,5.193505234932725,5.901295196814434
3102,6.548270362867468,5.624255438128074,8.81006790777977,7.751109317294315,4.770900643735287,7.552157263791869,8.464831759716287,6.574801743553388,8.23135285000552,6.927842041419653,1.7882037629314635,1.4499592261444325,2.6210583583987166,3.977300470781349,5.36615405545481,2.670846638607635,2.4069776467439468,3.0120595082622663,3.8775854272198593,3.078042143527239,5.036893319614759,3.618308255570625,1.8928452620324254,2.72981612792104,3.5995042296069344,2.593341657504002,3.758607719322649,4.376992616965432,4.232879304830633,4.5452146991583575,4.425974433761325,4.04968473458656,3.7869077645090057,7.6229837155396725,5.228178792234913,6.189048790831186,6.143717334443033,5.444027618204561,6.36325740961175,7.131778286402765,5.292744468879952,5.989122605156174,6.4990758692518735,8.061010856164057,5.646586104233219,7.072875498110416,8.384568244670701,8.073746409583118,6.288325829899976,5.5671610922847385,2.8379943173249327,2.8273349158941357,6.351198209737927,6.326766869446988,2.4790113899478623,2.188616177785833,1.3124676962244237,2.903540011881846,3.598020475141112,4.128057484100062,2.481740965837213,2.728504526664942,4.868186575797711,4.91839448694338,3.399513557406689,0.0,2.2409187365020333,2.3942113634176896,1.927335403090706,4.458138156119836,3.1879664867510917,1.5669767766232625,2.274697848120855,3.594589511574702,2.507077372319551,0.8698894007929447,1.9206173873360415,4.5709727441018755,2.388873624488603,4.651263681838181,3.5901483882346685,5.406607058789137,6.575677263009797,5.288419022363679,6.3994116952856075,4.791909206145272,2.8971513439197087,2.8927902022194267,4.367751097225436,5.409311590621048,3.3541447216864606,3.9837310086557784,5.322393489310695,4.430976527281299,4.241303757688644,3.6554221986283206,4.748754037647871,4.953895734605446,2.2716127985538144,4.826948882875672,2.6163515082685596,3.123259883676414,3.9313871134403797,3.8835695195622897,3.737228394310249,3.876048751287832,1.5859900099864157,2.6300124145674753,2.252448631947169,3.6884438988585093,3.3916610080510132,2.879955105803032,2.9426162043187434,3.638968175917376,1.8557562828458398,2.791104693868118,1.98069830803528,1.5093836625190287,5.44933612020001,5.538251000055245,6.768359757037237,3.5526783801453847,4.417859405124515,1.9640821019164205,1.926039744170729,5.438910049756071,3.767729899708579,1.9256616141503444,3.5530884288958386,4.671396232536209,3.2673144344158835,2.9268140535228264,4.206217124387644
3103,6.0793787849046295,5.526772390964929,8.626845733312791,7.440840669508947,5.2853946841946415,7.906937116263208,8.552484854978474,6.667976333144274,7.9318746743479185,6.064227443121494,1.5565631925084544,1.425160362782455,2.4440659452657703,4.812082437188852,5.507856585986867,3.0385496210165477,3.0182922902010754,4.278518086673145,4.810844268675731,3.856973538737957,5.595967617473453,4.867792672261077,1.5953395343163008,3.818854813399997,4.5005517305984455,3.888849500577931,4.809856438422666,4.7823016063937756,4.752508276290807,3.8600722633806566,4.578066886955011,4.639428471820935,4.8118690929122065,6.951693481161961,4.853151837012279,5.5626573439623455,5.964798708606466,5.881208042685743,6.639364247655521,7.024810211466925,6.076553937340358,6.032125200974857,7.029219923376084,8.717084655160225,6.197546576308599,7.8204279180166205,8.634240756465053,8.63737647192315,7.361845199185195,5.579294728550652,2.9294480851392493,3.3251089549118995,6.42560023839779,7.026998767429597,3.028168311011578,2.722125011608783,2.454253019671154,3.617935867759748,4.487436022013811,4.269058835713896,3.300520829044242,3.348724791152539,5.92955032638691,5.922846976959687,2.3042560954118567,2.2409187365020333,0.0,1.4583936404102404,1.8996406582091638,4.584873903036446,2.5112097209469306,1.5485410689048655,2.71858107015521,4.126514856449006,3.5635791001669843,3.204716556228753,1.7379474144980442,4.644298335676497,1.4287185939428149,5.0786976694715085,3.995475726761568,5.574611519971467,6.430157313533325,4.976366463057902,5.952740367093127,4.9325052643430345,2.9561604714092384,2.3774144932302828,4.437258915577096,5.783642017609976,3.667795139069043,5.102408770924028,5.989968061862316,5.379162611995024,4.968205693213435,3.8229014251946647,4.339866004659765,4.442006883486107,2.076406135159161,4.657511921010104,2.709566612703076,2.6892556162589716,3.0922913580367006,4.0909024986928575,3.130767562905096,3.5990318889793977,1.602372928474975,2.1000490338800493,1.6001446169641336,4.431850887639283,2.0509252702208007,3.977218507922511,2.9945068803714805,3.895614546970246,2.4749951765985347,1.8624144816513417,1.3502276907323354,2.544654642353506,5.3002806809202285,5.908732640846397,7.575307862150633,4.41247659424924,4.2791504960982385,3.1188679268846244,3.2314066966175514,5.630889050713279,4.386355462276518,3.480125243953314,4.710098838917808,5.695530354779607,4.858880770339649,4.534486032328208,5.664905912256913
3104,5.397711358673751,4.921107627544222,7.5158746627304005,7.0049205068968385,5.000843949585409,7.426783376062003,8.049309479215534,6.081929547092495,7.225703567134533,5.408928023539023,2.1015697627329883,1.9018477404245269,2.116259145177746,4.401013491346386,5.259565022413778,2.9339206873813453,2.5431955655415073,3.6190553986413208,4.167550841798615,3.3976108199209616,4.7042081662301545,4.300196544993583,1.238482072622353,3.5621698795147956,4.15865054032333,3.308738931455749,4.2478790701425835,4.226403279167595,3.89475903551131,3.2689339596772182,3.8802593157944893,3.91292984864894,4.089868018838215,5.826503020247747,3.657420563009681,4.834322356708871,5.57321689114472,4.936553504271822,5.575815513629449,6.448474514771902,5.288472521358451,5.058938275661059,6.2809268511755665,7.682809519590431,5.584007723119554,7.001956612017007,7.597328546662864,7.653214495014184,6.630323179040915,4.979480010211226,2.257439258316035,2.9327662616163677,5.641348869628035,6.385391812764848,3.0937950311760107,2.2310750231820227,2.57471947242273,3.037613002747891,4.214876813151878,3.805462130252975,2.760555952278608,2.343847243041531,5.5426699545321245,5.654717774949173,1.7570553201849644,2.3942113634176896,1.4583936404102404,0.0,2.0233672552918827,3.5790261384882833,2.1950256640979493,1.8444401758657145,2.164386489198272,3.1713293523763073,3.1642818749885064,3.0365622638713288,1.941302205676385,3.785176437990902,0.7384941833150648,4.5643288920868,3.0955717485166505,4.6439820391599325,5.411305131391006,4.013070514143535,5.058646060739617,4.234227229870133,2.2414695302665493,1.8060135270668103,3.1759407005254814,4.500435100485689,3.007835190077505,4.424203411838549,5.2618278666629354,4.5433236874799885,4.092713917221738,3.0496136110874623,3.3442837572411497,3.321319040689388,1.2641224642161528,3.544273157501,2.3872438486905803,2.393412253658444,2.1109366337849944,3.2514452013704798,2.2051470245098086,2.5852807921406997,1.281041500446735,1.3216521065893776,1.5596160698813328,3.579443381850151,2.3105406450676105,3.419780515140084,2.61701766181143,3.300684517839746,2.5215719093404205,2.273621805209621,1.744060637916128,2.7970754151494375,4.177627755278402,4.695082246718264,6.4330351531455525,3.6540044493146207,3.791290638652731,2.9835243289888824,2.727640156312525,4.356386992579668,3.6881526657826127,3.151527175822202,3.87288691343874,5.41755452255857,4.433256134462191,4.298396101905564,5.419634002485037
3105,5.449326217951329,5.618419027141828,8.024752916375247,7.188219383307196,4.323174585494581,7.303680222216434,7.9131848509960605,5.976204932697691,7.61683618159318,6.068477031104351,1.173310508631617,1.2440404012500463,2.7922313529717337,4.007870011274811,5.170268238400574,2.804689297923142,2.7022045686258775,3.4021431328987477,3.9668242674726377,3.6790513565337823,5.381742786956758,4.664375743351317,1.8072087377813135,2.975164704455292,3.8047647512953087,3.14375022976915,4.366757405699765,4.668400321433673,4.164109558146199,4.338822781526682,4.523499446421027,4.275160410887837,4.285252417709545,6.616347586894535,4.090052336795627,5.55321692085466,5.2916654869264015,4.995935823525724,5.712757940122186,6.58627762609702,5.077164998161367,5.811848895432402,6.219812924635913,7.793427170372474,5.743149976227789,6.6817246846005505,7.961806489396894,7.681822631031463,6.467560983709404,5.354077326857167,2.886626247995445,3.0069035485535562,5.953366654705218,5.8469422765036505,1.6984610535237812,1.4869175648409692,1.4623011421059917,2.4681750856637916,4.284433547197862,4.307521852076308,2.8914879972590404,3.418160358050245,4.744394736768413,5.096283309691003,3.25466840207177,1.927335403090706,1.8996406582091638,2.0233672552918827,0.0,3.747348064722374,2.4234607858071846,1.4901022237868744,2.368145711730335,4.083222969462404,3.679925480262638,2.6370107983656497,2.4532426387083395,4.2075594950623545,2.4179749486937325,4.380191480396361,3.709134976060048,4.649310290522296,5.929213520082614,4.668392345136643,5.516090157173177,4.3115508904583955,3.1814553267364576,2.9789624754808477,4.6715706720117,5.6453116108095225,3.6203977941551053,4.9107916701858105,6.1136287766557045,5.318387769459483,5.183393877878301,3.359265454581815,4.525686496870205,4.360779627297438,2.337007689615813,4.464179772673191,3.4016262342514376,3.2603861384959494,3.402873170895798,3.5683023136601855,2.9334712995897547,3.247166197165588,2.0651362195987413,2.1077620128179837,2.392926771219493,4.380791626009264,2.827522376226082,3.197943626891969,2.664771743950004,3.422807668614361,1.694964672907386,2.1055455143124404,1.370132559394639,1.470504503356555,5.2857735840608715,5.631195404560564,7.128067558896124,4.0110137025777375,4.592568572368538,2.341264624023647,3.115336253428643,5.28354076132677,4.258419796257999,3.2394117272209284,4.170038168494282,5.347836379473929,3.909617615167119,3.7623495947391343,4.897462972408549
3106,4.948269562070449,6.329774284065887,6.5656453761124896,7.913711618931284,5.680567554769805,8.249362138393828,8.082920645024368,6.325143630514337,6.442947143609723,5.333164799642022,4.731600631053361,4.367561435695399,3.65496103593754,5.69956064977502,5.5778639837329935,3.7361975203760487,4.680272615274519,3.9127084697063164,4.307644319520397,4.32821978834091,4.282100416310847,4.613519786425769,3.8446066914393566,4.959009245940281,4.32743543574509,4.422071149652209,5.228185869973824,4.685158303899457,4.99965766468805,5.998436965201811,5.9916047262310625,5.219987474160495,5.177966464152472,4.380997293778023,3.4222344978463264,5.927938021159873,5.402493756102523,2.916001911161526,2.6536437583548227,6.850437435783908,5.102288670708799,4.440689120876717,5.570948685232419,5.7835064415271225,6.322833371170616,4.837376614268453,6.132077851677415,6.240051432062056,5.3679969107850045,5.636315937434638,3.954151961467252,5.2886555686526915,5.37738996808606,5.178516648105382,3.7602251263889093,3.0438941709463605,4.259469003751863,3.535051648586995,5.826936284710722,6.140772147339302,4.822539081280732,3.498452929538764,4.495079481544993,5.708768096067778,3.664556383881961,4.458138156119836,4.584873903036446,3.5790261384882833,3.747348064722374,0.0,3.7813773336072996,3.9018605598583602,3.6846255279917637,3.385156731352648,4.310012250955813,4.420855485060323,4.3375932599231914,2.2219650622850553,3.905324335865374,4.035185216728319,2.3135182059835437,1.62785564863187,2.4828941895737717,1.8272071979577813,2.844968217987667,3.1544719825117524,3.48513114259744,3.6768323677280166,3.255603268243249,3.445832051559643,2.821283242459627,4.962743292376554,5.865133868051143,4.599776495547023,4.546930735090523,2.224089325148245,2.835628610508909,1.843838934635841,3.340914950536909,2.33411023810898,3.8750265333043123,3.919599627738247,2.902465833074464,3.0882995961958626,3.591139598678846,3.172213803728194,4.124641624641978,3.7691976450641946,3.8730404523117374,3.4378118466960395,5.639260796747567,4.755655098581218,4.815649500704056,5.1067333159701835,4.34502016422175,5.286195117950016,4.57828120192775,4.573402705726849,3.186193035423584,3.349247653985667,4.768976532068268,4.108022490150166,6.192977056355434,4.349029309507918,4.843885165269533,4.723392861440655,3.7548600607515,4.301367305993338,3.527954938059699,5.872691210706481,5.42168345163032,5.556878534630566,6.319809633837583
3107,4.689684260899281,4.557893954692117,6.633817863137374,6.242422781714243,5.20921264242947,7.37261911814706,7.319429234002811,5.6444691560356945,7.106695059663603,5.135164776040083,2.8953254784902986,2.8852589568766307,3.7977836188214087,4.678864637329403,6.0688947352709945,4.265828183453794,3.139802038251077,4.21735048776608,4.426260682542404,4.475307216464777,5.901179320672888,5.474369688063189,2.884679094648938,4.446318893380401,5.319243687444876,4.222337025530786,5.1281926663050275,5.521085318317546,4.3342445004256165,3.2585341603974136,3.77426491003707,4.360436340750976,4.715654856430989,5.471295369842999,2.9655822264222746,4.00239697176633,4.649869260548265,5.4175075286231,5.601212292012697,5.566574384100277,5.000377453814398,4.466176761467904,5.669769949507248,7.406773306515,5.200294122671984,6.505946929873009,6.9635652975091675,6.736917855139657,6.24730487366422,3.4515455357554927,3.023344304350889,2.8956247165763944,5.0646937697394705,5.72812948307055,3.0447620861183955,2.8624492441853193,3.4401438033083647,3.1082127740273022,3.8448375244569344,3.574040570848585,2.8392568940884066,3.5618991520263292,5.037639063736814,5.346787878260657,3.1574611505469337,3.1879664867510917,2.5112097209469306,2.1950256640979493,2.4234607858071846,3.7813773336072996,0.0,2.3366628549086514,2.186082120502101,4.068846602147955,3.990179389447802,3.8554532902127785,2.722208977930363,4.736570288184585,2.260825006774768,5.365742145826634,3.4352210451684564,4.448017694328433,5.675689555518921,4.606570900263001,4.661168525622168,4.9115160105439015,3.5851848911986752,3.3820328859645157,4.291457168983798,5.544467756582457,4.0120080376394345,4.768123135183763,5.823515927603111,5.281430260282657,5.232445673062967,3.3738252056090343,4.781185117982245,3.7932941579485884,2.839942026504184,4.821537813838354,3.8102018108042492,3.865310198822167,3.407449468479611,4.0967531089345375,1.4931015595374562,1.8437157268758988,2.6049806490973877,2.2889633395210662,3.262239188891798,3.494441781554311,2.5764746246330423,3.649817543972877,2.9671475339865268,3.2941182603960266,3.1700751379207497,2.825953140944587,2.536086617733864,3.5358996082564906,5.4888141824538845,5.76946336907897,6.861857488740221,3.303758633685901,3.3681835768794977,3.519164760304241,3.293665553620622,4.5697466959002435,4.9867232111848265,4.2468427659538985,4.554583000289085,6.214594508547916,4.704473233368993,4.822348988802711,5.648578736503818
3108,6.107205457869384,5.336897896709418,8.351802326284343,7.481792193382748,4.679900708364483,7.607106602327859,8.341054209150649,6.415379502396768,7.819435648689429,6.255350446549473,1.7086669079639802,1.5345516970473638,2.332047611462875,4.204092414797296,5.28815855711989,2.532314841102895,2.557078831515774,3.2095983989327297,3.8933283921754525,3.1473732149303624,5.157210855332729,4.133501979243628,1.778046591310803,3.413672911563003,3.831280249850626,3.0908804197350834,4.230761529287824,4.462759190908492,4.326911597113779,4.340166245773644,4.328636934263536,4.090855069954744,4.240796293493681,6.876949628355838,4.718034265528933,5.658900766853763,5.77758413891501,5.300740992403568,6.088967117128898,6.85628610294167,5.308538889458235,5.810709420605374,6.486421466176172,8.032416891324228,5.597174416079226,7.017597711942258,8.09002120462703,7.9776058724084145,6.360544435890349,5.360405213789786,2.1459194385370477,3.113665529053031,6.192144520549238,6.22195554146785,2.326758993717339,1.9363324538753541,1.5306299484075894,2.6122982351077,3.798087989574421,4.1188132134196795,2.6814909854428546,2.9960993645281038,5.067826174330114,5.297609121745565,2.6171794297047515,1.5669767766232625,1.5485410689048655,1.8444401758657145,1.4901022237868744,3.9018605598583602,2.3366628549086514,0.0,1.5512773347182827,3.2412402468597823,2.563972671516342,2.0585227152805228,1.0807504438497577,4.127366654217417,1.9833610493285765,4.477293571813438,3.1885050914870963,4.9738143887793145,6.004137821631871,4.62237729459666,5.7635992999650485,4.506851430655288,2.503492190503548,2.2634261779015823,4.004986483533811,5.126119978709928,2.939723287438387,4.05962088081522,5.264019361017347,4.460852272825617,4.313133770312769,2.9286342210127234,4.232439104836299,4.240280786091007,1.8201753822688638,4.298359331157468,2.3636643824492873,2.6012738539745532,3.1692091630759514,3.6033143152617853,3.1470416591649624,3.272208207886061,1.4532386639401331,2.1069702547373845,1.783176676670429,3.7203602970845804,3.060588658843759,2.96545698439917,2.653196697246266,3.4753395401593785,1.740103877319108,2.6056094632986473,1.8182737896933607,1.7297269362948127,4.973194981416664,5.2669374067416435,6.669570700044988,3.3845937729570457,4.221497541882881,2.409253098725263,2.6867603070560566,5.2838200437745515,3.7112761422293286,2.746497765256601,3.664994385201002,5.155400926507792,3.883460779935477,3.838846224394126,4.6938085364772455
3109,5.790414414606978,4.629604653257008,7.327473609787752,6.820740305698969,4.611604143495011,7.0499154668952535,7.783375860119764,5.937697730995718,7.607131971888176,6.068700584141026,2.74344719002356,2.5081185697177126,3.173274132536084,3.845912345201933,5.662246075984569,3.534051589937254,2.095293529768635,2.7821526060489257,3.41552253990619,3.3960651874580874,5.079513141828414,4.295086331792433,2.549663624116775,3.7083593251904112,4.36150003736114,2.887989807662817,4.04521613455016,4.8142998512929305,3.7593517232386016,3.7568264385451418,3.2897906199367766,3.4114994431895167,3.847562455941109,6.312993432223868,4.018645482726483,4.864041688097481,5.5006202913029485,5.272072292697265,5.89908111207998,6.131928067944283,4.626420616924025,5.326613161222612,5.850841646720147,7.392854134416181,4.827939179558274,6.573073326596209,7.324921812390355,7.20504914526151,5.7971164693813515,4.769246417034848,1.7218320891978993,2.7511783199723165,5.614083509514535,5.671588991592833,3.0590657717008742,2.3455768186302803,2.3827007937150033,2.5312970606252523,3.1350757474918414,3.280577386341742,1.8379354614357546,2.9529823697464566,4.957894964925116,5.243388277861791,3.1784406925682163,2.274697848120855,2.71858107015521,2.164386489198272,2.368145711730335,3.6846255279917637,2.186082120502101,1.5512773347182827,0.0,2.8548388287575324,2.5473737024412975,2.354753300775604,1.9509928034094062,4.3751710271710085,2.3344363363759313,4.8948235246156475,2.90791603241586,4.836599174039931,5.8801788210582195,4.721983374512177,5.683742179400875,4.727189281745125,2.7411109091008607,2.7549341208269547,3.3811500740123854,4.47145487158255,3.3067360688526177,3.3784653878112465,4.7344065923799885,3.996924284943601,4.048151354267818,3.00217709651047,4.415900685087688,4.107665847393996,1.92182285447715,4.303285235664158,2.921011048178347,3.379154068384526,3.355799260915075,3.563256803979539,2.7663497862802413,2.655894576741125,1.7920040246809916,2.245177252033263,2.812740410669123,3.2210138847042233,3.392786080364938,2.2720463590188302,2.4625176995608107,2.819406746413849,2.217697291795859,3.308032512960188,2.7484444429720463,2.7409976435393744,4.856488756774605,4.847071838336089,5.979571017761258,2.4766124786639336,3.2973791611960532,2.8214950279003794,2.235561191311067,4.389289217325382,3.9815555623765566,3.095536246724683,3.428861203264122,5.401109108311877,3.474773579347897,3.8927594126419156,4.516407639227027
3110,6.4638675125778935,4.995068588655603,7.517110206242576,7.9960700453163085,5.229726481621912,7.591834044094036,8.379171611416524,6.434488155249329,7.0394194132396475,5.895706707182554,4.417136693753026,4.2019927564479165,2.900912266078749,4.782576510497278,5.565691416077344,3.12837802937676,3.847993066761833,3.231688869686785,4.002432363094946,2.2428957989195095,3.7523382955302296,2.6810313910167096,3.3375149976600276,4.522285189651251,3.7291235855721565,3.4808142306886647,4.0253939613802405,3.4697690514861854,3.9787767933682328,5.065605273800003,4.558219352378315,3.8542747985203687,3.7012754826935637,5.670549940519071,4.75829405845669,5.752018448360079,6.498284822207096,4.109711668063082,4.911526782919855,7.11199817861944,4.945474570944753,4.757856161076927,6.136127320890473,6.677808889600737,5.199406984213961,6.265668795791857,6.660149032331871,6.782754117465882,5.371524636211756,5.507539493848639,2.244940027979332,4.168579588735432,5.8301254993244465,6.072113537490254,4.448028267385978,3.4279302519178945,3.769860498072191,3.1696090104767407,4.529228969148172,4.697379018221737,3.7017786668752954,2.126099575365914,5.335478059760715,5.755563394299216,2.8274204252764727,3.594589511574702,4.126514856449006,3.1713293523763073,4.083222969462404,3.385156731352648,4.068846602147955,3.2412402468597823,2.8548388287575324,0.0,1.7385141370417265,3.1594588750165284,2.9552202382289283,3.110364428582485,3.2473822221689606,3.9298242029150967,1.9926907811282137,4.31934680666938,4.683244488566385,3.662698858020328,5.080288503190976,4.049930884704295,1.9002507189822035,2.3093756331637065,1.7028273344332607,2.477280496582721,1.7102794735022335,2.45204424492096,2.8230107226021133,1.7829486546628712,1.6466442583779308,2.299054396960875,2.9405066939899935,3.2843894100886577,2.8140250667064914,2.9615869035802875,2.0281972142437934,2.5386509528003396,2.898709655958904,3.452134897387702,3.7964994437704043,3.445670995091776,3.13740060570338,3.112228685219623,3.0222320714296407,2.6832304026754428,5.057905823978196,3.2804904812430618,3.663518773302274,4.08355550057775,3.8747009347242254,4.906679998385389,4.248249058262684,4.007078212998431,2.9354721560238843,2.612090928534217,3.9098155394279317,2.6240437114978543,4.796871902280047,3.690649908689676,3.277049735798823,3.64689302901373,1.9154765676578405,2.8065525741728323,1.5364794538452835,4.787188109657932,4.111700912467652,4.478051438372325,4.669718140595285
3111,6.8701946768925115,4.858752683485122,8.49775162876011,7.889146708714502,5.165751759928475,7.626946152087613,8.544020992080034,6.7130288040442805,7.753554916022312,6.427364304747762,3.799956543816641,3.549559232796111,2.9249558836659766,4.61619677167209,5.6229740436905855,3.0307885759885065,3.4232548502443367,3.2571674712198355,4.125503819904341,2.1971501261207824,4.382524235800215,2.594557601953502,3.0541140897813612,4.118141526202473,3.810367060636362,3.2058146090580184,3.972342617297164,3.791157352779718,4.242641597564935,4.9771082473679185,4.402487624285126,3.9597406949310776,3.637509512705684,7.0251525312093275,5.646636654777503,6.123014436288922,6.5709764614260076,5.093756419235857,6.176551312677987,7.137095589674634,5.343564747366809,5.315403886434548,6.241086479077144,7.484802874599878,5.107106073239701,6.852844652691205,7.469001460187047,7.512482357626238,5.421569469027023,5.5574206061853,2.06270285618886,3.605643729860889,6.105547915139951,6.279986296853221,4.130561949859973,3.4189086597815534,3.062577941516702,3.376394401350991,3.508158127803791,4.320414669966355,3.17125000978972,2.154404924977668,5.1904551408151045,5.381973791009024,3.1882676348080783,2.507077372319551,3.5635791001669843,3.1642818749885064,3.679925480262638,4.310012250955813,3.990179389447802,2.563972671516342,2.5473737024412975,1.7385141370417265,0.0,1.8761638250922608,2.077170446488765,4.0792331753995255,3.047375527715858,4.495241328063495,2.560948531092721,5.373319280738815,5.935865034280318,4.847960464972381,6.103791178402673,4.635430901437372,2.186741091369337,2.518972135596629,2.9295943753937927,3.9005849310377694,2.306675462149234,2.0295985576223043,3.175167772562457,2.09385217024417,2.1460201472788802,3.16892325853171,4.117745454543858,4.512491226443737,2.7891746086571407,4.235576470476688,1.572078222041642,2.8287110451735566,3.7689023077605994,4.076910055518038,4.257359079867432,4.025767477268465,2.482385987684521,3.1818948088311774,2.816144004265756,3.033631099704365,4.686578685673334,2.8624555450347215,3.4330410283906616,3.9855130573672755,3.1806436150405344,4.46494714401114,3.7753029867132533,3.257504489231435,4.384820459050578,4.088036082859184,5.085488859784792,2.503519375299666,4.396045470797258,3.094540498594947,2.397356479772955,4.656426242474018,2.3722669089741943,1.8666240005515868,2.091532240991127,4.458192047599788,3.573794456148922,3.821202472099904,4.174125336715047
3112,6.8919476592145985,5.653558078130549,8.90819417499656,8.072944407840154,4.787148658718971,7.566911680251528,8.571745215855504,6.690989827965725,8.295143123895004,7.18557237213956,2.7002233978004395,2.3767347194033057,2.8347816242497164,4.0824051426506,5.408498522227926,2.780485355017072,2.8163991498101857,2.8451239278329936,3.850848334813709,2.815204086426175,4.799486815200498,3.0862482807635523,2.520729482801609,3.0357099655449225,3.376430139710041,2.5841224152758016,3.7144014190345667,4.160244893241212,4.264575223048689,5.129330114207062,4.636064701884215,4.0714951045111105,3.592866903881135,7.721104005443306,5.593619091928289,6.575426555987995,6.465131957752161,5.25832475553195,6.2635886208306655,7.3589539592774935,5.206941521027306,6.003751371719689,6.395277619117362,7.770546645146382,5.513249550024565,6.8768947339453,8.156783617516794,7.847779282369039,5.76804621238318,5.8044600250183125,2.6839206379672595,3.2006736970019833,6.458841213842322,6.183482512032091,3.0118536561035376,2.5402038135905394,1.7703943499845238,2.948982910765154,3.5498470723297424,4.429459721682294,2.7416656937955217,2.6061746927721146,4.72521209422369,4.885913430012157,3.780684833276326,0.8698894007929447,3.204716556228753,3.0365622638713288,2.6370107983656497,4.420855485060323,3.8554532902127785,2.0585227152805228,2.354753300775604,3.1594588750165284,1.8761638250922608,0.0,2.286831322394321,4.447973041045618,3.069394274644493,4.496065543606502,3.267723654930638,5.412480992973921,6.47295271827411,5.277538896337821,6.526068883765533,4.750660564534193,2.806836521527805,3.0666912326024787,4.091754244319681,4.9495359028996315,3.129193529000902,3.2641793145186613,4.776860917917817,3.6970460954919617,3.6388507056408157,3.5282475101145914,4.692458128307871,5.04936725238913,2.624604498605379,4.706322803422671,2.4300233343400968,3.268089520530411,4.204660775376453,3.876082181654188,4.247436766453874,4.214105476289092,2.235682294712352,3.1146761861182073,2.6507406645719227,3.535299756088468,4.296529604937068,2.735639645445134,3.3104839518522025,3.9047547138144254,2.2190226506706026,3.709762421947688,2.9078926638144234,2.0071484748547053,5.214158597683073,5.083224537289696,6.11070768978328,3.218275922203707,4.74192057719204,2.115341823885636,2.0802975347179893,5.266373619229377,3.2671205430013956,1.7270114852234355,2.8709026353902076,4.39854274963688,2.967443870920038,2.860433872547284,3.826692749643182
3113,6.3929852852371045,4.842047703104908,8.58633650950116,7.598618397714774,5.235027784080925,7.905363410149832,8.628000621024952,6.748585233514387,7.798597091076591,6.021749432149497,2.4288983958158257,2.1806460028757866,2.4668936998240625,4.718890018584972,5.471512922145157,2.95616982774954,3.0032970539031725,3.78326042434434,4.426027482502068,2.9766263541417786,5.15905892406467,4.069996728284955,2.056819464967618,3.9454417954379903,4.242918111492531,3.5618868002024637,4.541571099822559,4.453080648628036,4.659779707855569,4.262162865744618,4.197212632176734,4.328142143863482,4.345595234991578,7.0430836915555055,5.136872741708385,5.787408735317864,6.1319069771809485,5.6654481348588375,6.528735112813261,7.028456863231404,5.7895306565703395,5.736511101777677,6.548472262136946,8.20457374788933,5.345169097540855,7.4846948025666755,8.003103143756656,8.190288754891355,6.371892829741492,5.320458021793329,2.0591725884037504,3.292629022904179,6.29700362439271,6.644896127994346,3.2998612178765017,2.822283584045756,2.320061209597817,3.410564373890702,3.4653213245099623,4.10497659629825,2.9199287904545383,2.76280678677475,5.4962692508607445,5.578570033264004,2.2126046487447306,1.9206173873360415,1.7379474144980442,1.941302205676385,2.4532426387083395,4.3375932599231914,2.722208977930363,1.0807504438497577,1.9509928034094062,2.9552202382289283,2.077170446488765,2.286831322394321,0.0,4.360932481987138,1.8499998908038113,4.890316847831077,3.0947440691944426,5.472136482929582,6.209043803526758,4.852854439080784,6.005273750670036,4.771973187472114,2.1964025748412266,2.153282659044952,3.6107399161534732,4.9520298405319725,2.8922732361895678,3.556350830597907,4.52816902601144,3.8817968694854934,3.811160870877279,3.151348623248886,4.132340620954914,4.287188401473064,2.049431453052562,4.369714475627072,1.7701342744597786,2.333239897096068,3.0896956436378775,3.8469721053629087,3.450832076746862,3.555349594102737,1.4531400889019839,2.4481222608739963,1.666387453655287,3.5860697021312684,3.067784582753731,3.315110996912936,3.087938242116295,3.869581849664905,2.287093143665145,3.0161704253848693,2.380059101182875,2.567081487715698,4.798055920770696,5.0922293980471185,6.451889688012927,3.235371964521006,3.9251359936262795,2.870386229189362,2.6448693874255236,5.191907877095585,3.5891366768421444,2.8107671586485856,3.549279710704497,5.195067408263148,4.3166875685130375,4.130846281794932,4.731604507246474
3201,5.6908082291093285,6.502087665605153,7.390785505876236,8.651975184894486,5.271127421678785,8.067988799266791,8.334430298710938,6.331292636392182,6.3911947487619845,5.796412085532408,4.79595943864791,4.604216566355919,2.7818679745115125,5.643229164427254,4.224822049551947,2.873127280230129,5.108279124497445,4.099221642645882,4.795331356334117,3.5356283497641003,2.9742367380773542,3.5058941423719694,3.5340022017873864,4.6661265073638285,3.029155586293463,4.378620639507344,4.834176557316766,2.986972009733173,5.025471994102889,6.484783809363184,6.434368351847236,5.146584600216691,4.634062307385098,5.1341158281876895,4.653588493419195,6.607963897408154,6.007253976645141,2.1891079449569095,3.2327034395738687,7.642750084648967,5.207337073423776,5.004209564745495,6.164472237205972,5.783427793715418,6.4154075580137535,5.312773119376466,6.597558303070167,6.656158442355973,5.533574798315571,6.410642102328717,4.007055096060142,5.666839214161359,5.927174919000716,5.70604266464441,3.9910898850191368,3.14692231689853,4.123037999916274,3.6273032111585666,6.344764594774082,6.627609284149034,5.346021093547335,2.9757298185533747,4.6436196758111,5.39505742616513,3.3487410780091653,4.5709727441018755,4.644298335676497,3.785176437990902,4.2075594950623545,2.2219650622850553,4.736570288184585,4.127366654217417,4.3751710271710085,3.110364428582485,4.0792331753995255,4.447973041045618,4.360932481987138,0.0,3.909077969118238,2.3964692369242893,2.5446061366935773,2.4270098219243685,2.539451784343086,1.540940267406163,3.597592608550754,2.008325796680945,2.6564250126397835,3.0636086407808425,3.54255699899091,3.488154824996305,2.08288135501915,4.995054037834176,5.490364654605761,4.193721368123757,3.7799313256301326,2.114838205922143,1.8351448104231913,2.4944539368262055,3.5930757872091643,1.9701050396710886,3.392060832003803,3.0675519640658426,3.099850434181565,2.3836311399027057,4.183196074619086,3.904241207391468,4.26050378199388,3.87381343803381,3.497174322506889,3.784646291104212,5.893057065766687,5.090495300517411,4.970510726633601,5.53568522527662,4.415382361775724,5.299069770019228,4.638841047436919,4.586342235854812,2.6813906534675485,2.983694788191878,4.71845532118403,4.578443587312191,6.875278989105034,4.071869809699268,4.946085238506208,4.908436738764879,2.5567663697418284,3.8982772601126854,3.2131273722245357,4.595204086506181,5.478858025572759,5.1523866728471255,5.8480782468667805
3202,5.388848967475692,4.6722809240376,7.543426617088485,6.835415269429209,5.022431473437001,7.310482975654709,7.881329970063213,5.967627132971466,7.174463662105436,5.392572963348842,2.3327025483199524,2.102814696666328,2.1789003026517637,4.445307059155272,5.073096701724224,3.0847596852837667,2.6495469270274774,3.7415323712753237,4.332898347875419,3.325155990904603,4.526164043408304,4.128180815247794,1.3074450920839629,3.589735024307141,4.21306621621739,3.3782153048425596,4.181308965801516,4.094913065552263,3.9698259438967627,3.216640826372236,3.8479761012204214,3.859542162702484,3.9435052864533207,6.080213522145054,4.027047753225979,4.764290813513881,5.4397657359639116,5.043026824275552,5.875618950911783,6.295739126295996,5.264101242337809,4.886942290678986,6.123929941325584,7.588491583670468,5.389704357201583,6.973861915509031,7.55799828640915,7.596461555870248,6.460690388065717,4.791397857689268,2.463600932259151,2.9879069534678973,5.459440140146913,6.3336241658213535,3.2398631267607936,2.544529350041483,2.737903070279625,3.278512541905185,3.977011145608542,3.747949337671784,2.7773472288594836,2.0906391726642646,5.4006611918484495,5.359725549512682,1.7477147533495856,2.388873624488603,1.4287185939428149,0.7384941833150648,2.4179749486937325,3.905324335865374,2.260825006774768,1.9833610493285765,2.3344363363759313,3.2473822221689606,3.047375527715858,3.069394274644493,1.8499998908038113,3.909077969118238,0.0,4.621333305396445,3.0923361937683342,4.848471819143546,5.546321510885516,4.245144450638639,5.177682112357592,4.199368389606436,2.157285048362463,1.810354558561906,3.2940343351382544,4.680783996611606,3.07994467036143,4.357713292433127,5.157801911150107,4.457414891758252,3.9351295665918844,3.27711422632998,3.5631716643900835,3.5599857268749253,1.5668848628596874,3.9375850596897823,2.282931290811644,2.4806274110053392,2.524916833658757,3.3641978983164096,2.3725168946165356,2.6507081871845104,1.0890464516904137,1.6390914373053578,1.7570525600009401,3.342421586501527,2.3529830495878765,3.595242201487947,2.8106556490343735,3.4851600051408047,2.6069606862046655,2.3683359256569267,1.92374108893504,3.0822159263841598,4.4938001290557645,4.918024578768337,6.510474547154567,3.561037027792332,3.701650258094356,2.9277592731942086,2.4767173536362774,4.517503318082682,3.740981580392836,2.963653824159583,3.9564415422412367,5.084226902322431,4.441464787336425,4.163474566761148,5.337171994968591
3203,5.993936001104045,6.272262299575224,7.566364935264074,8.273637539344612,3.5421331146961306,6.571755943653416,7.295575620574396,5.157583451823215,7.017728005576377,6.685642109028587,4.656769466785882,4.852236101372418,3.2432946411108854,4.369000711029081,3.249314028773638,2.9335157141752006,5.00527734445341,3.950465104850358,4.804823065886075,3.0371619877691174,2.838426009093242,3.0513722027394747,3.862306503765921,3.6591707616043947,1.9065110857393808,3.786366931401927,3.9072417111299216,1.9549979968141526,4.124927292382199,6.510184625405625,6.181438122446079,4.394648397603932,3.5184678683596933,6.2748932465022635,5.443901174595731,6.689309947071598,5.750726500323728,2.4547906916628732,4.566903778205955,7.385084597613144,4.205085555006644,5.809927080061483,6.153557552257541,5.851577119696796,5.86319919675742,5.257846247250663,7.219157473690045,6.466654074621089,5.506729605470628,6.575940554631293,4.18307429416801,5.324237330482173,5.80777485289808,5.236804052314181,3.9255354235725326,3.35334400230734,3.8729886059873633,2.9675769087998924,6.456441768050734,6.315267671831098,5.212024405495898,3.5650334511211303,4.162333500789151,4.395625772780355,4.521535444978835,4.651263681838181,5.0786976694715085,4.5643288920868,4.380191480396361,4.035185216728319,5.365742145826634,4.477293571813438,4.8948235246156475,3.9298242029150967,4.495241328063495,4.496065543606502,4.890316847831077,2.3964692369242893,4.621333305396445,0.0,4.0305421847201535,3.8066121994966444,4.4703464502699735,3.7447859589182935,5.1579947685205,2.200377963377514,3.1022444200778216,3.5236720593819246,5.033816541041796,4.878023678608195,3.2221590662410122,5.28241675524857,5.7284053726885755,4.6377361432206525,4.23287105163086,3.2358145955418856,3.768365978245744,4.612997368243648,4.420992010231293,3.9858697043883278,4.307041702244034,3.722464140510942,4.5619877578616395,2.8666832952552452,4.66605712302719,4.490097811372197,4.659122274518658,4.0409820465398045,4.267743462498922,4.907397861164569,5.983578485692081,4.602826172983331,4.433573974793382,5.080361779527863,4.17360786199563,4.995226011597246,4.62163169449107,4.2301672005989355,4.53897054467619,4.361924864252135,5.726698611449033,4.751266793272195,6.955559318792066,3.344617367237075,4.707554478041343,4.920264113879312,2.7793079842913846,3.6829508121381953,3.489254678918104,3.267000863053187,4.416782424613563,3.9718322981342506,4.580683732130164
3204,5.521642735414549,5.016923937925002,7.096971157150753,7.80804294106699,5.544106338782627,8.041690219666132,8.23171318021455,6.384277582169003,6.4538364579303265,5.162063113626998,4.375063847000338,4.072278362876489,3.2241454011176156,5.387061751852993,5.3910858094802965,3.379878301883124,4.2618821098601645,3.5553011308895552,4.20606944933977,3.2401762644892904,4.105485247190592,3.5377620463701747,3.285660718085153,4.738876541918695,4.086851870885296,4.026231111105227,4.846064832733249,4.100631719263956,4.688779564587912,5.365863824958932,5.0213851323243714,4.664403934810792,4.280600139981467,5.195407324902784,4.171764367880596,5.684545539170541,5.701025313809611,3.6946751213245586,4.184476530517727,6.750572434800333,5.069863496917576,3.9610426807879953,5.234163821818364,5.993847514400814,5.175452428081139,5.57267881912367,5.840000924527947,6.154596202866502,4.555189003679319,4.779469659497057,2.8715343610713973,4.34922260756033,5.3807226983198415,5.393349541871447,3.768713173923135,3.049668786164765,3.6618613409909706,3.3236280468960993,4.304508101163554,5.206127816877169,4.000945716175824,2.2457575745795766,4.411364622896241,5.217108750439451,3.0007767317738545,3.5901483882346685,3.995475726761568,3.0955717485166505,3.709134976060048,2.3135182059835437,3.4352210451684564,3.1885050914870963,2.90791603241586,1.9926907811282137,2.560948531092721,3.267723654930638,3.0947440691944426,2.5446061366935773,3.0923361937683342,4.0305421847201535,0.0,3.2052039921132875,3.7222221960630932,2.9438269557060366,3.88088610156645,3.4889378995758884,2.4771343075274155,3.038399369249533,2.3933052359420697,3.0805239180731387,1.944509055029493,3.0258218127846437,4.035930831708992,2.707169719218383,2.919054401891226,1.871941775592916,3.013766529148046,2.586842667215676,3.0784076772621662,2.9100459641931566,2.648312962772607,3.2140611279009073,3.021115233588914,3.1676715483742597,3.407399854446302,3.0238239719266087,3.329283073585796,3.3910143149823138,3.2529364270809698,2.267866341963591,5.043836030595068,3.877657128391701,4.260076422673747,4.6317749810373945,3.8675012672687257,4.897949004674373,4.21068811669102,4.120472620391003,3.241313945165437,3.045217549485658,3.9779434954183897,2.6274319341221655,5.1102745849714415,3.6875382412333315,3.677280986775137,4.078566245634933,2.80604242751695,3.246222964763858,2.174173001303361,5.059424870817596,4.676470876509342,4.731145543807878,5.109710017639969
3301,4.986085504751836,6.826721128707867,6.230898313008175,8.35220703058737,5.854500785172101,8.318431359841727,7.86568395364602,6.074108404017349,6.355629573017174,5.748451238984599,5.549438491276556,5.382520857543124,4.506741069019091,6.075363097563203,5.566710258627071,4.515542422999628,5.629148870591159,4.71000544344669,5.039048874722851,5.019213029667726,4.354305210598802,5.090336173176158,4.737757295119676,5.415659511313652,4.630067510724369,5.211367934894716,5.693318505689915,4.871349912946177,5.4656909752981,6.743052953512238,6.688417068578488,5.761356553098648,5.479598242339764,4.20458873254821,3.487590259793245,6.30056284519696,5.394725783951272,2.289757875256231,1.6237646019932626,7.166686351666062,4.9075779301577205,4.444306555883044,5.722881698731987,5.089454848079902,6.52914895536582,4.193461274658334,5.836000331337422,5.522447546213853,5.284924982482583,5.630749701616934,4.981318466305502,5.983384742747317,5.405306198260567,5.003723962169699,4.157711683029441,3.7253895834111144,5.098969043307425,3.9385839148153843,6.75204391531834,6.881664441729979,5.7134619889631475,4.233478543098901,4.154488223742176,5.4370121291129285,4.66776197547411,5.406607058789137,5.574611519971467,4.6439820391599325,4.649310290522296,1.62785564863187,4.448017694328433,4.9738143887793145,4.836599174039931,4.31934680666938,5.373319280738815,5.412480992973921,5.472136482929582,2.4270098219243685,4.848471819143546,3.8066121994966444,3.2052039921132875,0.0,2.027627007984768,1.7930652641466216,2.328199265442258,3.104639523556511,4.2818681145142135,4.631422190986277,4.431781485700482,4.257753470019384,3.605925135424477,5.7945672952572025,6.538338496342441,5.3371859354923075,5.296555167803747,2.631945639296493,3.4703489792533837,2.4834093137923396,4.594487615118973,3.0767980353661453,4.991503066432848,4.755622171436995,3.998937655259162,3.2272310284354426,3.873206465331636,3.5282103850864273,5.245393059609091,4.615566954555394,4.960317924084243,3.8508113283813348,6.401700159473625,5.591528210151491,5.5530647386074765,5.805923623731639,5.254482054636416,5.9082582866548075,5.336259079263497,5.429958702423448,3.8967410238829197,3.9133785943326256,4.882435093488783,4.706268101493664,7.037995354249003,4.8106666213910465,5.665363918586707,4.943256721233592,4.426731625678368,5.125653754696259,4.172624281534993,5.952127843067768,6.01985525167424,5.863052534776465,6.559959632090058
3302,5.266691008091197,7.281437766028443,6.450047825504639,8.815599977898366,6.846030318184038,9.045580978823295,8.44931490733955,6.88910521519212,6.017896525866626,5.378465311303186,6.7399111683357456,6.5142226977297195,5.110691423218668,7.308877047784452,5.970551240844292,5.255664907746209,6.756429660127312,5.814749061576954,6.101178764170312,5.597695564321615,4.5443137944531875,5.647857951556696,5.588857583443334,6.669978537089314,5.428541326858083,6.252404971595655,6.647026879893061,5.182596180167779,6.357167374693735,7.535724277978447,7.623851010215498,6.624403046716994,6.372096288355897,3.8287245300413355,4.641250539618479,6.902767472748847,6.074863577109493,2.700678235021378,2.420966980948816,7.658287403846428,6.071293072363231,4.551475184211082,6.068623841360782,5.0540322322918385,7.296206045049329,4.777654261877204,5.690064233960732,6.028878643690545,5.712883009459443,6.659218932674822,5.679526559000039,7.190846802000805,5.806394133835137,5.78845217469067,5.744830395110041,5.061805770508975,6.301657996386048,5.274979149625009,7.616146883384626,7.905133507817167,6.865851985406129,4.782907343058196,5.4380351460570235,6.602030662900891,4.947543719069654,6.575677263009797,6.430157313533325,5.411305131391006,5.929213520082614,2.4828941895737717,5.675689555518921,6.004137821631871,5.8801788210582195,4.683244488566385,5.935865034280318,6.47295271827411,6.209043803526758,2.539451784343086,5.546321510885516,4.4703464502699735,3.7222221960630932,2.027627007984768,0.0,1.6806958877075076,2.1393900720790375,3.3183923721529758,4.767039499731439,5.05977835420946,4.491506216038522,4.1279250750359475,4.039308521283575,6.376363257169933,6.700822077394706,5.581166132384757,5.423794640533997,3.669426904508951,3.3463032350724595,2.4618046287934336,5.330386718960027,3.112850901825367,5.371981068273693,5.173438444960102,4.297232400400603,4.210114854486191,5.07068728833196,4.581680951287126,6.072284551992664,5.469372894323288,5.556583706374479,4.706833825078038,7.368893746729102,6.724189162242564,6.643367304646077,6.918447546731361,6.321117919319142,7.065647392640726,6.485492926291523,6.656779521325715,3.551616964862645,3.7292649677278638,4.861978381047322,5.731060748411113,7.937371013308432,6.13534053001908,6.712217005223394,5.569563561886939,4.712693398263069,5.970841786657593,4.841770796681398,6.554145420322534,7.214225362092449,7.183647259734126,7.742998523785417
3303,5.582735245952037,6.877601637563295,7.078527691491985,8.828458914365491,6.297628032346087,8.8870271748227,8.81046617121832,6.907573196867737,6.511656330115997,5.540817039761602,5.375032824330802,5.110980017679813,3.6144239292987104,6.445227426547175,5.551530044546707,3.7989913437825993,5.625565696076364,4.87332051063193,5.3329968967110215,4.552930327976374,4.077201260447403,4.7024058502487405,4.236917328994319,5.59462630055185,4.400015454624553,5.233060339021891,5.710935674414844,4.326031223148046,5.622153357035397,6.582034265825982,6.789734156736774,5.847730179017999,5.666312092446575,4.169776006959223,4.14020527384773,6.536881278508103,6.213088349447096,2.717193125765773,2.3457968922627104,7.794045059622805,5.839193331617391,4.751038272045547,6.565896196070042,6.087136887768987,7.048163226093271,5.533951062017057,6.532196830561533,6.7199276450870125,6.146398842020746,6.289190539244535,4.559191341007696,6.1276582549981,6.073208679316807,6.211767062151407,4.60002402071854,3.785153791195956,5.037192245629077,4.247583565223897,6.898011879728612,6.971600964653178,5.857491704606054,3.751046017458507,5.3907167788885495,6.367172753418108,3.5366903237058747,5.288419022363679,4.976366463057902,4.013070514143535,4.668392345136643,1.8272071979577813,4.606570900263001,4.62237729459666,4.721983374512177,3.662698858020328,4.847960464972381,5.277538896337821,4.852854439080784,1.540940267406163,4.245144450638639,3.7447859589182935,2.9438269557060366,1.7930652641466216,1.6806958877075076,0.0,2.5765906646674166,3.0761941413044647,3.5551821091073905,3.7128326674566097,3.5273418161140104,3.516236148285296,2.670944114714352,5.64149703480774,6.063991508793442,4.883742506737264,4.542968318970101,2.3307162030799784,1.902981768111582,1.3535933046499498,3.9468659717598316,1.6778759425893301,3.9940557500958116,3.754998893217188,2.907784554182126,3.1751566777183418,4.043863558093458,3.8207785246110912,4.793853327941359,4.238681853356348,4.029881055338138,3.9155166231902907,6.11291831483715,5.722118742132764,5.477887451629867,5.929956967945473,5.245032431173611,5.746090325991089,5.087046709490329,5.30342021848766,2.5085461075762328,3.069903724023383,4.761359368278297,4.952855929448407,6.993473265889892,4.9632524049464175,5.645217302524329,5.013588408106998,3.5548740737926106,4.84953991183997,3.9176193042616045,6.004619132274146,6.3868322883815765,6.233986064408756,6.947435487633174
3304,4.0830501081292025,6.607669835945759,5.760594931009521,7.715021668445844,6.776037951022458,8.794695410139948,7.688010973685212,6.3443036026540875,5.5227535673836785,4.046098502945642,6.339536013049361,6.24666427212876,5.394121083946819,7.196871450760251,6.599063140677135,5.591078882313379,6.537603055267848,6.087306987383416,6.167905822064833,5.927738822060749,5.680928705760368,6.350364385356374,5.453538749094291,6.733978390977022,6.108587757227324,6.4373750689480955,6.958165272958944,5.886542301682646,6.142233949099115,6.630224497685987,7.060425839159872,6.590887093859596,6.486376615944083,2.66596531493676,3.7132703763289046,5.750357394711845,5.086601728793027,3.5338552457442183,3.0172627118706163,6.577181037565614,5.973604245215273,3.3458402402580156,5.5439269482123885,5.568907880874326,6.941680898905205,4.882823785084682,5.281673718578364,5.50780280300048,5.868142539035245,5.195553909239425,5.5783053086917915,6.5024988798151,4.952934820654689,5.568085192952982,5.40685741043025,5.0074694740369505,6.266782382651732,5.06200446269305,7.132575216046164,7.188155944982897,6.4765425146603866,4.9535481037216424,5.339550549159392,6.470656826532569,4.834915728908266,6.3994116952856075,5.952740367093127,5.058646060739617,5.516090157173177,2.844968217987667,4.661168525622168,5.7635992999650485,5.683742179400875,5.080288503190976,6.103791178402673,6.526068883765533,6.005273750670036,3.597592608550754,5.177682112357592,5.1579947685205,3.88088610156645,2.328199265442258,2.1393900720790375,2.5765906646674166,0.0,4.025416110411738,5.109839695394021,5.201093127234854,4.974787120908595,5.164287567281817,4.519618839146258,6.540927620502796,6.8918571320195685,6.078044515475114,6.009037611331991,3.9377797153159295,4.25771725181111,2.5622506339371975,5.395751122025898,4.099618795440976,5.585583270731231,5.340138366895272,4.32457856249815,4.871163526205795,4.169538360440538,3.7828627903559595,5.8984093899992205,5.0301235623185026,5.547390842259679,4.660237436272701,6.470230381474604,6.49825174840343,6.13856989084185,6.362908045090702,6.185654175352551,6.412143309499775,5.973948422296167,6.4596495354972445,4.581366451667218,4.913445954812823,5.883023694821309,5.573926878315628,7.126401671845999,6.096706929730263,6.520461317504332,5.339138693904766,5.39568895084791,6.224705297075045,5.289555606930824,7.188389591976281,7.164171200808708,7.2528235868084625,7.8313788311645105
3305,4.44049947932265,5.778919299536718,6.7336619594907,7.463105398026972,4.124015129089105,6.737306798416987,6.794605590008766,4.954156697310113,5.890251951875201,5.292832101165519,4.817228654861536,4.825751960276477,3.5224740763353646,5.072091160661997,2.6830642871138797,3.586323571913658,5.144005272888432,4.3537138501934605,4.976175804597939,3.6080707976079487,2.739137672205508,3.901593948717719,3.7442348379478787,4.193619081212034,3.0040823497555453,4.276305701405452,4.67106522761891,2.764015496232766,4.628192955698123,6.334950636345424,6.135659258591977,4.7330391237999265,3.997792731261537,5.546496447183274,4.812690121261203,6.221879258126825,4.564442339429469,2.097230600033248,4.284699885987249,6.469720068429424,4.371331390445744,4.86810999264655,4.798815057798757,4.718157422091655,5.46544101164377,4.450170634608602,6.109880733988872,5.948726418798783,4.611541184262275,6.113844411477142,4.269152180169587,5.586476282698046,4.792303756566385,4.331237138663293,4.0643228150647195,3.4717809690272907,4.170942128278425,3.659019556879391,5.988992656677872,6.46367949354202,5.250135852893515,3.3136367935920212,3.525193893175465,4.055288495282417,4.117607502839492,4.791909206145272,4.9325052643430345,4.234227229870133,4.3115508904583955,3.1544719825117524,4.9115160105439015,4.506851430655288,4.727189281745125,4.049930884704295,4.635430901437372,4.750660564534193,4.771973187472114,2.008325796680945,4.199368389606436,2.200377963377514,3.4889378995758884,3.104639523556511,3.3183923721529758,3.0761941413044647,4.025416110411738,0.0,3.016251094224949,3.6185495811399346,4.672496298173008,4.717375945768922,3.4005535214988156,5.316498269067031,5.865198027098164,4.780107913565573,4.552710732068826,3.216664403509319,3.5007772106134842,3.7372591057141826,4.1746910290272945,3.737381195131621,4.316468154430602,3.8872982356079544,4.064836525480377,2.5667190123551595,4.347264982172373,3.9304776461750133,4.393001475822441,4.020195156685585,4.23669181926294,4.474292854090006,5.809245662673661,5.124382637969381,4.984219908690177,5.475695784446199,4.041395437035594,5.116887298635588,4.7316464274426515,4.736318277342374,4.323548412895684,4.2734625661620305,5.639627449130813,4.663889080798252,6.806253434971722,3.8109845375932685,4.81542361972133,5.15880270548291,3.518708905401681,4.049148553099406,3.9177372792313805,3.576857129927307,5.120163491789417,4.623691190968184,5.387440251706577
3501,5.796312795879197,4.658331593112284,7.661940608084511,7.481937700239031,4.371714085776716,7.013610059421511,7.840601674902202,5.779942608907563,6.899148090973797,5.646882297506822,3.2347505333962294,3.1023763592222107,1.5382133128920552,4.1306894804730065,4.0471157347638425,2.106759065166509,3.245131991091068,3.0958817731009303,4.017284197529589,1.527968475961869,2.8493878421201657,2.5040130526899174,1.9196568991442489,3.2339665069955554,2.673522750687741,2.7365719477875845,3.2985284008067817,2.34478866399108,3.691615848849931,4.621901131671945,4.350371527878838,3.4451867301661565,3.0903159970234384,6.129933837482699,4.6541644506084445,5.637586103395847,5.662996830450931,3.773150109828866,5.165583383306809,6.733107138777766,4.633944232753541,5.0193982398489085,5.861479137833723,6.590102166567483,4.842166135327079,6.146284150397968,7.010784859576104,7.087622142698118,5.420964739833665,5.451531492155814,2.0098471616872513,3.876135933973937,5.374469173005113,5.814873231172557,3.472675537492103,2.4792483183107183,2.6899081622283934,2.770384165629593,4.365200407706973,4.590681151101852,3.3746782962297535,1.4969053228538263,4.720567080042969,4.797204595705006,2.0422098043227077,2.8971513439197087,2.9561604714092384,2.2414695302665493,3.1814553267364576,3.48513114259744,3.5851848911986752,2.503492190503548,2.7411109091008607,1.9002507189822035,2.186741091369337,2.806836521527805,2.1964025748412266,2.6564250126397835,2.157285048362463,3.1022444200778216,2.4771343075274155,4.2818681145142135,4.767039499731439,3.5551821091073905,5.109839695394021,3.016251094224949,0.0,1.2801605486457432,2.725979649077298,3.5959513178186437,1.6609212515481284,3.3955846468488398,3.947963911280379,2.9869764986780174,2.4484987301894754,2.264489842509033,2.6814635204998094,3.357984650137164,2.030229322337637,3.0423413209864214,1.7372418711090245,1.6920026374794617,2.585623613260012,2.40133538498941,3.3231357667736403,3.1206270948504895,2.0798186690174796,2.305066692932574,1.9554849004495676,3.1076578873607534,4.075837509635744,3.310163809739475,3.2049378273583926,3.9141325461535814,2.714691167690955,3.6252807159711744,3.0339062998585993,3.103552582687429,3.4612274684697546,3.5225132517326143,5.190884956598197,3.078093266544582,4.717814919373363,2.5714980362078066,2.7805442426979274,4.209970915001722,1.8898879137543774,2.0489081583983437,2.404945031216517,3.724849094183573,3.9535877438545923,3.6062094171748336,4.290680063433962
3502,5.9322519337458415,5.084202458278479,7.788250031272165,7.299544623713588,4.537884689034987,7.1053676791488085,7.969936679771197,5.9667192325122835,7.200931273743188,5.688561116049257,2.950535044876862,2.8258018435190797,1.3214948530510686,4.097622501060264,4.694481205044578,1.961756900461296,2.880102644773487,3.204447845064033,4.012304455141104,2.063445217022316,3.524770408591607,3.0521487969853522,1.8167493834641897,3.3987849630027247,3.113931481633226,2.7386622866694315,3.3153798691139125,2.838260147373983,3.494166752723469,4.110281193365614,4.3586672139438285,3.3542279692419243,3.574835598551879,5.987092174677079,4.670512265086687,5.256054916586193,5.815581329425623,4.2230671729723905,5.464109000409164,6.674316977774157,4.953357684927144,5.177902336043475,6.468720184017518,7.3847429950851255,5.57764661437529,6.541564046432942,7.653426672894775,7.6505620272614,6.324759027192083,5.712225600158683,1.9696830959380625,3.7217480470325137,5.5065126816454315,6.317602990980987,3.592848465219665,2.5771272172063897,2.80859519208303,2.802649420179852,4.752183962208477,4.317329920752233,3.288202873064156,2.0445411547877836,5.443314117254606,5.520819839338484,1.6961573835918997,2.8927902022194267,2.3774144932302828,1.8060135270668103,2.9789624754808477,3.6768323677280166,3.3820328859645157,2.2634261779015823,2.7549341208269547,2.3093756331637065,2.518972135596629,3.0666912326024787,2.153282659044952,3.0636086407808425,1.810354558561906,3.5236720593819246,3.038399369249533,4.631422190986277,5.05977835420946,3.7128326674566097,5.201093127234854,3.6185495811399346,1.2801605486457432,0.0,2.8503891772344194,3.87557815960937,1.9568980027065401,4.09427421883278,4.59167423934232,3.787586175054896,2.975402167615527,2.743862550048058,2.8716535536997854,3.4683474227914846,1.5242042754199678,3.1805210629700325,1.6559187204295993,1.5941579071353016,2.3665726999495194,3.2080615805756256,3.217617316058625,3.1284739840161238,1.7908675734666943,1.6860367326679013,1.5753762123556818,3.601371164488588,3.7087483933640724,3.2600783533938262,2.6722732642879143,3.4812289576092654,2.817483328823626,3.3177181747184608,2.6998745748996216,2.950768575711666,3.674305908535896,4.055768027310835,5.944331902279725,3.663715861945054,4.526641275200371,2.9822338712460317,2.9349995193947054,4.5059438721188405,2.3371992580760903,2.3299234373680706,3.1904482444575994,4.477553318052553,4.0818732399270825,4.152072658567534,5.0605310511241095
3503,6.541460767094669,5.403640016380153,7.2467522412268,8.166723982543692,6.357968421988997,8.35813580404707,9.008427677251857,7.181231392715716,7.337339059057903,5.8855297093829995,5.0600726136496705,4.667088708509609,3.4282177850903497,5.739646078778126,6.348012751841242,4.064661112071928,4.298821872666843,4.126008619699554,4.6786869700181795,3.6500555724793853,4.217487323952607,3.935068336286141,3.8160879051519023,5.39941611747496,4.865564310944739,4.3455180927390336,4.89128068759244,4.466865059225897,4.7125767979499,5.025329537914473,4.844604559473805,4.573954993917076,4.745392593406906,5.264818238614786,4.388541201023369,5.741410392500159,6.9515199083964,4.730377666219453,4.872388732455083,7.358414823393476,5.8162818117479755,4.875106429514008,6.52411167315565,7.021503348221062,5.963289327263007,6.9195762723403655,6.80206323051516,7.276338528304058,6.169798560479718,5.886953840413236,2.958236275922448,4.775190450628031,6.181855456935521,6.772336621159204,5.249982547800398,4.053574582873049,4.607555850531942,4.278802078823351,5.08214662148755,5.09242475916652,4.264680241634471,2.6682919836626136,6.350598212912127,6.810150832916841,2.922662620586803,4.367751097225436,4.437258915577096,3.1759407005254814,4.6715706720117,3.255603268243249,4.291457168983798,4.004986483533811,3.3811500740123854,1.7028273344332607,2.9295943753937927,4.091754244319681,3.6107399161534732,3.54255699899091,3.2940343351382544,5.033816541041796,2.3933052359420697,4.431781485700482,4.491506216038522,3.5273418161140104,4.974787120908595,4.672496298173008,2.725979649077298,2.8503891772344194,0.0,1.4839710849595524,2.547503404790644,3.323573108933748,3.7457635543519956,2.70485914279785,2.3859320946823686,2.9595210178349958,2.6572677930901607,2.7753164376915027,2.9466162747693714,2.4817721845534395,2.662878105453355,3.3201271567062305,2.698151424880586,3.8106351405096683,3.9246573844387838,3.689079388106185,3.556551645236552,3.5881376203236166,3.5351255936892674,3.071320842942209,5.302539805190959,4.2408176657180565,4.442602463507827,4.67012664930125,4.7014926308932905,5.412317972648282,4.798463625876325,4.948419945936433,2.241244184872339,2.2307363040340307,3.8396140885268895,3.4002062531272053,4.881479368178745,4.753369208701176,4.035581764663498,3.6964653049203116,3.0710527853477405,3.8557562319061565,2.930352523776505,5.9419442999801655,5.296159467907647,5.639656452100818,6.0492234022157
3504,7.111163998666045,6.384426629383573,7.241264650878005,8.969236863202124,6.644471004058825,8.572845588530647,9.25038515820659,7.434187903403837,7.661173352860237,6.758843819946969,6.152294840833858,5.7525957657878015,4.254884306938226,6.192691120968943,6.5844307417238594,4.634908355474363,5.291843592923863,4.513162247605261,5.1430265996873885,4.252660173126178,3.9036690233750746,3.921950125111021,4.90767431551099,5.9443283497616735,4.930757740757315,4.8745799158479315,5.169545692624605,4.525306117250921,5.125527835687208,6.300219482220177,5.908079152783421,5.103838546668727,5.090340348289789,5.285459626212635,4.969723123003724,6.622006742992438,7.568605757640171,4.302124255461372,4.316777160134657,8.05623961418627,5.883066944359168,5.351719620784625,6.843837193542706,6.543295676706022,6.633591997355303,6.601208648627474,6.774662189710251,7.000148788632948,6.1065683716130765,6.80976752728881,4.001209022818663,5.834115278997684,6.627240400663121,6.759508097636172,6.007739034743135,4.774455322985327,5.505177879399736,4.773316945295145,6.198879305989557,6.20185890207665,5.31378719302127,3.4712944176354257,6.487196275039908,7.138090749186721,4.261214567976041,5.409311590621048,5.783642017609976,4.500435100485689,5.6453116108095225,3.445832051559643,5.544467756582457,5.126119978709928,4.47145487158255,2.477280496582721,3.9005849310377694,4.9495359028996315,4.9520298405319725,3.488154824996305,4.680783996611606,4.878023678608195,3.0805239180731387,4.257753470019384,4.1279250750359475,3.516236148285296,5.164287567281817,4.717375945768922,3.5959513178186437,3.87557815960937,1.4839710849595524,0.0,3.1112721874572085,3.9422716401056808,4.334209113555079,2.9386371828350244,2.6932209196340375,3.443933696692896,2.9205090851533306,3.2656766574208076,4.027255338009735,2.5820703302955517,3.7669575138060263,4.3717137039001575,3.7276218994527994,4.044668442888448,4.955012187391515,4.610838333069574,4.829516233971229,4.679949323459174,4.691337724643005,3.784709630567201,6.727212365139873,4.998825567112191,5.395066243145819,5.535443028008793,5.6577450346039955,6.571683855272361,5.941714024864139,5.831307017899396,2.206586324499652,1.291937564161214,2.712032622939898,4.088459663107712,6.191028056285733,5.405882388864364,5.01264964137999,3.858823653500741,3.109641155646783,4.514179658522968,3.02205225503768,6.03412869157189,5.7006387400562,6.099625335658895,6.450996115713942
3505,6.4415351072612,5.909225606693881,8.116890703256617,8.57611883010134,5.390355813864739,8.182813828421185,8.797895525409666,6.768667821072808,7.1041148637624545,6.016404085005183,3.989437450137739,3.6892089624783133,1.8737423436304048,5.098989753357027,5.125584719246084,1.916194566450234,4.06248943135067,3.3489776655132313,4.173703935438812,2.2021009877526185,3.398428541501168,2.530487330481781,2.835976771114689,4.12612947130082,2.9665098584822576,3.480705022418185,4.016569222619505,3.002411428861675,4.483292312809932,5.629146301057926,5.5143419730510175,4.488399747235114,4.207038021584433,5.821038368118317,4.895972987180676,6.368314439645773,6.501222478051331,3.4053764612395634,4.189525584007314,7.6609616605094795,5.29622380216147,4.971893809867229,6.6117239971299036,6.875286894406905,6.020120397511826,6.07735881402676,7.170501191505378,7.2652133238616035,5.767254091625651,5.878996966621707,2.7891355096783568,4.6533300670734405,6.068116675430148,6.358464013923264,3.6966012630765666,2.8075827706554364,3.3824460326646046,3.0924044796111287,5.343621566126987,5.571144128936098,4.282379789190188,2.16906780352045,5.0956614922713115,5.653519011061459,2.4428267141177686,3.3541447216864606,3.667795139069043,3.007835190077505,3.6203977941551053,2.821283242459627,4.0120080376394345,2.939723287438387,3.3067360688526177,1.7102794735022335,2.306675462149234,3.129193529000902,2.8922732361895678,2.08288135501915,3.07994467036143,3.2221590662410122,1.944509055029493,3.605925135424477,4.039308521283575,2.670944114714352,4.519618839146258,3.4005535214988156,1.6609212515481284,1.9568980027065401,2.547503404790644,3.1112721874572085,0.0,3.6716124379047055,4.236988236285985,3.0305050131098965,2.4715518471817046,1.571509294563048,2.127271247811942,2.7764238722262835,2.5498898391487708,2.2751993054035213,1.5744320088742088,1.7994451028503688,2.6296046083797995,3.0522220937074565,3.833350328051358,3.5763769951639426,3.0817501542358876,3.0605436235232113,2.276207266126796,2.7378496661482754,5.0992211993667445,3.9388108998767675,3.9753115926394527,4.640388408710919,3.708986743579146,4.64641861008736,3.800718723738358,3.5704226447680423,2.730224922721177,2.951221735700976,4.605999254330509,3.5227844964073385,5.676297259772901,3.386641996490419,3.782094178423959,4.675179066490445,1.4307680166205705,2.4891409590669813,2.026233565085561,4.60632169432366,4.618315464746516,4.542503067574924,5.144279850654455
3506,7.116661039614646,4.1727966962186285,8.088993957222726,8.036048030294106,5.6670894578679185,7.596872820500104,8.472723096001463,6.76101375634059,7.632901955344719,6.496049249737241,5.160285979750318,5.006907982669783,4.610204121121989,5.153486369328666,6.316777778971028,4.737495050912212,4.49753120959476,4.0467628486634935,4.6145345777478175,3.31739316842461,5.009759647510983,3.5964222783803628,4.517127228534406,5.149840139793924,4.941040672241906,4.28561470471303,4.877951638493376,4.783258456686385,4.742415444962524,5.494324565670992,4.184409115173956,4.463017850897331,3.8116108874603696,7.1223237565868205,5.741964480884195,6.331833859545118,6.878702749313268,5.6028929126408915,6.504276865011103,7.205298830548034,5.353066827646713,5.348443970911889,5.720726150724322,6.8733106387302385,4.185709687136947,6.956472041400297,6.601189189314272,6.732453375047655,4.6888843588391085,5.246161570532844,2.885696530870518,4.082605323296243,6.211560532742182,6.019603793405972,5.281558507097438,4.611337638649453,4.406530213562627,4.221647278874117,3.273284884927217,4.5156863067751765,3.7164587327662963,3.2605921889501106,5.315210981976775,5.54310345790362,4.5013540041556475,3.9837310086557784,5.102408770924028,4.424203411838549,4.9107916701858105,4.962743292376554,4.768123135183763,4.05962088081522,3.3784653878112465,2.45204424492096,2.0295985576223043,3.2641793145186613,3.556350830597907,4.995054037834176,4.357713292433127,5.28241675524857,3.0258218127846437,5.7945672952572025,6.376363257169933,5.64149703480774,6.540927620502796,5.316498269067031,3.3955846468488398,4.09427421883278,3.323573108933748,3.9422716401056808,3.6716124379047055,0.0,2.1357808263351297,1.566364620504143,2.524165932684212,3.8521082973440164,5.052470769117697,5.150997810083692,4.2967455121102285,5.050597746370405,3.556787445531931,4.300751843718108,4.737654668594463,4.653089524221515,4.813442474007211,4.5270009126715856,3.964151943305061,4.397273242383522,4.556872002359777,3.481456950960921,5.577331416693106,3.447581875160777,4.456581984284707,4.631663224320759,4.3565588011670675,5.567393997698167,5.101609558234241,4.6704619919206065,4.938830408018798,4.093685539508608,4.240097397185201,1.8885623150571729,4.360159205780009,4.124460166278357,3.1367781375455643,4.102980149301182,3.589205744969878,3.46897612055314,2.197431562930777,4.996737288695923,3.9366222905728874,4.268920526767789,3.831080569052152
3507,7.738087151175604,4.506215606429471,8.456362658271237,8.602774543128778,6.493929270959181,8.118096886033802,8.978133991409,7.321233447173775,7.334472493844067,6.382730879894762,6.2498058602757345,6.214432332121173,5.263112573910989,6.128896033323787,6.832518316533446,5.470252893353495,5.677742618362664,5.264532964882371,5.692210250973229,3.639079402814895,5.369702107137525,4.213556232392554,5.395891526276729,6.2356060694388,5.691250700141672,5.410655880661952,5.637792329664223,5.025770854799473,5.430970099198827,6.10856622834093,5.025648289843466,5.215770727739621,4.61890440544956,7.216815168575148,6.501385724135403,6.792265839243535,7.618794622926681,6.085678470158672,7.045281337572273,7.81787955331529,6.188475523355984,5.634999517877376,6.52022822225912,7.303451049173062,4.647157489105345,7.646415047375637,6.6357194954562555,7.200405885645988,5.578936924213058,5.959243583617534,3.9265549555967567,5.239373716544147,6.703085034112418,6.98469111666465,6.491958031471696,5.767305496808056,5.6722840257818925,5.276506301311379,4.69355854840497,5.413747742793808,5.0291382874610475,4.015800736540943,6.469484739433689,6.53007250201873,4.6873803276792945,5.322393489310695,5.989968061862316,5.2618278666629354,6.1136287766557045,5.865133868051143,5.823515927603111,5.264019361017347,4.7344065923799885,2.8230107226021133,3.175167772562457,4.776860917917817,4.52816902601144,5.490364654605761,5.157801911150107,5.7284053726885755,4.035930831708992,6.538338496342441,6.700822077394706,6.063991508793442,6.8918571320195685,5.865198027098164,3.947963911280379,4.59167423934232,3.7457635543519956,4.334209113555079,4.236988236285985,2.1357808263351297,0.0,1.9312097192020365,2.7746223165241606,4.591024458766533,5.250232140051103,5.539368848132848,5.273573026734555,5.436275659319965,4.17516435589875,4.415024447598892,4.897887834561436,5.49505004522288,5.581981173314496,5.28439653045101,5.007123057651269,5.181125006875122,5.183744347263452,4.282829783227483,6.250857687323201,4.66205735125303,5.329039486882665,5.569310592382505,5.580745891335945,6.460490494754406,6.085159835668222,5.881247098096926,4.954729713129636,4.283588057464004,4.546861062480732,3.4039480669934004,5.274801973208292,5.371775215456332,4.500182955464,4.48075372805807,4.034179609271266,4.547174432723311,3.037850747243198,5.5822338526188275,5.230356293123426,5.4865024012351675,4.710985525625272
3508,7.298015297907035,4.839436142101219,8.113630457165318,8.640265482560864,5.9076927730040225,7.969749082858922,8.835513905576418,7.017132606653378,7.571522596139253,6.503336757060834,5.589813704169005,5.437056353526467,4.260988740268792,5.632058657073528,5.998605913505401,4.419031722706107,5.081371114843223,4.426069865973342,5.221511477406339,3.010344724830618,4.289482490427759,2.893146577318759,4.581783650896015,5.454222911177531,4.528865954988695,4.582558202118544,4.933200610941215,4.053107732753574,4.961547522954146,6.072888018705007,5.118624091291216,4.753111834017169,3.937310629332879,6.680755392993454,5.868947236158446,6.720171105127109,7.2541621353652115,4.95811410638861,5.884536613508266,7.743973000982112,5.610539515176095,5.209409965589484,6.090472483616525,6.584076089525587,4.943653580481263,6.876282161173673,6.549645429608433,6.769027418293089,4.89688317214478,5.874157355030902,3.3015524448574047,4.831625553162479,6.450964537408831,6.333678330814017,5.607591771555268,4.755997340729587,4.769091522476387,4.401915794602831,4.554104976637574,5.366295293817607,4.5636894331326685,2.8675662121973104,5.565857534453479,5.838493964782796,4.209133995609059,4.430976527281299,5.379162611995024,4.5433236874799885,5.318387769459483,4.599776495547023,5.281430260282657,4.460852272825617,3.996924284943601,1.7829486546628712,2.09385217024417,3.6970460954919617,3.8817968694854934,4.193721368123757,4.457414891758252,4.6377361432206525,2.707169719218383,5.3371859354923075,5.581166132384757,4.883742506737264,6.078044515475114,4.780107913565573,2.9869764986780174,3.787586175054896,2.70485914279785,2.9386371828350244,3.0305050131098965,1.566364620504143,1.9312097192020365,0.0,1.3384509820523809,3.4264669127623977,4.1385484002534945,4.595736679685603,4.361880164747689,4.190023470404727,3.131572240026913,3.914962820541892,4.3771232279109915,4.26404501143738,5.029090281720953,4.70433642035627,4.316190805322186,4.536714783937912,4.389026180593272,3.3578073233809342,6.092705871728909,4.161959761997917,4.876616820605493,5.199343580976212,4.849945317512278,6.002204393964198,5.465785522535403,5.080736709737783,3.8190441201791265,2.838049407613775,3.2601926941716246,2.662382048215761,5.367386880397376,4.4182191694749635,3.815339201439854,3.8659160547419975,2.5511487218800717,3.5185421401339996,1.4419183064001977,4.663662569546562,4.575010298061389,4.701501817469941,4.345969683499065
3509,7.326540010791675,5.281764005167779,8.187189197661375,8.593919421930156,5.7977922231462005,7.864959750701568,8.84001698620413,6.959113590576659,7.676712236932471,6.759445755337574,5.2548358094398715,5.040701422214578,3.397762102719264,5.30027618396965,5.7213929706204185,3.767082026807034,4.62193581362863,4.07113372568238,4.930153824001407,2.5574899521571233,3.4317152174014143,1.9996660800058628,4.028992266274305,4.9365887530362045,3.8928330411012873,4.014100071528279,4.141252830786699,3.1712649496512553,4.532414495441434,5.724382036714971,5.12512542976526,4.255048175880013,3.6539401160108596,6.613899298634644,5.873817925505552,6.5599115228523,7.265662924496514,4.586968088451267,5.701064492531145,7.758416062345837,5.4878637837050315,5.1982516538642285,6.584021188574882,6.842789672601609,5.5033209601436734,6.836197082497297,7.089470227438124,7.197678557827052,5.502782524363714,6.153133527884885,3.105782769950853,4.802622757033184,6.323840379510199,6.739140492727106,5.432014722905825,4.405346696079539,4.54209966481792,4.179993144511516,4.982926080243725,5.2884272592898975,4.466204711379551,2.1872652501846255,5.842522714028258,5.934049249182088,3.728888674160154,4.241303757688644,4.968205693213435,4.092713917221738,5.183393877878301,4.546930735090523,5.232445673062967,4.313133770312769,4.048151354267818,1.6466442583779308,2.1460201472788802,3.6388507056408157,3.811160870877279,3.7799313256301326,3.9351295665918844,4.23287105163086,2.919054401891226,5.296555167803747,5.423794640533997,4.542968318970101,6.009037611331991,4.552710732068826,2.4484987301894754,2.975402167615527,2.3859320946823686,2.6932209196340375,2.4715518471817046,2.524165932684212,2.7746223165241606,1.3384509820523809,0.0,3.4617695380268323,3.5538674497734193,4.3664629540723645,3.76661814979288,3.7224248728598672,2.4838288736144305,3.3291604358071587,4.077350348710799,3.974857655080559,4.840906428065292,4.546563277206133,3.910066544501141,4.053795891957958,3.81810862294953,3.197402858732861,5.880643454328475,4.092035663645292,4.5481367815387905,4.936484020931357,4.715577194561583,5.648886606981644,5.058901524515672,4.8426816824933745,3.511484678095291,2.8663883514282342,3.834107966195439,3.264470082538664,5.399027703357048,4.197265707525607,3.6002738162905805,4.025374819179766,1.8983011771864367,2.932681246689096,2.0274260352033737,4.381769196096871,4.540936057508346,4.568445127322487,4.779518059621818
3510,5.862125160697634,5.647349100486217,7.372779365533494,8.36203468513567,5.155456273933135,7.998276883690095,8.401609330085241,6.331056102275635,6.86267730225819,5.776322961143808,4.003096757940418,3.80655880160849,2.746645068125336,5.041110622371649,5.070940490751059,2.8137072853252976,4.236355192692732,3.5688780248742753,4.2203338657240135,3.0810138071507116,3.896773740840836,3.552318266075219,3.136235758643295,4.314900696546709,3.4442799537146045,3.9074599861990476,4.537711220196198,3.687398462749594,4.599715783574579,5.605827211916254,5.3266972970264765,4.628891093972546,4.339936651910411,5.278831638329598,3.957264852107818,6.051490028381472,5.945894731749195,3.2844178926297687,3.5501331561742067,7.373312545544057,4.884317569129531,4.8290935952504555,6.140520092878229,6.331570825627378,5.615226909030634,5.67891670228096,6.56398413838458,6.5058004809494765,5.353292911480576,5.28380270227984,2.961129253707662,4.554687228199808,5.864581069222684,5.683406944912021,3.2872643612304753,2.5548059420460763,3.453768022344936,2.772875140080356,5.187134678045966,5.498298682560208,4.252198678066884,2.758134161696348,4.4827740397818285,5.29755683427715,2.8476605322792268,3.6554221986283206,3.8229014251946647,3.0496136110874623,3.359265454581815,2.224089325148245,3.3738252056090343,2.9286342210127234,3.00217709651047,2.299054396960875,3.16892325853171,3.5282475101145914,3.151348623248886,2.114838205922143,3.27711422632998,3.2358145955418856,1.871941775592916,2.631945639296493,3.669426904508951,2.3307162030799784,3.9377797153159295,3.216664403509319,2.264489842509033,2.743862550048058,2.9595210178349958,3.443933696692896,1.571509294563048,3.8521082973440164,4.591024458766533,3.4264669127623977,3.4617695380268323,0.0,2.462446874804247,2.3269577585207792,2.9257570011428937,2.404050053525633,2.8161188156072683,2.723721530220331,2.643013581057162,2.363473480904296,3.1341967994738678,2.9646078450255264,3.426849510424345,3.1749320346388714,2.9650217095748963,2.7009156871459674,4.942978905700931,3.992284046940621,4.031954743297499,4.587955485955085,3.7033336957392127,4.504131600208577,3.8094854624571846,3.6959019888896916,3.055306160178883,3.1148477150215923,4.338449247879353,3.0836213980485794,5.534342107213282,3.2727734187019033,4.009626424891888,4.261960715919141,2.5664292834231537,3.4228863315407123,2.2955625059514833,4.981907733253404,4.739539638077587,4.5595918634299375,4.97805752190175
3511,6.499313415112963,6.695659444015589,7.987989212116462,9.203968787662848,6.333867001235312,8.94477245918607,9.465604127318363,7.414546825779312,7.0883725374289215,6.049484322679016,4.941637805818736,4.613495364669898,2.703624447342501,6.246531649136934,5.3299441371871055,3.1672882707108143,5.215962071587298,4.665655330715042,5.302407841934354,3.8363797222374894,3.6180503174440113,3.9506672824600995,3.5723198008365538,5.210603670306836,3.949582082785186,4.826908494005246,5.27017273299236,3.629833523549874,5.480589781450944,6.211799959219747,6.395160252703139,5.536440857571799,5.2767775810311095,5.258233488821485,4.687559101330981,6.850959526202169,7.073500846058442,3.681792306831216,3.8178195505389785,8.36993760683953,6.272676288230439,5.556279027802799,7.182604226281826,7.026041708775255,7.034291002945576,6.844841226110292,7.384493660504048,7.773971313570936,6.785298321129795,6.840806606138339,4.022161406493056,5.778929851279354,6.812038642404046,7.066932936818357,4.791798203877114,3.7267401286459787,4.561499875517739,4.397424650630628,6.556571155409877,6.605630718372092,5.512573599188949,3.048577827129833,6.1709007146281145,6.729973519842091,2.5099834701068757,4.748754037647871,4.339866004659765,3.3442837572411497,4.525686496870205,2.835628610508909,4.781185117982245,4.232439104836299,4.415900685087688,2.9405066939899935,4.117745454543858,4.692458128307871,4.132340620954914,1.8351448104231913,3.5631716643900835,3.768365978245744,3.013766529148046,3.4703489792533837,3.3463032350724595,1.902981768111582,4.25771725181111,3.5007772106134842,2.6814635204998094,2.8716535536997854,2.6572677930901607,2.9205090851533306,2.127271247811942,5.052470769117697,5.250232140051103,4.1385484002534945,3.5538674497734193,2.462446874804247,0.0,1.972483864154782,3.2796217692360448,0.9161840907662073,2.983536413842369,2.661997994153593,2.049220191912521,2.907013811714503,4.233555072887812,4.215078748054353,4.091728209623011,3.9276657801535904,3.12610247850887,3.9370436168171388,5.611049646298805,5.427606587278443,5.1554618054712344,5.753702188988652,4.89716865494785,5.316230738184122,4.685357310248382,4.909690569394408,1.3441310696759523,2.4389749445435855,4.662068695077824,4.858786018064482,6.627900339710423,4.655277675494998,5.0886366385645045,4.84880218921517,2.7155738997344354,4.201615821109474,3.5359230897096587,5.58991229818599,6.140996739556247,5.808607536130972,6.540561383741631
4101,5.217044370767002,6.075162404907727,6.658454980079292,8.205564465788404,6.504721558626044,8.863615645861515,8.671072940239384,6.8704751584703185,6.319375737923921,4.77736625221044,5.071335542554187,4.75853567191964,3.6064705177729093,6.382590273213393,6.0087505114161806,4.093202912481623,5.149445688499227,4.825247617173142,5.153470619714263,4.540180653997098,4.561836377834583,5.027139805759477,3.9391215065415564,5.661576312823947,5.019450059286833,5.165610778612605,5.787144213954151,4.84243033342054,5.441523157657164,5.663416633084701,5.984209618504484,5.6124915380987,5.63106764238124,3.791879917029669,3.3492130448337822,5.767226401640568,5.975143231395572,3.6553421887174466,3.11136161689833,7.242964405225049,5.92604781276601,4.218981735439592,6.270648396971895,6.393722932151843,6.554075844956642,5.9942537096807476,6.221683019645644,6.731452690840337,6.226102445701743,5.5086286501293005,4.064958557772579,5.518661500322919,5.756132419320652,6.324872184233138,4.589205497804831,3.7069553238189696,4.900346623005082,4.286671432310555,6.167588777726683,6.210880830834686,5.257870850267974,3.460538833139829,5.702675569398053,6.564059606785748,2.8694433671188078,4.953895734605446,4.442006883486107,3.321319040689388,4.360779627297438,1.843838934635841,3.7932941579485884,4.240280786091007,4.107665847393996,3.2843894100886577,4.512491226443737,5.04936725238913,4.287188401473064,2.4944539368262055,3.5599857268749253,4.612997368243648,2.586842667215676,2.4834093137923396,2.4618046287934336,1.3535933046499498,2.5622506339371975,3.7372591057141826,3.357984650137164,3.4683474227914846,2.7753164376915027,3.2656766574208076,2.7764238722262835,5.150997810083692,5.539368848132848,4.595736679685603,4.3664629540723645,2.3269577585207792,1.972483864154782,0.0,3.459557697594356,1.8136436038392512,3.6862584516497137,3.5076120999339566,2.1244278491821227,3.38431605029792,3.2964913338367383,3.1197160810407456,4.2519470669396,3.7598515446151644,3.6966377174440304,3.4194512045310153,5.3116288588669995,5.351749391412834,5.049047751077224,5.4298497031146145,4.9809927420244415,5.296212803699515,4.70736110023671,5.186630665095105,2.3911522346680205,3.1009367023174272,4.804806255486062,4.449398284140228,6.002452882052575,4.965511580657402,5.188069780789351,4.495280644401935,3.8823367566619216,4.8032814125220336,3.922443672263776,6.431903945225042,6.315375612003582,6.2707153782943355,6.929963473194735
4102,5.913901101874687,5.414807866854048,7.792993221864197,7.301470637102837,4.914423568433624,7.466600009659466,8.250434684538595,6.329163736259379,7.590983304215509,6.089056885560626,2.432030346024914,1.903006353703865,1.654768518069099,4.138605017626189,5.235944414299403,2.4561289788309084,2.0785219083106092,2.7939427308901164,3.5340130496852957,3.0155944559018315,4.184262351001692,3.788204259293114,1.4970386898701304,3.24034329055052,3.6329750578714757,2.5060538289818277,3.5319070876945733,3.9622271914639744,3.7998645976255268,3.962201315954653,4.169507479881697,3.558818639653854,4.045631546708942,6.283588114717211,4.253694148653222,5.3353141195231775,5.8790573758492375,4.700053712817632,5.458882744506223,6.690587874562418,5.099456822382709,5.482146472857281,6.539823131480309,7.647481885952624,5.805201785172416,6.671216720063952,7.883179230985378,7.950626174350985,6.528252054963381,5.658190421019866,2.057034876442033,3.531360704058824,5.752653960976153,6.391352503639859,3.105274618336298,1.9550678864033209,2.312714811027215,2.8515924436254707,4.444284995642034,4.161553692686128,2.7371405424856676,2.398265337566677,5.48464396035138,5.69260378201484,2.1835806357114644,2.2716127985538144,2.076406135159161,1.2641224642161528,2.337007689615813,3.340914950536909,2.839942026504184,1.8201753822688638,1.92182285447715,2.8140250667064914,2.7891746086571407,2.624604498605379,2.049431453052562,3.5930757872091643,1.5668848628596874,4.420992010231293,3.0784076772621662,4.594487615118973,5.330386718960027,3.9468659717598316,5.395751122025898,4.1746910290272945,2.030229322337637,1.5242042754199678,2.9466162747693714,4.027255338009735,2.5498898391487708,4.2967455121102285,5.273573026734555,4.361880164747689,3.76661814979288,2.9257570011428937,3.2796217692360448,3.459557697594356,0.0,3.2960310747853394,2.017589392813702,2.368017029882048,2.4597739734573967,3.146738034274033,3.008629115322941,2.969814457469589,1.1982137838943043,1.7301131894623254,1.6090690368423857,3.430829989961054,3.4412789542679447,3.1028963386100847,2.7525403079619624,3.3565605966354437,2.337984373967572,3.0943486858209717,2.2549283220208176,2.600106612818059,4.020221297383687,4.416854911352835,6.223932275481147,3.6939052284287555,4.2314847551356065,2.8919541992291635,2.707110535610512,4.825397805075158,3.3148033201000993,2.589620667002564,3.646966948908415,5.170036632859891,4.100418485453227,4.2042492605125465,5.371669397471334
4103,6.485419762394987,6.898018853761209,7.795811292560979,9.244049783767393,6.393522460076185,8.999412423524657,9.492921636931992,7.4780489610434335,7.233187516494477,6.1812245813306514,5.041715269121258,4.671349806838897,3.0321352648688795,6.235059614288216,5.757957131690489,3.361953304330037,5.157329715152675,4.485697312210447,5.100859485862047,4.09072599638275,3.925144912829708,4.1655871061837475,3.8150126571127876,5.302192747199161,4.1076838022117865,4.767710432046593,5.336856967789992,4.062053999074484,5.4052082574688685,6.337337935510595,6.43212350784261,5.581926035015475,5.417978097664689,4.999626828657489,4.359831453260092,6.876027590476262,7.1137584545430474,3.5367661090889397,3.2237832263632265,8.343994939540393,6.175437503925789,5.526450485627645,7.143813411988856,6.913031379715552,7.151803514260613,6.597570198060145,7.238258692642499,7.565199826338803,6.704999838264231,6.84944767374154,4.012404120831524,5.783674925105606,6.811786910207819,6.882189312271093,4.758439939138856,3.637548528711537,4.612402361326455,4.262248234843831,6.620762807884051,6.640129736663729,5.458815120689043,3.3074472578714555,6.12277313058824,6.900125957602601,3.068133137386959,4.826948882875672,4.657511921010104,3.544273157501,4.464179772673191,2.33411023810898,4.821537813838354,4.298359331157468,4.303285235664158,2.9615869035802875,4.235576470476688,4.706322803422671,4.369714475627072,1.9701050396710886,3.9375850596897823,3.9858697043883278,2.9100459641931566,3.0767980353661453,3.112850901825367,1.6778759425893301,4.099618795440976,3.737381195131621,3.0423413209864214,3.1805210629700325,2.4817721845534395,2.5820703302955517,2.2751993054035213,5.050597746370405,5.436275659319965,4.190023470404727,3.7224248728598672,2.404050053525633,0.9161840907662073,1.8136436038392512,3.2960310747853394,0.0,3.2697177408743783,3.1874718342002675,2.3194568455740807,3.083738669551677,4.2691483765502705,4.189197210812557,4.299242811958134,4.004857564674281,3.402804219152895,3.951792654777787,5.866408304672081,5.2623273677398545,5.156696220484322,5.644859136202052,4.942258895087057,5.532687632819189,4.833982670832667,4.88059806967368,1.218402581537452,2.112503440673986,4.363585049041431,4.823372723848146,6.667604724418194,4.7975607859084,5.207961353622938,4.703219443112456,2.809928375269543,4.3908757748571,3.4075111687386097,6.001412025347763,6.045066695594345,5.954504744365129,6.646613414308696
4104,6.810625315638808,5.670245802230053,8.768116140901247,8.343277980100169,5.679198796452086,8.337107430114592,9.133792961544769,7.209322473051419,7.70547048798985,6.259530586196606,3.4225903253846215,3.062604936952187,1.7678084187153509,5.1637726598970906,5.459994081413435,2.168012777502419,3.5834201475774976,3.629842633166748,4.452149251349996,2.394664032101667,4.146931950198104,2.9441777820997332,2.333527729565391,4.139489095173069,3.6496037157848567,3.443990022540699,4.168840344955103,3.564978904443797,4.688173982959643,5.0248033201586475,5.123143891418754,4.477425669562269,4.343014211213533,6.705691850082906,5.455335762704642,6.332058968387676,6.780242544273441,4.862097251836309,5.731549000213461,7.649497967847155,5.972895276136017,5.444889260031384,6.931968730899806,7.905945177462881,6.1201329662480966,7.2054059515154485,7.978595197201581,8.208497441259832,6.4013331676551894,6.034599894195883,2.5540219906573185,4.157194605789832,6.456744753945064,7.002747290726663,3.9136951372888054,3.0913485887398227,3.025437653221302,3.62413991166227,4.621414994727508,5.004231132481057,3.788119371996367,2.0077917635873987,5.7724678105540095,5.967853903061468,1.9580086248723798,2.6163515082685596,2.709566612703076,2.3872438486905803,3.4016262342514376,3.8750265333043123,3.8102018108042492,2.3636643824492873,2.921011048178347,2.0281972142437934,1.572078222041642,2.4300233343400968,1.7701342744597786,3.392060832003803,2.282931290811644,4.307041702244034,2.648312962772607,4.991503066432848,5.371981068273693,3.9940557500958116,5.585583270731231,4.316468154430602,1.7372418711090245,1.6559187204295993,2.662878105453355,3.7669575138060263,1.5744320088742088,3.556787445531931,4.17516435589875,3.131572240026913,2.4838288736144305,2.8161188156072683,2.983536413842369,3.6862584516497137,2.017589392813702,3.2697177408743783,0.0,1.6958064054568054,2.740602547826079,3.729351072199048,4.020599217651249,3.939274798858959,2.1203210788535314,2.804683947669343,1.5121039723303757,3.1257792587375755,4.334574713447656,3.788154281313372,3.671274133459241,4.439649709763713,3.303934212427575,4.098164935282772,3.2655091616792213,3.1750232005353953,3.568957328051275,3.8969685366767206,5.544718332673287,3.623455850130294,5.002584278963029,3.3622216487138474,3.1150717961569776,5.09622404948588,2.200246714919894,2.087183788896521,2.7903752705625506,4.817011035872175,4.580163417124933,4.491307116822706,5.241992510935122
4105,6.5124192376879,5.740588544939372,8.672272473571349,8.351767347797544,5.308762305603016,8.110063845474533,8.881561966919849,6.853468839635764,7.164838989546101,5.838013974466337,3.267391813789558,3.0895621281168797,1.563337074134822,5.032372799123901,4.967479938549054,1.825623874088483,3.8882788746762587,3.7945224796946984,4.484693551972836,2.2213396362061935,4.008494275172418,3.308063914781738,2.2206190332497977,3.915168536432281,3.2501016937741034,3.620316877382849,4.213887891952541,3.1769464135822716,4.620250430686446,5.117517144091812,5.273757916347104,4.550271466645108,4.416738678932046,6.453255728505936,5.237090255993301,6.315717297690827,6.500787827933127,4.470672990860576,5.484414590811736,7.6729505055307525,5.8199005870418015,5.6585331087773065,7.0543323219421925,7.855900893169392,6.053827685633909,7.080207126207883,7.929962283419922,8.193733350762399,6.697682211629736,6.172738584611964,2.8117749035053943,4.442556486431099,6.394672899685027,6.957840802753117,3.6885887097972363,2.9228699683787958,3.059404531577938,3.4601422123801076,5.253473310788507,5.287661305949713,4.190935566827063,2.570751230379064,5.72663315775793,5.919807116890325,1.360700859315881,3.123259883676414,2.6892556162589716,2.393412253658444,3.2603861384959494,3.919599627738247,3.865310198822167,2.6012738539745532,3.379154068384526,2.5386509528003396,2.8287110451735566,3.268089520530411,2.333239897096068,3.0675519640658426,2.4806274110053392,3.722464140510942,3.2140611279009073,4.755622171436995,5.173438444960102,3.754998893217188,5.340138366895272,3.8872982356079544,1.6920026374794617,1.5941579071353016,3.3201271567062305,4.3717137039001575,1.7994451028503688,4.300751843718108,4.415024447598892,3.914962820541892,3.3291604358071587,2.723721530220331,2.661997994153593,3.5076120999339566,2.368017029882048,3.1874718342002675,1.6958064054568054,0.0,2.117601159994161,3.465935740249619,3.824597955915228,3.85422628750308,2.4979094551602032,2.704456681251038,1.4157263672390508,3.7868591294026372,4.06542498050247,4.0864113435103935,3.6493643300877596,4.538827545506696,3.3062995380664844,3.768296249867147,3.0600727309347446,3.167283958201197,3.5546477609995195,4.177518224319195,6.064698588200377,4.2208762706318375,5.406397127963924,3.3596025162825276,3.7388793611079296,5.219392220157672,2.4462758422630686,2.71158817624493,3.2557797338771395,4.78329791673162,4.861612058031984,4.5587431820070385,5.2529718435444135
4106,5.716491583904405,5.654091498344003,7.537745540097135,8.006399496074215,5.941614439934639,8.417134346423248,8.833314206860596,6.889578994693026,6.830594777087013,5.044221372367761,3.8589232264666773,3.5874184514468,2.665209425506397,5.672684395363671,5.6348151694926445,3.292657846871852,4.210792954180491,4.446922160070444,4.890205141617733,3.7100380565571673,4.668588984438633,4.654820758554033,2.8236199882341495,4.8882799479628805,4.535825906916587,4.480828779925312,5.2197234737607,4.41340929350621,4.935221124502848,4.795829550851532,5.1804320113439575,5.005774185301394,5.137404185295999,5.061789291763506,3.804353895222142,5.658324799216288,6.246202810672647,4.575408669031099,4.759467640534808,7.309951012269911,6.043707546269933,5.216512406364019,6.715997700841903,7.53668646034386,6.22105480563479,7.076195289135138,7.272234398392204,7.767458265665018,6.8967420008588265,5.881598542119695,3.152444375490854,4.635146907239383,6.22836921863422,6.791683842646032,4.172449725185623,3.2191074164776112,3.8886099776219125,3.9538826477104445,5.475568798282055,5.316497815286758,4.4116860490606,3.105642569181843,6.1374515774953515,6.6016565424847675,1.3267606025681584,3.9313871134403797,3.0922913580367006,2.1109366337849944,3.402873170895798,2.902465833074464,3.407449468479611,3.1692091630759514,3.355799260915075,2.898709655958904,3.7689023077605994,4.204660775376453,3.0896956436378775,3.099850434181565,2.524916833658757,4.5619877578616395,3.021115233588914,3.998937655259162,4.297232400400603,2.907784554182126,4.32457856249815,4.064836525480377,2.585623613260012,2.3665726999495194,2.698151424880586,3.7276218994527994,2.6296046083797995,4.737654668594463,4.897887834561436,4.3771232279109915,4.077350348710799,2.643013581057162,2.049220191912521,2.1244278491821227,2.4597739734573967,2.3194568455740807,2.740602547826079,2.117601159994161,0.0,3.3484325511056214,3.142951741640301,3.284542849518982,3.054509721352477,2.821871614931102,2.3787313381924404,3.9017603119388196,3.982300869887082,4.593173510215581,4.059152514263299,4.658138115255075,3.962256176400329,4.104024305306062,3.5634580581118986,4.125210815600872,2.636312365129686,3.622681028041115,5.66410115681963,4.292223300078519,5.197113341758131,4.263844819261169,4.351579653706141,4.563632471932875,3.5500482452444864,4.083214775639996,3.840350826334914,6.032030923487396,5.662922215490936,5.582564409285977,6.241218378706988
4201,5.5699664692461885,5.722203047090964,7.162900004636686,8.026438230729894,4.445878489544279,7.169588042668849,7.793903015444988,5.642013161547323,7.038578131466114,6.452228457173108,3.9576307036927445,3.838393065873206,2.7998546943492264,4.529763304514466,3.4829578405317414,3.1377343140687177,4.216503577879861,3.569356053932044,4.441759219671947,3.4383676631204225,2.9507222544817604,3.54448190996345,2.9413162592392617,3.520889251115916,2.8539234512015716,3.585992983494227,4.090465007466802,3.173853643646089,4.434317325149115,5.705430393900703,5.313335817279192,4.299341428266322,3.6692469883724437,6.033777200041571,4.126643447668569,6.27438535694774,5.5981712611172165,3.26962888945985,4.261916497167709,7.1987475864929955,4.452499344535325,5.595234809959264,5.7496600386274865,5.788029006516852,5.467608140178746,5.734232139076555,6.893576865422355,6.659310334633257,5.438729770062062,5.935545928053854,3.627442878508394,4.796064133039836,5.924716423607808,5.30271268615725,3.314824866469946,2.461613033590002,3.2734438423329606,3.057958461836755,5.372969667889659,5.692062361610861,4.350345868224085,2.701742096693884,4.158325734712309,4.418208750726423,3.530362946018426,3.8835695195622897,4.0909024986928575,3.2514452013704798,3.5683023136601855,3.0882995961958626,4.0967531089345375,3.6033143152617853,3.563256803979539,3.452134897387702,4.076910055518038,3.876082181654188,3.8469721053629087,2.3836311399027057,3.3641978983164096,2.8666832952552452,3.1676715483742597,3.2272310284354426,4.210114854486191,3.1751566777183418,4.871163526205795,2.5667190123551595,2.40133538498941,3.2080615805756256,3.8106351405096683,4.044668442888448,3.0522220937074565,4.653089524221515,5.49505004522288,4.26404501143738,3.974857655080559,2.363473480904296,2.907013811714503,3.38431605029792,3.146738034274033,3.083738669551677,3.729351072199048,3.465935740249619,3.3484325511056214,0.0,3.5011263331365132,3.4217071643398698,3.54271706507797,3.5017654867620998,3.44885189017362,3.7421750084179153,4.989626773172267,4.409053263667802,4.341700909033019,4.857664148474504,3.4936755932922146,4.242146507060783,3.8677815224789724,3.982735051358955,3.800331093876492,3.655321349905959,5.044640608552749,3.8094666017887655,5.936456323091839,2.799773847623609,3.8713707346333788,4.382799126828681,3.1708603799461264,3.5471420370256883,3.323228010105143,3.97861365715164,4.6149849238961655,3.7836041391953734,4.718585288113542
4202,4.432729794794365,4.369679392400274,5.843339473562496,6.201632081302217,4.741978060023041,6.701471165545498,6.876446271254003,4.937962738080722,6.713189459109816,4.975197083002748,3.294095991531708,3.4464572110350047,3.6716282394599773,4.190827631861648,5.668004708749973,4.1892736941269275,3.235940437000298,4.032329251621194,4.329460582086445,4.204006551971454,5.11225228732764,5.059357387107875,2.8850561547977573,4.142159277965422,4.879963322970497,3.9693443181571944,4.609003006551483,4.810602765988142,3.4747840855788548,2.9986287077170033,3.4549200267370272,3.7768599607500652,4.031958707452373,4.6332058494218,2.055767527350128,3.5342543268859363,4.571573524171997,4.561635459361291,4.8022396438394805,5.443078998500367,4.203031865202888,4.027124340425664,5.514256408115199,6.664263175095916,4.92261609855784,5.9837638687825745,6.451095811538327,5.97391708909878,6.070906051140132,3.340799144140731,3.046169567218331,2.914351002229654,4.604894824275533,5.394039574781405,3.3460861828570136,2.8285578995421963,3.745810104088483,2.7204754251846675,4.425465528969015,3.4988581657643416,3.0009875375513904,3.141626331227768,4.9087328654853035,5.1641140549977225,3.140737642350962,3.737228394310249,3.130767562905096,2.2051470245098086,2.9334712995897547,3.591139598678846,1.4931015595374562,3.1470416591649624,2.7663497862802413,3.7964994437704043,4.257359079867432,4.247436766453874,3.450832076746862,4.183196074619086,2.3725168946165356,4.66605712302719,3.407399854446302,3.873206465331636,5.07068728833196,4.043863558093458,4.169538360440538,4.347264982172373,3.3231357667736403,3.217617316058625,3.9246573844387838,4.955012187391515,3.833350328051358,4.813442474007211,5.581981173314496,5.029090281720953,4.840906428065292,3.1341967994738678,4.233555072887812,3.2964913338367383,3.008629115322941,4.2691483765502705,4.020599217651249,3.824597955915228,3.142951741640301,3.5011263331365132,0.0,0.9862071574332582,3.019572737792365,2.0767319756902087,3.537400467448803,3.4278514605677914,2.9265587295172693,3.5356097894653313,2.77262763712769,2.9227273742013566,3.5645714095589285,2.947657871545475,2.8055431576457996,3.876851477129934,4.905063663033863,5.093578226739421,6.254261892413767,3.284533407241146,3.5423122425778395,3.452829327308188,3.3157375436376944,3.465020908179024,4.540662784762249,4.267372415974745,4.198289234546891,5.849119934382472,4.497661957519926,4.572698987635019,5.4340896548750655
4203,3.92836938388689,4.084739900182892,5.283658477064641,5.72380564862528,4.5086915328042325,6.423067758075039,6.312262061726358,4.485541749596624,6.200382659068175,4.587035264982001,3.71244507939677,3.735684999624162,3.695738096085863,4.0868672968164645,5.432682517884008,4.1949038457192085,3.2080854529518925,3.6481335169676132,3.9287138075470236,3.962588690581606,4.672625161745741,4.8188000989638216,3.094098662683236,4.194082271141437,4.726050202756087,3.716575578580652,4.355931547175438,4.612062864763972,3.2719306907232446,3.320521004942103,3.4756414218027567,3.4415855827918005,3.8310433538322504,4.37898655270143,2.225071621406605,3.2702095195642573,3.9564531187401286,4.059412281888917,4.591263342445195,4.797199946826995,3.668194381925061,3.3833975987800318,4.83991631522007,5.944791093703881,4.483317636586168,5.0925055770627266,5.831185452108804,5.4199265759811555,5.311552597093487,3.198310815300858,2.9096034005532783,3.29720761333146,3.773316441863394,4.720481781190894,3.4547240814169053,2.820345542799028,3.8400626193137093,2.533698828161865,4.278356141284369,3.6382292560923544,2.9778179975225116,3.0068218324943263,4.364456941904439,4.736002952586584,3.3003918418153297,3.876048751287832,3.5990318889793977,2.5852807921406997,3.247166197165588,3.172213803728194,1.8437157268758988,3.272208207886061,2.655894576741125,3.445670995091776,4.025767477268465,4.214105476289092,3.555349594102737,3.904241207391468,2.6507081871845104,4.490097811372197,3.0238239719266087,3.5282103850864273,4.581680951287126,3.8207785246110912,3.7828627903559595,3.9304776461750133,3.1206270948504895,3.1284739840161238,3.689079388106185,4.610838333069574,3.5763769951639426,4.5270009126715856,5.28439653045101,4.70433642035627,4.546563277206133,2.9646078450255264,4.215078748054353,3.1197160810407456,2.969814457469589,4.189197210812557,3.939274798858959,3.85422628750308,3.284542849518982,3.4217071643398698,0.9862071574332582,0.0,3.0967323092792065,2.1955785895985573,3.7059015225119625,2.9944895292785314,3.582424738607358,3.3945968662843278,2.927999375866334,2.981899212202019,3.4986143454465495,3.587874782526947,3.308959794210345,4.072094463267292,4.814100623261479,4.842377364327625,5.919452709632831,3.000654678480705,3.6801191568593996,3.534914202923266,3.334489488956902,3.5616317408469222,4.3650645196633,4.10265713181624,3.9618240961187463,5.551482887852003,4.322442663555965,4.603472022732799,5.35565651675466
4204,5.7983848917522804,4.724057623673669,7.990112849150586,6.803731869585845,4.634438211449826,7.071239833522343,7.890404613132709,6.022259757718362,7.617239411284209,5.956708644877477,1.8939530688070492,1.4788498716776215,2.0605158195930438,3.865491620361511,5.034898580723176,2.781905767346708,1.8237938309912414,3.1015030807613746,3.8031898337651073,2.8306517426897195,4.529482302119256,3.8373313122458073,1.2767989907523285,2.975671801351141,3.821389222265697,2.5454584603184456,3.5538023839362802,4.051426627056737,3.7342817797196317,3.476490042837431,3.606465153171697,3.4197190110031936,3.676416682028604,6.85275155515077,4.606676264247231,5.164790720477417,5.5312312511787685,5.229680078486487,6.266205317036048,6.29259459103275,5.060221975860282,5.479974133001821,6.1641773149026005,7.77862738532807,5.157003129008069,6.8932258138003295,7.926736122473638,7.922649216299656,6.313097549810601,5.228017099234563,1.9558612146366101,2.8227218974743007,5.529964529099564,6.2016907110572665,3.0059362263086054,2.265562419000571,1.954945411670076,2.991945815320984,3.5145434282678605,3.5350531971249652,2.138483758151867,2.3506717317565413,5.210560074764449,5.1595623334949705,2.3607546272730087,1.5859900099864157,1.602372928474975,1.281041500446735,2.0651362195987413,4.124641624641978,2.6049806490973877,1.4532386639401331,1.7920040246809916,3.13740060570338,2.482385987684521,2.235682294712352,1.4531400889019839,4.26050378199388,1.0890464516904137,4.659122274518658,3.329283073585796,5.245393059609091,6.072284551992664,4.793853327941359,5.8984093899992205,4.393001475822441,2.0798186690174796,1.7908675734666943,3.556551645236552,4.829516233971229,3.0817501542358876,3.964151943305061,5.007123057651269,4.316190805322186,3.910066544501141,3.426849510424345,4.091728209623011,4.2519470669396,1.1982137838943043,4.299242811958134,2.1203210788535314,2.4979094551602032,3.054509721352477,3.54271706507797,3.019572737792365,3.0967323092792065,0.0,1.66534484350598,1.6926536057761394,3.5154413039688044,2.6573413546126505,2.864555186753982,2.470199340371647,3.152901646341593,1.668934986700883,2.4303187407087474,1.7377241103560153,2.3017375569441736,4.866970973938677,5.13417079233032,6.681992216894949,3.3998202522585634,3.580169255623384,2.4786906855437385,1.957363156819389,4.961540590255854,3.6984799690576766,2.295574452914626,3.7563432839458746,4.806727600233915,3.719454889911057,3.640025678951722,4.768227263845732
4205,5.051866055590456,4.572852034874087,6.9876782941290205,6.236583190285018,3.984057867728933,6.38792457714571,7.088452712619682,5.096434274480053,7.090347183445611,5.339490986891249,2.134873050316109,2.3066689696976486,2.34392716599008,3.3196713454404874,5.095595588422996,2.8794293991976767,2.00351048624882,3.1559993199342147,3.7285752828209775,2.953379997423826,4.447661391514454,3.9914260172745624,1.6892791134373335,3.024767184411724,3.756568870401979,2.590565343883429,3.428802357597521,3.7761102597572886,2.679541960302137,2.841395590575486,3.3446430379677423,2.8770296024445345,3.3280011311743034,5.592216664972007,3.629955207636391,4.119303580221853,4.9463863639119925,4.475923182860597,5.507270420069095,5.661788731668602,4.271729849538502,4.702373381580456,5.902995028892423,7.260352814682557,5.097792298954292,6.253389645295245,7.365140287028554,7.019965287878738,6.240320412274113,4.647533021109303,1.9062642400253618,2.4353894506947205,4.827250008002557,5.67779512492579,3.0217308708973705,2.166515306041143,2.577442770116122,2.114888734724482,4.169111619088161,3.142297733912368,2.2421677802790754,2.430157629974409,5.039780900142236,5.135370247346937,2.457270011035245,2.6300124145674753,2.1000490338800493,1.3216521065893776,2.1077620128179837,3.7691976450641946,2.2889633395210662,2.1069702547373845,2.245177252033263,3.112228685219623,3.1818948088311774,3.1146761861182073,2.4481222608739963,3.87381343803381,1.6390914373053578,4.0409820465398045,3.3910143149823138,4.615566954555394,5.469372894323288,4.238681853356348,5.0301235623185026,4.020195156685585,2.305066692932574,1.6860367326679013,3.5881376203236166,4.679949323459174,3.0605436235232113,4.397273242383522,5.181125006875122,4.536714783937912,4.053795891957958,3.1749320346388714,3.9276657801535904,3.7598515446151644,1.7301131894623254,4.004857564674281,2.804683947669343,2.704456681251038,2.821871614931102,3.5017654867620998,2.0767319756902087,2.1955785895985573,1.66534484350598,0.0,2.262996366204353,3.756657178575073,2.553047716773622,2.5567851396463137,1.4500123330084043,2.196649273201116,2.329332561633719,2.177605658623583,1.7446074140882672,2.5126110358714495,4.648724259617584,4.913236118836397,6.542311358741402,3.4569319705937707,3.488213553684577,2.6610468300709846,2.427632772484596,4.036726650151923,3.4923222129342104,2.9524639258751955,3.7013885197075798,5.030847509825019,3.531704509731243,3.8357316169774296,4.9313145472479745
4206,6.392874934120829,5.835649118188412,8.787730038276667,8.13612474115364,5.345066238986798,8.229336862332339,8.967083350091702,6.972190567863128,7.6677323988887,6.057760434119004,2.2947638988338084,1.98614088337317,1.2335260526148197,4.947417151184395,5.141777646403857,1.9236169645068748,3.2996537271459747,3.722810823850607,4.4805106929240655,2.8872417300717377,4.5694065390342615,3.7728920424188233,1.3397005722472097,3.6579837842121576,3.5291149687767116,3.4295224335703085,4.37499880958734,3.799379163960928,4.711856437411383,4.74121369289702,5.091744463942395,4.597974715632996,4.566926009626494,6.714902832902166,5.0581136277324195,6.206982091907455,6.374137742120015,4.957650793072555,5.795979986341436,7.5327482187685675,5.997353155717284,5.825454214588979,7.076338724855904,8.229783344916397,6.266482644197421,7.364896962334933,8.306763001028191,8.51749814644919,6.915196896323206,6.06404407098139,2.6825684712393683,3.974532078704725,6.523557285532855,7.027664885910265,3.111351184988006,2.344667123180551,2.2657612799084546,3.3542429879289895,4.835468522216661,4.973216523592034,3.700011955919157,2.5199515458462196,5.7314548622301915,5.889097285692186,1.511282216170612,2.252448631947169,1.6001446169641336,1.5596160698813328,2.392926771219493,3.8730404523117374,3.262239188891798,1.783176676670429,2.812740410669123,3.0222320714296407,2.816144004265756,2.6507406645719227,1.666387453655287,3.497174322506889,1.7570525600009401,4.267743462498922,3.2529364270809698,4.960317924084243,5.556583706374479,4.029881055338138,5.547390842259679,4.23669181926294,1.9554849004495676,1.5753762123556818,3.5351255936892674,4.691337724643005,2.276207266126796,4.556872002359777,5.183744347263452,4.389026180593272,3.81810862294953,2.9650217095748963,3.12610247850887,3.6966377174440304,1.6090690368423857,3.402804219152895,1.5121039723303757,1.4157263672390508,2.3787313381924404,3.44885189017362,3.537400467448803,3.7059015225119625,1.6926536057761394,2.262996366204353,0.0,3.8109167714168892,3.3661384481355845,3.887783659756885,3.334817893441098,4.26671303320485,2.596108252048986,3.025746444158663,2.1473846361076334,2.4256258985746286,4.023725411936862,4.682324618956411,6.559404947079532,4.269017875513005,5.032251616279902,3.026256312404639,3.3499076922147606,5.432278824530711,3.0140046363226274,2.72264150637867,3.7025354165280286,5.147960761259219,4.756805363569435,4.416232420927817,5.3977575440199494
4207,6.031081352619539,5.165307811880892,7.154771556181619,7.791453946257621,5.9836470922699885,8.120796768431344,8.276718961217023,6.542622944811096,7.078368358343131,6.033811885651398,4.753940069717785,4.355126472544426,3.724934722281021,5.372766926165615,6.039365782707365,4.146836792178563,4.194089101055989,3.7630087931146368,4.318552158986954,3.629683340582271,4.289823301675125,3.742377922539287,3.7708447815637567,4.797911627542403,4.659854857208206,4.090288103683326,4.632221035726112,4.5692857618368405,4.799292489281203,5.237614421259955,4.897482726151431,4.559626357395272,4.3505517113496595,5.961551107942694,4.408023625973426,5.696979817426954,5.950561001046126,4.32425576088953,4.592293052069408,6.771275840796638,4.987988885104019,3.942931501689675,5.732611245390793,6.258833708215093,5.241948648141236,5.652508671220853,6.340428641736635,6.293395093869739,4.9599334431923445,4.43448037319728,3.5664534156986525,4.426249074520544,5.382002283358283,5.863118636570028,4.155123938933769,3.525483216042622,4.206907831268036,3.6436974358712955,4.378386558038344,5.018401647666282,3.948485273794374,2.443522176289542,4.696064972210697,5.130243845831754,3.6826612846580646,3.6884438988585093,4.431850887639283,3.579443381850151,4.380791626009264,3.4378118466960395,3.494441781554311,3.7203602970845804,3.2210138847042233,2.6832304026754428,3.033631099704365,3.535299756088468,3.5860697021312684,3.784646291104212,3.342421586501527,4.907397861164569,2.267866341963591,3.8508113283813348,4.706833825078038,3.9155166231902907,4.660237436272701,4.474292854090006,3.1076578873607534,3.601371164488588,3.071320842942209,3.784709630567201,2.7378496661482754,3.481456950960921,4.282829783227483,3.3578073233809342,3.197402858732861,2.7009156871459674,3.9370436168171388,3.4194512045310153,3.430829989961054,3.951792654777787,3.1257792587375755,3.7868591294026372,3.9017603119388196,3.7421750084179153,3.4278514605677914,2.9944895292785314,3.5154413039688044,3.756657178575073,3.8109167714168892,0.0,5.192630771357036,4.126150232069705,4.453591265366235,4.701823396831842,4.29668695067366,5.148218669211551,4.438086010591613,4.593753633021778,4.325417310755918,4.056078555034835,4.5277357697441385,2.7445325915128747,4.867052137603108,3.8612970393770523,3.5040217770873867,4.508199179780551,3.6866512751914295,3.294976637977212,3.0383355936933336,5.186571063998914,4.741185708155563,4.692272499201617,5.3145511825412175
4301,5.703706803441693,4.682176305007076,8.03475016898145,6.464016058031789,5.275352146728861,7.151933946288126,7.8082150903707275,6.064069792130822,7.925895371369601,5.767169363823907,2.346708609416403,2.781802081348142,4.0890232793545085,4.6759613241431115,6.182666431327289,4.660088347303397,3.353174621231229,5.132124249804922,5.44609232196772,4.735022904606761,6.5223092308816115,5.955289125209665,2.764234623889465,4.296154536928708,5.619696479321849,4.570709602934404,5.362095288061833,5.656979645159603,4.481196889971495,2.632840616793989,3.6348397346711097,4.622781276781626,4.835288870268754,6.94562189578668,4.507292894096165,4.672803340282958,5.6121475285650435,6.6167676848595125,7.345278674892681,6.245708030178911,5.913500106703008,5.965802062031394,6.73235352919795,8.772178207882245,5.561105098901074,8.123673091478235,8.392290153453185,8.165909167350895,7.606762849445603,4.734517712404617,3.512589996090323,2.69064301605435,6.096788128802441,6.943440837502098,3.966730221336792,3.7840784875234714,3.6219800866728815,4.0990109099226775,4.162834404936189,3.3352150918733825,3.1456637103220473,4.103985597411493,6.290429279944598,6.046201696453028,3.3903212828477822,3.3916610080510132,2.0509252702208007,2.3105406450676105,2.827522376226082,5.639260796747567,2.5764746246330423,3.060588658843759,3.392786080364938,5.057905823978196,4.686578685673334,4.296529604937068,3.067784582753731,5.893057065766687,2.3529830495878765,5.983578485692081,5.043836030595068,6.401700159473625,7.368893746729102,6.11291831483715,6.470230381474604,5.809245662673661,4.075837509635744,3.7087483933640724,5.302539805190959,6.727212365139873,5.0992211993667445,5.577331416693106,6.250857687323201,6.092705871728909,5.880643454328475,4.942978905700931,5.611049646298805,5.3116288588669995,3.4412789542679447,5.866408304672081,4.334574713447656,4.06542498050247,3.982300869887082,4.989626773172267,2.9265587295172693,3.582424738607358,2.6573413546126505,2.553047716773622,3.3661384481355845,5.192630771357036,0.0,4.070155576998558,2.9129573140258724,3.4095168427931175,3.269499803391057,1.4965775115234827,1.9538009309363125,3.53381560416414,6.376837602377413,6.835666555785211,8.283327020742577,4.644197355028192,3.326694051534842,3.8277845088906792,3.430374561562478,5.258281268222709,5.560944225860509,4.6620024801251265,5.506843358640838,6.420897086835745,4.988680965037923,4.793662839238632,5.694201947983752
4302,6.273010303174611,4.515977914436484,7.343065397012536,6.5422534937405885,3.6639757212679256,5.74878112898484,6.990934180688606,5.12269418488676,7.960890279195775,6.6539443133281,3.297440846760764,3.3796796542389145,3.770807269505377,2.346198890827712,5.8799051415380905,3.858298154178529,1.795786708097935,2.3715343850957766,3.1929726670738674,2.973318172424121,4.974544551171109,3.8248168975257055,3.332360805383996,3.079118006428075,3.981198124185079,1.9845233757589573,2.850906920514299,4.419638326286639,2.213501758721757,3.6999815867161243,2.710503583479872,2.2280463067886522,2.7482346082254514,6.842916134412945,4.676400466057891,4.792108053454878,5.676847626982594,5.205769584039527,6.33988627209748,5.887912620817442,3.5999698780644076,5.55600959082725,5.939192958534218,7.331620977309869,4.318644364400084,6.210229262707486,7.519351627040002,6.82096409192602,5.697349315093539,4.916168496896408,1.9964202477626427,2.1481340349376916,5.25349661366245,5.424674401996697,3.7214808026198414,3.0361722829601328,2.8574430447003185,2.1209570421197523,3.5600032657990464,2.60869260288571,1.4430272231168737,3.4211825427083102,4.907639586355008,5.014552024454562,4.392642864795169,2.879955105803032,3.977218507922511,3.419780515140084,3.197943626891969,4.755655098581218,3.649817543972877,2.96545698439917,2.2720463590188302,3.2804904812430618,2.8624555450347215,2.735639645445134,3.315110996912936,5.090495300517411,3.595242201487947,4.602826172983331,3.877657128391701,5.591528210151491,6.724189162242564,5.722118742132764,6.49825174840343,5.124382637969381,3.310163809739475,3.2600783533938262,4.2408176657180565,4.998825567112191,3.9388108998767675,3.447581875160777,4.66205735125303,4.161959761997917,4.092035663645292,3.992284046940621,5.427606587278443,5.351749391412834,3.1028963386100847,5.2623273677398545,3.788154281313372,4.0864113435103935,4.593173510215581,4.409053263667802,3.5356097894653313,3.3945968662843278,2.864555186753982,2.5567851396463137,3.887783659756885,4.126150232069705,4.070155576998558,0.0,1.6391425144562501,1.6132357190567437,2.6794227331489964,3.6910273013200054,3.3124318895422893,2.809665244507329,5.721017384077923,5.405793122241853,6.349593205881516,2.8037491460444355,3.3341271947514866,2.859187287168952,2.1158056741335356,4.137309767926889,4.018345007927309,2.978852429342336,3.3760289398390637,4.986525254737799,1.7374157719249783,3.11159596117631,3.548863376673298
4303,5.838762617788047,4.598783814780879,7.264403207003229,6.173079148769054,3.530615607183587,5.736433016346034,6.885893537489101,4.928461085075417,7.847222085473432,6.297308121458677,2.471739003929381,2.89736666795345,3.357269227748502,2.3243523414555374,5.6672289599911485,3.565926629433566,1.5821107418581049,3.0297841698302936,3.64910799795478,3.2102153216289886,5.106931084635835,4.264315394024104,2.6959931039972944,2.9906679135609298,4.085802442112459,2.3586417255282828,3.044655752394215,4.276255879845983,2.068805969564203,2.7627857766249475,2.7609445199122526,2.2318962494141137,3.0350327846390797,6.437794056437916,4.269012791534803,4.162798461901403,5.348376774927138,5.2683435319681555,6.372709102209905,5.6957030772190524,3.9229377213057326,5.456220301049646,6.284517718412036,7.777805890566943,4.938047481806739,6.589159735117163,7.931561928454561,7.186578334005876,6.554223541472477,4.801546065641727,2.129909396980708,1.8015405072750184,5.172631557719264,5.774748112013012,3.49241641294916,2.8878500479859213,2.857680892596999,2.011781803741634,4.1007723418091455,2.2893760662374496,1.6781050912864142,3.377057263239346,5.331565794482571,5.262168090976767,3.7017098803677193,2.9426162043187434,2.9945068803714805,2.61701766181143,2.664771743950004,4.815649500704056,2.9671475339865268,2.653196697246266,2.4625176995608107,3.663518773302274,3.4330410283906616,3.3104839518522025,3.087938242116295,4.970510726633601,2.8106556490343735,4.433573974793382,4.260076422673747,5.5530647386074765,6.643367304646077,5.477887451629867,6.13856989084185,4.984219908690177,3.2049378273583926,2.6722732642879143,4.442602463507827,5.395066243145819,3.9753115926394527,4.456581984284707,5.329039486882665,4.876616820605493,4.5481367815387905,4.031954743297499,5.1554618054712344,5.049047751077224,2.7525403079619624,5.156696220484322,3.671274133459241,3.6493643300877596,4.059152514263299,4.341700909033019,2.77262763712769,2.927999375866334,2.470199340371647,1.4500123330084043,3.334817893441098,4.453591265366235,2.9129573140258724,1.6391425144562501,0.0,1.0640343253242857,2.602294989103172,2.4378834444650916,2.2983814193019465,2.603776287795088,5.704236613831327,5.726180157274679,7.047366526984399,3.5008683039917075,3.125503064522952,2.8054540702525426,2.3177399121779088,4.203205172537746,4.145763701795002,3.2899818443462694,4.057329042948773,5.217135849757365,2.6081926039448944,3.5017589659074346,4.382492166027253
4304,5.73020515387161,4.405023879099002,6.66846524704085,5.651471644722666,3.727932298994093,5.339811733980125,6.470272975084659,4.649725979084009,7.901083111149793,6.3632080511204006,3.4030337675043105,3.672829507021718,4.214348484186442,2.2853585341695477,6.252281663222787,4.470583431340065,1.823314459354275,3.2515947698299237,3.683170197389329,3.865234230578986,5.492049945278731,4.810883462261341,3.5707119738882893,3.55055985029739,4.793652302930473,2.728258700381663,3.2945922203113986,4.923896553965391,1.7708905493872569,2.429060580260719,2.21857904476935,2.0305352848781855,3.220525536463009,6.319733318217947,4.054115262617614,3.545975681855849,5.266788912781791,5.55271772270091,6.550944533059516,5.195587536122003,3.59430665787829,5.347792745657807,6.114591025697863,7.615197193651735,4.774348752448705,6.449893716085587,7.719131896701113,6.836762366235685,6.503281430988091,4.52704293469694,2.60264009882225,1.9044966618805723,4.870426902262559,5.5818480353326025,4.128157474479758,3.4932598548433624,3.640550428024359,2.476853271189889,4.13682648298526,1.7804853517248644,1.656319338865946,3.9205073699168893,5.530761000440855,5.496439591353744,4.490695347087117,3.638968175917376,3.895614546970246,3.300684517839746,3.422807668614361,5.1067333159701835,3.2941182603960266,3.4753395401593785,2.819406746413849,4.08355550057775,3.9855130573672755,3.9047547138144254,3.869581849664905,5.53568522527662,3.4851600051408047,5.080361779527863,4.6317749810373945,5.805923623731639,6.918447546731361,5.929956967945473,6.362908045090702,5.475695784446199,3.9141325461535814,3.4812289576092654,4.67012664930125,5.535443028008793,4.640388408710919,4.631663224320759,5.569310592382505,5.199343580976212,4.936484020931357,4.587955485955085,5.753702188988652,5.4298497031146145,3.3565605966354437,5.644859136202052,4.439649709763713,4.538827545506696,4.658138115255075,4.857664148474504,2.9227273742013566,2.981899212202019,3.152901646341593,2.196649273201116,4.26671303320485,4.701823396831842,3.4095168427931175,1.6132357190567437,1.0640343253242857,0.0,3.2877996052251928,3.2052292743134916,3.2012544132269447,3.464970951504571,6.1455004690398365,6.00857283929185,7.137726114976934,3.5600358551607676,2.7484398196983597,3.503224307440467,2.6589183891026087,3.998761896288508,4.815661679383729,3.9136691012570486,4.466443320864061,5.711183324850428,2.650286030107455,3.941987759597833,4.6898403318994335
4305,5.485466156118891,4.933381246127328,8.016799047175859,6.667697973406878,3.4712427697359267,6.3695426986336825,7.233260949646026,5.375461940903979,7.570182735412653,6.206201508450434,1.6398106254349267,1.7076167584936839,2.783955624215793,3.2142566443151526,4.289170960719145,2.8502145344380767,2.2322702569849513,2.8851529610139672,3.686100848099639,2.954311451925932,4.712784090553607,4.025056557401014,1.8401241363280965,2.239395795194724,3.2478627073997974,2.267555471451064,3.508253684305371,4.03970729615224,3.645443686939448,4.354746235261826,4.002712529024605,3.4236950154867407,3.3474028095699535,7.290744002971716,4.9136748349002195,5.571906301613645,4.921757205635525,5.005590721272452,6.405228096385275,6.07663528318471,4.447333679661219,5.8919657434583375,5.641283983909097,7.321409864107977,4.802911182940588,6.273785911288596,7.793298515692566,7.538719398105692,5.7362713793473,5.446987605892501,2.4982154237081238,3.0617114086447237,5.4141481151931945,5.316450125799608,2.2979617673139647,1.9740507157608191,1.1049703732974503,2.460363083835631,3.577192208880267,4.013244241702833,2.3797575020329687,3.112856452567072,4.18140831691202,4.192887848176274,3.5164468399407216,1.8557562828458398,2.4749951765985347,2.5215719093404205,1.694964672907386,4.34502016422175,3.1700751379207497,1.740103877319108,2.217697291795859,3.8747009347242254,3.1806436150405344,2.2190226506706026,2.287093143665145,4.415382361775724,2.6069606862046655,4.17360786199563,3.8675012672687257,5.254482054636416,6.321117919319142,5.245032431173611,6.185654175352551,4.041395437035594,2.714691167690955,2.817483328823626,4.7014926308932905,5.6577450346039955,3.708986743579146,4.3565588011670675,5.580745891335945,4.849945317512278,4.715577194561583,3.7033336957392127,4.89716865494785,4.9809927420244415,2.337984373967572,4.942258895087057,3.303934212427575,3.3062995380664844,3.962256176400329,3.4936755932922146,3.5645714095589285,3.4986143454465495,1.668934986700883,2.329332561633719,2.596108252048986,4.29668695067366,3.269499803391057,2.6794227331489964,2.602294989103172,3.2877996052251928,0.0,2.509750257737475,1.9708129584371081,1.614682281568426,5.6510152537065474,5.73248678099335,7.1125563068738575,3.6848559967959127,4.385814938904426,1.8365464412936292,2.397941124119206,5.410096996848147,4.00829650382415,2.5901706046694177,3.955407062892601,4.27454185173804,3.0677931642719787,2.8619078011396892,3.9788629373506237
4306,5.707316587752585,5.170555085477845,8.165152740804063,6.817680053587209,4.330999857188198,6.745300643734084,7.594694562335351,5.631121630397954,8.023962680712476,6.36072222792196,1.32465551402435,2.040665910371873,3.3562588073004105,3.8225994271118444,5.327566710807819,3.7521626024322123,2.9336291303477022,4.415267064771175,4.9201040988072355,4.193016265976078,5.805502149178698,5.208146447907358,2.112458849853431,3.0936963212393938,4.468975725905342,3.7310683265011693,4.485478189945135,4.807932991602903,3.953264072336869,3.341147377461112,3.959527135211404,4.1411124075066486,4.158978284779441,7.124467406728426,4.570794784689472,5.142096410693523,5.438082249548879,5.901161113190998,6.867776647509059,6.486938278626302,5.287489840676706,6.167738938874236,6.704751878470482,8.40147864899607,5.660890322452145,7.5706353976726355,8.532733090956368,8.012823090948716,7.294177198142343,5.155202834279674,3.347468164170708,2.615730362454801,6.039479912312662,6.521639328180015,3.0185817469329383,2.884905889864121,2.684929748865332,3.2554537796889402,4.497109778102797,3.6907043770746473,3.035139191428845,3.7755101034387204,5.554718786378353,5.305302127647596,3.5525977038362786,2.791104693868118,1.8624144816513417,2.273621805209621,2.1055455143124404,5.286195117950016,2.825953140944587,2.6056094632986473,3.308032512960188,4.906679998385389,4.46494714401114,3.709762421947688,3.0161704253848693,5.299069770019228,2.3683359256569267,4.995226011597246,4.897949004674373,5.9082582866548075,7.065647392640726,5.746090325991089,6.412143309499775,5.116887298635588,3.6252807159711744,3.3177181747184608,5.412317972648282,6.571683855272361,4.64641861008736,5.567393997698167,6.460490494754406,6.002204393964198,5.648886606981644,4.504131600208577,5.316230738184122,5.296212803699515,3.0943486858209717,5.532687632819189,4.098164935282772,3.768296249867147,4.104024305306062,4.242146507060783,2.947657871545475,3.587874782526947,2.4303187407087474,2.177605658623583,3.025746444158663,5.148218669211551,1.4965775115234827,3.6910273013200054,2.4378834444650916,3.2052292743134916,2.509750257737475,0.0,0.963968720002018,2.5448673758280504,6.231021735792983,6.592212350144308,8.10352923495443,4.574225355131862,4.021013781478365,2.703817208020074,3.080990696408589,5.25954252102351,4.939473125517335,3.9602108945938506,5.101835591028328,5.529760725775282,4.278454367884809,3.7942867268152263,5.07350223849958
4307,5.814098601400888,5.391962899480745,8.310492264323084,7.176030958437242,4.476547022350707,7.19016224976073,7.962538400603427,5.963449673035745,7.903111094356076,6.247439725432469,0.6779879158781738,1.0891051259013367,2.543498507188667,3.8590035298685974,5.244027784664805,2.8786630288965753,2.4936800145017464,3.725129064491743,4.338749669284079,3.594989858648947,5.322394223676645,4.5673715217407125,1.4121022563575611,2.7118672389573426,3.9064319817520086,3.112483930711934,4.0838605596818045,4.433861555018631,3.9062892901779995,3.64957976195893,4.163055659205274,4.046989053199029,4.0733704672537545,6.942325099057582,4.439035884673122,5.395518322697996,5.579451462452482,5.38972070684374,6.259897006919463,6.707207841809189,5.242612981782898,5.884506755170839,6.703669352179875,8.223327880484831,5.763126619005586,7.208650698604916,8.407121015353841,8.03985658146116,6.988763771923063,5.197427948178926,2.8905294544531444,2.666833311151328,5.997011710779275,6.466263786539508,2.3150437647672453,2.066465893711785,1.9137200386497237,2.787682471613287,4.4003615252676545,3.9004797051988493,2.7998656077405193,3.197685173718304,5.276326633283845,5.264117382666585,3.016988511766749,1.98069830803528,1.3502276907323354,1.744060637916128,1.370132559394639,4.57828120192775,2.536086617733864,1.8182737896933607,2.7484444429720463,4.248249058262684,3.7753029867132533,2.9078926638144234,2.380059101182875,4.638841047436919,1.92374108893504,4.62163169449107,4.21068811669102,5.336259079263497,6.485492926291523,5.087046709490329,5.973948422296167,4.7316464274426515,3.0339062998585993,2.6998745748996216,4.798463625876325,5.941714024864139,3.800718723738358,5.101609558234241,6.085159835668222,5.465785522535403,5.058901524515672,3.8094854624571846,4.685357310248382,4.70736110023671,2.2549283220208176,4.833982670832667,3.2655091616792213,3.0600727309347446,3.5634580581118986,3.8677815224789724,2.8055431576457996,3.308959794210345,1.7377241103560153,1.7446074140882672,2.1473846361076334,4.438086010591613,1.9538009309363125,3.3124318895422893,2.2983814193019465,3.2012544132269447,1.9708129584371081,0.963968720002018,0.0,1.723977293269255,5.595795918339317,5.980156996312814,7.565382926904917,4.251515483710251,4.156987787110645,2.2916950368883735,2.7969192603512294,5.259066270285198,4.247224096207222,3.1635934900547564,4.465071440437074,5.300170166304304,4.031681114198983,3.63274261435008,4.994256426552275
4308,6.575749113372266,5.985904193073712,8.9117646873224,7.878277351337044,4.200742195982857,7.2718524744228175,8.295875324134569,6.307090768837448,8.339415602821974,7.027574971196216,1.3109749033231826,1.4790804657886567,2.6181434597179125,3.60505119615897,5.24503892483513,2.396106026865013,2.565410658032996,3.128678265644569,3.9715329650038154,3.123326862170945,5.228825333944548,3.974934265835914,2.1026717069263072,2.3726481173203724,3.1829711477058793,2.564417409164109,3.7182015292029784,4.249031119199511,4.019175675182422,4.838970537791431,4.720201135684748,4.078210783805503,3.93644428679823,7.579673760301468,5.259849879408202,6.3383615858430495,6.112561812409779,5.25205432416191,6.269172302132119,7.285795595411476,5.1223324442214615,6.4501473544506425,6.876099802623786,8.233294821144014,5.866616881012951,6.990407743699744,8.62703311256712,8.17739453830805,6.64618109089463,5.964949605845537,2.829333446227076,3.1026267730928248,6.474880301213332,6.336004923416613,2.144191127889455,1.9344029781549958,1.0504112742805227,2.4546646690583254,4.4911645234453665,4.447461646996285,2.9144775751324086,3.4645341772389426,4.939172117676122,5.108800878601982,3.7310608049843115,1.5093836625190287,2.544654642353506,2.7970754151494375,1.470504503356555,4.573402705726849,3.5358996082564906,1.7297269362948127,2.7409976435393744,4.007078212998431,3.257504489231435,2.0071484748547053,2.567081487715698,4.586342235854812,3.0822159263841598,4.2301672005989355,4.120472620391003,5.429958702423448,6.656779521325715,5.30342021848766,6.4596495354972445,4.736318277342374,3.103552582687429,2.950768575711666,4.948419945936433,5.831307017899396,3.5704226447680423,4.6704619919206065,5.881247098096926,5.080736709737783,4.8426816824933745,3.6959019888896916,4.909690569394408,5.186630665095105,2.600106612818059,4.88059806967368,3.1750232005353953,3.167283958201197,4.125210815600872,3.982735051358955,3.876851477129934,4.072094463267292,2.3017375569441736,2.5126110358714495,2.4256258985746286,4.593753633021778,3.53381560416414,2.809665244507329,2.603776287795088,3.464970951504571,1.614682281568426,2.5448673758280504,1.723977293269255,0.0,5.62425657077443,5.833414525291306,7.276419335106434,4.157872916350165,4.90854532013685,2.0010661878128158,2.883353952201201,5.652636958470378,3.812561555824926,2.6461842467756895,3.8861448930610143,4.9040360931545335,3.2894074544310645,3.1104478508974975,4.2343537489254235
5001,7.058073898721852,6.979536855852479,8.058603146813859,9.648541689203196,7.002271085947492,9.392641819283496,9.950876747044079,7.989241380982213,7.390049214960466,6.301797382202892,5.822434946092863,5.485705411499275,3.771363172400934,6.830096839001253,6.307377779843005,4.079711524338661,5.7941715829601925,5.1430924188063605,5.726299940768706,4.341647885766562,4.245110774856061,4.388976057247892,4.554716379616769,6.06496940309055,4.797143405800859,5.420055086092056,5.862049111780399,4.436789926942544,5.865343492161419,6.701665318187921,6.716423620015625,6.015994557426198,5.786393863459755,5.1859890686061005,4.966620858019272,7.225594654728165,7.754604748435089,4.188249776734298,3.899749502708322,8.762701627279046,6.738319248881813,5.742284309727237,7.44619892483533,7.180406536249951,7.327991880621316,7.196505910790138,7.2828286742377735,7.799470181282428,6.94940221570699,7.220625015016223,4.463158853897109,6.217162579184457,7.2582551877130825,7.3927875269288,5.694693516012905,4.584012972943508,5.3670613471942525,5.022097533041388,6.881190031939297,6.950520363891017,5.950975072205726,3.685722268312282,6.78997119275522,7.497502485025947,3.385008688582372,5.44933612020001,5.3002806809202285,4.177627755278402,5.2857735840608715,3.186193035423584,5.4888141824538845,4.973194981416664,4.856488756774605,2.9354721560238843,4.384820459050578,5.214158597683073,4.798055920770696,2.6813906534675485,4.4938001290557645,4.53897054467619,3.241313945165437,3.8967410238829197,3.551616964862645,2.5085461075762328,4.581366451667218,4.323548412895684,3.4612274684697546,3.674305908535896,2.241244184872339,2.206586324499652,2.730224922721177,4.938830408018798,4.954729713129636,3.8190441201791265,3.511484678095291,3.055306160178883,1.3441310696759523,2.3911522346680205,4.020221297383687,1.218402581537452,3.568957328051275,3.5546477609995195,2.636312365129686,3.800331093876492,4.905063663033863,4.814100623261479,4.866970973938677,4.648724259617584,4.023725411936862,4.325417310755918,6.376837602377413,5.721017384077923,5.704236613831327,6.1455004690398365,5.6510152537065474,6.231021735792983,5.595795918339317,5.62425657077443,0.0,1.5049897138248816,3.8504631248636425,4.998145275895094,6.92024067808283,5.490631429046215,5.623676126978723,4.667748880333048,3.0120499243813112,4.82841457700021,3.4441782273882047,6.333014200225762,6.5123930329670845,6.485583641822025,6.923757276949134
5002,7.144664740993997,6.56129391989551,7.605947774966337,9.484326757919654,6.653534490607099,8.833224852750396,9.462264074833646,7.536717086326902,7.455065403896421,6.674794102668046,6.180917356937335,5.886379732728693,4.221870682082291,6.460440924825713,6.188867992964165,4.486014193578947,5.779505757516362,4.906844731779585,5.552734346591003,4.189088227881624,3.770287467220489,3.8827258412264327,4.941506913537816,5.970700373835263,4.6349231860325695,5.225453821488323,5.485268686259097,4.215167471784101,5.516518388458839,6.829551912041751,6.398667304290624,5.603459234270045,5.201155673818578,5.383384357688979,5.075318823422544,7.183122398164018,7.681440332433678,3.891744347592167,3.9014297572572643,8.524784785290487,6.078852213973152,5.522581046418489,6.869350199945471,6.297418697985908,6.657084408756741,6.605088094671671,6.642399217265457,6.927183251669288,5.991436140953269,6.949011963260936,4.345322186679022,6.107375885498887,6.924850080959292,6.748368914512612,5.90148472161609,4.76876708119661,5.499673218540689,4.889608668262621,6.506514318098543,6.742630127381826,5.773000800913708,3.5651606265164646,6.25802881834678,6.982325896086267,4.22078502908813,5.538251000055245,5.908732640846397,4.695082246718264,5.631195404560564,3.349247653985667,5.76946336907897,5.2669374067416435,4.847071838336089,2.612090928534217,4.088036082859184,5.083224537289696,5.0922293980471185,2.983694788191878,4.918024578768337,4.361924864252135,3.045217549485658,3.9133785943326256,3.7292649677278638,3.069903724023383,4.913445954812823,4.2734625661620305,3.5225132517326143,4.055768027310835,2.2307363040340307,1.291937564161214,2.951221735700976,4.093685539508608,4.283588057464004,2.838049407613775,2.8663883514282342,3.1148477150215923,2.4389749445435855,3.1009367023174272,4.416854911352835,2.112503440673986,3.8969685366767206,4.177518224319195,3.622681028041115,3.655321349905959,5.093578226739421,4.842377364327625,5.13417079233032,4.913236118836397,4.682324618956411,4.056078555034835,6.835666555785211,5.405793122241853,5.726180157274679,6.00857283929185,5.73248678099335,6.592212350144308,5.980156996312814,5.833414525291306,1.5049897138248816,0.0,2.2392226702840916,4.304378991703058,6.756258454581046,5.313443456814289,5.363892431588807,4.014413296713114,2.801681469842522,4.690779134671508,2.697221320259752,5.797257055012691,6.002255147263596,6.040668835326795,6.218938202290241
5003,8.078871018089194,6.902914707834545,7.784932190852039,10.258469550501296,7.673732557604203,9.478074756531356,9.91303821848724,8.193626969101967,8.102053872433183,7.603851423889978,7.743300018985703,7.491395384431214,6.15111883661231,7.525068411163086,7.434764318678662,6.295173525040682,7.159787092932107,6.054072281846652,6.591163269456373,5.585009112114115,5.172943344034157,4.966893677687213,6.662016053316469,7.371518504694929,6.164722756986583,6.598593977580027,6.791373154746421,5.7764785209347425,6.70460428226405,8.047656425856049,7.1749260432746915,6.705754649402613,5.9779708106793255,6.242683775740902,6.110083312421062,8.044995466781197,8.470407932724811,5.104422921313264,4.826793355963668,9.179611107357157,6.638908806023485,5.875071818656616,6.94967441587499,5.968881623569541,6.782384805820381,6.895966156850941,6.207734239143017,6.3639090050313625,5.550636650404367,7.074213423014449,5.666731525877692,7.008693279524293,7.593985703457617,6.890267585466911,7.11995187804857,6.243587598944881,6.892376732664972,6.057701918732156,6.970380703562832,7.5610465222149195,6.769770743213552,4.8795087187976645,6.499464779026483,7.34455782341651,6.131336252712613,6.768359757037237,7.575307862150633,6.4330351531455525,7.128067558896124,4.768976532068268,6.861857488740221,6.669570700044988,5.979571017761258,3.9098155394279317,5.085488859784792,6.11070768978328,6.451889688012927,4.71845532118403,6.510474547154567,5.726698611449033,3.9779434954183897,4.882435093488783,4.861978381047322,4.761359368278297,5.883023694821309,5.639627449130813,5.190884956598197,5.944331902279725,3.8396140885268895,2.712032622939898,4.605999254330509,4.240097397185201,4.546861062480732,3.2601926941716246,3.834107966195439,4.338449247879353,4.662068695077824,4.804806255486062,6.223932275481147,4.363585049041431,5.544718332673287,6.064698588200377,5.66410115681963,5.044640608552749,6.254261892413767,5.919452709632831,6.681992216894949,6.542311358741402,6.559404947079532,4.5277357697441385,8.283327020742577,6.349593205881516,7.047366526984399,7.137726114976934,7.1125563068738575,8.10352923495443,7.565382926904917,7.276419335106434,3.8504631248636425,2.2392226702840916,0.0,4.530640432118004,7.499589634031202,6.421572122415035,6.255487891930462,4.425247778907153,4.414385362142902,5.904246867556691,3.459351290019206,6.552607867235675,6.721410897912757,6.786084169329698,6.542777519142434
5101,5.875852724407627,3.4981356115446007,6.704245418573881,6.9506958267920105,4.779361821297498,6.72949597026109,7.341039620882833,5.531710898029655,7.2942107248771375,5.936961402083473,4.420585788142356,4.357557604413612,4.227731652409362,4.2176054290701,5.794775682403201,4.466545451863853,3.6692535375731987,3.62724867524318,4.213460745631537,3.3180727017450624,4.742012838146927,3.85192204330332,3.9335715458796714,4.47268914620031,4.708326112810426,3.7689799552801135,4.3425019373049,4.61248826284238,3.86556999624707,4.439385821586297,3.2664385346397,3.6144434289854264,3.2093592049109376,6.152834283385462,4.201673452123727,4.964103993432706,5.584041413413704,4.949091295079706,5.681143000307391,6.093221341900468,4.124776606283441,4.491658025268998,4.944981603749034,6.1755298703399415,3.5451319700712065,5.999769059129626,6.059224185172538,5.643588906986449,4.378291847386157,3.8764080105209633,2.4835868018013403,3.1267751256660445,5.1319246919012995,4.905453488343138,4.238163962019234,3.6883764695595795,3.8571223717072733,3.112890872624895,2.9015042500665986,3.5417435685717473,2.782144253106642,2.9173404891757437,4.3270313360530475,4.624194742414614,4.1295104908061795,3.5526783801453847,4.41247659424924,3.6540044493146207,4.0110137025777375,4.108022490150166,3.303758633685901,3.3845937729570457,2.4766124786639336,2.6240437114978543,2.503519375299666,3.218275922203707,3.235371964521006,4.578443587312191,3.561037027792332,4.751266793272195,2.6274319341221655,4.706268101493664,5.731060748411113,4.952855929448407,5.573926878315628,4.663889080798252,3.078093266544582,3.663715861945054,3.4002062531272053,4.088459663107712,3.5227844964073385,1.8885623150571729,3.4039480669934004,2.662382048215761,3.264470082538664,3.0836213980485794,4.858786018064482,4.449398284140228,3.6939052284287555,4.823372723848146,3.623455850130294,4.2208762706318375,4.292223300078519,3.8094666017887655,3.284533407241146,3.000654678480705,3.3998202522585634,3.4569319705937707,4.269017875513005,2.7445325915128747,4.644197355028192,2.8037491460444355,3.5008683039917075,3.5600358551607676,3.6848559967959127,4.574225355131862,4.251515483710251,4.157872916350165,4.998145275895094,4.304378991703058,4.530640432118004,0.0,3.4406937973745597,3.244601396073072,2.501776708539405,3.2755533397508354,3.7989111346594875,3.361735360625942,2.4400220151035974,4.795206713186183,3.400634064735171,3.7318110161940727,3.650078071568553
5102,6.233795529343188,3.3104790297376376,7.127465403885402,5.628309471027783,5.704938147293472,6.583531006508985,7.337660095196368,5.922653905002468,8.3331644587813,6.205912699124521,4.463391444684909,4.550002054516258,5.3984202804428305,4.478330929910293,7.4607143056634415,6.0100016699259795,3.265677773862593,5.042605742946063,5.210370096470548,5.05091497853536,6.820350029924543,6.11118950469608,4.499771563008858,5.264945222891744,6.62904405858335,4.656106318954769,5.179252106139334,6.40415747622093,3.981248487711968,1.900866998018787,1.5819261359404997,3.8227065824843085,4.555981458756301,6.995836928476268,4.724911402257489,3.6827401121129366,5.939582679520055,7.182064696776848,7.854671155693252,5.3861527548259165,5.328003637129589,5.505271494559818,6.239409062311294,8.369347147652134,4.456697779105576,7.906926963417901,7.704525544494582,7.347486640137921,6.876602771696571,3.9309145391418525,3.3251763132014784,2.4667428579471293,5.492777213465186,6.600718063851409,5.486951127320427,4.99232763938397,4.937891805926274,4.541180653795554,2.9904310372670375,1.4357422738475192,2.384126077578876,4.532948644151995,6.627103634149131,6.411923160504983,4.818237190511776,4.417859405124515,4.2791504960982385,3.791290638652731,4.592568572368538,6.192977056355434,3.3681835768794977,4.221497541882881,3.2973791611960532,4.796871902280047,4.396045470797258,4.74192057719204,3.9251359936262795,6.875278989105034,3.701650258094356,6.955559318792066,5.1102745849714415,7.037995354249003,7.937371013308432,6.993473265889892,7.126401671845999,6.806253434971722,4.717814919373363,4.526641275200371,4.881479368178745,6.191028056285733,5.676297259772901,4.360159205780009,5.274801973208292,5.367386880397376,5.399027703357048,5.534342107213282,6.627900339710423,6.002452882052575,4.2314847551356065,6.667604724418194,5.002584278963029,5.406397127963924,5.197113341758131,5.936456323091839,3.5423122425778395,3.6801191568593996,3.580169255623384,3.488213553684577,5.032251616279902,4.867052137603108,3.326694051534842,3.3341271947514866,3.125503064522952,2.7484398196983597,4.385814938904426,4.021013781478365,4.156987787110645,4.90854532013685,6.92024067808283,6.756258454581046,7.499589634031202,3.4406937973745597,0.0,4.771626174188888,3.0672350197312377,4.462356906607916,6.039212252130521,5.014511326258344,5.326365906732095,6.885651603810826,4.429190676413734,5.177307644967573,5.505290823174834
5103,5.984235819974104,5.211446469015441,8.008499066244285,7.442542279758047,3.385736014313116,6.3908652111428275,7.390205898092161,5.292723037166312,7.801557862562334,6.9327237006827,2.2284861008853354,2.4329507261462,2.61289242482982,2.928607654737017,4.046861092778951,2.59063491092283,2.7105163430512613,2.7986393524860573,3.779371028266365,2.696172354469826,4.0197186035069015,3.1425122152550844,2.167054924744898,1.6726216454095755,2.5018587559502343,2.1817880252778408,2.913936083321296,3.320459515409494,3.521685510006184,4.765929216640562,4.282787802833313,3.3341747520201945,2.589409115048204,7.31326244338237,4.803536987472771,5.956755608408088,5.426193942522867,4.469731936759881,5.836099426492818,6.7401273469329155,3.9728968798637987,5.815216113968479,5.8527993483563625,6.922475589148089,4.8553413576996975,6.121178974379516,7.7822108530974,7.083719211747507,5.530083636622776,5.310343668215718,2.925430305192339,3.0385243239769752,5.717660270604144,5.301393383246171,2.1284945329677054,1.8147766666072966,1.55669581081735,2.0597283839756457,4.073373868176075,4.266739948853743,2.7627459086404835,2.6682251806356536,3.716422437131445,3.5823003241454994,3.8535659780591005,1.9640821019164205,3.1188679268846244,2.9835243289888824,2.341264624023647,4.349029309507918,3.519164760304241,2.409253098725263,2.8214950279003794,3.690649908689676,3.094540498594947,2.115341823885636,2.870386229189362,4.071869809699268,2.9277592731942086,3.344617367237075,3.6875382412333315,4.8106666213910465,6.13534053001908,4.9632524049464175,6.096706929730263,3.8109845375932685,2.5714980362078066,2.9822338712460317,4.753369208701176,5.405882388864364,3.386641996490419,4.124460166278357,5.371775215456332,4.4182191694749635,4.197265707525607,3.2727734187019033,4.655277675494998,4.965511580657402,2.8919541992291635,4.7975607859084,3.3622216487138474,3.3596025162825276,4.263844819261169,2.799773847623609,3.452829327308188,3.534914202923266,2.4786906855437385,2.6610468300709846,3.026256312404639,3.8612970393770523,3.8277845088906792,2.859187287168952,2.8054540702525426,3.503224307440467,1.8365464412936292,2.703817208020074,2.2916950368883735,2.0010661878128158,5.490631429046215,5.313443456814289,6.421572122415035,3.244601396073072,4.771626174188888,0.0,2.087662520969063,4.8945435513809565,3.4165885039962003,2.0522317614583003,3.25736159876425,3.3621967720900847,2.7378209132404883,1.5727008551925006,3.1417953155481317
5104,6.058174890022039,4.11629030811068,7.640753367635358,6.535874299406659,4.063588805144829,6.140703563540619,7.246744199171562,5.382676526850301,7.91755052026257,6.695623839873612,2.9217667743311253,2.850560542812844,3.261574151826442,2.9874053473835414,5.253573963314747,3.6860836724827326,2.0226442199637895,2.9887312045844627,3.809992255423178,2.9221875028697655,4.534032326870684,3.3771625792262703,2.598392226086234,2.843385730949823,3.9133886717748663,2.3881297188468205,3.068543745050126,4.025742893046426,3.010991014473127,3.448866869970194,2.7819316298079584,2.593349238164447,2.3735226780026064,7.203088949412833,4.8397100613618145,4.997916813337214,5.537159872031748,5.351458893446996,6.5813730781022075,5.9567549905304675,4.156578567190379,5.292771440288911,5.589240527617396,7.2484046176646295,4.30175322509397,6.63768492267668,7.5832993519137055,7.009633096253113,5.528026916334583,4.679490393387109,2.2984472640465246,1.887987396906212,5.312364371920429,5.591026437958822,3.6136014422430756,2.9604266684139584,2.6140577756926895,2.7536245016694285,2.63874184956226,2.6387491385000956,1.4591122066320932,2.3115592064018915,4.693269400201175,4.354172246379309,3.8517546816240835,1.926039744170729,3.2314066966175514,2.727640156312525,3.115336253428643,4.843885165269533,3.293665553620622,2.6867603070560566,2.235561191311067,3.277049735798823,2.397356479772955,2.0802975347179893,2.6448693874255236,4.946085238506208,2.4767173536362774,4.707554478041343,3.677280986775137,5.665363918586707,6.712217005223394,5.645217302524329,6.520461317504332,4.81542361972133,2.7805442426979274,2.9349995193947054,4.035581764663498,5.01264964137999,3.782094178423959,3.1367781375455643,4.500182955464,3.815339201439854,3.6002738162905805,4.009626424891888,5.0886366385645045,5.188069780789351,2.707110535610512,5.207961353622938,3.1150717961569776,3.7388793611079296,4.351579653706141,3.8713707346333788,3.3157375436376944,3.334489488956902,1.957363156819389,2.427632772484596,3.3499076922147606,3.5040217770873867,3.430374561562478,2.1158056741335356,2.3177399121779088,2.6589183891026087,2.397941124119206,3.080990696408589,2.7969192603512294,2.883353952201201,5.623676126978723,5.363892431588807,6.255487891930462,2.501776708539405,3.0672350197312377,2.087662520969063,0.0,4.180050958925278,3.8277072614354672,2.2003558287502702,3.36499895512995,4.1250055327660355,2.360425963425028,2.4020181935302163,3.5573035085950666
5105,5.780494331400787,4.246472881414639,5.47202208307415,7.103715689954009,5.255698975496202,6.493170389000586,7.236222127434008,5.375855926972571,7.195816357978194,6.000332114939501,5.62678831784728,5.794294384929092,5.173586002972041,4.835374166479755,6.494430597371287,5.60093074792629,4.881125118544078,4.943014097345435,5.3338645905148505,4.798632070106043,5.0889181417672775,4.930885732555218,4.911392163876857,5.557965219806851,5.53293034721943,4.975416094126648,5.190099189640793,4.9263469122416526,3.7002132707945705,4.478092829408831,3.9629219090842676,4.091385944247145,3.7035006821615757,4.6328684426459406,3.435692473699639,4.577019256869874,6.182664084665411,4.902221767730189,5.2476829402953555,6.344603530811464,4.353901230187604,4.3608250838412115,5.518820463701241,5.992530161738132,4.936627526549081,6.456547666077339,5.86784722736079,5.025568329903268,5.741352275802526,4.498485427601306,3.916613286301072,3.94652069575806,5.49238956594089,5.425178997891106,5.775160150383575,4.88089746985933,5.497417633310284,4.024922210524122,5.0797561535226885,4.2273545449525844,4.273962175957113,3.7344828365147236,5.814351349689276,6.05749003506617,4.853487204040279,5.438910049756071,5.630889050713279,4.356386992579668,5.28354076132677,4.723392861440655,4.5697466959002435,5.2838200437745515,4.389289217325382,3.64689302901373,4.656426242474018,5.266373619229377,5.191907877095585,4.908436738764879,4.517503318082682,4.920264113879312,4.078566245634933,4.943256721233592,5.569563561886939,5.013588408106998,5.339138693904766,5.15880270548291,4.209970915001722,4.5059438721188405,3.6964653049203116,3.858823653500741,4.675179066490445,4.102980149301182,4.48075372805807,3.8659160547419975,4.025374819179766,4.261960715919141,4.84880218921517,4.495280644401935,4.825397805075158,4.703219443112456,5.09622404948588,5.219392220157672,4.563632471932875,4.382799126828681,3.465020908179024,3.5616317408469222,4.961540590255854,4.036726650151923,5.432278824530711,4.508199179780551,5.258281268222709,4.137309767926889,4.203205172537746,3.998761896288508,5.410096996848147,5.25954252102351,5.259066270285198,5.652636958470378,4.667748880333048,4.014413296713114,4.425247778907153,3.2755533397508354,4.462356906607916,4.8945435513809565,4.180050958925278,0.0,4.412623047449466,5.2147681248279705,3.742827683935398,5.993519702027762,4.603887202697879,5.157533020569126,5.305664457025758
5201,6.952230514134851,5.965582241476242,8.387858220921862,8.835901876120907,5.091236295153372,7.794511142005064,8.727194993272882,6.6623105583888504,7.529054398810654,6.679022839249482,4.396081905903479,4.309069341296424,2.252471678636442,4.928426381220307,4.836578695199483,2.2485753826154626,4.424157769196246,3.644314082993522,4.6348343832933585,2.1023977604823636,3.027022194947188,1.6953105850631336,3.2611641519354153,4.105841366140931,2.415024248782927,3.519918039996544,3.7800190789283854,2.150237501240506,4.358967205110231,5.991489613100252,5.685198389573925,4.359967392209811,3.65902224533386,6.399632634496233,5.563744131352844,6.815521123752555,6.934832920441201,3.549490280030798,4.877428889080638,7.978835506663531,5.270870589703245,5.475676951082996,6.751028096339303,6.825311466812099,6.014040595825437,6.40252253770714,7.430540014626282,7.306843991291405,5.745556392255248,6.444748852589281,3.0987596393280885,4.802914537256212,6.3913337525355685,6.471442669824001,4.373043757664938,3.3761507787369536,3.6560064096946694,3.385318001880523,5.57810955586389,5.731062693807078,4.5772062496475545,2.2329072069252924,5.272996811482235,5.578819541824183,3.3209592728643913,3.767729899708579,4.386355462276518,3.6881526657826127,4.258419796257999,3.7548600607515,4.9867232111848265,3.7112761422293286,3.9815555623765566,1.9154765676578405,2.3722669089741943,3.2671205430013956,3.5891366768421444,2.5567663697418284,3.740981580392836,2.7793079842913846,2.80604242751695,4.426731625678368,4.712693398263069,3.5548740737926106,5.39568895084791,3.518708905401681,1.8898879137543774,2.3371992580760903,3.0710527853477405,3.109641155646783,1.4307680166205705,3.589205744969878,4.034179609271266,2.5511487218800717,1.8983011771864367,2.5664292834231537,2.7155738997344354,3.8823367566619216,3.3148033201000993,2.809928375269543,2.200246714919894,2.4462758422630686,3.5500482452444864,3.1708603799461264,4.540662784762249,4.3650645196633,3.6984799690576766,3.4923222129342104,3.0140046363226274,3.6866512751914295,5.560944225860509,4.018345007927309,4.145763701795002,4.815661679383729,4.00829650382415,4.939473125517335,4.247224096207222,3.812561555824926,3.0120499243813112,2.801681469842522,4.414385362142902,3.7989111346594875,6.039212252130521,3.4165885039962003,3.8277072614354672,4.412623047449466,0.0,2.5628473402302405,1.7886471853359542,3.965793298961762,4.379498552696551,4.187124819284168,4.6715689531281
5202,6.702825709447206,5.586735328110664,8.558467337341016,7.899485075737181,4.436456819970595,7.059709841445647,8.106271403639534,6.21220905461259,7.891539554756984,6.968164471137027,3.1826553835362676,2.830411524590378,2.091910316876273,3.7082433852959586,4.7513638037898644,2.2505161472965436,2.8207380010125154,2.5691458149568733,3.6907911433001335,1.6379293761740907,3.379536207652731,1.6818476886062983,2.4228243760541703,2.476081605874869,2.382026156658313,1.9526150613130149,2.4561353039183427,2.7566190570239977,3.704202246406572,5.123727309578466,4.687334985954329,3.440591689635033,3.005525381301085,7.486669718971724,5.615579571058081,6.362005886904399,6.23199279494785,4.380384914704546,5.886639686454811,7.15281136609935,4.680943554250439,5.69356607127656,6.331240125999586,7.308253979927255,5.362739642102807,6.234916312146887,7.985633472919003,7.624311755250447,5.640525416288058,5.951978816212267,2.7184817389883107,3.683644206850943,5.856153511678979,6.042568158968062,3.3537259925995713,2.6675081756352164,2.348761319368674,2.9596558753008715,4.2781901362319354,4.625647347403529,3.1178516730641497,2.0549477480569314,4.575154501080713,4.585539496898914,3.5074742690035263,1.9256616141503444,3.480125243953314,3.151527175822202,3.2394117272209284,4.301367305993338,4.2468427659538985,2.746497765256601,3.095536246724683,2.8065525741728323,1.8666240005515868,1.7270114852234355,2.8107671586485856,3.8982772601126854,2.963653824159583,3.6829508121381953,3.246222964763858,5.125653754696259,5.970841786657593,4.84953991183997,6.224705297075045,4.049148553099406,2.0489081583983437,2.3299234373680706,3.8557562319061565,4.514179658522968,2.4891409590669813,3.46897612055314,4.547174432723311,3.5185421401339996,2.932681246689096,3.4228863315407123,4.201615821109474,4.8032814125220336,2.589620667002564,4.3908757748571,2.087183788896521,2.71158817624493,4.083214775639996,3.5471420370256883,4.267372415974745,4.10265713181624,2.295574452914626,2.9524639258751955,2.72264150637867,3.294976637977212,4.6620024801251265,2.978852429342336,3.2899818443462694,3.9136691012570486,2.5901706046694177,3.9602108945938506,3.1635934900547564,2.6461842467756895,4.82841457700021,4.690779134671508,5.904246867556691,3.361735360625942,5.014511326258344,2.0522317614583003,2.2003558287502702,5.2147681248279705,2.5628473402302405,0.0,2.7192392695395893,3.3858623298642145,2.969001459371151,2.686005712162671,3.8560957136182856
5203,6.694815847212734,5.201192940868218,7.801180666169887,8.520475285358403,5.057133101587317,7.562817060098413,8.383856774891262,6.38205713900539,7.363362311578993,6.41685696797194,4.5783882295524405,4.472686696197504,3.347216037968432,4.73176853230472,5.384715727965829,3.3076824177147377,4.2875907618091915,3.4984025830073313,4.3405110038515025,2.354833024566977,3.709596835452334,2.283595006213332,3.7308598834881974,4.274531328822772,3.3127457247235848,3.6226601452441503,4.0500930211174255,3.3131411331059017,4.2146389199719225,5.766940043068438,4.96601375676059,4.229175113232593,3.417992594849352,6.222738938358704,5.004264311647113,6.463049132275029,6.666841464406275,3.794902203585772,4.722501155711025,7.552551254623571,4.736735643865228,4.988067014568528,5.959322020308271,6.261892318818386,4.95584923178221,5.98710240989775,6.555457784610497,6.357083040770526,4.754659822751081,5.513280054751181,2.8485121796335067,4.196756270708494,6.0573226516700736,5.71387081864906,4.27404524486605,3.439236569119748,3.682409873850855,3.1560533706391807,4.62814360140529,5.124433358401223,4.011982370779442,2.3555386168676,4.608443582958214,5.157594633773991,3.811584884669216,3.5530884288958386,4.710098838917808,3.87288691343874,4.170038168494282,3.527954938059699,4.554583000289085,3.664994385201002,3.428861203264122,1.5364794538452835,2.091532240991127,2.8709026353902076,3.549279710704497,3.2131273722245357,3.9564415422412367,3.489254678918104,2.174173001303361,4.172624281534993,4.841770796681398,3.9176193042616045,5.289555606930824,3.9177372792313805,2.404945031216517,3.1904482444575994,2.930352523776505,3.02205225503768,2.026233565085561,2.197431562930777,3.037850747243198,1.4419183064001977,2.0274260352033737,2.2955625059514833,3.5359230897096587,3.922443672263776,3.646966948908415,3.4075111687386097,2.7903752705625506,3.2557797338771395,3.840350826334914,3.323228010105143,4.198289234546891,3.9618240961187463,3.7563432839458746,3.7013885197075798,3.7025354165280286,3.0383355936933336,5.506843358640838,3.3760289398390637,4.057329042948773,4.466443320864061,3.955407062892601,5.101835591028328,4.465071440437074,3.8861448930610143,3.4441782273882047,2.697221320259752,3.459351290019206,2.4400220151035974,5.326365906732095,3.25736159876425,3.36499895512995,3.742827683935398,1.7886471853359542,2.7192392695395893,0.0,4.240710980645517,3.835662828096966,3.790949264826016,3.7900371188953175
5204,6.627124065684947,5.800974173983251,8.447134745367732,7.799644142198223,3.765885176530995,5.940767836860129,7.01860881972452,5.334547332576431,7.747610042027757,7.5914797364565025,5.255250883335774,5.357725798908442,4.299575238145134,4.314969878766922,2.707747902385043,4.2464927539822925,5.20844983751689,4.452137191301257,5.403348368216141,3.307756354061548,2.987579335538244,2.850097232757815,4.508595524040401,3.619753524835792,2.875627363903701,3.905854744538434,3.706747096670742,2.4746015917996784,4.64775158461434,6.79858448965049,6.046269613686994,4.299349782530985,2.836886282479443,8.443337901659596,6.999922693289828,7.311825636148405,5.91984722745804,4.574261069875056,6.921393567724572,7.1077186299948245,4.481527787842005,6.514714059152026,5.635629706882751,6.105770003280769,5.143988627164684,5.90436441323983,7.820499417422994,7.102927770011072,4.977952025795128,6.9701413735191675,4.9057244287500605,5.573332879456595,5.895037888265659,5.254548395282298,4.924932174168682,4.582768949677055,4.325718805418948,4.358565048739934,5.5954501782266535,6.28918239306738,5.189935449569126,3.7790573954909963,3.986595054523951,3.214588342526886,5.529668164607677,4.671396232536209,5.695530354779607,5.41755452255857,5.347836379473929,5.872691210706481,6.214594508547916,5.155400926507792,5.401109108311877,4.787188109657932,4.458192047599788,4.39854274963688,5.195067408263148,4.595204086506181,5.084226902322431,3.267000863053187,5.059424870817596,5.952127843067768,6.554145420322534,6.004619132274146,7.188389591976281,3.576857129927307,3.724849094183573,4.477553318052553,5.9419442999801655,6.03412869157189,4.60632169432366,4.996737288695923,5.5822338526188275,4.663662569546562,4.381769196096871,4.981907733253404,5.58991229818599,6.431903945225042,5.170036632859891,6.001412025347763,4.817011035872175,4.78329791673162,6.032030923487396,3.97861365715164,5.849119934382472,5.551482887852003,4.806727600233915,5.030847509825019,5.147960761259219,5.186571063998914,6.420897086835745,4.986525254737799,5.217135849757365,5.711183324850428,4.27454185173804,5.529760725775282,5.300170166304304,4.9040360931545335,6.333014200225762,5.797257055012691,6.552607867235675,4.795206713186183,6.885651603810826,3.3621967720900847,4.1250055327660355,5.993519702027762,3.965793298961762,3.3858623298642145,4.240710980645517,0.0,4.030522267155739,2.950745698998701,3.7130715108464765
5205,6.498861883178044,4.939659047099134,7.502322637399653,6.600825947855497,2.8767554823432624,4.975239352823956,6.44804871809496,4.642638416207051,8.239209271516977,7.510684930719928,3.9008324710800863,4.116695711207834,4.359961743756297,1.8659978584766974,5.402264361003884,4.267411883173766,2.7139127601656776,2.6992308295976466,3.5872985824752184,3.350834016201378,4.8294023313025045,3.627409109439978,3.9816813306663343,2.867752998188987,3.7255343316028102,2.122641188617808,2.6664836742075493,4.268814779395089,2.46176751125493,4.705135721033254,3.622910496472324,2.32271705920473,2.028641239205724,7.6582488269428195,5.540469355143146,5.459784306559038,5.643829078339976,5.2932193279030715,6.847322632497916,5.952290133683236,3.1306574251711123,5.99426709218459,5.668303793967855,6.988593431386878,4.407915965210662,5.935895375310629,7.706749759859888,6.548749262804606,5.368560726580265,5.447629768755787,3.2872104029898663,2.789775689662098,5.3659661299988946,4.939310523689641,4.047274193738041,3.57060823951229,3.18906445634421,2.5624246380697877,3.9115468248594154,3.391062609510675,2.408357029389181,3.777756589000793,4.337151937462243,4.113954338315635,5.421959259206697,3.2673144344158835,4.858880770339649,4.433256134462191,3.909617615167119,5.42168345163032,4.704473233368993,3.883460779935477,3.474773579347897,4.111700912467652,3.573794456148922,2.967443870920038,4.3166875685130375,5.478858025572759,4.441464787336425,4.416782424613563,4.676470876509342,6.01985525167424,7.214225362092449,6.3868322883815765,7.164171200808708,5.120163491789417,3.9535877438545923,4.0818732399270825,5.296159467907647,5.7006387400562,4.618315464746516,3.9366222905728874,5.230356293123426,4.575010298061389,4.540936057508346,4.739539638077587,6.140996739556247,6.315375612003582,4.100418485453227,6.045066695594345,4.580163417124933,4.861612058031984,5.662922215490936,4.6149849238961655,4.497661957519926,4.322442663555965,3.719454889911057,3.531704509731243,4.756805363569435,4.741185708155563,4.988680965037923,1.7374157719249783,2.6081926039448944,2.650286030107455,3.0677931642719787,4.278454367884809,4.031681114198983,3.2894074544310645,6.5123930329670845,6.002255147263596,6.721410897912757,3.400634064735171,4.429190676413734,2.7378209132404883,2.360425963425028,4.603887202697879,4.379498552696551,2.969001459371151,3.835662828096966,4.030522267155739,0.0,2.1287041800429476,2.878973294238174
5206,6.631858733938083,5.280240037225253,8.273377234115959,7.476332635446606,3.2308743558959625,5.78078084788128,7.13082694633466,5.183002938030969,8.341718273430292,7.788665441629172,3.5249956435476175,3.7277263601046853,3.876971603734807,2.6886356022846596,4.333136820342452,3.8504922675499915,3.4070292736186323,3.2704508721307635,4.2521838586466085,3.20211948991225,4.374647083694596,3.306414519736765,3.4912539120939083,1.99812003029712,3.0110569321481377,2.5347207535805962,2.845844318948002,3.7104110695534547,3.574198936861741,5.346476591962496,4.403076103782874,3.3285154171325604,2.1309646871961045,8.28866002685645,5.827412115788605,6.499692109740594,5.847002397374748,5.127146473151309,6.750924022774752,6.832483033947634,3.827518955712892,6.4504309929021,5.8639940198469,6.930271563925401,4.533138591552086,6.355054050527416,8.021364254267755,7.066660961468513,5.4127444293793605,5.793006148033375,3.8389577812959943,3.4523419889265856,5.999205351336342,5.350518771901446,3.4666163433965473,3.2160101436335435,2.7196367446001237,2.8979030907697876,4.216488253227268,4.45909014362115,3.21983655396047,3.461146887663633,3.8896447954108284,3.2473088715445555,5.193505234932725,2.9268140535228264,4.534486032328208,4.298396101905564,3.7623495947391343,5.556878534630566,4.822348988802711,3.838846224394126,3.8927594126419156,4.478051438372325,3.821202472099904,2.860433872547284,4.130846281794932,5.1523866728471255,4.163474566761148,3.9718322981342506,4.731145543807878,5.863052534776465,7.183647259734126,6.233986064408756,7.2528235868084625,4.623691190968184,3.6062094171748336,4.152072658567534,5.639656452100818,6.099625335658895,4.542503067574924,4.268920526767789,5.4865024012351675,4.701501817469941,4.568445127322487,4.5595918634299375,5.808607536130972,6.2707153782943355,4.2042492605125465,5.954504744365129,4.491307116822706,4.5587431820070385,5.582564409285977,3.7836041391953734,4.572698987635019,4.603472022732799,3.640025678951722,3.8357316169774296,4.416232420927817,4.692272499201617,4.793662839238632,3.11159596117631,3.5017589659074346,3.941987759597833,2.8619078011396892,3.7942867268152263,3.63274261435008,3.1104478508974975,6.485583641822025,6.040668835326795,6.786084169329698,3.7318110161940727,5.177307644967573,1.5727008551925006,2.4020181935302163,5.157533020569126,4.187124819284168,2.686005712162671,3.790949264826016,2.950745698998701,2.1287041800429476,0.0,2.230698826639927
5301,7.354144543248518,5.0037457074524445,8.59660125767614,7.975400073296066,3.8848063059446085,6.061625748387791,7.430339410006682,5.606171173741154,8.491934982398222,7.892577676676421,4.848115858327635,5.149973038566957,5.098666232062605,3.689641024364315,5.172172070576228,4.940507229363996,4.686577910242688,4.322551042625145,5.123446453711127,3.5274004353736186,5.272365883375131,3.9772026851384252,4.841283842972606,3.8613520164289907,4.1217175086150295,3.928810195428837,4.172301687201753,4.55850278683445,4.3956730547180705,6.162371470902168,4.6865836043696705,4.160493038326647,2.9555726751420575,8.67127954187023,6.574165272337436,7.039281994736906,6.49617199571583,5.862937497571995,7.447721101774212,7.30544189611552,4.380704736376141,6.886627221113016,6.018288296024236,7.078337559192162,3.7525888333751136,6.84204632714344,7.782245714976314,6.984233585274372,5.117618436144425,5.978081367876749,4.2333948771362415,4.236629959457107,6.552072049953176,5.528524771548766,4.69471044094695,4.526742317376157,3.939394359585805,3.7852097110077745,4.336747018536628,4.9237501478709715,4.087092431126288,4.431042793654801,4.4031522091839825,3.909960738317172,5.901295196814434,4.206217124387644,5.664905912256913,5.419634002485037,4.897462972408549,6.319809633837583,5.648578736503818,4.6938085364772455,4.516407639227027,4.669718140595285,4.174125336715047,3.826692749643182,4.731604507246474,5.8480782468667805,5.337171994968591,4.580683732130164,5.109710017639969,6.559959632090058,7.742998523785417,6.947435487633174,7.8313788311645105,5.387440251706577,4.290680063433962,5.0605310511241095,6.0492234022157,6.450996115713942,5.144279850654455,3.831080569052152,4.710985525625272,4.345969683499065,4.779518059621818,4.97805752190175,6.540561383741631,6.929963473194735,5.371669397471334,6.646613414308696,5.241992510935122,5.2529718435444135,6.241218378706988,4.718585288113542,5.4340896548750655,5.35565651675466,4.768227263845732,4.9313145472479745,5.3977575440199494,5.3145511825412175,5.694201947983752,3.548863376673298,4.382492166027253,4.6898403318994335,3.9788629373506237,5.07350223849958,4.994256426552275,4.2343537489254235,6.923757276949134,6.218938202290241,6.542777519142434,3.650078071568553,5.505290823174834,3.1417953155481317,3.5573035085950666,5.305664457025758,4.6715689531281,3.8560957136182856,3.7900371188953175,3.7130715108464765,2.878973294238174,2.230698826639927,0.0
