CD_MUN,human_footprint
1100015,3.6981803595714284
1100023,8.355969617428572
1100031,7.1134854914285715
1100049,8.638967332428573
1100056,4.872407173571429
1100064,9.300345286285715
1100072,6.976114951571428
1100080,3.6406918889999997
1100098,6.247321677428571
1100106,1.0972767591428572
1100114,9.881488711428572
1100122,4.893051674428571
1100130,5.792588105714286
1100148,9.128114276
1100155,10.715015087857143
1100189,6.167199188142858
1100205,4.539162443142858
1100254,10.940424470857142
1100262,7.093195160285715
1100288,10.570834473
1100296,9.049749295714287
1100304,3.5954488742857142
1100320,3.1151869705714286
1100338,4.241477320857142
1100346,5.914714283
1100379,3.683925528857143
1100403,7.202287074
1100452,7.5126954679999995
1100502,9.304632807
1100601,6.883876951857142
1100700,6.457550247285715
1100809,4.619785119142857
1100908,9.295029183
1100924,5.4582054524285715
1100940,6.085644058571428
1101005,2.9269526234285714
1101104,3.446076391142857
1101203,9.815372504285715
1101302,6.726296949428572
1101401,8.229616007142857
1101435,9.156103704285714
1101450,5.586314192714285
1101468,2.782394298285714
1101476,8.188426613142857
1101484,8.542199412714286
1101492,2.450807952857143
1101500,3.854462307714286
1101559,10.501418274428572
1101609,7.955081153714285
1101708,10.916984691
1101757,4.803894868428571
1101807,10.25947967142857
1200013,9.256161393428572
1200054,1.7722953594285715
1200104,6.907265290285714
1200138,5.877675469571429
1200179,7.446196033714286
1200203,2.9188634220000003
1200252,8.267909597428572
1200302,1.1736857314285716
1200328,1.011724547
1200336,1.7943147595714284
1200344,1.0874253192857144
1200351,1.0942795358571427
1200385,9.298415740285716
1200393,1.086712699
1200401,5.684984749
1200427,3.620063611857143
1200435,0.6912421905714285
1200450,9.546283987428572
1200500,1.4796292582857142
1200609,1.472496784
1200708,4.708660657285714
1200807,7.813406711
1300029,1.397358677
1300060,1.047966336
1300086,2.1760978354285716
1300102,1.2980521872857143
1300144,0.7035776298571428
1300201,0.23469513157142854
1300300,3.725769434
1300409,1.3798466735714285
1300508,2.813977885285714
1300607,0.7430626545714285
1300631,1.1997377667142857
1300680,3.4327334894285713
1300706,2.070151642857143
1300805,0.6803067271428571
1300839,0.6744823440000001
1300904,0.9797869610000001
1301001,0.6863444897142857
1301100,3.7662382645714283
1301159,5.380964474000001
1301209,0.7278398642857142
1301308,0.8320508975714286
1301407,0.9473449568571429
1301506,1.0660518772857144
1301605,1.083410244857143
1301654,1.553459872
1301704,1.4018266540000002
1301803,0.785643039
1301852,7.74180816
1301902,4.569808829
1301951,0.46869883942857143
1302009,1.02918506
1302108,0.5815839728571428
1302207,0.7856694924285714
1302306,0.330964726
1302405,1.1429838684285714
1302504,3.7546619032857143
1302553,2.707747645
1302603,4.547575405000001
1302702,1.243937348
1302801,1.1574920241428572
1302900,0.7577919472857142
1303007,1.0184268
1303106,2.2778548484285714
1303205,0.6631590088571429
1303304,0.8832913582857144
1303403,4.812159107714286
1303502,0.40563573914285717
1303536,1.5876265628571429
1303569,3.4504078487142857
1303601,0.9026574041428572
1303700,1.0292367175714285
1303809,0.5178627087142857
1303908,0.6486607372857144
1303957,0.577622634
1304005,2.7010549372857144
1304062,1.9932376978571429
1304104,0.3224055868571429
1304203,0.889183608
1304237,1.3240978997142858
1304260,1.1895772262857143
1304302,0.41771837942857143
1304401,3.2969294122857145
1400027,2.006467595
1400050,2.0429840455714285
1400100,10.639815975714285
1400159,7.8142808729999995
1400175,5.420870659285714
1400209,2.4286856392857143
1400233,1.301790982
1400282,1.7613919861428573
1400308,3.3780280229999997
1400407,7.760411997142858
1400456,6.6387304810000005
1400472,1.5320083852857143
1400506,2.2887697452857148
1400605,6.3220748832857145
1400704,6.9682149544285705
1500107,10.616476922285715
1500131,9.206828181428572
1500206,7.865373708142857
1500305,3.154965003
1500347,6.013103470571429
1500404,1.5683006455714283
1500503,0.7340079758571428
1500602,0.9177300971428571
1500701,1.7196146460000001
1500800,24.555393524285712
1500859,3.4407087859999996
1500909,10.079036313285714
1500958,8.517838992857142
1501006,1.2783430092857144
1501105,2.266701517
1501204,6.366741837857143
1501253,5.802642284285715
1501303,14.580754941428571
1501402,23.737653257142856
1501451,4.136243562428572
1501501,23.92086966
1501576,6.6002908791428565
1501600,11.501724959285713
1501709,10.658286029285714
1501725,4.343692146428571
1501758,9.336832253142857
1501782,7.338861126
1501808,2.9111887724285714
1501907,9.189511544428571
1501956,7.221236550571429
1502004,7.0906038822857145
1502103,8.261342778428572
1502152,7.125404594
1502202,12.812622704285713
1502301,9.011654225714285
1502400,14.835393492857142
1502509,3.9605836947142854
1502608,12.420834138571427
1502707,7.938224651
1502756,10.431925605428571
1502764,4.031595693428572
1502772,9.33879514
1502806,2.932151958714286
1502855,5.639441318714286
1502905,11.775625249857143
1502939,6.704655424428572
1502954,9.331368414285715
1503002,0.46491645242857144
1503044,7.143756672714285
1503077,9.803472539571429
1503093,5.361650557428571
1503101,2.759357556
1503200,12.064378153142856
1503309,6.968271162714286
1503408,11.078098562571428
1503457,7.09130864
1503507,10.309936832571427
1503606,2.019737029714286
1503705,5.622230356428572
1503754,1.1282288214285714
1503804,8.096907461857143
1503903,3.3936549275714287
1504000,3.986814162428572
1504059,11.795754082
1504109,8.949398786
1504208,6.509872549285715
1504307,9.717726895428571
1504406,9.995535966285715
1504422,23.93604396857143
1504455,4.011820601
1504505,2.0049279755714284
1504604,8.446384553714285
1504703,6.0987714959999995
1504752,6.100525507857142
1504802,2.5987785014285714
1504901,3.932681215
1504950,6.538248611999999
1504976,7.516904064999999
1505007,11.474454587714286
1505031,2.2321707684285714
1505064,5.250705385000001
1505106,1.4902429918571427
1505205,4.644786348285714
1505304,0.48563888257142857
1505403,11.858205337285714
1505437,2.5709286149999997
1505486,5.686264523285715
1505494,8.69745788657143
1505502,5.058973200857143
1505536,4.474331244857143
1505551,6.431884438571428
1505601,10.573186862428571
1505635,7.771614466
1505650,5.1451109772857135
1505700,5.56562899
1505809,2.1797069498571426
1505908,1.806458925
1506005,3.194141520428572
1506104,11.475052461571428
1506112,9.204332569285713
1506138,7.904756196142857
1506161,7.649985038428572
1506187,6.286001939714287
1506195,4.244154336714286
1506203,16.693846647142855
1506302,9.406933038285715
1506351,13.892763149999999
1506401,5.605536067428572
1506500,13.72757869
1506559,7.802617573428571
1506583,6.16554528442857
1506609,13.690324428857142
1506708,6.187049263
1506807,4.078300533714286
1506906,11.112072222714286
1507003,13.875887272857144
1507102,10.985988820571427
1507151,10.243911677571429
1507201,8.977574763571429
1507300,2.6986758644285715
1507409,11.391275063
1507458,8.919711200142856
1507466,10.857153513
1507474,10.127556007857143
1507508,10.529842917
1507607,11.685908479571427
1507706,2.5414077870000003
1507755,8.201127227857143
1507805,1.725618841142857
1507904,7.306176317714285
1507953,6.329576453857143
1507961,11.738247791000001
1507979,5.010699103
1508001,6.785018205
1508035,11.004686745714285
1508050,2.4519173850000002
1508084,9.551406022285715
1508100,6.732892936571429
1508126,7.278219029428572
1508159,5.3948029
1508209,14.965190295714285
1508308,6.715892469857144
1508357,10.107882466285714
1508407,9.150740922857143
1600055,0.5753648074285714
1600105,2.1616342435714286
1600154,1.3086799305714287
1600204,1.5339964604285714
1600212,3.939786846
1600238,2.529928734
1600253,4.6865949368571425
1600279,0.353119377
1600303,6.702748614428572
1600402,1.583133715
1600501,1.0929665608571428
1600535,3.3584164367142857
1600550,1.6493779932857144
1600600,5.763641507000001
1600709,4.222265461285715
1600808,2.7822025695714285
1700251,6.301822008
1700301,11.525673822
1700350,8.558042078428572
1700400,6.534134512285713
1700707,8.863075260714286
1701002,7.959202285571429
1701051,8.427098575285715
1701101,7.529403384714286
1701309,7.671803575571429
1701903,7.098920683428572
1702000,7.80851051
1702109,9.735565151142856
1702158,8.371535555571429
1702208,9.196882783428572
1702307,9.269177453285716
1702406,7.686629783571428
1702554,13.447048725714286
1702703,11.29094429057143
1702901,13.84734187
1703008,8.694904194571428
1703057,8.408266143285713
1703073,6.865216534571429
1703107,8.775030324285714
1703206,9.431437445142857
1703305,6.578871147142857
1703602,7.619913641000001
1703701,8.530483206
1703800,11.769042982142858
1703826,6.293695387
1703842,6.825190866285714
1703867,8.967934846
1703883,8.404805335857143
1703891,10.579007211571428
1703909,7.309822937714285
1704105,5.798300725
1704600,5.678692268
1705102,6.231711193285714
1705508,10.736362264142857
1705557,12.94612845
1705607,7.3618744529999995
1706001,7.987269488857144
1706100,6.571216620142857
1706258,6.5029679065714285
1706506,6.934766373571429
1707009,8.833850426142858
1707108,7.124019546142857
1707207,6.579870550571428
1707306,6.505179424
1707405,10.924347989857143
1707553,9.66882912042857
1707652,7.288319818
1707702,8.998272535857144
1708205,4.614917508428571
1708254,9.95322374057143
1708304,7.4137881964285715
1709005,5.449439363000001
1709302,8.498522967571429
1709500,10.618061128571428
1709807,7.015634637
1710508,5.701407896857143
1710706,8.790459045285715
1710904,6.805873933571428
1711100,7.676675304
1711506,6.422651661000001
1711803,7.996874486428572
1711902,4.569443898
1711951,6.187033538142857
1712009,8.231353433857143
1712157,10.527974667285715
1712405,5.879669564714285
1712454,7.726687822285713
1712504,6.720423352428571
1712702,6.537746599142857
1712801,5.251687533428572
1713205,9.373763564285714
1713304,8.754037606
1713601,6.770856271428571
1713700,6.5502983734285705
1713809,8.502919565571428
1713957,7.824086638428571
1714203,6.924662637142857
1714302,9.661486242285715
1714880,9.372204404142858
1715002,8.628973817
1715101,6.328151296857143
1715150,13.763550018571427
1715259,6.994609393571429
1715507,8.867496823857142
1715705,8.65786456
1715754,8.173518857
1716109,10.270430042
1716208,6.418252239428571
1716307,8.373810348285714
1716505,7.069805007428571
1716604,9.332841093428572
1716653,8.795492966714287
1716703,9.017809954
1717008,6.020671295571428
1717206,7.607995156
1717503,4.681148128857143
1717800,8.530739420571427
1717909,6.370576148571429
1718006,9.318618110285714
1718204,9.146741414285714
1718303,11.791207348428571
1718402,7.980446092428571
1718451,8.079571106571427
1718501,6.912469147714285
1718550,7.948912383714286
1718659,7.092440946000001
1718709,9.370430044857143
1718758,5.728774835142858
1718808,9.527177695571428
1718840,5.722795265
1718865,7.191446013428572
1718881,5.528340778857142
1718899,5.051159376714286
1718907,8.095752773
1719004,7.819300013714285
1720002,8.086310889
1720101,7.099603275000001
1720150,6.568273621428572
1720200,13.840417799999999
1720259,6.780245184
1720309,11.025445496142856
1720499,6.591969126571429
1720655,8.103857814714285
1720804,13.271131697142858
1720853,8.643104452714285
1720903,9.689501808285714
1720937,7.741667286857143
1720978,7.856905410428571
1721000,11.743307052857144
1721109,5.131329929857143
1721208,7.135680562571429
1721257,10.114821336714286
1721307,9.16106808557143
1722081,8.560599437285715
1722107,9.040435811285715
2100055,8.94402248842857
2100105,7.645492761
2100154,10.904639980142857
2100204,9.536403519142857
2100303,5.205568604142857
2100402,10.041043527428572
2100436,9.825789018
2100477,7.778532055571428
2100501,6.040707575571429
2100550,7.441471325571428
2100600,5.195096551
2100709,9.095636941428571
2100808,9.300255740571428
2100832,11.125883328428571
2100873,8.345107092000001
2100907,10.501114113142858
2100956,7.447524625571428
2101004,8.707738263285714
2101103,14.53570496
2101202,11.460882197999998
2101251,11.314104872
2101301,7.113216062714286
2101350,6.986673253285715
2101400,7.286579824714286
2101509,8.988580973
2101608,6.987675703
2101707,11.534846531
2101731,9.687655267857142
2101772,13.840287837142856
2101806,6.281519767
2101905,8.894870101
2101939,11.174592207
2101970,8.077805984285714
2102002,5.510032042
2102036,7.737619861428572
2102077,13.44996588942857
2102101,10.440761131142859
2102150,8.996127576428572
2102200,8.253876664714285
2102309,7.5776084652857145
2102325,7.461663672999999
2102358,8.916921814
2102374,9.113866448571429
2102408,5.914878081428571
2102507,8.717409602
2102556,9.296787398000001
2102606,6.643461138428571
2102705,7.796118861428572
2102754,8.562548053714286
2102804,6.235130811428571
2102903,8.522506369714286
2103000,8.139484117142858
2103109,11.504514513
2103125,7.204742296
2103158,5.492814733571429
2103174,2.7345291177142856
2103208,6.620725103857143
2103257,8.07836959642857
2103307,7.876008609428572
2103406,7.563643835
2103505,8.618607429857144
2103554,6.856903243285714
2103604,7.798445855142857
2103703,9.477249774857142
2103752,9.487217018142857
2103802,12.308247524285715
2103901,9.957786966142859
2104008,11.250730949428572
2104057,8.609411715428571
2104073,7.299064760285715
2104081,5.065698272571429
2104099,6.836442167857143
2104107,8.941996188142857
2104206,9.137870009714286
2104305,8.214426358714286
2104404,8.98148189142857
2104503,8.538113016714286
2104552,10.769024358714287
2104602,8.423284148
2104628,8.273738888142857
2104651,8.624595118857142
2104677,8.120306987142857
2104701,9.837011394857143
2104800,6.475953940714286
2104909,8.585859025
2105005,12.009546527857143
2105104,11.357151476142857
2105153,10.169809581428572
2105203,12.712713061285713
2105302,13.443199432857142
2105351,7.027416031571428
2105401,9.758875043999998
2105427,6.514541688714286
2105450,8.371528395714286
2105476,6.712308149
2105500,10.322346717
2105609,9.125375215714286
2105658,7.113056832285714
2105708,9.132039735428572
2105807,12.785848872714284
2105906,10.603975510285713
2105922,7.758555443571429
2105948,13.35024163
2105963,7.824268666428572
2105989,7.171976116428572
2106003,11.074021550571429
2106102,8.343310738714285
2106201,8.081106717714286
2106300,12.300470017142857
2106326,8.464043719
2106359,7.006553994428572
2106375,7.930049451428571
2106409,9.297034887714286
2106508,11.274921781857143
2106607,7.633327365571428
2106631,6.8752671
2106672,9.789113587142856
2106706,4.832491999142857
2106755,10.623784840428572
2106805,5.437809962857143
2106904,9.989917441428572
2107001,7.137991877571428
2107100,11.340908083857142
2107209,7.474099846714286
2107258,9.058416862285714
2107308,8.816841074857143
2107357,5.177704845999999
2107407,12.535825995714287
2107456,12.599612831571429
2107506,31.576518829999998
2107605,9.87677333542857
2107704,10.827939257285715
2107803,6.92319372
2107902,8.579479713857143
2108009,9.541682147142856
2108058,11.516139063285715
2108108,9.010907651714286
2108207,15.71963678
2108256,8.119197186714286
2108306,9.356991540857141
2108405,8.675010173285715
2108454,8.87071604142857
2108504,18.097482554285712
2108603,9.374120054857144
2108702,9.434797375142859
2108801,7.247741572571428
2108900,9.985842785142856
2109007,8.703123571571428
2109056,10.363846183000001
2109106,12.855557289999998
2109205,10.468445408857141
2109239,7.926110380142857
2109270,7.678089850285715
2109304,10.69996998357143
2109403,12.834381413714286
2109452,21.95348211714286
2109502,7.479810673142857
2109551,10.004560058571428
2109601,9.524056996285713
2109700,7.9309286921428575
2109759,8.758806926428571
2109809,7.122995193571429
2109908,12.425571369285715
2110005,8.648504787714286
2110039,9.552397142
2110104,7.807553142428572
2110203,9.925082149142856
2110237,7.431601266571429
2110278,14.324674503571428
2110302,10.970423137285715
2110401,7.077830107857143
2110500,10.633019666
2110609,9.872652433142857
2110658,8.468029854571428
2110708,11.786085401142856
2110807,7.095321894142857
2110856,9.531398531999999
2110906,8.112917454714285
2111003,8.726793699285714
2111029,7.009338391714286
2111052,6.336601781
2111078,7.066763910714285
2111102,8.329664506285715
2111201,28.970801682857143
2111250,9.487779157999999
2111300,30.70041687142857
2111409,9.358666744571428
2111508,9.595209864
2111532,8.369860522142856
2111573,7.462828720428571
2111607,7.535334335285714
2111631,7.867386743428571
2111672,8.853887593714285
2111706,11.985596336
2111722,12.534739087428571
2111748,7.340316318571429
2111763,9.674878213857141
2111789,5.304032903
2111805,8.369001055285715
2111904,7.331356644142858
2111953,6.209936266285714
2112001,7.216912433
2112100,6.627044876142857
2112209,11.947230847857144
2112233,13.189835459857145
2112274,11.070110694857144
2112308,7.5598245564285715
2112407,6.653333067142857
2112456,6.735146935142857
2112506,10.166837594
2112605,7.780857947
2112704,7.194309415142857
2112803,10.218448348571428
2112852,8.049896057714285
2112902,10.398896420285714
2113009,12.199980905714286
2114007,9.073710391142857
2200053,9.998309086857144
2200103,13.917052229428572
2200202,17.10059161
2200251,9.566888372
2200277,9.442430378571428
2200301,10.97855142057143
2200400,11.523157518571429
2200459,6.163032127142857
2200509,10.792033585714288
2200608,10.690789558999999
2200707,13.141827531428572
2200806,8.902781679428571
2200905,7.567630491857143
2200954,10.750410739000001
2201002,11.308635057428571
2201051,5.908292530714285
2201101,7.382494178428572
2201150,6.694133613142857
2201176,7.417941588
2201200,9.289850614
2201309,6.834411548142858
2201408,11.079167651571428
2201507,10.284796629142859
2201556,11.090512383142856
2201572,8.531969377857143
2201606,10.748123321
2201705,9.868614218285714
2201739,10.009688051
2201770,11.497187242285715
2201804,11.744491389
2201903,7.306492622285715
2201919,7.582016877142856
2201929,13.9824835
2201945,9.938661327999998
2201960,7.679795066714285
2201988,5.634270359857142
2202000,11.293901211
2202026,6.356350798999999
2202059,9.927549734285716
2202075,12.970937780000002
2202083,14.490017322285713
2202091,11.958060932285715
2202109,12.375163689999999
2202117,9.792631407142858
2202133,11.159915372
2202174,7.975102340428571
2202208,11.119762400571428
2202251,7.389632296428571
2202307,4.096494599714285
2202406,8.512610904428572
2202455,7.839146662285714
2202505,5.052664300000001
2202539,9.118947373142857
2202554,9.654359390285716
2202604,7.442374567428572
2202653,9.180819315142857
2202703,8.535497841714285
2202711,9.636839935571428
2202729,9.20439209342857
2202737,11.240613959428572
2202752,9.183056333
2202778,7.497185472
2202802,9.509974597857141
2202851,5.995783844
2202901,8.933076932428571
2203008,7.2610957044285716
2203107,6.613605767857143
2203206,6.4776100670000005
2203230,6.7696092782857145
2203255,9.187985110142858
2203271,8.281215511714285
2203305,15.242552660000001
2203354,7.921194791571429
2203404,14.147332640857142
2203420,8.139130183571428
2203453,5.872641495571429
2203503,9.443781842857144
2203602,9.449601859142858
2203701,10.721994582285715
2203750,8.542255677857144
2203800,5.7734785301428575
2203859,11.374200989142858
2203909,8.284736375714285
2204006,9.309238662857142
2204105,11.015983585714284
2204154,8.863392836428572
2204204,9.54722630942857
2204303,9.161787172428571
2204352,9.747683364857142
2204402,8.82462507142857
2204501,7.384633268142857
2204550,2.769969122714286
2204600,6.590272209571429
2204659,16.74267111142857
2204709,9.244691918571428
2204808,10.036005166857143
2204907,11.881074251714285
2205003,11.137952021999999
2205102,6.435780399857143
2205151,9.561176542285713
2205201,10.803458106857144
2205250,7.618051577142857
2205276,8.22479264942857
2205300,7.284773190571428
2205359,5.9016191344285716
2205409,9.219304134
2205458,11.918151270142857
2205508,11.435366426142858
2205516,6.859391429857142
2205524,7.0496472198571425
2205532,5.803260799999999
2205540,15.570095081428573
2205557,9.835660739714285
2205565,8.619684674285713
2205573,11.11087066657143
2205581,9.960495389
2205599,8.60758928542857
2205607,8.205336067571428
2205706,10.130712969571428
2205805,9.647050935714287
2205854,12.042273098999999
2205904,6.161188554857143
2205953,12.99397026
2206001,8.251991202714285
2206050,7.552290311285715
2206100,11.237416982000001
2206209,7.671790689571429
2206308,10.864715117857143
2206357,6.8557211641428575
2206407,10.140135329714285
2206506,11.439867471285712
2206605,10.318288717714285
2206654,5.494485484
2206670,7.973602042428571
2206696,9.766296623714286
2206704,8.218907972
2206720,13.006734869571428
2206753,11.997288280571428
2206803,7.452911463714286
2206902,9.191053178714286
2206951,9.570132575142859
2207009,10.741183537285716
2207108,9.825028327714287
2207207,9.100343953714285
2207306,10.181741287142858
2207355,6.726909385857143
2207405,7.219400798857143
2207504,8.566344253571428
2207553,12.0573759
2207603,6.278642211857142
2207702,19.897478402857143
2207751,7.586362134
2207777,10.620246260857144
2207793,11.326564219428572
2207801,10.659917350428572
2207850,5.372978052571428
2207900,8.614265896714285
2207934,8.521876879428572
2207959,9.399196802857144
2208007,17.98860997857143
2208106,5.350887261
2208205,8.107769724857144
2208304,7.568811201
2208403,10.063586487857142
2208502,10.290050888714287
2208551,6.030142605
2208601,11.276994523857143
2208650,10.807872237857142
2208700,6.482460929428571
2208809,8.037482944142857
2208858,7.4897711124285715
2208874,8.819978179
2208908,7.393216963714286
2209005,9.856153629857143
2209104,10.932386620714286
2209153,8.289019389142856
2209203,6.28407961
2209302,8.009446118571429
2209351,13.435516291
2209377,12.27449688842857
2209401,8.529746179
2209450,15.369513940000001
2209500,7.654734245999999
2209559,6.761787903
2209609,9.806200984857142
2209658,8.897880370142857
2209708,8.428686647857143
2209757,7.8577593285714284
2209807,12.161570079142857
2209856,8.575235184428571
2209872,6.897517406571429
2209906,8.542386852285714
2209955,10.114027644285715
2209971,9.855087727142857
2210003,11.173851712285714
2210052,10.657126802428573
2210102,6.442830402857142
2210201,9.841918072857142
2210300,11.087714405714285
2210359,8.49758471557143
2210375,10.07883597857143
2210383,7.9971745691428575
2210391,7.026718089
2210409,6.371428539
2210508,10.15393209
2210607,8.002690656
2210623,6.701004864571429
2210631,7.021740340428571
2210656,7.628439000142857
2210706,9.480659565714287
2210805,10.17885565642857
2210904,7.487877276428571
2210938,12.827528519857143
2210953,4.7585901360000005
2210979,7.754411775571429
2211001,21.142813082857142
2211100,10.696391803428572
2211209,7.003318768571428
2211308,8.632913520428572
2211357,10.194920207714286
2211407,10.433194402285713
2211506,10.667393974000001
2211605,11.814169661571428
2211704,14.60449174857143
2300101,15.695116054285714
2300150,14.83069931
2300200,16.847504648571427
2300309,11.846051326
2300408,9.445093917714287
2300507,16.300135985714284
2300606,13.841749111428571
2300705,9.369200440857142
2300754,12.988450553714285
2300804,10.077317835714284
2300903,10.005269538428573
2301000,26.84865101
2301109,13.92282901
2301208,12.121530230857143
2301257,11.104260404714285
2301307,10.669004097428571
2301406,14.514278902857143
2301505,8.44646577
2301604,10.733281452714285
2301703,11.034108493142856
2301802,14.682312135714286
2301851,10.904427194428573
2301901,12.12777193
2301950,14.63216132
2302008,12.365581786571429
2302057,14.23831176457143
2302107,15.167768452857143
2302206,12.960067776142855
2302305,13.4700896
2302404,9.768347029857143
2302503,14.368173420000002
2302602,12.606049713571428
2302701,10.111089339857143
2302800,9.32339668
2302909,14.469419457142857
2303006,11.10100425
2303105,12.766279650428572
2303204,12.824206423142856
2303303,10.273409727857143
2303402,10.355820827285713
2303501,15.440310030000001
2303600,11.678812185571429
2303659,8.725614007571428
2303709,17.59411529
2303808,12.590605060428572
2303907,12.448543852428571
2303931,9.007558781714286
2303956,15.733289321428572
2304004,10.765888803857143
2304103,9.446140583428571
2304202,13.131153045714285
2304236,9.883623889714286
2304251,19.160427255714286
2304269,14.069456342285715
2304277,10.200279225000001
2304285,35.60065328571428
2304301,12.679739284571427
2304350,10.676724258142857
2304400,39.36541566571429
2304459,12.975214317714286
2304509,12.028955693
2304608,9.708490531714286
2304657,13.792216418571428
2304707,9.951407287714286
2304806,14.866119164285715
2304905,14.839803797142858
2304954,13.553787618571429
2305001,11.704567843571429
2305100,18.35480166
2305209,9.567312476857142
2305233,26.349684784285717
2305266,10.256024472428573
2305308,12.075426287142857
2305332,11.128914094999999
2305357,12.838299632857144
2305407,10.660041599142858
2305506,15.826977561428572
2305605,8.541689735428571
2305654,9.272884447142857
2305704,14.129567197142858
2305803,12.411541799
2305902,9.988991062285715
2306009,9.223286632285715
2306108,8.705443030285714
2306207,12.146934070714284
2306256,20.19281878857143
2306306,13.581473740000002
2306405,13.695808689999998
2306504,11.711569817714286
2306553,14.30455641
2306603,10.510357750428572
2306702,10.181239490714287
2306801,12.392617219857144
2306900,11.58208059757143
2307007,11.939274086571428
2307106,12.664344159714286
2307205,13.170347195571429
2307254,17.90184967
2307304,25.78463759285714
2307403,11.757293643
2307502,12.129013113142857
2307601,16.00909756
2307635,9.550370422
2307650,34.55859678
2307700,17.205238079999997
2307809,11.875199341
2307908,10.01230463057143
2308005,13.04370278
2308104,12.056818145857141
2308203,16.01193859
2308302,13.142735788571429
2308351,12.624293025428573
2308377,10.471518804
2308401,14.865851059999999
2308500,9.588087460285715
2308609,9.308145127285714
2308708,10.537497103285714
2308807,10.305427911714286
2308906,13.665559891428572
2309003,14.95161745
2309102,16.005329541428573
2309201,14.03629228
2309300,12.021797140857144
2309409,10.411230187571428
2309458,11.886431098000001
2309508,12.280451463571428
2309607,18.814169155714286
2309706,25.025997639999996
2309805,16.36639241857143
2309904,13.909232967142856
2310001,11.959432881142858
2310100,15.71025391
2310209,18.776286337142857
2310258,17.052680860000002
2310308,8.966723574285714
2310407,9.962265102857144
2310506,10.196494629142858
2310605,16.99926085857143
2310704,9.797288168857142
2310803,11.463188149999999
2310852,28.16433761
2310902,12.139107595428571
2310951,12.708414305714285
2311009,7.230622683571428
2311108,16.38257677857143
2311207,11.896286206428572
2311231,9.420501053142857
2311264,10.154909183000001
2311306,13.025699965714285
2311355,12.696462887
2311405,11.31684175657143
2311504,12.431467781285715
2311603,16.628806157142858
2311702,13.094471142857143
2311801,11.431665803285714
2311900,9.199511441714284
2311959,13.357507117142857
2312007,12.06799272857143
2312106,10.617714945428572
2312205,8.500552396
2312304,15.185457811428572
2312403,14.811515060000001
2312502,12.968529894857141
2312601,13.803799354285715
2312700,11.357022175428572
2312809,9.318789666714284
2312908,12.569601856285715
2313005,10.585081043285713
2313104,12.274447170142858
2313203,9.418818603428573
2313252,10.972017933
2313302,8.990259484428572
2313351,8.806689961714286
2313401,12.12872225942857
2313500,14.632527354285713
2313559,13.82742094
2313609,12.804201794285715
2313708,11.837783398571428
2313757,12.42918044142857
2313807,17.570475982857143
2313906,9.562972973857143
2313955,15.281448468571428
2314003,13.11605829757143
2314102,11.093877418
2400109,9.592460136285714
2400208,10.755679376571427
2400307,9.039039109714286
2400406,13.32687830142857
2400505,12.016047851857142
2400604,12.406020248714286
2400703,12.002383804
2400802,9.40996729342857
2400901,11.385538600285715
2401008,10.118055820857142
2401107,14.372380331428571
2401206,18.08589888
2401305,9.115608804
2401404,13.508256038714284
2401453,10.184471420285714
2401503,12.313303855714285
2401602,8.456006183428572
2401651,7.373426848285715
2401701,16.95363840285714
2401800,20.784114614285716
2401859,6.957198564571429
2401909,7.085839121714286
2402006,10.064814797
2402105,10.518375933285714
2402204,16.19259112142857
2402303,9.643928865857143
2402402,9.456301238857142
2402501,11.835099923285714
2402600,16.612996094285716
2402709,9.318249726428572
2402808,9.523084365
2402907,12.181109992
2403004,9.588575352857143
2403103,10.466183122714286
2403202,12.689338591428571
2403251,34.442805705714285
2403301,12.125437665714285
2403400,11.292903566428572
2403509,15.82279215857143
2403608,26.77210199285714
2403707,10.615520710428571
2403756,6.965020427714285
2403806,8.555202042571429
2403905,9.649999765
2404002,14.00502017
2404101,9.688762710142857
2404200,18.510077815714286
2404309,7.891011956714286
2404408,16.00145469
2404507,16.016917967142856
2404606,13.304960722857142
2404705,11.528453979428573
2404804,10.27288668
2404853,11.798160859285714
2404903,10.867947084285715
2405009,17.192741005714286
2405108,8.460758440142857
2405207,10.375259600857143
2405306,14.699330987142856
2405405,10.125593727428571
2405504,7.666583874285714
2405603,13.030139783571428
2405702,10.890304241714286
2405801,11.76016561242857
2405900,9.696433331714285
2406007,13.213223635714286
2406106,9.889562103857143
2406155,18.44587797
2406205,14.707155322857144
2406304,15.516166718571428
2406403,11.621380235714286
2406502,16.249223191428573
2406601,16.03977168
2406700,8.316352445714285
2406809,8.858130518571429
2406908,15.084416935714286
2407005,11.032032087000001
2407104,19.626602252857143
2407203,11.898131930285714
2407252,16.83616801285714
2407302,10.62562611
2407401,12.95358095
2407500,17.90188462142857
2407609,10.117654872857143
2407708,14.79402848
2407807,18.897158397142857
2407906,10.263675905714285
2408003,13.093839162857142
2408102,37.49862876142857
2408201,20.838316808571427
2408300,15.077382504285714
2408409,12.492550838714285
2408508,10.213047751
2408607,12.764763840571428
2408706,9.167804270142856
2408805,10.546956081857143
2408904,10.839720353428572
2408953,15.354315715714288
2409100,20.860755032857146
2409209,15.762123834285715
2409308,12.519239603142855
2409332,11.154833868571428
2409407,14.077718981428571
2409506,11.615693754999999
2409605,8.028806517428572
2409704,8.524863844714286
2409803,13.605927088142858
2409902,9.924793685428572
2410009,11.411252062714286
2410108,12.355429551428571
2410207,12.947219427571428
2410256,10.967248924857143
2410306,11.661238048571429
2410405,9.858654970571427
2410504,15.16397535
2410603,12.110987220428571
2410702,10.960550002571429
2410801,10.923234602714286
2410900,11.07471381
2411007,11.17824757457143
2411056,14.784336156285715
2411106,10.663702954285714
2411205,11.037890551428571
2411403,8.650948590857142
2411429,10.61367483257143
2411502,13.998573667142855
2411601,9.898282491428573
2411700,10.025586076285714
2411809,10.544633263285714
2411908,12.85009010742857
2412005,25.008331217142857
2412104,11.257540073428572
2412203,20.838700885714285
2412302,10.06682825
2412401,9.989786569714285
2412500,16.36459638
2412559,10.187526377142857
2412609,13.704209024285715
2412708,13.434129357142856
2412807,11.229352956
2412906,7.5039409159999995
2413003,12.193367232857144
2413102,14.3442241
2413201,19.857810825714285
2413300,13.84861733142857
2413359,12.29306976957143
2413409,9.559743304285714
2413508,11.714260403857143
2413557,10.887580228000001
2413607,13.344584627142856
2413706,11.116729449857143
2413805,10.90559503
2413904,12.185592453
2414001,10.095654580285714
2414100,10.796987664
2414159,13.396556810000002
2414209,19.644755195714286
2414308,11.729449863714285
2414407,11.289992303857144
2414456,8.248615228285715
2414506,12.124432233285715
2414605,8.568110956142856
2414704,13.40148255
2414753,13.170412940714286
2414803,19.178497354285714
2414902,13.966005679999999
2415008,17.937870504285716
2500106,12.129302404
2500205,9.958925269714285
2500304,13.970752084285715
2500403,16.93853971
2500502,16.40888327857143
2500536,9.185748974000001
2500577,9.346249378
2500601,19.269931274285714
2500700,14.038288668571427
2500734,9.179476650714287
2500775,11.464947738285714
2500809,15.971680059999999
2500908,14.075957584285716
2501005,13.945615078571427
2501104,15.46143234857143
2501153,11.688411259428571
2501203,20.355560739999998
2501302,12.672673737142857
2501351,13.328014600000001
2501401,13.89897418
2501500,16.855668215714285
2501534,14.22911573
2501575,10.576438994285713
2501609,9.075552643428571
2501708,9.121198420285713
2501807,35.264372325714284
2501906,17.731223775714287
2502003,8.872058304857143
2502052,12.179474990000001
2502102,12.565267150714286
2502151,10.061855950285715
2502201,14.956223692857142
2502300,13.434714738571428
2502409,14.013267319999999
2502508,12.004391398571428
2502607,10.717024644142857
2502706,20.154321054285713
2502805,12.12337204242857
2502904,12.417631867142857
2503001,19.95480298142857
2503100,10.442878255714286
2503209,37.94821410142857
2503308,14.352154484285714
2503407,11.251522396428571
2503506,13.944419951428571
2503555,12.974965765714286
2503605,14.947148025714286
2503704,14.93561471
2503753,8.716401772285714
2503803,16.55619273285714
2503902,10.344151366428573
2504009,18.38801138
2504033,17.17511782142857
2504074,10.422104076285715
2504108,11.34643421857143
2504157,9.867228672
2504207,9.405092633999999
2504306,12.28287036
2504355,13.11543916142857
2504405,10.850313345571427
2504504,10.879316047571427
2504603,26.00698615
2504702,11.940643122857143
2504801,11.950481736857142
2504850,10.062357539
2504900,19.002288254285713
2505006,13.337111660000001
2505105,9.938418164571429
2505204,21.580878024285713
2505238,14.458901743714284
2505279,16.46005227
2505303,11.581536733571427
2505352,10.78303635
2505402,12.585916812857144
2505501,14.0017976
2505600,11.175139449571429
2505709,13.07624988
2505808,18.85500241
2505907,10.601434706571428
2506004,15.736232114285713
2506103,12.651707944285715
2506202,9.825878589428571
2506251,11.05132431557143
2506301,20.24332619
2506400,13.8184299
2506509,10.197468671
2506608,11.815878456285715
2506707,12.034333730285713
2506806,15.029460555714286
2506905,16.21484498285714
2507002,13.145845274285714
2507101,16.20877011
2507200,12.865921825714285
2507309,14.007608922857143
2507408,12.616259283285714
2507507,36.06438174857143
2507606,14.691201655714286
2507705,11.63992798142857
2507804,15.336616497142856
2507903,18.766873875714285
2508000,10.595611876571429
2508109,12.054925786428571
2508208,17.498684838571428
2508307,23.273297015714288
2508406,10.749053579714285
2508505,12.357516961428571
2508554,18.801409887142857
2508604,25.0
2508703,9.662541616285713
2508802,12.967602150000001
2508901,16.57979387
2509008,10.701525611285714
2509057,15.860700711428573
2509107,18.02664296
2509156,17.639635492857142
2509206,14.10883385
2509305,15.341551819571427
2509339,15.60046769
2509370,13.944542557142857
2509396,15.238947511428572
2509404,16.458938435714284
2509503,21.369029110000003
2509602,13.144642834142857
2509701,12.289274129857144
2509800,14.578445227142856
2509909,13.806122239999999
2510006,12.686096529428571
2510105,17.000127651428574
2510204,16.3239521
2510303,10.404939759142858
2510402,9.352727836
2510501,10.475391947285715
2510600,11.250267434285714
2510659,10.914589537285716
2510709,13.198725714285715
2510808,16.026261172857144
2510907,11.687217979857142
2511004,14.602150768571429
2511103,11.243769696285714
2511202,16.8588038
2511301,11.191772557428573
2511400,10.193974049714285
2511509,17.893723731428572
2511608,15.968096681428571
2511707,20.92430256
2511806,19.18557384
2511905,20.704956482857142
2512002,11.5114844
2512036,11.585742079857143
2512077,15.569945778571428
2512101,11.241916789714285
2512200,12.31632177
2512309,12.882300942857142
2512408,23.163798914285714
2512507,15.408195862857143
2512606,12.927730451428571
2512705,13.695517475714285
2512721,17.34747815
2512747,11.334559975714285
2512754,18.349050764285714
2512762,21.727358275714288
2512788,9.484538567
2512804,12.675466279999998
2512903,14.666381549999999
2513000,13.020777992857143
2513109,13.242195397142856
2513158,10.627018540285714
2513208,11.81870094
2513307,12.915914832142859
2513356,9.102402194857143
2513406,11.05002234457143
2513505,10.070331308714286
2513604,11.048839918857142
2513653,12.13405296
2513703,17.645168742857145
2513802,9.384917673285715
2513851,12.618945839999999
2513901,13.920817402857143
2513927,12.103966278428572
2513943,9.535117027428571
2513968,11.303449633
2513984,11.36950162042857
2514008,9.184963942571429
2514107,7.619915981285715
2514206,10.724731351714285
2514305,11.234571144714286
2514404,10.189534620428573
2514453,14.54735719857143
2514503,12.34398400314286
2514552,13.093396057142856
2514602,13.940153285285716
2514651,9.070004641142857
2514701,11.626830918
2514800,9.616791842571429
2514909,10.286660090142858
2515005,18.83325548
2515104,21.110313252857143
2515203,7.706386274000001
2515302,18.352867627142853
2515401,10.838735885857144
2515500,10.384788361285715
2515609,17.95839177
2515708,14.33176034
2515807,18.86922034142857
2515906,15.394438757142856
2515930,20.24777772285714
2515971,21.75403774
2516003,14.05389969
2516102,9.98077828257143
2516151,9.818594650857142
2516201,14.437097668571429
2516300,10.108274828285714
2516409,12.78444019142857
2516508,10.948537886428571
2516607,14.83548681142857
2516706,16.071727785714284
2516755,13.197246084285714
2516805,14.279137129999999
2516904,14.317752465714287
2517001,11.236495299714287
2517100,10.371424446142857
2517209,11.842092041142857
2517407,11.545354597571428
2600054,20.79248279
2600104,13.403514020142856
2600203,12.844539484
2600302,18.300160690000002
2600401,12.712525057142857
2600500,12.884991014285715
2600609,14.689636652857144
2600708,17.92960686714286
2600807,13.124370284285716
2600906,14.488302919999999
2601003,17.021884434285713
2601052,17.96602502
2601102,12.998510180714286
2601201,16.183627488571428
2601300,14.68709902
2601409,15.161679775714287
2601508,16.147737214285716
2601607,8.751155084571428
2601706,13.429730695714285
2601805,8.074703285
2601904,15.891718152857143
2602001,11.446751426571428
2602100,14.4676182
2602209,18.30133601142857
2602308,16.500524132857144
2602407,16.47480332
2602506,14.05084626
2602605,12.19673888
2602704,16.27141107
2602803,13.92953703
2602902,24.509440627142858
2603009,9.819157618428571
2603108,15.591691855714286
2603207,17.564440819999998
2603306,17.151098178571427
2603405,11.902389229999999
2603454,35.842732080000005
2603504,20.225563104285715
2603603,16.443077307142858
2603702,12.93194747
2603801,15.594301329999999
2603900,12.111586179714285
2603926,7.525316192142857
2604007,21.28852436714286
2604106,17.548188378571428
2604155,16.44041210142857
2604205,14.824842894285714
2604304,14.47759325957143
2604403,18.852481259999998
2604502,21.898247141428573
2604601,19.60466405
2604700,13.337648674285715
2604809,12.611237892857144
2604908,15.234786247142859
2605004,20.10468318
2605103,10.331679474
2605152,12.100029346142858
2605202,18.07856057
2605301,11.80492328057143
2605400,19.13942725714286
2605459,0.0
2605509,19.070742919999997
2605608,10.858724786857143
2605707,7.916189042428571
2605806,15.003211585714284
2605905,14.74210806142857
2606002,19.512736277142857
2606101,16.83192055857143
2606200,20.205775128571428
2606309,10.695204344571428
2606408,20.16208636142857
2606507,12.907594220000002
2606606,9.733972855142856
2606705,12.771830285714286
2606804,23.44506913
2606903,9.476445552857143
2607000,9.686331547714286
2607109,10.390140194
2607208,22.31875394857143
2607307,12.753991312142858
2607406,9.649531494
2607505,13.276468838571429
2607604,29.445993844285713
2607653,16.98163733
2607703,11.511953767
2607752,24.08067834428571
2607802,15.75941459
2607901,31.691209917142857
2607950,15.588476341428573
2608008,9.695995703142858
2608057,13.97883485
2608107,18.394576434285714
2608206,14.728820670000001
2608255,20.171760887142856
2608305,18.228982589999998
2608404,15.245635967142858
2608453,23.38009301
2608503,21.78504434285714
2608602,14.883460772857143
2608701,14.50917187
2608750,8.161110292714286
2608800,18.560148027142855
2608909,18.19014786
2609006,15.599286982857143
2609105,16.437436527142857
2609154,13.51681869
2609204,10.184792408428573
2609303,8.307437134285715
2609402,21.387894390000003
2609501,20.06538736857143
2609600,38.70602871285714
2609709,17.806996475714286
2609808,10.068726733857144
2609907,11.411358140428572
2610004,15.81047316
2610103,10.907236187142857
2610202,14.84620909
2610301,16.72901208
2610400,8.511196918571429
2610509,15.832030168571427
2610608,21.66976061142857
2610707,34.58896454714286
2610806,12.190777197142856
2610905,12.952303857142857
2611002,11.128449716571428
2611101,11.694361680142858
2611200,13.059719688571429
2611309,18.793953747142858
2611408,17.117234545714286
2611507,13.803863397142857
2611533,11.558967035
2611606,38.13952916
2611705,15.305753677142857
2611804,16.75870619
2611903,17.201161805714285
2612000,16.901925097142858
2612109,15.96891705
2612208,10.335200462142856
2612307,13.712022518571429
2612406,14.772216722857141
2612455,10.211059914714285
2612471,14.738879232857142
2612505,12.321584772857141
2612554,11.495661690857144
2612604,8.306971380714286
2612703,19.43736238
2612802,12.038292562285715
2612901,12.705505574285715
2613008,15.247309298571428
2613107,14.756542139999999
2613206,17.09622106
2613305,16.826764779999998
2613404,18.53451771
2613503,11.376733434
2613602,11.69547401857143
2613701,22.005847238571427
2613800,17.840217694285716
2613909,10.080348496
2614006,10.670436039285715
2614105,9.484147696714286
2614204,17.729153692857142
2614303,12.047296367714285
2614402,12.021546449857142
2614501,18.017584395714287
2614600,13.649731211714286
2614709,14.818575565714285
2614808,9.048238100857143
2614857,14.651579035714287
2615003,12.453078585714286
2615102,15.649401805714287
2615201,10.848759036999999
2615300,15.493727980000001
2615409,26.660814045714286
2615508,15.56157958857143
2615607,15.309102250571428
2615706,14.858753712857142
2615805,12.031819877142857
2615904,13.365328587142857
2616001,13.19499641
2616100,13.829101671428573
2616183,17.94426112
2616209,15.302614021428571
2616308,16.15194566
2616407,21.456093824285716
2616506,16.20655321
2700102,13.89243392
2700201,15.912481821428571
2700300,27.323466590000002
2700409,16.08689664
2700508,17.56056798142857
2700607,20.74202871
2700706,14.7774993
2700805,16.81339372
2700904,13.648569545714285
2701001,18.028069127142857
2701100,12.381370087142857
2701209,15.724548692857143
2701308,16.357288204285716
2701357,12.239483225714284
2701407,16.830877145714286
2701506,15.156426562857144
2701605,13.076470757142857
2701704,13.578814968571427
2701803,18.018615775714288
2701902,11.909764891428571
2702009,19.955168961428573
2702108,11.604955379428572
2702207,26.633319264285714
2702306,16.686267184285715
2702355,16.625972318571428
2702405,14.673047204285714
2702504,18.923090108571426
2702553,16.04200497
2702603,19.04399454
2702702,16.967568972857144
2702801,13.085649177142857
2702900,15.923147299999998
2703007,11.072023596857141
2703106,16.71638862
2703205,14.588376621428571
2703304,13.57137820857143
2703403,15.998894272857143
2703502,11.076108806999999
2703601,18.532770112857143
2703700,15.426761585714287
2703759,15.268648397142856
2703809,12.690229662857144
2703908,14.069511912857141
2704005,20.30271528
2704104,21.387381735714285
2704203,17.98146964
2704302,24.424748975714287
2704401,16.420315128571428
2704500,14.829584668571428
2704609,12.697541759999998
2704708,22.859032944285712
2704807,14.374646397142856
2704906,14.736826425714286
2705002,12.155328321428572
2705101,14.75007356142857
2705200,15.61139578
2705309,13.845125882857143
2705408,19.69342319
2705507,13.132449624285714
2705606,13.653757778571428
2705705,19.610156184285717
2705804,12.433979815714284
2705903,16.242412285714288
2706000,20.301172244285713
2706109,15.182698830000001
2706208,16.92637473857143
2706307,18.923846964285712
2706406,12.921229198571428
2706422,15.862469579999999
2706448,18.334231007142858
2706505,15.5406175
2706604,13.70854183
2706703,16.246134648571427
2706802,14.648542759857142
2706901,19.091698655714286
2707008,12.65158735
2707107,13.651138782857142
2707206,14.80529398
2707305,14.245107558571428
2707404,13.357123015714285
2707503,17.16985772285714
2707602,13.190248089999999
2707701,21.32605167428571
2707800,14.175709927142858
2707909,23.06123207285714
2708006,17.95655991857143
2708105,13.003315147142857
2708204,15.305515667142856
2708303,15.59076433
2708402,15.66313059142857
2708501,15.03826413857143
2708600,18.79380100142857
2708709,15.82434712
2708808,18.914735750000002
2708907,27.65328649
2708956,14.037423924285715
2709004,14.747722815714285
2709103,19.89934982142857
2709152,19.036157514285716
2709202,13.948114651428572
2709301,14.778367770000001
2709400,13.656651942857142
2800100,16.155823794285716
2800209,16.487505977142856
2800308,37.44714862
2800407,14.283774667142856
2800506,20.779714065714284
2800605,28.36471751
2800670,17.41352495
2800704,16.778941508571428
2801009,18.67038224857143
2801108,15.617302605714286
2801207,11.878677317142857
2801306,18.22865666
2801405,14.08058695
2801504,26.61666999
2801603,17.80358674142857
2801702,14.877183805714285
2801900,15.195146907142856
2802007,19.720651925714286
2802106,17.978927405714284
2802205,14.571410498571428
2802304,13.156519864285714
2802403,13.071450951428572
2802502,21.673607944285713
2802601,14.237453919999998
2802700,17.042321735714285
2802809,14.74412989857143
2802908,24.37271775
2803005,16.44393006
2803104,14.373516818571428
2803203,16.84230439
2803302,18.18481169
2803401,14.369918364285715
2803500,17.119315714285715
2803609,24.725155724285713
2803708,15.799875689999999
2803807,17.86838619
2803906,18.95563279857143
2804003,25.42587441
2804102,23.42371293
2804201,15.953585548571429
2804300,20.59121833
2804409,15.573404465714285
2804458,12.614501004285714
2804508,15.24473748857143
2804607,14.732554204285716
2804706,16.357998485714287
2804805,30.809145604285714
2804904,14.571283304285714
2805000,14.7625481
2805109,20.123687460000003
2805208,13.64746918
2805307,18.087372797142855
2805406,12.198228367142857
2805505,13.343580767142857
2805604,14.043192312857142
2805703,20.77654251285714
2805802,13.71547831
2805901,21.136632884285714
2806008,16.945914469999998
2806107,24.37493439
2806206,18.245834314285712
2806305,12.97233463142857
2806404,18.92017215857143
2806503,16.79941594142857
2806602,19.141415254285715
2806701,22.98609557142857
2806800,18.078367595714287
2806909,17.09715317857143
2807006,13.208612361428573
2807105,15.80548677
2807204,17.957359711428573
2807303,19.563564814285712
2807402,13.25798918
2807501,14.818310705714286
2807600,20.012987657142855
2900108,11.268829595714285
2900207,7.676335668285715
2900306,15.054298704285713
2900355,12.13311507
2900405,10.333478001285714
2900504,9.345650002571428
2900603,11.517417352571428
2900702,18.31266961
2900801,8.941128359142857
2900900,9.525347416285713
2901007,14.447929727142858
2901106,18.526734370000003
2901155,13.16295483142857
2901205,12.582681941857143
2901304,8.513355517714286
2901353,9.467956262714285
2901403,11.188005121428573
2901502,13.882264062857143
2901601,13.584193384285713
2901700,12.198705124285713
2901809,10.871656038285716
2901908,11.506680533571428
2901957,10.271541571857142
2902005,11.63203581
2902054,13.185880914142858
2902104,12.033248399857143
2902203,14.931772204285712
2902252,8.696868536714286
2902302,10.998248953285714
2902401,10.08783697
2902500,7.144494041428572
2902609,10.912888685285713
2902658,13.231377850428572
2902708,5.798840483714286
2902807,11.162672597285715
2902906,11.822161812857143
2903003,8.795442433285714
2903102,9.122025914
2903201,11.265095303285715
2903235,12.31878171142857
2903276,15.852075285714287
2903300,8.920182391714286
2903409,8.499102373857143
2903508,12.930578478571428
2903607,11.277455457428571
2903706,9.804810505
2903805,8.735022635142856
2903904,10.686090095142857
2903953,12.329391592428573
2904001,11.424169632714285
2904050,10.573932154571427
2904100,10.945781749428573
2904209,13.39538399
2904308,11.67373057
2904407,9.025762642857142
2904506,7.548679210571429
2904605,12.968361415714286
2904704,10.845146164428572
2904753,6.7938689750000005
2904803,8.724470018
2904852,16.94557726714286
2904902,15.167818980000002
2905008,14.903751708571429
2905107,11.910074596428572
2905156,13.983325965714286
2905206,12.234642796285714
2905305,13.057494827142857
2905404,10.058503059285714
2905503,11.842718953285715
2905602,9.388827709142857
2905701,24.770141074285714
2905800,9.78716507357143
2905909,9.273118226571428
2906006,8.189336833857142
2906105,13.268730705714287
2906204,15.132180548571428
2906303,9.358756801714287
2906402,10.13356997
2906501,27.877115800000002
2906600,16.177458811428572
2906709,9.871534423142858
2906808,11.65408513
2906824,6.799306772857143
2906857,10.415560590285713
2906873,14.167432614285714
2906899,12.67597863
2906907,8.373766469
2907004,10.731182872000002
2907103,10.986237122428573
2907202,7.424187525571428
2907301,12.475981797142856
2907400,8.190760584285714
2907509,17.558202165714285
2907558,13.292947389999998
2907608,12.354133933428571
2907707,6.789352926571429
2907806,12.268893173999999
2907905,14.87690689
2908002,10.670027862714287
2908101,5.702592065
2908200,20.92154692
2908309,17.53008004
2908408,13.54356853857143
2908507,21.70497594
2908606,11.643610462714287
2908705,10.725522314142856
2908804,9.541208120571428
2908903,16.42416494142857
2909000,11.999594870714287
2909109,8.54447177042857
2909208,12.190622551285713
2909307,7.608773874428572
2909406,8.113919134571429
2909505,10.116542857142857
2909604,12.21469392642857
2909703,9.794853408
2909802,25.585128734285714
2909901,7.182682128571429
2910008,9.724592574
2910057,24.850148897142855
2910107,14.646988250000001
2910206,14.253618812857143
2910305,14.48833517
2910404,9.381784425428572
2910503,13.180424344285715
2910602,11.139447887285714
2910701,10.125386426571428
2910727,10.880178230428571
2910750,14.05185116
2910776,10.105955877714285
2910800,18.60375817
2910859,12.300536089714285
2910909,13.061546834285712
2911006,9.718316828285714
2911105,8.147071565285716
2911204,12.920004748571428
2911253,11.194775366
2911303,6.635686365
2911402,8.293289019714285
2911501,10.866162173000001
2911600,23.58787855
2911659,11.645273492428572
2911709,18.6081386
2911808,8.298549446714286
2911857,11.326551453142857
2911907,10.072804782714286
2912004,13.78988866
2912103,11.592532270428572
2912202,12.194516533142858
2912301,10.673048648714285
2912400,8.913335240428571
2912509,14.156551322857142
2912608,9.418238582857143
2912707,9.917404298
2912806,10.673170283142857
2912905,9.591184886571428
2913002,11.771508742571427
2913101,13.740097907142857
2913200,9.582515614857142
2913309,13.578963874285716
2913408,12.900188711428571
2913457,8.836206115857143
2913507,9.641038889142857
2913606,11.198012649571428
2913705,12.074524599857142
2913804,12.175597524285715
2913903,11.781704951428571
2914000,10.122884475857143
2914109,7.453880539000001
2914208,10.729422617857143
2914307,9.826217525428572
2914406,10.484929916428571
2914505,18.26784166285714
2914604,18.826856855714286
2914653,9.417357176
2914703,10.829484850142858
2914802,15.833372122857144
2914901,9.641726950142857
2915007,8.33143856842857
2915106,9.759990710857142
2915205,11.227484208571427
2915304,9.992243590857143
2915353,6.992565255571429
2915403,7.932532011571429
2915502,9.664880789857142
2915601,8.372845972142857
2915700,10.96899873
2915809,8.870848287
2915908,10.258580502714285
2916005,9.029227072714287
2916104,35.975480337142855
2916203,9.952898445428572
2916302,8.908589060142857
2916401,10.657304727142858
2916500,10.949506534714287
2916609,10.133365238142858
2916708,10.84213467885714
2916807,9.596045540571428
2916856,13.465807055714285
2916906,12.130970554
2917003,10.363856203285716
2917102,11.90722717
2917201,11.937071095714286
2917300,10.518631316571428
2917334,10.908666506
2917359,7.046755808142857
2917409,11.026797423285714
2917508,11.828461948
2917607,11.710514100285716
2917706,8.167168725571429
2917805,10.46183664857143
2917904,11.098354521285714
2918001,8.643034506285714
2918100,7.0465463647142865
2918209,11.62305702942857
2918308,9.784417221428571
2918357,13.638095274285714
2918407,8.77508834957143
2918456,7.549748624
2918506,10.356608022000001
2918555,7.925880322714286
2918605,12.386219508571429
2918704,10.075356180428571
2918753,11.450737813285714
2918803,13.368920591999998
2918902,11.544390554285714
2919009,11.804367909428573
2919058,11.597137160285714
2919108,14.17948047
2919157,15.021133027142856
2919207,36.663865107142854
2919306,7.121673147428572
2919405,12.116579212428572
2919504,13.637330107142857
2919553,13.239525
2919603,10.045623871285715
2919702,9.490091496857143
2919801,11.408826106428572
2919900,7.039354274428571
2919926,38.62923442571429
2919959,10.557203545142857
2920007,10.048164708
2920106,10.489930029428573
2920205,11.671729251142859
2920304,14.41979239
2920403,9.778096441142859
2920452,6.904328134000001
2920502,9.854744098428572
2920601,13.79120822
2920700,10.680259410428572
2920809,9.665439589714286
2920908,9.217442902428571
2921005,17.01477847857143
2921054,13.625034977142857
2921104,10.659454666428571
2921203,11.282842205285714
2921302,12.218425057571428
2921401,8.940802437714286
2921450,11.484657061714286
2921500,9.811875064428571
2921609,6.995969814142858
2921708,9.114433853714285
2921807,13.300762559999999
2921906,8.931742607285715
2922003,9.970962742857143
2922052,11.08598492857143
2922102,10.040738915142857
2922201,15.364051078571427
2922250,8.815013202
2922300,28.124492919999998
2922409,13.426208990000001
2922508,13.05925255
2922607,9.809295238571428
2922656,12.438036780857143
2922706,10.115965776142858
2922730,10.605064390571428
2922755,10.366780758571428
2922805,10.93697880357143
2922854,10.676808309285715
2922904,11.141073341
2923001,9.068637626
2923035,11.861649676714284
2923050,11.686223610428572
2923100,12.319471881428571
2923209,9.363837481428572
2923308,14.321125545714285
2923357,10.951031243000001
2923407,12.572336218571428
2923506,8.732278078
2923605,12.077031934285714
2923704,9.960397500571428
2923803,13.525757897142856
2923902,7.998500416142856
2924009,10.962006750142857
2924058,10.884840738857141
2924108,13.861416879999998
2924207,12.10236641
2924306,9.765972386571429
2924405,6.202484351571428
2924504,15.783350539999999
2924603,11.278637401571428
2924652,9.682619725142857
2924678,11.16272519
2924702,10.904593761714285
2924801,11.931121477142856
2924900,10.572257291
2925006,10.55614569
2925105,11.215735122571429
2925204,18.398135534285718
2925253,12.442456537428571
2925303,10.069164650857143
2925402,9.22920746042857
2925501,8.875925983428571
2925600,15.525819969999999
2925709,10.223134601
2925758,12.00075035
2925808,10.811519591714285
2925907,10.142006769571427
2925931,12.769805829857143
2925956,11.377695943857143
2926004,9.367248917571429
2926103,12.576607312857144
2926202,9.968666470857142
2926301,10.685523667714287
2926400,10.13365573642857
2926509,9.767881893428571
2926608,11.553843517
2926657,9.063089935571428
2926707,10.913430228285714
2926806,13.68572429
2926905,10.543053523
2927002,12.968104454285713
2927101,4.9428043534285715
2927200,10.208430684142856
2927309,19.269863679999997
2927408,37.62467291285714
2927507,13.1760669
2927606,10.438731735285714
2927705,8.76898363042857
2927804,10.473822290285714
2927903,10.671144659285714
2928000,10.945642007571427
2928059,8.624677915
2928109,9.910123417714285
2928208,10.591349100714286
2928307,12.678482568571429
2928406,7.171566029857142
2928505,13.066456707142859
2928604,16.54805597142857
2928703,20.57879613
2928802,16.78579174
2928901,9.571921798857144
2928950,11.261191800714286
2929008,17.695548835714284
2929057,9.153861071142858
2929107,16.01806293
2929206,25.167471044285715
2929255,11.848646012857143
2929305,19.431585891428572
2929354,9.659954619999999
2929370,12.288823013
2929404,14.181216194285714
2929503,16.86861853
2929602,21.143660755714286
2929701,11.447064642285714
2929750,17.25199451
2929800,10.493313222714287
2929909,11.029602359285715
2930006,9.877498372285714
2930105,14.432294062857142
2930154,12.267058500000001
2930204,5.898614169857143
2930303,11.364335523
2930402,10.641745518285715
2930501,15.5507128
2930600,12.897961164285714
2930709,32.22734382142857
2930758,10.91795438142857
2930766,10.544788391714286
2930774,6.909894034
2930808,9.499891768714287
2930907,8.049049641857142
2931004,14.19192318
2931053,14.12071522
2931103,10.371185047142857
2931202,10.471483962857144
2931301,10.537160203571428
2931350,11.409055936857143
2931400,12.377885224285714
2931509,13.236293535714285
2931608,10.313262525285714
2931707,13.463940525714287
2931806,9.913857573714285
2931905,10.720338791714285
2932002,7.413069397
2932101,9.496598731714286
2932200,12.208398024285714
2932309,10.528899363714286
2932408,10.236920349428571
2932457,8.2069361
2932507,8.47266863642857
2932606,13.233500502857142
2932705,9.768878783714285
2932804,11.193802816285714
2932903,11.408366608142858
2933000,13.221094072857143
2933059,11.677903367428572
2933109,13.835332724285715
2933158,10.30981287357143
2933174,14.983265704285714
2933208,25.91979896285714
2933257,8.951506985285715
2933307,14.1571206
2933406,11.472906319285714
2933455,8.388172716428572
2933505,9.750726791142856
2933604,6.919885903428572
3100104,12.484768861428572
3100203,13.450692269714285
3100302,12.78556917857143
3100401,13.690435614285715
3100500,10.156255440857143
3100609,8.377202457857143
3100708,11.291776922285715
3100807,13.882893977142857
3100906,9.675885326857143
3101003,10.258592129571428
3101102,11.73547159757143
3101201,8.94140055542857
3101300,11.042818697142858
3101409,17.63384386142857
3101508,12.344420977142859
3101607,16.464632247142855
3101631,17.00570485
3101706,8.997919653857142
3101805,16.578715712857143
3101904,15.010571522857143
3102001,15.7950948
3102050,11.507950907285714
3102100,10.464823888285713
3102209,9.42439624257143
3102308,10.66579673057143
3102407,9.764134289714287
3102506,12.916351115714287
3102605,17.922620889999997
3102704,9.676996996285713
3102803,8.216540144
3102852,12.110140096285715
3102902,9.211277862285714
3103009,10.715854025857142
3103108,11.007369401428573
3103207,13.355101348571427
3103306,9.008294432857143
3103405,10.28052007142857
3103504,13.174027014285715
3103603,10.559067500285716
3103702,12.084130954285714
3103751,14.138596097142857
3103801,12.355950539999998
3103900,15.660674057142858
3104007,14.799593425714287
3104106,18.054134905714285
3104205,18.92542913
3104304,16.802196842857143
3104403,10.261890640714286
3104452,8.707929873285714
3104502,8.901300196714285
3104601,15.938155167142856
3104700,9.199385514142858
3104809,10.050764948571429
3104908,9.706587935285715
3105004,11.26876395157143
3105103,15.09372728
3105202,9.220375981142857
3105301,19.35621403857143
3105400,16.993978812857144
3105509,11.91142966857143
3105608,15.528669002857143
3105707,11.125214874285714
3105905,20.902590018571427
3106002,15.63538389
3106101,9.187956694571428
3106200,39.1559847
3106309,16.721356098571427
3106408,13.545015817142856
3106507,12.39028539
3106606,8.954927657285713
3106655,9.647457327714287
3106705,33.705042271428574
3106804,8.186756760714285
3106903,13.93336039
3107000,13.679555142571429
3107109,15.38355466
3107208,8.994487597285714
3107307,9.837639518
3107406,15.814598738571428
3107505,9.009367222
3107604,14.713315071428571
3107703,14.905726961428572
3107802,11.641578696857144
3107901,16.349679745714287
3108008,11.928029277142857
3108107,15.128068745714286
3108206,10.68004442857143
3108255,5.174869375428571
3108305,15.472506252857142
3108404,15.98827485142857
3108503,7.666271653571428
3108552,8.71855379
3108602,12.180077500571429
3108701,11.133862880428572
3108800,10.280193831142856
3108909,12.703224614285714
3109006,17.89538784
3109105,15.027553722857144
3109204,8.971382522
3109253,13.314977988571428
3109303,10.057810933428572
3109402,8.860384747285714
3109451,12.512421319571429
3109501,15.216878602857141
3109600,18.313716205714286
3109709,14.768746092857143
3109808,14.788889552857142
3109907,18.804313500000003
3110004,14.058063540000001
3110103,14.28911518
3110202,17.951728414285714
3110301,12.66787945
3110400,13.542107108571429
3110509,13.29457951
3110608,17.719276192857144
3110707,14.01105051
3110806,9.066856218857144
3110905,13.504464725714286
3111002,13.669984130000001
3111101,14.258564505714286
3111150,11.013716211714286
3111200,15.082199695714285
3111309,14.568743287285715
3111408,12.666425642857144
3111507,12.58999834042857
3111606,15.576751704285714
3111705,13.351929960000001
3111804,14.12926564
3111903,14.25671878
3112000,13.910859182857141
3112059,11.273499570857142
3112109,13.059544883857143
3112208,14.03968863
3112307,11.828378811285715
3112406,14.073667701428572
3112505,19.28600538857143
3112604,15.51695021142857
3112653,9.728907974285715
3112703,12.669005174285713
3112802,15.271767362857142
3112901,13.82959128
3113008,9.632109652857142
3113107,12.37238551
3113206,14.445766489999999
3113305,14.22878129
3113404,12.791995439999999
3113503,8.062747260714286
3113602,14.74600283
3113701,9.508830622571429
3113800,8.076520099857143
3113909,12.451422382857142
3114006,12.863746932857142
3114105,14.46047198142857
3114204,16.01818070857143
3114303,13.122120874285713
3114402,13.93245025
3114501,13.781786612857143
3114550,13.060966277142857
3114600,9.486611770142858
3114709,15.15829857857143
3114808,9.808913865142857
3114907,12.032544304285713
3115003,12.065656249285714
3115102,14.509276830000001
3115201,9.946588748
3115300,14.612346407142857
3115359,10.856319370285714
3115409,11.869860372857143
3115458,10.110524314714285
3115474,12.284449025714284
3115508,18.661548952857142
3115607,12.613283435714285
3115706,11.300556314285714
3115805,16.24893309
3115904,10.752699008285715
3116001,11.908814049285715
3116100,10.525478761714286
3116159,8.537042594428572
3116209,12.88434467142857
3116308,10.797088154999999
3116407,16.28712435
3116506,11.851513305714287
3116605,13.290268351857142
3116704,18.827570610000002
3116803,10.868304187285714
3116902,11.972101764
3117009,8.682490679571428
3117108,13.60722139142857
3117207,12.101345686857144
3117306,13.182545318285715
3117405,10.457639249285714
3117504,8.993364855142856
3117603,17.92842306
3117702,12.99284921
3117801,13.661201015714285
3117836,5.239591292714286
3117876,32.97089153
3117900,15.551490639999999
3118007,22.602073724285713
3118106,9.371912445428572
3118205,12.72676083
3118304,19.666091755714287
3118403,10.24804437
3118502,12.304697455714287
3118601,37.28575648142857
3118700,14.168750489999999
3118809,11.182196701428571
3118908,11.478872486
3119005,11.755954061428572
3119104,11.080700171714286
3119203,8.823130276
3119302,11.302510965714287
3119401,17.928474557142856
3119500,9.328223770857145
3119609,13.4383967
3119708,15.437141017142858
3119807,13.18292421
3119906,14.70409356
3119955,18.917829180000002
3120003,10.387021083428573
3120102,6.526226703571429
3120151,8.084432397
3120201,13.61492987142857
3120300,8.484005438857142
3120409,15.867047492857141
3120508,12.687918788571428
3120607,14.551599179999998
3120706,14.879180402857143
3120805,10.713942703285714
3120839,9.527931888285716
3120870,7.961313092428571
3120904,11.847288288714285
3121001,10.233193962571429
3121100,10.878407170000001
3121209,10.637743657
3121258,17.95929104857143
3121308,9.097876590857142
3121407,10.696334164285714
3121506,11.634633312857144
3121605,7.477549923571429
3121704,12.442859498571428
3121803,10.455505461142858
3121902,15.101978552857144
3122009,15.14242622142857
3122108,9.896882755142856
3122207,10.691481081428572
3122306,22.459445495714284
3122355,11.868930959714286
3122405,14.936218929999999
3122454,8.63554031042857
3122470,10.559017537428572
3122504,15.02938668
3122603,8.103806700714285
3122702,11.463086810000002
3122801,12.805565580000001
3122900,15.035541967142859
3123007,13.029649258571428
3123106,10.714628500142856
3123205,13.485883470000001
3123304,12.786643705714285
3123403,13.55462165
3123502,11.388372785714285
3123528,14.039167044285715
3123601,14.954929481428573
3123700,16.69492689
3123809,12.522403804285714
3123858,12.881147932857143
3123908,13.256884938571428
3124005,14.74842625
3124104,19.883007524285713
3124203,15.071542917142859
3124302,10.281615733428572
3124401,12.53314144142857
3124500,18.075652574285716
3124609,9.866144689714286
3124708,12.911442378571428
3124807,11.245596412285716
3124906,11.262947901
3125002,10.498055610857142
3125101,21.863397112857143
3125200,16.458889632857144
3125309,11.018947629571429
3125408,9.147505109571428
3125507,7.563806657428572
3125606,8.911519847285714
3125705,11.676964102714285
3125804,13.90028334
3125903,9.37809388
3125952,11.40133000657143
3126000,17.06982836
3126109,13.738828238571429
3126208,7.895968470285714
3126307,12.703974141428573
3126406,14.88693132
3126505,12.059288908
3126604,8.379290302285714
3126703,11.417409701714286
3126752,8.041755570857143
3126802,8.482763609571428
3126901,10.91185333757143
3126950,9.522686399714287
3127008,19.83076105714286
3127057,8.611865587857142
3127073,7.921721437571429
3127107,14.216494934285715
3127206,15.168151837142858
3127305,10.306770417571428
3127339,7.9456109327142865
3127354,15.078547215714286
3127370,10.601646847142858
3127388,11.443892451571429
3127404,12.289723914285714
3127503,9.484425788857141
3127602,9.282643401142858
3127701,12.755446430000001
3127800,7.475531031428572
3127909,12.247655890857143
3128006,10.099897588857143
3128105,14.347290019999999
3128204,11.529697704285713
3128253,9.666580971142858
3128303,15.296538029999999
3128402,12.537719145714286
3128501,12.889218127142856
3128600,10.379431016857142
3128709,17.281457975714286
3128808,15.87893428142857
3128907,14.316780137142857
3129004,13.906312785714286
3129103,13.217436430000001
3129202,14.278248110000002
3129301,13.051000022857142
3129400,8.560035699
3129509,10.985418354285715
3129608,11.22395548057143
3129657,13.353506789999999
3129707,16.819134922857142
3129806,34.618751058571426
3129905,16.594458538571427
3130002,12.776324024285714
3130051,14.298166660000001
3130101,30.034426362857143
3130200,18.277689001428573
3130309,15.056912389999999
3130408,21.7463022
3130507,13.931004145714285
3130556,11.739532371714287
3130606,15.636618492857142
3130655,9.164462082285715
3130705,12.066012564000001
3130804,11.238656934285714
3130903,11.455446082714285
3131000,16.022199675714287
3131109,13.14874175
3131158,17.30387319
3131208,11.931544161428572
3131307,25.9422131
3131406,14.06051255
3131505,12.469370369999998
3131604,13.51629887
3131703,12.509337904285715
3131802,12.139313121428572
3131901,16.50376525142857
3132008,7.4236277585714285
3132107,9.679928231285714
3132206,12.757846599285715
3132305,9.258957365857142
3132404,20.035903487142857
3132503,7.826356775571428
3132602,11.586525393
3132701,9.13356995857143
3132800,8.342686479857143
3132909,17.936468675714284
3133006,10.004505980142856
3133105,15.82852812857143
3133204,11.363576744285714
3133303,10.458543638857142
3133402,13.413818535714285
3133501,12.39494089
3133600,16.169305067142858
3133709,15.804717874285714
3133758,15.18164171
3133808,19.841950312857144
3133907,11.08287719342857
3134004,8.658692591285714
3134103,11.877010682857144
3134202,14.43082723
3134301,12.471853775714285
3134400,14.43056335
3134509,11.098336517142856
3134608,12.022478397428571
3134707,10.28328013042857
3134806,11.993894162857144
3134905,16.213988448571428
3135001,11.98083072
3135050,11.324325074
3135076,8.973595763571428
3135100,12.617702194285714
3135209,8.339920529285715
3135308,17.753210575714284
3135357,13.85876313
3135407,15.324127244285714
3135456,9.997775847714285
3135506,11.344397836571428
3135605,10.274946930142857
3135704,12.73040221
3135803,7.213185008142857
3135902,11.727223121571429
3136009,8.127128650285714
3136108,13.10678855
3136207,28.915928918571428
3136306,9.669803583714286
3136405,10.851390740857143
3136504,9.944637806285714
3136520,10.169799537857143
3136553,9.835987137857144
3136579,8.066533994571428
3136603,14.581069971428573
3136652,28.964245339999998
3136702,15.763620301428572
3136801,11.459626688428571
3136900,16.268355555714287
3136959,9.610014283571429
3137007,9.08798786057143
3137106,10.544726744714286
3137205,17.70921598
3137304,12.589345971428571
3137403,12.68288917
3137502,15.326703598571429
3137536,11.121825022714287
3137601,26.369009884285713
3137700,13.579848242857143
3137809,16.23431119
3137908,12.113974398571429
3138005,12.87129712
3138104,8.78204315142857
3138203,17.520764848571428
3138302,14.118487748571429
3138351,10.407681057857143
3138401,11.550549779999999
3138500,8.377102728999999
3138609,9.071566359714286
3138625,13.34601825
3138658,14.281653138571428
3138674,13.101260200428571
3138682,11.591213179285715
3138708,11.136075655571428
3138807,14.63807663
3138906,11.444452980857145
3139003,15.699542835714286
3139102,9.976008106285715
3139201,9.977773236
3139250,12.21997476
3139300,11.083098387428572
3139409,16.626170477142857
3139508,16.73678390142857
3139607,11.453577284285714
3139706,14.192113347142856
3139805,10.899683929285715
3139904,15.88850123
3140001,12.003363868571428
3140100,11.923775018
3140159,28.02846650857143
3140209,12.839186257142856
3140308,8.314900336857143
3140407,11.601027064285715
3140506,13.914596008000002
3140530,17.6043977
3140555,9.598463504571429
3140605,8.599350777571429
3140704,20.063973750000002
3140803,16.27576718142857
3140852,9.176393229428571
3140902,15.495691050000001
3141009,13.074993244285713
3141108,17.66976653
3141207,12.10954298
3141306,11.62332217
3141405,8.6463871
3141504,10.218063000142857
3141603,11.39974172
3141702,11.331983652142856
3141801,10.88083705
3141900,10.119602977142858
3142007,10.862958632714285
3142106,11.174770594285715
3142205,12.41951459
3142254,9.348461943857144
3142304,15.552277224285715
3142403,16.483426694285715
3142502,9.315511297714286
3142601,14.58542870857143
3142700,10.436861109714286
3142809,12.862540095714285
3142908,12.571440778571429
3143005,14.857888954285714
3143104,14.394372162857142
3143153,8.267402753857143
3143203,14.332867475714286
3143302,12.540174030285714
3143401,17.38986741
3143450,8.695119768714287
3143500,11.666117627142857
3143609,13.379799532857144
3143708,7.874902704
3143807,15.67477699
3143906,14.049863097142858
3144003,10.873221780571429
3144102,15.9015395
3144201,9.678733772
3144300,10.576901676285715
3144359,14.954798621428571
3144375,11.193847555428572
3144409,12.100081867428571
3144508,13.202598484285714
3144607,13.71126776
3144656,9.08381704342857
3144672,10.298660022571429
3144706,12.881462207142858
3144805,23.911907917142855
3144904,9.129785261142857
3145000,13.237476990000001
3145059,20.157696899999998
3145109,15.441646935714287
3145208,23.397655014285714
3145307,9.360934692857143
3145356,6.657394482
3145372,11.331528419857142
3145406,9.770401367142856
3145455,6.595734301857143
3145505,12.57072498
3145604,12.627981158571428
3145703,11.082176432428572
3145802,13.173861
3145851,14.810178164285714
3145877,16.30936619
3145901,16.005775202857144
3146008,15.413527610000001
3146107,15.017281402857142
3146206,9.112405260714286
3146255,9.207644950714286
3146305,10.402229987428571
3146404,11.887853159142859
3146503,13.635994117142857
3146552,10.368239577285715
3146602,11.486034711
3146701,11.055558764285715
3146750,9.276957396428571
3146909,13.64837961142857
3147006,9.986441580571428
3147105,18.919058284285715
3147204,15.84605569
3147303,13.884826764285714
3147402,13.042615953714286
3147501,10.823185489428571
3147600,12.822926414285714
3147709,11.095082728571429
3147808,9.879042576714285
3147907,14.00276073
3147956,12.782517804142856
3148004,14.0188632
3148103,13.41752682
3148202,15.681915114285715
3148301,11.93274991
3148400,10.59470436857143
3148509,10.459156097142856
3148608,9.581243007714287
3148707,8.478982894571429
3148756,13.83273809142857
3148806,11.659461367142857
3148905,14.70870442
3149002,12.661632445714286
3149101,14.463335384285715
3149150,10.613431653428572
3149200,12.535018137857142
3149309,23.373837211428572
3149408,9.612347108285714
3149507,12.704692385714285
3149606,14.65908359857143
3149705,17.872664245714283
3149804,11.849506027285715
3149903,17.993685935714286
3149952,14.670507214285715
3150000,9.927429895428572
3150109,9.43916249342857
3150158,13.936411133857144
3150208,15.919925359999999
3150307,10.215097040714285
3150406,12.868961952857143
3150505,13.022200068571427
3150539,13.429800564285713
3150570,11.224024689142857
3150604,12.812845050142856
3150703,13.427678193285715
3150802,11.054382462571429
3150901,12.593022574285714
3151008,19.43596137142857
3151107,11.77959318
3151206,13.699395578571428
3151305,17.37258784
3151404,14.147853955714286
3151503,15.66340874
3151602,14.40428953
3151701,12.980625270428572
3151800,21.122979065714283
3151909,11.387475572714285
3152006,12.446064720285714
3152105,16.60073074857143
3152131,11.375590924142857
3152170,8.545941859285714
3152204,12.517503737142858
3152303,12.76299595
3152402,9.920709746857142
3152501,23.245257784285716
3152600,12.269924445714285
3152709,13.541377905714285
3152808,11.527721759142858
3152907,14.683583184285713
3153004,10.28989113
3153103,10.985731414571429
3153202,11.660669099428572
3153301,9.600537101142859
3153400,10.262352491285714
3153509,14.865375837142858
3153608,16.933053954285715
3153707,12.298954946714286
3153806,12.521009745714284
3153905,14.595589734285713
3154002,11.450971707142857
3154101,12.954120861428573
3154150,15.102189252857142
3154200,10.470237261857141
3154309,10.88418088
3154408,13.601696039999998
3154457,11.074734349714285
3154507,8.624988929428572
3154606,35.720276067142855
3154705,20.28965825857143
3154804,12.803182097142857
3154903,12.618673119999999
3155009,14.789870914285714
3155108,9.802653598571428
3155207,11.382696207142857
3155306,13.85548334142857
3155405,11.788429328571429
3155504,13.333248690000001
3155603,9.398025728285715
3155702,12.39374314857143
3155801,13.803682264285714
3155900,9.22048459957143
3156007,8.602397794714285
3156106,8.97640939
3156205,11.909088327142857
3156304,16.997085114285714
3156403,14.651805661428572
3156452,12.43249731
3156502,8.773203824428572
3156601,12.003316776142857
3156700,23.837094502857145
3156809,8.711946201142856
3156908,11.536115979285714
3157005,11.609229059714284
3157104,9.964809328857143
3157203,10.994312216714286
3157252,14.968189879999999
3157278,6.677916103285715
3157302,11.147732255714287
3157336,35.30071231857143
3157377,10.888807373428572
3157401,12.9728054
3157500,9.051060481428571
3157609,8.39481990457143
3157658,9.023554835714286
3157708,14.397944727142857
3157807,28.62309591
3157906,14.862824504285713
3158003,9.026239914142858
3158102,9.676845092857144
3158201,10.078368100999999
3158300,16.13575530142857
3158409,9.960336791714285
3158508,10.517058212285715
3158607,11.69198971
3158706,8.27874755157143
3158805,10.612182
3158904,13.12525861
3158953,18.87429676
3159001,9.792896948857143
3159100,11.58998144
3159209,12.113642248571429
3159308,9.035509195142856
3159357,17.347796964285713
3159407,8.84737047042857
3159506,10.779820654428573
3159605,17.14666056
3159704,12.345812857857144
3159803,13.695917767142857
3159902,13.042040612857145
3160009,10.06522878157143
3160108,12.023895644285714
3160207,8.841373949285714
3160306,12.17124274
3160405,14.876389309999999
3160454,8.453764028285715
3160504,13.317977122857142
3160603,13.50835503142857
3160702,10.875093888
3160801,14.9374875
3160900,17.967798894285714
3160959,17.474273674285715
3161007,11.422766795571428
3161056,9.692462281428572
3161106,11.843577497285713
3161205,12.636246072857144
3161304,13.20826217857143
3161403,13.68404661857143
3161502,15.270909955714286
3161601,11.195294437285714
3161650,9.049385820142858
3161700,9.582881685428571
3161809,18.100682080000002
3161908,15.45334898
3162005,13.75546485
3162104,13.034008309428572
3162203,13.253834659999999
3162252,9.236349632857143
3162302,12.058190893428572
3162401,12.897176122857143
3162450,11.016599370714285
3162500,10.85835746842857
3162559,16.80720038
3162575,12.66617918
3162609,15.427848544285714
3162658,11.958141822
3162708,10.150362907285714
3162807,10.980425490714286
3162906,11.059362023571428
3162922,31.09247043
3162948,15.745200167142857
3162955,33.954118272857144
3163003,10.163013537285716
3163102,17.09074652
3163201,16.932280035714285
3163300,9.542317640714286
3163409,12.13922965
3163508,10.484883462
3163607,16.23831079
3163706,25.511066777142855
3163805,15.715747998571429
3163904,14.184449141428571
3164001,10.332782996571428
3164100,10.865506534
3164209,8.771777461142857
3164308,9.701988393999999
3164407,16.5551997
3164431,13.644404785714286
3164472,13.54865228
3164506,9.611420906285714
3164605,15.175020124285712
3164704,16.667426078571427
3164803,11.002137261
3164902,13.30019831
3165008,10.129605233428572
3165107,15.102082924428572
3165206,11.556287549999999
3165305,10.280125208428572
3165404,10.380705607
3165503,12.281473160000001
3165537,28.40027856
3165552,9.261580596714285
3165560,12.667815782857144
3165578,15.134443692857143
3165602,11.564759335714285
3165701,13.669093202857143
3165800,14.557595311428571
3165909,7.621282689285715
3166006,11.502844624285714
3166105,8.656118117714286
3166204,13.05980539
3166303,12.68054721
3166402,10.284479607
3166501,8.47958724642857
3166600,12.282793710142856
3166709,13.24393458
3166808,12.578714744142857
3166907,13.763493785714287
3166956,8.946037676142856
3167004,8.856534480285715
3167103,8.839461305
3167202,24.022604834285715
3167301,10.946517237857142
3167400,13.768789029999999
3167509,14.611560054285714
3167608,12.909221514285715
3167707,13.150921857142858
3167806,13.076520775714286
3167905,10.394310836857143
3168002,10.948302038714285
3168051,12.15127619642857
3168101,10.931148796428571
3168200,12.067604129999998
3168309,13.699955529999999
3168408,11.52483392
3168507,16.70354528
3168606,9.664254305428571
3168705,22.509220415714285
3168804,20.116817305714285
3168903,10.065380638999999
3169000,16.68399825
3169059,17.187697238571428
3169109,17.807370097142858
3169208,11.319269497142857
3169307,16.939748945714285
3169356,9.770099026285715
3169406,15.841378579999999
3169505,12.027886204285712
3169604,12.632453454285713
3169703,9.680334952714286
3169802,12.923999605714286
3169901,20.00843877142857
3170008,13.056299161428571
3170057,15.190690904285715
3170107,14.39405026
3170206,15.679994877142857
3170305,9.09113084957143
3170404,11.40308133542857
3170438,13.082484365714285
3170479,11.337207057714286
3170503,17.939963684285715
3170529,11.77021337257143
3170578,12.191549927428571
3170602,11.679383164285714
3170651,9.561733049142857
3170701,21.323925199999998
3170750,11.612937704
3170800,11.747502350714285
3170909,12.446741020000001
3171006,10.328136081857142
3171030,10.049839511
3171071,9.819521659428572
3171105,11.713342184285713
3171154,13.20838573
3171204,35.93508589142857
3171303,18.53342233
3171402,13.399779890000001
3171501,10.420820718
3171600,10.756852559285715
3171709,12.150681574285715
3171808,10.329188443857143
3171907,10.499762050714285
3172004,19.718764435714288
3172103,11.40632108
3172202,12.87801396
3200102,13.128388138571427
3200136,12.505307255714285
3200169,12.143505237142858
3200201,13.068048284285714
3200300,12.662814631428573
3200359,12.807485928571428
3200409,19.02414326
3200508,13.292529984285713
3200607,14.459680191428571
3200706,16.59581917857143
3200805,12.38897523
3200904,14.572712885714285
3201001,14.532443404285715
3201100,16.665116997142857
3201159,12.799758674285714
3201209,19.413004
3201308,27.210048878571428
3201407,13.717884365714285
3201506,15.207926067142855
3201605,11.33253747
3201704,13.394773849999998
3201803,12.223695407142857
3201902,13.687806318571429
3202009,12.700493428571429
3202108,11.121226678571428
3202207,16.53051948285714
3202256,15.016487581428573
3202306,13.69605892
3202405,19.656784322857142
3202454,16.84673274857143
3202504,15.549064324285714
3202553,11.166746290285715
3202603,18.093700795714287
3202652,17.93935291
3202702,13.953359327142858
3202801,19.751498892857143
3202900,15.11534204
3203007,13.85499916
3203056,13.87747035
3203106,16.103015225714284
3203130,14.713584558571428
3203163,14.074782191428572
3203205,13.094609435714286
3203304,14.19564084
3203320,25.189001588571426
3203346,15.35192131
3203353,15.237380612857143
3203403,12.69793981
3203502,11.96065684
3203601,12.193767605714285
3203700,12.460164121428571
3203809,12.779606147142857
3203908,13.44267188
3204005,11.402056974285715
3204054,13.390817191428571
3204104,13.62241669142857
3204203,24.178919014285714
3204252,11.728318685714285
3204302,15.971511997142857
3204351,14.567728677142856
3204401,16.46470756
3204500,12.573370474285714
3204559,16.966225220000002
3204609,14.054312688571429
3204658,15.751682502857141
3204708,16.22742116
3204807,13.82330384857143
3204906,14.410452265714286
3204955,13.289351513571429
3205002,26.291389887142856
3205010,10.962982319285715
3205036,16.056238164285713
3205069,20.74185815142857
3205101,20.34867136
3205150,15.04024806
3205176,15.281182264285714
3205200,30.70394733142857
3205309,38.98253122
3300100,12.554391007142856
3300159,19.80280110857143
3300209,19.98501831857143
3300225,17.262338841428573
3300233,32.81959165714286
3300258,24.135454104285714
3300308,17.592167102857143
3300407,17.47915256
3300456,39.3594526
3300506,16.2942696
3300605,12.60229341
3300704,24.020956911428573
3300803,12.891749110000001
3300902,12.73772519
3300936,15.097299557142858
3300951,16.123501428571426
3301009,14.565529067142858
3301108,11.856172391428572
3301157,12.794902925714284
3301207,12.441148578571429
3301306,16.12771186
3301405,12.536706087142857
3301504,15.172162187142858
3301603,12.02419126
3301702,28.996822382857143
3301801,16.04974902714286
3301850,18.258156562857142
3301876,31.96168615
3301900,27.874483658571428
3302007,25.038456945714284
3302056,13.379735199999999
3302106,13.000990869999999
3302205,13.174004647142857
3302254,16.780154985714287
3302270,33.60269039
3302304,10.009453723714286
3302403,15.697431618571429
3302452,12.47550575
3302502,28.352314422857145
3302601,14.610624869999999
3302700,28.15314995714286
3302809,20.292023725714284
3302858,29.16325624857143
3302908,15.071654635714285
3303005,12.786509032857143
3303104,12.265209337142858
3303203,35.16413674142857
3303302,38.81070353285714
3303401,16.627433175714284
3303500,26.16058119857143
3303609,19.920458071428573
3303708,13.718930180000001
3303807,8.413242560857144
3303856,17.35641052
3303906,18.733183827142856
3303955,23.08506412
3304003,14.697564992857142
3304102,13.550599424285716
3304110,31.40363394
3304128,13.723907852857142
3304144,36.55868342857143
3304151,13.615330228571427
3304201,12.753528148571428
3304300,17.94649763714286
3304409,9.684511888428572
3304508,10.177434645714285
3304524,25.23183687
3304557,36.61993519857143
3304607,9.887703426571429
3304706,14.405103458571428
3304755,15.702043082857143
3304805,10.907503344571428
3304904,35.80769606714286
3305000,21.003633011428573
3305109,40.73603618571428
3305133,13.214532124285714
3305158,17.48768888857143
3305208,22.376113120000003
3305307,11.50799915
3305406,12.128644618571428
3305505,25.24224844
3305554,30.06994098285714
3305604,10.654347556571429
3305703,14.166058484285715
3305752,19.240838749999998
3305802,16.74534761
3305901,11.248703507142858
3306008,18.027292717142856
3306107,11.446860554285715
3306156,13.777896839999999
3306206,15.28901372
3306305,28.41638700857143
3500105,17.592786974285712
3500204,15.536644305714285
3500303,15.870481102857143
3500402,16.859352004285714
3500501,30.204605131428572
3500550,14.891366154285715
3500600,35.82095506857143
3500709,12.59681837
3500758,17.647898674285717
3500808,17.833162445714287
3500907,14.333438468571428
3501004,11.876229986428571
3501103,15.54358268
3501152,27.40172330142857
3501202,16.710504697142856
3501301,19.50071715857143
3501400,12.758252274285713
3501509,14.25818726
3501608,35.93254695857143
3501707,18.88542307142857
3501806,16.568725181428572
3501905,21.073093784285714
3502002,13.282140787142856
3502101,15.982874454285716
3502200,11.77229889357143
3502309,13.005267047142857
3502408,14.213428022857142
3502507,15.07208648
3502606,15.334078637142856
3502705,8.073104814
3502754,26.89219407
3502804,17.81181606
3502903,25.66235827142857
3503000,13.86456215
3503109,16.339170524285713
3503158,9.328188404142859
3503208,18.217987205714287
3503307,18.881681315714285
3503356,14.763491581428571
3503406,16.329929695714288
3503505,9.396380647714285
3503604,16.28198975
3503703,20.146817134285715
3503802,24.72778523
3503901,34.29642980142857
3503950,16.924118448571427
3504008,20.695669415714285
3504107,28.42638468
3504206,14.974517837142857
3504305,12.694382242857143
3504404,15.5743095
3504503,15.035771607142857
3504602,23.888593231428576
3504701,15.774210152857142
3504800,19.609044821428572
3504909,8.922098798285715
3505005,16.27592025285714
3505104,16.56294997
3505203,17.72660546142857
3505302,21.171798285714285
3505351,7.912918186428572
3505401,5.9814047409999995
3505500,16.88583996
3505609,16.347197415714284
3505708,39.853891014285715
3505807,20.89570742
3505906,15.408028470000001
3506003,21.280380519999998
3506102,19.080750121428572
3506201,14.77038349
3506300,16.332637092857144
3506359,12.52979842
3506409,18.004522925714287
3506508,19.708646682857143
3506607,13.14083716142857
3506706,12.971782108
3506805,14.467640745714286
3506904,11.71389067
3507001,26.90789032
3507100,20.16550711857143
3507159,11.56302177
3507209,14.13501539142857
3507308,18.107331472857144
3507407,16.21741519
3507456,9.254342534285714
3507506,15.2599042
3507605,26.32919256
3507704,15.603461167142857
3507753,19.43844687142857
3507803,15.414505
3507902,13.19536733
3508009,11.328247217142858
3508108,18.51314077
3508207,15.601713044285715
3508306,13.14691539
3508405,20.423116410000002
3508504,22.552970372857143
3508603,15.519931325714285
3508702,15.414271745714286
3508801,13.96975032
3508900,15.665242407142857
3509007,30.601961038571428
3509106,14.74798825
3509205,30.007314375714287
3509254,11.528794450000001
3509304,18.081254091428573
3509403,14.304278134285713
3509452,14.686163225714285
3509502,32.524335032857145
3509601,33.43021027428571
3509700,15.539977952857143
3509809,13.3991863
3509908,3.9382814510000004
3509957,18.79215461
3510005,14.162377074285715
3510104,20.125966997142857
3510153,15.391471319999999
3510203,9.510956042571427
3510302,23.373756564285713
3510401,21.74434924
3510500,14.285372304285715
3510609,39.870282852857144
3510708,14.915284138571428
3510807,14.444194761428573
3510906,15.57759931
3511003,14.14514790857143
3511102,25.05293939
3511201,20.81317176142857
3511300,20.63132808142857
3511409,16.143179427142858
3511508,27.11408543142857
3511607,22.741545414285717
3511706,20.059902849999997
3511904,16.480433124285714
3512001,16.992727982857144
3512100,12.40983165242857
3512209,19.033180095714282
3512308,15.63622891
3512407,25.656189455714287
3512506,17.780683517142858
3512605,14.17442202
3512704,15.77429889
3512803,26.456394362857143
3512902,16.782525207142857
3513009,24.700068882857142
3513108,17.172897575714284
3513207,17.721518319999998
3513306,13.55088393
3513405,15.242628830000001
3513504,27.85148765
3513603,9.011939026142857
3513702,16.739984675714286
3513801,39.58508037428572
3513850,15.466615308571429
3513900,17.838566435714288
3514007,16.44050081714286
3514106,14.932143635714286
3514205,16.941658328571428
3514304,15.367713089999999
3514403,17.757966579999998
3514502,15.64260999
3514601,18.24141994
3514700,13.38648185
3514809,5.20209389
3514908,24.06172087857143
3514924,19.692099235714288
3514957,17.37795959285714
3515004,37.616590092857145
3515103,28.056425710000003
3515129,15.126834185714285
3515152,22.732597508571427
3515186,17.20941234714286
3515194,16.20964655
3515202,17.38850082
3515301,13.3746618
3515350,13.864666314285714
3515400,16.283404217142856
3515509,18.979710912857144
3515608,19.997701368571427
3515657,16.39909874142857
3515707,36.27397181285714
3515806,14.424319297142858
3515905,15.299650034285715
3516002,16.37155696
3516101,13.50411518857143
3516200,22.858926779999997
3516309,34.83809693285714
3516408,31.72819080142857
3516507,15.859002075714285
3516606,13.305007304285713
3516705,15.34386258857143
3516804,15.644849027142856
3516853,15.554420734285713
3516903,15.242660237142857
3517000,14.12840872
3517109,17.56404056285714
3517208,17.839392612857143
3517307,15.932537932857144
3517406,13.577758829999999
3517505,20.13391828857143
3517604,13.00386621
3517703,14.554795401428573
3517802,14.765963855714286
3517901,14.065381108571428
3518008,17.32391537
3518107,12.427537647142858
3518206,16.097201424285714
3518305,23.172533764285713
3518404,14.237478955714286
3518503,11.777589793999999
3518602,17.000232545714287
3518701,31.473719434285716
3518800,32.99190244571429
3518859,14.709666924285715
3518909,14.736293527142857
3519006,17.895172105714288
3519055,32.46357357
3519071,39.86851126714286
3519105,15.432117627142857
3519204,16.854512672857144
3519253,12.036838399428571
3519303,17.888616677142856
3519402,18.42554146
3519501,12.549591662714286
3519600,17.569013135714286
3519709,14.23005280142857
3519808,14.255140125714286
3519907,13.398344935714286
3520004,15.149887184285713
3520103,13.987265840000001
3520202,13.954391437142858
3520301,4.972865996142858
3520400,6.541640483857143
3520426,17.634871887142857
3520442,14.5644152
3520509,29.7400112
3520608,18.191058617142858
3520707,15.258228414285714
3520806,18.07008148
3520905,15.492804522857142
3521002,23.82712221
3521101,17.136440795714286
3521150,20.841611072857145
3521200,4.115095035714285
3521309,13.06691576
3521408,20.23755047857143
3521507,16.182805344285715
3521606,16.501334257142855
3521705,13.771404138571429
3521804,15.717741075714287
3521903,16.88730794
3522000,17.16625143857143
3522109,10.953777558285713
3522158,10.52804721
3522208,31.802729207142857
3522307,14.502275731428572
3522406,12.813535321428573
3522505,36.30065863285714
3522604,18.755440147142856
3522653,7.133915114142858
3522703,16.37868813142857
3522802,14.92950709857143
3522901,16.270593544285713
3523008,13.779986988571428
3523107,40.49410349857143
3523206,11.223862890000001
3523305,10.976847948571429
3523404,28.85489571
3523503,9.434017998857144
3523602,13.403639037142856
3523701,16.373330347142858
3523800,18.78065842
3523909,25.118327212857142
3524006,30.52178364
3524105,14.463237014285713
3524204,13.649595891428572
3524303,17.823783722857144
3524402,26.239529347142856
3524501,19.58065690285714
3524600,8.485243788
3524709,31.41705507
3524808,19.42740512142857
3524907,16.198092464285715
3525003,38.773276962857146
3525102,16.86573649
3525201,27.29447773
3525300,16.706272282857142
3525409,17.354302447142857
3525508,12.06572049
3525607,14.121776567142858
3525706,16.725785072857143
3525805,14.374187928571429
3525854,28.294764884285712
3525904,29.80267138
3526001,17.54374032
3526100,8.287214114714287
3526209,11.76944243857143
3526308,10.55648986542857
3526407,19.399656139999998
3526506,14.47400284
3526605,13.304223994285715
3526704,19.38106596
3526803,15.766221394285713
3526902,26.636449994285716
3527009,26.706698721428573
3527108,17.34263198
3527207,14.923286272857142
3527256,15.377275861428572
3527306,33.89753699571428
3527405,16.684556255714288
3527504,14.643203001428573
3527603,10.725067707571428
3527702,14.703671261428571
3527801,13.70325374
3527900,13.40076632857143
3528007,18.71980310857143
3528106,16.26186644428571
3528205,16.197975727142857
3528304,14.62165394857143
3528403,26.79241509
3528502,26.61907540142857
3528601,16.284438685714285
3528700,13.29703781142857
3528809,14.08366191
3528858,19.40341088
3528908,15.641871557142858
3529005,18.208193415714284
3529104,15.926530514285714
3529203,14.310665369999999
3529302,18.21934246142857
3529401,38.91458672
3529500,18.689075378571427
3529609,17.614040347142858
3529658,15.48670415
3529708,11.871610815857142
3529807,16.433897575714287
3529906,7.281178347142857
3530003,15.61163073857143
3530102,15.586858685714285
3530201,15.041538362857143
3530300,25.119506951428573
3530409,18.007022667142856
3530508,16.552176198571427
3530607,25.47825233714286
3530706,16.58925156
3530805,22.87221667
3530904,19.198293852857145
3531001,17.9127288
3531100,16.659249934285715
3531209,21.77724619857143
3531308,21.49598756857143
3531407,17.660350812857143
3531506,18.802506334285713
3531605,16.504980240000002
3531704,10.033856451714286
3531803,26.04713933
3531902,10.634921053714285
3532009,20.922344095714287
3532058,14.951961027142858
3532108,15.867923110000001
3532157,12.914739224714285
3532207,14.77988494
3532306,9.575966343428572
3532405,17.529297
3532504,18.508346965714285
3532603,17.250213802857143
3532702,16.650757078571427
3532801,17.81983597857143
3532827,10.321439199571428
3532843,17.65779764142857
3532868,14.303298381428572
3532900,17.159492365714286
3533007,16.74246924
3533106,22.048610485714285
3533205,15.936256207142858
3533254,17.559554714285717
3533304,16.29862336
3533403,35.25318427714286
3533502,15.534473327142859
3533601,14.540241447142858
3533700,14.752270390000001
3533809,15.717849948571429
3533908,17.46252618
3534005,17.97420438714286
3534104,14.788761642857143
3534203,16.36524231
3534302,18.06602488142857
3534401,41.01919548
3534500,12.951111381428571
3534609,18.93380298
3534708,22.980734430000002
3534757,17.31619367
3534807,14.885775681428571
3534906,16.91568824
3535002,15.888908821428572
3535101,19.883875614285717
3535200,16.67457607
3535309,13.66698355
3535408,14.325745521428571
3535507,16.529496764285714
3535606,11.763147009999999
3535705,19.371848862857146
3535804,14.259576417142856
3535903,17.418283514285715
3536000,18.29164225
3536109,18.131810421428572
3536208,12.275698890000001
3536257,18.37533955142857
3536307,14.464418924285713
3536406,15.754811734285713
3536505,35.36275911
3536570,10.960689485571427
3536604,14.06050438
3536703,18.72854289
3536802,17.99659204285714
3536901,16.70915848285714
3537008,15.129662697142859
3537107,25.41854405714286
3537156,14.85302637
3537206,4.507151608
3537305,17.701387309999998
3537404,14.887797879999999
3537503,18.456325785714284
3537602,14.798043772857143
3537701,14.171833225714286
3537800,16.466628725714287
3537909,11.272310809428571
3538006,17.660172112857143
3538105,20.117123590000002
3538204,21.97232833
3538303,13.318542365714285
3538501,12.19757011
3538600,14.889154212857141
3538709,21.054700584285715
3538808,16.272158491428574
3538907,14.310153940000001
3539004,20.10943861
3539103,20.903238767142856
3539202,16.038203864285716
3539301,18.2765937
3539400,14.93134175
3539509,16.22232692
3539608,15.857635349999999
3539707,15.058104692857142
3539806,39.919553661428566
3539905,18.39183056142857
3540002,15.77336693
3540101,16.20194283142857
3540200,15.325639964285715
3540259,15.267190855714286
3540309,16.00422704
3540408,15.384875131428572
3540507,17.634843847142857
3540606,22.907581501428574
3540705,20.612201354285713
3540754,23.28637936
3540804,18.61667964
3540853,16.10751436714286
3540903,19.13278085857143
3541000,26.47887577
3541059,15.811444114285715
3541109,12.353673788571427
3541208,14.822943032857141
3541307,13.175154445714286
3541406,22.937267
3541505,16.35221388
3541604,15.706064459999999
3541653,16.43763327
3541703,14.89771395
3541802,16.19701784571429
3541901,11.115822069999998
3542008,15.988348041428571
3542107,19.567174874285715
3542206,13.76748162
3542305,11.19177857
3542404,19.891120972857145
3542503,13.16106837
3542602,13.40980118
3542701,15.180978367142856
3542800,8.437960201428572
3542909,14.082926538571428
3543006,9.373412940285714
3543105,18.16229156
3543204,15.265867581428571
3543238,13.63749051142857
3543253,9.960096364857142
3543303,35.16605074571429
3543402,26.86069706142857
3543501,13.019509854285714
3543600,16.239055767142855
3543709,14.694703512857144
3543808,15.34703051
3543907,22.63751931
3544004,21.968700324285717
3544103,32.61161623571429
3544202,14.13992245
3544251,13.976080764285713
3544301,15.417787218571428
3544400,16.188580074285714
3544509,16.46269911142857
3544608,14.584062645714285
3544707,15.999863989999998
3544806,15.850252624285714
3544905,14.35161089142857
3545001,9.867638199428571
3545100,14.998447855714286
3545159,19.47206692
3545209,32.87130113
3545308,22.63480924
3545407,18.331339605714284
3545506,15.69799
3545605,18.455654587142856
3545704,16.53401748285714
3545803,25.98829175
3546009,14.20459672857143
3546108,15.086762539999999
3546207,19.313643817142857
3546256,15.182677465714287
3546306,13.406828538857143
3546405,14.97714435
3546504,17.316141944285715
3546603,19.68541140285714
3546702,23.44095134
3546801,22.077277825714283
3546900,14.70182584857143
3547007,15.017227735714286
3547106,17.76296649714286
3547205,16.638069425714285
3547304,34.110224474285715
3547403,15.34467179857143
3547502,13.510408977142857
3547601,16.054445652857144
3547650,18.34019223857143
3547700,14.620748809999998
3547809,27.61852449428571
3547908,14.934043829999998
3548005,24.076344684285715
3548054,14.148546038571428
3548104,18.85118714714286
3548203,15.482202344285714
3548302,17.563416605714288
3548401,15.232284887142857
3548500,16.77476567
3548609,14.47234179
3548708,23.721156935714284
3548807,42.09535418857143
3548906,18.425336675714284
3549003,18.09452873142857
3549102,19.30935676142857
3549201,16.040117325714284
3549250,14.340906445714285
3549300,16.938029351428572
3549409,15.656290870000001
3549508,14.59191181
3549607,7.354106328428571
3549706,18.964341601428572
3549805,31.747164029999997
3549904,19.848714732857143
3549953,15.547022491428573
3550001,9.990227967857143
3550100,16.092512474285716
3550209,11.600749290285714
3550308,34.46682757
3550407,16.411436007142857
3550506,13.026056685714286
3550605,30.29882490142857
3550704,14.786025937142856
3550803,17.94219463285714
3550902,13.133492930000001
3551009,24.19935017857143
3551108,15.282846388571429
3551207,14.30010003142857
3551306,18.162420137142856
3551405,15.216477392857144
3551504,20.436351784285712
3551603,21.86348279
3551702,20.83485389
3551801,6.866037868285715
3551900,20.279562578571426
3552007,9.977584668857144
3552106,20.317355587142856
3552205,33.14154619714286
3552304,14.578087631428572
3552403,34.44510136
3552502,32.62395984714286
3552551,14.91344088
3552601,16.176342549999998
3552700,15.831639130000001
3552809,39.73604570285714
3552908,13.801351858571428
3553005,19.990186422857143
3553104,19.641018572857142
3553203,19.47059171
3553302,13.739855579999999
3553401,17.26042888
3553500,5.659422593
3553609,15.714739832857143
3553658,17.706910262857143
3553708,18.854758205714287
3553807,16.94181661142857
3553856,15.312559524285714
3553906,15.127030432857143
3553955,13.934383749999999
3554003,23.081984125714285
3554102,18.919817990000002
3554201,14.072816337142857
3554300,11.447612982857143
3554409,13.265108184285713
3554508,21.669767998571427
3554607,13.233322872857142
3554656,14.417495035714285
3554706,14.553026424285715
3554755,16.44192065857143
3554805,21.46429439
3554904,18.38919167
3554953,20.14100002142857
3555000,18.144882452857143
3555109,21.00151477142857
3555208,15.909553614285715
3555307,16.34836679857143
3555356,15.841709342857143
3555406,10.515482622857144
3555505,14.06821103
3555604,18.567560834285718
3555703,17.301435674285717
3555802,17.859816597142856
3555901,14.45661245857143
3556008,18.21494310285714
3556107,20.74742645857143
3556206,33.37731449142857
3556305,15.168612997142857
3556354,23.309992902857143
3556404,18.78725868857143
3556453,36.692355334285715
3556503,37.30356988285714
3556602,16.591587412857145
3556701,35.75382692714286
3556800,16.497341675714285
3556909,22.757925368571428
3556958,17.48915036
3557006,23.447044192857142
3557105,21.788592978571426
3557154,14.63787749
3557204,14.74095107142857
3557303,20.30790888142857
4100103,12.651325035714285
4100202,5.606533303428571
4100301,15.10595189857143
4100400,28.62869134
4100459,10.517390445714286
4100509,13.616288651428572
4100608,17.554283325714287
4100707,15.936919314285714
4100806,14.28407813
4100905,15.722384637142856
4101002,16.218428562857145
4101051,16.637440615714286
4101101,15.909472415714285
4101150,18.549208224285714
4101200,5.823597232428571
4101309,10.120892345714285
4101408,20.597069115714284
4101507,22.10414466
4101606,10.865841264714286
4101655,13.69008013
4101705,16.736236212857143
4101804,25.293952425714284
4101853,12.946055462857144
4101903,16.420272747142857
4102000,14.295069068571427
4102109,17.281591035714285
4102208,18.12583891142857
4102307,16.49131543142857
4102406,15.201597645714287
4102505,12.309529735714287
4102604,15.695341608571429
4102703,13.066761684428572
4102752,13.66515389
4102802,14.90882406
4102901,9.500348859714284
4103008,15.839522471428571
4103024,15.361254268571429
4103040,12.554310067142856
4103057,14.607427490000001
4103107,8.822196130714286
4103156,12.9218166
4103206,11.188162744
4103222,17.71821928
4103305,14.70277607
4103354,13.969174238571428
4103370,15.217996642857143
4103404,17.424492684285713
4103453,16.88199377857143
4103479,15.82572033857143
4103503,18.814645314285713
4103602,14.787999272857144
4103701,19.0436174
4103800,18.335747577142858
4103909,12.521139724285714
4103958,10.655767999
4104006,13.765618795714285
4104055,10.77854445357143
4104105,12.301420657142858
4104204,14.53338304142857
4104253,16.79600984142857
4104303,16.850685352857145
4104402,10.744421512
4104428,11.571213573571429
4104451,10.384088079714285
4104501,16.61924483285714
4104600,14.86118015
4104659,17.030977992857142
4104709,16.33382881142857
4104808,15.361898051428572
4104907,14.301758768571428
4105003,11.350495069285714
4105102,14.920597597142857
4105201,9.97933296142857
4105300,5.350926326
4105409,13.295847302857142
4105508,18.576632077142854
4105607,16.992321187142856
4105706,12.610390044285714
4105805,32.63651341571428
4105904,18.44538683
4106001,12.942630791428572
4106100,13.471035418571429
4106209,18.43014602
4106308,15.168561904285713
4106407,14.458805139999999
4106456,7.891021687857143
4106506,15.42075414
4106555,13.68073689
4106571,16.782229098571428
4106605,16.030644264285716
4106704,16.53965274
4106803,9.411841041714286
4106852,14.03690718
4106902,39.11625682
4107009,12.481472364285713
4107108,15.30406136714286
4107124,9.160882009
4107157,11.52914231
4107207,18.14305958
4107256,15.541438869999999
4107306,17.501437604285716
4107405,15.91565161
4107504,13.54162761
4107520,17.09045541
4107538,16.598650529999997
4107546,9.512850614
4107553,15.30470271
4107603,13.1887335
4107652,30.75961726
4107702,12.478915007142858
4107736,11.240098644285714
4107751,15.47275992
4107801,16.09267678
4107850,14.9542977
4107900,17.984668751428572
4108007,14.342509624285713
4108106,16.73492156
4108205,16.365691767142856
4108304,18.638191568571433
4108320,16.99066187714286
4108403,18.31615778
4108452,13.76210355
4108502,7.48358347
4108551,14.717138772857142
4108601,15.350065027142858
4108650,9.722632398857144
4108700,12.477497381428572
4108809,15.054087431428572
4108908,15.690803958571427
4108957,13.441916148571428
4109005,14.709243614285713
4109104,17.692336645714285
4109203,15.956719442857144
4109302,9.726918537714285
4109401,11.402689604428572
4109500,3.172276300857143
4109609,6.0174157657142855
4109658,13.502809231428571
4109708,13.779741592857144
4109757,13.550938604285715
4109807,21.468805955714288
4109906,15.803243698571427
4110003,19.13228025
4110052,13.518932595714286
4110078,12.70619299
4110102,14.487027435714285
4110201,7.350465061285715
4110300,15.50531340142857
4110409,18.494077491428573
4110508,12.666155011428572
4110607,15.909673510000001
4110656,16.05726051
4110706,14.00144954
4110805,12.00657907
4110904,18.009789315714286
4110953,14.436417997571429
4111001,14.25181282
4111100,12.999520655714287
4111209,18.278611374285713
4111258,12.429457901428572
4111308,17.769844887142856
4111407,13.23225982857143
4111506,15.697938754285714
4111555,16.057269745714287
4111605,16.84069886857143
4111704,20.183640529999998
4111803,14.674367937142858
4111902,15.243040842857141
4112009,10.022994560714286
4112108,18.564667197142857
4112207,16.1856218
4112306,16.36614392857143
4112405,16.658128194285716
4112504,13.796561685714286
4112603,17.50758903
4112702,16.529984554285715
4112751,15.575894427142856
4112801,16.44148016
4112900,11.95823097
4112959,14.459545832857144
4113007,15.455649847142857
4113106,13.967409164285714
4113205,11.475475742857142
4113254,9.338621476857144
4113304,13.61318605857143
4113403,12.459852459999999
4113429,15.893279921428572
4113452,12.161631510428572
4113502,15.398251427142856
4113601,15.922833941428573
4113700,18.20067587
4113734,12.298918088571428
4113759,14.187645724285716
4113809,19.021999658571428
4113908,9.524193453142857
4114005,14.564271707142856
4114104,17.86336868
4114203,16.47594675
4114302,17.12311043
4114351,11.653284231428572
4114401,12.967118185714286
4114500,14.162995350000001
4114609,16.13038997
4114708,15.829785990000001
4114807,17.352017775714284
4114906,16.40901058
4115002,17.557622978571427
4115101,14.73184906857143
4115200,26.924296875714283
4115309,16.664931764285715
4115358,15.337005172857143
4115408,17.491066961428572
4115457,9.03363965
4115507,11.966372903571429
4115606,8.162439968
4115705,20.170650904285715
4115739,11.32669243
4115754,18.726877711428568
4115804,17.01691319
4115853,16.246623975714286
4115903,15.644557894285713
4116000,18.849082409999998
4116059,15.627698140000001
4116109,17.518829649999997
4116208,9.21457143957143
4116307,17.495240935714286
4116406,16.854552255714285
4116505,16.720182561428572
4116604,15.33999620857143
4116703,14.764879679999998
4116802,13.946861901428573
4116901,18.626110165714287
4116950,15.356137298571428
4117008,12.943967967142857
4117057,9.30458169642857
4117107,17.57261141142857
4117206,17.732791924285713
4117214,19.03038568285714
4117222,16.442921758571426
4117255,16.487260459999998
4117271,10.81194559657143
4117297,15.284734877142856
4117305,12.145687480000001
4117404,15.47377729
4117453,13.676276164285714
4117503,18.44550485
4117602,9.509601764142857
4117701,13.41426128
4117800,10.037857025285716
4117909,15.27385131142857
4118006,16.965439764285716
4118105,17.751861734285715
4118204,12.28335420142857
4118303,15.813095207142856
4118402,16.485125924285715
4118451,17.46672963285714
4118501,19.06739566
4118600,13.112331097142857
4118709,13.053871202
4118808,15.154153924285714
4118857,16.518683791428572
4118907,17.929219975714286
4119004,15.55281121
4119103,17.131242757142857
4119152,37.49058292
4119202,13.30093209
4119251,14.609147264285713
4119301,10.594305974285716
4119400,12.362830352857143
4119509,24.498463939999997
4119608,12.01769764
4119657,15.82846603
4119707,15.60789642
4119806,15.881554829999999
4119905,15.763958681428573
4119954,16.922829127142858
4120002,13.17382886
4120101,14.45343604
4120150,10.988215683857144
4120200,15.24495974
4120309,13.341095300000001
4120333,16.008860075714285
4120358,15.511972927142859
4120408,19.278859551428575
4120507,14.40174202
4120606,10.185000088285715
4120655,13.259255575714286
4120705,19.247645860000002
4120804,16.6884815
4120853,17.958816994285716
4120903,11.717789031571428
4121000,14.54699046
4121109,13.21504723857143
4121208,15.050150675714287
4121257,11.716134821428572
4121307,15.51327635
4121356,12.29352679
4121406,16.64851569
4121505,12.806282238571429
4121604,14.997433795714285
4121703,10.65586907
4121752,9.602545895142857
4121802,13.752442921428571
4121901,12.93047034
4122008,11.862564197142857
4122107,14.375957889999999
4122156,11.9743549
4122172,12.109567874285714
4122206,11.899793334285715
4122305,11.435795602857143
4122404,20.47588103714286
4122503,12.560686708571428
4122602,16.138744
4122651,13.08204128
4122701,18.092632424285714
4122800,13.290771392857142
4122909,14.66494483
4123006,15.771978965714286
4123105,17.314158774285715
4123204,15.82845822
4123303,15.97474407
4123402,18.36098181
4123501,14.985037745714285
4123600,17.81973436142857
4123709,16.718906325714283
4123808,16.844930037142856
4123824,14.751976004285714
4123857,10.893781641285715
4123907,13.37702736
4123956,16.095199277142857
4124004,14.48899704
4124020,16.303089149999998
4124053,17.39249515
4124103,14.296088555714286
4124202,14.10737638142857
4124301,15.594638759999999
4124400,15.71283956
4124509,17.867946874285714
4124608,14.604223932857142
4124707,13.249860558571429
4124806,16.49028797
4124905,14.771737357142857
4125001,15.04023626
4125100,9.927180898857143
4125209,15.77324362
4125308,14.54854909
4125357,10.69358611857143
4125407,12.278182411428572
4125456,11.792273568714284
4125506,19.33705042
4125555,15.975291464285714
4125605,12.169247248571429
4125704,14.274912200000001
4125753,14.14919031
4125803,12.337584072
4125902,15.407922007142858
4126009,14.805019810000001
4126108,14.74659255
4126207,11.826002945714285
4126256,27.18917656857143
4126272,18.0064155
4126306,8.805302084428572
4126355,7.036054784428572
4126405,13.87094127
4126504,14.898893741428571
4126603,18.10573204
4126652,14.414453067142857
4126678,13.666664319999999
4126702,17.10818375285714
4126801,16.03156249857143
4126900,16.546530407142857
4127007,11.075811742857143
4127106,9.919753041142856
4127205,14.801645881428572
4127304,16.48142984142857
4127403,15.04674037
4127502,11.80989007
4127601,12.57029505
4127700,18.900318217142857
4127809,13.194333111428572
4127858,13.176793141428572
4127882,7.540976323571428
4127908,15.157888507142857
4127957,15.794861474285714
4127965,9.856899729428571
4128005,13.156624947142857
4128104,17.607379964285716
4128203,11.513238990428572
4128302,18.749615155714284
4128401,17.228983981428573
4128500,14.449486378571427
4128534,11.539640427142857
4128559,13.614200175714286
4128609,16.569946764285714
4128625,10.653337978571429
4128633,7.9220711947142854
4128658,11.417335640285714
4128708,16.804645444285715
4128807,17.429108615714288
4200051,13.711944074285714
4200101,13.39597326
4200200,15.748989879999998
4200309,17.30048482
4200408,9.484646977428572
4200507,15.77487291
4200556,18.623090459999997
4200606,13.162487977142858
4200705,10.582049227857143
4200754,17.974483744285713
4200804,14.952127247142856
4200903,11.875363656428572
4201000,10.705950907
4201109,8.702253314142856
4201208,16.65046134714286
4201257,10.847504922714284
4201273,16.91242426
4201307,18.05703239
4201406,23.740967511428572
4201505,16.47218731857143
4201604,15.731477275714285
4201653,14.509938312857143
4201703,14.94956591
4201802,15.802469382857142
4201901,15.958493899999999
4201950,19.972934210000002
4202008,38.452524495714286
4202057,14.5456915
4202073,17.900917184285714
4202081,12.921794472857142
4202099,15.463209817142857
4202107,24.714925757142858
4202131,8.824699394000001
4202156,15.171300765714287
4202206,12.561921408571427
4202305,20.65977041
4202404,23.52360086285714
4202438,8.192215860142857
4202453,33.018948955714286
4202503,9.302650754857142
4202537,20.503919807142857
4202578,18.921943692857145
4202602,8.449246246
4202701,9.269474521428572
4202800,22.296614258571427
4202859,16.615696192857143
4202875,11.848638249714286
4202909,25.97177832
4203006,12.325567361428572
4203105,15.597341387142858
4203154,7.656810799571429
4203204,19.705344502857145
4203253,7.676012469571428
4203303,14.075939301428573
4203402,10.692182522142856
4203501,14.258688867142856
4203600,12.391115134285714
4203709,18.09285449857143
4203808,11.926637062857143
4203907,18.631918784285716
4203956,27.940516995714287
4204004,12.104273823142858
4204103,17.395265560000002
4204152,12.643309658857143
4204178,9.809598448857143
4204194,12.770553863857144
4204202,21.43314105285714
4204251,29.440234624285715
4204301,17.762454835714287
4204350,21.59148016
4204400,17.69698706
4204459,13.906438977714286
4204509,11.032775037285715
4204558,10.692228115714286
4204608,34.09656574428571
4204707,17.60534702714286
4204756,16.96265574
4204806,12.104271898571428
4204905,16.87214336
4205001,15.032438667142857
4205100,13.34108547
4205159,8.854308697857144
4205175,12.407639490714287
4205191,16.14331286
4205209,14.278979640000001
4205308,14.514053684285715
4205357,16.712583264285716
4205407,31.99616816
4205431,13.503457857142857
4205456,20.565165092857143
4205506,14.0767441
4205555,13.706893927857141
4205605,14.526526945714286
4205704,26.35633922
4205803,10.904111412
4205902,22.375467602857146
4206009,22.412331472857144
4206108,13.59908430857143
4206207,20.590298060000002
4206306,21.243364384285716
4206405,16.663736962857143
4206504,19.28343678
4206603,17.88689175142857
4206652,16.47780383142857
4206702,14.388612100000001
4206751,11.282505640285715
4206801,14.972447388571428
4206900,16.38747755857143
4207007,27.11321278
4207106,18.26813331142857
4207205,12.176821752857142
4207304,28.58692761
4207403,16.832108787142857
4207502,13.149360920000001
4207577,17.825767585714285
4207601,16.042364215714287
4207650,17.45572491
4207684,15.63946322
4207700,14.2381721
4207759,16.321446212857143
4207809,12.001995225714285
4207858,15.4712741
4207908,12.741916415714286
4208005,18.234993865714284
4208104,9.883419325142857
4208203,26.785951054285714
4208302,30.47077925
4208401,18.313274234285718
4208450,14.154992874285714
4208500,17.632505042857144
4208609,14.414801765714286
4208708,10.843406404285714
4208807,23.15768437428571
4208906,21.71358238
4208955,15.397058714285714
4209003,18.894414539999996
4209102,18.6227113
4209151,9.062974648857143
4209177,14.800567947571428
4209201,19.047104649999998
4209300,9.652539273142859
4209409,20.697328544285714
4209458,17.96445238
4209508,23.15974843285714
4209607,16.08130246142857
4209706,8.944523951
4209805,11.006191066714285
4209854,13.315263580857144
4209904,17.710212504285714
4210001,16.264919505714285
4210035,16.466955674285714
4210050,8.023362995571429
4210100,12.10345629
4210209,10.031228462571429
4210308,10.125989707857144
4210407,22.622665105714283
4210506,20.683823465714287
4210555,16.17259215857143
4210605,16.10334821
4210704,8.135152932142857
4210803,16.21584988
4210852,7.843820318285714
4210902,18.628134232857143
4211009,17.481060807142857
4211058,12.16064708
4211108,8.010150436571427
4211207,31.14907422
4211256,9.519547898142857
4211306,28.651113197142855
4211405,21.641130074285712
4211454,16.497498082857142
4211504,11.665291674285713
4211603,14.133486128571429
4211652,11.081249580285714
4211702,14.404683751428573
4211751,8.670077766
4211801,17.088816302857143
4211850,15.883633235714285
4211876,14.350760571428571
4211892,7.402177377571428
4211900,21.19035262
4212007,14.304817287142857
4212056,9.654775267142856
4212106,17.43458798
4212205,11.26057489
4212239,14.272930174285715
4212254,21.914668174285712
4212270,8.700413269857142
4212304,8.543956619714285
4212403,16.67296613
4212502,34.69074466714286
4212601,14.16351261857143
4212650,22.823332488571427
4212700,13.078930604285715
4212809,24.370050291428573
4212908,21.86329454
4213005,20.280298512857144
4213104,16.314997604285715
4213153,16.967415855714286
4213203,22.718412424285713
4213302,8.348376603285715
4213351,8.141690990857143
4213401,8.985605531000001
4213500,26.432767547142856
4213609,11.483511775714286
4213708,14.69824511
4213807,10.878502924285714
4213906,14.477188530000001
4214003,16.235055515714286
4214102,10.188347468571427
4214151,16.48173113
4214201,15.665397901428571
4214300,13.42185211
4214409,15.792345084285715
4214508,9.911428321142859
4214607,16.19187055
4214706,10.940622822857142
4214805,22.090542612857146
4214904,13.577894397714285
4215000,10.291830851285713
4215059,10.064075948
4215075,14.735894657142856
4215109,19.666111482857143
4215208,15.180009384285714
4215307,14.770575844285714
4215356,14.610678751428571
4215406,15.271967944285715
4215455,28.489903374285714
4215505,8.297353724999999
4215554,16.96580563
4215604,11.484127215857143
4215653,16.667162202857146
4215679,10.140382245857143
4215687,14.305988648571429
4215695,11.81913482
4215703,12.033631549999999
4215752,13.543245684285713
4215802,16.99483876
4215901,9.690936262285714
4216008,20.97722078714286
4216057,8.539162662142857
4216107,15.624019054285714
4216206,18.06785039857143
4216255,17.899062192857144
4216305,16.972328255714284
4216354,16.129205405714284
4216404,16.392798371428572
4216503,9.196998901
4216602,34.36986685428571
4216701,16.288350594285713
4216800,11.361236679857143
4216909,14.874195958571429
4217006,22.508906545714286
4217105,12.296224281857144
4217154,15.834018705714286
4217204,20.85887966285714
4217253,15.62190356142857
4217303,17.20767559
4217402,17.720481994285713
4217501,15.40173329
4217550,16.340797755714284
4217600,15.565137801428572
4217709,21.32363441
4217758,15.397748924285716
4217808,12.028728240000001
4217907,13.6792535
4217956,18.02669724
4218004,18.29707122142857
4218103,9.793390815857142
4218202,26.728490462857142
4218251,8.479451878142857
4218301,11.297583143142857
4218350,13.168696790142857
4218400,21.024051250000003
4218509,16.558521622857143
4218608,19.115841365714285
4218707,24.868313014285715
4218756,18.62699402
4218806,16.271532267142856
4218855,15.641634655714284
4218905,9.474704760714285
4218954,9.989071301714286
4219002,21.702266129999998
4219101,16.650455844285712
4219150,10.177612541285713
4219176,11.282185639571429
4219200,13.383095534285715
4219309,19.296601435714283
4219358,9.847112142857142
4219408,14.122003561428572
4219507,19.18307787
4219606,14.508009703285714
4219705,17.831310047142857
4219853,13.448595532857142
4220000,29.659706835714285
4300034,10.000739976285715
4300059,17.895247535714283
4300109,15.60368206
4300208,17.10080958857143
4300307,13.702483295714286
4300406,10.622013746999999
4300455,15.721061965714284
4300471,16.423690060000002
4300505,14.767344757142856
4300554,18.723746737142854
4300570,16.757509981428573
4300604,34.45851738571429
4300638,10.963145151428572
4300646,18.223577615714284
4300661,11.738786020000001
4300703,13.410065619285714
4300802,16.014794822857144
4300851,12.873450649999999
4300877,26.31827495
4300901,14.423770044285714
4301008,23.69412211428571
4301057,23.31147271
4301073,15.01474979
4301107,10.570120692857143
4301206,15.487038491428573
4301305,10.113910464285714
4301404,13.97539075
4301503,17.700086595714286
4301552,15.978059290000001
4301602,9.026254922142856
4301636,18.55335621714286
4301651,18.071536654285715
4301701,14.487523359999999
4301750,11.2050258
4301800,12.424717337142857
4301859,14.70431302
4301875,11.618075532285715
4301909,12.586968118571429
4301925,13.356099704285713
4301958,22.352264632857146
4302006,11.541480477428573
4302055,10.65652091342857
4302105,26.06697311
4302154,16.19527864
4302204,18.0227055
4302220,13.812157792857144
4302238,13.40805999857143
4302253,17.58698939
4302303,8.689148744714286
4302352,25.929072385714285
4302378,17.53150993857143
4302402,16.97424115
4302451,13.38626451
4302501,9.546728406
4302584,16.73307781
4302600,16.553326955714287
4302659,16.189507279999997
4302709,8.930112237
4302808,8.701277889714286
4302907,10.665122803285714
4303004,11.65004641857143
4303103,37.791698804285716
4303202,14.49897104857143
4303301,13.96406903
4303400,14.075119585714287
4303509,13.489644075714285
4303558,18.569188379999996
4303608,8.600953537142857
4303673,10.787975521285714
4303707,14.956207453428572
4303806,15.85550076857143
4303905,33.190705015714286
4304002,18.17171067
4304101,14.25286561
4304200,13.47307943
4304309,16.517001604285714
4304358,11.283973179714286
4304408,14.493393565714285
4304507,11.428742567142857
4304606,37.43226817428571
4304614,12.642838358571428
4304622,13.185735865714287
4304630,28.117933825714285
4304655,13.00928150857143
4304663,13.036183397142858
4304671,13.224250774142856
4304689,18.102214237142856
4304697,16.31266424
4304705,17.687258274285714
4304713,13.527422857142856
4304804,19.0639198
4304853,14.907048547142859
4304903,18.502992005714283
4304952,14.41625746
4305009,15.203941814285715
4305108,17.05546531
4305116,13.956716903285713
4305124,10.719579810285714
4305132,13.311052995714286
4305157,16.409584861428574
4305173,13.142651208571428
4305207,18.84486595285714
4305306,16.28176273
4305355,14.828937185714285
4305371,13.966491087142858
4305405,13.64617281
4305439,17.70995764
4305447,12.736567081428571
4305454,15.462587901428572
4305504,15.742198142857143
4305587,20.07814189
4305603,17.69437682
4305702,14.525950302857142
4305801,18.800533597142856
4305835,13.134797090000001
4305850,15.527024568571429
4305871,17.10526255857143
4305900,15.861070184285714
4305934,13.831611539999999
4305959,14.6079723
4305975,15.641758624285714
4306007,15.814452497142856
4306056,13.40114459857143
4306072,17.44907001
4306106,15.028633408571428
4306130,16.793280694285716
4306205,21.14462412714286
4306304,16.677823217142855
4306320,9.785900078571428
4306353,10.740038886714286
4306379,11.178187328571429
4306403,29.28887981
4306429,14.754807082857143
4306452,15.05256543
4306502,10.025351982714286
4306551,16.217239094285713
4306601,9.604865587714286
4306700,15.307704155714287
4306734,16.372653807142857
4306759,13.36290199
4306767,14.988723649999999
4306809,22.12725024
4306908,8.652027909571428
4306924,17.08847346142857
4306932,15.097816362857143
4306957,15.681234055714286
4306973,18.396815102857143
4307005,20.883257844285712
4307054,16.894474597142857
4307104,7.8937859999999995
4307203,12.037779669285714
4307302,12.788517778571428
4307401,10.328503288857144
4307450,13.593719247142857
4307500,15.13110111
4307559,22.95636044
4307609,34.49443651428572
4307708,36.362163717142856
4307807,24.27357232142857
4307815,14.841084782857141
4307831,13.457905214285715
4307864,15.229337157142856
4307906,22.419706397142857
4308003,15.197447205714285
4308052,14.573368051428572
4308078,16.425780760000002
4308102,22.514042644285716
4308201,22.829675492857145
4308250,12.010879497714285
4308300,10.855969591428572
4308409,13.631131632857144
4308433,14.816307601428573
4308458,12.755344515714285
4308508,19.796496528571428
4308607,24.169214195714286
4308656,10.152263388857142
4308706,15.5323877
4308805,13.160207202857142
4308854,17.10898788
4308904,18.474153335714284
4309001,15.29320922
4309050,17.18710158714286
4309100,20.202527744285714
4309126,13.22529722
4309159,11.87893805057143
4309209,25.419206465714286
4309258,16.268639947142855
4309308,16.57169755142857
4309407,14.657724874285714
4309506,16.39788866
4309555,24.074768007142858
4309571,11.525409993428571
4309605,18.989059821428572
4309654,10.226528531
4309704,19.2856561
4309753,12.55181043
4309803,16.276226901428572
4309902,15.323868835714284
4309951,15.89500209
4310009,17.634446137142856
4310108,21.641885334285714
4310207,19.066762034285716
4310306,15.472006089999999
4310330,34.85058232
4310363,17.441460585714285
4310405,16.05634737
4310413,16.046067194285715
4310439,12.449747275714286
4310462,17.694222160000002
4310504,15.58792742
4310538,16.00222779142857
4310553,9.068960052857141
4310579,12.725896368571428
4310603,11.389267568285716
4310652,9.508317956285714
4310702,11.766741655999999
4310751,13.768915387142856
4310801,27.434696954285716
4310850,16.43909360714286
4310876,13.155258364285714
4310900,17.329348825714284
4311007,10.598960466857145
4311106,12.881706538571427
4311122,8.660951674714285
4311130,9.498069797142858
4311155,13.091225665714287
4311205,13.135615555714285
4311239,12.45035514742857
4311254,11.675457169714287
4311270,19.294222354285715
4311304,12.525540007142856
4311403,33.88289365
4311429,17.666320525714287
4311502,7.610300016714286
4311601,12.922019644285713
4311627,23.11057434142857
4311643,16.33214825
4311700,15.020021445714287
4311718,10.327483724285713
4311734,11.082852463285715
4311759,12.012348669714285
4311775,10.027480831571427
4311791,17.062065575714286
4311809,19.10490515
4311908,14.142257400000002
4311981,10.811394824
4312005,14.233653469999998
4312054,15.722039319999999
4312104,12.377782394285715
4312138,16.834835674285717
4312153,19.402505935714284
4312179,18.191159505714285
4312203,12.93039094
4312252,9.89979710342857
4312302,15.99597291
4312351,15.393396415714287
4312377,8.771077250857143
4312385,17.624069981428573
4312401,20.05083781857143
4312427,18.160551991428573
4312443,11.929459651428571
4312450,14.020247928571427
4312476,17.504302118571427
4312500,13.459346215285715
4312609,14.673430245714286
4312617,12.117593558142858
4312625,16.358268281428572
4312658,19.009490185714288
4312674,18.695570075714283
4312708,12.170363745714285
4312757,15.354394994285714
4312807,19.72086697142857
4312906,17.945181594285714
4312955,20.03614148
4313003,16.620391482857144
4313011,17.961733964285717
4313037,14.043000787142857
4313060,26.21812768857143
4313086,16.809139374285714
4313102,13.011217785714285
4313201,18.42764427
4313300,18.750449964285714
4313334,15.975183345714285
4313359,16.03757043142857
4313375,23.145604242857143
4313391,14.609359982857143
4313409,26.205874958571428
4313425,15.456103025714286
4313441,16.649562262857142
4313466,19.460634695714283
4313490,18.231528282857145
4313508,17.800500975714286
4313607,15.91789693857143
4313656,12.918951977285714
4313706,14.537656748571427
4313805,14.366015478571429
4313904,16.979487105714288
4313953,11.008386310714286
4314001,20.949433114285714
4314027,14.905284692857142
4314035,24.807391408571426
4314050,27.017099910000002
4314068,10.562463919857143
4314076,13.856176505714286
4314100,20.379103254285717
4314134,16.276447639999997
4314159,14.367242084285715
4314175,8.171420803142857
4314209,9.688226336571429
4314308,14.387364952857142
4314407,16.869254692857144
4314423,18.07653266
4314456,18.50989516857143
4314464,10.064534387714286
4314472,13.465126405714285
4314498,16.639201884285715
4314506,8.796583495
4314548,18.392873725714285
4314555,10.582579958285715
4314605,8.865272642428572
4314704,12.336864695714285
4314753,14.773145444285715
4314779,15.356290329999998
4314787,18.858653339999996
4314803,24.242519032857142
4314902,33.67334836
4315008,13.224591700000001
4315057,15.426125991428572
4315073,12.476320340000001
4315107,13.454957219999999
4315131,12.65393225
4315149,19.332246771428572
4315156,14.414389998571428
4315172,13.63120496
4315206,12.83448175
4315305,8.747379214285713
4315313,14.417542580000001
4315321,10.489678773285714
4315354,16.948959295714285
4315404,14.24248064
4315453,13.143637094285713
4315503,14.61746842
4315552,14.506592352857142
4315602,13.194615225714285
4315701,11.482965243857143
4315750,10.358768260714285
4315800,15.982599149999999
4315909,20.76201699142857
4315958,14.430121824285715
4316006,15.821823334285714
4316105,15.95938868
4316204,18.767488225714285
4316303,13.831775032857141
4316402,10.017242577285714
4316428,16.31697729
4316436,16.989895785714285
4316451,14.07840756
4316477,18.038319545714284
4316501,17.37303657
4316600,16.15652918714286
4316709,13.933944535714286
4316733,15.061862981428572
4316758,18.600906214285715
4316808,17.56892908
4316907,15.50057822
4316956,15.525145840000002
4316972,9.64064028342857
4317004,9.572078073428571
4317103,8.59607218657143
4317202,19.769166434285715
4317251,14.949961285714286
4317301,11.785211522571428
4317400,9.855613339857143
4317509,17.50210250142857
4317558,17.78288129
4317608,15.532046502857142
4317707,10.80228098357143
4317756,15.99821439857143
4317806,15.867318807142857
4317905,16.54895569285714
4317954,16.69165070142857
4318002,11.579334687714285
4318051,17.30660365
4318101,10.792251883285713
4318200,9.731362888142856
4318309,10.34320984857143
4318408,10.375346030428572
4318424,15.027740894285715
4318432,18.07785311
4318440,16.82618597714286
4318457,17.050837050000002
4318465,12.60810213
4318481,19.70857630142857
4318499,15.677355111428572
4318507,15.959222679999998
4318606,16.683678024285715
4318614,18.51892453
4318622,9.219403205142857
4318705,35.89212341
4318804,14.30209048
4318903,12.517739797142855
4319000,16.63352505
4319109,19.038393888571427
4319125,11.083636601428571
4319158,12.11887197
4319208,11.427147519714286
4319307,13.500194969999999
4319356,19.577080194285713
4319364,18.86826992
4319372,17.544567521428572
4319406,12.774153985714287
4319505,25.693257759999998
4319604,10.881771902285715
4319703,13.24870516
4319711,15.899824050000001
4319737,15.90858582
4319752,19.36006869
4319802,11.447821280571429
4319901,23.366008995714285
4320008,35.33648941714286
4320107,18.409039620000005
4320206,16.938589744285714
4320230,19.177876855714285
4320263,14.711095234285713
4320305,20.88209863
4320321,18.327414
4320354,15.157346551428573
4320404,18.35134728
4320453,11.350384930571428
4320503,17.360638905714286
4320552,14.58892032
4320578,15.860511844285714
4320602,13.031738733857143
4320651,14.25534302
4320677,10.693334789285714
4320701,18.32923015571429
4320800,12.44070329857143
4320859,15.024785518571429
4320909,20.366931317142853
4321006,22.098400202857142
4321105,11.716393980714287
4321204,18.277700265714284
4321303,13.48236298
4321329,17.77878651
4321352,14.557384421428571
4321402,14.520867097142856
4321436,18.588726110000003
4321451,22.126205304285715
4321469,20.236026801428572
4321477,15.082828722857142
4321493,13.03799207
4321501,23.553630230000003
4321600,21.211746664285716
4321626,16.337395714285716
4321634,13.983104240000001
4321667,14.52747138142857
4321709,17.21502603142857
4321808,18.27843096285714
4321832,10.317671157000001
4321857,14.38100737
4321907,17.825351719999997
4321956,14.183033837142858
4322004,15.3765683
4322103,17.105995661428572
4322152,13.108569064285714
4322186,16.244990050000002
4322202,13.144094215714286
4322251,21.92602454857143
4322301,15.415327950000002
4322327,12.790457848571426
4322343,15.943649772857142
4322350,14.188418675714287
4322376,9.040498688857143
4322400,10.746103142714286
4322509,11.791417419714287
4322525,12.422766447857143
4322533,13.157312327857143
4322541,19.83240012857143
4322558,16.864187127142856
4322608,16.494212017142857
4322707,17.00881818
4322806,16.61005701
4322855,15.727131502857143
4322905,11.860205723857144
4323002,16.61642710285714
4323101,14.017839341428571
4323200,18.51400644
4323309,18.277912094285714
4323358,19.657769599999998
4323408,19.0355128
4323457,9.662725759285715
4323507,15.705408901428571
4323606,14.266297124285714
4323705,14.42259021
4323754,14.899778369999998
4323770,19.699014834285716
4323804,29.33817536
5000203,9.392056968857144
5000252,8.180984592
5000609,11.848974166571427
5000708,9.061857274428572
5000807,10.140751539857144
5000856,13.582105607142855
5000906,10.325349710285716
5001003,12.5160815
5001102,6.676862550857144
5001243,11.718149901999999
5001508,10.299681262285715
5001904,10.567879813000001
5002001,11.292275458
5002100,8.623962432
5002159,7.938105949428571
5002209,8.041826656142858
5002308,9.500680796571428
5002407,12.778510502857143
5002605,9.509551068857144
5002704,12.150466657142857
5002803,8.576448556428572
5002902,10.700109780428571
5002951,12.116623956
5003108,9.465505188
5003157,13.101552076
5003207,5.741648796142857
5003256,10.309971481714285
5003306,9.64178183742857
5003454,12.86726401
5003488,9.44023526457143
5003504,13.66943072
5003702,11.873385956714287
5003751,12.289037097142856
5003801,16.653403785714286
5003900,8.916069807428572
5004007,15.77609978
5004106,9.343484639142858
5004304,11.912238671428572
5004403,10.389274411857143
5004502,12.507389072857142
5004601,13.95782525
5004700,12.835019724285715
5004809,14.523008492857143
5004908,10.211558008285715
5005004,9.137088683142858
5005103,10.905254939714286
5005152,12.253875175714285
5005202,9.716952359714286
5005251,11.18428829857143
5005400,10.40515279057143
5005608,6.885864259714286
5005681,14.924270431428571
5005707,12.101622692857143
5005806,9.313218810428571
5006002,10.875449282428573
5006200,11.547656760285715
5006259,11.721665939571428
5006275,10.632714498428571
5006309,11.442284153142856
5006358,12.79512371
5006408,8.637993391285715
5006606,10.532813389142857
5006903,5.654303242
5007109,9.561779040000001
5007208,10.14509121
5007307,9.065962363571428
5007406,8.420514576428571
5007505,10.163468267571428
5007554,9.795173873857143
5007695,10.568938778428572
5007703,12.098922244285715
5007802,9.908946872571429
5007901,10.974858632714286
5007935,8.466969475
5007950,11.541582656285714
5007976,8.970976187857143
5008008,10.870738262285714
5008305,10.342161426285713
5008404,17.607894272857145
5100102,10.208422932000001
5100201,7.462362026857143
5100250,5.923868793285714
5100300,7.954645691571429
5100359,6.941538853142857
5100409,8.114021359428572
5100508,8.244248197000001
5100607,11.222600449142858
5100805,1.3352753481428572
5101001,6.775711943285714
5101209,6.944941432714286
5101258,9.009675983
5101308,11.609675477142858
5101407,2.204742539
5101605,4.302371829428571
5101704,6.509653205
5101803,6.898169943571429
5101852,7.261070778571429
5101902,4.715658627000001
5102504,5.459271256999999
5102603,7.346688186000001
5102637,6.83255229
5102678,10.009632413571428
5102686,6.435911902142857
5102694,6.786889311857143
5102702,6.058531578999999
5102793,6.861132457142857
5102850,6.557101383285714
5103007,7.549303934
5103056,6.612649282857142
5103106,6.0488017282857145
5103205,9.792761194571428
5103254,2.346308005285714
5103304,2.689181365
5103353,6.64530351
5103361,3.7921983184285715
5103379,2.643039362428571
5103403,11.260653618714286
5103437,12.81769015
5103452,8.923005583714286
5103502,7.487709486999999
5103601,7.961646974
5103700,2.4818484140000003
5103809,11.061776877285714
5103858,3.432552472571429
5103908,6.971993808142857
5103957,10.374292319999999
5104104,7.9665140202857145
5104203,8.007260882142857
5104500,9.514242853714284
5104526,6.952546113285714
5104542,5.770650923
5104559,4.823663506
5104609,8.123744227714285
5104807,9.604563865142856
5104906,8.984049854857144
5105002,11.565264298714286
5105101,3.593122126285714
5105150,1.9814426829999998
5105176,5.287028972857143
5105200,8.405674602142856
5105234,7.837860212142857
5105259,9.255609642857141
5105309,4.263832733857143
5105507,6.800464807571428
5105580,3.9429566635714286
5105606,5.916442426571429
5105622,12.856525708571429
5105903,7.0172685679999995
5106000,7.569983230142857
5106109,7.662495314571428
5106158,3.677268766857143
5106174,5.489074890714286
5106182,4.616408173000001
5106190,6.552670830428572
5106208,7.673520356142857
5106216,5.6074791180000005
5106224,6.796799254285714
5106232,8.27874297
5106240,4.567447665857143
5106257,8.106206258142857
5106265,5.863394819
5106273,8.110315076714285
5106281,7.750747601142857
5106299,6.305696777142857
5106307,5.727185716999999
5106315,5.525034540571428
5106372,8.824613081428572
5106422,3.9013702571428572
5106455,8.28810100342857
5106505,4.235928877
5106653,8.283855169571428
5106703,7.657767937285714
5106752,5.980823035999999
5106778,6.238540573
5106802,4.487450634
5106828,8.238199657857143
5106851,6.747129607571429
5107008,7.670584334857144
5107040,10.145037685857144
5107065,3.5313739652857143
5107107,11.09777319857143
5107156,5.134499818
5107180,5.255758099428571
5107198,9.89307268
5107206,9.256673406714286
5107248,4.87370226
5107263,8.549648181857142
5107297,11.449940827285713
5107305,6.626694666
5107354,5.857339119857143
5107404,8.891704414714287
5107578,2.2072662574285715
5107602,11.170932446714286
5107701,6.998221420999999
5107743,3.862505268714286
5107750,8.040040102999999
5107768,6.307742773142857
5107776,5.462158351285715
5107792,9.18090558242857
5107800,6.008195241285714
5107859,4.433159911428571
5107875,4.950725026714286
5107883,6.364292439571429
5107909,9.699919450571429
5107925,9.145549052000002
5107941,4.435866994
5107958,5.9938743610000005
5108006,6.721617926714286
5108055,10.255028875999999
5108105,8.117598928857143
5108204,9.014097385285714
5108303,4.0362767445714285
5108352,5.946891002857143
5108402,17.96494454
5108501,7.951429008142857
5108600,5.717615185285714
5108808,10.667834639
5108857,6.944949164714286
5108907,3.7259074211428573
5108956,4.405175518
5200050,22.769106972857145
5200100,13.579562272857142
5200134,12.677676594285714
5200159,12.329426637142857
5200175,10.598336449857143
5200209,10.711163406428572
5200258,28.537212735714288
5200308,15.82427781
5200506,15.182847978571429
5200555,11.666375151142857
5200605,8.170153609
5200803,11.355713343285714
5200829,8.035040225
5200852,14.062316107142857
5200902,12.958811494285714
5201108,21.78557618714286
5201207,14.235673375714287
5201306,12.876317929999999
5201405,32.034601384285715
5201454,11.540140964857143
5201504,11.194659426285714
5201603,13.64200335
5201702,10.150337588571428
5201801,17.07038456714286
5202155,9.129094352142857
5202353,10.034382153571428
5202502,8.777469494
5202601,10.949332565714286
5202809,14.98978582142857
5203104,8.083644092714286
5203203,11.616955644285714
5203302,13.896773624285714
5203401,8.965827231999999
5203500,11.543845982571428
5203559,18.00758896285714
5203575,8.127514707
5203609,16.94737667142857
5203807,9.722216189
5203906,11.592588915857144
5203939,11.890763317142858
5203962,13.655593898571428
5204003,12.104859450000001
5204102,11.687466939999998
5204201,10.153360112428572
5204250,13.511644821428572
5204300,12.04403953142857
5204409,9.118931882857144
5204508,13.538784114285715
5204557,13.416014599999999
5204607,10.808817000000001
5204656,8.024598877142857
5204706,10.55442217257143
5204805,9.582401375142856
5204854,17.447247347142856
5204904,11.574196748
5204953,10.716284192285714
5205000,15.216621841428571
5205059,12.110903312857143
5205109,11.573709512857144
5205208,15.065054164285714
5205307,6.254413082714286
5205406,17.40775165
5205455,14.898807770000001
5205471,10.716382651428571
5205497,16.417113807142858
5205513,12.401936359999999
5205521,6.973843039285714
5205703,11.85306917
5205802,12.52436236
5205901,9.769910865714285
5206206,10.766762898571429
5206305,13.07971384
5206404,8.626543657714285
5206503,12.433250345714285
5206602,11.41357558
5206701,10.970038982
5206800,16.528217015714286
5206909,10.204275863142856
5207105,11.392254451285714
5207253,9.448647843857144
5207352,11.710362148571429
5207402,12.248792008571428
5207501,11.493077382857143
5207535,9.863224265142858
5207600,10.42837253
5207808,13.272640057142857
5207907,9.651823901285713
5208004,10.029832087428572
5208103,8.721063008571429
5208152,12.780504784285714
5208301,10.774276571571429
5208400,17.7724272
5208509,12.13340169857143
5208608,14.45757583142857
5208707,33.306503694285716
5208806,23.717479132857143
5208905,10.334394849
5209101,12.15224847
5209150,11.997657273857143
5209200,14.770445154285714
5209291,12.591423180000001
5209408,10.990003303428571
5209457,9.339551489285714
5209606,13.36512569
5209705,14.297524495714285
5209804,11.320526232857143
5209903,11.51836287357143
5209937,11.971556650571427
5209952,12.790093350000001
5210000,16.0613763
5210109,9.967643147428571
5210158,15.13300679
5210208,13.216055458571429
5210307,10.973622367285714
5210406,13.482942294285715
5210562,15.705445488571428
5210604,14.003637545714286
5210802,10.258617580142857
5210901,11.510796794285714
5211008,9.962174635142857
5211206,12.618992997142856
5211305,10.923841713714285
5211404,13.05663648
5211503,13.744906547142858
5211602,10.551651394285715
5211701,12.702945249999999
5211800,13.178836627142857
5211909,11.356247059857143
5212006,11.06540366
5212055,15.68067286857143
5212105,14.210800710000001
5212204,9.451475057714287
5212253,11.996055049999999
5212303,14.86876178
5212501,13.082685944285714
5212600,10.987504375714286
5212709,7.831761109428571
5212808,9.816149435714285
5212907,11.307159279999999
5212956,9.986488420285713
5213004,11.90705896
5213053,10.260644208285713
5213087,8.190422424714285
5213103,8.929162615285716
5213400,10.527914144571428
5213509,8.329271018714286
5213707,10.511052604
5213756,12.044126965714286
5213772,8.453970727
5213806,12.424128232857143
5213855,11.443605869999999
5213905,11.63029811
5214002,9.759879657142857
5214051,8.560926749142856
5214101,9.469380038857143
5214408,13.691292967142857
5214507,19.29841928
5214606,9.066818519714285
5214705,12.02939395
5214804,10.409131402714285
5214838,8.243667693714286
5214861,15.379746197142856
5214879,10.975755903857143
5214903,8.633311275571428
5215009,19.20311349
5215207,11.010828071428572
5215231,22.01699402
5215256,8.754830266571428
5215306,12.728919044285714
5215405,16.67786661
5215504,12.232864921428572
5215603,11.349287178571428
5215652,10.461120286
5215702,12.656799199999998
5215801,14.489301235714285
5215900,12.529605567142855
5216007,12.361914197714286
5216304,11.642308400285714
5216403,10.926454161714286
5216452,11.245731044142858
5216809,14.886771447142857
5216908,10.206328010714286
5217104,12.132964939999999
5217203,10.133907166714286
5217302,11.190779218571427
5217401,12.602557149999999
5217609,10.938752105999999
5217708,11.399726240000001
5218003,9.629638434428571
5218052,11.207481202142857
5218102,11.06231063
5218300,11.834816247000001
5218391,12.507954402857141
5218508,12.46567460857143
5218607,15.897127175714285
5218706,15.262532791428571
5218789,12.88658062142857
5218805,12.591410775714285
5218904,12.598410855714286
5219001,13.38077104
5219100,16.00734975285714
5219209,10.376301893285714
5219258,9.877302596857144
5219308,13.7093881
5219357,13.509094315714284
5219407,8.886881071142858
5219456,11.746582670142857
5219506,14.480231505714286
5219605,11.664039904285715
5219704,10.658579989142856
5219712,13.138701778571429
5219738,18.98818471857143
5219753,14.703812749999999
5219803,9.613031118428571
5219902,14.630957157142857
5220009,9.433114605285713
5220058,12.476320669999998
5220108,14.255978314285715
5220157,13.674297278571428
5220207,8.016631598142856
5220264,11.862614465714286
5220280,14.15434234
5220405,15.760725344285715
5220454,27.036079395714285
5220504,9.287655957142858
5220603,12.850861654285714
5220686,14.74495448
5220702,9.924268670571427
5221007,13.374810848571428
5221080,8.568150211
5221197,19.08405644
5221304,12.562431582714286
5221403,18.218991575714288
5221452,8.703543804142857
5221502,11.801177738571429
5221551,12.294533189714286
5221577,8.60391772157143
5221601,11.334754608571428
5221700,14.49364371
5221809,12.15398826
5221858,36.816487030000005
5221908,11.264590805714287
5222005,14.023982590000001
5222054,12.617086811428573
5222203,9.642470604571429
5222302,10.53439676557143
5300108,21.40804083714286
