CD_MUN,serotypes_mds1,serotypes_mds2,serotypes_mds3
1100023,1.195335219773045,0.20423282809448573,0.20821918039731746
1100106,1.195335219773045,0.20423282809448573,0.20821918039731746
1100114,1.195335219773045,0.20423282809448573,0.20821918039731746
1100130,1.195335219773045,0.20423282809448573,0.20821918039731746
1100205,1.195335219773045,0.20423282809448573,0.20821918039731746
1100262,1.195335219773045,0.20423282809448573,0.20821918039731746
1100338,1.195335219773045,0.20423282809448573,0.20821918039731746
1100403,1.195335219773045,0.20423282809448573,0.20821918039731746
1100452,1.195335219773045,0.20423282809448573,0.20821918039731746
1100601,1.195335219773045,0.20423282809448573,0.20821918039731746
1100700,1.195335219773045,0.20423282809448573,0.20821918039731746
1100809,1.195335219773045,0.20423282809448573,0.20821918039731746
1100940,1.195335219773045,0.20423282809448573,0.20821918039731746
1101005,1.195335219773045,0.20423282809448573,0.20821918039731746
1101104,1.195335219773045,0.20423282809448573,0.20821918039731746
1101401,1.195335219773045,0.20423282809448573,0.20821918039731746
1101609,1.195335219773045,0.20423282809448573,0.20821918039731746
1101757,1.195335219773045,0.20423282809448573,0.20821918039731746
1100015,0.724354427622149,0.006779553928907434,0.43944416815109294
1100031,0.724354427622149,0.006779553928907434,0.43944416815109294
1100049,0.724354427622149,0.006779553928907434,0.43944416815109294
1100056,0.724354427622149,0.006779553928907434,0.43944416815109294
1100064,0.724354427622149,0.006779553928907434,0.43944416815109294
1100072,0.724354427622149,0.006779553928907434,0.43944416815109294
1100080,0.724354427622149,0.006779553928907434,0.43944416815109294
1100098,0.724354427622149,0.006779553928907434,0.43944416815109294
1100122,0.724354427622149,0.006779553928907434,0.43944416815109294
1100148,0.724354427622149,0.006779553928907434,0.43944416815109294
1100155,0.724354427622149,0.006779553928907434,0.43944416815109294
1100189,0.724354427622149,0.006779553928907434,0.43944416815109294
1100254,0.724354427622149,0.006779553928907434,0.43944416815109294
1100288,0.724354427622149,0.006779553928907434,0.43944416815109294
1100296,0.724354427622149,0.006779553928907434,0.43944416815109294
1100304,0.724354427622149,0.006779553928907434,0.43944416815109294
1100320,0.724354427622149,0.006779553928907434,0.43944416815109294
1100346,0.724354427622149,0.006779553928907434,0.43944416815109294
1100379,0.724354427622149,0.006779553928907434,0.43944416815109294
1100502,0.724354427622149,0.006779553928907434,0.43944416815109294
1100908,0.724354427622149,0.006779553928907434,0.43944416815109294
1100924,0.724354427622149,0.006779553928907434,0.43944416815109294
1101203,0.724354427622149,0.006779553928907434,0.43944416815109294
1101302,0.724354427622149,0.006779553928907434,0.43944416815109294
1101435,0.724354427622149,0.006779553928907434,0.43944416815109294
1101450,0.724354427622149,0.006779553928907434,0.43944416815109294
1101468,0.724354427622149,0.006779553928907434,0.43944416815109294
1101476,0.724354427622149,0.006779553928907434,0.43944416815109294
1101484,0.724354427622149,0.006779553928907434,0.43944416815109294
1101492,0.724354427622149,0.006779553928907434,0.43944416815109294
1101500,0.724354427622149,0.006779553928907434,0.43944416815109294
1101559,0.724354427622149,0.006779553928907434,0.43944416815109294
1101708,0.724354427622149,0.006779553928907434,0.43944416815109294
1101807,0.724354427622149,0.006779553928907434,0.43944416815109294
1200013,1.106750634293205,0.3580420721608085,0.4285042989189056
1200054,1.106750634293205,0.3580420721608085,0.4285042989189056
1200104,1.106750634293205,0.3580420721608085,0.4285042989189056
1200138,1.106750634293205,0.3580420721608085,0.4285042989189056
1200179,1.106750634293205,0.3580420721608085,0.4285042989189056
1200252,1.106750634293205,0.3580420721608085,0.4285042989189056
1200344,1.106750634293205,0.3580420721608085,0.4285042989189056
1200385,1.106750634293205,0.3580420721608085,0.4285042989189056
1200401,1.106750634293205,0.3580420721608085,0.4285042989189056
1200435,1.106750634293205,0.3580420721608085,0.4285042989189056
1200450,1.106750634293205,0.3580420721608085,0.4285042989189056
1200500,1.106750634293205,0.3580420721608085,0.4285042989189056
1200708,1.106750634293205,0.3580420721608085,0.4285042989189056
1200807,1.106750634293205,0.3580420721608085,0.4285042989189056
1200203,0.25256603981306247,0.5894369864774945,1.0380979955072878
1200302,0.25256603981306247,0.5894369864774945,1.0380979955072878
1200328,0.25256603981306247,0.5894369864774945,1.0380979955072878
1200336,0.25256603981306247,0.5894369864774945,1.0380979955072878
1200351,0.25256603981306247,0.5894369864774945,1.0380979955072878
1200393,0.25256603981306247,0.5894369864774945,1.0380979955072878
1200427,0.25256603981306247,0.5894369864774945,1.0380979955072878
1200609,0.25256603981306247,0.5894369864774945,1.0380979955072878
1300086,0.7281439651113236,0.0972977921505248,-0.7807819967709331
1300102,0.7281439651113236,0.0972977921505248,-0.7807819967709331
1300300,0.7281439651113236,0.0972977921505248,-0.7807819967709331
1300409,0.7281439651113236,0.0972977921505248,-0.7807819967709331
1300631,0.7281439651113236,0.0972977921505248,-0.7807819967709331
1300805,0.7281439651113236,0.0972977921505248,-0.7807819967709331
1300839,0.7281439651113236,0.0972977921505248,-0.7807819967709331
1301100,0.7281439651113236,0.0972977921505248,-0.7807819967709331
1301159,0.7281439651113236,0.0972977921505248,-0.7807819967709331
1301209,0.7281439651113236,0.0972977921505248,-0.7807819967709331
1301308,0.7281439651113236,0.0972977921505248,-0.7807819967709331
1301852,0.7281439651113236,0.0972977921505248,-0.7807819967709331
1302504,0.7281439651113236,0.0972977921505248,-0.7807819967709331
1302553,0.7281439651113236,0.0972977921505248,-0.7807819967709331
1302603,0.7281439651113236,0.0972977921505248,-0.7807819967709331
1303106,0.7281439651113236,0.0972977921505248,-0.7807819967709331
1303205,0.7281439651113236,0.0972977921505248,-0.7807819967709331
1303536,0.7281439651113236,0.0972977921505248,-0.7807819967709331
1303569,0.7281439651113236,0.0972977921505248,-0.7807819967709331
1303601,0.7281439651113236,0.0972977921505248,-0.7807819967709331
1303809,0.7281439651113236,0.0972977921505248,-0.7807819967709331
1300029,1.2765927012674172,1.0582157324431787,-0.21104431556327993
1300060,1.2765927012674172,1.0582157324431787,-0.21104431556327993
1300201,1.2765927012674172,1.0582157324431787,-0.21104431556327993
1300607,1.2765927012674172,1.0582157324431787,-0.21104431556327993
1301001,1.2765927012674172,1.0582157324431787,-0.21104431556327993
1301407,1.2765927012674172,1.0582157324431787,-0.21104431556327993
1301506,1.2765927012674172,1.0582157324431787,-0.21104431556327993
1301605,1.2765927012674172,1.0582157324431787,-0.21104431556327993
1301654,1.2765927012674172,1.0582157324431787,-0.21104431556327993
1301803,1.2765927012674172,1.0582157324431787,-0.21104431556327993
1301951,1.2765927012674172,1.0582157324431787,-0.21104431556327993
1302108,1.2765927012674172,1.0582157324431787,-0.21104431556327993
1302207,1.2765927012674172,1.0582157324431787,-0.21104431556327993
1302306,1.2765927012674172,1.0582157324431787,-0.21104431556327993
1302801,1.2765927012674172,1.0582157324431787,-0.21104431556327993
1303700,1.2765927012674172,1.0582157324431787,-0.21104431556327993
1303908,1.2765927012674172,1.0582157324431787,-0.21104431556327993
1304062,1.2765927012674172,1.0582157324431787,-0.21104431556327993
1304203,1.2765927012674172,1.0582157324431787,-0.21104431556327993
1304237,1.2765927012674172,1.0582157324431787,-0.21104431556327993
1304260,1.2765927012674172,1.0582157324431787,-0.21104431556327993
1300144,0.10368335522648818,0.9375369420102955,-0.24625741946697938
1300706,0.10368335522648818,0.9375369420102955,-0.24625741946697938
1300904,0.10368335522648818,0.9375369420102955,-0.24625741946697938
1301704,0.10368335522648818,0.9375369420102955,-0.24625741946697938
1302405,0.10368335522648818,0.9375369420102955,-0.24625741946697938
1302702,0.10368335522648818,0.9375369420102955,-0.24625741946697938
1303304,0.10368335522648818,0.9375369420102955,-0.24625741946697938
1303502,0.10368335522648818,0.9375369420102955,-0.24625741946697938
1304104,0.10368335522648818,0.9375369420102955,-0.24625741946697938
1300508,0.7879669211784159,0.8716364677651592,-0.19971134250401454
1300680,0.7879669211784159,0.8716364677651592,-0.19971134250401454
1301902,0.7879669211784159,0.8716364677651592,-0.19971134250401454
1302009,0.7879669211784159,0.8716364677651592,-0.19971134250401454
1302900,0.7879669211784159,0.8716364677651592,-0.19971134250401454
1303007,0.7879669211784159,0.8716364677651592,-0.19971134250401454
1303403,0.7879669211784159,0.8716364677651592,-0.19971134250401454
1303957,0.7879669211784159,0.8716364677651592,-0.19971134250401454
1304005,0.7879669211784159,0.8716364677651592,-0.19971134250401454
1304302,0.7879669211784159,0.8716364677651592,-0.19971134250401454
1304401,0.7879669211784159,0.8716364677651592,-0.19971134250401454
1400027,1.0919946895229082,-0.2958035543909011,-0.18107104317860287
1400050,1.0919946895229082,-0.2958035543909011,-0.18107104317860287
1400100,1.0919946895229082,-0.2958035543909011,-0.18107104317860287
1400159,1.0919946895229082,-0.2958035543909011,-0.18107104317860287
1400175,1.0919946895229082,-0.2958035543909011,-0.18107104317860287
1400308,1.0919946895229082,-0.2958035543909011,-0.18107104317860287
1400407,1.0919946895229082,-0.2958035543909011,-0.18107104317860287
1400456,1.0919946895229082,-0.2958035543909011,-0.18107104317860287
1400704,1.0919946895229082,-0.2958035543909011,-0.18107104317860287
1400209,0.28901333587566497,0.49472340127009057,0.8075806302622313
1400233,0.28901333587566497,0.49472340127009057,0.8075806302622313
1400282,0.28901333587566497,0.49472340127009057,0.8075806302622313
1400472,0.28901333587566497,0.49472340127009057,0.8075806302622313
1400506,0.28901333587566497,0.49472340127009057,0.8075806302622313
1400605,0.28901333587566497,0.49472340127009057,0.8075806302622313
1500107,-0.3928705810348654,-0.5442422185506597,0.1822981801282894
1500206,-0.3928705810348654,-0.5442422185506597,0.1822981801282894
1500800,-0.3928705810348654,-0.5442422185506597,0.1822981801282894
1501303,-0.3928705810348654,-0.5442422185506597,0.1822981801282894
1501402,-0.3928705810348654,-0.5442422185506597,0.1822981801282894
1501501,-0.3928705810348654,-0.5442422185506597,0.1822981801282894
1501907,-0.3928705810348654,-0.5442422185506597,0.1822981801282894
1502103,-0.3928705810348654,-0.5442422185506597,0.1822981801282894
1502608,-0.3928705810348654,-0.5442422185506597,0.1822981801282894
1502756,-0.3928705810348654,-0.5442422185506597,0.1822981801282894
1503309,-0.3928705810348654,-0.5442422185506597,0.1822981801282894
1504000,-0.3928705810348654,-0.5442422185506597,0.1822981801282894
1504422,-0.3928705810348654,-0.5442422185506597,0.1822981801282894
1504604,-0.3928705810348654,-0.5442422185506597,0.1822981801282894
1504703,-0.3928705810348654,-0.5442422185506597,0.1822981801282894
1505205,-0.3928705810348654,-0.5442422185506597,0.1822981801282894
1506351,-0.3928705810348654,-0.5442422185506597,0.1822981801282894
1506500,-0.3928705810348654,-0.5442422185506597,0.1822981801282894
1507003,-0.3928705810348654,-0.5442422185506597,0.1822981801282894
1507102,-0.3928705810348654,-0.5442422185506597,0.1822981801282894
1507953,-0.3928705810348654,-0.5442422185506597,0.1822981801282894
1508001,-0.3928705810348654,-0.5442422185506597,0.1822981801282894
1508209,-0.3928705810348654,-0.5442422185506597,0.1822981801282894
1500909,-0.33851856870762903,-0.5496302225953199,0.1690664672009082
1500958,-0.33851856870762903,-0.5496302225953199,0.1690664672009082
1501600,-0.33851856870762903,-0.5496302225953199,0.1690664672009082
1501709,-0.33851856870762903,-0.5496302225953199,0.1690664672009082
1501956,-0.33851856870762903,-0.5496302225953199,0.1690664672009082
1502202,-0.33851856870762903,-0.5496302225953199,0.1690664672009082
1502301,-0.33851856870762903,-0.5496302225953199,0.1690664672009082
1502400,-0.33851856870762903,-0.5496302225953199,0.1690664672009082
1502905,-0.33851856870762903,-0.5496302225953199,0.1690664672009082
1502939,-0.33851856870762903,-0.5496302225953199,0.1690664672009082
1503077,-0.33851856870762903,-0.5496302225953199,0.1690664672009082
1503200,-0.33851856870762903,-0.5496302225953199,0.1690664672009082
1503408,-0.33851856870762903,-0.5496302225953199,0.1690664672009082
1503457,-0.33851856870762903,-0.5496302225953199,0.1690664672009082
1503507,-0.33851856870762903,-0.5496302225953199,0.1690664672009082
1504059,-0.33851856870762903,-0.5496302225953199,0.1690664672009082
1504109,-0.33851856870762903,-0.5496302225953199,0.1690664672009082
1504307,-0.33851856870762903,-0.5496302225953199,0.1690664672009082
1504406,-0.33851856870762903,-0.5496302225953199,0.1690664672009082
1504950,-0.33851856870762903,-0.5496302225953199,0.1690664672009082
1505007,-0.33851856870762903,-0.5496302225953199,0.1690664672009082
1505403,-0.33851856870762903,-0.5496302225953199,0.1690664672009082
1505502,-0.33851856870762903,-0.5496302225953199,0.1690664672009082
1505601,-0.33851856870762903,-0.5496302225953199,0.1690664672009082
1506104,-0.33851856870762903,-0.5496302225953199,0.1690664672009082
1506112,-0.33851856870762903,-0.5496302225953199,0.1690664672009082
1506203,-0.33851856870762903,-0.5496302225953199,0.1690664672009082
1506559,-0.33851856870762903,-0.5496302225953199,0.1690664672009082
1506609,-0.33851856870762903,-0.5496302225953199,0.1690664672009082
1506906,-0.33851856870762903,-0.5496302225953199,0.1690664672009082
1507201,-0.33851856870762903,-0.5496302225953199,0.1690664672009082
1507409,-0.33851856870762903,-0.5496302225953199,0.1690664672009082
1507466,-0.33851856870762903,-0.5496302225953199,0.1690664672009082
1507474,-0.33851856870762903,-0.5496302225953199,0.1690664672009082
1507607,-0.33851856870762903,-0.5496302225953199,0.1690664672009082
1507961,-0.33851856870762903,-0.5496302225953199,0.1690664672009082
1508035,-0.33851856870762903,-0.5496302225953199,0.1690664672009082
1508126,-0.33851856870762903,-0.5496302225953199,0.1690664672009082
1508308,-0.33851856870762903,-0.5496302225953199,0.1690664672009082
1500131,-0.05264985099873894,-0.2074747528433421,-0.2764514257829277
1501204,-0.05264985099873894,-0.2074747528433421,-0.2764514257829277
1501576,-0.05264985099873894,-0.2074747528433421,-0.2764514257829277
1501758,-0.05264985099873894,-0.2074747528433421,-0.2764514257829277
1501782,-0.05264985099873894,-0.2074747528433421,-0.2764514257829277
1502152,-0.05264985099873894,-0.2074747528433421,-0.2764514257829277
1502772,-0.05264985099873894,-0.2074747528433421,-0.2764514257829277
1502954,-0.05264985099873894,-0.2074747528433421,-0.2764514257829277
1503093,-0.05264985099873894,-0.2074747528433421,-0.2764514257829277
1503705,-0.05264985099873894,-0.2074747528433421,-0.2764514257829277
1503804,-0.05264985099873894,-0.2074747528433421,-0.2764514257829277
1504208,-0.05264985099873894,-0.2074747528433421,-0.2764514257829277
1504976,-0.05264985099873894,-0.2074747528433421,-0.2764514257829277
1505064,-0.05264985099873894,-0.2074747528433421,-0.2764514257829277
1505486,-0.05264985099873894,-0.2074747528433421,-0.2764514257829277
1505494,-0.05264985099873894,-0.2074747528433421,-0.2764514257829277
1505536,-0.05264985099873894,-0.2074747528433421,-0.2764514257829277
1505635,-0.05264985099873894,-0.2074747528433421,-0.2764514257829277
1506187,-0.05264985099873894,-0.2074747528433421,-0.2764514257829277
1507151,-0.05264985099873894,-0.2074747528433421,-0.2764514257829277
1507458,-0.05264985099873894,-0.2074747528433421,-0.2764514257829277
1507508,-0.05264985099873894,-0.2074747528433421,-0.2764514257829277
1508100,-0.05264985099873894,-0.2074747528433421,-0.2764514257829277
1500347,0.2708199302304131,0.5132055543002976,0.3831996581732021
1501253,0.2708199302304131,0.5132055543002976,0.3831996581732021
1502707,0.2708199302304131,0.5132055543002976,0.3831996581732021
1502764,0.2708199302304131,0.5132055543002976,0.3831996581732021
1503044,0.2708199302304131,0.5132055543002976,0.3831996581732021
1505437,0.2708199302304131,0.5132055543002976,0.3831996581732021
1505551,0.2708199302304131,0.5132055543002976,0.3831996581732021
1506138,0.2708199302304131,0.5132055543002976,0.3831996581732021
1506161,0.2708199302304131,0.5132055543002976,0.3831996581732021
1506583,0.2708199302304131,0.5132055543002976,0.3831996581732021
1506708,0.2708199302304131,0.5132055543002976,0.3831996581732021
1507300,0.2708199302304131,0.5132055543002976,0.3831996581732021
1507755,0.2708199302304131,0.5132055543002976,0.3831996581732021
1508084,0.2708199302304131,0.5132055543002976,0.3831996581732021
1508407,0.2708199302304131,0.5132055543002976,0.3831996581732021
1500404,0.5552598089199264,0.5629738648773767,-0.9247308961250484
1501006,0.5552598089199264,0.5629738648773767,-0.9247308961250484
1501451,0.5552598089199264,0.5629738648773767,-0.9247308961250484
1502855,0.5552598089199264,0.5629738648773767,-0.9247308961250484
1503002,0.5552598089199264,0.5629738648773767,-0.9247308961250484
1503606,0.5552598089199264,0.5629738648773767,-0.9247308961250484
1503754,0.5552598089199264,0.5629738648773767,-0.9247308961250484
1503903,0.5552598089199264,0.5629738648773767,-0.9247308961250484
1504752,0.5552598089199264,0.5629738648773767,-0.9247308961250484
1504802,0.5552598089199264,0.5629738648773767,-0.9247308961250484
1505031,0.5552598089199264,0.5629738648773767,-0.9247308961250484
1505106,0.5552598089199264,0.5629738648773767,-0.9247308961250484
1505304,0.5552598089199264,0.5629738648773767,-0.9247308961250484
1505650,0.5552598089199264,0.5629738648773767,-0.9247308961250484
1506005,0.5552598089199264,0.5629738648773767,-0.9247308961250484
1506195,0.5552598089199264,0.5629738648773767,-0.9247308961250484
1506807,0.5552598089199264,0.5629738648773767,-0.9247308961250484
1507979,0.5552598089199264,0.5629738648773767,-0.9247308961250484
1508050,0.5552598089199264,0.5629738648773767,-0.9247308961250484
1500503,-0.0941300368451673,0.585994955932614,-0.6799498329388498
1500602,-0.0941300368451673,0.585994955932614,-0.6799498329388498
1500859,-0.0941300368451673,0.585994955932614,-0.6799498329388498
1501725,-0.0941300368451673,0.585994955932614,-0.6799498329388498
1504455,-0.0941300368451673,0.585994955932614,-0.6799498329388498
1505908,-0.0941300368451673,0.585994955932614,-0.6799498329388498
1507805,-0.0941300368451673,0.585994955932614,-0.6799498329388498
1508159,-0.0941300368451673,0.585994955932614,-0.6799498329388498
1508357,-0.0941300368451673,0.585994955932614,-0.6799498329388498
1500305,0.07170397758184337,0.3662302177002479,0.1292295975475975
1500701,0.07170397758184337,0.3662302177002479,0.1292295975475975
1501105,0.07170397758184337,0.3662302177002479,0.1292295975475975
1501808,0.07170397758184337,0.3662302177002479,0.1292295975475975
1502004,0.07170397758184337,0.3662302177002479,0.1292295975475975
1502509,0.07170397758184337,0.3662302177002479,0.1292295975475975
1502806,0.07170397758184337,0.3662302177002479,0.1292295975475975
1503101,0.07170397758184337,0.3662302177002479,0.1292295975475975
1504505,0.07170397758184337,0.3662302177002479,0.1292295975475975
1504901,0.07170397758184337,0.3662302177002479,0.1292295975475975
1505700,0.07170397758184337,0.3662302177002479,0.1292295975475975
1505809,0.07170397758184337,0.3662302177002479,0.1292295975475975
1506302,0.07170397758184337,0.3662302177002479,0.1292295975475975
1506401,0.07170397758184337,0.3662302177002479,0.1292295975475975
1507706,0.07170397758184337,0.3662302177002479,0.1292295975475975
1507904,0.07170397758184337,0.3662302177002479,0.1292295975475975
1600253,-0.3092782006631206,-0.41357708598805015,-0.5891649953204284
1600279,-0.3092782006631206,-0.41357708598805015,-0.5891649953204284
1600303,-0.3092782006631206,-0.41357708598805015,-0.5891649953204284
1600402,-0.3092782006631206,-0.41357708598805015,-0.5891649953204284
1600600,-0.3092782006631206,-0.41357708598805015,-0.5891649953204284
1600808,-0.3092782006631206,-0.41357708598805015,-0.5891649953204284
1600055,-0.06016630186056896,0.40266828410347955,0.25904460629893705
1600105,-0.06016630186056896,0.40266828410347955,0.25904460629893705
1600154,-0.06016630186056896,0.40266828410347955,0.25904460629893705
1600204,-0.06016630186056896,0.40266828410347955,0.25904460629893705
1600212,-0.06016630186056896,0.40266828410347955,0.25904460629893705
1600238,-0.06016630186056896,0.40266828410347955,0.25904460629893705
1600501,-0.06016630186056896,0.40266828410347955,0.25904460629893705
1600535,-0.06016630186056896,0.40266828410347955,0.25904460629893705
1600550,-0.06016630186056896,0.40266828410347955,0.25904460629893705
1600709,-0.06016630186056896,0.40266828410347955,0.25904460629893705
1700251,-0.0503583424056157,-0.0958157152711161,-0.43081148400352703
1701101,-0.0503583424056157,-0.0958157152711161,-0.43081148400352703
1701903,-0.0503583424056157,-0.0958157152711161,-0.43081148400352703
1703107,-0.0503583424056157,-0.0958157152711161,-0.43081148400352703
1703701,-0.0503583424056157,-0.0958157152711161,-0.43081148400352703
1703909,-0.0503583424056157,-0.0958157152711161,-0.43081148400352703
1704600,-0.0503583424056157,-0.0958157152711161,-0.43081148400352703
1705102,-0.0503583424056157,-0.0958157152711161,-0.43081148400352703
1706100,-0.0503583424056157,-0.0958157152711161,-0.43081148400352703
1707108,-0.0503583424056157,-0.0958157152711161,-0.43081148400352703
1707207,-0.0503583424056157,-0.0958157152711161,-0.43081148400352703
1707553,-0.0503583424056157,-0.0958157152711161,-0.43081148400352703
1709807,-0.0503583424056157,-0.0958157152711161,-0.43081148400352703
1711902,-0.0503583424056157,-0.0958157152711161,-0.43081148400352703
1711951,-0.0503583424056157,-0.0958157152711161,-0.43081148400352703
1712009,-0.0503583424056157,-0.0958157152711161,-0.43081148400352703
1712405,-0.0503583424056157,-0.0958157152711161,-0.43081148400352703
1712504,-0.0503583424056157,-0.0958157152711161,-0.43081148400352703
1712702,-0.0503583424056157,-0.0958157152711161,-0.43081148400352703
1713205,-0.0503583424056157,-0.0958157152711161,-0.43081148400352703
1713304,-0.0503583424056157,-0.0958157152711161,-0.43081148400352703
1713601,-0.0503583424056157,-0.0958157152711161,-0.43081148400352703
1713700,-0.0503583424056157,-0.0958157152711161,-0.43081148400352703
1714203,-0.0503583424056157,-0.0958157152711161,-0.43081148400352703
1715002,-0.0503583424056157,-0.0958157152711161,-0.43081148400352703
1715101,-0.0503583424056157,-0.0958157152711161,-0.43081148400352703
1715507,-0.0503583424056157,-0.0958157152711161,-0.43081148400352703
1716109,-0.0503583424056157,-0.0958157152711161,-0.43081148400352703
1717008,-0.0503583424056157,-0.0958157152711161,-0.43081148400352703
1717503,-0.0503583424056157,-0.0958157152711161,-0.43081148400352703
1717909,-0.0503583424056157,-0.0958157152711161,-0.43081148400352703
1718204,-0.0503583424056157,-0.0958157152711161,-0.43081148400352703
1718451,-0.0503583424056157,-0.0958157152711161,-0.43081148400352703
1718709,-0.0503583424056157,-0.0958157152711161,-0.43081148400352703
1718758,-0.0503583424056157,-0.0958157152711161,-0.43081148400352703
1718899,-0.0503583424056157,-0.0958157152711161,-0.43081148400352703
1718907,-0.0503583424056157,-0.0958157152711161,-0.43081148400352703
1719004,-0.0503583424056157,-0.0958157152711161,-0.43081148400352703
1720150,-0.0503583424056157,-0.0958157152711161,-0.43081148400352703
1720655,-0.0503583424056157,-0.0958157152711161,-0.43081148400352703
1721000,-0.0503583424056157,-0.0958157152711161,-0.43081148400352703
1721109,-0.0503583424056157,-0.0958157152711161,-0.43081148400352703
1700301,0.16925440560828572,0.4556702967620474,-0.6121246501595295
1701002,0.16925440560828572,0.4556702967620474,-0.6121246501595295
1701051,0.16925440560828572,0.4556702967620474,-0.6121246501595295
1701309,0.16925440560828572,0.4556702967620474,-0.6121246501595295
1702109,0.16925440560828572,0.4556702967620474,-0.6121246501595295
1702158,0.16925440560828572,0.4556702967620474,-0.6121246501595295
1702208,0.16925440560828572,0.4556702967620474,-0.6121246501595295
1702307,0.16925440560828572,0.4556702967620474,-0.6121246501595295
1702554,0.16925440560828572,0.4556702967620474,-0.6121246501595295
1702901,0.16925440560828572,0.4556702967620474,-0.6121246501595295
1703008,0.16925440560828572,0.4556702967620474,-0.6121246501595295
1703057,0.16925440560828572,0.4556702967620474,-0.6121246501595295
1703073,0.16925440560828572,0.4556702967620474,-0.6121246501595295
1703206,0.16925440560828572,0.4556702967620474,-0.6121246501595295
1703305,0.16925440560828572,0.4556702967620474,-0.6121246501595295
1703602,0.16925440560828572,0.4556702967620474,-0.6121246501595295
1703800,0.16925440560828572,0.4556702967620474,-0.6121246501595295
1703826,0.16925440560828572,0.4556702967620474,-0.6121246501595295
1703842,0.16925440560828572,0.4556702967620474,-0.6121246501595295
1703883,0.16925440560828572,0.4556702967620474,-0.6121246501595295
1703891,0.16925440560828572,0.4556702967620474,-0.6121246501595295
1704105,0.16925440560828572,0.4556702967620474,-0.6121246501595295
1705508,0.16925440560828572,0.4556702967620474,-0.6121246501595295
1706001,0.16925440560828572,0.4556702967620474,-0.6121246501595295
1706506,0.16925440560828572,0.4556702967620474,-0.6121246501595295
1707405,0.16925440560828572,0.4556702967620474,-0.6121246501595295
1707702,0.16925440560828572,0.4556702967620474,-0.6121246501595295
1708254,0.16925440560828572,0.4556702967620474,-0.6121246501595295
1708304,0.16925440560828572,0.4556702967620474,-0.6121246501595295
1709005,0.16925440560828572,0.4556702967620474,-0.6121246501595295
1709302,0.16925440560828572,0.4556702967620474,-0.6121246501595295
1710508,0.16925440560828572,0.4556702967620474,-0.6121246501595295
1710706,0.16925440560828572,0.4556702967620474,-0.6121246501595295
1710904,0.16925440560828572,0.4556702967620474,-0.6121246501595295
1711100,0.16925440560828572,0.4556702967620474,-0.6121246501595295
1711803,0.16925440560828572,0.4556702967620474,-0.6121246501595295
1712454,0.16925440560828572,0.4556702967620474,-0.6121246501595295
1712801,0.16925440560828572,0.4556702967620474,-0.6121246501595295
1713809,0.16925440560828572,0.4556702967620474,-0.6121246501595295
1713957,0.16925440560828572,0.4556702967620474,-0.6121246501595295
1714302,0.16925440560828572,0.4556702967620474,-0.6121246501595295
1714880,0.16925440560828572,0.4556702967620474,-0.6121246501595295
1715705,0.16925440560828572,0.4556702967620474,-0.6121246501595295
1716307,0.16925440560828572,0.4556702967620474,-0.6121246501595295
1716505,0.16925440560828572,0.4556702967620474,-0.6121246501595295
1716653,0.16925440560828572,0.4556702967620474,-0.6121246501595295
1716703,0.16925440560828572,0.4556702967620474,-0.6121246501595295
1717206,0.16925440560828572,0.4556702967620474,-0.6121246501595295
1718303,0.16925440560828572,0.4556702967620474,-0.6121246501595295
1718402,0.16925440560828572,0.4556702967620474,-0.6121246501595295
1718501,0.16925440560828572,0.4556702967620474,-0.6121246501595295
1718550,0.16925440560828572,0.4556702967620474,-0.6121246501595295
1718808,0.16925440560828572,0.4556702967620474,-0.6121246501595295
1718865,0.16925440560828572,0.4556702967620474,-0.6121246501595295
1718881,0.16925440560828572,0.4556702967620474,-0.6121246501595295
1720002,0.16925440560828572,0.4556702967620474,-0.6121246501595295
1720101,0.16925440560828572,0.4556702967620474,-0.6121246501595295
1720200,0.16925440560828572,0.4556702967620474,-0.6121246501595295
1720309,0.16925440560828572,0.4556702967620474,-0.6121246501595295
1720804,0.16925440560828572,0.4556702967620474,-0.6121246501595295
1721208,0.16925440560828572,0.4556702967620474,-0.6121246501595295
1721257,0.16925440560828572,0.4556702967620474,-0.6121246501595295
1721307,0.16925440560828572,0.4556702967620474,-0.6121246501595295
1722081,0.16925440560828572,0.4556702967620474,-0.6121246501595295
1722107,0.16925440560828572,0.4556702967620474,-0.6121246501595295
1700350,0.09263574759880834,0.9192115748296295,-0.3863193553377667
1700400,0.09263574759880834,0.9192115748296295,-0.3863193553377667
1700707,0.09263574759880834,0.9192115748296295,-0.3863193553377667
1702000,0.09263574759880834,0.9192115748296295,-0.3863193553377667
1702406,0.09263574759880834,0.9192115748296295,-0.3863193553377667
1702703,0.09263574759880834,0.9192115748296295,-0.3863193553377667
1703867,0.09263574759880834,0.9192115748296295,-0.3863193553377667
1705557,0.09263574759880834,0.9192115748296295,-0.3863193553377667
1705607,0.09263574759880834,0.9192115748296295,-0.3863193553377667
1706258,0.09263574759880834,0.9192115748296295,-0.3863193553377667
1707009,0.09263574759880834,0.9192115748296295,-0.3863193553377667
1707306,0.09263574759880834,0.9192115748296295,-0.3863193553377667
1707652,0.09263574759880834,0.9192115748296295,-0.3863193553377667
1708205,0.09263574759880834,0.9192115748296295,-0.3863193553377667
1709500,0.09263574759880834,0.9192115748296295,-0.3863193553377667
1711506,0.09263574759880834,0.9192115748296295,-0.3863193553377667
1712157,0.09263574759880834,0.9192115748296295,-0.3863193553377667
1715150,0.09263574759880834,0.9192115748296295,-0.3863193553377667
1715259,0.09263574759880834,0.9192115748296295,-0.3863193553377667
1715754,0.09263574759880834,0.9192115748296295,-0.3863193553377667
1716208,0.09263574759880834,0.9192115748296295,-0.3863193553377667
1716604,0.09263574759880834,0.9192115748296295,-0.3863193553377667
1717800,0.09263574759880834,0.9192115748296295,-0.3863193553377667
1718006,0.09263574759880834,0.9192115748296295,-0.3863193553377667
1718659,0.09263574759880834,0.9192115748296295,-0.3863193553377667
1718840,0.09263574759880834,0.9192115748296295,-0.3863193553377667
1720259,0.09263574759880834,0.9192115748296295,-0.3863193553377667
1720499,0.09263574759880834,0.9192115748296295,-0.3863193553377667
1720853,0.09263574759880834,0.9192115748296295,-0.3863193553377667
1720903,0.09263574759880834,0.9192115748296295,-0.3863193553377667
1720937,0.09263574759880834,0.9192115748296295,-0.3863193553377667
1720978,0.09263574759880834,0.9192115748296295,-0.3863193553377667
2100154,-0.22697376894853358,-0.00975713703684186,0.47523622994247094
2100204,-0.22697376894853358,-0.00975713703684186,0.47523622994247094
2100709,-0.22697376894853358,-0.00975713703684186,0.47523622994247094
2100808,-0.22697376894853358,-0.00975713703684186,0.47523622994247094
2100832,-0.22697376894853358,-0.00975713703684186,0.47523622994247094
2100907,-0.22697376894853358,-0.00975713703684186,0.47523622994247094
2101004,-0.22697376894853358,-0.00975713703684186,0.47523622994247094
2101103,-0.22697376894853358,-0.00975713703684186,0.47523622994247094
2101251,-0.22697376894853358,-0.00975713703684186,0.47523622994247094
2101301,-0.22697376894853358,-0.00975713703684186,0.47523622994247094
2101350,-0.22697376894853358,-0.00975713703684186,0.47523622994247094
2101707,-0.22697376894853358,-0.00975713703684186,0.47523622994247094
2101731,-0.22697376894853358,-0.00975713703684186,0.47523622994247094
2101905,-0.22697376894853358,-0.00975713703684186,0.47523622994247094
2102101,-0.22697376894853358,-0.00975713703684186,0.47523622994247094
2102200,-0.22697376894853358,-0.00975713703684186,0.47523622994247094
2102374,-0.22697376894853358,-0.00975713703684186,0.47523622994247094
2102408,-0.22697376894853358,-0.00975713703684186,0.47523622994247094
2102507,-0.22697376894853358,-0.00975713703684186,0.47523622994247094
2102705,-0.22697376894853358,-0.00975713703684186,0.47523622994247094
2103109,-0.22697376894853358,-0.00975713703684186,0.47523622994247094
2103125,-0.22697376894853358,-0.00975713703684186,0.47523622994247094
2103208,-0.22697376894853358,-0.00975713703684186,0.47523622994247094
2103703,-0.22697376894853358,-0.00975713703684186,0.47523622994247094
2104909,-0.22697376894853358,-0.00975713703684186,0.47523622994247094
2105005,-0.22697376894853358,-0.00975713703684186,0.47523622994247094
2105104,-0.22697376894853358,-0.00975713703684186,0.47523622994247094
2105401,-0.22697376894853358,-0.00975713703684186,0.47523622994247094
2106300,-0.22697376894853358,-0.00975713703684186,0.47523622994247094
2106409,-0.22697376894853358,-0.00975713703684186,0.47523622994247094
2106508,-0.22697376894853358,-0.00975713703684186,0.47523622994247094
2106631,-0.22697376894853358,-0.00975713703684186,0.47523622994247094
2106672,-0.22697376894853358,-0.00975713703684186,0.47523622994247094
2106755,-0.22697376894853358,-0.00975713703684186,0.47523622994247094
2106805,-0.22697376894853358,-0.00975713703684186,0.47523622994247094
2107100,-0.22697376894853358,-0.00975713703684186,0.47523622994247094
2107209,-0.22697376894853358,-0.00975713703684186,0.47523622994247094
2107456,-0.22697376894853358,-0.00975713703684186,0.47523622994247094
2107506,-0.22697376894853358,-0.00975713703684186,0.47523622994247094
2107605,-0.22697376894853358,-0.00975713703684186,0.47523622994247094
2108058,-0.22697376894853358,-0.00975713703684186,0.47523622994247094
2108256,-0.22697376894853358,-0.00975713703684186,0.47523622994247094
2108306,-0.22697376894853358,-0.00975713703684186,0.47523622994247094
2108405,-0.22697376894853358,-0.00975713703684186,0.47523622994247094
2108603,-0.22697376894853358,-0.00975713703684186,0.47523622994247094
2108801,-0.22697376894853358,-0.00975713703684186,0.47523622994247094
2109056,-0.22697376894853358,-0.00975713703684186,0.47523622994247094
2109205,-0.22697376894853358,-0.00975713703684186,0.47523622994247094
2109270,-0.22697376894853358,-0.00975713703684186,0.47523622994247094
2109304,-0.22697376894853358,-0.00975713703684186,0.47523622994247094
2109403,-0.22697376894853358,-0.00975713703684186,0.47523622994247094
2109452,-0.22697376894853358,-0.00975713703684186,0.47523622994247094
2109601,-0.22697376894853358,-0.00975713703684186,0.47523622994247094
2109809,-0.22697376894853358,-0.00975713703684186,0.47523622994247094
2110104,-0.22697376894853358,-0.00975713703684186,0.47523622994247094
2110203,-0.22697376894853358,-0.00975713703684186,0.47523622994247094
2110237,-0.22697376894853358,-0.00975713703684186,0.47523622994247094
2110278,-0.22697376894853358,-0.00975713703684186,0.47523622994247094
2110401,-0.22697376894853358,-0.00975713703684186,0.47523622994247094
2110500,-0.22697376894853358,-0.00975713703684186,0.47523622994247094
2110609,-0.22697376894853358,-0.00975713703684186,0.47523622994247094
2111003,-0.22697376894853358,-0.00975713703684186,0.47523622994247094
2111201,-0.22697376894853358,-0.00975713703684186,0.47523622994247094
2111300,-0.22697376894853358,-0.00975713703684186,0.47523622994247094
2111706,-0.22697376894853358,-0.00975713703684186,0.47523622994247094
2111789,-0.22697376894853358,-0.00975713703684186,0.47523622994247094
2112407,-0.22697376894853358,-0.00975713703684186,0.47523622994247094
2112456,-0.22697376894853358,-0.00975713703684186,0.47523622994247094
2112506,-0.22697376894853358,-0.00975713703684186,0.47523622994247094
2112605,-0.22697376894853358,-0.00975713703684186,0.47523622994247094
2112704,-0.22697376894853358,-0.00975713703684186,0.47523622994247094
2112803,-0.22697376894853358,-0.00975713703684186,0.47523622994247094
2112902,-0.22697376894853358,-0.00975713703684186,0.47523622994247094
2100402,-0.19168446344345091,-0.011657445431905885,-0.7427664349662614
2100436,-0.19168446344345091,-0.011657445431905885,-0.7427664349662614
2100477,-0.19168446344345091,-0.011657445431905885,-0.7427664349662614
2100550,-0.19168446344345091,-0.011657445431905885,-0.7427664349662614
2100873,-0.19168446344345091,-0.011657445431905885,-0.7427664349662614
2101202,-0.19168446344345091,-0.011657445431905885,-0.7427664349662614
2101772,-0.19168446344345091,-0.011657445431905885,-0.7427664349662614
2101939,-0.19168446344345091,-0.011657445431905885,-0.7427664349662614
2101970,-0.19168446344345091,-0.011657445431905885,-0.7427664349662614
2102002,-0.19168446344345091,-0.011657445431905885,-0.7427664349662614
2102077,-0.19168446344345091,-0.011657445431905885,-0.7427664349662614
2102150,-0.19168446344345091,-0.011657445431905885,-0.7427664349662614
2102606,-0.19168446344345091,-0.011657445431905885,-0.7427664349662614
2102754,-0.19168446344345091,-0.011657445431905885,-0.7427664349662614
2102903,-0.19168446344345091,-0.011657445431905885,-0.7427664349662614
2103158,-0.19168446344345091,-0.011657445431905885,-0.7427664349662614
2103174,-0.19168446344345091,-0.011657445431905885,-0.7427664349662614
2103554,-0.19168446344345091,-0.011657445431905885,-0.7427664349662614
2104008,-0.19168446344345091,-0.011657445431905885,-0.7427664349662614
2104305,-0.19168446344345091,-0.011657445431905885,-0.7427664349662614
2104651,-0.19168446344345091,-0.011657445431905885,-0.7427664349662614
2104677,-0.19168446344345091,-0.011657445431905885,-0.7427664349662614
2105153,-0.19168446344345091,-0.011657445431905885,-0.7427664349662614
2105203,-0.19168446344345091,-0.011657445431905885,-0.7427664349662614
2105609,-0.19168446344345091,-0.011657445431905885,-0.7427664349662614
2105658,-0.19168446344345091,-0.011657445431905885,-0.7427664349662614
2105708,-0.19168446344345091,-0.011657445431905885,-0.7427664349662614
2105807,-0.19168446344345091,-0.011657445431905885,-0.7427664349662614
2105906,-0.19168446344345091,-0.011657445431905885,-0.7427664349662614
2105948,-0.19168446344345091,-0.011657445431905885,-0.7427664349662614
2105963,-0.19168446344345091,-0.011657445431905885,-0.7427664349662614
2106003,-0.19168446344345091,-0.011657445431905885,-0.7427664349662614
2106201,-0.19168446344345091,-0.011657445431905885,-0.7427664349662614
2106326,-0.19168446344345091,-0.011657445431905885,-0.7427664349662614
2106359,-0.19168446344345091,-0.011657445431905885,-0.7427664349662614
2106375,-0.19168446344345091,-0.011657445431905885,-0.7427664349662614
2106904,-0.19168446344345091,-0.011657445431905885,-0.7427664349662614
2107357,-0.19168446344345091,-0.011657445431905885,-0.7427664349662614
2107407,-0.19168446344345091,-0.011657445431905885,-0.7427664349662614
2108108,-0.19168446344345091,-0.011657445431905885,-0.7427664349662614
2108207,-0.19168446344345091,-0.011657445431905885,-0.7427664349662614
2108504,-0.19168446344345091,-0.011657445431905885,-0.7427664349662614
2108702,-0.19168446344345091,-0.011657445431905885,-0.7427664349662614
2108900,-0.19168446344345091,-0.011657445431905885,-0.7427664349662614
2109239,-0.19168446344345091,-0.011657445431905885,-0.7427664349662614
2109908,-0.19168446344345091,-0.011657445431905885,-0.7427664349662614
2110005,-0.19168446344345091,-0.011657445431905885,-0.7427664349662614
2110039,-0.19168446344345091,-0.011657445431905885,-0.7427664349662614
2110302,-0.19168446344345091,-0.011657445431905885,-0.7427664349662614
2111029,-0.19168446344345091,-0.011657445431905885,-0.7427664349662614
2111409,-0.19168446344345091,-0.011657445431905885,-0.7427664349662614
2111508,-0.19168446344345091,-0.011657445431905885,-0.7427664349662614
2111631,-0.19168446344345091,-0.011657445431905885,-0.7427664349662614
2111672,-0.19168446344345091,-0.011657445431905885,-0.7427664349662614
2111722,-0.19168446344345091,-0.011657445431905885,-0.7427664349662614
2112233,-0.19168446344345091,-0.011657445431905885,-0.7427664349662614
2112274,-0.19168446344345091,-0.011657445431905885,-0.7427664349662614
2113009,-0.19168446344345091,-0.011657445431905885,-0.7427664349662614
2114007,-0.19168446344345091,-0.011657445431905885,-0.7427664349662614
2100105,-0.3106765350971264,0.0694478569303795,-0.8809755914577007
2100303,-0.3106765350971264,0.0694478569303795,-0.8809755914577007
2102309,-0.3106765350971264,0.0694478569303795,-0.8809755914577007
2103000,-0.3106765350971264,0.0694478569303795,-0.8809755914577007
2103307,-0.3106765350971264,0.0694478569303795,-0.8809755914577007
2103406,-0.3106765350971264,0.0694478569303795,-0.8809755914577007
2103604,-0.3106765350971264,0.0694478569303795,-0.8809755914577007
2103901,-0.3106765350971264,0.0694478569303795,-0.8809755914577007
2106607,-0.3106765350971264,0.0694478569303795,-0.8809755914577007
2107803,-0.3106765350971264,0.0694478569303795,-0.8809755914577007
2108454,-0.3106765350971264,0.0694478569303795,-0.8809755914577007
2111078,-0.3106765350971264,0.0694478569303795,-0.8809755914577007
2112100,-0.3106765350971264,0.0694478569303795,-0.8809755914577007
2112209,-0.3106765350971264,0.0694478569303795,-0.8809755914577007
2101509,-0.05647732702789861,1.1028018563338986,0.24376504596564305
2101806,-0.05647732702789861,1.1028018563338986,0.24376504596564305
2103505,-0.05647732702789861,1.1028018563338986,0.24376504596564305
2103802,-0.05647732702789861,1.1028018563338986,0.24376504596564305
2104206,-0.05647732702789861,1.1028018563338986,0.24376504596564305
2104404,-0.05647732702789861,1.1028018563338986,0.24376504596564305
2104503,-0.05647732702789861,1.1028018563338986,0.24376504596564305
2104602,-0.05647732702789861,1.1028018563338986,0.24376504596564305
2104628,-0.05647732702789861,1.1028018563338986,0.24376504596564305
2104701,-0.05647732702789861,1.1028018563338986,0.24376504596564305
2105450,-0.05647732702789861,1.1028018563338986,0.24376504596564305
2105922,-0.05647732702789861,1.1028018563338986,0.24376504596564305
2106706,-0.05647732702789861,1.1028018563338986,0.24376504596564305
2107308,-0.05647732702789861,1.1028018563338986,0.24376504596564305
2107704,-0.05647732702789861,1.1028018563338986,0.24376504596564305
2107902,-0.05647732702789861,1.1028018563338986,0.24376504596564305
2108009,-0.05647732702789861,1.1028018563338986,0.24376504596564305
2109106,-0.05647732702789861,1.1028018563338986,0.24376504596564305
2109759,-0.05647732702789861,1.1028018563338986,0.24376504596564305
2110658,-0.05647732702789861,1.1028018563338986,0.24376504596564305
2110708,-0.05647732702789861,1.1028018563338986,0.24376504596564305
2110906,-0.05647732702789861,1.1028018563338986,0.24376504596564305
2111102,-0.05647732702789861,1.1028018563338986,0.24376504596564305
2111250,-0.05647732702789861,1.1028018563338986,0.24376504596564305
2111748,-0.05647732702789861,1.1028018563338986,0.24376504596564305
2111904,-0.05647732702789861,1.1028018563338986,0.24376504596564305
2111953,-0.05647732702789861,1.1028018563338986,0.24376504596564305
2112308,-0.05647732702789861,1.1028018563338986,0.24376504596564305
2100055,-0.5750709147461057,0.34819905862961953,-0.399668819107012
2100501,-0.5750709147461057,0.34819905862961953,-0.399668819107012
2100600,-0.5750709147461057,0.34819905862961953,-0.399668819107012
2100956,-0.5750709147461057,0.34819905862961953,-0.399668819107012
2101400,-0.5750709147461057,0.34819905862961953,-0.399668819107012
2101608,-0.5750709147461057,0.34819905862961953,-0.399668819107012
2102036,-0.5750709147461057,0.34819905862961953,-0.399668819107012
2102325,-0.5750709147461057,0.34819905862961953,-0.399668819107012
2102358,-0.5750709147461057,0.34819905862961953,-0.399668819107012
2102556,-0.5750709147461057,0.34819905862961953,-0.399668819107012
2102804,-0.5750709147461057,0.34819905862961953,-0.399668819107012
2103257,-0.5750709147461057,0.34819905862961953,-0.399668819107012
2103752,-0.5750709147461057,0.34819905862961953,-0.399668819107012
2104057,-0.5750709147461057,0.34819905862961953,-0.399668819107012
2104073,-0.5750709147461057,0.34819905862961953,-0.399668819107012
2104081,-0.5750709147461057,0.34819905862961953,-0.399668819107012
2104099,-0.5750709147461057,0.34819905862961953,-0.399668819107012
2104107,-0.5750709147461057,0.34819905862961953,-0.399668819107012
2104552,-0.5750709147461057,0.34819905862961953,-0.399668819107012
2104800,-0.5750709147461057,0.34819905862961953,-0.399668819107012
2105302,-0.5750709147461057,0.34819905862961953,-0.399668819107012
2105351,-0.5750709147461057,0.34819905862961953,-0.399668819107012
2105427,-0.5750709147461057,0.34819905862961953,-0.399668819107012
2105476,-0.5750709147461057,0.34819905862961953,-0.399668819107012
2105500,-0.5750709147461057,0.34819905862961953,-0.399668819107012
2105989,-0.5750709147461057,0.34819905862961953,-0.399668819107012
2106102,-0.5750709147461057,0.34819905862961953,-0.399668819107012
2107001,-0.5750709147461057,0.34819905862961953,-0.399668819107012
2107258,-0.5750709147461057,0.34819905862961953,-0.399668819107012
2109007,-0.5750709147461057,0.34819905862961953,-0.399668819107012
2109502,-0.5750709147461057,0.34819905862961953,-0.399668819107012
2109551,-0.5750709147461057,0.34819905862961953,-0.399668819107012
2109700,-0.5750709147461057,0.34819905862961953,-0.399668819107012
2110807,-0.5750709147461057,0.34819905862961953,-0.399668819107012
2110856,-0.5750709147461057,0.34819905862961953,-0.399668819107012
2111052,-0.5750709147461057,0.34819905862961953,-0.399668819107012
2111532,-0.5750709147461057,0.34819905862961953,-0.399668819107012
2111573,-0.5750709147461057,0.34819905862961953,-0.399668819107012
2111607,-0.5750709147461057,0.34819905862961953,-0.399668819107012
2111763,-0.5750709147461057,0.34819905862961953,-0.399668819107012
2111805,-0.5750709147461057,0.34819905862961953,-0.399668819107012
2112001,-0.5750709147461057,0.34819905862961953,-0.399668819107012
2112852,-0.5750709147461057,0.34819905862961953,-0.399668819107012
2200103,0.8664483111122793,0.8685382870780513,-0.7251038962358874
2200202,0.8664483111122793,0.8685382870780513,-0.7251038962358874
2200301,0.8664483111122793,0.8685382870780513,-0.7251038962358874
2200400,0.8664483111122793,0.8685382870780513,-0.7251038962358874
2200509,0.8664483111122793,0.8685382870780513,-0.7251038962358874
2200608,0.8664483111122793,0.8685382870780513,-0.7251038962358874
2200905,0.8664483111122793,0.8685382870780513,-0.7251038962358874
2201051,0.8664483111122793,0.8685382870780513,-0.7251038962358874
2201176,0.8664483111122793,0.8685382870780513,-0.7251038962358874
2201200,0.8664483111122793,0.8685382870780513,-0.7251038962358874
2201408,0.8664483111122793,0.8685382870780513,-0.7251038962358874
2201606,0.8664483111122793,0.8685382870780513,-0.7251038962358874
2201770,0.8664483111122793,0.8685382870780513,-0.7251038962358874
2201945,0.8664483111122793,0.8685382870780513,-0.7251038962358874
2202026,0.8664483111122793,0.8685382870780513,-0.7251038962358874
2202059,0.8664483111122793,0.8685382870780513,-0.7251038962358874
2202174,0.8664483111122793,0.8685382870780513,-0.7251038962358874
2202208,0.8664483111122793,0.8685382870780513,-0.7251038962358874
2202604,0.8664483111122793,0.8685382870780513,-0.7251038962358874
2202711,0.8664483111122793,0.8685382870780513,-0.7251038962358874
2202737,0.8664483111122793,0.8685382870780513,-0.7251038962358874
2203255,0.8664483111122793,0.8685382870780513,-0.7251038962358874
2203305,0.8664483111122793,0.8685382870780513,-0.7251038962358874
2203503,0.8664483111122793,0.8685382870780513,-0.7251038962358874
2204006,0.8664483111122793,0.8685382870780513,-0.7251038962358874
2204600,0.8664483111122793,0.8685382870780513,-0.7251038962358874
2204709,0.8664483111122793,0.8685382870780513,-0.7251038962358874
2204808,0.8664483111122793,0.8685382870780513,-0.7251038962358874
2205250,0.8664483111122793,0.8685382870780513,-0.7251038962358874
2205276,0.8664483111122793,0.8685382870780513,-0.7251038962358874
2205508,0.8664483111122793,0.8685382870780513,-0.7251038962358874
2205516,0.8664483111122793,0.8685382870780513,-0.7251038962358874
2205540,0.8664483111122793,0.8685382870780513,-0.7251038962358874
2205557,0.8664483111122793,0.8685382870780513,-0.7251038962358874
2205581,0.8664483111122793,0.8685382870780513,-0.7251038962358874
2205599,0.8664483111122793,0.8685382870780513,-0.7251038962358874
2206209,0.8664483111122793,0.8685382870780513,-0.7251038962358874
2206308,0.8664483111122793,0.8685382870780513,-0.7251038962358874
2206407,0.8664483111122793,0.8685382870780513,-0.7251038962358874
2206720,0.8664483111122793,0.8685382870780513,-0.7251038962358874
2206753,0.8664483111122793,0.8685382870780513,-0.7251038962358874
2206803,0.8664483111122793,0.8685382870780513,-0.7251038962358874
2206902,0.8664483111122793,0.8685382870780513,-0.7251038962358874
2206951,0.8664483111122793,0.8685382870780513,-0.7251038962358874
2207108,0.8664483111122793,0.8685382870780513,-0.7251038962358874
2207504,0.8664483111122793,0.8685382870780513,-0.7251038962358874
2207751,0.8664483111122793,0.8685382870780513,-0.7251038962358874
2207793,0.8664483111122793,0.8685382870780513,-0.7251038962358874
2208106,0.8664483111122793,0.8685382870780513,-0.7251038962358874
2208502,0.8664483111122793,0.8685382870780513,-0.7251038962358874
2208601,0.8664483111122793,0.8685382870780513,-0.7251038962358874
2208809,0.8664483111122793,0.8685382870780513,-0.7251038962358874
2209153,0.8664483111122793,0.8685382870780513,-0.7251038962358874
2209450,0.8664483111122793,0.8685382870780513,-0.7251038962358874
2209609,0.8664483111122793,0.8685382870780513,-0.7251038962358874
2209807,0.8664483111122793,0.8685382870780513,-0.7251038962358874
2209906,0.8664483111122793,0.8685382870780513,-0.7251038962358874
2210383,0.8664483111122793,0.8685382870780513,-0.7251038962358874
2210409,0.8664483111122793,0.8685382870780513,-0.7251038962358874
2210508,0.8664483111122793,0.8685382870780513,-0.7251038962358874
2210656,0.8664483111122793,0.8685382870780513,-0.7251038962358874
2211001,0.8664483111122793,0.8685382870780513,-0.7251038962358874
2211100,0.8664483111122793,0.8685382870780513,-0.7251038962358874
2211308,0.8664483111122793,0.8685382870780513,-0.7251038962358874
2211407,0.8664483111122793,0.8685382870780513,-0.7251038962358874
2201507,0.14429658376091198,0.9902873426928858,-0.03020091544779829
2201919,0.14429658376091198,0.9902873426928858,-0.03020091544779829
2201960,0.14429658376091198,0.9902873426928858,-0.03020091544779829
2202000,0.14429658376091198,0.9902873426928858,-0.03020091544779829
2202083,0.14429658376091198,0.9902873426928858,-0.03020091544779829
2202406,0.14429658376091198,0.9902873426928858,-0.03020091544779829
2202539,0.14429658376091198,0.9902873426928858,-0.03020091544779829
2202653,0.14429658376091198,0.9902873426928858,-0.03020091544779829
2202703,0.14429658376091198,0.9902873426928858,-0.03020091544779829
2202729,0.14429658376091198,0.9902873426928858,-0.03020091544779829
2203420,0.14429658376091198,0.9902873426928858,-0.03020091544779829
2203701,0.14429658376091198,0.9902873426928858,-0.03020091544779829
2204659,0.14429658376091198,0.9902873426928858,-0.03020091544779829
2205409,0.14429658376091198,0.9902873426928858,-0.03020091544779829
2205458,0.14429658376091198,0.9902873426928858,-0.03020091544779829
2205573,0.14429658376091198,0.9902873426928858,-0.03020091544779829
2205706,0.14429658376091198,0.9902873426928858,-0.03020091544779829
2205805,0.14429658376091198,0.9902873426928858,-0.03020091544779829
2205854,0.14429658376091198,0.9902873426928858,-0.03020091544779829
2206100,0.14429658376091198,0.9902873426928858,-0.03020091544779829
2206357,0.14429658376091198,0.9902873426928858,-0.03020091544779829
2206670,0.14429658376091198,0.9902873426928858,-0.03020091544779829
2206696,0.14429658376091198,0.9902873426928858,-0.03020091544779829
2207702,0.14429658376091198,0.9902873426928858,-0.03020091544779829
2207900,0.14429658376091198,0.9902873426928858,-0.03020091544779829
2208304,0.14429658376091198,0.9902873426928858,-0.03020091544779829
2208403,0.14429658376091198,0.9902873426928858,-0.03020091544779829
2209872,0.14429658376091198,0.9902873426928858,-0.03020091544779829
2209971,0.14429658376091198,0.9902873426928858,-0.03020091544779829
2210052,0.14429658376091198,0.9902873426928858,-0.03020091544779829
2200053,-0.439315429936751,-0.4352840938741199,1.1801044431763401
2200251,-0.439315429936751,-0.4352840938741199,1.1801044431763401
2200277,-0.439315429936751,-0.4352840938741199,1.1801044431763401
2200954,-0.439315429936751,-0.4352840938741199,1.1801044431763401
2201556,-0.439315429936751,-0.4352840938741199,1.1801044431763401
2201572,-0.439315429936751,-0.4352840938741199,1.1801044431763401
2201739,-0.439315429936751,-0.4352840938741199,1.1801044431763401
2201804,-0.439315429936751,-0.4352840938741199,1.1801044431763401
2202075,-0.439315429936751,-0.4352840938741199,1.1801044431763401
2202091,-0.439315429936751,-0.4352840938741199,1.1801044431763401
2202109,-0.439315429936751,-0.4352840938741199,1.1801044431763401
2202133,-0.439315429936751,-0.4352840938741199,1.1801044431763401
2202554,-0.439315429936751,-0.4352840938741199,1.1801044431763401
2202778,-0.439315429936751,-0.4352840938741199,1.1801044431763401
2202802,-0.439315429936751,-0.4352840938741199,1.1801044431763401
2203271,-0.439315429936751,-0.4352840938741199,1.1801044431763401
2203404,-0.439315429936751,-0.4352840938741199,1.1801044431763401
2203859,-0.439315429936751,-0.4352840938741199,1.1801044431763401
2204154,-0.439315429936751,-0.4352840938741199,1.1801044431763401
2204204,-0.439315429936751,-0.4352840938741199,1.1801044431763401
2204303,-0.439315429936751,-0.4352840938741199,1.1801044431763401
2204352,-0.439315429936751,-0.4352840938741199,1.1801044431763401
2204907,-0.439315429936751,-0.4352840938741199,1.1801044431763401
2205003,-0.439315429936751,-0.4352840938741199,1.1801044431763401
2205151,-0.439315429936751,-0.4352840938741199,1.1801044431763401
2205201,-0.439315429936751,-0.4352840938741199,1.1801044431763401
2205953,-0.439315429936751,-0.4352840938741199,1.1801044431763401
2206050,-0.439315429936751,-0.4352840938741199,1.1801044431763401
2206506,-0.439315429936751,-0.4352840938741199,1.1801044431763401
2207009,-0.439315429936751,-0.4352840938741199,1.1801044431763401
2207207,-0.439315429936751,-0.4352840938741199,1.1801044431763401
2207306,-0.439315429936751,-0.4352840938741199,1.1801044431763401
2207553,-0.439315429936751,-0.4352840938741199,1.1801044431763401
2207777,-0.439315429936751,-0.4352840938741199,1.1801044431763401
2207801,-0.439315429936751,-0.4352840938741199,1.1801044431763401
2208007,-0.439315429936751,-0.4352840938741199,1.1801044431763401
2208205,-0.439315429936751,-0.4352840938741199,1.1801044431763401
2208650,-0.439315429936751,-0.4352840938741199,1.1801044431763401
2209104,-0.439315429936751,-0.4352840938741199,1.1801044431763401
2209351,-0.439315429936751,-0.4352840938741199,1.1801044431763401
2209377,-0.439315429936751,-0.4352840938741199,1.1801044431763401
2209401,-0.439315429936751,-0.4352840938741199,1.1801044431763401
2209500,-0.439315429936751,-0.4352840938741199,1.1801044431763401
2209658,-0.439315429936751,-0.4352840938741199,1.1801044431763401
2209856,-0.439315429936751,-0.4352840938741199,1.1801044431763401
2209955,-0.439315429936751,-0.4352840938741199,1.1801044431763401
2210201,-0.439315429936751,-0.4352840938741199,1.1801044431763401
2210300,-0.439315429936751,-0.4352840938741199,1.1801044431763401
2210375,-0.439315429936751,-0.4352840938741199,1.1801044431763401
2210391,-0.439315429936751,-0.4352840938741199,1.1801044431763401
2210706,-0.439315429936751,-0.4352840938741199,1.1801044431763401
2210805,-0.439315429936751,-0.4352840938741199,1.1801044431763401
2210904,-0.439315429936751,-0.4352840938741199,1.1801044431763401
2210938,-0.439315429936751,-0.4352840938741199,1.1801044431763401
2210979,-0.439315429936751,-0.4352840938741199,1.1801044431763401
2211506,-0.439315429936751,-0.4352840938741199,1.1801044431763401
2211605,-0.439315429936751,-0.4352840938741199,1.1801044431763401
2211704,-0.439315429936751,-0.4352840938741199,1.1801044431763401
2200707,-0.05647697579244305,1.102801830358364,0.24376519248945863
2201929,-0.05647697579244305,1.102801830358364,0.24376519248945863
2202117,-0.05647697579244305,1.102801830358364,0.24376519248945863
2202455,-0.05647697579244305,1.102801830358364,0.24376519248945863
2202505,-0.05647697579244305,1.102801830358364,0.24376519248945863
2202851,-0.05647697579244305,1.102801830358364,0.24376519248945863
2203354,-0.05647697579244305,1.102801830358364,0.24376519248945863
2203453,-0.05647697579244305,1.102801830358364,0.24376519248945863
2203750,-0.05647697579244305,1.102801830358364,0.24376519248945863
2204550,-0.05647697579244305,1.102801830358364,0.24376519248945863
2205359,-0.05647697579244305,1.102801830358364,0.24376519248945863
2205532,-0.05647697579244305,1.102801830358364,0.24376519248945863
2205565,-0.05647697579244305,1.102801830358364,0.24376519248945863
2207934,-0.05647697579244305,1.102801830358364,0.24376519248945863
2207959,-0.05647697579244305,1.102801830358364,0.24376519248945863
2208874,-0.05647697579244305,1.102801830358364,0.24376519248945863
2209559,-0.05647697579244305,1.102801830358364,0.24376519248945863
2210003,-0.05647697579244305,1.102801830358364,0.24376519248945863
2210359,-0.05647697579244305,1.102801830358364,0.24376519248945863
2210607,-0.05647697579244305,1.102801830358364,0.24376519248945863
2211357,-0.05647697579244305,1.102801830358364,0.24376519248945863
2200459,1.0673784226217238,0.42417396736275503,-0.47513750093922563
2201101,1.0673784226217238,0.42417396736275503,-0.47513750093922563
2201309,1.0673784226217238,0.42417396736275503,-0.47513750093922563
2201903,1.0673784226217238,0.42417396736275503,-0.47513750093922563
2202752,1.0673784226217238,0.42417396736275503,-0.47513750093922563
2202901,1.0673784226217238,0.42417396736275503,-0.47513750093922563
2203008,1.0673784226217238,0.42417396736275503,-0.47513750093922563
2203107,1.0673784226217238,0.42417396736275503,-0.47513750093922563
2203206,1.0673784226217238,0.42417396736275503,-0.47513750093922563
2203230,1.0673784226217238,0.42417396736275503,-0.47513750093922563
2204402,1.0673784226217238,0.42417396736275503,-0.47513750093922563
2205524,1.0673784226217238,0.42417396736275503,-0.47513750093922563
2206605,1.0673784226217238,0.42417396736275503,-0.47513750093922563
2206654,1.0673784226217238,0.42417396736275503,-0.47513750093922563
2207405,1.0673784226217238,0.42417396736275503,-0.47513750093922563
2207603,1.0673784226217238,0.42417396736275503,-0.47513750093922563
2208700,1.0673784226217238,0.42417396736275503,-0.47513750093922563
2208858,1.0673784226217238,0.42417396736275503,-0.47513750093922563
2209203,1.0673784226217238,0.42417396736275503,-0.47513750093922563
2209302,1.0673784226217238,0.42417396736275503,-0.47513750093922563
2209757,1.0673784226217238,0.42417396736275503,-0.47513750093922563
2210623,1.0673784226217238,0.42417396736275503,-0.47513750093922563
2200806,0.06666659248607218,0.726114940968556,-0.7388657925689209
2201002,0.06666659248607218,0.726114940968556,-0.7388657925689209
2201150,0.06666659248607218,0.726114940968556,-0.7388657925689209
2201705,0.06666659248607218,0.726114940968556,-0.7388657925689209
2201988,0.06666659248607218,0.726114940968556,-0.7388657925689209
2202251,0.06666659248607218,0.726114940968556,-0.7388657925689209
2202307,0.06666659248607218,0.726114940968556,-0.7388657925689209
2203602,0.06666659248607218,0.726114940968556,-0.7388657925689209
2203800,0.06666659248607218,0.726114940968556,-0.7388657925689209
2203909,0.06666659248607218,0.726114940968556,-0.7388657925689209
2204105,0.06666659248607218,0.726114940968556,-0.7388657925689209
2204501,0.06666659248607218,0.726114940968556,-0.7388657925689209
2205102,0.06666659248607218,0.726114940968556,-0.7388657925689209
2205300,0.06666659248607218,0.726114940968556,-0.7388657925689209
2205607,0.06666659248607218,0.726114940968556,-0.7388657925689209
2205904,0.06666659248607218,0.726114940968556,-0.7388657925689209
2206001,0.06666659248607218,0.726114940968556,-0.7388657925689209
2206704,0.06666659248607218,0.726114940968556,-0.7388657925689209
2207355,0.06666659248607218,0.726114940968556,-0.7388657925689209
2207850,0.06666659248607218,0.726114940968556,-0.7388657925689209
2208551,0.06666659248607218,0.726114940968556,-0.7388657925689209
2208908,0.06666659248607218,0.726114940968556,-0.7388657925689209
2209005,0.06666659248607218,0.726114940968556,-0.7388657925689209
2209708,0.06666659248607218,0.726114940968556,-0.7388657925689209
2210102,0.06666659248607218,0.726114940968556,-0.7388657925689209
2210631,0.06666659248607218,0.726114940968556,-0.7388657925689209
2210953,0.06666659248607218,0.726114940968556,-0.7388657925689209
2211209,0.06666659248607218,0.726114940968556,-0.7388657925689209
2300150,0.37352469299219776,0.33001245094366916,0.35586752434062724
2300754,0.37352469299219776,0.33001245094366916,0.35586752434062724
2300903,0.37352469299219776,0.33001245094366916,0.35586752434062724
2301000,0.37352469299219776,0.33001245094366916,0.35586752434062724
2301208,0.37352469299219776,0.33001245094366916,0.35586752434062724
2301406,0.37352469299219776,0.33001245094366916,0.35586752434062724
2301950,0.37352469299219776,0.33001245094366916,0.35586752434062724
2302107,0.37352469299219776,0.33001245094366916,0.35586752434062724
2302206,0.37352469299219776,0.33001245094366916,0.35586752434062724
2302404,0.37352469299219776,0.33001245094366916,0.35586752434062724
2302800,0.37352469299219776,0.33001245094366916,0.35586752434062724
2302909,0.37352469299219776,0.33001245094366916,0.35586752434062724
2303006,0.37352469299219776,0.33001245094366916,0.35586752434062724
2303501,0.37352469299219776,0.33001245094366916,0.35586752434062724
2303709,0.37352469299219776,0.33001245094366916,0.35586752434062724
2303956,0.37352469299219776,0.33001245094366916,0.35586752434062724
2304285,0.37352469299219776,0.33001245094366916,0.35586752434062724
2304400,0.37352469299219776,0.33001245094366916,0.35586752434062724
2304608,0.37352469299219776,0.33001245094366916,0.35586752434062724
2304954,0.37352469299219776,0.33001245094366916,0.35586752434062724
2305100,0.37352469299219776,0.33001245094366916,0.35586752434062724
2305233,0.37352469299219776,0.33001245094366916,0.35586752434062724
2306108,0.37352469299219776,0.33001245094366916,0.35586752434062724
2306256,0.37352469299219776,0.33001245094366916,0.35586752434062724
2306306,0.37352469299219776,0.33001245094366916,0.35586752434062724
2306405,0.37352469299219776,0.33001245094366916,0.35586752434062724
2306504,0.37352469299219776,0.33001245094366916,0.35586752434062724
2306603,0.37352469299219776,0.33001245094366916,0.35586752434062724
2307635,0.37352469299219776,0.33001245094366916,0.35586752434062724
2307650,0.37352469299219776,0.33001245094366916,0.35586752434062724
2307700,0.37352469299219776,0.33001245094366916,0.35586752434062724
2308377,0.37352469299219776,0.33001245094366916,0.35586752434062724
2309102,0.37352469299219776,0.33001245094366916,0.35586752434062724
2309458,0.37352469299219776,0.33001245094366916,0.35586752434062724
2309607,0.37352469299219776,0.33001245094366916,0.35586752434062724
2309706,0.37352469299219776,0.33001245094366916,0.35586752434062724
2309805,0.37352469299219776,0.33001245094366916,0.35586752434062724
2310100,0.37352469299219776,0.33001245094366916,0.35586752434062724
2310209,0.37352469299219776,0.33001245094366916,0.35586752434062724
2310258,0.37352469299219776,0.33001245094366916,0.35586752434062724
2310407,0.37352469299219776,0.33001245094366916,0.35586752434062724
2310704,0.37352469299219776,0.33001245094366916,0.35586752434062724
2310852,0.37352469299219776,0.33001245094366916,0.35586752434062724
2311603,0.37352469299219776,0.33001245094366916,0.35586752434062724
2312403,0.37352469299219776,0.33001245094366916,0.35586752434062724
2312601,0.37352469299219776,0.33001245094366916,0.35586752434062724
2313351,0.37352469299219776,0.33001245094366916,0.35586752434062724
2313500,0.37352469299219776,0.33001245094366916,0.35586752434062724
2313559,0.37352469299219776,0.33001245094366916,0.35586752434062724
2313757,0.37352469299219776,0.33001245094366916,0.35586752434062724
2313807,0.37352469299219776,0.33001245094366916,0.35586752434062724
2300705,-0.09707714585153117,-0.1301590001915275,0.8267588975178036
2301109,-0.09707714585153117,-0.1301590001915275,0.8267588975178036
2301851,-0.09707714585153117,-0.1301590001915275,0.8267588975178036
2303931,-0.09707714585153117,-0.1301590001915275,0.8267588975178036
2304269,-0.09707714585153117,-0.1301590001915275,0.8267588975178036
2304277,-0.09707714585153117,-0.1301590001915275,0.8267588975178036
2304459,-0.09707714585153117,-0.1301590001915275,0.8267588975178036
2305266,-0.09707714585153117,-0.1301590001915275,0.8267588975178036
2305332,-0.09707714585153117,-0.1301590001915275,0.8267588975178036
2305357,-0.09707714585153117,-0.1301590001915275,0.8267588975178036
2306009,-0.09707714585153117,-0.1301590001915275,0.8267588975178036
2306207,-0.09707714585153117,-0.1301590001915275,0.8267588975178036
2306702,-0.09707714585153117,-0.1301590001915275,0.8267588975178036
2306801,-0.09707714585153117,-0.1301590001915275,0.8267588975178036
2306900,-0.09707714585153117,-0.1301590001915275,0.8267588975178036
2307007,-0.09707714585153117,-0.1301590001915275,0.8267588975178036
2307601,-0.09707714585153117,-0.1301590001915275,0.8267588975178036
2308351,-0.09707714585153117,-0.1301590001915275,0.8267588975178036
2308708,-0.09707714585153117,-0.1301590001915275,0.8267588975178036
2310001,-0.09707714585153117,-0.1301590001915275,0.8267588975178036
2310506,-0.09707714585153117,-0.1301590001915275,0.8267588975178036
2310803,-0.09707714585153117,-0.1301590001915275,0.8267588975178036
2311231,-0.09707714585153117,-0.1301590001915275,0.8267588975178036
2311306,-0.09707714585153117,-0.1301590001915275,0.8267588975178036
2311405,-0.09707714585153117,-0.1301590001915275,0.8267588975178036
2311504,-0.09707714585153117,-0.1301590001915275,0.8267588975178036
2311801,-0.09707714585153117,-0.1301590001915275,0.8267588975178036
2312502,-0.09707714585153117,-0.1301590001915275,0.8267588975178036
2312700,-0.09707714585153117,-0.1301590001915275,0.8267588975178036
2313005,-0.09707714585153117,-0.1301590001915275,0.8267588975178036
2313104,-0.09707714585153117,-0.1301590001915275,0.8267588975178036
2300309,-0.018963951434703908,0.47357353949427045,0.43309901783888555
2301802,-0.018963951434703908,0.47357353949427045,0.43309901783888555
2303303,-0.018963951434703908,0.47357353949427045,0.43309901783888555
2303600,-0.018963951434703908,0.47357353949427045,0.43309901783888555
2303808,-0.018963951434703908,0.47357353949427045,0.43309901783888555
2305407,-0.018963951434703908,0.47357353949427045,0.43309901783888555
2305506,-0.018963951434703908,0.47357353949427045,0.43309901783888555
2305704,-0.018963951434703908,0.47357353949427045,0.43309901783888555
2307403,-0.018963951434703908,0.47357353949427045,0.43309901783888555
2308500,-0.018963951434703908,0.47357353949427045,0.43309901783888555
2309508,-0.018963951434703908,0.47357353949427045,0.43309901783888555
2310902,-0.018963951434703908,0.47357353949427045,0.43309901783888555
2311355,-0.018963951434703908,0.47357353949427045,0.43309901783888555
2311900,-0.018963951434703908,0.47357353949427045,0.43309901783888555
2313708,-0.018963951434703908,0.47357353949427045,0.43309901783888555
2300101,0.41214313302568995,0.5438692860977745,0.09955396648655897
2300408,0.41214313302568995,0.5438692860977745,0.09955396648655897
2300606,0.41214313302568995,0.5438692860977745,0.09955396648655897
2300804,0.41214313302568995,0.5438692860977745,0.09955396648655897
2301307,0.41214313302568995,0.5438692860977745,0.09955396648655897
2301604,0.41214313302568995,0.5438692860977745,0.09955396648655897
2301703,0.41214313302568995,0.5438692860977745,0.09955396648655897
2301901,0.41214313302568995,0.5438692860977745,0.09955396648655897
2302008,0.41214313302568995,0.5438692860977745,0.09955396648655897
2302503,0.41214313302568995,0.5438692860977745,0.09955396648655897
2302701,0.41214313302568995,0.5438692860977745,0.09955396648655897
2303204,0.41214313302568995,0.5438692860977745,0.09955396648655897
2304202,0.41214313302568995,0.5438692860977745,0.09955396648655897
2304301,0.41214313302568995,0.5438692860977745,0.09955396648655897
2304806,0.41214313302568995,0.5438692860977745,0.09955396648655897
2307106,0.41214313302568995,0.5438692860977745,0.09955396648655897
2307205,0.41214313302568995,0.5438692860977745,0.09955396648655897
2307304,0.41214313302568995,0.5438692860977745,0.09955396648655897
2307502,0.41214313302568995,0.5438692860977745,0.09955396648655897
2308104,0.41214313302568995,0.5438692860977745,0.09955396648655897
2308302,0.41214313302568995,0.5438692860977745,0.09955396648655897
2308401,0.41214313302568995,0.5438692860977745,0.09955396648655897
2309201,0.41214313302568995,0.5438692860977745,0.09955396648655897
2310605,0.41214313302568995,0.5438692860977745,0.09955396648655897
2311108,0.41214313302568995,0.5438692860977745,0.09955396648655897
2311207,0.41214313302568995,0.5438692860977745,0.09955396648655897
2311959,0.41214313302568995,0.5438692860977745,0.09955396648655897
2312106,0.41214313302568995,0.5438692860977745,0.09955396648655897
2313252,0.41214313302568995,0.5438692860977745,0.09955396648655897
2314003,0.41214313302568995,0.5438692860977745,0.09955396648655897
2301257,-0.05647705890376571,1.102801836504183,0.2437651578214381
2301505,-0.05647705890376571,1.102801836504183,0.2437651578214381
2304103,-0.05647705890376571,1.102801836504183,0.2437651578214381
2305605,-0.05647705890376571,1.102801836504183,0.2437651578214381
2305654,-0.05647705890376571,1.102801836504183,0.2437651578214381
2308609,-0.05647705890376571,1.102801836504183,0.2437651578214381
2309300,-0.05647705890376571,1.102801836504183,0.2437651578214381
2309409,-0.05647705890376571,1.102801836504183,0.2437651578214381
2310308,-0.05647705890376571,1.102801836504183,0.2437651578214381
2311009,-0.05647705890376571,1.102801836504183,0.2437651578214381
2311264,-0.05647705890376571,1.102801836504183,0.2437651578214381
2313203,-0.05647705890376571,1.102801836504183,0.2437651578214381
2313302,-0.05647705890376571,1.102801836504183,0.2437651578214381
2300200,0.014177253936530933,0.3850751642931601,-0.4953545875795187
2300507,0.014177253936530933,0.3850751642931601,-0.4953545875795187
2302057,0.014177253936530933,0.3850751642931601,-0.4953545875795187
2302305,0.014177253936530933,0.3850751642931601,-0.4953545875795187
2302602,0.014177253936530933,0.3850751642931601,-0.4953545875795187
2303105,0.014177253936530933,0.3850751642931601,-0.4953545875795187
2303402,0.014177253936530933,0.3850751642931601,-0.4953545875795187
2303659,0.014177253936530933,0.3850751642931601,-0.4953545875795187
2303907,0.014177253936530933,0.3850751642931601,-0.4953545875795187
2304004,0.014177253936530933,0.3850751642931601,-0.4953545875795187
2304236,0.014177253936530933,0.3850751642931601,-0.4953545875795187
2304251,0.014177253936530933,0.3850751642931601,-0.4953545875795187
2304350,0.014177253936530933,0.3850751642931601,-0.4953545875795187
2304509,0.014177253936530933,0.3850751642931601,-0.4953545875795187
2304657,0.014177253936530933,0.3850751642931601,-0.4953545875795187
2304707,0.014177253936530933,0.3850751642931601,-0.4953545875795187
2304905,0.014177253936530933,0.3850751642931601,-0.4953545875795187
2305001,0.014177253936530933,0.3850751642931601,-0.4953545875795187
2305209,0.014177253936530933,0.3850751642931601,-0.4953545875795187
2305308,0.014177253936530933,0.3850751642931601,-0.4953545875795187
2305803,0.014177253936530933,0.3850751642931601,-0.4953545875795187
2305902,0.014177253936530933,0.3850751642931601,-0.4953545875795187
2306553,0.014177253936530933,0.3850751642931601,-0.4953545875795187
2307254,0.014177253936530933,0.3850751642931601,-0.4953545875795187
2307809,0.014177253936530933,0.3850751642931601,-0.4953545875795187
2307908,0.014177253936530933,0.3850751642931601,-0.4953545875795187
2308005,0.014177253936530933,0.3850751642931601,-0.4953545875795187
2308203,0.014177253936530933,0.3850751642931601,-0.4953545875795187
2308807,0.014177253936530933,0.3850751642931601,-0.4953545875795187
2308906,0.014177253936530933,0.3850751642931601,-0.4953545875795187
2309003,0.014177253936530933,0.3850751642931601,-0.4953545875795187
2309904,0.014177253936530933,0.3850751642931601,-0.4953545875795187
2310951,0.014177253936530933,0.3850751642931601,-0.4953545875795187
2311702,0.014177253936530933,0.3850751642931601,-0.4953545875795187
2312007,0.014177253936530933,0.3850751642931601,-0.4953545875795187
2312205,0.014177253936530933,0.3850751642931601,-0.4953545875795187
2312304,0.014177253936530933,0.3850751642931601,-0.4953545875795187
2312809,0.014177253936530933,0.3850751642931601,-0.4953545875795187
2312908,0.014177253936530933,0.3850751642931601,-0.4953545875795187
2313401,0.014177253936530933,0.3850751642931601,-0.4953545875795187
2313609,0.014177253936530933,0.3850751642931601,-0.4953545875795187
2313906,0.014177253936530933,0.3850751642931601,-0.4953545875795187
2313955,0.014177253936530933,0.3850751642931601,-0.4953545875795187
2314102,0.014177253936530933,0.3850751642931601,-0.4953545875795187
2401206,0.5294277498261222,0.35579988669001295,0.7314289417057371
2401404,0.5294277498261222,0.35579988669001295,0.7314289417057371
2401503,0.5294277498261222,0.35579988669001295,0.7314289417057371
2401602,0.5294277498261222,0.35579988669001295,0.7314289417057371
2401701,0.5294277498261222,0.35579988669001295,0.7314289417057371
2401800,0.5294277498261222,0.35579988669001295,0.7314289417057371
2401859,0.5294277498261222,0.35579988669001295,0.7314289417057371
2401909,0.5294277498261222,0.35579988669001295,0.7314289417057371
2402105,0.5294277498261222,0.35579988669001295,0.7314289417057371
2402204,0.5294277498261222,0.35579988669001295,0.7314289417057371
2402600,0.5294277498261222,0.35579988669001295,0.7314289417057371
2402808,0.5294277498261222,0.35579988669001295,0.7314289417057371
2403251,0.5294277498261222,0.35579988669001295,0.7314289417057371
2403509,0.5294277498261222,0.35579988669001295,0.7314289417057371
2403608,0.5294277498261222,0.35579988669001295,0.7314289417057371
2404101,0.5294277498261222,0.35579988669001295,0.7314289417057371
2404200,0.5294277498261222,0.35579988669001295,0.7314289417057371
2404606,0.5294277498261222,0.35579988669001295,0.7314289417057371
2405009,0.5294277498261222,0.35579988669001295,0.7314289417057371
2405108,0.5294277498261222,0.35579988669001295,0.7314289417057371
2405306,0.5294277498261222,0.35579988669001295,0.7314289417057371
2405405,0.5294277498261222,0.35579988669001295,0.7314289417057371
2405504,0.5294277498261222,0.35579988669001295,0.7314289417057371
2405801,0.5294277498261222,0.35579988669001295,0.7314289417057371
2406155,0.5294277498261222,0.35579988669001295,0.7314289417057371
2406205,0.5294277498261222,0.35579988669001295,0.7314289417057371
2406304,0.5294277498261222,0.35579988669001295,0.7314289417057371
2406403,0.5294277498261222,0.35579988669001295,0.7314289417057371
2406601,0.5294277498261222,0.35579988669001295,0.7314289417057371
2406809,0.5294277498261222,0.35579988669001295,0.7314289417057371
2407104,0.5294277498261222,0.35579988669001295,0.7314289417057371
2407500,0.5294277498261222,0.35579988669001295,0.7314289417057371
2407708,0.5294277498261222,0.35579988669001295,0.7314289417057371
2407807,0.5294277498261222,0.35579988669001295,0.7314289417057371
2407906,0.5294277498261222,0.35579988669001295,0.7314289417057371
2408102,0.5294277498261222,0.35579988669001295,0.7314289417057371
2408201,0.5294277498261222,0.35579988669001295,0.7314289417057371
2408300,0.5294277498261222,0.35579988669001295,0.7314289417057371
2408805,0.5294277498261222,0.35579988669001295,0.7314289417057371
2408953,0.5294277498261222,0.35579988669001295,0.7314289417057371
2409100,0.5294277498261222,0.35579988669001295,0.7314289417057371
2409209,0.5294277498261222,0.35579988669001295,0.7314289417057371
2409332,0.5294277498261222,0.35579988669001295,0.7314289417057371
2409506,0.5294277498261222,0.35579988669001295,0.7314289417057371
2409605,0.5294277498261222,0.35579988669001295,0.7314289417057371
2409704,0.5294277498261222,0.35579988669001295,0.7314289417057371
2409803,0.5294277498261222,0.35579988669001295,0.7314289417057371
2410108,0.5294277498261222,0.35579988669001295,0.7314289417057371
2410306,0.5294277498261222,0.35579988669001295,0.7314289417057371
2410405,0.5294277498261222,0.35579988669001295,0.7314289417057371
2410900,0.5294277498261222,0.35579988669001295,0.7314289417057371
2411106,0.5294277498261222,0.35579988669001295,0.7314289417057371
2411205,0.5294277498261222,0.35579988669001295,0.7314289417057371
2411502,0.5294277498261222,0.35579988669001295,0.7314289417057371
2411601,0.5294277498261222,0.35579988669001295,0.7314289417057371
2411700,0.5294277498261222,0.35579988669001295,0.7314289417057371
2412005,0.5294277498261222,0.35579988669001295,0.7314289417057371
2412203,0.5294277498261222,0.35579988669001295,0.7314289417057371
2412302,0.5294277498261222,0.35579988669001295,0.7314289417057371
2412559,0.5294277498261222,0.35579988669001295,0.7314289417057371
2412609,0.5294277498261222,0.35579988669001295,0.7314289417057371
2412708,0.5294277498261222,0.35579988669001295,0.7314289417057371
2412906,0.5294277498261222,0.35579988669001295,0.7314289417057371
2413102,0.5294277498261222,0.35579988669001295,0.7314289417057371
2413201,0.5294277498261222,0.35579988669001295,0.7314289417057371
2413300,0.5294277498261222,0.35579988669001295,0.7314289417057371
2413508,0.5294277498261222,0.35579988669001295,0.7314289417057371
2413706,0.5294277498261222,0.35579988669001295,0.7314289417057371
2413904,0.5294277498261222,0.35579988669001295,0.7314289417057371
2414001,0.5294277498261222,0.35579988669001295,0.7314289417057371
2414209,0.5294277498261222,0.35579988669001295,0.7314289417057371
2414407,0.5294277498261222,0.35579988669001295,0.7314289417057371
2414704,0.5294277498261222,0.35579988669001295,0.7314289417057371
2414803,0.5294277498261222,0.35579988669001295,0.7314289417057371
2415008,0.5294277498261222,0.35579988669001295,0.7314289417057371
2400109,0.32316094918121224,0.7759507141691441,-1.0872386635376674
2401651,0.32316094918121224,0.7759507141691441,-1.0872386635376674
2402006,0.32316094918121224,0.7759507141691441,-1.0872386635376674
2402402,0.32316094918121224,0.7759507141691441,-1.0872386635376674
2402709,0.32316094918121224,0.7759507141691441,-1.0872386635376674
2403004,0.32316094918121224,0.7759507141691441,-1.0872386635376674
2403103,0.32316094918121224,0.7759507141691441,-1.0872386635376674
2403400,0.32316094918121224,0.7759507141691441,-1.0872386635376674
2403806,0.32316094918121224,0.7759507141691441,-1.0872386635376674
2404804,0.32316094918121224,0.7759507141691441,-1.0872386635376674
2405603,0.32316094918121224,0.7759507141691441,-1.0872386635376674
2405702,0.32316094918121224,0.7759507141691441,-1.0872386635376674
2406106,0.32316094918121224,0.7759507141691441,-1.0872386635376674
2406502,0.32316094918121224,0.7759507141691441,-1.0872386635376674
2408508,0.32316094918121224,0.7759507141691441,-1.0872386635376674
2408904,0.32316094918121224,0.7759507141691441,-1.0872386635376674
2411429,0.32316094918121224,0.7759507141691441,-1.0872386635376674
2411809,0.32316094918121224,0.7759507141691441,-1.0872386635376674
2412104,0.32316094918121224,0.7759507141691441,-1.0872386635376674
2412401,0.32316094918121224,0.7759507141691441,-1.0872386635376674
2413003,0.32316094918121224,0.7759507141691441,-1.0872386635376674
2413409,0.32316094918121224,0.7759507141691441,-1.0872386635376674
2414159,0.32316094918121224,0.7759507141691441,-1.0872386635376674
2414308,0.32316094918121224,0.7759507141691441,-1.0872386635376674
2400208,0.45719298852781526,0.15147150470923454,0.04617862906464311
2400307,0.45719298852781526,0.15147150470923454,0.04617862906464311
2400406,0.45719298852781526,0.15147150470923454,0.04617862906464311
2400505,0.45719298852781526,0.15147150470923454,0.04617862906464311
2400604,0.45719298852781526,0.15147150470923454,0.04617862906464311
2400703,0.45719298852781526,0.15147150470923454,0.04617862906464311
2400802,0.45719298852781526,0.15147150470923454,0.04617862906464311
2400901,0.45719298852781526,0.15147150470923454,0.04617862906464311
2401008,0.45719298852781526,0.15147150470923454,0.04617862906464311
2401107,0.45719298852781526,0.15147150470923454,0.04617862906464311
2401305,0.45719298852781526,0.15147150470923454,0.04617862906464311
2401453,0.45719298852781526,0.15147150470923454,0.04617862906464311
2402303,0.45719298852781526,0.15147150470923454,0.04617862906464311
2402501,0.45719298852781526,0.15147150470923454,0.04617862906464311
2402907,0.45719298852781526,0.15147150470923454,0.04617862906464311
2403202,0.45719298852781526,0.15147150470923454,0.04617862906464311
2403301,0.45719298852781526,0.15147150470923454,0.04617862906464311
2403707,0.45719298852781526,0.15147150470923454,0.04617862906464311
2403756,0.45719298852781526,0.15147150470923454,0.04617862906464311
2403905,0.45719298852781526,0.15147150470923454,0.04617862906464311
2404002,0.45719298852781526,0.15147150470923454,0.04617862906464311
2404309,0.45719298852781526,0.15147150470923454,0.04617862906464311
2404408,0.45719298852781526,0.15147150470923454,0.04617862906464311
2404507,0.45719298852781526,0.15147150470923454,0.04617862906464311
2404705,0.45719298852781526,0.15147150470923454,0.04617862906464311
2404853,0.45719298852781526,0.15147150470923454,0.04617862906464311
2404903,0.45719298852781526,0.15147150470923454,0.04617862906464311
2405207,0.45719298852781526,0.15147150470923454,0.04617862906464311
2405900,0.45719298852781526,0.15147150470923454,0.04617862906464311
2406007,0.45719298852781526,0.15147150470923454,0.04617862906464311
2406700,0.45719298852781526,0.15147150470923454,0.04617862906464311
2406908,0.45719298852781526,0.15147150470923454,0.04617862906464311
2407005,0.45719298852781526,0.15147150470923454,0.04617862906464311
2407203,0.45719298852781526,0.15147150470923454,0.04617862906464311
2407252,0.45719298852781526,0.15147150470923454,0.04617862906464311
2407302,0.45719298852781526,0.15147150470923454,0.04617862906464311
2407401,0.45719298852781526,0.15147150470923454,0.04617862906464311
2407609,0.45719298852781526,0.15147150470923454,0.04617862906464311
2408003,0.45719298852781526,0.15147150470923454,0.04617862906464311
2408409,0.45719298852781526,0.15147150470923454,0.04617862906464311
2408607,0.45719298852781526,0.15147150470923454,0.04617862906464311
2408706,0.45719298852781526,0.15147150470923454,0.04617862906464311
2409308,0.45719298852781526,0.15147150470923454,0.04617862906464311
2409407,0.45719298852781526,0.15147150470923454,0.04617862906464311
2409902,0.45719298852781526,0.15147150470923454,0.04617862906464311
2410009,0.45719298852781526,0.15147150470923454,0.04617862906464311
2410207,0.45719298852781526,0.15147150470923454,0.04617862906464311
2410256,0.45719298852781526,0.15147150470923454,0.04617862906464311
2410504,0.45719298852781526,0.15147150470923454,0.04617862906464311
2410603,0.45719298852781526,0.15147150470923454,0.04617862906464311
2410702,0.45719298852781526,0.15147150470923454,0.04617862906464311
2410801,0.45719298852781526,0.15147150470923454,0.04617862906464311
2411007,0.45719298852781526,0.15147150470923454,0.04617862906464311
2411056,0.45719298852781526,0.15147150470923454,0.04617862906464311
2411403,0.45719298852781526,0.15147150470923454,0.04617862906464311
2411908,0.45719298852781526,0.15147150470923454,0.04617862906464311
2412500,0.45719298852781526,0.15147150470923454,0.04617862906464311
2412807,0.45719298852781526,0.15147150470923454,0.04617862906464311
2413359,0.45719298852781526,0.15147150470923454,0.04617862906464311
2413557,0.45719298852781526,0.15147150470923454,0.04617862906464311
2413607,0.45719298852781526,0.15147150470923454,0.04617862906464311
2413805,0.45719298852781526,0.15147150470923454,0.04617862906464311
2414100,0.45719298852781526,0.15147150470923454,0.04617862906464311
2414456,0.45719298852781526,0.15147150470923454,0.04617862906464311
2414506,0.45719298852781526,0.15147150470923454,0.04617862906464311
2414605,0.45719298852781526,0.15147150470923454,0.04617862906464311
2414753,0.45719298852781526,0.15147150470923454,0.04617862906464311
2414902,0.45719298852781526,0.15147150470923454,0.04617862906464311
2500502,1.202934733840959,0.5383098488519914,-0.011064180713526278
2500601,1.202934733840959,0.5383098488519914,-0.011064180713526278
2500809,1.202934733840959,0.5383098488519914,-0.011064180713526278
2500908,1.202934733840959,0.5383098488519914,-0.011064180713526278
2501005,1.202934733840959,0.5383098488519914,-0.011064180713526278
2501401,1.202934733840959,0.5383098488519914,-0.011064180713526278
2501500,1.202934733840959,0.5383098488519914,-0.011064180713526278
2501807,1.202934733840959,0.5383098488519914,-0.011064180713526278
2501906,1.202934733840959,0.5383098488519914,-0.011064180713526278
2502706,1.202934733840959,0.5383098488519914,-0.011064180713526278
2503001,1.202934733840959,0.5383098488519914,-0.011064180713526278
2503209,1.202934733840959,0.5383098488519914,-0.011064180713526278
2503506,1.202934733840959,0.5383098488519914,-0.011064180713526278
2503605,1.202934733840959,0.5383098488519914,-0.011064180713526278
2503803,1.202934733840959,0.5383098488519914,-0.011064180713526278
2504033,1.202934733840959,0.5383098488519914,-0.011064180713526278
2504157,1.202934733840959,0.5383098488519914,-0.011064180713526278
2504603,1.202934733840959,0.5383098488519914,-0.011064180713526278
2504900,1.202934733840959,0.5383098488519914,-0.011064180713526278
2505204,1.202934733840959,0.5383098488519914,-0.011064180713526278
2505238,1.202934733840959,0.5383098488519914,-0.011064180713526278
2505279,1.202934733840959,0.5383098488519914,-0.011064180713526278
2505709,1.202934733840959,0.5383098488519914,-0.011064180713526278
2505808,1.202934733840959,0.5383098488519914,-0.011064180713526278
2506301,1.202934733840959,0.5383098488519914,-0.011064180713526278
2506400,1.202934733840959,0.5383098488519914,-0.011064180713526278
2506905,1.202934733840959,0.5383098488519914,-0.011064180713526278
2507101,1.202934733840959,0.5383098488519914,-0.011064180713526278
2507309,1.202934733840959,0.5383098488519914,-0.011064180713526278
2507507,1.202934733840959,0.5383098488519914,-0.011064180713526278
2507606,1.202934733840959,0.5383098488519914,-0.011064180713526278
2507903,1.202934733840959,0.5383098488519914,-0.011064180713526278
2508208,1.202934733840959,0.5383098488519914,-0.011064180713526278
2508554,1.202934733840959,0.5383098488519914,-0.011064180713526278
2508604,1.202934733840959,0.5383098488519914,-0.011064180713526278
2508901,1.202934733840959,0.5383098488519914,-0.011064180713526278
2509057,1.202934733840959,0.5383098488519914,-0.011064180713526278
2509107,1.202934733840959,0.5383098488519914,-0.011064180713526278
2509305,1.202934733840959,0.5383098488519914,-0.011064180713526278
2509404,1.202934733840959,0.5383098488519914,-0.011064180713526278
2509800,1.202934733840959,0.5383098488519914,-0.011064180713526278
2509909,1.202934733840959,0.5383098488519914,-0.011064180713526278
2511202,1.202934733840959,0.5383098488519914,-0.011064180713526278
2511509,1.202934733840959,0.5383098488519914,-0.011064180713526278
2511608,1.202934733840959,0.5383098488519914,-0.011064180713526278
2511707,1.202934733840959,0.5383098488519914,-0.011064180713526278
2511806,1.202934733840959,0.5383098488519914,-0.011064180713526278
2511905,1.202934733840959,0.5383098488519914,-0.011064180713526278
2512721,1.202934733840959,0.5383098488519914,-0.011064180713526278
2512747,1.202934733840959,0.5383098488519914,-0.011064180713526278
2512762,1.202934733840959,0.5383098488519914,-0.011064180713526278
2512903,1.202934733840959,0.5383098488519914,-0.011064180713526278
2513109,1.202934733840959,0.5383098488519914,-0.011064180713526278
2513703,1.202934733840959,0.5383098488519914,-0.011064180713526278
2514453,1.202934733840959,0.5383098488519914,-0.011064180713526278
2515005,1.202934733840959,0.5383098488519914,-0.011064180713526278
2515302,1.202934733840959,0.5383098488519914,-0.011064180713526278
2515609,1.202934733840959,0.5383098488519914,-0.011064180713526278
2515906,1.202934733840959,0.5383098488519914,-0.011064180713526278
2515930,1.202934733840959,0.5383098488519914,-0.011064180713526278
2515971,1.202934733840959,0.5383098488519914,-0.011064180713526278
2516003,1.202934733840959,0.5383098488519914,-0.011064180713526278
2516409,1.202934733840959,0.5383098488519914,-0.011064180713526278
2500304,0.4789868441768193,0.8209960327324949,-0.6088711081380562
2500403,0.4789868441768193,0.8209960327324949,-0.6088711081380562
2500536,0.4789868441768193,0.8209960327324949,-0.6088711081380562
2500577,0.4789868441768193,0.8209960327324949,-0.6088711081380562
2500734,0.4789868441768193,0.8209960327324949,-0.6088711081380562
2501104,0.4789868441768193,0.8209960327324949,-0.6088711081380562
2501203,0.4789868441768193,0.8209960327324949,-0.6088711081380562
2501302,0.4789868441768193,0.8209960327324949,-0.6088711081380562
2501351,0.4789868441768193,0.8209960327324949,-0.6088711081380562
2501534,0.4789868441768193,0.8209960327324949,-0.6088711081380562
2501575,0.4789868441768193,0.8209960327324949,-0.6088711081380562
2501609,0.4789868441768193,0.8209960327324949,-0.6088711081380562
2501708,0.4789868441768193,0.8209960327324949,-0.6088711081380562
2502151,0.4789868441768193,0.8209960327324949,-0.6088711081380562
2502508,0.4789868441768193,0.8209960327324949,-0.6088711081380562
2503100,0.4789868441768193,0.8209960327324949,-0.6088711081380562
2503902,0.4789868441768193,0.8209960327324949,-0.6088711081380562
2504009,0.4789868441768193,0.8209960327324949,-0.6088711081380562
2504074,0.4789868441768193,0.8209960327324949,-0.6088711081380562
2504355,0.4789868441768193,0.8209960327324949,-0.6088711081380562
2504702,0.4789868441768193,0.8209960327324949,-0.6088711081380562
2504850,0.4789868441768193,0.8209960327324949,-0.6088711081380562
2505006,0.4789868441768193,0.8209960327324949,-0.6088711081380562
2505105,0.4789868441768193,0.8209960327324949,-0.6088711081380562
2505352,0.4789868441768193,0.8209960327324949,-0.6088711081380562
2506004,0.4789868441768193,0.8209960327324949,-0.6088711081380562
2506103,0.4789868441768193,0.8209960327324949,-0.6088711081380562
2506202,0.4789868441768193,0.8209960327324949,-0.6088711081380562
2506251,0.4789868441768193,0.8209960327324949,-0.6088711081380562
2506509,0.4789868441768193,0.8209960327324949,-0.6088711081380562
2506806,0.4789868441768193,0.8209960327324949,-0.6088711081380562
2507200,0.4789868441768193,0.8209960327324949,-0.6088711081380562
2507705,0.4789868441768193,0.8209960327324949,-0.6088711081380562
2507804,0.4789868441768193,0.8209960327324949,-0.6088711081380562
2508307,0.4789868441768193,0.8209960327324949,-0.6088711081380562
2508505,0.4789868441768193,0.8209960327324949,-0.6088711081380562
2509206,0.4789868441768193,0.8209960327324949,-0.6088711081380562
2509339,0.4789868441768193,0.8209960327324949,-0.6088711081380562
2509503,0.4789868441768193,0.8209960327324949,-0.6088711081380562
2509701,0.4789868441768193,0.8209960327324949,-0.6088711081380562
2510105,0.4789868441768193,0.8209960327324949,-0.6088711081380562
2510303,0.4789868441768193,0.8209960327324949,-0.6088711081380562
2510501,0.4789868441768193,0.8209960327324949,-0.6088711081380562
2510600,0.4789868441768193,0.8209960327324949,-0.6088711081380562
2510659,0.4789868441768193,0.8209960327324949,-0.6088711081380562
2511103,0.4789868441768193,0.8209960327324949,-0.6088711081380562
2511400,0.4789868441768193,0.8209960327324949,-0.6088711081380562
2512002,0.4789868441768193,0.8209960327324949,-0.6088711081380562
2512200,0.4789868441768193,0.8209960327324949,-0.6088711081380562
2512408,0.4789868441768193,0.8209960327324949,-0.6088711081380562
2512507,0.4789868441768193,0.8209960327324949,-0.6088711081380562
2512705,0.4789868441768193,0.8209960327324949,-0.6088711081380562
2512754,0.4789868441768193,0.8209960327324949,-0.6088711081380562
2512788,0.4789868441768193,0.8209960327324949,-0.6088711081380562
2513158,0.4789868441768193,0.8209960327324949,-0.6088711081380562
2513851,0.4789868441768193,0.8209960327324949,-0.6088711081380562
2513943,0.4789868441768193,0.8209960327324949,-0.6088711081380562
2514008,0.4789868441768193,0.8209960327324949,-0.6088711081380562
2514107,0.4789868441768193,0.8209960327324949,-0.6088711081380562
2514800,0.4789868441768193,0.8209960327324949,-0.6088711081380562
2515104,0.4789868441768193,0.8209960327324949,-0.6088711081380562
2515203,0.4789868441768193,0.8209960327324949,-0.6088711081380562
2515401,0.4789868441768193,0.8209960327324949,-0.6088711081380562
2515500,0.4789868441768193,0.8209960327324949,-0.6088711081380562
2515807,0.4789868441768193,0.8209960327324949,-0.6088711081380562
2516102,0.4789868441768193,0.8209960327324949,-0.6088711081380562
2516151,0.4789868441768193,0.8209960327324949,-0.6088711081380562
2516300,0.4789868441768193,0.8209960327324949,-0.6088711081380562
2516508,0.4789868441768193,0.8209960327324949,-0.6088711081380562
2516755,0.4789868441768193,0.8209960327324949,-0.6088711081380562
2517001,0.4789868441768193,0.8209960327324949,-0.6088711081380562
2517407,0.4789868441768193,0.8209960327324949,-0.6088711081380562
2500106,0.8092849590302795,0.28840863683216356,0.3227601012465095
2500205,0.8092849590302795,0.28840863683216356,0.3227601012465095
2501153,0.8092849590302795,0.28840863683216356,0.3227601012465095
2502003,0.8092849590302795,0.28840863683216356,0.3227601012465095
2502102,0.8092849590302795,0.28840863683216356,0.3227601012465095
2502300,0.8092849590302795,0.28840863683216356,0.3227601012465095
2502607,0.8092849590302795,0.28840863683216356,0.3227601012465095
2502805,0.8092849590302795,0.28840863683216356,0.3227601012465095
2502904,0.8092849590302795,0.28840863683216356,0.3227601012465095
2503407,0.8092849590302795,0.28840863683216356,0.3227601012465095
2503555,0.8092849590302795,0.28840863683216356,0.3227601012465095
2503753,0.8092849590302795,0.28840863683216356,0.3227601012465095
2504207,0.8092849590302795,0.28840863683216356,0.3227601012465095
2504306,0.8092849590302795,0.28840863683216356,0.3227601012465095
2504405,0.8092849590302795,0.28840863683216356,0.3227601012465095
2504504,0.8092849590302795,0.28840863683216356,0.3227601012465095
2504801,0.8092849590302795,0.28840863683216356,0.3227601012465095
2505303,0.8092849590302795,0.28840863683216356,0.3227601012465095
2505402,0.8092849590302795,0.28840863683216356,0.3227601012465095
2505501,0.8092849590302795,0.28840863683216356,0.3227601012465095
2505600,0.8092849590302795,0.28840863683216356,0.3227601012465095
2505907,0.8092849590302795,0.28840863683216356,0.3227601012465095
2506608,0.8092849590302795,0.28840863683216356,0.3227601012465095
2506707,0.8092849590302795,0.28840863683216356,0.3227601012465095
2507002,0.8092849590302795,0.28840863683216356,0.3227601012465095
2507408,0.8092849590302795,0.28840863683216356,0.3227601012465095
2508000,0.8092849590302795,0.28840863683216356,0.3227601012465095
2508109,0.8092849590302795,0.28840863683216356,0.3227601012465095
2508703,0.8092849590302795,0.28840863683216356,0.3227601012465095
2508802,0.8092849590302795,0.28840863683216356,0.3227601012465095
2509008,0.8092849590302795,0.28840863683216356,0.3227601012465095
2509370,0.8092849590302795,0.28840863683216356,0.3227601012465095
2509396,0.8092849590302795,0.28840863683216356,0.3227601012465095
2510204,0.8092849590302795,0.28840863683216356,0.3227601012465095
2510402,0.8092849590302795,0.28840863683216356,0.3227601012465095
2510709,0.8092849590302795,0.28840863683216356,0.3227601012465095
2510808,0.8092849590302795,0.28840863683216356,0.3227601012465095
2510907,0.8092849590302795,0.28840863683216356,0.3227601012465095
2511004,0.8092849590302795,0.28840863683216356,0.3227601012465095
2511301,0.8092849590302795,0.28840863683216356,0.3227601012465095
2512101,0.8092849590302795,0.28840863683216356,0.3227601012465095
2512309,0.8092849590302795,0.28840863683216356,0.3227601012465095
2512606,0.8092849590302795,0.28840863683216356,0.3227601012465095
2512804,0.8092849590302795,0.28840863683216356,0.3227601012465095
2513000,0.8092849590302795,0.28840863683216356,0.3227601012465095
2513356,0.8092849590302795,0.28840863683216356,0.3227601012465095
2513406,0.8092849590302795,0.28840863683216356,0.3227601012465095
2513505,0.8092849590302795,0.28840863683216356,0.3227601012465095
2513604,0.8092849590302795,0.28840863683216356,0.3227601012465095
2513802,0.8092849590302795,0.28840863683216356,0.3227601012465095
2513901,0.8092849590302795,0.28840863683216356,0.3227601012465095
2513927,0.8092849590302795,0.28840863683216356,0.3227601012465095
2513968,0.8092849590302795,0.28840863683216356,0.3227601012465095
2514305,0.8092849590302795,0.28840863683216356,0.3227601012465095
2514404,0.8092849590302795,0.28840863683216356,0.3227601012465095
2514552,0.8092849590302795,0.28840863683216356,0.3227601012465095
2514602,0.8092849590302795,0.28840863683216356,0.3227601012465095
2514651,0.8092849590302795,0.28840863683216356,0.3227601012465095
2514701,0.8092849590302795,0.28840863683216356,0.3227601012465095
2514909,0.8092849590302795,0.28840863683216356,0.3227601012465095
2516607,0.8092849590302795,0.28840863683216356,0.3227601012465095
2516706,0.8092849590302795,0.28840863683216356,0.3227601012465095
2517100,0.8092849590302795,0.28840863683216356,0.3227601012465095
2500700,0.09431878286525384,0.7852805672459545,-0.4591898632417421
2500775,0.09431878286525384,0.7852805672459545,-0.4591898632417421
2502052,0.09431878286525384,0.7852805672459545,-0.4591898632417421
2502201,0.09431878286525384,0.7852805672459545,-0.4591898632417421
2502409,0.09431878286525384,0.7852805672459545,-0.4591898632417421
2503308,0.09431878286525384,0.7852805672459545,-0.4591898632417421
2503704,0.09431878286525384,0.7852805672459545,-0.4591898632417421
2504108,0.09431878286525384,0.7852805672459545,-0.4591898632417421
2508406,0.09431878286525384,0.7852805672459545,-0.4591898632417421
2509156,0.09431878286525384,0.7852805672459545,-0.4591898632417421
2509602,0.09431878286525384,0.7852805672459545,-0.4591898632417421
2510006,0.09431878286525384,0.7852805672459545,-0.4591898632417421
2512036,0.09431878286525384,0.7852805672459545,-0.4591898632417421
2512077,0.09431878286525384,0.7852805672459545,-0.4591898632417421
2513208,0.09431878286525384,0.7852805672459545,-0.4591898632417421
2513307,0.09431878286525384,0.7852805672459545,-0.4591898632417421
2513653,0.09431878286525384,0.7852805672459545,-0.4591898632417421
2513984,0.09431878286525384,0.7852805672459545,-0.4591898632417421
2514206,0.09431878286525384,0.7852805672459545,-0.4591898632417421
2514503,0.09431878286525384,0.7852805672459545,-0.4591898632417421
2515708,0.09431878286525384,0.7852805672459545,-0.4591898632417421
2516201,0.09431878286525384,0.7852805672459545,-0.4591898632417421
2516805,0.09431878286525384,0.7852805672459545,-0.4591898632417421
2516904,0.09431878286525384,0.7852805672459545,-0.4591898632417421
2517209,0.09431878286525384,0.7852805672459545,-0.4591898632417421
2600054,0.27317816664654965,0.22475311627009648,0.032811711175993
2600401,0.27317816664654965,0.22475311627009648,0.032811711175993
2600708,0.27317816664654965,0.22475311627009648,0.032811711175993
2600906,0.27317816664654965,0.22475311627009648,0.032811711175993
2601052,0.27317816664654965,0.22475311627009648,0.032811711175993
2601409,0.27317816664654965,0.22475311627009648,0.032811711175993
2601508,0.27317816664654965,0.22475311627009648,0.032811711175993
2602209,0.27317816664654965,0.22475311627009648,0.032811711175993
2602704,0.27317816664654965,0.22475311627009648,0.032811711175993
2602902,0.27317816664654965,0.22475311627009648,0.032811711175993
2603454,0.27317816664654965,0.22475311627009648,0.032811711175993
2603603,0.27317816664654965,0.22475311627009648,0.032811711175993
2604007,0.27317816664654965,0.22475311627009648,0.032811711175993
2604155,0.27317816664654965,0.22475311627009648,0.032811711175993
2604205,0.27317816664654965,0.22475311627009648,0.032811711175993
2604403,0.27317816664654965,0.22475311627009648,0.032811711175993
2604601,0.27317816664654965,0.22475311627009648,0.032811711175993
2604809,0.27317816664654965,0.22475311627009648,0.032811711175993
2605202,0.27317816664654965,0.22475311627009648,0.032811711175993
2605400,0.27317816664654965,0.22475311627009648,0.032811711175993
2605459,0.27317816664654965,0.22475311627009648,0.032811711175993
2605509,0.27317816664654965,0.22475311627009648,0.032811711175993
2605806,0.27317816664654965,0.22475311627009648,0.032811711175993
2605905,0.27317816664654965,0.22475311627009648,0.032811711175993
2606101,0.27317816664654965,0.22475311627009648,0.032811711175993
2606200,0.27317816664654965,0.22475311627009648,0.032811711175993
2606804,0.27317816664654965,0.22475311627009648,0.032811711175993
2607208,0.27317816664654965,0.22475311627009648,0.032811711175993
2607604,0.27317816664654965,0.22475311627009648,0.032811711175993
2607653,0.27317816664654965,0.22475311627009648,0.032811711175993
2607752,0.27317816664654965,0.22475311627009648,0.032811711175993
2607802,0.27317816664654965,0.22475311627009648,0.032811711175993
2607901,0.27317816664654965,0.22475311627009648,0.032811711175993
2607950,0.27317816664654965,0.22475311627009648,0.032811711175993
2608107,0.27317816664654965,0.22475311627009648,0.032811711175993
2608206,0.27317816664654965,0.22475311627009648,0.032811711175993
2608453,0.27317816664654965,0.22475311627009648,0.032811711175993
2608503,0.27317816664654965,0.22475311627009648,0.032811711175993
2608909,0.27317816664654965,0.22475311627009648,0.032811711175993
2609006,0.27317816664654965,0.22475311627009648,0.032811711175993
2609105,0.27317816664654965,0.22475311627009648,0.032811711175993
2609204,0.27317816664654965,0.22475311627009648,0.032811711175993
2609402,0.27317816664654965,0.22475311627009648,0.032811711175993
2609501,0.27317816664654965,0.22475311627009648,0.032811711175993
2609600,0.27317816664654965,0.22475311627009648,0.032811711175993
2609709,0.27317816664654965,0.22475311627009648,0.032811711175993
2610004,0.27317816664654965,0.22475311627009648,0.032811711175993
2610509,0.27317816664654965,0.22475311627009648,0.032811711175993
2610608,0.27317816664654965,0.22475311627009648,0.032811711175993
2610707,0.27317816664654965,0.22475311627009648,0.032811711175993
2611309,0.27317816664654965,0.22475311627009648,0.032811711175993
2611408,0.27317816664654965,0.22475311627009648,0.032811711175993
2611606,0.27317816664654965,0.22475311627009648,0.032811711175993
2611804,0.27317816664654965,0.22475311627009648,0.032811711175993
2611903,0.27317816664654965,0.22475311627009648,0.032811711175993
2612109,0.27317816664654965,0.22475311627009648,0.032811711175993
2612703,0.27317816664654965,0.22475311627009648,0.032811711175993
2612901,0.27317816664654965,0.22475311627009648,0.032811711175993
2613404,0.27317816664654965,0.22475311627009648,0.032811711175993
2613701,0.27317816664654965,0.22475311627009648,0.032811711175993
2613800,0.27317816664654965,0.22475311627009648,0.032811711175993
2614204,0.27317816664654965,0.22475311627009648,0.032811711175993
2614501,0.27317816664654965,0.22475311627009648,0.032811711175993
2614857,0.27317816664654965,0.22475311627009648,0.032811711175993
2615300,0.27317816664654965,0.22475311627009648,0.032811711175993
2615508,0.27317816664654965,0.22475311627009648,0.032811711175993
2616183,0.27317816664654965,0.22475311627009648,0.032811711175993
2616209,0.27317816664654965,0.22475311627009648,0.032811711175993
2616308,0.27317816664654965,0.22475311627009648,0.032811711175993
2616407,0.27317816664654965,0.22475311627009648,0.032811711175993
2616506,0.27317816664654965,0.22475311627009648,0.032811711175993
2600302,0.6355253179511173,0.8105476548681113,-0.41332389732551167
2600500,0.6355253179511173,0.8105476548681113,-0.41332389732551167
2600609,0.6355253179511173,0.8105476548681113,-0.41332389732551167
2600807,0.6355253179511173,0.8105476548681113,-0.41332389732551167
2601003,0.6355253179511173,0.8105476548681113,-0.41332389732551167
2601201,0.6355253179511173,0.8105476548681113,-0.41332389732551167
2601300,0.6355253179511173,0.8105476548681113,-0.41332389732551167
2601706,0.6355253179511173,0.8105476548681113,-0.41332389732551167
2601904,0.6355253179511173,0.8105476548681113,-0.41332389732551167
2602100,0.6355253179511173,0.8105476548681113,-0.41332389732551167
2602308,0.6355253179511173,0.8105476548681113,-0.41332389732551167
2602407,0.6355253179511173,0.8105476548681113,-0.41332389732551167
2602605,0.6355253179511173,0.8105476548681113,-0.41332389732551167
2602803,0.6355253179511173,0.8105476548681113,-0.41332389732551167
2603108,0.6355253179511173,0.8105476548681113,-0.41332389732551167
2603207,0.6355253179511173,0.8105476548681113,-0.41332389732551167
2603306,0.6355253179511173,0.8105476548681113,-0.41332389732551167
2603504,0.6355253179511173,0.8105476548681113,-0.41332389732551167
2603702,0.6355253179511173,0.8105476548681113,-0.41332389732551167
2603801,0.6355253179511173,0.8105476548681113,-0.41332389732551167
2604106,0.6355253179511173,0.8105476548681113,-0.41332389732551167
2604502,0.6355253179511173,0.8105476548681113,-0.41332389732551167
2604700,0.6355253179511173,0.8105476548681113,-0.41332389732551167
2604908,0.6355253179511173,0.8105476548681113,-0.41332389732551167
2605004,0.6355253179511173,0.8105476548681113,-0.41332389732551167
2605103,0.6355253179511173,0.8105476548681113,-0.41332389732551167
2606002,0.6355253179511173,0.8105476548681113,-0.41332389732551167
2606408,0.6355253179511173,0.8105476548681113,-0.41332389732551167
2606507,0.6355253179511173,0.8105476548681113,-0.41332389732551167
2606606,0.6355253179511173,0.8105476548681113,-0.41332389732551167
2606705,0.6355253179511173,0.8105476548681113,-0.41332389732551167
2607000,0.6355253179511173,0.8105476548681113,-0.41332389732551167
2607505,0.6355253179511173,0.8105476548681113,-0.41332389732551167
2608008,0.6355253179511173,0.8105476548681113,-0.41332389732551167
2608255,0.6355253179511173,0.8105476548681113,-0.41332389732551167
2608305,0.6355253179511173,0.8105476548681113,-0.41332389732551167
2608404,0.6355253179511173,0.8105476548681113,-0.41332389732551167
2608602,0.6355253179511173,0.8105476548681113,-0.41332389732551167
2608701,0.6355253179511173,0.8105476548681113,-0.41332389732551167
2608800,0.6355253179511173,0.8105476548681113,-0.41332389732551167
2609154,0.6355253179511173,0.8105476548681113,-0.41332389732551167
2610103,0.6355253179511173,0.8105476548681113,-0.41332389732551167
2610202,0.6355253179511173,0.8105476548681113,-0.41332389732551167
2610301,0.6355253179511173,0.8105476548681113,-0.41332389732551167
2610806,0.6355253179511173,0.8105476548681113,-0.41332389732551167
2610905,0.6355253179511173,0.8105476548681113,-0.41332389732551167
2611200,0.6355253179511173,0.8105476548681113,-0.41332389732551167
2611507,0.6355253179511173,0.8105476548681113,-0.41332389732551167
2611705,0.6355253179511173,0.8105476548681113,-0.41332389732551167
2612000,0.6355253179511173,0.8105476548681113,-0.41332389732551167
2612307,0.6355253179511173,0.8105476548681113,-0.41332389732551167
2612406,0.6355253179511173,0.8105476548681113,-0.41332389732551167
2612505,0.6355253179511173,0.8105476548681113,-0.41332389732551167
2613008,0.6355253179511173,0.8105476548681113,-0.41332389732551167
2613107,0.6355253179511173,0.8105476548681113,-0.41332389732551167
2613206,0.6355253179511173,0.8105476548681113,-0.41332389732551167
2613305,0.6355253179511173,0.8105476548681113,-0.41332389732551167
2614105,0.6355253179511173,0.8105476548681113,-0.41332389732551167
2614709,0.6355253179511173,0.8105476548681113,-0.41332389732551167
2615003,0.6355253179511173,0.8105476548681113,-0.41332389732551167
2615102,0.6355253179511173,0.8105476548681113,-0.41332389732551167
2615409,0.6355253179511173,0.8105476548681113,-0.41332389732551167
2615805,0.6355253179511173,0.8105476548681113,-0.41332389732551167
2616001,0.6355253179511173,0.8105476548681113,-0.41332389732551167
2600104,-0.09875615366380257,0.7741367584827975,-0.3077859873564498
2601805,-0.09875615366380257,0.7741367584827975,-0.3077859873564498
2602506,-0.09875615366380257,0.7741367584827975,-0.3077859873564498
2603405,-0.09875615366380257,0.7741367584827975,-0.3077859873564498
2603900,-0.09875615366380257,0.7741367584827975,-0.3077859873564498
2603926,-0.09875615366380257,0.7741367584827975,-0.3077859873564498
2605608,-0.09875615366380257,0.7741367584827975,-0.3077859873564498
2605707,-0.09875615366380257,0.7741367584827975,-0.3077859873564498
2606903,-0.09875615366380257,0.7741367584827975,-0.3077859873564498
2607109,-0.09875615366380257,0.7741367584827975,-0.3077859873564498
2607703,-0.09875615366380257,0.7741367584827975,-0.3077859873564498
2608057,-0.09875615366380257,0.7741367584827975,-0.3077859873564498
2609303,-0.09875615366380257,0.7741367584827975,-0.3077859873564498
2611002,-0.09875615366380257,0.7741367584827975,-0.3077859873564498
2611533,-0.09875615366380257,0.7741367584827975,-0.3077859873564498
2612471,-0.09875615366380257,0.7741367584827975,-0.3077859873564498
2612802,-0.09875615366380257,0.7741367584827975,-0.3077859873564498
2613503,-0.09875615366380257,0.7741367584827975,-0.3077859873564498
2613602,-0.09875615366380257,0.7741367584827975,-0.3077859873564498
2613909,-0.09875615366380257,0.7741367584827975,-0.3077859873564498
2614402,-0.09875615366380257,0.7741367584827975,-0.3077859873564498
2614600,-0.09875615366380257,0.7741367584827975,-0.3077859873564498
2614808,-0.09875615366380257,0.7741367584827975,-0.3077859873564498
2615706,-0.09875615366380257,0.7741367584827975,-0.3077859873564498
2615904,-0.09875615366380257,0.7741367584827975,-0.3077859873564498
2600203,0.3002524219351403,0.6856861066186473,0.7994093359323752
2601102,0.3002524219351403,0.6856861066186473,0.7994093359323752
2601607,0.3002524219351403,0.6856861066186473,0.7994093359323752
2602001,0.3002524219351403,0.6856861066186473,0.7994093359323752
2603009,0.3002524219351403,0.6856861066186473,0.7994093359323752
2604304,0.3002524219351403,0.6856861066186473,0.7994093359323752
2605152,0.3002524219351403,0.6856861066186473,0.7994093359323752
2605301,0.3002524219351403,0.6856861066186473,0.7994093359323752
2606309,0.3002524219351403,0.6856861066186473,0.7994093359323752
2607307,0.3002524219351403,0.6856861066186473,0.7994093359323752
2607406,0.3002524219351403,0.6856861066186473,0.7994093359323752
2608750,0.3002524219351403,0.6856861066186473,0.7994093359323752
2609808,0.3002524219351403,0.6856861066186473,0.7994093359323752
2609907,0.3002524219351403,0.6856861066186473,0.7994093359323752
2610400,0.3002524219351403,0.6856861066186473,0.7994093359323752
2611101,0.3002524219351403,0.6856861066186473,0.7994093359323752
2612208,0.3002524219351403,0.6856861066186473,0.7994093359323752
2612455,0.3002524219351403,0.6856861066186473,0.7994093359323752
2612554,0.3002524219351403,0.6856861066186473,0.7994093359323752
2612604,0.3002524219351403,0.6856861066186473,0.7994093359323752
2614006,0.3002524219351403,0.6856861066186473,0.7994093359323752
2614303,0.3002524219351403,0.6856861066186473,0.7994093359323752
2615201,0.3002524219351403,0.6856861066186473,0.7994093359323752
2615607,0.3002524219351403,0.6856861066186473,0.7994093359323752
2616100,0.3002524219351403,0.6856861066186473,0.7994093359323752
2700201,-0.2665590276179535,-0.5213741915546675,0.13266479742522735
2700409,-0.2665590276179535,-0.5213741915546675,0.13266479742522735
2700508,-0.2665590276179535,-0.5213741915546675,0.13266479742522735
2700607,-0.2665590276179535,-0.5213741915546675,0.13266479742522735
2701001,-0.2665590276179535,-0.5213741915546675,0.13266479742522735
2701100,-0.2665590276179535,-0.5213741915546675,0.13266479742522735
2701308,-0.2665590276179535,-0.5213741915546675,0.13266479742522735
2701357,-0.2665590276179535,-0.5213741915546675,0.13266479742522735
2701407,-0.2665590276179535,-0.5213741915546675,0.13266479742522735
2701704,-0.2665590276179535,-0.5213741915546675,0.13266479742522735
2701902,-0.2665590276179535,-0.5213741915546675,0.13266479742522735
2702108,-0.2665590276179535,-0.5213741915546675,0.13266479742522735
2702207,-0.2665590276179535,-0.5213741915546675,0.13266479742522735
2702306,-0.2665590276179535,-0.5213741915546675,0.13266479742522735
2702702,-0.2665590276179535,-0.5213741915546675,0.13266479742522735
2702801,-0.2665590276179535,-0.5213741915546675,0.13266479742522735
2703007,-0.2665590276179535,-0.5213741915546675,0.13266479742522735
2703205,-0.2665590276179535,-0.5213741915546675,0.13266479742522735
2703502,-0.2665590276179535,-0.5213741915546675,0.13266479742522735
2703601,-0.2665590276179535,-0.5213741915546675,0.13266479742522735
2703759,-0.2665590276179535,-0.5213741915546675,0.13266479742522735
2703809,-0.2665590276179535,-0.5213741915546675,0.13266479742522735
2703908,-0.2665590276179535,-0.5213741915546675,0.13266479742522735
2704302,-0.2665590276179535,-0.5213741915546675,0.13266479742522735
2704500,-0.2665590276179535,-0.5213741915546675,0.13266479742522735
2704708,-0.2665590276179535,-0.5213741915546675,0.13266479742522735
2704906,-0.2665590276179535,-0.5213741915546675,0.13266479742522735
2705101,-0.2665590276179535,-0.5213741915546675,0.13266479742522735
2705200,-0.2665590276179535,-0.5213741915546675,0.13266479742522735
2705507,-0.2665590276179535,-0.5213741915546675,0.13266479742522735
2705606,-0.2665590276179535,-0.5213741915546675,0.13266479742522735
2706448,-0.2665590276179535,-0.5213741915546675,0.13266479742522735
2706505,-0.2665590276179535,-0.5213741915546675,0.13266479742522735
2706703,-0.2665590276179535,-0.5213741915546675,0.13266479742522735
2706802,-0.2665590276179535,-0.5213741915546675,0.13266479742522735
2706901,-0.2665590276179535,-0.5213741915546675,0.13266479742522735
2707008,-0.2665590276179535,-0.5213741915546675,0.13266479742522735
2707305,-0.2665590276179535,-0.5213741915546675,0.13266479742522735
2707404,-0.2665590276179535,-0.5213741915546675,0.13266479742522735
2707503,-0.2665590276179535,-0.5213741915546675,0.13266479742522735
2707701,-0.2665590276179535,-0.5213741915546675,0.13266479742522735
2707800,-0.2665590276179535,-0.5213741915546675,0.13266479742522735
2707909,-0.2665590276179535,-0.5213741915546675,0.13266479742522735
2708105,-0.2665590276179535,-0.5213741915546675,0.13266479742522735
2708204,-0.2665590276179535,-0.5213741915546675,0.13266479742522735
2708303,-0.2665590276179535,-0.5213741915546675,0.13266479742522735
2708501,-0.2665590276179535,-0.5213741915546675,0.13266479742522735
2708600,-0.2665590276179535,-0.5213741915546675,0.13266479742522735
2708709,-0.2665590276179535,-0.5213741915546675,0.13266479742522735
2708907,-0.2665590276179535,-0.5213741915546675,0.13266479742522735
2709301,-0.2665590276179535,-0.5213741915546675,0.13266479742522735
2709400,-0.2665590276179535,-0.5213741915546675,0.13266479742522735
2700102,-0.21413384298632565,-0.17951533310063036,0.42663423707601345
2700300,-0.21413384298632565,-0.17951533310063036,0.42663423707601345
2700706,-0.21413384298632565,-0.17951533310063036,0.42663423707601345
2700805,-0.21413384298632565,-0.17951533310063036,0.42663423707601345
2700904,-0.21413384298632565,-0.17951533310063036,0.42663423707601345
2701209,-0.21413384298632565,-0.17951533310063036,0.42663423707601345
2701506,-0.21413384298632565,-0.17951533310063036,0.42663423707601345
2701605,-0.21413384298632565,-0.17951533310063036,0.42663423707601345
2701803,-0.21413384298632565,-0.17951533310063036,0.42663423707601345
2702009,-0.21413384298632565,-0.17951533310063036,0.42663423707601345
2702355,-0.21413384298632565,-0.17951533310063036,0.42663423707601345
2702405,-0.21413384298632565,-0.17951533310063036,0.42663423707601345
2702504,-0.21413384298632565,-0.17951533310063036,0.42663423707601345
2702553,-0.21413384298632565,-0.17951533310063036,0.42663423707601345
2702603,-0.21413384298632565,-0.17951533310063036,0.42663423707601345
2702900,-0.21413384298632565,-0.17951533310063036,0.42663423707601345
2703106,-0.21413384298632565,-0.17951533310063036,0.42663423707601345
2703304,-0.21413384298632565,-0.17951533310063036,0.42663423707601345
2703403,-0.21413384298632565,-0.17951533310063036,0.42663423707601345
2703700,-0.21413384298632565,-0.17951533310063036,0.42663423707601345
2704005,-0.21413384298632565,-0.17951533310063036,0.42663423707601345
2704104,-0.21413384298632565,-0.17951533310063036,0.42663423707601345
2704203,-0.21413384298632565,-0.17951533310063036,0.42663423707601345
2704401,-0.21413384298632565,-0.17951533310063036,0.42663423707601345
2704609,-0.21413384298632565,-0.17951533310063036,0.42663423707601345
2704807,-0.21413384298632565,-0.17951533310063036,0.42663423707601345
2705002,-0.21413384298632565,-0.17951533310063036,0.42663423707601345
2705309,-0.21413384298632565,-0.17951533310063036,0.42663423707601345
2705408,-0.21413384298632565,-0.17951533310063036,0.42663423707601345
2705705,-0.21413384298632565,-0.17951533310063036,0.42663423707601345
2705804,-0.21413384298632565,-0.17951533310063036,0.42663423707601345
2705903,-0.21413384298632565,-0.17951533310063036,0.42663423707601345
2706000,-0.21413384298632565,-0.17951533310063036,0.42663423707601345
2706109,-0.21413384298632565,-0.17951533310063036,0.42663423707601345
2706208,-0.21413384298632565,-0.17951533310063036,0.42663423707601345
2706307,-0.21413384298632565,-0.17951533310063036,0.42663423707601345
2706406,-0.21413384298632565,-0.17951533310063036,0.42663423707601345
2706422,-0.21413384298632565,-0.17951533310063036,0.42663423707601345
2706604,-0.21413384298632565,-0.17951533310063036,0.42663423707601345
2707107,-0.21413384298632565,-0.17951533310063036,0.42663423707601345
2707206,-0.21413384298632565,-0.17951533310063036,0.42663423707601345
2707602,-0.21413384298632565,-0.17951533310063036,0.42663423707601345
2708006,-0.21413384298632565,-0.17951533310063036,0.42663423707601345
2708402,-0.21413384298632565,-0.17951533310063036,0.42663423707601345
2708808,-0.21413384298632565,-0.17951533310063036,0.42663423707601345
2708956,-0.21413384298632565,-0.17951533310063036,0.42663423707601345
2709004,-0.21413384298632565,-0.17951533310063036,0.42663423707601345
2709103,-0.21413384298632565,-0.17951533310063036,0.42663423707601345
2709152,-0.21413384298632565,-0.17951533310063036,0.42663423707601345
2709202,-0.21413384298632565,-0.17951533310063036,0.42663423707601345
2800100,1.0297171563655187,-0.035283550007012804,0.22702785778441326
2800209,1.0297171563655187,-0.035283550007012804,0.22702785778441326
2800308,1.0297171563655187,-0.035283550007012804,0.22702785778441326
2800407,1.0297171563655187,-0.035283550007012804,0.22702785778441326
2800605,1.0297171563655187,-0.035283550007012804,0.22702785778441326
2800670,1.0297171563655187,-0.035283550007012804,0.22702785778441326
2800704,1.0297171563655187,-0.035283550007012804,0.22702785778441326
2801108,1.0297171563655187,-0.035283550007012804,0.22702785778441326
2801306,1.0297171563655187,-0.035283550007012804,0.22702785778441326
2801504,1.0297171563655187,-0.035283550007012804,0.22702785778441326
2801603,1.0297171563655187,-0.035283550007012804,0.22702785778441326
2801702,1.0297171563655187,-0.035283550007012804,0.22702785778441326
2801900,1.0297171563655187,-0.035283550007012804,0.22702785778441326
2802007,1.0297171563655187,-0.035283550007012804,0.22702785778441326
2802106,1.0297171563655187,-0.035283550007012804,0.22702785778441326
2802502,1.0297171563655187,-0.035283550007012804,0.22702785778441326
2802700,1.0297171563655187,-0.035283550007012804,0.22702785778441326
2802809,1.0297171563655187,-0.035283550007012804,0.22702785778441326
2803005,1.0297171563655187,-0.035283550007012804,0.22702785778441326
2803203,1.0297171563655187,-0.035283550007012804,0.22702785778441326
2803302,1.0297171563655187,-0.035283550007012804,0.22702785778441326
2803401,1.0297171563655187,-0.035283550007012804,0.22702785778441326
2803609,1.0297171563655187,-0.035283550007012804,0.22702785778441326
2803807,1.0297171563655187,-0.035283550007012804,0.22702785778441326
2804003,1.0297171563655187,-0.035283550007012804,0.22702785778441326
2804300,1.0297171563655187,-0.035283550007012804,0.22702785778441326
2804409,1.0297171563655187,-0.035283550007012804,0.22702785778441326
2804607,1.0297171563655187,-0.035283550007012804,0.22702785778441326
2804706,1.0297171563655187,-0.035283550007012804,0.22702785778441326
2804805,1.0297171563655187,-0.035283550007012804,0.22702785778441326
2804904,1.0297171563655187,-0.035283550007012804,0.22702785778441326
2805109,1.0297171563655187,-0.035283550007012804,0.22702785778441326
2805307,1.0297171563655187,-0.035283550007012804,0.22702785778441326
2805703,1.0297171563655187,-0.035283550007012804,0.22702785778441326
2805901,1.0297171563655187,-0.035283550007012804,0.22702785778441326
2806107,1.0297171563655187,-0.035283550007012804,0.22702785778441326
2806305,1.0297171563655187,-0.035283550007012804,0.22702785778441326
2806404,1.0297171563655187,-0.035283550007012804,0.22702785778441326
2806503,1.0297171563655187,-0.035283550007012804,0.22702785778441326
2806602,1.0297171563655187,-0.035283550007012804,0.22702785778441326
2806701,1.0297171563655187,-0.035283550007012804,0.22702785778441326
2806909,1.0297171563655187,-0.035283550007012804,0.22702785778441326
2807204,1.0297171563655187,-0.035283550007012804,0.22702785778441326
2807303,1.0297171563655187,-0.035283550007012804,0.22702785778441326
2807501,1.0297171563655187,-0.035283550007012804,0.22702785778441326
2807600,1.0297171563655187,-0.035283550007012804,0.22702785778441326
2800506,0.9875226523181372,0.2175945822259799,-0.5707594891343186
2801009,0.9875226523181372,0.2175945822259799,-0.5707594891343186
2801207,0.9875226523181372,0.2175945822259799,-0.5707594891343186
2801405,0.9875226523181372,0.2175945822259799,-0.5707594891343186
2802205,0.9875226523181372,0.2175945822259799,-0.5707594891343186
2802304,0.9875226523181372,0.2175945822259799,-0.5707594891343186
2802403,0.9875226523181372,0.2175945822259799,-0.5707594891343186
2802601,0.9875226523181372,0.2175945822259799,-0.5707594891343186
2802908,0.9875226523181372,0.2175945822259799,-0.5707594891343186
2803104,0.9875226523181372,0.2175945822259799,-0.5707594891343186
2803500,0.9875226523181372,0.2175945822259799,-0.5707594891343186
2803708,0.9875226523181372,0.2175945822259799,-0.5707594891343186
2803906,0.9875226523181372,0.2175945822259799,-0.5707594891343186
2804102,0.9875226523181372,0.2175945822259799,-0.5707594891343186
2804201,0.9875226523181372,0.2175945822259799,-0.5707594891343186
2804458,0.9875226523181372,0.2175945822259799,-0.5707594891343186
2804508,0.9875226523181372,0.2175945822259799,-0.5707594891343186
2805000,0.9875226523181372,0.2175945822259799,-0.5707594891343186
2805208,0.9875226523181372,0.2175945822259799,-0.5707594891343186
2805406,0.9875226523181372,0.2175945822259799,-0.5707594891343186
2805505,0.9875226523181372,0.2175945822259799,-0.5707594891343186
2805604,0.9875226523181372,0.2175945822259799,-0.5707594891343186
2805802,0.9875226523181372,0.2175945822259799,-0.5707594891343186
2806008,0.9875226523181372,0.2175945822259799,-0.5707594891343186
2806206,0.9875226523181372,0.2175945822259799,-0.5707594891343186
2806800,0.9875226523181372,0.2175945822259799,-0.5707594891343186
2807006,0.9875226523181372,0.2175945822259799,-0.5707594891343186
2807105,0.9875226523181372,0.2175945822259799,-0.5707594891343186
2807402,0.9875226523181372,0.2175945822259799,-0.5707594891343186
2900306,-0.37946002601730067,-0.4735298187062497,-0.14677921721030396
2900702,-0.37946002601730067,-0.4735298187062497,-0.14677921721030396
2901908,-0.37946002601730067,-0.4735298187062497,-0.14677921721030396
2902054,-0.37946002601730067,-0.4735298187062497,-0.14677921721030396
2902203,-0.37946002601730067,-0.4735298187062497,-0.14677921721030396
2905701,-0.37946002601730067,-0.4735298187062497,-0.14677921721030396
2906501,-0.37946002601730067,-0.4735298187062497,-0.14677921721030396
2907004,-0.37946002601730067,-0.4735298187062497,-0.14677921721030396
2907509,-0.37946002601730067,-0.4735298187062497,-0.14677921721030396
2908606,-0.37946002601730067,-0.4735298187062497,-0.14677921721030396
2909604,-0.37946002601730067,-0.4735298187062497,-0.14677921721030396
2910057,-0.37946002601730067,-0.4735298187062497,-0.14677921721030396
2910503,-0.37946002601730067,-0.4735298187062497,-0.14677921721030396
2910602,-0.37946002601730067,-0.4735298187062497,-0.14677921721030396
2913705,-0.37946002601730067,-0.4735298187062497,-0.14677921721030396
2915908,-0.37946002601730067,-0.4735298187062497,-0.14677921721030396
2916500,-0.37946002601730067,-0.4735298187062497,-0.14677921721030396
2917904,-0.37946002601730067,-0.4735298187062497,-0.14677921721030396
2919207,-0.37946002601730067,-0.4735298187062497,-0.14677921721030396
2919926,-0.37946002601730067,-0.4735298187062497,-0.14677921721030396
2921005,-0.37946002601730067,-0.4735298187062497,-0.14677921721030396
2924108,-0.37946002601730067,-0.4735298187062497,-0.14677921721030396
2925204,-0.37946002601730067,-0.4735298187062497,-0.14677921721030396
2927002,-0.37946002601730067,-0.4735298187062497,-0.14677921721030396
2927408,-0.37946002601730067,-0.4735298187062497,-0.14677921721030396
2928604,-0.37946002601730067,-0.4735298187062497,-0.14677921721030396
2929206,-0.37946002601730067,-0.4735298187062497,-0.14677921721030396
2929503,-0.37946002601730067,-0.4735298187062497,-0.14677921721030396
2929701,-0.37946002601730067,-0.4735298187062497,-0.14677921721030396
2929750,-0.37946002601730067,-0.4735298187062497,-0.14677921721030396
2930709,-0.37946002601730067,-0.4735298187062497,-0.14677921721030396
2931400,-0.37946002601730067,-0.4735298187062497,-0.14677921721030396
2931707,-0.37946002601730067,-0.4735298187062497,-0.14677921721030396
2901007,-0.07696355750903672,0.2486112942035088,0.0772586722128412
2902302,-0.07696355750903672,0.2486112942035088,0.0772586722128412
2904308,-0.07696355750903672,0.2486112942035088,0.0772586722128412
2904852,-0.07696355750903672,0.2486112942035088,0.0772586722128412
2904902,-0.07696355750903672,0.2486112942035088,0.0772586722128412
2905404,-0.07696355750903672,0.2486112942035088,0.0772586722128412
2905800,-0.07696355750903672,0.2486112942035088,0.0772586722128412
2907301,-0.07696355750903672,0.2486112942035088,0.0772586722128412
2908309,-0.07696355750903672,0.2486112942035088,0.0772586722128412
2909802,-0.07696355750903672,0.2486112942035088,0.0772586722128412
2910206,-0.07696355750903672,0.2486112942035088,0.0772586722128412
2910305,-0.07696355750903672,0.2486112942035088,0.0772586722128412
2911600,-0.07696355750903672,0.2486112942035088,0.0772586722128412
2913457,-0.07696355750903672,0.2486112942035088,0.0772586722128412
2916104,-0.07696355750903672,0.2486112942035088,0.0772586722128412
2916856,-0.07696355750903672,0.2486112942035088,0.0772586722128412
2917300,-0.07696355750903672,0.2486112942035088,0.0772586722128412
2917805,-0.07696355750903672,0.2486112942035088,0.0772586722128412
2918209,-0.07696355750903672,0.2486112942035088,0.0772586722128412
2918803,-0.07696355750903672,0.2486112942035088,0.0772586722128412
2920601,-0.07696355750903672,0.2486112942035088,0.0772586722128412
2921302,-0.07696355750903672,0.2486112942035088,0.0772586722128412
2922201,-0.07696355750903672,0.2486112942035088,0.0772586722128412
2922300,-0.07696355750903672,0.2486112942035088,0.0772586722128412
2922409,-0.07696355750903672,0.2486112942035088,0.0772586722128412
2922508,-0.07696355750903672,0.2486112942035088,0.0772586722128412
2922607,-0.07696355750903672,0.2486112942035088,0.0772586722128412
2922805,-0.07696355750903672,0.2486112942035088,0.0772586722128412
2925758,-0.07696355750903672,0.2486112942035088,0.0772586722128412
2927309,-0.07696355750903672,0.2486112942035088,0.0772586722128412
2928505,-0.07696355750903672,0.2486112942035088,0.0772586722128412
2928703,-0.07696355750903672,0.2486112942035088,0.0772586722128412
2929008,-0.07696355750903672,0.2486112942035088,0.0772586722128412
2929107,-0.07696355750903672,0.2486112942035088,0.0772586722128412
2929404,-0.07696355750903672,0.2486112942035088,0.0772586722128412
2929602,-0.07696355750903672,0.2486112942035088,0.0772586722128412
2931202,-0.07696355750903672,0.2486112942035088,0.0772586722128412
2932101,-0.07696355750903672,0.2486112942035088,0.0772586722128412
2932903,-0.07696355750903672,0.2486112942035088,0.0772586722128412
2933174,-0.07696355750903672,0.2486112942035088,0.0772586722128412
2933208,-0.07696355750903672,0.2486112942035088,0.0772586722128412
2900801,-0.12312780196230952,-0.32777890062269716,-0.2747385035203249
2900900,-0.12312780196230952,-0.32777890062269716,-0.2747385035203249
2902252,-0.12312780196230952,-0.32777890062269716,-0.2747385035203249
2902401,-0.12312780196230952,-0.32777890062269716,-0.2747385035203249
2903300,-0.12312780196230952,-0.32777890062269716,-0.2747385035203249
2903409,-0.12312780196230952,-0.32777890062269716,-0.2747385035203249
2904704,-0.12312780196230952,-0.32777890062269716,-0.2747385035203249
2905602,-0.12312780196230952,-0.32777890062269716,-0.2747385035203249
2906303,-0.12312780196230952,-0.32777890062269716,-0.2747385035203249
2906907,-0.12312780196230952,-0.32777890062269716,-0.2747385035203249
2908002,-0.12312780196230952,-0.32777890062269716,-0.2747385035203249
2910727,-0.12312780196230952,-0.32777890062269716,-0.2747385035203249
2910909,-0.12312780196230952,-0.32777890062269716,-0.2747385035203249
2911006,-0.12312780196230952,-0.32777890062269716,-0.2747385035203249
2911808,-0.12312780196230952,-0.32777890062269716,-0.2747385035203249
2912103,-0.12312780196230952,-0.32777890062269716,-0.2747385035203249
2912301,-0.12312780196230952,-0.32777890062269716,-0.2747385035203249
2912707,-0.12312780196230952,-0.32777890062269716,-0.2747385035203249
2912806,-0.12312780196230952,-0.32777890062269716,-0.2747385035203249
2913606,-0.12312780196230952,-0.32777890062269716,-0.2747385035203249
2914653,-0.12312780196230952,-0.32777890062269716,-0.2747385035203249
2914802,-0.12312780196230952,-0.32777890062269716,-0.2747385035203249
2914901,-0.12312780196230952,-0.32777890062269716,-0.2747385035203249
2915304,-0.12312780196230952,-0.32777890062269716,-0.2747385035203249
2915403,-0.12312780196230952,-0.32777890062269716,-0.2747385035203249
2915502,-0.12312780196230952,-0.32777890062269716,-0.2747385035203249
2915601,-0.12312780196230952,-0.32777890062269716,-0.2747385035203249
2916005,-0.12312780196230952,-0.32777890062269716,-0.2747385035203249
2916203,-0.12312780196230952,-0.32777890062269716,-0.2747385035203249
2916302,-0.12312780196230952,-0.32777890062269716,-0.2747385035203249
2916609,-0.12312780196230952,-0.32777890062269716,-0.2747385035203249
2918456,-0.12312780196230952,-0.32777890062269716,-0.2747385035203249
2918555,-0.12312780196230952,-0.32777890062269716,-0.2747385035203249
2918902,-0.12312780196230952,-0.32777890062269716,-0.2747385035203249
2920700,-0.12312780196230952,-0.32777890062269716,-0.2747385035203249
2920908,-0.12312780196230952,-0.32777890062269716,-0.2747385035203249
2921104,-0.12312780196230952,-0.32777890062269716,-0.2747385035203249
2922003,-0.12312780196230952,-0.32777890062269716,-0.2747385035203249
2923001,-0.12312780196230952,-0.32777890062269716,-0.2747385035203249
2923902,-0.12312780196230952,-0.32777890062269716,-0.2747385035203249
2925303,-0.12312780196230952,-0.32777890062269716,-0.2747385035203249
2925501,-0.12312780196230952,-0.32777890062269716,-0.2747385035203249
2927705,-0.12312780196230952,-0.32777890062269716,-0.2747385035203249
2927804,-0.12312780196230952,-0.32777890062269716,-0.2747385035203249
2928059,-0.12312780196230952,-0.32777890062269716,-0.2747385035203249
2929354,-0.12312780196230952,-0.32777890062269716,-0.2747385035203249
2931350,-0.12312780196230952,-0.32777890062269716,-0.2747385035203249
2932200,-0.12312780196230952,-0.32777890062269716,-0.2747385035203249
2932507,-0.12312780196230952,-0.32777890062269716,-0.2747385035203249
2932705,-0.12312780196230952,-0.32777890062269716,-0.2747385035203249
2933257,-0.12312780196230952,-0.32777890062269716,-0.2747385035203249
2900108,-0.4510196190841771,-0.23135816092553568,-0.42822261643439585
2900504,-0.4510196190841771,-0.23135816092553568,-0.42822261643439585
2900603,-0.4510196190841771,-0.23135816092553568,-0.42822261643439585
2901205,-0.4510196190841771,-0.23135816092553568,-0.42822261643439585
2901957,-0.4510196190841771,-0.23135816092553568,-0.42822261643439585
2902005,-0.4510196190841771,-0.23135816092553568,-0.42822261643439585
2902807,-0.4510196190841771,-0.23135816092553568,-0.42822261643439585
2902906,-0.4510196190841771,-0.23135816092553568,-0.42822261643439585
2903102,-0.4510196190841771,-0.23135816092553568,-0.42822261643439585
2903508,-0.4510196190841771,-0.23135816092553568,-0.42822261643439585
2903706,-0.4510196190841771,-0.23135816092553568,-0.42822261643439585
2903953,-0.4510196190841771,-0.23135816092553568,-0.42822261643439585
2904605,-0.4510196190841771,-0.23135816092553568,-0.42822261643439585
2904803,-0.4510196190841771,-0.23135816092553568,-0.42822261643439585
2905156,-0.4510196190841771,-0.23135816092553568,-0.42822261643439585
2906709,-0.4510196190841771,-0.23135816092553568,-0.42822261643439585
2906899,-0.4510196190841771,-0.23135816092553568,-0.42822261643439585
2907558,-0.4510196190841771,-0.23135816092553568,-0.42822261643439585
2908705,-0.4510196190841771,-0.23135816092553568,-0.42822261643439585
2908804,-0.4510196190841771,-0.23135816092553568,-0.42822261643439585
2909000,-0.4510196190841771,-0.23135816092553568,-0.42822261643439585
2909505,-0.4510196190841771,-0.23135816092553568,-0.42822261643439585
2910008,-0.4510196190841771,-0.23135816092553568,-0.42822261643439585
2910107,-0.4510196190841771,-0.23135816092553568,-0.42822261643439585
2910404,-0.4510196190841771,-0.23135816092553568,-0.42822261643439585
2911204,-0.4510196190841771,-0.23135816092553568,-0.42822261643439585
2911501,-0.4510196190841771,-0.23135816092553568,-0.42822261643439585
2912202,-0.4510196190841771,-0.23135816092553568,-0.42822261643439585
2912905,-0.4510196190841771,-0.23135816092553568,-0.42822261643439585
2913507,-0.4510196190841771,-0.23135816092553568,-0.42822261643439585
2913903,-0.4510196190841771,-0.23135816092553568,-0.42822261643439585
2914208,-0.4510196190841771,-0.23135816092553568,-0.42822261643439585
2914307,-0.4510196190841771,-0.23135816092553568,-0.42822261643439585
2915106,-0.4510196190841771,-0.23135816092553568,-0.42822261643439585
2915205,-0.4510196190841771,-0.23135816092553568,-0.42822261643439585
2915700,-0.4510196190841771,-0.23135816092553568,-0.42822261643439585
2915809,-0.4510196190841771,-0.23135816092553568,-0.42822261643439585
2916401,-0.4510196190841771,-0.23135816092553568,-0.42822261643439585
2916708,-0.4510196190841771,-0.23135816092553568,-0.42822261643439585
2916807,-0.4510196190841771,-0.23135816092553568,-0.42822261643439585
2916906,-0.4510196190841771,-0.23135816092553568,-0.42822261643439585
2917102,-0.4510196190841771,-0.23135816092553568,-0.42822261643439585
2917201,-0.4510196190841771,-0.23135816092553568,-0.42822261643439585
2917607,-0.4510196190841771,-0.23135816092553568,-0.42822261643439585
2918001,-0.4510196190841771,-0.23135816092553568,-0.42822261643439585
2918308,-0.4510196190841771,-0.23135816092553568,-0.42822261643439585
2918605,-0.4510196190841771,-0.23135816092553568,-0.42822261643439585
2918704,-0.4510196190841771,-0.23135816092553568,-0.42822261643439585
2919058,-0.4510196190841771,-0.23135816092553568,-0.42822261643439585
2919504,-0.4510196190841771,-0.23135816092553568,-0.42822261643439585
2919702,-0.4510196190841771,-0.23135816092553568,-0.42822261643439585
2919959,-0.4510196190841771,-0.23135816092553568,-0.42822261643439585
2920007,-0.4510196190841771,-0.23135816092553568,-0.42822261643439585
2920304,-0.4510196190841771,-0.23135816092553568,-0.42822261643439585
2920403,-0.4510196190841771,-0.23135816092553568,-0.42822261643439585
2920502,-0.4510196190841771,-0.23135816092553568,-0.42822261643439585
2921450,-0.4510196190841771,-0.23135816092553568,-0.42822261643439585
2922706,-0.4510196190841771,-0.23135816092553568,-0.42822261643439585
2922755,-0.4510196190841771,-0.23135816092553568,-0.42822261643439585
2923605,-0.4510196190841771,-0.23135816092553568,-0.42822261643439585
2924678,-0.4510196190841771,-0.23135816092553568,-0.42822261643439585
2924702,-0.4510196190841771,-0.23135816092553568,-0.42822261643439585
2924900,-0.4510196190841771,-0.23135816092553568,-0.42822261643439585
2925006,-0.4510196190841771,-0.23135816092553568,-0.42822261643439585
2925105,-0.4510196190841771,-0.23135816092553568,-0.42822261643439585
2925402,-0.4510196190841771,-0.23135816092553568,-0.42822261643439585
2925709,-0.4510196190841771,-0.23135816092553568,-0.42822261643439585
2926657,-0.4510196190841771,-0.23135816092553568,-0.42822261643439585
2926707,-0.4510196190841771,-0.23135816092553568,-0.42822261643439585
2926905,-0.4510196190841771,-0.23135816092553568,-0.42822261643439585
2927903,-0.4510196190841771,-0.23135816092553568,-0.42822261643439585
2931004,-0.4510196190841771,-0.23135816092553568,-0.42822261643439585
2931608,-0.4510196190841771,-0.23135816092553568,-0.42822261643439585
2931806,-0.4510196190841771,-0.23135816092553568,-0.42822261643439585
2932309,-0.4510196190841771,-0.23135816092553568,-0.42822261643439585
2933307,-0.4510196190841771,-0.23135816092553568,-0.42822261643439585
2933505,-0.4510196190841771,-0.23135816092553568,-0.42822261643439585
2903904,0.7168588057609458,0.5647423054388154,0.4956459013197762
2904100,0.7168588057609458,0.5647423054388154,0.4956459013197762
2904209,0.7168588057609458,0.5647423054388154,0.4956459013197762
2905008,0.7168588057609458,0.5647423054388154,0.4956459013197762
2905206,0.7168588057609458,0.5647423054388154,0.4956459013197762
2906600,0.7168588057609458,0.5647423054388154,0.4956459013197762
2907103,0.7168588057609458,0.5647423054388154,0.4956459013197762
2910776,0.7168588057609458,0.5647423054388154,0.4956459013197762
2911659,0.7168588057609458,0.5647423054388154,0.4956459013197762
2911709,0.7168588057609458,0.5647423054388154,0.4956459013197762
2912004,0.7168588057609458,0.5647423054388154,0.4956459013197762
2912509,0.7168588057609458,0.5647423054388154,0.4956459013197762
2913408,0.7168588057609458,0.5647423054388154,0.4956459013197762
2917334,0.7168588057609458,0.5647423054388154,0.4956459013197762
2917409,0.7168588057609458,0.5647423054388154,0.4956459013197762
2918753,0.7168588057609458,0.5647423054388154,0.4956459013197762
2919405,0.7168588057609458,0.5647423054388154,0.4956459013197762
2919801,0.7168588057609458,0.5647423054388154,0.4956459013197762
2920205,0.7168588057609458,0.5647423054388154,0.4956459013197762
2921054,0.7168588057609458,0.5647423054388154,0.4956459013197762
2921807,0.7168588057609458,0.5647423054388154,0.4956459013197762
2923407,0.7168588057609458,0.5647423054388154,0.4956459013197762
2923704,0.7168588057609458,0.5647423054388154,0.4956459013197762
2924504,0.7168588057609458,0.5647423054388154,0.4956459013197762
2926400,0.7168588057609458,0.5647423054388154,0.4956459013197762
2926806,0.7168588057609458,0.5647423054388154,0.4956459013197762
2930006,0.7168588057609458,0.5647423054388154,0.4956459013197762
2930154,0.7168588057609458,0.5647423054388154,0.4956459013197762
2930758,0.7168588057609458,0.5647423054388154,0.4956459013197762
2931053,0.7168588057609458,0.5647423054388154,0.4956459013197762
2932606,0.7168588057609458,0.5647423054388154,0.4956459013197762
2901403,-0.2628224339116848,-0.2275107431104504,0.7488866532461009
2902500,-0.2628224339116848,-0.2275107431104504,0.7488866532461009
2903201,-0.2628224339116848,-0.2275107431104504,0.7488866532461009
2904407,-0.2628224339116848,-0.2275107431104504,0.7488866532461009
2906105,-0.2628224339116848,-0.2275107431104504,0.7488866532461009
2907400,-0.2628224339116848,-0.2275107431104504,0.7488866532461009
2908101,-0.2628224339116848,-0.2275107431104504,0.7488866532461009
2909109,-0.2628224339116848,-0.2275107431104504,0.7488866532461009
2909307,-0.2628224339116848,-0.2275107431104504,0.7488866532461009
2909406,-0.2628224339116848,-0.2275107431104504,0.7488866532461009
2909703,-0.2628224339116848,-0.2275107431104504,0.7488866532461009
2911105,-0.2628224339116848,-0.2275107431104504,0.7488866532461009
2917359,-0.2628224339116848,-0.2275107431104504,0.7488866532461009
2919553,-0.2628224339116848,-0.2275107431104504,0.7488866532461009
2920452,-0.2628224339116848,-0.2275107431104504,0.7488866532461009
2926202,-0.2628224339116848,-0.2275107431104504,0.7488866532461009
2928109,-0.2628224339116848,-0.2275107431104504,0.7488866532461009
2928208,-0.2628224339116848,-0.2275107431104504,0.7488866532461009
2928406,-0.2628224339116848,-0.2275107431104504,0.7488866532461009
2928901,-0.2628224339116848,-0.2275107431104504,0.7488866532461009
2929057,-0.2628224339116848,-0.2275107431104504,0.7488866532461009
2930303,-0.2628224339116848,-0.2275107431104504,0.7488866532461009
2930907,-0.2628224339116848,-0.2275107431104504,0.7488866532461009
2933455,-0.2628224339116848,-0.2275107431104504,0.7488866532461009
2901155,-0.33403025062320635,-0.06723515254150357,0.46932646679976203
2902708,-0.33403025062320635,-0.06723515254150357,0.46932646679976203
2903003,-0.33403025062320635,-0.06723515254150357,0.46932646679976203
2903235,-0.33403025062320635,-0.06723515254150357,0.46932646679976203
2904050,-0.33403025062320635,-0.06723515254150357,0.46932646679976203
2904506,-0.33403025062320635,-0.06723515254150357,0.46932646679976203
2904753,-0.33403025062320635,-0.06723515254150357,0.46932646679976203
2905305,-0.33403025062320635,-0.06723515254150357,0.46932646679976203
2906204,-0.33403025062320635,-0.06723515254150357,0.46932646679976203
2907608,-0.33403025062320635,-0.06723515254150357,0.46932646679976203
2911303,-0.33403025062320635,-0.06723515254150357,0.46932646679976203
2912400,-0.33403025062320635,-0.06723515254150357,0.46932646679976203
2913101,-0.33403025062320635,-0.06723515254150357,0.46932646679976203
2913200,-0.33403025062320635,-0.06723515254150357,0.46932646679976203
2914109,-0.33403025062320635,-0.06723515254150357,0.46932646679976203
2914604,-0.33403025062320635,-0.06723515254150357,0.46932646679976203
2915353,-0.33403025062320635,-0.06723515254150357,0.46932646679976203
2918357,-0.33403025062320635,-0.06723515254150357,0.46932646679976203
2918506,-0.33403025062320635,-0.06723515254150357,0.46932646679976203
2919157,-0.33403025062320635,-0.06723515254150357,0.46932646679976203
2921609,-0.33403025062320635,-0.06723515254150357,0.46932646679976203
2921708,-0.33403025062320635,-0.06723515254150357,0.46932646679976203
2922052,-0.33403025062320635,-0.06723515254150357,0.46932646679976203
2922250,-0.33403025062320635,-0.06723515254150357,0.46932646679976203
2923209,-0.33403025062320635,-0.06723515254150357,0.46932646679976203
2925600,-0.33403025062320635,-0.06723515254150357,0.46932646679976203
2929255,-0.33403025062320635,-0.06723515254150357,0.46932646679976203
2932408,-0.33403025062320635,-0.06723515254150357,0.46932646679976203
2933604,-0.33403025062320635,-0.06723515254150357,0.46932646679976203
2901353,-0.5129048725275255,0.04791291456733648,0.2758236099095827
2901809,-0.5129048725275255,0.04791291456733648,0.2758236099095827
2905909,-0.5129048725275255,0.04791291456733648,0.2758236099095827
2906006,-0.5129048725275255,0.04791291456733648,0.2758236099095827
2907202,-0.5129048725275255,0.04791291456733648,0.2758236099095827
2909901,-0.5129048725275255,0.04791291456733648,0.2758236099095827
2910859,-0.5129048725275255,0.04791291456733648,0.2758236099095827
2917003,-0.5129048725275255,0.04791291456733648,0.2758236099095827
2917706,-0.5129048725275255,0.04791291456733648,0.2758236099095827
2918407,-0.5129048725275255,0.04791291456733648,0.2758236099095827
2924405,-0.5129048725275255,0.04791291456733648,0.2758236099095827
2924603,-0.5129048725275255,0.04791291456733648,0.2758236099095827
2925253,-0.5129048725275255,0.04791291456733648,0.2758236099095827
2926004,-0.5129048725275255,0.04791291456733648,0.2758236099095827
2930105,-0.5129048725275255,0.04791291456733648,0.2758236099095827
2930204,-0.5129048725275255,0.04791291456733648,0.2758236099095827
2930774,-0.5129048725275255,0.04791291456733648,0.2758236099095827
2932002,-0.5129048725275255,0.04791291456733648,0.2758236099095827
2900207,0.19763180018718574,0.06057856579450481,-0.8273030844217901
2900355,0.19763180018718574,0.06057856579450481,-0.8273030844217901
2901601,0.19763180018718574,0.06057856579450481,-0.8273030844217901
2902658,0.19763180018718574,0.06057856579450481,-0.8273030844217901
2906808,0.19763180018718574,0.06057856579450481,-0.8273030844217901
2906824,0.19763180018718574,0.06057856579450481,-0.8273030844217901
2907707,0.19763180018718574,0.06057856579450481,-0.8273030844217901
2907806,0.19763180018718574,0.06057856579450481,-0.8273030844217901
2907905,0.19763180018718574,0.06057856579450481,-0.8273030844217901
2909208,0.19763180018718574,0.06057856579450481,-0.8273030844217901
2910701,0.19763180018718574,0.06057856579450481,-0.8273030844217901
2910750,0.19763180018718574,0.06057856579450481,-0.8273030844217901
2911402,0.19763180018718574,0.06057856579450481,-0.8273030844217901
2911857,0.19763180018718574,0.06057856579450481,-0.8273030844217901
2918100,0.19763180018718574,0.06057856579450481,-0.8273030844217901
2919900,0.19763180018718574,0.06057856579450481,-0.8273030844217901
2921500,0.19763180018718574,0.06057856579450481,-0.8273030844217901
2922904,0.19763180018718574,0.06057856579450481,-0.8273030844217901
2923050,0.19763180018718574,0.06057856579450481,-0.8273030844217901
2923100,0.19763180018718574,0.06057856579450481,-0.8273030844217901
2923803,0.19763180018718574,0.06057856579450481,-0.8273030844217901
2924009,0.19763180018718574,0.06057856579450481,-0.8273030844217901
2924207,0.19763180018718574,0.06057856579450481,-0.8273030844217901
2925907,0.19763180018718574,0.06057856579450481,-0.8273030844217901
2926509,0.19763180018718574,0.06057856579450481,-0.8273030844217901
2926608,0.19763180018718574,0.06057856579450481,-0.8273030844217901
2927101,0.19763180018718574,0.06057856579450481,-0.8273030844217901
2927606,0.19763180018718574,0.06057856579450481,-0.8273030844217901
2930766,0.19763180018718574,0.06057856579450481,-0.8273030844217901
2931905,0.19763180018718574,0.06057856579450481,-0.8273030844217901
2900405,0.7047067675182596,0.3782202063807869,-0.7235242960774525
2901106,0.7047067675182596,0.3782202063807869,-0.7235242960774525
2901304,0.7047067675182596,0.3782202063807869,-0.7235242960774525
2901502,0.7047067675182596,0.3782202063807869,-0.7235242960774525
2901700,0.7047067675182596,0.3782202063807869,-0.7235242960774525
2902104,0.7047067675182596,0.3782202063807869,-0.7235242960774525
2902609,0.7047067675182596,0.3782202063807869,-0.7235242960774525
2903276,0.7047067675182596,0.3782202063807869,-0.7235242960774525
2903607,0.7047067675182596,0.3782202063807869,-0.7235242960774525
2903805,0.7047067675182596,0.3782202063807869,-0.7235242960774525
2904001,0.7047067675182596,0.3782202063807869,-0.7235242960774525
2905107,0.7047067675182596,0.3782202063807869,-0.7235242960774525
2905503,0.7047067675182596,0.3782202063807869,-0.7235242960774525
2906402,0.7047067675182596,0.3782202063807869,-0.7235242960774525
2906857,0.7047067675182596,0.3782202063807869,-0.7235242960774525
2906873,0.7047067675182596,0.3782202063807869,-0.7235242960774525
2908200,0.7047067675182596,0.3782202063807869,-0.7235242960774525
2908408,0.7047067675182596,0.3782202063807869,-0.7235242960774525
2908507,0.7047067675182596,0.3782202063807869,-0.7235242960774525
2908903,0.7047067675182596,0.3782202063807869,-0.7235242960774525
2910800,0.7047067675182596,0.3782202063807869,-0.7235242960774525
2911253,0.7047067675182596,0.3782202063807869,-0.7235242960774525
2911907,0.7047067675182596,0.3782202063807869,-0.7235242960774525
2912608,0.7047067675182596,0.3782202063807869,-0.7235242960774525
2913002,0.7047067675182596,0.3782202063807869,-0.7235242960774525
2913309,0.7047067675182596,0.3782202063807869,-0.7235242960774525
2913804,0.7047067675182596,0.3782202063807869,-0.7235242960774525
2914000,0.7047067675182596,0.3782202063807869,-0.7235242960774525
2914406,0.7047067675182596,0.3782202063807869,-0.7235242960774525
2914505,0.7047067675182596,0.3782202063807869,-0.7235242960774525
2914703,0.7047067675182596,0.3782202063807869,-0.7235242960774525
2915007,0.7047067675182596,0.3782202063807869,-0.7235242960774525
2917508,0.7047067675182596,0.3782202063807869,-0.7235242960774525
2919009,0.7047067675182596,0.3782202063807869,-0.7235242960774525
2919108,0.7047067675182596,0.3782202063807869,-0.7235242960774525
2919306,0.7047067675182596,0.3782202063807869,-0.7235242960774525
2919603,0.7047067675182596,0.3782202063807869,-0.7235242960774525
2920106,0.7047067675182596,0.3782202063807869,-0.7235242960774525
2920809,0.7047067675182596,0.3782202063807869,-0.7235242960774525
2921203,0.7047067675182596,0.3782202063807869,-0.7235242960774525
2921401,0.7047067675182596,0.3782202063807869,-0.7235242960774525
2921906,0.7047067675182596,0.3782202063807869,-0.7235242960774525
2922102,0.7047067675182596,0.3782202063807869,-0.7235242960774525
2922656,0.7047067675182596,0.3782202063807869,-0.7235242960774525
2922730,0.7047067675182596,0.3782202063807869,-0.7235242960774525
2922854,0.7047067675182596,0.3782202063807869,-0.7235242960774525
2923035,0.7047067675182596,0.3782202063807869,-0.7235242960774525
2923308,0.7047067675182596,0.3782202063807869,-0.7235242960774525
2923357,0.7047067675182596,0.3782202063807869,-0.7235242960774525
2923506,0.7047067675182596,0.3782202063807869,-0.7235242960774525
2924058,0.7047067675182596,0.3782202063807869,-0.7235242960774525
2924306,0.7047067675182596,0.3782202063807869,-0.7235242960774525
2924652,0.7047067675182596,0.3782202063807869,-0.7235242960774525
2924801,0.7047067675182596,0.3782202063807869,-0.7235242960774525
2925808,0.7047067675182596,0.3782202063807869,-0.7235242960774525
2925931,0.7047067675182596,0.3782202063807869,-0.7235242960774525
2925956,0.7047067675182596,0.3782202063807869,-0.7235242960774525
2926103,0.7047067675182596,0.3782202063807869,-0.7235242960774525
2926301,0.7047067675182596,0.3782202063807869,-0.7235242960774525
2927200,0.7047067675182596,0.3782202063807869,-0.7235242960774525
2927507,0.7047067675182596,0.3782202063807869,-0.7235242960774525
2928000,0.7047067675182596,0.3782202063807869,-0.7235242960774525
2928307,0.7047067675182596,0.3782202063807869,-0.7235242960774525
2928802,0.7047067675182596,0.3782202063807869,-0.7235242960774525
2928950,0.7047067675182596,0.3782202063807869,-0.7235242960774525
2929305,0.7047067675182596,0.3782202063807869,-0.7235242960774525
2929370,0.7047067675182596,0.3782202063807869,-0.7235242960774525
2929800,0.7047067675182596,0.3782202063807869,-0.7235242960774525
2929909,0.7047067675182596,0.3782202063807869,-0.7235242960774525
2930402,0.7047067675182596,0.3782202063807869,-0.7235242960774525
2930501,0.7047067675182596,0.3782202063807869,-0.7235242960774525
2930600,0.7047067675182596,0.3782202063807869,-0.7235242960774525
2930808,0.7047067675182596,0.3782202063807869,-0.7235242960774525
2931103,0.7047067675182596,0.3782202063807869,-0.7235242960774525
2931301,0.7047067675182596,0.3782202063807869,-0.7235242960774525
2931509,0.7047067675182596,0.3782202063807869,-0.7235242960774525
2932457,0.7047067675182596,0.3782202063807869,-0.7235242960774525
2932804,0.7047067675182596,0.3782202063807869,-0.7235242960774525
2933000,0.7047067675182596,0.3782202063807869,-0.7235242960774525
2933059,0.7047067675182596,0.3782202063807869,-0.7235242960774525
2933109,0.7047067675182596,0.3782202063807869,-0.7235242960774525
2933158,0.7047067675182596,0.3782202063807869,-0.7235242960774525
2933406,0.7047067675182596,0.3782202063807869,-0.7235242960774525
3103207,0.03081088196044999,-0.69659853569124,0.4718799021877842
3104809,0.03081088196044999,-0.69659853569124,0.4718799021877842
3105004,0.03081088196044999,-0.69659853569124,0.4718799021877842
3105400,0.03081088196044999,-0.69659853569124,0.4718799021877842
3106200,0.03081088196044999,-0.69659853569124,0.4718799021877842
3106705,0.03081088196044999,-0.69659853569124,0.4718799021877842
3107703,0.03081088196044999,-0.69659853569124,0.4718799021877842
3109006,0.03081088196044999,-0.69659853569124,0.4718799021877842
3109204,0.03081088196044999,-0.69659853569124,0.4718799021877842
3109600,0.03081088196044999,-0.69659853569124,0.4718799021877842
3109907,0.03081088196044999,-0.69659853569124,0.4718799021877842
3110004,0.03081088196044999,-0.69659853569124,0.4718799021877842
3112505,0.03081088196044999,-0.69659853569124,0.4718799021877842
3113800,0.03081088196044999,-0.69659853569124,0.4718799021877842
3115359,0.03081088196044999,-0.69659853569124,0.4718799021877842
3117504,0.03081088196044999,-0.69659853569124,0.4718799021877842
3117876,0.03081088196044999,-0.69659853569124,0.4718799021877842
3118106,0.03081088196044999,-0.69659853569124,0.4718799021877842
3118601,0.03081088196044999,-0.69659853569124,0.4718799021877842
3118908,0.03081088196044999,-0.69659853569124,0.4718799021877842
3119104,0.03081088196044999,-0.69659853569124,0.4718799021877842
3120904,0.03081088196044999,-0.69659853569124,0.4718799021877842
3124104,0.03081088196044999,-0.69659853569124,0.4718799021877842
3125705,0.03081088196044999,-0.69659853569124,0.4718799021877842
3125903,0.03081088196044999,-0.69659853569124,0.4718799021877842
3126000,0.03081088196044999,-0.69659853569124,0.4718799021877842
3126406,0.03081088196044999,-0.69659853569124,0.4718799021877842
3127206,0.03081088196044999,-0.69659853569124,0.4718799021877842
3129806,0.03081088196044999,-0.69659853569124,0.4718799021877842
3130101,0.03081088196044999,-0.69659853569124,0.4718799021877842
3131000,0.03081088196044999,-0.69659853569124,0.4718799021877842
3131109,0.03081088196044999,-0.69659853569124,0.4718799021877842
3131703,0.03081088196044999,-0.69659853569124,0.4718799021877842
3131901,0.03081088196044999,-0.69659853569124,0.4718799021877842
3132800,0.03081088196044999,-0.69659853569124,0.4718799021877842
3134608,0.03081088196044999,-0.69659853569124,0.4718799021877842
3135704,0.03081088196044999,-0.69659853569124,0.4718799021877842
3136603,0.03081088196044999,-0.69659853569124,0.4718799021877842
3136652,0.03081088196044999,-0.69659853569124,0.4718799021877842
3137601,0.03081088196044999,-0.69659853569124,0.4718799021877842
3140001,0.03081088196044999,-0.69659853569124,0.4718799021877842
3140159,0.03081088196044999,-0.69659853569124,0.4718799021877842
3140704,0.03081088196044999,-0.69659853569124,0.4718799021877842
3141108,0.03081088196044999,-0.69659853569124,0.4718799021877842
3142304,0.03081088196044999,-0.69659853569124,0.4718799021877842
3142502,0.03081088196044999,-0.69659853569124,0.4718799021877842
3143609,0.03081088196044999,-0.69659853569124,0.4718799021877842
3143708,0.03081088196044999,-0.69659853569124,0.4718799021877842
3144805,0.03081088196044999,-0.69659853569124,0.4718799021877842
3146107,0.03081088196044999,-0.69659853569124,0.4718799021877842
3147402,0.03081088196044999,-0.69659853569124,0.4718799021877842
3147501,0.03081088196044999,-0.69659853569124,0.4718799021877842
3149309,0.03081088196044999,-0.69659853569124,0.4718799021877842
3153202,0.03081088196044999,-0.69659853569124,0.4718799021877842
3153608,0.03081088196044999,-0.69659853569124,0.4718799021877842
3153905,0.03081088196044999,-0.69659853569124,0.4718799021877842
3154606,0.03081088196044999,-0.69659853569124,0.4718799021877842
3154804,0.03081088196044999,-0.69659853569124,0.4718799021877842
3156700,0.03081088196044999,-0.69659853569124,0.4718799021877842
3157203,0.03081088196044999,-0.69659853569124,0.4718799021877842
3157807,0.03081088196044999,-0.69659853569124,0.4718799021877842
3158003,0.03081088196044999,-0.69659853569124,0.4718799021877842
3158508,0.03081088196044999,-0.69659853569124,0.4718799021877842
3159001,0.03081088196044999,-0.69659853569124,0.4718799021877842
3160504,0.03081088196044999,-0.69659853569124,0.4718799021877842
3160603,0.03081088196044999,-0.69659853569124,0.4718799021877842
3162922,0.03081088196044999,-0.69659853569124,0.4718799021877842
3162955,0.03081088196044999,-0.69659853569124,0.4718799021877842
3164803,0.03081088196044999,-0.69659853569124,0.4718799021877842
3165537,0.03081088196044999,-0.69659853569124,0.4718799021877842
3167202,0.03081088196044999,-0.69659853569124,0.4718799021877842
3168309,0.03081088196044999,-0.69659853569124,0.4718799021877842
3169356,0.03081088196044999,-0.69659853569124,0.4718799021877842
3171204,0.03081088196044999,-0.69659853569124,0.4718799021877842
3106655,-0.48672199656162746,-0.6411391971324948,-0.02389289001373041
3107307,-0.48672199656162746,-0.6411391971324948,-0.02389289001373041
3108255,-0.48672199656162746,-0.6411391971324948,-0.02389289001373041
3108503,-0.48672199656162746,-0.6411391971324948,-0.02389289001373041
3108602,-0.48672199656162746,-0.6411391971324948,-0.02389289001373041
3109402,-0.48672199656162746,-0.6411391971324948,-0.02389289001373041
3111150,-0.48672199656162746,-0.6411391971324948,-0.02389289001373041
3112703,-0.48672199656162746,-0.6411391971324948,-0.02389289001373041
3115474,-0.48672199656162746,-0.6411391971324948,-0.02389289001373041
3116159,-0.48672199656162746,-0.6411391971324948,-0.02389289001373041
3116506,-0.48672199656162746,-0.6411391971324948,-0.02389289001373041
3117836,-0.48672199656162746,-0.6411391971324948,-0.02389289001373041
3118809,-0.48672199656162746,-0.6411391971324948,-0.02389289001373041
3120300,-0.48672199656162746,-0.6411391971324948,-0.02389289001373041
3120870,-0.48672199656162746,-0.6411391971324948,-0.02389289001373041
3123809,-0.48672199656162746,-0.6411391971324948,-0.02389289001373041
3124302,-0.48672199656162746,-0.6411391971324948,-0.02389289001373041
3126604,-0.48672199656162746,-0.6411391971324948,-0.02389289001373041
3126703,-0.48672199656162746,-0.6411391971324948,-0.02389289001373041
3127073,-0.48672199656162746,-0.6411391971324948,-0.02389289001373041
3127339,-0.48672199656162746,-0.6411391971324948,-0.02389289001373041
3127354,-0.48672199656162746,-0.6411391971324948,-0.02389289001373041
3127800,-0.48672199656162746,-0.6411391971324948,-0.02389289001373041
3128253,-0.48672199656162746,-0.6411391971324948,-0.02389289001373041
3129608,-0.48672199656162746,-0.6411391971324948,-0.02389289001373041
3129657,-0.48672199656162746,-0.6411391971324948,-0.02389289001373041
3130051,-0.48672199656162746,-0.6411391971324948,-0.02389289001373041
3130655,-0.48672199656162746,-0.6411391971324948,-0.02389289001373041
3132008,-0.48672199656162746,-0.6411391971324948,-0.02389289001373041
3132107,-0.48672199656162746,-0.6411391971324948,-0.02389289001373041
3135050,-0.48672199656162746,-0.6411391971324948,-0.02389289001373041
3135100,-0.48672199656162746,-0.6411391971324948,-0.02389289001373041
3135209,-0.48672199656162746,-0.6411391971324948,-0.02389289001373041
3135357,-0.48672199656162746,-0.6411391971324948,-0.02389289001373041
3135605,-0.48672199656162746,-0.6411391971324948,-0.02389289001373041
3136405,-0.48672199656162746,-0.6411391971324948,-0.02389289001373041
3136579,-0.48672199656162746,-0.6411391971324948,-0.02389289001373041
3136801,-0.48672199656162746,-0.6411391971324948,-0.02389289001373041
3136959,-0.48672199656162746,-0.6411391971324948,-0.02389289001373041
3137304,-0.48672199656162746,-0.6411391971324948,-0.02389289001373041
3138104,-0.48672199656162746,-0.6411391971324948,-0.02389289001373041
3138658,-0.48672199656162746,-0.6411391971324948,-0.02389289001373041
3138682,-0.48672199656162746,-0.6411391971324948,-0.02389289001373041
3139250,-0.48672199656162746,-0.6411391971324948,-0.02389289001373041
3139300,-0.48672199656162746,-0.6411391971324948,-0.02389289001373041
3140852,-0.48672199656162746,-0.6411391971324948,-0.02389289001373041
3141009,-0.48672199656162746,-0.6411391971324948,-0.02389289001373041
3142007,-0.48672199656162746,-0.6411391971324948,-0.02389289001373041
3142254,-0.48672199656162746,-0.6411391971324948,-0.02389289001373041
3142700,-0.48672199656162746,-0.6411391971324948,-0.02389289001373041
3142908,-0.48672199656162746,-0.6411391971324948,-0.02389289001373041
3143302,-0.48672199656162746,-0.6411391971324948,-0.02389289001373041
3143450,-0.48672199656162746,-0.6411391971324948,-0.02389289001373041
3144656,-0.48672199656162746,-0.6411391971324948,-0.02389289001373041
3145059,-0.48672199656162746,-0.6411391971324948,-0.02389289001373041
3145372,-0.48672199656162746,-0.6411391971324948,-0.02389289001373041
3145455,-0.48672199656162746,-0.6411391971324948,-0.02389289001373041
3146255,-0.48672199656162746,-0.6411391971324948,-0.02389289001373041
3146552,-0.48672199656162746,-0.6411391971324948,-0.02389289001373041
3147956,-0.48672199656162746,-0.6411391971324948,-0.02389289001373041
3149150,-0.48672199656162746,-0.6411391971324948,-0.02389289001373041
3150570,-0.48672199656162746,-0.6411391971324948,-0.02389289001373041
3151206,-0.48672199656162746,-0.6411391971324948,-0.02389289001373041
3152131,-0.48672199656162746,-0.6411391971324948,-0.02389289001373041
3152204,-0.48672199656162746,-0.6411391971324948,-0.02389289001373041
3154507,-0.48672199656162746,-0.6411391971324948,-0.02389289001373041
3155603,-0.48672199656162746,-0.6411391971324948,-0.02389289001373041
3156502,-0.48672199656162746,-0.6411391971324948,-0.02389289001373041
3157005,-0.48672199656162746,-0.6411391971324948,-0.02389289001373041
3157377,-0.48672199656162746,-0.6411391971324948,-0.02389289001373041
3157609,-0.48672199656162746,-0.6411391971324948,-0.02389289001373041
3160454,-0.48672199656162746,-0.6411391971324948,-0.02389289001373041
3161106,-0.48672199656162746,-0.6411391971324948,-0.02389289001373041
3162252,-0.48672199656162746,-0.6411391971324948,-0.02389289001373041
3162401,-0.48672199656162746,-0.6411391971324948,-0.02389289001373041
3162450,-0.48672199656162746,-0.6411391971324948,-0.02389289001373041
3162658,-0.48672199656162746,-0.6411391971324948,-0.02389289001373041
3162708,-0.48672199656162746,-0.6411391971324948,-0.02389289001373041
3164209,-0.48672199656162746,-0.6411391971324948,-0.02389289001373041
3166956,-0.48672199656162746,-0.6411391971324948,-0.02389289001373041
3168002,-0.48672199656162746,-0.6411391971324948,-0.02389289001373041
3170008,-0.48672199656162746,-0.6411391971324948,-0.02389289001373041
3170651,-0.48672199656162746,-0.6411391971324948,-0.02389289001373041
3170800,-0.48672199656162746,-0.6411391971324948,-0.02389289001373041
3170909,-0.48672199656162746,-0.6411391971324948,-0.02389289001373041
3171030,-0.48672199656162746,-0.6411391971324948,-0.02389289001373041
3100609,-0.43420613703780625,-0.7643393794573438,0.42755443395950765
3100906,-0.43420613703780625,-0.7643393794573438,0.42755443395950765
3101003,-0.43420613703780625,-0.7643393794573438,0.42755443395950765
3101706,-0.43420613703780625,-0.7643393794573438,0.42755443395950765
3102407,-0.43420613703780625,-0.7643393794573438,0.42755443395950765
3102704,-0.43420613703780625,-0.7643393794573438,0.42755443395950765
3102852,-0.43420613703780625,-0.7643393794573438,0.42755443395950765
3103405,-0.43420613703780625,-0.7643393794573438,0.42755443395950765
3104452,-0.43420613703780625,-0.7643393794573438,0.42755443395950765
3104700,-0.43420613703780625,-0.7643393794573438,0.42755443395950765
3105202,-0.43420613703780625,-0.7643393794573438,0.42755443395950765
3106507,-0.43420613703780625,-0.7643393794573438,0.42755443395950765
3106606,-0.43420613703780625,-0.7643393794573438,0.42755443395950765
3110806,-0.43420613703780625,-0.7643393794573438,0.42755443395950765
3112307,-0.43420613703780625,-0.7643393794573438,0.42755443395950765
3113008,-0.43420613703780625,-0.7643393794573438,0.42755443395950765
3113503,-0.43420613703780625,-0.7643393794573438,0.42755443395950765
3113701,-0.43420613703780625,-0.7643393794573438,0.42755443395950765
3115458,-0.43420613703780625,-0.7643393794573438,0.42755443395950765
3116100,-0.43420613703780625,-0.7643393794573438,0.42755443395950765
3117009,-0.43420613703780625,-0.7643393794573438,0.42755443395950765
3119500,-0.43420613703780625,-0.7643393794573438,0.42755443395950765
3120102,-0.43420613703780625,-0.7643393794573438,0.42755443395950765
3120151,-0.43420613703780625,-0.7643393794573438,0.42755443395950765
3121001,-0.43420613703780625,-0.7643393794573438,0.42755443395950765
3121605,-0.43420613703780625,-0.7643393794573438,0.42755443395950765
3122355,-0.43420613703780625,-0.7643393794573438,0.42755443395950765
3122454,-0.43420613703780625,-0.7643393794573438,0.42755443395950765
3125408,-0.43420613703780625,-0.7643393794573438,0.42755443395950765
3125507,-0.43420613703780625,-0.7643393794573438,0.42755443395950765
3125606,-0.43420613703780625,-0.7643393794573438,0.42755443395950765
3126505,-0.43420613703780625,-0.7643393794573438,0.42755443395950765
3126752,-0.43420613703780625,-0.7643393794573438,0.42755443395950765
3126802,-0.43420613703780625,-0.7643393794573438,0.42755443395950765
3127057,-0.43420613703780625,-0.7643393794573438,0.42755443395950765
3127602,-0.43420613703780625,-0.7643393794573438,0.42755443395950765
3132305,-0.43420613703780625,-0.7643393794573438,0.42755443395950765
3132503,-0.43420613703780625,-0.7643393794573438,0.42755443395950765
3132701,-0.43420613703780625,-0.7643393794573438,0.42755443395950765
3133303,-0.43420613703780625,-0.7643393794573438,0.42755443395950765
3134004,-0.43420613703780625,-0.7643393794573438,0.42755443395950765
3134707,-0.43420613703780625,-0.7643393794573438,0.42755443395950765
3135456,-0.43420613703780625,-0.7643393794573438,0.42755443395950765
3135803,-0.43420613703780625,-0.7643393794573438,0.42755443395950765
3136009,-0.43420613703780625,-0.7643393794573438,0.42755443395950765
3136504,-0.43420613703780625,-0.7643393794573438,0.42755443395950765
3136520,-0.43420613703780625,-0.7643393794573438,0.42755443395950765
3137007,-0.43420613703780625,-0.7643393794573438,0.42755443395950765
3138351,-0.43420613703780625,-0.7643393794573438,0.42755443395950765
3138906,-0.43420613703780625,-0.7643393794573438,0.42755443395950765
3139201,-0.43420613703780625,-0.7643393794573438,0.42755443395950765
3140555,-0.43420613703780625,-0.7643393794573438,0.42755443395950765
3141405,-0.43420613703780625,-0.7643393794573438,0.42755443395950765
3141801,-0.43420613703780625,-0.7643393794573438,0.42755443395950765
3143153,-0.43420613703780625,-0.7643393794573438,0.42755443395950765
3144300,-0.43420613703780625,-0.7643393794573438,0.42755443395950765
3144904,-0.43420613703780625,-0.7643393794573438,0.42755443395950765
3145307,-0.43420613703780625,-0.7643393794573438,0.42755443395950765
3145356,-0.43420613703780625,-0.7643393794573438,0.42755443395950765
3146206,-0.43420613703780625,-0.7643393794573438,0.42755443395950765
3146305,-0.43420613703780625,-0.7643393794573438,0.42755443395950765
3146750,-0.43420613703780625,-0.7643393794573438,0.42755443395950765
3148509,-0.43420613703780625,-0.7643393794573438,0.42755443395950765
3148707,-0.43420613703780625,-0.7643393794573438,0.42755443395950765
3150000,-0.43420613703780625,-0.7643393794573438,0.42755443395950765
3152170,-0.43420613703780625,-0.7643393794573438,0.42755443395950765
3152402,-0.43420613703780625,-0.7643393794573438,0.42755443395950765
3153301,-0.43420613703780625,-0.7643393794573438,0.42755443395950765
3155108,-0.43420613703780625,-0.7643393794573438,0.42755443395950765
3156601,-0.43420613703780625,-0.7643393794573438,0.42755443395950765
3157104,-0.43420613703780625,-0.7643393794573438,0.42755443395950765
3157658,-0.43420613703780625,-0.7643393794573438,0.42755443395950765
3158102,-0.43420613703780625,-0.7643393794573438,0.42755443395950765
3160207,-0.43420613703780625,-0.7643393794573438,0.42755443395950765
3160306,-0.43420613703780625,-0.7643393794573438,0.42755443395950765
3163300,-0.43420613703780625,-0.7643393794573438,0.42755443395950765
3165552,-0.43420613703780625,-0.7643393794573438,0.42755443395950765
3165909,-0.43420613703780625,-0.7643393794573438,0.42755443395950765
3166501,-0.43420613703780625,-0.7643393794573438,0.42755443395950765
3166709,-0.43420613703780625,-0.7643393794573438,0.42755443395950765
3167103,-0.43420613703780625,-0.7643393794573438,0.42755443395950765
3168606,-0.43420613703780625,-0.7643393794573438,0.42755443395950765
3169703,-0.43420613703780625,-0.7643393794573438,0.42755443395950765
3170305,-0.43420613703780625,-0.7643393794573438,0.42755443395950765
3171071,-0.43420613703780625,-0.7643393794573438,0.42755443395950765
3171600,-0.43420613703780625,-0.7643393794573438,0.42755443395950765
3101102,-0.1299392035626828,-0.531191195955549,0.6415008212666994
3101805,-0.1299392035626828,-0.531191195955549,0.6415008212666994
3112059,-0.1299392035626828,-0.531191195955549,0.6415008212666994
3112653,-0.1299392035626828,-0.531191195955549,0.6415008212666994
3115706,-0.1299392035626828,-0.531191195955549,0.6415008212666994
3116803,-0.1299392035626828,-0.531191195955549,0.6415008212666994
3118403,-0.1299392035626828,-0.531191195955549,0.6415008212666994
3119203,-0.1299392035626828,-0.531191195955549,0.6415008212666994
3120839,-0.1299392035626828,-0.531191195955549,0.6415008212666994
3122108,-0.1299392035626828,-0.531191195955549,0.6415008212666994
3122207,-0.1299392035626828,-0.531191195955549,0.6415008212666994
3122603,-0.1299392035626828,-0.531191195955549,0.6415008212666994
3123106,-0.1299392035626828,-0.531191195955549,0.6415008212666994
3123700,-0.1299392035626828,-0.531191195955549,0.6415008212666994
3125804,-0.1299392035626828,-0.531191195955549,0.6415008212666994
3126901,-0.1299392035626828,-0.531191195955549,0.6415008212666994
3126950,-0.1299392035626828,-0.531191195955549,0.6415008212666994
3127305,-0.1299392035626828,-0.531191195955549,0.6415008212666994
3127370,-0.1299392035626828,-0.531191195955549,0.6415008212666994
3127503,-0.1299392035626828,-0.531191195955549,0.6415008212666994
3127701,-0.1299392035626828,-0.531191195955549,0.6415008212666994
3128006,-0.1299392035626828,-0.531191195955549,0.6415008212666994
3131802,-0.1299392035626828,-0.531191195955549,0.6415008212666994
3133204,-0.1299392035626828,-0.531191195955549,0.6415008212666994
3134103,-0.1299392035626828,-0.531191195955549,0.6415008212666994
3135076,-0.1299392035626828,-0.531191195955549,0.6415008212666994
3136553,-0.1299392035626828,-0.531191195955549,0.6415008212666994
3139607,-0.1299392035626828,-0.531191195955549,0.6415008212666994
3140100,-0.1299392035626828,-0.531191195955549,0.6415008212666994
3140605,-0.1299392035626828,-0.531191195955549,0.6415008212666994
3141504,-0.1299392035626828,-0.531191195955549,0.6415008212666994
3144201,-0.1299392035626828,-0.531191195955549,0.6415008212666994
3144672,-0.1299392035626828,-0.531191195955549,0.6415008212666994
3148400,-0.1299392035626828,-0.531191195955549,0.6415008212666994
3148608,-0.1299392035626828,-0.531191195955549,0.6415008212666994
3154309,-0.1299392035626828,-0.531191195955549,0.6415008212666994
3156007,-0.1299392035626828,-0.531191195955549,0.6415008212666994
3156809,-0.1299392035626828,-0.531191195955549,0.6415008212666994
3157500,-0.1299392035626828,-0.531191195955549,0.6415008212666994
3158201,-0.1299392035626828,-0.531191195955549,0.6415008212666994
3159506,-0.1299392035626828,-0.531191195955549,0.6415008212666994
3161056,-0.1299392035626828,-0.531191195955549,0.6415008212666994
3161601,-0.1299392035626828,-0.531191195955549,0.6415008212666994
3161650,-0.1299392035626828,-0.531191195955549,0.6415008212666994
3162575,-0.1299392035626828,-0.531191195955549,0.6415008212666994
3162807,-0.1299392035626828,-0.531191195955549,0.6415008212666994
3163003,-0.1299392035626828,-0.531191195955549,0.6415008212666994
3163508,-0.1299392035626828,-0.531191195955549,0.6415008212666994
3164100,-0.1299392035626828,-0.531191195955549,0.6415008212666994
3164506,-0.1299392035626828,-0.531191195955549,0.6415008212666994
3165503,-0.1299392035626828,-0.531191195955549,0.6415008212666994
3166105,-0.1299392035626828,-0.531191195955549,0.6415008212666994
3167707,-0.1299392035626828,-0.531191195955549,0.6415008212666994
3168408,-0.1299392035626828,-0.531191195955549,0.6415008212666994
3169505,-0.1299392035626828,-0.531191195955549,0.6415008212666994
3171501,-0.1299392035626828,-0.531191195955549,0.6415008212666994
3171808,-0.1299392035626828,-0.531191195955549,0.6415008212666994
3171907,-0.1299392035626828,-0.531191195955549,0.6415008212666994
3100500,-0.49511339235705926,-0.3169306582091125,0.19714817084422254
3102209,-0.49511339235705926,-0.3169306582091125,0.19714817084422254
3103009,-0.49511339235705926,-0.3169306582091125,0.19714817084422254
3106002,-0.49511339235705926,-0.3169306582091125,0.19714817084422254
3106309,-0.49511339235705926,-0.3169306582091125,0.19714817084422254
3107802,-0.49511339235705926,-0.3169306582091125,0.19714817084422254
3108800,-0.49511339235705926,-0.3169306582091125,0.19714817084422254
3109253,-0.49511339235705926,-0.3169306582091125,0.19714817084422254
3113404,-0.49511339235705926,-0.3169306582091125,0.19714817084422254
3119401,-0.49511339235705926,-0.3169306582091125,0.19714817084422254
3120003,-0.49511339235705926,-0.3169306582091125,0.19714817084422254
3121803,-0.49511339235705926,-0.3169306582091125,0.19714817084422254
3122504,-0.49511339235705926,-0.3169306582091125,0.19714817084422254
3123858,-0.49511339235705926,-0.3169306582091125,0.19714817084422254
3129301,-0.49511339235705926,-0.3169306582091125,0.19714817084422254
3130556,-0.49511339235705926,-0.3169306582091125,0.19714817084422254
3130903,-0.49511339235705926,-0.3169306582091125,0.19714817084422254
3131158,-0.49511339235705926,-0.3169306582091125,0.19714817084422254
3131307,-0.49511339235705926,-0.3169306582091125,0.19714817084422254
3135001,-0.49511339235705926,-0.3169306582091125,0.19714817084422254
3136108,-0.49511339235705926,-0.3169306582091125,0.19714817084422254
3136207,-0.49511339235705926,-0.3169306582091125,0.19714817084422254
3140308,-0.49511339235705926,-0.3169306582091125,0.19714817084422254
3141702,-0.49511339235705926,-0.3169306582091125,0.19714817084422254
3144359,-0.49511339235705926,-0.3169306582091125,0.19714817084422254
3144706,-0.49511339235705926,-0.3169306582091125,0.19714817084422254
3149952,-0.49511339235705926,-0.3169306582091125,0.19714817084422254
3150158,-0.49511339235705926,-0.3169306582091125,0.19714817084422254
3150539,-0.49511339235705926,-0.3169306582091125,0.19714817084422254
3154002,-0.49511339235705926,-0.3169306582091125,0.19714817084422254
3155702,-0.49511339235705926,-0.3169306582091125,0.19714817084422254
3157252,-0.49511339235705926,-0.3169306582091125,0.19714817084422254
3158953,-0.49511339235705926,-0.3169306582091125,0.19714817084422254
3159357,-0.49511339235705926,-0.3169306582091125,0.19714817084422254
3160959,-0.49511339235705926,-0.3169306582091125,0.19714817084422254
3161007,-0.49511339235705926,-0.3169306582091125,0.19714817084422254
3161908,-0.49511339235705926,-0.3169306582091125,0.19714817084422254
3162609,-0.49511339235705926,-0.3169306582091125,0.19714817084422254
3163409,-0.49511339235705926,-0.3169306582091125,0.19714817084422254
3164472,-0.49511339235705926,-0.3169306582091125,0.19714817084422254
3168705,-0.49511339235705926,-0.3169306582091125,0.19714817084422254
3170057,-0.49511339235705926,-0.3169306582091125,0.19714817084422254
3170578,-0.49511339235705926,-0.3169306582091125,0.19714817084422254
3171154,-0.49511339235705926,-0.3169306582091125,0.19714817084422254
3100302,-0.26613362262761986,-0.4773589461757424,-0.17156715390947
3100401,-0.26613362262761986,-0.4773589461757424,-0.17156715390947
3101508,-0.26613362262761986,-0.4773589461757424,-0.17156715390947
3102050,-0.26613362262761986,-0.4773589461757424,-0.17156715390947
3102308,-0.26613362262761986,-0.4773589461757424,-0.17156715390947
3102506,-0.26613362262761986,-0.4773589461757424,-0.17156715390947
3102803,-0.26613362262761986,-0.4773589461757424,-0.17156715390947
3103108,-0.26613362262761986,-0.4773589461757424,-0.17156715390947
3103306,-0.26613362262761986,-0.4773589461757424,-0.17156715390947
3103603,-0.26613362262761986,-0.4773589461757424,-0.17156715390947
3103702,-0.26613362262761986,-0.4773589461757424,-0.17156715390947
3104403,-0.26613362262761986,-0.4773589461757424,-0.17156715390947
3104601,-0.26613362262761986,-0.4773589461757424,-0.17156715390947
3105509,-0.26613362262761986,-0.4773589461757424,-0.17156715390947
3105707,-0.26613362262761986,-0.4773589461757424,-0.17156715390947
3106101,-0.26613362262761986,-0.4773589461757424,-0.17156715390947
3106804,-0.26613362262761986,-0.4773589461757424,-0.17156715390947
3106903,-0.26613362262761986,-0.4773589461757424,-0.17156715390947
3107208,-0.26613362262761986,-0.4773589461757424,-0.17156715390947
3107505,-0.26613362262761986,-0.4773589461757424,-0.17156715390947
3108701,-0.26613362262761986,-0.4773589461757424,-0.17156715390947
3110103,-0.26613362262761986,-0.4773589461757424,-0.17156715390947
3110202,-0.26613362262761986,-0.4773589461757424,-0.17156715390947
3111705,-0.26613362262761986,-0.4773589461757424,-0.17156715390947
3112109,-0.26613362262761986,-0.4773589461757424,-0.17156715390947
3112901,-0.26613362262761986,-0.4773589461757424,-0.17156715390947
3113305,-0.26613362262761986,-0.4773589461757424,-0.17156715390947
3115300,-0.26613362262761986,-0.4773589461757424,-0.17156715390947
3115904,-0.26613362262761986,-0.4773589461757424,-0.17156715390947
3116001,-0.26613362262761986,-0.4773589461757424,-0.17156715390947
3116209,-0.26613362262761986,-0.4773589461757424,-0.17156715390947
3116704,-0.26613362262761986,-0.4773589461757424,-0.17156715390947
3117405,-0.26613362262761986,-0.4773589461757424,-0.17156715390947
3119609,-0.26613362262761986,-0.4773589461757424,-0.17156715390947
3121308,-0.26613362262761986,-0.4773589461757424,-0.17156715390947
3121704,-0.26613362262761986,-0.4773589461757424,-0.17156715390947
3121902,-0.26613362262761986,-0.4773589461757424,-0.17156715390947
3122009,-0.26613362262761986,-0.4773589461757424,-0.17156715390947
3122702,-0.26613362262761986,-0.4773589461757424,-0.17156715390947
3122900,-0.26613362262761986,-0.4773589461757424,-0.17156715390947
3123304,-0.26613362262761986,-0.4773589461757424,-0.17156715390947
3123528,-0.26613362262761986,-0.4773589461757424,-0.17156715390947
3124005,-0.26613362262761986,-0.4773589461757424,-0.17156715390947
3124203,-0.26613362262761986,-0.4773589461757424,-0.17156715390947
3124609,-0.26613362262761986,-0.4773589461757424,-0.17156715390947
3124906,-0.26613362262761986,-0.4773589461757424,-0.17156715390947
3125002,-0.26613362262761986,-0.4773589461757424,-0.17156715390947
3125309,-0.26613362262761986,-0.4773589461757424,-0.17156715390947
3125952,-0.26613362262761986,-0.4773589461757424,-0.17156715390947
3127388,-0.26613362262761986,-0.4773589461757424,-0.17156715390947
3128204,-0.26613362262761986,-0.4773589461757424,-0.17156715390947
3128402,-0.26613362262761986,-0.4773589461757424,-0.17156715390947
3128501,-0.26613362262761986,-0.4773589461757424,-0.17156715390947
3128808,-0.26613362262761986,-0.4773589461757424,-0.17156715390947
3129004,-0.26613362262761986,-0.4773589461757424,-0.17156715390947
3131208,-0.26613362262761986,-0.4773589461757424,-0.17156715390947
3132602,-0.26613362262761986,-0.4773589461757424,-0.17156715390947
3135506,-0.26613362262761986,-0.4773589461757424,-0.17156715390947
3136702,-0.26613362262761986,-0.4773589461757424,-0.17156715390947
3137700,-0.26613362262761986,-0.4773589461757424,-0.17156715390947
3138005,-0.26613362262761986,-0.4773589461757424,-0.17156715390947
3138401,-0.26613362262761986,-0.4773589461757424,-0.17156715390947
3138500,-0.26613362262761986,-0.4773589461757424,-0.17156715390947
3138609,-0.26613362262761986,-0.4773589461757424,-0.17156715390947
3138674,-0.26613362262761986,-0.4773589461757424,-0.17156715390947
3139409,-0.26613362262761986,-0.4773589461757424,-0.17156715390947
3139508,-0.26613362262761986,-0.4773589461757424,-0.17156715390947
3139805,-0.26613362262761986,-0.4773589461757424,-0.17156715390947
3140209,-0.26613362262761986,-0.4773589461757424,-0.17156715390947
3140530,-0.26613362262761986,-0.4773589461757424,-0.17156715390947
3140803,-0.26613362262761986,-0.4773589461757424,-0.17156715390947
3140902,-0.26613362262761986,-0.4773589461757424,-0.17156715390947
3141603,-0.26613362262761986,-0.4773589461757424,-0.17156715390947
3142106,-0.26613362262761986,-0.4773589461757424,-0.17156715390947
3142205,-0.26613362262761986,-0.4773589461757424,-0.17156715390947
3143906,-0.26613362262761986,-0.4773589461757424,-0.17156715390947
3144003,-0.26613362262761986,-0.4773589461757424,-0.17156715390947
3145406,-0.26613362262761986,-0.4773589461757424,-0.17156715390947
3145703,-0.26613362262761986,-0.4773589461757424,-0.17156715390947
3145851,-0.26613362262761986,-0.4773589461757424,-0.17156715390947
3145877,-0.26613362262761986,-0.4773589461757424,-0.17156715390947
3146602,-0.26613362262761986,-0.4773589461757424,-0.17156715390947
3146701,-0.26613362262761986,-0.4773589461757424,-0.17156715390947
3147808,-0.26613362262761986,-0.4773589461757424,-0.17156715390947
3148202,-0.26613362262761986,-0.4773589461757424,-0.17156715390947
3148301,-0.26613362262761986,-0.4773589461757424,-0.17156715390947
3148756,-0.26613362262761986,-0.4773589461757424,-0.17156715390947
3148806,-0.26613362262761986,-0.4773589461757424,-0.17156715390947
3149002,-0.26613362262761986,-0.4773589461757424,-0.17156715390947
3149408,-0.26613362262761986,-0.4773589461757424,-0.17156715390947
3149507,-0.26613362262761986,-0.4773589461757424,-0.17156715390947
3150109,-0.26613362262761986,-0.4773589461757424,-0.17156715390947
3150208,-0.26613362262761986,-0.4773589461757424,-0.17156715390947
3151107,-0.26613362262761986,-0.4773589461757424,-0.17156715390947
3151305,-0.26613362262761986,-0.4773589461757424,-0.17156715390947
3151909,-0.26613362262761986,-0.4773589461757424,-0.17156715390947
3152105,-0.26613362262761986,-0.4773589461757424,-0.17156715390947
3152303,-0.26613362262761986,-0.4773589461757424,-0.17156715390947
3153103,-0.26613362262761986,-0.4773589461757424,-0.17156715390947
3153509,-0.26613362262761986,-0.4773589461757424,-0.17156715390947
3154101,-0.26613362262761986,-0.4773589461757424,-0.17156715390947
3154150,-0.26613362262761986,-0.4773589461757424,-0.17156715390947
3154903,-0.26613362262761986,-0.4773589461757424,-0.17156715390947
3155009,-0.26613362262761986,-0.4773589461757424,-0.17156715390947
3155405,-0.26613362262761986,-0.4773589461757424,-0.17156715390947
3155801,-0.26613362262761986,-0.4773589461757424,-0.17156715390947
3155900,-0.26613362262761986,-0.4773589461757424,-0.17156715390947
3156205,-0.26613362262761986,-0.4773589461757424,-0.17156715390947
3156304,-0.26613362262761986,-0.4773589461757424,-0.17156715390947
3156452,-0.26613362262761986,-0.4773589461757424,-0.17156715390947
3157278,-0.26613362262761986,-0.4773589461757424,-0.17156715390947
3157401,-0.26613362262761986,-0.4773589461757424,-0.17156715390947
3157906,-0.26613362262761986,-0.4773589461757424,-0.17156715390947
3158409,-0.26613362262761986,-0.4773589461757424,-0.17156715390947
3158607,-0.26613362262761986,-0.4773589461757424,-0.17156715390947
3158904,-0.26613362262761986,-0.4773589461757424,-0.17156715390947
3159308,-0.26613362262761986,-0.4773589461757424,-0.17156715390947
3160009,-0.26613362262761986,-0.4773589461757424,-0.17156715390947
3160108,-0.26613362262761986,-0.4773589461757424,-0.17156715390947
3160702,-0.26613362262761986,-0.4773589461757424,-0.17156715390947
3161403,-0.26613362262761986,-0.4773589461757424,-0.17156715390947
3161502,-0.26613362262761986,-0.4773589461757424,-0.17156715390947
3162559,-0.26613362262761986,-0.4773589461757424,-0.17156715390947
3162906,-0.26613362262761986,-0.4773589461757424,-0.17156715390947
3163607,-0.26613362262761986,-0.4773589461757424,-0.17156715390947
3163805,-0.26613362262761986,-0.4773589461757424,-0.17156715390947
3164001,-0.26613362262761986,-0.4773589461757424,-0.17156715390947
3164431,-0.26613362262761986,-0.4773589461757424,-0.17156715390947
3165560,-0.26613362262761986,-0.4773589461757424,-0.17156715390947
3165602,-0.26613362262761986,-0.4773589461757424,-0.17156715390947
3165701,-0.26613362262761986,-0.4773589461757424,-0.17156715390947
3166303,-0.26613362262761986,-0.4773589461757424,-0.17156715390947
3167301,-0.26613362262761986,-0.4773589461757424,-0.17156715390947
3167509,-0.26613362262761986,-0.4773589461757424,-0.17156715390947
3167608,-0.26613362262761986,-0.4773589461757424,-0.17156715390947
3167905,-0.26613362262761986,-0.4773589461757424,-0.17156715390947
3168051,-0.26613362262761986,-0.4773589461757424,-0.17156715390947
3168507,-0.26613362262761986,-0.4773589461757424,-0.17156715390947
3169000,-0.26613362262761986,-0.4773589461757424,-0.17156715390947
3169208,-0.26613362262761986,-0.4773589461757424,-0.17156715390947
3169901,-0.26613362262761986,-0.4773589461757424,-0.17156715390947
3170503,-0.26613362262761986,-0.4773589461757424,-0.17156715390947
3171303,-0.26613362262761986,-0.4773589461757424,-0.17156715390947
3171402,-0.26613362262761986,-0.4773589461757424,-0.17156715390947
3172004,-0.26613362262761986,-0.4773589461757424,-0.17156715390947
3172103,-0.26613362262761986,-0.4773589461757424,-0.17156715390947
3101631,-0.39051216383562504,-0.6702527910604176,0.5386384193999477
3102100,-0.39051216383562504,-0.6702527910604176,0.5386384193999477
3102902,-0.39051216383562504,-0.6702527910604176,0.5386384193999477
3105608,-0.39051216383562504,-0.6702527910604176,0.5386384193999477
3105905,-0.39051216383562504,-0.6702527910604176,0.5386384193999477
3106408,-0.39051216383562504,-0.6702527910604176,0.5386384193999477
3112208,-0.39051216383562504,-0.6702527910604176,0.5386384193999477
3113107,-0.39051216383562504,-0.6702527910604176,0.5386384193999477
3113206,-0.39051216383562504,-0.6702527910604176,0.5386384193999477
3114907,-0.39051216383562504,-0.6702527910604176,0.5386384193999477
3115201,-0.39051216383562504,-0.6702527910604176,0.5386384193999477
3115409,-0.39051216383562504,-0.6702527910604176,0.5386384193999477
3116308,-0.39051216383562504,-0.6702527910604176,0.5386384193999477
3118007,-0.39051216383562504,-0.6702527910604176,0.5386384193999477
3118304,-0.39051216383562504,-0.6702527910604176,0.5386384193999477
3119708,-0.39051216383562504,-0.6702527910604176,0.5386384193999477
3120409,-0.39051216383562504,-0.6702527910604176,0.5386384193999477
3121407,-0.39051216383562504,-0.6702527910604176,0.5386384193999477
3121506,-0.39051216383562504,-0.6702527910604176,0.5386384193999477
3123007,-0.39051216383562504,-0.6702527910604176,0.5386384193999477
3123908,-0.39051216383562504,-0.6702527910604176,0.5386384193999477
3129400,-0.39051216383562504,-0.6702527910604176,0.5386384193999477
3133907,-0.39051216383562504,-0.6702527910604176,0.5386384193999477
3135407,-0.39051216383562504,-0.6702527910604176,0.5386384193999477
3137403,-0.39051216383562504,-0.6702527910604176,0.5386384193999477
3137908,-0.39051216383562504,-0.6702527910604176,0.5386384193999477
3139102,-0.39051216383562504,-0.6702527910604176,0.5386384193999477
3144508,-0.39051216383562504,-0.6702527910604176,0.5386384193999477
3145901,-0.39051216383562504,-0.6702527910604176,0.5386384193999477
3150307,-0.39051216383562504,-0.6702527910604176,0.5386384193999477
3150802,-0.39051216383562504,-0.6702527910604176,0.5386384193999477
3152709,-0.39051216383562504,-0.6702527910604176,0.5386384193999477
3153806,-0.39051216383562504,-0.6702527910604176,0.5386384193999477
3154200,-0.39051216383562504,-0.6702527910604176,0.5386384193999477
3154408,-0.39051216383562504,-0.6702527910604176,0.5386384193999477
3155207,-0.39051216383562504,-0.6702527910604176,0.5386384193999477
3156106,-0.39051216383562504,-0.6702527910604176,0.5386384193999477
3157302,-0.39051216383562504,-0.6702527910604176,0.5386384193999477
3157336,-0.39051216383562504,-0.6702527910604176,0.5386384193999477
3158706,-0.39051216383562504,-0.6702527910604176,0.5386384193999477
3159100,-0.39051216383562504,-0.6702527910604176,0.5386384193999477
3159407,-0.39051216383562504,-0.6702527910604176,0.5386384193999477
3160900,-0.39051216383562504,-0.6702527910604176,0.5386384193999477
3162500,-0.39051216383562504,-0.6702527910604176,0.5386384193999477
3165008,-0.39051216383562504,-0.6702527910604176,0.5386384193999477
3165305,-0.39051216383562504,-0.6702527910604176,0.5386384193999477
3166006,-0.39051216383562504,-0.6702527910604176,0.5386384193999477
3166204,-0.39051216383562504,-0.6702527910604176,0.5386384193999477
3168804,-0.39051216383562504,-0.6702527910604176,0.5386384193999477
3100807,-0.3904251360312224,-0.6443095396070374,0.21545629454668616
3101607,-0.3904251360312224,-0.6443095396070374,0.21545629454668616
3101904,-0.3904251360312224,-0.6443095396070374,0.21545629454668616
3102001,-0.3904251360312224,-0.6443095396070374,0.21545629454668616
3104106,-0.3904251360312224,-0.6443095396070374,0.21545629454668616
3104304,-0.3904251360312224,-0.6443095396070374,0.21545629454668616
3107109,-0.3904251360312224,-0.6443095396070374,0.21545629454668616
3107604,-0.3904251360312224,-0.6443095396070374,0.21545629454668616
3108008,-0.3904251360312224,-0.6443095396070374,0.21545629454668616
3109501,-0.3904251360312224,-0.6443095396070374,0.21545629454668616
3110707,-0.3904251360312224,-0.6443095396070374,0.21545629454668616
3110905,-0.3904251360312224,-0.6443095396070374,0.21545629454668616
3111200,-0.3904251360312224,-0.6443095396070374,0.21545629454668616
3111309,-0.3904251360312224,-0.6443095396070374,0.21545629454668616
3111606,-0.3904251360312224,-0.6443095396070374,0.21545629454668616
3111903,-0.3904251360312224,-0.6443095396070374,0.21545629454668616
3112000,-0.3904251360312224,-0.6443095396070374,0.21545629454668616
3112406,-0.3904251360312224,-0.6443095396070374,0.21545629454668616
3112802,-0.3904251360312224,-0.6443095396070374,0.21545629454668616
3113909,-0.3904251360312224,-0.6443095396070374,0.21545629454668616
3114402,-0.3904251360312224,-0.6443095396070374,0.21545629454668616
3114600,-0.3904251360312224,-0.6443095396070374,0.21545629454668616
3114709,-0.3904251360312224,-0.6443095396070374,0.21545629454668616
3115102,-0.3904251360312224,-0.6443095396070374,0.21545629454668616
3116407,-0.3904251360312224,-0.6443095396070374,0.21545629454668616
3117108,-0.3904251360312224,-0.6443095396070374,0.21545629454668616
3118700,-0.3904251360312224,-0.6443095396070374,0.21545629454668616
3119005,-0.3904251360312224,-0.6443095396070374,0.21545629454668616
3120201,-0.3904251360312224,-0.6443095396070374,0.21545629454668616
3121209,-0.3904251360312224,-0.6443095396070374,0.21545629454668616
3122405,-0.3904251360312224,-0.6443095396070374,0.21545629454668616
3123403,-0.3904251360312224,-0.6443095396070374,0.21545629454668616
3123601,-0.3904251360312224,-0.6443095396070374,0.21545629454668616
3125200,-0.3904251360312224,-0.6443095396070374,0.21545629454668616
3126307,-0.3904251360312224,-0.6443095396070374,0.21545629454668616
3128105,-0.3904251360312224,-0.6443095396070374,0.21545629454668616
3128303,-0.3904251360312224,-0.6443095396070374,0.21545629454668616
3128709,-0.3904251360312224,-0.6443095396070374,0.21545629454668616
3129707,-0.3904251360312224,-0.6443095396070374,0.21545629454668616
3130002,-0.3904251360312224,-0.6443095396070374,0.21545629454668616
3130408,-0.3904251360312224,-0.6443095396070374,0.21545629454668616
3130507,-0.3904251360312224,-0.6443095396070374,0.21545629454668616
3130804,-0.3904251360312224,-0.6443095396070374,0.21545629454668616
3132909,-0.3904251360312224,-0.6443095396070374,0.21545629454668616
3133758,-0.3904251360312224,-0.6443095396070374,0.21545629454668616
3134301,-0.3904251360312224,-0.6443095396070374,0.21545629454668616
3134509,-0.3904251360312224,-0.6443095396070374,0.21545629454668616
3134806,-0.3904251360312224,-0.6443095396070374,0.21545629454668616
3136900,-0.3904251360312224,-0.6443095396070374,0.21545629454668616
3138203,-0.3904251360312224,-0.6443095396070374,0.21545629454668616
3138708,-0.3904251360312224,-0.6443095396070374,0.21545629454668616
3139003,-0.3904251360312224,-0.6443095396070374,0.21545629454668616
3142601,-0.3904251360312224,-0.6443095396070374,0.21545629454668616
3143005,-0.3904251360312224,-0.6443095396070374,0.21545629454668616
3143203,-0.3904251360312224,-0.6443095396070374,0.21545629454668616
3144102,-0.3904251360312224,-0.6443095396070374,0.21545629454668616
3144607,-0.3904251360312224,-0.6443095396070374,0.21545629454668616
3145109,-0.3904251360312224,-0.6443095396070374,0.21545629454668616
3147204,-0.3904251360312224,-0.6443095396070374,0.21545629454668616
3147907,-0.3904251360312224,-0.6443095396070374,0.21545629454668616
3149903,-0.3904251360312224,-0.6443095396070374,0.21545629454668616
3151503,-0.3904251360312224,-0.6443095396070374,0.21545629454668616
3151701,-0.3904251360312224,-0.6443095396070374,0.21545629454668616
3152907,-0.3904251360312224,-0.6443095396070374,0.21545629454668616
3154705,-0.3904251360312224,-0.6443095396070374,0.21545629454668616
3158300,-0.3904251360312224,-0.6443095396070374,0.21545629454668616
3158805,-0.3904251360312224,-0.6443095396070374,0.21545629454668616
3159902,-0.3904251360312224,-0.6443095396070374,0.21545629454668616
3160801,-0.3904251360312224,-0.6443095396070374,0.21545629454668616
3162005,-0.3904251360312224,-0.6443095396070374,0.21545629454668616
3162203,-0.3904251360312224,-0.6443095396070374,0.21545629454668616
3162948,-0.3904251360312224,-0.6443095396070374,0.21545629454668616
3163904,-0.3904251360312224,-0.6443095396070374,0.21545629454668616
3164308,-0.3904251360312224,-0.6443095396070374,0.21545629454668616
3164704,-0.3904251360312224,-0.6443095396070374,0.21545629454668616
3165107,-0.3904251360312224,-0.6443095396070374,0.21545629454668616
3165206,-0.3904251360312224,-0.6443095396070374,0.21545629454668616
3166907,-0.3904251360312224,-0.6443095396070374,0.21545629454668616
3169307,-0.3904251360312224,-0.6443095396070374,0.21545629454668616
3169406,-0.3904251360312224,-0.6443095396070374,0.21545629454668616
3170602,-0.3904251360312224,-0.6443095396070374,0.21545629454668616
3170701,-0.3904251360312224,-0.6443095396070374,0.21545629454668616
3101201,-0.2832629262794731,-0.6442759052387314,0.27747671723946954
3101300,-0.2832629262794731,-0.6442759052387314,0.27747671723946954
3101409,-0.2832629262794731,-0.6442759052387314,0.27747671723946954
3102605,-0.2832629262794731,-0.6442759052387314,0.27747671723946954
3104908,-0.2832629262794731,-0.6442759052387314,0.27747671723946954
3105301,-0.2832629262794731,-0.6442759052387314,0.27747671723946954
3107901,-0.2832629262794731,-0.6442759052387314,0.27747671723946954
3108305,-0.2832629262794731,-0.6442759052387314,0.27747671723946954
3108404,-0.2832629262794731,-0.6442759052387314,0.27747671723946954
3108909,-0.2832629262794731,-0.6442759052387314,0.27747671723946954
3109105,-0.2832629262794731,-0.6442759052387314,0.27747671723946954
3109709,-0.2832629262794731,-0.6442759052387314,0.27747671723946954
3110301,-0.2832629262794731,-0.6442759052387314,0.27747671723946954
3110509,-0.2832629262794731,-0.6442759052387314,0.27747671723946954
3110608,-0.2832629262794731,-0.6442759052387314,0.27747671723946954
3111002,-0.2832629262794731,-0.6442759052387314,0.27747671723946954
3113602,-0.2832629262794731,-0.6442759052387314,0.27747671723946954
3114105,-0.2832629262794731,-0.6442759052387314,0.27747671723946954
3114808,-0.2832629262794731,-0.6442759052387314,0.27747671723946954
3115508,-0.2832629262794731,-0.6442759052387314,0.27747671723946954
3117207,-0.2832629262794731,-0.6442759052387314,0.27747671723946954
3117702,-0.2832629262794731,-0.6442759052387314,0.27747671723946954
3117801,-0.2832629262794731,-0.6442759052387314,0.27747671723946954
3117900,-0.2832629262794731,-0.6442759052387314,0.27747671723946954
3118502,-0.2832629262794731,-0.6442759052387314,0.27747671723946954
3119906,-0.2832629262794731,-0.6442759052387314,0.27747671723946954
3120508,-0.2832629262794731,-0.6442759052387314,0.27747671723946954
3120805,-0.2832629262794731,-0.6442759052387314,0.27747671723946954
3121100,-0.2832629262794731,-0.6442759052387314,0.27747671723946954
3122801,-0.2832629262794731,-0.6442759052387314,0.27747671723946954
3124401,-0.2832629262794731,-0.6442759052387314,0.27747671723946954
3124500,-0.2832629262794731,-0.6442759052387314,0.27747671723946954
3125101,-0.2832629262794731,-0.6442759052387314,0.27747671723946954
3127404,-0.2832629262794731,-0.6442759052387314,0.27747671723946954
3129202,-0.2832629262794731,-0.6442759052387314,0.27747671723946954
3129905,-0.2832629262794731,-0.6442759052387314,0.27747671723946954
3130606,-0.2832629262794731,-0.6442759052387314,0.27747671723946954
3131505,-0.2832629262794731,-0.6442759052387314,0.27747671723946954
3132404,-0.2832629262794731,-0.6442759052387314,0.27747671723946954
3133006,-0.2832629262794731,-0.6442759052387314,0.27747671723946954
3133105,-0.2832629262794731,-0.6442759052387314,0.27747671723946954
3133600,-0.2832629262794731,-0.6442759052387314,0.27747671723946954
3134905,-0.2832629262794731,-0.6442759052387314,0.27747671723946954
3135902,-0.2832629262794731,-0.6442759052387314,0.27747671723946954
3137809,-0.2832629262794731,-0.6442759052387314,0.27747671723946954
3139904,-0.2832629262794731,-0.6442759052387314,0.27747671723946954
3140407,-0.2832629262794731,-0.6442759052387314,0.27747671723946954
3141900,-0.2832629262794731,-0.6442759052387314,0.27747671723946954
3143401,-0.2832629262794731,-0.6442759052387314,0.27747671723946954
3143807,-0.2832629262794731,-0.6442759052387314,0.27747671723946954
3144409,-0.2832629262794731,-0.6442759052387314,0.27747671723946954
3145505,-0.2832629262794731,-0.6442759052387314,0.27747671723946954
3146008,-0.2832629262794731,-0.6442759052387314,0.27747671723946954
3147303,-0.2832629262794731,-0.6442759052387314,0.27747671723946954
3147600,-0.2832629262794731,-0.6442759052387314,0.27747671723946954
3149101,-0.2832629262794731,-0.6442759052387314,0.27747671723946954
3150901,-0.2832629262794731,-0.6442759052387314,0.27747671723946954
3151008,-0.2832629262794731,-0.6442759052387314,0.27747671723946954
3151800,-0.2832629262794731,-0.6442759052387314,0.27747671723946954
3152501,-0.2832629262794731,-0.6442759052387314,0.27747671723946954
3152600,-0.2832629262794731,-0.6442759052387314,0.27747671723946954
3159209,-0.2832629262794731,-0.6442759052387314,0.27747671723946954
3159605,-0.2832629262794731,-0.6442759052387314,0.27747671723946954
3162302,-0.2832629262794731,-0.6442759052387314,0.27747671723946954
3163201,-0.2832629262794731,-0.6442759052387314,0.27747671723946954
3163706,-0.2832629262794731,-0.6442759052387314,0.27747671723946954
3164407,-0.2832629262794731,-0.6442759052387314,0.27747671723946954
3164902,-0.2832629262794731,-0.6442759052387314,0.27747671723946954
3165404,-0.2832629262794731,-0.6442759052387314,0.27747671723946954
3165578,-0.2832629262794731,-0.6442759052387314,0.27747671723946954
3165800,-0.2832629262794731,-0.6442759052387314,0.27747671723946954
3166402,-0.2832629262794731,-0.6442759052387314,0.27747671723946954
3167004,-0.2832629262794731,-0.6442759052387314,0.27747671723946954
3167400,-0.2832629262794731,-0.6442759052387314,0.27747671723946954
3167806,-0.2832629262794731,-0.6442759052387314,0.27747671723946954
3169059,-0.2832629262794731,-0.6442759052387314,0.27747671723946954
3169109,-0.2832629262794731,-0.6442759052387314,0.27747671723946954
3169802,-0.2832629262794731,-0.6442759052387314,0.27747671723946954
3171709,-0.2832629262794731,-0.6442759052387314,0.27747671723946954
3172202,-0.2832629262794731,-0.6442759052387314,0.27747671723946954
3100708,-0.4346449697287549,-0.6100379922754134,-0.214480510372086
3104007,-0.4346449697287549,-0.6100379922754134,-0.214480510372086
3111408,-0.4346449697287549,-0.6100379922754134,-0.214480510372086
3111507,-0.4346449697287549,-0.6100379922754134,-0.214480510372086
3114550,-0.4346449697287549,-0.6100379922754134,-0.214480510372086
3116902,-0.4346449697287549,-0.6100379922754134,-0.214480510372086
3117306,-0.4346449697287549,-0.6100379922754134,-0.214480510372086
3118205,-0.4346449697287549,-0.6100379922754134,-0.214480510372086
3121258,-0.4346449697287549,-0.6100379922754134,-0.214480510372086
3127008,-0.4346449697287549,-0.6100379922754134,-0.214480510372086
3127107,-0.4346449697287549,-0.6100379922754134,-0.214480510372086
3129509,-0.4346449697287549,-0.6100379922754134,-0.214480510372086
3133402,-0.4346449697287549,-0.6100379922754134,-0.214480510372086
3134400,-0.4346449697287549,-0.6100379922754134,-0.214480510372086
3138625,-0.4346449697287549,-0.6100379922754134,-0.214480510372086
3145000,-0.4346449697287549,-0.6100379922754134,-0.214480510372086
3149200,-0.4346449697287549,-0.6100379922754134,-0.214480510372086
3149804,-0.4346449697287549,-0.6100379922754134,-0.214480510372086
3150703,-0.4346449697287549,-0.6100379922754134,-0.214480510372086
3151602,-0.4346449697287549,-0.6100379922754134,-0.214480510372086
3153004,-0.4346449697287549,-0.6100379922754134,-0.214480510372086
3156908,-0.4346449697287549,-0.6100379922754134,-0.214480510372086
3157708,-0.4346449697287549,-0.6100379922754134,-0.214480510372086
3159704,-0.4346449697287549,-0.6100379922754134,-0.214480510372086
3161304,-0.4346449697287549,-0.6100379922754134,-0.214480510372086
3168101,-0.4346449697287549,-0.6100379922754134,-0.214480510372086
3170107,-0.4346449697287549,-0.6100379922754134,-0.214480510372086
3170438,-0.4346449697287549,-0.6100379922754134,-0.214480510372086
3171105,-0.4346449697287549,-0.6100379922754134,-0.214480510372086
3100104,-0.3387374986086937,-0.6026784686651975,-0.11772751504838452
3103504,-0.3387374986086937,-0.6026784686651975,-0.11772751504838452
3103751,-0.3387374986086937,-0.6026784686651975,-0.11772751504838452
3109808,-0.3387374986086937,-0.6026784686651975,-0.11772751504838452
3111101,-0.3387374986086937,-0.6026784686651975,-0.11772751504838452
3111804,-0.3387374986086937,-0.6026784686651975,-0.11772751504838452
3112604,-0.3387374986086937,-0.6026784686651975,-0.11772751504838452
3115003,-0.3387374986086937,-0.6026784686651975,-0.11772751504838452
3115805,-0.3387374986086937,-0.6026784686651975,-0.11772751504838452
3123502,-0.3387374986086937,-0.6026784686651975,-0.11772751504838452
3124807,-0.3387374986086937,-0.6026784686651975,-0.11772751504838452
3127909,-0.3387374986086937,-0.6026784686651975,-0.11772751504838452
3129103,-0.3387374986086937,-0.6026784686651975,-0.11772751504838452
3130705,-0.3387374986086937,-0.6026784686651975,-0.11772751504838452
3131406,-0.3387374986086937,-0.6026784686651975,-0.11772751504838452
3131604,-0.3387374986086937,-0.6026784686651975,-0.11772751504838452
3134202,-0.3387374986086937,-0.6026784686651975,-0.11772751504838452
3142809,-0.3387374986086937,-0.6026784686651975,-0.11772751504838452
3143104,-0.3387374986086937,-0.6026784686651975,-0.11772751504838452
3152808,-0.3387374986086937,-0.6026784686651975,-0.11772751504838452
3156403,-0.3387374986086937,-0.6026784686651975,-0.11772751504838452
3159803,-0.3387374986086937,-0.6026784686651975,-0.11772751504838452
3169604,-0.3387374986086937,-0.6026784686651975,-0.11772751504838452
3170206,-0.3387374986086937,-0.6026784686651975,-0.11772751504838452
3103801,-0.08687226871644062,-0.6084368992479579,-0.05643683108295317
3104502,-0.08687226871644062,-0.6084368992479579,-0.05643683108295317
3108206,-0.08687226871644062,-0.6084368992479579,-0.05643683108295317
3108552,-0.08687226871644062,-0.6084368992479579,-0.05643683108295317
3109303,-0.08687226871644062,-0.6084368992479579,-0.05643683108295317
3109451,-0.08687226871644062,-0.6084368992479579,-0.05643683108295317
3114303,-0.08687226871644062,-0.6084368992479579,-0.05643683108295317
3119302,-0.08687226871644062,-0.6084368992479579,-0.05643683108295317
3120706,-0.08687226871644062,-0.6084368992479579,-0.05643683108295317
3122470,-0.08687226871644062,-0.6084368992479579,-0.05643683108295317
3126208,-0.08687226871644062,-0.6084368992479579,-0.05643683108295317
3128600,-0.08687226871644062,-0.6084368992479579,-0.05643683108295317
3128907,-0.08687226871644062,-0.6084368992479579,-0.05643683108295317
3136306,-0.08687226871644062,-0.6084368992479579,-0.05643683108295317
3137106,-0.08687226871644062,-0.6084368992479579,-0.05643683108295317
3137502,-0.08687226871644062,-0.6084368992479579,-0.05643683108295317
3137536,-0.08687226871644062,-0.6084368992479579,-0.05643683108295317
3141207,-0.08687226871644062,-0.6084368992479579,-0.05643683108295317
3144375,-0.08687226871644062,-0.6084368992479579,-0.05643683108295317
3147006,-0.08687226871644062,-0.6084368992479579,-0.05643683108295317
3148004,-0.08687226871644062,-0.6084368992479579,-0.05643683108295317
3148103,-0.08687226871644062,-0.6084368992479579,-0.05643683108295317
3153400,-0.08687226871644062,-0.6084368992479579,-0.05643683108295317
3154457,-0.08687226871644062,-0.6084368992479579,-0.05643683108295317
3155504,-0.08687226871644062,-0.6084368992479579,-0.05643683108295317
3161700,-0.08687226871644062,-0.6084368992479579,-0.05643683108295317
3162104,-0.08687226871644062,-0.6084368992479579,-0.05643683108295317
3166808,-0.08687226871644062,-0.6084368992479579,-0.05643683108295317
3168903,-0.08687226871644062,-0.6084368992479579,-0.05643683108295317
3170404,-0.08687226871644062,-0.6084368992479579,-0.05643683108295317
3170479,-0.08687226871644062,-0.6084368992479579,-0.05643683108295317
3170529,-0.08687226871644062,-0.6084368992479579,-0.05643683108295317
3170750,-0.08687226871644062,-0.6084368992479579,-0.05643683108295317
3171006,-0.08687226871644062,-0.6084368992479579,-0.05643683108295317
3100203,-0.3286469497664468,-0.6718723460765783,0.31220299491534825
3103900,-0.3286469497664468,-0.6718723460765783,0.31220299491534825
3104205,-0.3286469497664468,-0.6718723460765783,0.31220299491534825
3105103,-0.3286469497664468,-0.6718723460765783,0.31220299491534825
3107000,-0.3286469497664468,-0.6718723460765783,0.31220299491534825
3107406,-0.3286469497664468,-0.6718723460765783,0.31220299491534825
3108107,-0.3286469497664468,-0.6718723460765783,0.31220299491534825
3110400,-0.3286469497664468,-0.6718723460765783,0.31220299491534825
3114006,-0.3286469497664468,-0.6718723460765783,0.31220299491534825
3114204,-0.3286469497664468,-0.6718723460765783,0.31220299491534825
3114501,-0.3286469497664468,-0.6718723460765783,0.31220299491534825
3115607,-0.3286469497664468,-0.6718723460765783,0.31220299491534825
3116605,-0.3286469497664468,-0.6718723460765783,0.31220299491534825
3117603,-0.3286469497664468,-0.6718723460765783,0.31220299491534825
3119807,-0.3286469497664468,-0.6718723460765783,0.31220299491534825
3119955,-0.3286469497664468,-0.6718723460765783,0.31220299491534825
3120607,-0.3286469497664468,-0.6718723460765783,0.31220299491534825
3122306,-0.3286469497664468,-0.6718723460765783,0.31220299491534825
3123205,-0.3286469497664468,-0.6718723460765783,0.31220299491534825
3124708,-0.3286469497664468,-0.6718723460765783,0.31220299491534825
3126109,-0.3286469497664468,-0.6718723460765783,0.31220299491534825
3130200,-0.3286469497664468,-0.6718723460765783,0.31220299491534825
3130309,-0.3286469497664468,-0.6718723460765783,0.31220299491534825
3132206,-0.3286469497664468,-0.6718723460765783,0.31220299491534825
3133501,-0.3286469497664468,-0.6718723460765783,0.31220299491534825
3133709,-0.3286469497664468,-0.6718723460765783,0.31220299491534825
3133808,-0.3286469497664468,-0.6718723460765783,0.31220299491534825
3135308,-0.3286469497664468,-0.6718723460765783,0.31220299491534825
3137205,-0.3286469497664468,-0.6718723460765783,0.31220299491534825
3138302,-0.3286469497664468,-0.6718723460765783,0.31220299491534825
3138807,-0.3286469497664468,-0.6718723460765783,0.31220299491534825
3139706,-0.3286469497664468,-0.6718723460765783,0.31220299491534825
3140506,-0.3286469497664468,-0.6718723460765783,0.31220299491534825
3141306,-0.3286469497664468,-0.6718723460765783,0.31220299491534825
3142403,-0.3286469497664468,-0.6718723460765783,0.31220299491534825
3143500,-0.3286469497664468,-0.6718723460765783,0.31220299491534825
3145208,-0.3286469497664468,-0.6718723460765783,0.31220299491534825
3145604,-0.3286469497664468,-0.6718723460765783,0.31220299491534825
3145802,-0.3286469497664468,-0.6718723460765783,0.31220299491534825
3146404,-0.3286469497664468,-0.6718723460765783,0.31220299491534825
3146503,-0.3286469497664468,-0.6718723460765783,0.31220299491534825
3146909,-0.3286469497664468,-0.6718723460765783,0.31220299491534825
3147105,-0.3286469497664468,-0.6718723460765783,0.31220299491534825
3147709,-0.3286469497664468,-0.6718723460765783,0.31220299491534825
3148905,-0.3286469497664468,-0.6718723460765783,0.31220299491534825
3149606,-0.3286469497664468,-0.6718723460765783,0.31220299491534825
3149705,-0.3286469497664468,-0.6718723460765783,0.31220299491534825
3150406,-0.3286469497664468,-0.6718723460765783,0.31220299491534825
3150505,-0.3286469497664468,-0.6718723460765783,0.31220299491534825
3150604,-0.3286469497664468,-0.6718723460765783,0.31220299491534825
3151404,-0.3286469497664468,-0.6718723460765783,0.31220299491534825
3152006,-0.3286469497664468,-0.6718723460765783,0.31220299491534825
3153707,-0.3286469497664468,-0.6718723460765783,0.31220299491534825
3155306,-0.3286469497664468,-0.6718723460765783,0.31220299491534825
3160405,-0.3286469497664468,-0.6718723460765783,0.31220299491534825
3161205,-0.3286469497664468,-0.6718723460765783,0.31220299491534825
3161809,-0.3286469497664468,-0.6718723460765783,0.31220299491534825
3163102,-0.3286469497664468,-0.6718723460765783,0.31220299491534825
3164605,-0.3286469497664468,-0.6718723460765783,0.31220299491534825
3166600,-0.3286469497664468,-0.6718723460765783,0.31220299491534825
3168200,-0.3286469497664468,-0.6718723460765783,0.31220299491534825
3200102,-0.05647722277047593,1.102801848622843,0.2437650894619835
3200300,-0.05647722277047593,1.102801848622843,0.2437650894619835
3200409,-0.05647722277047593,1.102801848622843,0.2437650894619835
3201159,-0.05647722277047593,1.102801848622843,0.2437650894619835
3201308,-0.05647722277047593,1.102801848622843,0.2437650894619835
3201704,-0.05647722277047593,1.102801848622843,0.2437650894619835
3201902,-0.05647722277047593,1.102801848622843,0.2437650894619835
3202207,-0.05647722277047593,1.102801848622843,0.2437650894619835
3202405,-0.05647722277047593,1.102801848622843,0.2437650894619835
3202900,-0.05647722277047593,1.102801848622843,0.2437650894619835
3203163,-0.05647722277047593,1.102801848622843,0.2437650894619835
3203346,-0.05647722277047593,1.102801848622843,0.2437650894619835
3204203,-0.05647722277047593,1.102801848622843,0.2437650894619835
3204500,-0.05647722277047593,1.102801848622843,0.2437650894619835
3204559,-0.05647722277047593,1.102801848622843,0.2437650894619835
3204609,-0.05647722277047593,1.102801848622843,0.2437650894619835
3205002,-0.05647722277047593,1.102801848622843,0.2437650894619835
3205069,-0.05647722277047593,1.102801848622843,0.2437650894619835
3205101,-0.05647722277047593,1.102801848622843,0.2437650894619835
3205200,-0.05647722277047593,1.102801848622843,0.2437650894619835
3205309,-0.05647722277047593,1.102801848622843,0.2437650894619835
3200607,-0.43909908319332863,-0.43542570134934916,1.1801334541092072
3201001,-0.43909908319332863,-0.43542570134934916,1.1801334541092072
3201605,-0.43909908319332863,-0.43542570134934916,1.1801334541092072
3202504,-0.43909908319332863,-0.43542570134934916,1.1801334541092072
3203056,-0.43909908319332863,-0.43542570134934916,1.1801334541092072
3203130,-0.43909908319332863,-0.43542570134934916,1.1801334541092072
3203205,-0.43909908319332863,-0.43542570134934916,1.1801334541092072
3203502,-0.43909908319332863,-0.43542570134934916,1.1801334541092072
3203601,-0.43909908319332863,-0.43542570134934916,1.1801334541092072
3204054,-0.43909908319332863,-0.43542570134934916,1.1801334541092072
3204104,-0.43909908319332863,-0.43542570134934916,1.1801334541092072
3204252,-0.43909908319332863,-0.43542570134934916,1.1801334541092072
3204351,-0.43909908319332863,-0.43542570134934916,1.1801334541092072
3204906,-0.43909908319332863,-0.43542570134934916,1.1801334541092072
3205010,-0.43909908319332863,-0.43542570134934916,1.1801334541092072
3200136,0.9149393427406524,0.9939101528272224,-1.4909320931261765
3200169,0.9149393427406524,0.9939101528272224,-1.4909320931261765
3200359,0.9149393427406524,0.9939101528272224,-1.4909320931261765
3200805,0.9149393427406524,0.9939101528272224,-1.4909320931261765
3200904,0.9149393427406524,0.9939101528272224,-1.4909320931261765
3201506,0.9149393427406524,0.9939101528272224,-1.4909320931261765
3202108,0.9149393427406524,0.9939101528272224,-1.4909320931261765
3202256,0.9149393427406524,0.9939101528272224,-1.4909320931261765
3202702,0.9149393427406524,0.9939101528272224,-1.4909320931261765
3203304,0.9149393427406524,0.9939101528272224,-1.4909320931261765
3203353,0.9149393427406524,0.9939101528272224,-1.4909320931261765
3203908,0.9149393427406524,0.9939101528272224,-1.4909320931261765
3204005,0.9149393427406524,0.9939101528272224,-1.4909320931261765
3204658,0.9149393427406524,0.9939101528272224,-1.4909320931261765
3204708,0.9149393427406524,0.9939101528272224,-1.4909320931261765
3204955,0.9149393427406524,0.9939101528272224,-1.4909320931261765
3205150,0.9149393427406524,0.9939101528272224,-1.4909320931261765
3205176,0.9149393427406524,0.9939101528272224,-1.4909320931261765
3200201,-0.4391622949403126,-0.4353843222796947,1.1801249855167057
3200508,-0.4391622949403126,-0.4353843222796947,1.1801249855167057
3200706,-0.4391622949403126,-0.4353843222796947,1.1801249855167057
3201100,-0.4391622949403126,-0.4353843222796947,1.1801249855167057
3201209,-0.4391622949403126,-0.4353843222796947,1.1801249855167057
3201407,-0.4391622949403126,-0.4353843222796947,1.1801249855167057
3201803,-0.4391622949403126,-0.4353843222796947,1.1801249855167057
3202009,-0.4391622949403126,-0.4353843222796947,1.1801249855167057
3202306,-0.4391622949403126,-0.4353843222796947,1.1801249855167057
3202454,-0.4391622949403126,-0.4353843222796947,1.1801249855167057
3202553,-0.4391622949403126,-0.4353843222796947,1.1801249855167057
3202603,-0.4391622949403126,-0.4353843222796947,1.1801249855167057
3202652,-0.4391622949403126,-0.4353843222796947,1.1801249855167057
3202801,-0.4391622949403126,-0.4353843222796947,1.1801249855167057
3203007,-0.4391622949403126,-0.4353843222796947,1.1801249855167057
3203106,-0.4391622949403126,-0.4353843222796947,1.1801249855167057
3203320,-0.4391622949403126,-0.4353843222796947,1.1801249855167057
3203403,-0.4391622949403126,-0.4353843222796947,1.1801249855167057
3203700,-0.4391622949403126,-0.4353843222796947,1.1801249855167057
3203809,-0.4391622949403126,-0.4353843222796947,1.1801249855167057
3204302,-0.4391622949403126,-0.4353843222796947,1.1801249855167057
3204401,-0.4391622949403126,-0.4353843222796947,1.1801249855167057
3204807,-0.4391622949403126,-0.4353843222796947,1.1801249855167057
3205036,-0.4391622949403126,-0.4353843222796947,1.1801249855167057
3300100,-0.2159586087801491,-0.4187590686738248,-0.47063798196946066
3300456,-0.2159586087801491,-0.4187590686738248,-0.47063798196946066
3300803,-0.2159586087801491,-0.4187590686738248,-0.47063798196946066
3301702,-0.2159586087801491,-0.4187590686738248,-0.47063798196946066
3301850,-0.2159586087801491,-0.4187590686738248,-0.47063798196946066
3301900,-0.2159586087801491,-0.4187590686738248,-0.47063798196946066
3302007,-0.2159586087801491,-0.4187590686738248,-0.47063798196946066
3302270,-0.2159586087801491,-0.4187590686738248,-0.47063798196946066
3302502,-0.2159586087801491,-0.4187590686738248,-0.47063798196946066
3302601,-0.2159586087801491,-0.4187590686738248,-0.47063798196946066
3302700,-0.2159586087801491,-0.4187590686738248,-0.47063798196946066
3302858,-0.2159586087801491,-0.4187590686738248,-0.47063798196946066
3303203,-0.2159586087801491,-0.4187590686738248,-0.47063798196946066
3303302,-0.2159586087801491,-0.4187590686738248,-0.47063798196946066
3303500,-0.2159586087801491,-0.4187590686738248,-0.47063798196946066
3303609,-0.2159586087801491,-0.4187590686738248,-0.47063798196946066
3303807,-0.2159586087801491,-0.4187590686738248,-0.47063798196946066
3304144,-0.2159586087801491,-0.4187590686738248,-0.47063798196946066
3304300,-0.2159586087801491,-0.4187590686738248,-0.47063798196946066
3304557,-0.2159586087801491,-0.4187590686738248,-0.47063798196946066
3304904,-0.2159586087801491,-0.4187590686738248,-0.47063798196946066
3305109,-0.2159586087801491,-0.4187590686738248,-0.47063798196946066
3305505,-0.2159586087801491,-0.4187590686738248,-0.47063798196946066
3305554,-0.2159586087801491,-0.4187590686738248,-0.47063798196946066
3305604,-0.2159586087801491,-0.4187590686738248,-0.47063798196946066
3305752,-0.2159586087801491,-0.4187590686738248,-0.47063798196946066
3300308,0.08207788853222839,-0.31711249079845577,-0.29320260777871116
3300407,0.08207788853222839,-0.31711249079845577,-0.29320260777871116
3301801,0.08207788853222839,-0.31711249079845577,-0.29320260777871116
3302254,0.08207788853222839,-0.31711249079845577,-0.29320260777871116
3302809,0.08207788853222839,-0.31711249079845577,-0.29320260777871116
3302908,0.08207788853222839,-0.31711249079845577,-0.29320260777871116
3303856,0.08207788853222839,-0.31711249079845577,-0.29320260777871116
3303955,0.08207788853222839,-0.31711249079845577,-0.29320260777871116
3304003,0.08207788853222839,-0.31711249079845577,-0.29320260777871116
3304110,0.08207788853222839,-0.31711249079845577,-0.29320260777871116
3304128,0.08207788853222839,-0.31711249079845577,-0.29320260777871116
3304201,0.08207788853222839,-0.31711249079845577,-0.29320260777871116
3304409,0.08207788853222839,-0.31711249079845577,-0.29320260777871116
3304508,0.08207788853222839,-0.31711249079845577,-0.29320260777871116
3306107,0.08207788853222839,-0.31711249079845577,-0.29320260777871116
3306206,0.08207788853222839,-0.31711249079845577,-0.29320260777871116
3306305,0.08207788853222839,-0.31711249079845577,-0.29320260777871116
3300225,0.16470070198004066,-0.25806563462742993,-0.09714045180445581
3300506,0.16470070198004066,-0.25806563462742993,-0.09714045180445581
3300951,0.16470070198004066,-0.25806563462742993,-0.09714045180445581
3301108,0.16470070198004066,-0.25806563462742993,-0.09714045180445581
3301207,0.16470070198004066,-0.25806563462742993,-0.09714045180445581
3301504,0.16470070198004066,-0.25806563462742993,-0.09714045180445581
3301603,0.16470070198004066,-0.25806563462742993,-0.09714045180445581
3302452,0.16470070198004066,-0.25806563462742993,-0.09714045180445581
3303401,0.16470070198004066,-0.25806563462742993,-0.09714045180445581
3303708,0.16470070198004066,-0.25806563462742993,-0.09714045180445581
3303906,0.16470070198004066,-0.25806563462742993,-0.09714045180445581
3304607,0.16470070198004066,-0.25806563462742993,-0.09714045180445581
3305158,0.16470070198004066,-0.25806563462742993,-0.09714045180445581
3305307,0.16470070198004066,-0.25806563462742993,-0.09714045180445581
3305406,0.16470070198004066,-0.25806563462742993,-0.09714045180445581
3305703,0.16470070198004066,-0.25806563462742993,-0.09714045180445581
3305802,0.16470070198004066,-0.25806563462742993,-0.09714045180445581
3305901,0.16470070198004066,-0.25806563462742993,-0.09714045180445581
3306008,0.16470070198004066,-0.25806563462742993,-0.09714045180445581
3300159,0.15917711303251308,-0.4024542287548022,0.2208654371332319
3300605,0.15917711303251308,-0.4024542287548022,0.2208654371332319
3300902,0.15917711303251308,-0.4024542287548022,0.2208654371332319
3301009,0.15917711303251308,-0.4024542287548022,0.2208654371332319
3301157,0.15917711303251308,-0.4024542287548022,0.2208654371332319
3302056,0.15917711303251308,-0.4024542287548022,0.2208654371332319
3302106,0.15917711303251308,-0.4024542287548022,0.2208654371332319
3302205,0.15917711303251308,-0.4024542287548022,0.2208654371332319
3302304,0.15917711303251308,-0.4024542287548022,0.2208654371332319
3303005,0.15917711303251308,-0.4024542287548022,0.2208654371332319
3303104,0.15917711303251308,-0.4024542287548022,0.2208654371332319
3304102,0.15917711303251308,-0.4024542287548022,0.2208654371332319
3304706,0.15917711303251308,-0.4024542287548022,0.2208654371332319
3304755,0.15917711303251308,-0.4024542287548022,0.2208654371332319
3304805,0.15917711303251308,-0.4024542287548022,0.2208654371332319
3305000,0.15917711303251308,-0.4024542287548022,0.2208654371332319
3305133,0.15917711303251308,-0.4024542287548022,0.2208654371332319
3306156,0.15917711303251308,-0.4024542287548022,0.2208654371332319
3300209,0.41396281776232313,0.06347719102425059,-0.7251756278198509
3300233,0.41396281776232313,0.06347719102425059,-0.7251756278198509
3300258,0.41396281776232313,0.06347719102425059,-0.7251756278198509
3300704,0.41396281776232313,0.06347719102425059,-0.7251756278198509
3300936,0.41396281776232313,0.06347719102425059,-0.7251756278198509
3301306,0.41396281776232313,0.06347719102425059,-0.7251756278198509
3301405,0.41396281776232313,0.06347719102425059,-0.7251756278198509
3301876,0.41396281776232313,0.06347719102425059,-0.7251756278198509
3302403,0.41396281776232313,0.06347719102425059,-0.7251756278198509
3304151,0.41396281776232313,0.06347719102425059,-0.7251756278198509
3304524,0.41396281776232313,0.06347719102425059,-0.7251756278198509
3305208,0.41396281776232313,0.06347719102425059,-0.7251756278198509
3503901,0.15983279936347136,-0.48753378798017744,-0.0009501658424991292
3505708,0.15983279936347136,-0.48753378798017744,-0.0009501658424991292
3506359,0.15983279936347136,-0.48753378798017744,-0.0009501658424991292
3506607,0.15983279936347136,-0.48753378798017744,-0.0009501658424991292
3509007,0.15983279936347136,-0.48753378798017744,-0.0009501658424991292
3509205,0.15983279936347136,-0.48753378798017744,-0.0009501658424991292
3510609,0.15983279936347136,-0.48753378798017744,-0.0009501658424991292
3513009,0.15983279936347136,-0.48753378798017744,-0.0009501658424991292
3513504,0.15983279936347136,-0.48753378798017744,-0.0009501658424991292
3513801,0.15983279936347136,-0.48753378798017744,-0.0009501658424991292
3515004,0.15983279936347136,-0.48753378798017744,-0.0009501658424991292
3515103,0.15983279936347136,-0.48753378798017744,-0.0009501658424991292
3515707,0.15983279936347136,-0.48753378798017744,-0.0009501658424991292
3516309,0.15983279936347136,-0.48753378798017744,-0.0009501658424991292
3516408,0.15983279936347136,-0.48753378798017744,-0.0009501658424991292
3518305,0.15983279936347136,-0.48753378798017744,-0.0009501658424991292
3518701,0.15983279936347136,-0.48753378798017744,-0.0009501658424991292
3518800,0.15983279936347136,-0.48753378798017744,-0.0009501658424991292
3522109,0.15983279936347136,-0.48753378798017744,-0.0009501658424991292
3522208,0.15983279936347136,-0.48753378798017744,-0.0009501658424991292
3522505,0.15983279936347136,-0.48753378798017744,-0.0009501658424991292
3523107,0.15983279936347136,-0.48753378798017744,-0.0009501658424991292
3523305,0.15983279936347136,-0.48753378798017744,-0.0009501658424991292
3525003,0.15983279936347136,-0.48753378798017744,-0.0009501658424991292
3526209,0.15983279936347136,-0.48753378798017744,-0.0009501658424991292
3528502,0.15983279936347136,-0.48753378798017744,-0.0009501658424991292
3529401,0.15983279936347136,-0.48753378798017744,-0.0009501658424991292
3530607,0.15983279936347136,-0.48753378798017744,-0.0009501658424991292
3531100,0.15983279936347136,-0.48753378798017744,-0.0009501658424991292
3534401,0.15983279936347136,-0.48753378798017744,-0.0009501658424991292
3537206,0.15983279936347136,-0.48753378798017744,-0.0009501658424991292
3537602,0.15983279936347136,-0.48753378798017744,-0.0009501658424991292
3539103,0.15983279936347136,-0.48753378798017744,-0.0009501658424991292
3539806,0.15983279936347136,-0.48753378798017744,-0.0009501658424991292
3541000,0.15983279936347136,-0.48753378798017744,-0.0009501658424991292
3543303,0.15983279936347136,-0.48753378798017744,-0.0009501658424991292
3544103,0.15983279936347136,-0.48753378798017744,-0.0009501658424991292
3545001,0.15983279936347136,-0.48753378798017744,-0.0009501658424991292
3546801,0.15983279936347136,-0.48753378798017744,-0.0009501658424991292
3547304,0.15983279936347136,-0.48753378798017744,-0.0009501658424991292
3547809,0.15983279936347136,-0.48753378798017744,-0.0009501658424991292
3548500,0.15983279936347136,-0.48753378798017744,-0.0009501658424991292
3548708,0.15983279936347136,-0.48753378798017744,-0.0009501658424991292
3548807,0.15983279936347136,-0.48753378798017744,-0.0009501658424991292
3549953,0.15983279936347136,-0.48753378798017744,-0.0009501658424991292
3550308,0.15983279936347136,-0.48753378798017744,-0.0009501658424991292
3551009,0.15983279936347136,-0.48753378798017744,-0.0009501658424991292
3552502,0.15983279936347136,-0.48753378798017744,-0.0009501658424991292
3552809,0.15983279936347136,-0.48753378798017744,-0.0009501658424991292
3556453,0.15983279936347136,-0.48753378798017744,-0.0009501658424991292
3500550,-0.14562667353102243,-0.34981007085269616,-0.047214670428293366
3500758,-0.14562667353102243,-0.34981007085269616,-0.047214670428293366
3501152,-0.14562667353102243,-0.34981007085269616,-0.047214670428293366
3502200,-0.14562667353102243,-0.34981007085269616,-0.047214670428293366
3502705,-0.14562667353102243,-0.34981007085269616,-0.047214670428293366
3502754,-0.14562667353102243,-0.34981007085269616,-0.047214670428293366
3502903,-0.14562667353102243,-0.34981007085269616,-0.047214670428293366
3503109,-0.14562667353102243,-0.34981007085269616,-0.047214670428293366
3504503,-0.14562667353102243,-0.34981007085269616,-0.047214670428293366
3505005,-0.14562667353102243,-0.34981007085269616,-0.047214670428293366
3505351,-0.14562667353102243,-0.34981007085269616,-0.047214670428293366
3505401,-0.14562667353102243,-0.34981007085269616,-0.047214670428293366
3507001,-0.14562667353102243,-0.34981007085269616,-0.047214670428293366
3507159,-0.14562667353102243,-0.34981007085269616,-0.047214670428293366
3508009,-0.14562667353102243,-0.34981007085269616,-0.047214670428293366
3509254,-0.14562667353102243,-0.34981007085269616,-0.047214670428293366
3509452,-0.14562667353102243,-0.34981007085269616,-0.047214670428293366
3509908,-0.14562667353102243,-0.34981007085269616,-0.047214670428293366
3510203,-0.14562667353102243,-0.34981007085269616,-0.047214670428293366
3510302,-0.14562667353102243,-0.34981007085269616,-0.047214670428293366
3511409,-0.14562667353102243,-0.34981007085269616,-0.047214670428293366
3511508,-0.14562667353102243,-0.34981007085269616,-0.047214670428293366
3511607,-0.14562667353102243,-0.34981007085269616,-0.047214670428293366
3512605,-0.14562667353102243,-0.34981007085269616,-0.047214670428293366
3514809,-0.14562667353102243,-0.34981007085269616,-0.047214670428293366
3517604,-0.14562667353102243,-0.34981007085269616,-0.047214670428293366
3518503,-0.14562667353102243,-0.34981007085269616,-0.047214670428293366
3519253,-0.14562667353102243,-0.34981007085269616,-0.047214670428293366
3519709,-0.14562667353102243,-0.34981007085269616,-0.047214670428293366
3520301,-0.14562667353102243,-0.34981007085269616,-0.047214670428293366
3520426,-0.14562667353102243,-0.34981007085269616,-0.047214670428293366
3521002,-0.14562667353102243,-0.34981007085269616,-0.047214670428293366
3521200,-0.14562667353102243,-0.34981007085269616,-0.047214670428293366
3521705,-0.14562667353102243,-0.34981007085269616,-0.047214670428293366
3521804,-0.14562667353102243,-0.34981007085269616,-0.047214670428293366
3522158,-0.14562667353102243,-0.34981007085269616,-0.047214670428293366
3522307,-0.14562667353102243,-0.34981007085269616,-0.047214670428293366
3522406,-0.14562667353102243,-0.34981007085269616,-0.047214670428293366
3522653,-0.14562667353102243,-0.34981007085269616,-0.047214670428293366
3522802,-0.14562667353102243,-0.34981007085269616,-0.047214670428293366
3523206,-0.14562667353102243,-0.34981007085269616,-0.047214670428293366
3523909,-0.14562667353102243,-0.34981007085269616,-0.047214670428293366
3524600,-0.14562667353102243,-0.34981007085269616,-0.047214670428293366
3525854,-0.14562667353102243,-0.34981007085269616,-0.047214670428293366
3526100,-0.14562667353102243,-0.34981007085269616,-0.047214670428293366
3528403,-0.14562667353102243,-0.34981007085269616,-0.047214670428293366
3528601,-0.14562667353102243,-0.34981007085269616,-0.047214670428293366
3529906,-0.14562667353102243,-0.34981007085269616,-0.047214670428293366
3532827,-0.14562667353102243,-0.34981007085269616,-0.047214670428293366
3533809,-0.14562667353102243,-0.34981007085269616,-0.047214670428293366
3535804,-0.14562667353102243,-0.34981007085269616,-0.047214670428293366
3536208,-0.14562667353102243,-0.34981007085269616,-0.047214670428293366
3537503,-0.14562667353102243,-0.34981007085269616,-0.047214670428293366
3537800,-0.14562667353102243,-0.34981007085269616,-0.047214670428293366
3537909,-0.14562667353102243,-0.34981007085269616,-0.047214670428293366
3540507,-0.14562667353102243,-0.34981007085269616,-0.047214670428293366
3540606,-0.14562667353102243,-0.34981007085269616,-0.047214670428293366
3541653,-0.14562667353102243,-0.34981007085269616,-0.047214670428293366
3542602,-0.14562667353102243,-0.34981007085269616,-0.047214670428293366
3542800,-0.14562667353102243,-0.34981007085269616,-0.047214670428293366
3543006,-0.14562667353102243,-0.34981007085269616,-0.047214670428293366
3543253,-0.14562667353102243,-0.34981007085269616,-0.047214670428293366
3543501,-0.14562667353102243,-0.34981007085269616,-0.047214670428293366
3545209,-0.14562667353102243,-0.34981007085269616,-0.047214670428293366
3545308,-0.14562667353102243,-0.34981007085269616,-0.047214670428293366
3550209,-0.14562667353102243,-0.34981007085269616,-0.047214670428293366
3550605,-0.14562667353102243,-0.34981007085269616,-0.047214670428293366
3551108,-0.14562667353102243,-0.34981007085269616,-0.047214670428293366
3551801,-0.14562667353102243,-0.34981007085269616,-0.047214670428293366
3552205,-0.14562667353102243,-0.34981007085269616,-0.047214670428293366
3553005,-0.14562667353102243,-0.34981007085269616,-0.047214670428293366
3553500,-0.14562667353102243,-0.34981007085269616,-0.047214670428293366
3553807,-0.14562667353102243,-0.34981007085269616,-0.047214670428293366
3553856,-0.14562667353102243,-0.34981007085269616,-0.047214670428293366
3554003,-0.14562667353102243,-0.34981007085269616,-0.047214670428293366
3554508,-0.14562667353102243,-0.34981007085269616,-0.047214670428293366
3554656,-0.14562667353102243,-0.34981007085269616,-0.047214670428293366
3557006,-0.14562667353102243,-0.34981007085269616,-0.047214670428293366
3500709,-0.4461468143015305,-0.7078858062849214,0.2224332457303139
3502309,-0.4461468143015305,-0.7078858062849214,0.2224332457303139
3503406,-0.4461468143015305,-0.7078858062849214,0.2224332457303139
3503604,-0.4461468143015305,-0.7078858062849214,0.2224332457303139
3504305,-0.4461468143015305,-0.7078858062849214,0.2224332457303139
3504701,-0.4461468143015305,-0.7078858062849214,0.2224332457303139
3505203,-0.4461468143015305,-0.7078858062849214,0.2224332457303139
3505302,-0.4461468143015305,-0.7078858062849214,0.2224332457303139
3506003,-0.4461468143015305,-0.7078858062849214,0.2224332457303139
3506805,-0.4461468143015305,-0.7078858062849214,0.2224332457303139
3506904,-0.4461468143015305,-0.7078858062849214,0.2224332457303139
3507308,-0.4461468143015305,-0.7078858062849214,0.2224332457303139
3507456,-0.4461468143015305,-0.7078858062849214,0.2224332457303139
3507506,-0.4461468143015305,-0.7078858062849214,0.2224332457303139
3507902,-0.4461468143015305,-0.7078858062849214,0.2224332457303139
3508306,-0.4461468143015305,-0.7078858062849214,0.2224332457303139
3508801,-0.4461468143015305,-0.7078858062849214,0.2224332457303139
3512308,-0.4461468143015305,-0.7078858062849214,0.2224332457303139
3514106,-0.4461468143015305,-0.7078858062849214,0.2224332457303139
3514502,-0.4461468143015305,-0.7078858062849214,0.2224332457303139
3517208,-0.4461468143015305,-0.7078858062849214,0.2224332457303139
3518107,-0.4461468143015305,-0.7078858062849214,0.2224332457303139
3519105,-0.4461468143015305,-0.7078858062849214,0.2224332457303139
3520004,-0.4461468143015305,-0.7078858062849214,0.2224332457303139
3522000,-0.4461468143015305,-0.7078858062849214,0.2224332457303139
3522901,-0.4461468143015305,-0.7078858062849214,0.2224332457303139
3523503,-0.4461468143015305,-0.7078858062849214,0.2224332457303139
3525300,-0.4461468143015305,-0.7078858062849214,0.2224332457303139
3526803,-0.4461468143015305,-0.7078858062849214,0.2224332457303139
3527108,-0.4461468143015305,-0.7078858062849214,0.2224332457303139
3527504,-0.4461468143015305,-0.7078858062849214,0.2224332457303139
3528007,-0.4461468143015305,-0.7078858062849214,0.2224332457303139
3529807,-0.4461468143015305,-0.7078858062849214,0.2224332457303139
3536109,-0.4461468143015305,-0.7078858062849214,0.2224332457303139
3536570,-0.4461468143015305,-0.7078858062849214,0.2224332457303139
3536703,-0.4461468143015305,-0.7078858062849214,0.2224332457303139
3538907,-0.4461468143015305,-0.7078858062849214,0.2224332457303139
3539400,-0.4461468143015305,-0.7078858062849214,0.2224332457303139
3540101,-0.4461468143015305,-0.7078858062849214,0.2224332457303139
3541059,-0.4461468143015305,-0.7078858062849214,0.2224332457303139
3541109,-0.4461468143015305,-0.7078858062849214,0.2224332457303139
3541604,-0.4461468143015305,-0.7078858062849214,0.2224332457303139
3542503,-0.4461468143015305,-0.7078858062849214,0.2224332457303139
3544608,-0.4461468143015305,-0.7078858062849214,0.2224332457303139
3550100,-0.4461468143015305,-0.7078858062849214,0.2224332457303139
3554706,-0.4461468143015305,-0.7078858062849214,0.2224332457303139
3555505,-0.4461468143015305,-0.7078858062849214,0.2224332457303139
3555901,-0.4461468143015305,-0.7078858062849214,0.2224332457303139
3501400,-0.46752359036115465,-0.4618444461881755,-0.08221368001887862
3501509,-0.46752359036115465,-0.4618444461881755,-0.08221368001887862
3503356,-0.46752359036115465,-0.4618444461881755,-0.08221368001887862
3504008,-0.46752359036115465,-0.4618444461881755,-0.08221368001887862
3505807,-0.46752359036115465,-0.4618444461881755,-0.08221368001887862
3506300,-0.46752359036115465,-0.4618444461881755,-0.08221368001887862
3507209,-0.46752359036115465,-0.4618444461881755,-0.08221368001887862
3509809,-0.46752359036115465,-0.4618444461881755,-0.08221368001887862
3510005,-0.46752359036115465,-0.4618444461881755,-0.08221368001887862
3510153,-0.46752359036115465,-0.4618444461881755,-0.08221368001887862
3513306,-0.46752359036115465,-0.4618444461881755,-0.08221368001887862
3514700,-0.46752359036115465,-0.4618444461881755,-0.08221368001887862
3515194,-0.46752359036115465,-0.4618444461881755,-0.08221368001887862
3515400,-0.46752359036115465,-0.4618444461881755,-0.08221368001887862
3515657,-0.46752359036115465,-0.4618444461881755,-0.08221368001887862
3516101,-0.46752359036115465,-0.4618444461881755,-0.08221368001887862
3516606,-0.46752359036115465,-0.4618444461881755,-0.08221368001887862
3516705,-0.46752359036115465,-0.4618444461881755,-0.08221368001887862
3517000,-0.46752359036115465,-0.4618444461881755,-0.08221368001887862
3517307,-0.46752359036115465,-0.4618444461881755,-0.08221368001887862
3519006,-0.46752359036115465,-0.4618444461881755,-0.08221368001887862
3519204,-0.46752359036115465,-0.4618444461881755,-0.08221368001887862
3519501,-0.46752359036115465,-0.4618444461881755,-0.08221368001887862
3520905,-0.46752359036115465,-0.4618444461881755,-0.08221368001887862
3525805,-0.46752359036115465,-0.4618444461881755,-0.08221368001887862
3527801,-0.46752359036115465,-0.4618444461881755,-0.08221368001887862
3527900,-0.46752359036115465,-0.4618444461881755,-0.08221368001887862
3528809,-0.46752359036115465,-0.4618444461881755,-0.08221368001887862
3529005,-0.46752359036115465,-0.4618444461881755,-0.08221368001887862
3533700,-0.46752359036115465,-0.4618444461881755,-0.08221368001887862
3534104,-0.46752359036115465,-0.4618444461881755,-0.08221368001887862
3534500,-0.46752359036115465,-0.4618444461881755,-0.08221368001887862
3534708,-0.46752359036115465,-0.4618444461881755,-0.08221368001887862
3535309,-0.46752359036115465,-0.4618444461881755,-0.08221368001887862
3535507,-0.46752359036115465,-0.4618444461881755,-0.08221368001887862
3536000,-0.46752359036115465,-0.4618444461881755,-0.08221368001887862
3537156,-0.46752359036115465,-0.4618444461881755,-0.08221368001887862
3538808,-0.46752359036115465,-0.4618444461881755,-0.08221368001887862
3539707,-0.46752359036115465,-0.4618444461881755,-0.08221368001887862
3540002,-0.46752359036115465,-0.4618444461881755,-0.08221368001887862
3541802,-0.46752359036115465,-0.4618444461881755,-0.08221368001887862
3542008,-0.46752359036115465,-0.4618444461881755,-0.08221368001887862
3543204,-0.46752359036115465,-0.4618444461881755,-0.08221368001887862
3543808,-0.46752359036115465,-0.4618444461881755,-0.08221368001887862
3545407,-0.46752359036115465,-0.4618444461881755,-0.08221368001887862
3546405,-0.46752359036115465,-0.4618444461881755,-0.08221368001887862
3550506,-0.46752359036115465,-0.4618444461881755,-0.08221368001887862
3551207,-0.46752359036115465,-0.4618444461881755,-0.08221368001887862
3553955,-0.46752359036115465,-0.4618444461881755,-0.08221368001887862
3554201,-0.46752359036115465,-0.4618444461881755,-0.08221368001887862
3554607,-0.46752359036115465,-0.4618444461881755,-0.08221368001887862
3555000,-0.46752359036115465,-0.4618444461881755,-0.08221368001887862
3556602,-0.46752359036115465,-0.4618444461881755,-0.08221368001887862
3557204,-0.46752359036115465,-0.4618444461881755,-0.08221368001887862
3500105,-0.3302615303884524,-0.0694016410734762,-0.18754947462527008
3500808,-0.3302615303884524,-0.0694016410734762,-0.18754947462527008
3501301,-0.3302615303884524,-0.0694016410734762,-0.18754947462527008
3502408,-0.3302615303884524,-0.0694016410734762,-0.18754947462527008
3508900,-0.3302615303884524,-0.0694016410734762,-0.18754947462527008
3509106,-0.3302615303884524,-0.0694016410734762,-0.18754947462527008
3514403,-0.3302615303884524,-0.0694016410734762,-0.18754947462527008
3515129,-0.3302615303884524,-0.0694016410734762,-0.18754947462527008
3515301,-0.3302615303884524,-0.0694016410734762,-0.18754947462527008
3515350,-0.3302615303884524,-0.0694016410734762,-0.18754947462527008
3515806,-0.3302615303884524,-0.0694016410734762,-0.18754947462527008
3516002,-0.3302615303884524,-0.0694016410734762,-0.18754947462527008
3519907,-0.3302615303884524,-0.0694016410734762,-0.18754947462527008
3520608,-0.3302615303884524,-0.0694016410734762,-0.18754947462527008
3520806,-0.3302615303884524,-0.0694016410734762,-0.18754947462527008
3521606,-0.3302615303884524,-0.0694016410734762,-0.18754947462527008
3525607,-0.3302615303884524,-0.0694016410734762,-0.18754947462527008
3526001,-0.3302615303884524,-0.0694016410734762,-0.18754947462527008
3527405,-0.3302615303884524,-0.0694016410734762,-0.18754947462527008
3528700,-0.3302615303884524,-0.0694016410734762,-0.18754947462527008
3528908,-0.3302615303884524,-0.0694016410734762,-0.18754947462527008
3529203,-0.3302615303884524,-0.0694016410734762,-0.18754947462527008
3530201,-0.3302615303884524,-0.0694016410734762,-0.18754947462527008
3531605,-0.3302615303884524,-0.0694016410734762,-0.18754947462527008
3532157,-0.3302615303884524,-0.0694016410734762,-0.18754947462527008
3532207,-0.3302615303884524,-0.0694016410734762,-0.18754947462527008
3533106,-0.3302615303884524,-0.0694016410734762,-0.18754947462527008
3534609,-0.3302615303884524,-0.0694016410734762,-0.18754947462527008
3534807,-0.3302615303884524,-0.0694016410734762,-0.18754947462527008
3534906,-0.3302615303884524,-0.0694016410734762,-0.18754947462527008
3535408,-0.3302615303884524,-0.0694016410734762,-0.18754947462527008
3536406,-0.3302615303884524,-0.0694016410734762,-0.18754947462527008
3538303,-0.3302615303884524,-0.0694016410734762,-0.18754947462527008
3539202,-0.3302615303884524,-0.0694016410734762,-0.18754947462527008
3540853,-0.3302615303884524,-0.0694016410734762,-0.18754947462527008
3541208,-0.3302615303884524,-0.0694016410734762,-0.18754947462527008
3541307,-0.3302615303884524,-0.0694016410734762,-0.18754947462527008
3541406,-0.3302615303884524,-0.0694016410734762,-0.18754947462527008
3541505,-0.3302615303884524,-0.0694016410734762,-0.18754947462527008
3541703,-0.3302615303884524,-0.0694016410734762,-0.18754947462527008
3542206,-0.3302615303884524,-0.0694016410734762,-0.18754947462527008
3542404,-0.3302615303884524,-0.0694016410734762,-0.18754947462527008
3543238,-0.3302615303884524,-0.0694016410734762,-0.18754947462527008
3544251,-0.3302615303884524,-0.0694016410734762,-0.18754947462527008
3544707,-0.3302615303884524,-0.0694016410734762,-0.18754947462527008
3545100,-0.3302615303884524,-0.0694016410734762,-0.18754947462527008
3545506,-0.3302615303884524,-0.0694016410734762,-0.18754947462527008
3547106,-0.3302615303884524,-0.0694016410734762,-0.18754947462527008
3547700,-0.3302615303884524,-0.0694016410734762,-0.18754947462527008
3548302,-0.3302615303884524,-0.0694016410734762,-0.18754947462527008
3549300,-0.3302615303884524,-0.0694016410734762,-0.18754947462527008
3552908,-0.3302615303884524,-0.0694016410734762,-0.18754947462527008
3553906,-0.3302615303884524,-0.0694016410734762,-0.18754947462527008
3554300,-0.3302615303884524,-0.0694016410734762,-0.18754947462527008
3555109,-0.3302615303884524,-0.0694016410734762,-0.18754947462527008
3501103,0.12769662426480638,-0.3394881380083129,-0.30103985032044084
3502101,0.12769662426480638,-0.3394881380083129,-0.30103985032044084
3502804,0.12769662426480638,-0.3394881380083129,-0.30103985032044084
3504206,0.12769662426480638,-0.3394881380083129,-0.30103985032044084
3504404,0.12769662426480638,-0.3394881380083129,-0.30103985032044084
3505104,0.12769662426480638,-0.3394881380083129,-0.30103985032044084
3506201,0.12769662426480638,-0.3394881380083129,-0.30103985032044084
3506409,0.12769662426480638,-0.3394881380083129,-0.30103985032044084
3506508,0.12769662426480638,-0.3394881380083129,-0.30103985032044084
3507704,0.12769662426480638,-0.3394881380083129,-0.30103985032044084
3507753,0.12769662426480638,-0.3394881380083129,-0.30103985032044084
3508108,0.12769662426480638,-0.3394881380083129,-0.30103985032044084
3511003,0.12769662426480638,-0.3394881380083129,-0.30103985032044084
3511904,0.12769662426480638,-0.3394881380083129,-0.30103985032044084
3512506,0.12769662426480638,-0.3394881380083129,-0.30103985032044084
3516507,0.12769662426480638,-0.3394881380083129,-0.30103985032044084
3516804,0.12769662426480638,-0.3394881380083129,-0.30103985032044084
3516903,0.12769662426480638,-0.3394881380083129,-0.30103985032044084
3517109,0.12769662426480638,-0.3394881380083129,-0.30103985032044084
3517802,0.12769662426480638,-0.3394881380083129,-0.30103985032044084
3518206,0.12769662426480638,-0.3394881380083129,-0.30103985032044084
3518909,0.12769662426480638,-0.3394881380083129,-0.30103985032044084
3520442,0.12769662426480638,-0.3394881380083129,-0.30103985032044084
3523008,0.12769662426480638,-0.3394881380083129,-0.30103985032044084
3526506,0.12769662426480638,-0.3394881380083129,-0.30103985032044084
3527256,0.12769662426480638,-0.3394881380083129,-0.30103985032044084
3527702,0.12769662426480638,-0.3394881380083129,-0.30103985032044084
3528304,0.12769662426480638,-0.3394881380083129,-0.30103985032044084
3530102,0.12769662426480638,-0.3394881380083129,-0.30103985032044084
3531001,0.12769662426480638,-0.3394881380083129,-0.30103985032044084
3532108,0.12769662426480638,-0.3394881380083129,-0.30103985032044084
3532868,0.12769662426480638,-0.3394881380083129,-0.30103985032044084
3533205,0.12769662426480638,-0.3394881380083129,-0.30103985032044084
3533304,0.12769662426480638,-0.3394881380083129,-0.30103985032044084
3537305,0.12769662426480638,-0.3394881380083129,-0.30103985032044084
3537404,0.12769662426480638,-0.3394881380083129,-0.30103985032044084
3537701,0.12769662426480638,-0.3394881380083129,-0.30103985032044084
3544400,0.12769662426480638,-0.3394881380083129,-0.30103985032044084
3548054,0.12769662426480638,-0.3394881380083129,-0.30103985032044084
3548401,0.12769662426480638,-0.3394881380083129,-0.30103985032044084
3552304,0.12769662426480638,-0.3394881380083129,-0.30103985032044084
3555208,0.12769662426480638,-0.3394881380083129,-0.30103985032044084
3556305,0.12769662426480638,-0.3394881380083129,-0.30103985032044084
3557154,0.12769662426480638,-0.3394881380083129,-0.30103985032044084
3500204,-0.1574282869231358,-0.8480986780126467,-0.29719158611269986
3500907,-0.1574282869231358,-0.8480986780126467,-0.29719158611269986
3501202,-0.1574282869231358,-0.8480986780126467,-0.29719158611269986
3501806,-0.1574282869231358,-0.8480986780126467,-0.29719158611269986
3502606,-0.1574282869231358,-0.8480986780126467,-0.29719158611269986
3503703,-0.1574282869231358,-0.8480986780126467,-0.29719158611269986
3503950,-0.1574282869231358,-0.8480986780126467,-0.29719158611269986
3504602,-0.1574282869231358,-0.8480986780126467,-0.29719158611269986
3504800,-0.1574282869231358,-0.8480986780126467,-0.29719158611269986
3510708,-0.1574282869231358,-0.8480986780126467,-0.29719158611269986
3511102,-0.1574282869231358,-0.8480986780126467,-0.29719158611269986
3511201,-0.1574282869231358,-0.8480986780126467,-0.29719158611269986
3511300,-0.1574282869231358,-0.8480986780126467,-0.29719158611269986
3512902,-0.1574282869231358,-0.8480986780126467,-0.29719158611269986
3513850,-0.1574282869231358,-0.8480986780126467,-0.29719158611269986
3514205,-0.1574282869231358,-0.8480986780126467,-0.29719158611269986
3514924,-0.1574282869231358,-0.8480986780126467,-0.29719158611269986
3514957,-0.1574282869231358,-0.8480986780126467,-0.29719158611269986
3515202,-0.1574282869231358,-0.8480986780126467,-0.29719158611269986
3515509,-0.1574282869231358,-0.8480986780126467,-0.29719158611269986
3515608,-0.1574282869231358,-0.8480986780126467,-0.29719158611269986
3515905,-0.1574282869231358,-0.8480986780126467,-0.29719158611269986
3517505,-0.1574282869231358,-0.8480986780126467,-0.29719158611269986
3518008,-0.1574282869231358,-0.8480986780126467,-0.29719158611269986
3519402,-0.1574282869231358,-0.8480986780126467,-0.29719158611269986
3519808,-0.1574282869231358,-0.8480986780126467,-0.29719158611269986
3520707,-0.1574282869231358,-0.8480986780126467,-0.29719158611269986
3521150,-0.1574282869231358,-0.8480986780126467,-0.29719158611269986
3521507,-0.1574282869231358,-0.8480986780126467,-0.29719158611269986
3521903,-0.1574282869231358,-0.8480986780126467,-0.29719158611269986
3524501,-0.1574282869231358,-0.8480986780126467,-0.29719158611269986
3524808,-0.1574282869231358,-0.8480986780126467,-0.29719158611269986
3525706,-0.1574282869231358,-0.8480986780126467,-0.29719158611269986
3528106,-0.1574282869231358,-0.8480986780126467,-0.29719158611269986
3528205,-0.1574282869231358,-0.8480986780126467,-0.29719158611269986
3528858,-0.1574282869231358,-0.8480986780126467,-0.29719158611269986
3529104,-0.1574282869231358,-0.8480986780126467,-0.29719158611269986
3529500,-0.1574282869231358,-0.8480986780126467,-0.29719158611269986
3529609,-0.1574282869231358,-0.8480986780126467,-0.29719158611269986
3529658,-0.1574282869231358,-0.8480986780126467,-0.29719158611269986
3530003,-0.1574282869231358,-0.8480986780126467,-0.29719158611269986
3530300,-0.1574282869231358,-0.8480986780126467,-0.29719158611269986
3530409,-0.1574282869231358,-0.8480986780126467,-0.29719158611269986
3531407,-0.1574282869231358,-0.8480986780126467,-0.29719158611269986
3532504,-0.1574282869231358,-0.8480986780126467,-0.29719158611269986
3532603,-0.1574282869231358,-0.8480986780126467,-0.29719158611269986
3532702,-0.1574282869231358,-0.8480986780126467,-0.29719158611269986
3532801,-0.1574282869231358,-0.8480986780126467,-0.29719158611269986
3532843,-0.1574282869231358,-0.8480986780126467,-0.29719158611269986
3533007,-0.1574282869231358,-0.8480986780126467,-0.29719158611269986
3533254,-0.1574282869231358,-0.8480986780126467,-0.29719158611269986
3533502,-0.1574282869231358,-0.8480986780126467,-0.29719158611269986
3534005,-0.1574282869231358,-0.8480986780126467,-0.29719158611269986
3534203,-0.1574282869231358,-0.8480986780126467,-0.29719158611269986
3534757,-0.1574282869231358,-0.8480986780126467,-0.29719158611269986
3535002,-0.1574282869231358,-0.8480986780126467,-0.29719158611269986
3535101,-0.1574282869231358,-0.8480986780126467,-0.29719158611269986
3535200,-0.1574282869231358,-0.8480986780126467,-0.29719158611269986
3535705,-0.1574282869231358,-0.8480986780126467,-0.29719158611269986
3535903,-0.1574282869231358,-0.8480986780126467,-0.29719158611269986
3536257,-0.1574282869231358,-0.8480986780126467,-0.29719158611269986
3536604,-0.1574282869231358,-0.8480986780126467,-0.29719158611269986
3536901,-0.1574282869231358,-0.8480986780126467,-0.29719158611269986
3538105,-0.1574282869231358,-0.8480986780126467,-0.29719158611269986
3539004,-0.1574282869231358,-0.8480986780126467,-0.29719158611269986
3539608,-0.1574282869231358,-0.8480986780126467,-0.29719158611269986
3539905,-0.1574282869231358,-0.8480986780126467,-0.29719158611269986
3540259,-0.1574282869231358,-0.8480986780126467,-0.29719158611269986
3540309,-0.1574282869231358,-0.8480986780126467,-0.29719158611269986
3540408,-0.1574282869231358,-0.8480986780126467,-0.29719158611269986
3540804,-0.1574282869231358,-0.8480986780126467,-0.29719158611269986
3544202,-0.1574282869231358,-0.8480986780126467,-0.29719158611269986
3544509,-0.1574282869231358,-0.8480986780126467,-0.29719158611269986
3544806,-0.1574282869231358,-0.8480986780126467,-0.29719158611269986
3545605,-0.1574282869231358,-0.8480986780126467,-0.29719158611269986
3545704,-0.1574282869231358,-0.8480986780126467,-0.29719158611269986
3546108,-0.1574282869231358,-0.8480986780126467,-0.29719158611269986
3546603,-0.1574282869231358,-0.8480986780126467,-0.29719158611269986
3547205,-0.1574282869231358,-0.8480986780126467,-0.29719158611269986
3547403,-0.1574282869231358,-0.8480986780126467,-0.29719158611269986
3547650,-0.1574282869231358,-0.8480986780126467,-0.29719158611269986
3549003,-0.1574282869231358,-0.8480986780126467,-0.29719158611269986
3549201,-0.1574282869231358,-0.8480986780126467,-0.29719158611269986
3549250,-0.1574282869231358,-0.8480986780126467,-0.29719158611269986
3549805,-0.1574282869231358,-0.8480986780126467,-0.29719158611269986
3551306,-0.1574282869231358,-0.8480986780126467,-0.29719158611269986
3552551,-0.1574282869231358,-0.8480986780126467,-0.29719158611269986
3552601,-0.1574282869231358,-0.8480986780126467,-0.29719158611269986
3553401,-0.1574282869231358,-0.8480986780126467,-0.29719158611269986
3554904,-0.1574282869231358,-0.8480986780126467,-0.29719158611269986
3555307,-0.1574282869231358,-0.8480986780126467,-0.29719158611269986
3555356,-0.1574282869231358,-0.8480986780126467,-0.29719158611269986
3555604,-0.1574282869231358,-0.8480986780126467,-0.29719158611269986
3555703,-0.1574282869231358,-0.8480986780126467,-0.29719158611269986
3555802,-0.1574282869231358,-0.8480986780126467,-0.29719158611269986
3556008,-0.1574282869231358,-0.8480986780126467,-0.29719158611269986
3556107,-0.1574282869231358,-0.8480986780126467,-0.29719158611269986
3556909,-0.1574282869231358,-0.8480986780126467,-0.29719158611269986
3556958,-0.1574282869231358,-0.8480986780126467,-0.29719158611269986
3557105,-0.1574282869231358,-0.8480986780126467,-0.29719158611269986
3501004,-0.3759795800060873,-0.44137926806229416,-0.3975222230785327
3503000,-0.3759795800060873,-0.44137926806229416,-0.3975222230785327
3505500,-0.3759795800060873,-0.44137926806229416,-0.3975222230785327
3505609,-0.3759795800060873,-0.44137926806229416,-0.3975222230785327
3505906,-0.3759795800060873,-0.44137926806229416,-0.3975222230785327
3506102,-0.3759795800060873,-0.44137926806229416,-0.3975222230785327
3507803,-0.3759795800060873,-0.44137926806229416,-0.3975222230785327
3508207,-0.3759795800060873,-0.44137926806229416,-0.3975222230785327
3509304,-0.3759795800060873,-0.44137926806229416,-0.3975222230785327
3509403,-0.3759795800060873,-0.44137926806229416,-0.3975222230785327
3510906,-0.3759795800060873,-0.44137926806229416,-0.3975222230785327
3512001,-0.3759795800060873,-0.44137926806229416,-0.3975222230785327
3512100,-0.3759795800060873,-0.44137926806229416,-0.3975222230785327
3513108,-0.3759795800060873,-0.44137926806229416,-0.3975222230785327
3513207,-0.3759795800060873,-0.44137926806229416,-0.3975222230785327
3514601,-0.3759795800060873,-0.44137926806229416,-0.3975222230785327
3516200,-0.3759795800060873,-0.44137926806229416,-0.3975222230785327
3517406,-0.3759795800060873,-0.44137926806229416,-0.3975222230785327
3517703,-0.3759795800060873,-0.44137926806229416,-0.3975222230785327
3517901,-0.3759795800060873,-0.44137926806229416,-0.3975222230785327
3518602,-0.3759795800060873,-0.44137926806229416,-0.3975222230785327
3518859,-0.3759795800060873,-0.44137926806229416,-0.3975222230785327
3520103,-0.3759795800060873,-0.44137926806229416,-0.3975222230785327
3521309,-0.3759795800060873,-0.44137926806229416,-0.3975222230785327
3523701,-0.3759795800060873,-0.44137926806229416,-0.3975222230785327
3524105,-0.3759795800060873,-0.44137926806229416,-0.3975222230785327
3524204,-0.3759795800060873,-0.44137926806229416,-0.3975222230785327
3524303,-0.3759795800060873,-0.44137926806229416,-0.3975222230785327
3525102,-0.3759795800060873,-0.44137926806229416,-0.3975222230785327
3525409,-0.3759795800060873,-0.44137926806229416,-0.3975222230785327
3527603,-0.3759795800060873,-0.44137926806229416,-0.3975222230785327
3529708,-0.3759795800060873,-0.44137926806229416,-0.3975222230785327
3531308,-0.3759795800060873,-0.44137926806229416,-0.3975222230785327
3531506,-0.3759795800060873,-0.44137926806229416,-0.3975222230785327
3531902,-0.3759795800060873,-0.44137926806229416,-0.3975222230785327
3533601,-0.3759795800060873,-0.44137926806229416,-0.3975222230785327
3533908,-0.3759795800060873,-0.44137926806229416,-0.3975222230785327
3534302,-0.3759795800060873,-0.44137926806229416,-0.3975222230785327
3536307,-0.3759795800060873,-0.44137926806229416,-0.3975222230785327
3537008,-0.3759795800060873,-0.44137926806229416,-0.3975222230785327
3539509,-0.3759795800060873,-0.44137926806229416,-0.3975222230785327
3540200,-0.3759795800060873,-0.44137926806229416,-0.3975222230785327
3540903,-0.3759795800060873,-0.44137926806229416,-0.3975222230785327
3542701,-0.3759795800060873,-0.44137926806229416,-0.3975222230785327
3543105,-0.3759795800060873,-0.44137926806229416,-0.3975222230785327
3543402,-0.3759795800060873,-0.44137926806229416,-0.3975222230785327
3543600,-0.3759795800060873,-0.44137926806229416,-0.3975222230785327
3544905,-0.3759795800060873,-0.44137926806229416,-0.3975222230785327
3546256,-0.3759795800060873,-0.44137926806229416,-0.3975222230785327
3546504,-0.3759795800060873,-0.44137926806229416,-0.3975222230785327
3547601,-0.3759795800060873,-0.44137926806229416,-0.3975222230785327
3547908,-0.3759795800060873,-0.44137926806229416,-0.3975222230785327
3549409,-0.3759795800060873,-0.44137926806229416,-0.3975222230785327
3549508,-0.3759795800060873,-0.44137926806229416,-0.3975222230785327
3550902,-0.3759795800060873,-0.44137926806229416,-0.3975222230785327
3551405,-0.3759795800060873,-0.44137926806229416,-0.3975222230785327
3551504,-0.3759795800060873,-0.44137926806229416,-0.3975222230785327
3551702,-0.3759795800060873,-0.44137926806229416,-0.3975222230785327
3551900,-0.3759795800060873,-0.44137926806229416,-0.3975222230785327
3553104,-0.3759795800060873,-0.44137926806229416,-0.3975222230785327
3553203,-0.3759795800060873,-0.44137926806229416,-0.3975222230785327
3553658,-0.3759795800060873,-0.44137926806229416,-0.3975222230785327
3554409,-0.3759795800060873,-0.44137926806229416,-0.3975222230785327
3556800,-0.3759795800060873,-0.44137926806229416,-0.3975222230785327
3501707,-0.17006545726073533,-0.0707669572995528,-0.4004540090142117
3503208,-0.17006545726073533,-0.0707669572995528,-0.4004540090142117
3506706,-0.17006545726073533,-0.0707669572995528,-0.4004540090142117
3507407,-0.17006545726073533,-0.0707669572995528,-0.4004540090142117
3510104,-0.17006545726073533,-0.0707669572995528,-0.4004540090142117
3513702,-0.17006545726073533,-0.0707669572995528,-0.4004540090142117
3514007,-0.17006545726073533,-0.0707669572995528,-0.4004540090142117
3514304,-0.17006545726073533,-0.0707669572995528,-0.4004540090142117
3516853,-0.17006545726073533,-0.0707669572995528,-0.4004540090142117
3519303,-0.17006545726073533,-0.0707669572995528,-0.4004540090142117
3519600,-0.17006545726073533,-0.0707669572995528,-0.4004540090142117
3522703,-0.17006545726073533,-0.0707669572995528,-0.4004540090142117
3523602,-0.17006545726073533,-0.0707669572995528,-0.4004540090142117
3529302,-0.17006545726073533,-0.0707669572995528,-0.4004540090142117
3532058,-0.17006545726073533,-0.0707669572995528,-0.4004540090142117
3532900,-0.17006545726073533,-0.0707669572995528,-0.4004540090142117
3539301,-0.17006545726073533,-0.0707669572995528,-0.4004540090142117
3540705,-0.17006545726073533,-0.0707669572995528,-0.4004540090142117
3542909,-0.17006545726073533,-0.0707669572995528,-0.4004540090142117
3543709,-0.17006545726073533,-0.0707669572995528,-0.4004540090142117
3546900,-0.17006545726073533,-0.0707669572995528,-0.4004540090142117
3547502,-0.17006545726073533,-0.0707669572995528,-0.4004540090142117
3548906,-0.17006545726073533,-0.0707669572995528,-0.4004540090142117
3552700,-0.17006545726073533,-0.0707669572995528,-0.4004540090142117
3553708,-0.17006545726073533,-0.0707669572995528,-0.4004540090142117
3554755,-0.17006545726073533,-0.0707669572995528,-0.4004540090142117
3500303,-0.237750306791186,-0.34333079959735296,-0.2545730794204574
3500402,-0.237750306791186,-0.34333079959735296,-0.2545730794204574
3500501,-0.237750306791186,-0.34333079959735296,-0.2545730794204574
3500600,-0.237750306791186,-0.34333079959735296,-0.2545730794204574
3501608,-0.237750306791186,-0.34333079959735296,-0.2545730794204574
3501905,-0.237750306791186,-0.34333079959735296,-0.2545730794204574
3502002,-0.237750306791186,-0.34333079959735296,-0.2545730794204574
3503307,-0.237750306791186,-0.34333079959735296,-0.2545730794204574
3503802,-0.237750306791186,-0.34333079959735296,-0.2545730794204574
3504107,-0.237750306791186,-0.34333079959735296,-0.2545730794204574
3507100,-0.237750306791186,-0.34333079959735296,-0.2545730794204574
3507605,-0.237750306791186,-0.34333079959735296,-0.2545730794204574
3508405,-0.237750306791186,-0.34333079959735296,-0.2545730794204574
3508702,-0.237750306791186,-0.34333079959735296,-0.2545730794204574
3509502,-0.237750306791186,-0.34333079959735296,-0.2545730794204574
3509601,-0.237750306791186,-0.34333079959735296,-0.2545730794204574
3510401,-0.237750306791186,-0.34333079959735296,-0.2545730794204574
3510807,-0.237750306791186,-0.34333079959735296,-0.2545730794204574
3511706,-0.237750306791186,-0.34333079959735296,-0.2545730794204574
3512209,-0.237750306791186,-0.34333079959735296,-0.2545730794204574
3512407,-0.237750306791186,-0.34333079959735296,-0.2545730794204574
3512704,-0.237750306791186,-0.34333079959735296,-0.2545730794204574
3512803,-0.237750306791186,-0.34333079959735296,-0.2545730794204574
3513900,-0.237750306791186,-0.34333079959735296,-0.2545730794204574
3514908,-0.237750306791186,-0.34333079959735296,-0.2545730794204574
3515152,-0.237750306791186,-0.34333079959735296,-0.2545730794204574
3515186,-0.237750306791186,-0.34333079959735296,-0.2545730794204574
3519055,-0.237750306791186,-0.34333079959735296,-0.2545730794204574
3519071,-0.237750306791186,-0.34333079959735296,-0.2545730794204574
3520509,-0.237750306791186,-0.34333079959735296,-0.2545730794204574
3521101,-0.237750306791186,-0.34333079959735296,-0.2545730794204574
3521408,-0.237750306791186,-0.34333079959735296,-0.2545730794204574
3522604,-0.237750306791186,-0.34333079959735296,-0.2545730794204574
3523404,-0.237750306791186,-0.34333079959735296,-0.2545730794204574
3523800,-0.237750306791186,-0.34333079959735296,-0.2545730794204574
3524006,-0.237750306791186,-0.34333079959735296,-0.2545730794204574
3524709,-0.237750306791186,-0.34333079959735296,-0.2545730794204574
3525201,-0.237750306791186,-0.34333079959735296,-0.2545730794204574
3525508,-0.237750306791186,-0.34333079959735296,-0.2545730794204574
3525904,-0.237750306791186,-0.34333079959735296,-0.2545730794204574
3526407,-0.237750306791186,-0.34333079959735296,-0.2545730794204574
3526704,-0.237750306791186,-0.34333079959735296,-0.2545730794204574
3526902,-0.237750306791186,-0.34333079959735296,-0.2545730794204574
3527009,-0.237750306791186,-0.34333079959735296,-0.2545730794204574
3527306,-0.237750306791186,-0.34333079959735296,-0.2545730794204574
3530508,-0.237750306791186,-0.34333079959735296,-0.2545730794204574
3530706,-0.237750306791186,-0.34333079959735296,-0.2545730794204574
3530805,-0.237750306791186,-0.34333079959735296,-0.2545730794204574
3530904,-0.237750306791186,-0.34333079959735296,-0.2545730794204574
3531209,-0.237750306791186,-0.34333079959735296,-0.2545730794204574
3531803,-0.237750306791186,-0.34333079959735296,-0.2545730794204574
3532009,-0.237750306791186,-0.34333079959735296,-0.2545730794204574
3532405,-0.237750306791186,-0.34333079959735296,-0.2545730794204574
3533403,-0.237750306791186,-0.34333079959735296,-0.2545730794204574
3536505,-0.237750306791186,-0.34333079959735296,-0.2545730794204574
3536802,-0.237750306791186,-0.34333079959735296,-0.2545730794204574
3537107,-0.237750306791186,-0.34333079959735296,-0.2545730794204574
3538204,-0.237750306791186,-0.34333079959735296,-0.2545730794204574
3538600,-0.237750306791186,-0.34333079959735296,-0.2545730794204574
3538709,-0.237750306791186,-0.34333079959735296,-0.2545730794204574
3542107,-0.237750306791186,-0.34333079959735296,-0.2545730794204574
3543907,-0.237750306791186,-0.34333079959735296,-0.2545730794204574
3544004,-0.237750306791186,-0.34333079959735296,-0.2545730794204574
3545159,-0.237750306791186,-0.34333079959735296,-0.2545730794204574
3545803,-0.237750306791186,-0.34333079959735296,-0.2545730794204574
3546207,-0.237750306791186,-0.34333079959735296,-0.2545730794204574
3546306,-0.237750306791186,-0.34333079959735296,-0.2545730794204574
3546702,-0.237750306791186,-0.34333079959735296,-0.2545730794204574
3547007,-0.237750306791186,-0.34333079959735296,-0.2545730794204574
3548005,-0.237750306791186,-0.34333079959735296,-0.2545730794204574
3548104,-0.237750306791186,-0.34333079959735296,-0.2545730794204574
3549102,-0.237750306791186,-0.34333079959735296,-0.2545730794204574
3549706,-0.237750306791186,-0.34333079959735296,-0.2545730794204574
3550407,-0.237750306791186,-0.34333079959735296,-0.2545730794204574
3550803,-0.237750306791186,-0.34333079959735296,-0.2545730794204574
3551603,-0.237750306791186,-0.34333079959735296,-0.2545730794204574
3552106,-0.237750306791186,-0.34333079959735296,-0.2545730794204574
3552403,-0.237750306791186,-0.34333079959735296,-0.2545730794204574
3553302,-0.237750306791186,-0.34333079959735296,-0.2545730794204574
3553609,-0.237750306791186,-0.34333079959735296,-0.2545730794204574
3554953,-0.237750306791186,-0.34333079959735296,-0.2545730794204574
3556206,-0.237750306791186,-0.34333079959735296,-0.2545730794204574
3556354,-0.237750306791186,-0.34333079959735296,-0.2545730794204574
3556404,-0.237750306791186,-0.34333079959735296,-0.2545730794204574
3556503,-0.237750306791186,-0.34333079959735296,-0.2545730794204574
3556701,-0.237750306791186,-0.34333079959735296,-0.2545730794204574
3557303,-0.237750306791186,-0.34333079959735296,-0.2545730794204574
3502507,-0.4097975683442124,-0.19295312084185928,0.33038805744151767
3503158,-0.4097975683442124,-0.19295312084185928,0.33038805744151767
3503505,-0.4097975683442124,-0.19295312084185928,0.33038805744151767
3504909,-0.4097975683442124,-0.19295312084185928,0.33038805744151767
3508504,-0.4097975683442124,-0.19295312084185928,0.33038805744151767
3508603,-0.4097975683442124,-0.19295312084185928,0.33038805744151767
3509700,-0.4097975683442124,-0.19295312084185928,0.33038805744151767
3509957,-0.4097975683442124,-0.19295312084185928,0.33038805744151767
3510500,-0.4097975683442124,-0.19295312084185928,0.33038805744151767
3513405,-0.4097975683442124,-0.19295312084185928,0.33038805744151767
3513603,-0.4097975683442124,-0.19295312084185928,0.33038805744151767
3518404,-0.4097975683442124,-0.19295312084185928,0.33038805744151767
3520202,-0.4097975683442124,-0.19295312084185928,0.33038805744151767
3520400,-0.4097975683442124,-0.19295312084185928,0.33038805744151767
3524402,-0.4097975683442124,-0.19295312084185928,0.33038805744151767
3524907,-0.4097975683442124,-0.19295312084185928,0.33038805744151767
3526308,-0.4097975683442124,-0.19295312084185928,0.33038805744151767
3526605,-0.4097975683442124,-0.19295312084185928,0.33038805744151767
3527207,-0.4097975683442124,-0.19295312084185928,0.33038805744151767
3531704,-0.4097975683442124,-0.19295312084185928,0.33038805744151767
3532306,-0.4097975683442124,-0.19295312084185928,0.33038805744151767
3535606,-0.4097975683442124,-0.19295312084185928,0.33038805744151767
3538006,-0.4097975683442124,-0.19295312084185928,0.33038805744151767
3538501,-0.4097975683442124,-0.19295312084185928,0.33038805744151767
3540754,-0.4097975683442124,-0.19295312084185928,0.33038805744151767
3541901,-0.4097975683442124,-0.19295312084185928,0.33038805744151767
3542305,-0.4097975683442124,-0.19295312084185928,0.33038805744151767
3544301,-0.4097975683442124,-0.19295312084185928,0.33038805744151767
3546009,-0.4097975683442124,-0.19295312084185928,0.33038805744151767
3548203,-0.4097975683442124,-0.19295312084185928,0.33038805744151767
3548609,-0.4097975683442124,-0.19295312084185928,0.33038805744151767
3549607,-0.4097975683442124,-0.19295312084185928,0.33038805744151767
3549904,-0.4097975683442124,-0.19295312084185928,0.33038805744151767
3550001,-0.4097975683442124,-0.19295312084185928,0.33038805744151767
3550704,-0.4097975683442124,-0.19295312084185928,0.33038805744151767
3552007,-0.4097975683442124,-0.19295312084185928,0.33038805744151767
3554102,-0.4097975683442124,-0.19295312084185928,0.33038805744151767
3554805,-0.4097975683442124,-0.19295312084185928,0.33038805744151767
3555406,-0.4097975683442124,-0.19295312084185928,0.33038805744151767
4100202,-0.41050020108463636,-0.6422637371063835,0.30161343075588765
4100301,-0.41050020108463636,-0.6422637371063835,0.30161343075588765
4100400,-0.41050020108463636,-0.6422637371063835,0.30161343075588765
4101200,-0.41050020108463636,-0.6422637371063835,0.30161343075588765
4101309,-0.41050020108463636,-0.6422637371063835,0.30161343075588765
4101804,-0.41050020108463636,-0.6422637371063835,0.30161343075588765
4102307,-0.41050020108463636,-0.6422637371063835,0.30161343075588765
4102901,-0.41050020108463636,-0.6422637371063835,0.30161343075588765
4103107,-0.41050020108463636,-0.6422637371063835,0.30161343075588765
4104006,-0.41050020108463636,-0.6422637371063835,0.30161343075588765
4104105,-0.41050020108463636,-0.6422637371063835,0.30161343075588765
4104204,-0.41050020108463636,-0.6422637371063835,0.30161343075588765
4104253,-0.41050020108463636,-0.6422637371063835,0.30161343075588765
4105201,-0.41050020108463636,-0.6422637371063835,0.30161343075588765
4105805,-0.41050020108463636,-0.6422637371063835,0.30161343075588765
4106209,-0.41050020108463636,-0.6422637371063835,0.30161343075588765
4106803,-0.41050020108463636,-0.6422637371063835,0.30161343075588765
4106902,-0.41050020108463636,-0.6422637371063835,0.30161343075588765
4107652,-0.41050020108463636,-0.6422637371063835,0.30161343075588765
4108502,-0.41050020108463636,-0.6422637371063835,0.30161343075588765
4109500,-0.41050020108463636,-0.6422637371063835,0.30161343075588765
4109609,-0.41050020108463636,-0.6422637371063835,0.30161343075588765
4111258,-0.41050020108463636,-0.6422637371063835,0.30161343075588765
4113205,-0.41050020108463636,-0.6422637371063835,0.30161343075588765
4114302,-0.41050020108463636,-0.6422637371063835,0.30161343075588765
4115705,-0.41050020108463636,-0.6422637371063835,0.30161343075588765
4116208,-0.41050020108463636,-0.6422637371063835,0.30161343075588765
4118204,-0.41050020108463636,-0.6422637371063835,0.30161343075588765
4118600,-0.41050020108463636,-0.6422637371063835,0.30161343075588765
4118709,-0.41050020108463636,-0.6422637371063835,0.30161343075588765
4119103,-0.41050020108463636,-0.6422637371063835,0.30161343075588765
4119152,-0.41050020108463636,-0.6422637371063835,0.30161343075588765
4119509,-0.41050020108463636,-0.6422637371063835,0.30161343075588765
4119954,-0.41050020108463636,-0.6422637371063835,0.30161343075588765
4120309,-0.41050020108463636,-0.6422637371063835,0.30161343075588765
4120804,-0.41050020108463636,-0.6422637371063835,0.30161343075588765
4121208,-0.41050020108463636,-0.6422637371063835,0.30161343075588765
4122206,-0.41050020108463636,-0.6422637371063835,0.30161343075588765
4122305,-0.41050020108463636,-0.6422637371063835,0.30161343075588765
4125506,-0.41050020108463636,-0.6422637371063835,0.30161343075588765
4125605,-0.41050020108463636,-0.6422637371063835,0.30161343075588765
4127601,-0.41050020108463636,-0.6422637371063835,0.30161343075588765
4127882,-0.41050020108463636,-0.6422637371063835,0.30161343075588765
4128203,-0.41050020108463636,-0.6422637371063835,0.30161343075588765
4128633,-0.41050020108463636,-0.6422637371063835,0.30161343075588765
4103040,-0.5148386791315673,-0.22958102620881396,0.5685895982946567
4103958,-0.5148386791315673,-0.22958102620881396,0.5685895982946567
4104428,-0.5148386791315673,-0.22958102620881396,0.5685895982946567
4104451,-0.5148386791315673,-0.22958102620881396,0.5685895982946567
4108452,-0.5148386791315673,-0.22958102620881396,0.5685895982946567
4108650,-0.5148386791315673,-0.22958102620881396,0.5685895982946567
4108957,-0.5148386791315673,-0.22958102620881396,0.5685895982946567
4109401,-0.5148386791315673,-0.22958102620881396,0.5685895982946567
4110201,-0.5148386791315673,-0.22958102620881396,0.5685895982946567
4113254,-0.5148386791315673,-0.22958102620881396,0.5685895982946567
4115739,-0.5148386791315673,-0.22958102620881396,0.5685895982946567
4117271,-0.5148386791315673,-0.22958102620881396,0.5685895982946567
4117800,-0.5148386791315673,-0.22958102620881396,0.5685895982946567
4119301,-0.5148386791315673,-0.22958102620881396,0.5685895982946567
4119608,-0.5148386791315673,-0.22958102620881396,0.5685895982946567
4120606,-0.5148386791315673,-0.22958102620881396,0.5685895982946567
4121752,-0.5148386791315673,-0.22958102620881396,0.5685895982946567
4123857,-0.5148386791315673,-0.22958102620881396,0.5685895982946567
4127965,-0.5148386791315673,-0.22958102620881396,0.5685895982946567
4101002,-0.4845295012150461,-0.5594832907232936,-0.14281138461213114
4101051,-0.4845295012150461,-0.5594832907232936,-0.14281138461213114
4102000,-0.4845295012150461,-0.5594832907232936,-0.14281138461213114
4102604,-0.4845295012150461,-0.5594832907232936,-0.14281138461213114
4102752,-0.4845295012150461,-0.5594832907232936,-0.14281138461213114
4103024,-0.4845295012150461,-0.5594832907232936,-0.14281138461213114
4103057,-0.4845295012150461,-0.5594832907232936,-0.14281138461213114
4103156,-0.4845295012150461,-0.5594832907232936,-0.14281138461213114
4103222,-0.4845295012150461,-0.5594832907232936,-0.14281138461213114
4103354,-0.4845295012150461,-0.5594832907232936,-0.14281138461213114
4103453,-0.4845295012150461,-0.5594832907232936,-0.14281138461213114
4104055,-0.4845295012150461,-0.5594832907232936,-0.14281138461213114
4104501,-0.4845295012150461,-0.5594832907232936,-0.14281138461213114
4104600,-0.4845295012150461,-0.5594832907232936,-0.14281138461213114
4104808,-0.4845295012150461,-0.5594832907232936,-0.14281138461213114
4105003,-0.4845295012150461,-0.5594832907232936,-0.14281138461213114
4105300,-0.4845295012150461,-0.5594832907232936,-0.14281138461213114
4105409,-0.4845295012150461,-0.5594832907232936,-0.14281138461213114
4105706,-0.4845295012150461,-0.5594832907232936,-0.14281138461213114
4106308,-0.4845295012150461,-0.5594832907232936,-0.14281138461213114
4106456,-0.4845295012150461,-0.5594832907232936,-0.14281138461213114
4106506,-0.4845295012150461,-0.5594832907232936,-0.14281138461213114
4106571,-0.4845295012150461,-0.5594832907232936,-0.14281138461213114
4107124,-0.4845295012150461,-0.5594832907232936,-0.14281138461213114
4107157,-0.4845295012150461,-0.5594832907232936,-0.14281138461213114
4107207,-0.4845295012150461,-0.5594832907232936,-0.14281138461213114
4107405,-0.4845295012150461,-0.5594832907232936,-0.14281138461213114
4107538,-0.4845295012150461,-0.5594832907232936,-0.14281138461213114
4107546,-0.4845295012150461,-0.5594832907232936,-0.14281138461213114
4107850,-0.4845295012150461,-0.5594832907232936,-0.14281138461213114
4108205,-0.4845295012150461,-0.5594832907232936,-0.14281138461213114
4108304,-0.4845295012150461,-0.5594832907232936,-0.14281138461213114
4108403,-0.4845295012150461,-0.5594832907232936,-0.14281138461213114
4108809,-0.4845295012150461,-0.5594832907232936,-0.14281138461213114
4109302,-0.4845295012150461,-0.5594832907232936,-0.14281138461213114
4109658,-0.4845295012150461,-0.5594832907232936,-0.14281138461213114
4109757,-0.4845295012150461,-0.5594832907232936,-0.14281138461213114
4110052,-0.4845295012150461,-0.5594832907232936,-0.14281138461213114
4110656,-0.4845295012150461,-0.5594832907232936,-0.14281138461213114
4110953,-0.4845295012150461,-0.5594832907232936,-0.14281138461213114
4111209,-0.4845295012150461,-0.5594832907232936,-0.14281138461213114
4112751,-0.4845295012150461,-0.5594832907232936,-0.14281138461213114
4113304,-0.4845295012150461,-0.5594832907232936,-0.14281138461213114
4113452,-0.4845295012150461,-0.5594832907232936,-0.14281138461213114
4114351,-0.4845295012150461,-0.5594832907232936,-0.14281138461213114
4114401,-0.4845295012150461,-0.5594832907232936,-0.14281138461213114
4114609,-0.4845295012150461,-0.5594832907232936,-0.14281138461213114
4115309,-0.4845295012150461,-0.5594832907232936,-0.14281138461213114
4115358,-0.4845295012150461,-0.5594832907232936,-0.14281138461213114
4115408,-0.4845295012150461,-0.5594832907232936,-0.14281138461213114
4115457,-0.4845295012150461,-0.5594832907232936,-0.14281138461213114
4115606,-0.4845295012150461,-0.5594832907232936,-0.14281138461213114
4115804,-0.4845295012150461,-0.5594832907232936,-0.14281138461213114
4115853,-0.4845295012150461,-0.5594832907232936,-0.14281138461213114
4116059,-0.4845295012150461,-0.5594832907232936,-0.14281138461213114
4116703,-0.4845295012150461,-0.5594832907232936,-0.14281138461213114
4116950,-0.4845295012150461,-0.5594832907232936,-0.14281138461213114
4117057,-0.4845295012150461,-0.5594832907232936,-0.14281138461213114
4117222,-0.4845295012150461,-0.5594832907232936,-0.14281138461213114
4117255,-0.4845295012150461,-0.5594832907232936,-0.14281138461213114
4117453,-0.4845295012150461,-0.5594832907232936,-0.14281138461213114
4117602,-0.4845295012150461,-0.5594832907232936,-0.14281138461213114
4117909,-0.4845295012150461,-0.5594832907232936,-0.14281138461213114
4118451,-0.4845295012150461,-0.5594832907232936,-0.14281138461213114
4118501,-0.4845295012150461,-0.5594832907232936,-0.14281138461213114
4119004,-0.4845295012150461,-0.5594832907232936,-0.14281138461213114
4119251,-0.4845295012150461,-0.5594832907232936,-0.14281138461213114
4119806,-0.4845295012150461,-0.5594832907232936,-0.14281138461213114
4120150,-0.4845295012150461,-0.5594832907232936,-0.14281138461213114
4120358,-0.4845295012150461,-0.5594832907232936,-0.14281138461213114
4120853,-0.4845295012150461,-0.5594832907232936,-0.14281138461213114
4120903,-0.4845295012150461,-0.5594832907232936,-0.14281138461213114
4121257,-0.4845295012150461,-0.5594832907232936,-0.14281138461213114
4121406,-0.4845295012150461,-0.5594832907232936,-0.14281138461213114
4121604,-0.4845295012150461,-0.5594832907232936,-0.14281138461213114
4122156,-0.4845295012150461,-0.5594832907232936,-0.14281138461213114
4122800,-0.4845295012150461,-0.5594832907232936,-0.14281138461213114
4123006,-0.4845295012150461,-0.5594832907232936,-0.14281138461213114
4123501,-0.4845295012150461,-0.5594832907232936,-0.14281138461213114
4123808,-0.4845295012150461,-0.5594832907232936,-0.14281138461213114
4123824,-0.4845295012150461,-0.5594832907232936,-0.14281138461213114
4124020,-0.4845295012150461,-0.5594832907232936,-0.14281138461213114
4124053,-0.4845295012150461,-0.5594832907232936,-0.14281138461213114
4124400,-0.4845295012150461,-0.5594832907232936,-0.14281138461213114
4124806,-0.4845295012150461,-0.5594832907232936,-0.14281138461213114
4125209,-0.4845295012150461,-0.5594832907232936,-0.14281138461213114
4125456,-0.4845295012150461,-0.5594832907232936,-0.14281138461213114
4125704,-0.4845295012150461,-0.5594832907232936,-0.14281138461213114
4125753,-0.4845295012150461,-0.5594832907232936,-0.14281138461213114
4126272,-0.4845295012150461,-0.5594832907232936,-0.14281138461213114
4126355,-0.4845295012150461,-0.5594832907232936,-0.14281138461213114
4126652,-0.4845295012150461,-0.5594832907232936,-0.14281138461213114
4127403,-0.4845295012150461,-0.5594832907232936,-0.14281138461213114
4127700,-0.4845295012150461,-0.5594832907232936,-0.14281138461213114
4127858,-0.4845295012150461,-0.5594832907232936,-0.14281138461213114
4127957,-0.4845295012150461,-0.5594832907232936,-0.14281138461213114
4128559,-0.4845295012150461,-0.5594832907232936,-0.14281138461213114
4128609,-0.4845295012150461,-0.5594832907232936,-0.14281138461213114
4128658,-0.4845295012150461,-0.5594832907232936,-0.14281138461213114
4128708,-0.4845295012150461,-0.5594832907232936,-0.14281138461213114
4100459,-0.33153826220682353,-0.5663805484879125,0.20078759579674818
4100509,-0.33153826220682353,-0.5663805484879125,0.20078759579674818
4100608,-0.33153826220682353,-0.5663805484879125,0.20078759579674818
4100707,-0.33153826220682353,-0.5663805484879125,0.20078759579674818
4100905,-0.33153826220682353,-0.5663805484879125,0.20078759579674818
4101150,-0.33153826220682353,-0.5663805484879125,0.20078759579674818
4101705,-0.33153826220682353,-0.5663805484879125,0.20078759579674818
4102109,-0.33153826220682353,-0.5663805484879125,0.20078759579674818
4102208,-0.33153826220682353,-0.5663805484879125,0.20078759579674818
4102505,-0.33153826220682353,-0.5663805484879125,0.20078759579674818
4103008,-0.33153826220682353,-0.5663805484879125,0.20078759579674818
4103370,-0.33153826220682353,-0.5663805484879125,0.20078759579674818
4103479,-0.33153826220682353,-0.5663805484879125,0.20078759579674818
4103909,-0.33153826220682353,-0.5663805484879125,0.20078759579674818
4104303,-0.33153826220682353,-0.5663805484879125,0.20078759579674818
4105508,-0.33153826220682353,-0.5663805484879125,0.20078759579674818
4105607,-0.33153826220682353,-0.5663805484879125,0.20078759579674818
4105904,-0.33153826220682353,-0.5663805484879125,0.20078759579674818
4106555,-0.33153826220682353,-0.5663805484879125,0.20078759579674818
4106605,-0.33153826220682353,-0.5663805484879125,0.20078759579674818
4106704,-0.33153826220682353,-0.5663805484879125,0.20078759579674818
4107108,-0.33153826220682353,-0.5663805484879125,0.20078759579674818
4107256,-0.33153826220682353,-0.5663805484879125,0.20078759579674818
4107306,-0.33153826220682353,-0.5663805484879125,0.20078759579674818
4107504,-0.33153826220682353,-0.5663805484879125,0.20078759579674818
4107520,-0.33153826220682353,-0.5663805484879125,0.20078759579674818
4107553,-0.33153826220682353,-0.5663805484879125,0.20078759579674818
4107702,-0.33153826220682353,-0.5663805484879125,0.20078759579674818
4107801,-0.33153826220682353,-0.5663805484879125,0.20078759579674818
4107900,-0.33153826220682353,-0.5663805484879125,0.20078759579674818
4108106,-0.33153826220682353,-0.5663805484879125,0.20078759579674818
4108320,-0.33153826220682353,-0.5663805484879125,0.20078759579674818
4108601,-0.33153826220682353,-0.5663805484879125,0.20078759579674818
4108908,-0.33153826220682353,-0.5663805484879125,0.20078759579674818
4109104,-0.33153826220682353,-0.5663805484879125,0.20078759579674818
4109906,-0.33153826220682353,-0.5663805484879125,0.20078759579674818
4110003,-0.33153826220682353,-0.5663805484879125,0.20078759579674818
4110300,-0.33153826220682353,-0.5663805484879125,0.20078759579674818
4110409,-0.33153826220682353,-0.5663805484879125,0.20078759579674818
4110607,-0.33153826220682353,-0.5663805484879125,0.20078759579674818
4110805,-0.33153826220682353,-0.5663805484879125,0.20078759579674818
4110904,-0.33153826220682353,-0.5663805484879125,0.20078759579674818
4111100,-0.33153826220682353,-0.5663805484879125,0.20078759579674818
4111308,-0.33153826220682353,-0.5663805484879125,0.20078759579674818
4111555,-0.33153826220682353,-0.5663805484879125,0.20078759579674818
4111605,-0.33153826220682353,-0.5663805484879125,0.20078759579674818
4112207,-0.33153826220682353,-0.5663805484879125,0.20078759579674818
4112405,-0.33153826220682353,-0.5663805484879125,0.20078759579674818
4112603,-0.33153826220682353,-0.5663805484879125,0.20078759579674818
4112959,-0.33153826220682353,-0.5663805484879125,0.20078759579674818
4113007,-0.33153826220682353,-0.5663805484879125,0.20078759579674818
4113502,-0.33153826220682353,-0.5663805484879125,0.20078759579674818
4113601,-0.33153826220682353,-0.5663805484879125,0.20078759579674818
4113734,-0.33153826220682353,-0.5663805484879125,0.20078759579674818
4114005,-0.33153826220682353,-0.5663805484879125,0.20078759579674818
4114104,-0.33153826220682353,-0.5663805484879125,0.20078759579674818
4114203,-0.33153826220682353,-0.5663805484879125,0.20078759579674818
4114708,-0.33153826220682353,-0.5663805484879125,0.20078759579674818
4114807,-0.33153826220682353,-0.5663805484879125,0.20078759579674818
4115002,-0.33153826220682353,-0.5663805484879125,0.20078759579674818
4115101,-0.33153826220682353,-0.5663805484879125,0.20078759579674818
4115200,-0.33153826220682353,-0.5663805484879125,0.20078759579674818
4115903,-0.33153826220682353,-0.5663805484879125,0.20078759579674818
4116109,-0.33153826220682353,-0.5663805484879125,0.20078759579674818
4116307,-0.33153826220682353,-0.5663805484879125,0.20078759579674818
4116406,-0.33153826220682353,-0.5663805484879125,0.20078759579674818
4116505,-0.33153826220682353,-0.5663805484879125,0.20078759579674818
4116802,-0.33153826220682353,-0.5663805484879125,0.20078759579674818
4116901,-0.33153826220682353,-0.5663805484879125,0.20078759579674818
4117107,-0.33153826220682353,-0.5663805484879125,0.20078759579674818
4117206,-0.33153826220682353,-0.5663805484879125,0.20078759579674818
4117404,-0.33153826220682353,-0.5663805484879125,0.20078759579674818
4117503,-0.33153826220682353,-0.5663805484879125,0.20078759579674818
4118006,-0.33153826220682353,-0.5663805484879125,0.20078759579674818
4118105,-0.33153826220682353,-0.5663805484879125,0.20078759579674818
4118303,-0.33153826220682353,-0.5663805484879125,0.20078759579674818
4118402,-0.33153826220682353,-0.5663805484879125,0.20078759579674818
4118808,-0.33153826220682353,-0.5663805484879125,0.20078759579674818
4118857,-0.33153826220682353,-0.5663805484879125,0.20078759579674818
4118907,-0.33153826220682353,-0.5663805484879125,0.20078759579674818
4119707,-0.33153826220682353,-0.5663805484879125,0.20078759579674818
4120200,-0.33153826220682353,-0.5663805484879125,0.20078759579674818
4120408,-0.33153826220682353,-0.5663805484879125,0.20078759579674818
4120655,-0.33153826220682353,-0.5663805484879125,0.20078759579674818
4121000,-0.33153826220682353,-0.5663805484879125,0.20078759579674818
4121109,-0.33153826220682353,-0.5663805484879125,0.20078759579674818
4121356,-0.33153826220682353,-0.5663805484879125,0.20078759579674818
4122503,-0.33153826220682353,-0.5663805484879125,0.20078759579674818
4122602,-0.33153826220682353,-0.5663805484879125,0.20078759579674818
4123303,-0.33153826220682353,-0.5663805484879125,0.20078759579674818
4123402,-0.33153826220682353,-0.5663805484879125,0.20078759579674818
4123600,-0.33153826220682353,-0.5663805484879125,0.20078759579674818
4123709,-0.33153826220682353,-0.5663805484879125,0.20078759579674818
4123956,-0.33153826220682353,-0.5663805484879125,0.20078759579674818
4124202,-0.33153826220682353,-0.5663805484879125,0.20078759579674818
4124509,-0.33153826220682353,-0.5663805484879125,0.20078759579674818
4124608,-0.33153826220682353,-0.5663805484879125,0.20078759579674818
4124905,-0.33153826220682353,-0.5663805484879125,0.20078759579674818
4125308,-0.33153826220682353,-0.5663805484879125,0.20078759579674818
4125357,-0.33153826220682353,-0.5663805484879125,0.20078759579674818
4125555,-0.33153826220682353,-0.5663805484879125,0.20078759579674818
4125902,-0.33153826220682353,-0.5663805484879125,0.20078759579674818
4126108,-0.33153826220682353,-0.5663805484879125,0.20078759579674818
4126256,-0.33153826220682353,-0.5663805484879125,0.20078759579674818
4126702,-0.33153826220682353,-0.5663805484879125,0.20078759579674818
4126801,-0.33153826220682353,-0.5663805484879125,0.20078759579674818
4126900,-0.33153826220682353,-0.5663805484879125,0.20078759579674818
4127205,-0.33153826220682353,-0.5663805484879125,0.20078759579674818
4127304,-0.33153826220682353,-0.5663805484879125,0.20078759579674818
4127908,-0.33153826220682353,-0.5663805484879125,0.20078759579674818
4128005,-0.33153826220682353,-0.5663805484879125,0.20078759579674818
4128104,-0.33153826220682353,-0.5663805484879125,0.20078759579674818
4128302,-0.33153826220682353,-0.5663805484879125,0.20078759579674818
4128625,-0.33153826220682353,-0.5663805484879125,0.20078759579674818
4128807,-0.33153826220682353,-0.5663805484879125,0.20078759579674818
4100103,-0.40374866640770574,-0.6309714822913781,0.03337948248969153
4100806,-0.40374866640770574,-0.6309714822913781,0.03337948248969153
4101101,-0.40374866640770574,-0.6309714822913781,0.03337948248969153
4101408,-0.40374866640770574,-0.6309714822913781,0.03337948248969153
4101507,-0.40374866640770574,-0.6309714822913781,0.03337948248969153
4101655,-0.40374866640770574,-0.6309714822913781,0.03337948248969153
4101853,-0.40374866640770574,-0.6309714822913781,0.03337948248969153
4101903,-0.40374866640770574,-0.6309714822913781,0.03337948248969153
4102406,-0.40374866640770574,-0.6309714822913781,0.03337948248969153
4102703,-0.40374866640770574,-0.6309714822913781,0.03337948248969153
4102802,-0.40374866640770574,-0.6309714822913781,0.03337948248969153
4103206,-0.40374866640770574,-0.6309714822913781,0.03337948248969153
4103305,-0.40374866640770574,-0.6309714822913781,0.03337948248969153
4103404,-0.40374866640770574,-0.6309714822913781,0.03337948248969153
4103503,-0.40374866640770574,-0.6309714822913781,0.03337948248969153
4103602,-0.40374866640770574,-0.6309714822913781,0.03337948248969153
4103701,-0.40374866640770574,-0.6309714822913781,0.03337948248969153
4103800,-0.40374866640770574,-0.6309714822913781,0.03337948248969153
4104402,-0.40374866640770574,-0.6309714822913781,0.03337948248969153
4104709,-0.40374866640770574,-0.6309714822913781,0.03337948248969153
4105102,-0.40374866640770574,-0.6309714822913781,0.03337948248969153
4106001,-0.40374866640770574,-0.6309714822913781,0.03337948248969153
4106100,-0.40374866640770574,-0.6309714822913781,0.03337948248969153
4106407,-0.40374866640770574,-0.6309714822913781,0.03337948248969153
4106852,-0.40374866640770574,-0.6309714822913781,0.03337948248969153
4107603,-0.40374866640770574,-0.6309714822913781,0.03337948248969153
4107751,-0.40374866640770574,-0.6309714822913781,0.03337948248969153
4108007,-0.40374866640770574,-0.6309714822913781,0.03337948248969153
4108551,-0.40374866640770574,-0.6309714822913781,0.03337948248969153
4108700,-0.40374866640770574,-0.6309714822913781,0.03337948248969153
4109005,-0.40374866640770574,-0.6309714822913781,0.03337948248969153
4109203,-0.40374866640770574,-0.6309714822913781,0.03337948248969153
4109708,-0.40374866640770574,-0.6309714822913781,0.03337948248969153
4109807,-0.40374866640770574,-0.6309714822913781,0.03337948248969153
4111001,-0.40374866640770574,-0.6309714822913781,0.03337948248969153
4111506,-0.40374866640770574,-0.6309714822913781,0.03337948248969153
4111704,-0.40374866640770574,-0.6309714822913781,0.03337948248969153
4111803,-0.40374866640770574,-0.6309714822913781,0.03337948248969153
4111902,-0.40374866640770574,-0.6309714822913781,0.03337948248969153
4112108,-0.40374866640770574,-0.6309714822913781,0.03337948248969153
4112306,-0.40374866640770574,-0.6309714822913781,0.03337948248969153
4112504,-0.40374866640770574,-0.6309714822913781,0.03337948248969153
4112702,-0.40374866640770574,-0.6309714822913781,0.03337948248969153
4112801,-0.40374866640770574,-0.6309714822913781,0.03337948248969153
4112900,-0.40374866640770574,-0.6309714822913781,0.03337948248969153
4113106,-0.40374866640770574,-0.6309714822913781,0.03337948248969153
4113403,-0.40374866640770574,-0.6309714822913781,0.03337948248969153
4113429,-0.40374866640770574,-0.6309714822913781,0.03337948248969153
4113700,-0.40374866640770574,-0.6309714822913781,0.03337948248969153
4113759,-0.40374866640770574,-0.6309714822913781,0.03337948248969153
4113809,-0.40374866640770574,-0.6309714822913781,0.03337948248969153
4114500,-0.40374866640770574,-0.6309714822913781,0.03337948248969153
4114906,-0.40374866640770574,-0.6309714822913781,0.03337948248969153
4115507,-0.40374866640770574,-0.6309714822913781,0.03337948248969153
4115754,-0.40374866640770574,-0.6309714822913781,0.03337948248969153
4116000,-0.40374866640770574,-0.6309714822913781,0.03337948248969153
4116604,-0.40374866640770574,-0.6309714822913781,0.03337948248969153
4117008,-0.40374866640770574,-0.6309714822913781,0.03337948248969153
4117214,-0.40374866640770574,-0.6309714822913781,0.03337948248969153
4117297,-0.40374866640770574,-0.6309714822913781,0.03337948248969153
4119202,-0.40374866640770574,-0.6309714822913781,0.03337948248969153
4119657,-0.40374866640770574,-0.6309714822913781,0.03337948248969153
4120002,-0.40374866640770574,-0.6309714822913781,0.03337948248969153
4120333,-0.40374866640770574,-0.6309714822913781,0.03337948248969153
4120507,-0.40374866640770574,-0.6309714822913781,0.03337948248969153
4120705,-0.40374866640770574,-0.6309714822913781,0.03337948248969153
4121307,-0.40374866640770574,-0.6309714822913781,0.03337948248969153
4121802,-0.40374866640770574,-0.6309714822913781,0.03337948248969153
4121901,-0.40374866640770574,-0.6309714822913781,0.03337948248969153
4122107,-0.40374866640770574,-0.6309714822913781,0.03337948248969153
4122172,-0.40374866640770574,-0.6309714822913781,0.03337948248969153
4122404,-0.40374866640770574,-0.6309714822913781,0.03337948248969153
4122651,-0.40374866640770574,-0.6309714822913781,0.03337948248969153
4122701,-0.40374866640770574,-0.6309714822913781,0.03337948248969153
4122909,-0.40374866640770574,-0.6309714822913781,0.03337948248969153
4123105,-0.40374866640770574,-0.6309714822913781,0.03337948248969153
4123204,-0.40374866640770574,-0.6309714822913781,0.03337948248969153
4123907,-0.40374866640770574,-0.6309714822913781,0.03337948248969153
4124004,-0.40374866640770574,-0.6309714822913781,0.03337948248969153
4124103,-0.40374866640770574,-0.6309714822913781,0.03337948248969153
4124301,-0.40374866640770574,-0.6309714822913781,0.03337948248969153
4124707,-0.40374866640770574,-0.6309714822913781,0.03337948248969153
4125001,-0.40374866640770574,-0.6309714822913781,0.03337948248969153
4125407,-0.40374866640770574,-0.6309714822913781,0.03337948248969153
4125803,-0.40374866640770574,-0.6309714822913781,0.03337948248969153
4126009,-0.40374866640770574,-0.6309714822913781,0.03337948248969153
4126207,-0.40374866640770574,-0.6309714822913781,0.03337948248969153
4126405,-0.40374866640770574,-0.6309714822913781,0.03337948248969153
4126504,-0.40374866640770574,-0.6309714822913781,0.03337948248969153
4126603,-0.40374866640770574,-0.6309714822913781,0.03337948248969153
4126678,-0.40374866640770574,-0.6309714822913781,0.03337948248969153
4127809,-0.40374866640770574,-0.6309714822913781,0.03337948248969153
4128401,-0.40374866640770574,-0.6309714822913781,0.03337948248969153
4128500,-0.40374866640770574,-0.6309714822913781,0.03337948248969153
4101606,0.2742863173329365,-0.5175292257716265,0.38887109039639073
4104659,0.2742863173329365,-0.5175292257716265,0.38887109039639073
4104907,0.2742863173329365,-0.5175292257716265,0.38887109039639073
4107009,0.2742863173329365,-0.5175292257716265,0.38887109039639073
4107736,0.2742863173329365,-0.5175292257716265,0.38887109039639073
4110078,0.2742863173329365,-0.5175292257716265,0.38887109039639073
4110102,0.2742863173329365,-0.5175292257716265,0.38887109039639073
4110508,0.2742863173329365,-0.5175292257716265,0.38887109039639073
4110706,0.2742863173329365,-0.5175292257716265,0.38887109039639073
4111407,0.2742863173329365,-0.5175292257716265,0.38887109039639073
4112009,0.2742863173329365,-0.5175292257716265,0.38887109039639073
4113908,0.2742863173329365,-0.5175292257716265,0.38887109039639073
4117305,0.2742863173329365,-0.5175292257716265,0.38887109039639073
4117701,0.2742863173329365,-0.5175292257716265,0.38887109039639073
4119400,0.2742863173329365,-0.5175292257716265,0.38887109039639073
4119905,0.2742863173329365,-0.5175292257716265,0.38887109039639073
4120101,0.2742863173329365,-0.5175292257716265,0.38887109039639073
4121505,0.2742863173329365,-0.5175292257716265,0.38887109039639073
4121703,0.2742863173329365,-0.5175292257716265,0.38887109039639073
4122008,0.2742863173329365,-0.5175292257716265,0.38887109039639073
4125100,0.2742863173329365,-0.5175292257716265,0.38887109039639073
4126306,0.2742863173329365,-0.5175292257716265,0.38887109039639073
4127007,0.2742863173329365,-0.5175292257716265,0.38887109039639073
4127106,0.2742863173329365,-0.5175292257716265,0.38887109039639073
4127502,0.2742863173329365,-0.5175292257716265,0.38887109039639073
4128534,0.2742863173329365,-0.5175292257716265,0.38887109039639073
4200606,-0.5663756020139166,-0.05263037749013904,-0.12333038458991401
4200705,-0.5663756020139166,-0.05263037749013904,-0.12333038458991401
4200903,-0.5663756020139166,-0.05263037749013904,-0.12333038458991401
4201109,-0.5663756020139166,-0.05263037749013904,-0.12333038458991401
4201208,-0.5663756020139166,-0.05263037749013904,-0.12333038458991401
4202305,-0.5663756020139166,-0.05263037749013904,-0.12333038458991401
4205407,-0.5663756020139166,-0.05263037749013904,-0.12333038458991401
4205704,-0.5663756020139166,-0.05263037749013904,-0.12333038458991401
4206009,-0.5663756020139166,-0.05263037749013904,-0.12333038458991401
4207304,-0.5663756020139166,-0.05263037749013904,-0.12333038458991401
4211900,-0.5663756020139166,-0.05263037749013904,-0.12333038458991401
4212304,-0.5663756020139166,-0.05263037749013904,-0.12333038458991401
4214300,-0.5663756020139166,-0.05263037749013904,-0.12333038458991401
4215703,-0.5663756020139166,-0.05263037749013904,-0.12333038458991401
4215901,-0.5663756020139166,-0.05263037749013904,-0.12333038458991401
4216602,-0.5663756020139166,-0.05263037749013904,-0.12333038458991401
4217253,-0.5663756020139166,-0.05263037749013904,-0.12333038458991401
4201406,-0.14444917734777873,-0.17181405318312834,0.8960404418070237
4201505,-0.14444917734777873,-0.17181405318312834,0.8960404418070237
4201950,-0.14444917734777873,-0.17181405318312834,0.8960404418070237
4202073,-0.14444917734777873,-0.17181405318312834,0.8960404418070237
4202800,-0.14444917734777873,-0.17181405318312834,0.8960404418070237
4203956,-0.14444917734777873,-0.17181405318312834,0.8960404418070237
4204251,-0.14444917734777873,-0.17181405318312834,0.8960404418070237
4204608,-0.14444917734777873,-0.17181405318312834,0.8960404418070237
4205191,-0.14444917734777873,-0.17181405318312834,0.8960404418070237
4205456,-0.14444917734777873,-0.17181405318312834,0.8960404418070237
4206108,-0.14444917734777873,-0.17181405318312834,0.8960404418070237
4206207,-0.14444917734777873,-0.17181405318312834,0.8960404418070237
4207007,-0.14444917734777873,-0.17181405318312834,0.8960404418070237
4207205,-0.14444917734777873,-0.17181405318312834,0.8960404418070237
4208708,-0.14444917734777873,-0.17181405318312834,0.8960404418070237
4208807,-0.14444917734777873,-0.17181405318312834,0.8960404418070237
4209409,-0.14444917734777873,-0.17181405318312834,0.8960404418070237
4209607,-0.14444917734777873,-0.17181405318312834,0.8960404418070237
4210407,-0.14444917734777873,-0.17181405318312834,0.8960404418070237
4210803,-0.14444917734777873,-0.17181405318312834,0.8960404418070237
4211207,-0.14444917734777873,-0.17181405318312834,0.8960404418070237
4211256,-0.14444917734777873,-0.17181405318312834,0.8960404418070237
4211603,-0.14444917734777873,-0.17181405318312834,0.8960404418070237
4211702,-0.14444917734777873,-0.17181405318312834,0.8960404418070237
4212254,-0.14444917734777873,-0.17181405318312834,0.8960404418070237
4212403,-0.14444917734777873,-0.17181405318312834,0.8960404418070237
4212650,-0.14444917734777873,-0.17181405318312834,0.8960404418070237
4213807,-0.14444917734777873,-0.17181405318312834,0.8960404418070237
4214904,-0.14444917734777873,-0.17181405318312834,0.8960404418070237
4215455,-0.14444917734777873,-0.17181405318312834,0.8960404418070237
4215604,-0.14444917734777873,-0.17181405318312834,0.8960404418070237
4215653,-0.14444917734777873,-0.17181405318312834,0.8960404418070237
4216404,-0.14444917734777873,-0.17181405318312834,0.8960404418070237
4217006,-0.14444917734777873,-0.17181405318312834,0.8960404418070237
4217105,-0.14444917734777873,-0.17181405318312834,0.8960404418070237
4217600,-0.14444917734777873,-0.17181405318312834,0.8960404418070237
4217709,-0.14444917734777873,-0.17181405318312834,0.8960404418070237
4218103,-0.14444917734777873,-0.17181405318312834,0.8960404418070237
4218350,-0.14444917734777873,-0.17181405318312834,0.8960404418070237
4218400,-0.14444917734777873,-0.17181405318312834,0.8960404418070237
4218707,-0.14444917734777873,-0.17181405318312834,0.8960404418070237
4218806,-0.14444917734777873,-0.17181405318312834,0.8960404418070237
4219002,-0.14444917734777873,-0.17181405318312834,0.8960404418070237
4220000,-0.14444917734777873,-0.17181405318312834,0.8960404418070237
4201000,0.2313203860958346,0.7056260538335264,0.8115335898104143
4202438,0.2313203860958346,0.7056260538335264,0.8115335898104143
4202503,0.2313203860958346,0.7056260538335264,0.8115335898104143
4202602,0.2313203860958346,0.7056260538335264,0.8115335898104143
4202875,0.2313203860958346,0.7056260538335264,0.8115335898104143
4203253,0.2313203860958346,0.7056260538335264,0.8115335898104143
4203402,0.2313203860958346,0.7056260538335264,0.8115335898104143
4204178,0.2313203860958346,0.7056260538335264,0.8115335898104143
4204558,0.2313203860958346,0.7056260538335264,0.8115335898104143
4204806,0.2313203860958346,0.7056260538335264,0.8115335898104143
4205555,0.2313203860958346,0.7056260538335264,0.8115335898104143
4209300,0.2313203860958346,0.7056260538335264,0.8115335898104143
4211751,0.2313203860958346,0.7056260538335264,0.8115335898104143
4211892,0.2313203860958346,0.7056260538335264,0.8115335898104143
4212056,0.2313203860958346,0.7056260538335264,0.8115335898104143
4213302,0.2313203860958346,0.7056260538335264,0.8115335898104143
4213351,0.2313203860958346,0.7056260538335264,0.8115335898104143
4215059,0.2313203860958346,0.7056260538335264,0.8115335898104143
4215505,0.2313203860958346,0.7056260538335264,0.8115335898104143
4216057,0.2313203860958346,0.7056260538335264,0.8115335898104143
4216503,0.2313203860958346,0.7056260538335264,0.8115335898104143
4216800,0.2313203860958346,0.7056260538335264,0.8115335898104143
4218905,0.2313203860958346,0.7056260538335264,0.8115335898104143
4218954,0.2313203860958346,0.7056260538335264,0.8115335898104143
4200051,-0.18175431480683552,-0.6248137710317379,0.28509051169829613
4200101,-0.18175431480683552,-0.6248137710317379,0.28509051169829613
4200408,-0.18175431480683552,-0.6248137710317379,0.28509051169829613
4200507,-0.18175431480683552,-0.6248137710317379,0.28509051169829613
4200556,-0.18175431480683552,-0.6248137710317379,0.28509051169829613
4200754,-0.18175431480683552,-0.6248137710317379,0.28509051169829613
4200804,-0.18175431480683552,-0.6248137710317379,0.28509051169829613
4201273,-0.18175431480683552,-0.6248137710317379,0.28509051169829613
4201653,-0.18175431480683552,-0.6248137710317379,0.28509051169829613
4202081,-0.18175431480683552,-0.6248137710317379,0.28509051169829613
4202099,-0.18175431480683552,-0.6248137710317379,0.28509051169829613
4202156,-0.18175431480683552,-0.6248137710317379,0.28509051169829613
4202537,-0.18175431480683552,-0.6248137710317379,0.28509051169829613
4202578,-0.18175431480683552,-0.6248137710317379,0.28509051169829613
4203105,-0.18175431480683552,-0.6248137710317379,0.28509051169829613
4203501,-0.18175431480683552,-0.6248137710317379,0.28509051169829613
4203600,-0.18175431480683552,-0.6248137710317379,0.28509051169829613
4203907,-0.18175431480683552,-0.6248137710317379,0.28509051169829613
4204004,-0.18175431480683552,-0.6248137710317379,0.28509051169829613
4204103,-0.18175431480683552,-0.6248137710317379,0.28509051169829613
4204152,-0.18175431480683552,-0.6248137710317379,0.28509051169829613
4204202,-0.18175431480683552,-0.6248137710317379,0.28509051169829613
4204301,-0.18175431480683552,-0.6248137710317379,0.28509051169829613
4204350,-0.18175431480683552,-0.6248137710317379,0.28509051169829613
4204400,-0.18175431480683552,-0.6248137710317379,0.28509051169829613
4204459,-0.18175431480683552,-0.6248137710317379,0.28509051169829613
4204707,-0.18175431480683552,-0.6248137710317379,0.28509051169829613
4204756,-0.18175431480683552,-0.6248137710317379,0.28509051169829613
4204905,-0.18175431480683552,-0.6248137710317379,0.28509051169829613
4205001,-0.18175431480683552,-0.6248137710317379,0.28509051169829613
4205175,-0.18175431480683552,-0.6248137710317379,0.28509051169829613
4205209,-0.18175431480683552,-0.6248137710317379,0.28509051169829613
4205308,-0.18175431480683552,-0.6248137710317379,0.28509051169829613
4205357,-0.18175431480683552,-0.6248137710317379,0.28509051169829613
4205431,-0.18175431480683552,-0.6248137710317379,0.28509051169829613
4205605,-0.18175431480683552,-0.6248137710317379,0.28509051169829613
4206405,-0.18175431480683552,-0.6248137710317379,0.28509051169829613
4206603,-0.18175431480683552,-0.6248137710317379,0.28509051169829613
4206652,-0.18175431480683552,-0.6248137710317379,0.28509051169829613
4206702,-0.18175431480683552,-0.6248137710317379,0.28509051169829613
4206801,-0.18175431480683552,-0.6248137710317379,0.28509051169829613
4207601,-0.18175431480683552,-0.6248137710317379,0.28509051169829613
4207650,-0.18175431480683552,-0.6248137710317379,0.28509051169829613
4207684,-0.18175431480683552,-0.6248137710317379,0.28509051169829613
4207700,-0.18175431480683552,-0.6248137710317379,0.28509051169829613
4207759,-0.18175431480683552,-0.6248137710317379,0.28509051169829613
4207809,-0.18175431480683552,-0.6248137710317379,0.28509051169829613
4207858,-0.18175431480683552,-0.6248137710317379,0.28509051169829613
4208005,-0.18175431480683552,-0.6248137710317379,0.28509051169829613
4208401,-0.18175431480683552,-0.6248137710317379,0.28509051169829613
4208609,-0.18175431480683552,-0.6248137710317379,0.28509051169829613
4208955,-0.18175431480683552,-0.6248137710317379,0.28509051169829613
4209003,-0.18175431480683552,-0.6248137710317379,0.28509051169829613
4209177,-0.18175431480683552,-0.6248137710317379,0.28509051169829613
4209201,-0.18175431480683552,-0.6248137710317379,0.28509051169829613
4209458,-0.18175431480683552,-0.6248137710317379,0.28509051169829613
4209854,-0.18175431480683552,-0.6248137710317379,0.28509051169829613
4210035,-0.18175431480683552,-0.6248137710317379,0.28509051169829613
4210506,-0.18175431480683552,-0.6248137710317379,0.28509051169829613
4210555,-0.18175431480683552,-0.6248137710317379,0.28509051169829613
4210902,-0.18175431480683552,-0.6248137710317379,0.28509051169829613
4211009,-0.18175431480683552,-0.6248137710317379,0.28509051169829613
4211405,-0.18175431480683552,-0.6248137710317379,0.28509051169829613
4211454,-0.18175431480683552,-0.6248137710317379,0.28509051169829613
4211652,-0.18175431480683552,-0.6248137710317379,0.28509051169829613
4211801,-0.18175431480683552,-0.6248137710317379,0.28509051169829613
4211850,-0.18175431480683552,-0.6248137710317379,0.28509051169829613
4211876,-0.18175431480683552,-0.6248137710317379,0.28509051169829613
4212007,-0.18175431480683552,-0.6248137710317379,0.28509051169829613
4212106,-0.18175431480683552,-0.6248137710317379,0.28509051169829613
4212239,-0.18175431480683552,-0.6248137710317379,0.28509051169829613
4212270,-0.18175431480683552,-0.6248137710317379,0.28509051169829613
4212601,-0.18175431480683552,-0.6248137710317379,0.28509051169829613
4212908,-0.18175431480683552,-0.6248137710317379,0.28509051169829613
4213104,-0.18175431480683552,-0.6248137710317379,0.28509051169829613
4213153,-0.18175431480683552,-0.6248137710317379,0.28509051169829613
4213401,-0.18175431480683552,-0.6248137710317379,0.28509051169829613
4213906,-0.18175431480683552,-0.6248137710317379,0.28509051169829613
4214151,-0.18175431480683552,-0.6248137710317379,0.28509051169829613
4214201,-0.18175431480683552,-0.6248137710317379,0.28509051169829613
4215075,-0.18175431480683552,-0.6248137710317379,0.28509051169829613
4215208,-0.18175431480683552,-0.6248137710317379,0.28509051169829613
4215356,-0.18175431480683552,-0.6248137710317379,0.28509051169829613
4215554,-0.18175431480683552,-0.6248137710317379,0.28509051169829613
4215687,-0.18175431480683552,-0.6248137710317379,0.28509051169829613
4215695,-0.18175431480683552,-0.6248137710317379,0.28509051169829613
4215752,-0.18175431480683552,-0.6248137710317379,0.28509051169829613
4216008,-0.18175431480683552,-0.6248137710317379,0.28509051169829613
4216107,-0.18175431480683552,-0.6248137710317379,0.28509051169829613
4216255,-0.18175431480683552,-0.6248137710317379,0.28509051169829613
4216701,-0.18175431480683552,-0.6248137710317379,0.28509051169829613
4216909,-0.18175431480683552,-0.6248137710317379,0.28509051169829613
4217154,-0.18175431480683552,-0.6248137710317379,0.28509051169829613
4217204,-0.18175431480683552,-0.6248137710317379,0.28509051169829613
4217303,-0.18175431480683552,-0.6248137710317379,0.28509051169829613
4217501,-0.18175431480683552,-0.6248137710317379,0.28509051169829613
4217550,-0.18175431480683552,-0.6248137710317379,0.28509051169829613
4217758,-0.18175431480683552,-0.6248137710317379,0.28509051169829613
4217956,-0.18175431480683552,-0.6248137710317379,0.28509051169829613
4218509,-0.18175431480683552,-0.6248137710317379,0.28509051169829613
4218756,-0.18175431480683552,-0.6248137710317379,0.28509051169829613
4218855,-0.18175431480683552,-0.6248137710317379,0.28509051169829613
4219101,-0.18175431480683552,-0.6248137710317379,0.28509051169829613
4219150,-0.18175431480683552,-0.6248137710317379,0.28509051169829613
4219176,-0.18175431480683552,-0.6248137710317379,0.28509051169829613
4219507,-0.18175431480683552,-0.6248137710317379,0.28509051169829613
4219606,-0.18175431480683552,-0.6248137710317379,0.28509051169829613
4219705,-0.18175431480683552,-0.6248137710317379,0.28509051169829613
4219853,-0.18175431480683552,-0.6248137710317379,0.28509051169829613
4201604,-0.415985139917226,-0.25722623102777703,0.20254576198382732
4203006,-0.415985139917226,-0.25722623102777703,0.20254576198382732
4203154,-0.415985139917226,-0.25722623102777703,0.20254576198382732
4205506,-0.415985139917226,-0.25722623102777703,0.20254576198382732
4206751,-0.415985139917226,-0.25722623102777703,0.20254576198382732
4207577,-0.415985139917226,-0.25722623102777703,0.20254576198382732
4209706,-0.415985139917226,-0.25722623102777703,0.20254576198382732
4210050,-0.415985139917226,-0.25722623102777703,0.20254576198382732
4210704,-0.415985139917226,-0.25722623102777703,0.20254576198382732
4211058,-0.415985139917226,-0.25722623102777703,0.20254576198382732
4213005,-0.415985139917226,-0.25722623102777703,0.20254576198382732
4214409,-0.415985139917226,-0.25722623102777703,0.20254576198382732
4215406,-0.415985139917226,-0.25722623102777703,0.20254576198382732
4217907,-0.415985139917226,-0.25722623102777703,0.20254576198382732
4218251,-0.415985139917226,-0.25722623102777703,0.20254576198382732
4219309,-0.415985139917226,-0.25722623102777703,0.20254576198382732
4201307,-0.44945535981119955,-0.7184332837248902,0.33549303247798784
4202057,-0.44945535981119955,-0.7184332837248902,0.33549303247798784
4202131,-0.44945535981119955,-0.7184332837248902,0.33549303247798784
4203303,-0.44945535981119955,-0.7184332837248902,0.33549303247798784
4203808,-0.44945535981119955,-0.7184332837248902,0.33549303247798784
4204509,-0.44945535981119955,-0.7184332837248902,0.33549303247798784
4205803,-0.44945535981119955,-0.7184332837248902,0.33549303247798784
4206504,-0.44945535981119955,-0.7184332837248902,0.33549303247798784
4207908,-0.44945535981119955,-0.7184332837248902,0.33549303247798784
4208104,-0.44945535981119955,-0.7184332837248902,0.33549303247798784
4208450,-0.44945535981119955,-0.7184332837248902,0.33549303247798784
4208906,-0.44945535981119955,-0.7184332837248902,0.33549303247798784
4209102,-0.44945535981119955,-0.7184332837248902,0.33549303247798784
4210100,-0.44945535981119955,-0.7184332837248902,0.33549303247798784
4210308,-0.44945535981119955,-0.7184332837248902,0.33549303247798784
4210605,-0.44945535981119955,-0.7184332837248902,0.33549303247798784
4211108,-0.44945535981119955,-0.7184332837248902,0.33549303247798784
4212205,-0.44945535981119955,-0.7184332837248902,0.33549303247798784
4213609,-0.44945535981119955,-0.7184332837248902,0.33549303247798784
4215000,-0.44945535981119955,-0.7184332837248902,0.33549303247798784
4215802,-0.44945535981119955,-0.7184332837248902,0.33549303247798784
4216206,-0.44945535981119955,-0.7184332837248902,0.33549303247798784
4216354,-0.44945535981119955,-0.7184332837248902,0.33549303247798784
4217402,-0.44945535981119955,-0.7184332837248902,0.33549303247798784
4218301,-0.44945535981119955,-0.7184332837248902,0.33549303247798784
4200200,-0.4370965844050725,-0.5571671185847695,0.16468862495949313
4200309,-0.4370965844050725,-0.5571671185847695,0.16468862495949313
4201257,-0.4370965844050725,-0.5571671185847695,0.16468862495949313
4201703,-0.4370965844050725,-0.5571671185847695,0.16468862495949313
4201802,-0.4370965844050725,-0.5571671185847695,0.16468862495949313
4201901,-0.4370965844050725,-0.5571671185847695,0.16468862495949313
4202008,-0.4370965844050725,-0.5571671185847695,0.16468862495949313
4202107,-0.4370965844050725,-0.5571671185847695,0.16468862495949313
4202206,-0.4370965844050725,-0.5571671185847695,0.16468862495949313
4202404,-0.4370965844050725,-0.5571671185847695,0.16468862495949313
4202453,-0.4370965844050725,-0.5571671185847695,0.16468862495949313
4202701,-0.4370965844050725,-0.5571671185847695,0.16468862495949313
4202859,-0.4370965844050725,-0.5571671185847695,0.16468862495949313
4202909,-0.4370965844050725,-0.5571671185847695,0.16468862495949313
4203204,-0.4370965844050725,-0.5571671185847695,0.16468862495949313
4203709,-0.4370965844050725,-0.5571671185847695,0.16468862495949313
4204194,-0.4370965844050725,-0.5571671185847695,0.16468862495949313
4205100,-0.4370965844050725,-0.5571671185847695,0.16468862495949313
4205159,-0.4370965844050725,-0.5571671185847695,0.16468862495949313
4205902,-0.4370965844050725,-0.5571671185847695,0.16468862495949313
4206306,-0.4370965844050725,-0.5571671185847695,0.16468862495949313
4206900,-0.4370965844050725,-0.5571671185847695,0.16468862495949313
4207106,-0.4370965844050725,-0.5571671185847695,0.16468862495949313
4207403,-0.4370965844050725,-0.5571671185847695,0.16468862495949313
4207502,-0.4370965844050725,-0.5571671185847695,0.16468862495949313
4208203,-0.4370965844050725,-0.5571671185847695,0.16468862495949313
4208302,-0.4370965844050725,-0.5571671185847695,0.16468862495949313
4208500,-0.4370965844050725,-0.5571671185847695,0.16468862495949313
4209151,-0.4370965844050725,-0.5571671185847695,0.16468862495949313
4209508,-0.4370965844050725,-0.5571671185847695,0.16468862495949313
4209805,-0.4370965844050725,-0.5571671185847695,0.16468862495949313
4209904,-0.4370965844050725,-0.5571671185847695,0.16468862495949313
4210001,-0.4370965844050725,-0.5571671185847695,0.16468862495949313
4210209,-0.4370965844050725,-0.5571671185847695,0.16468862495949313
4210852,-0.4370965844050725,-0.5571671185847695,0.16468862495949313
4211306,-0.4370965844050725,-0.5571671185847695,0.16468862495949313
4211504,-0.4370965844050725,-0.5571671185847695,0.16468862495949313
4212502,-0.4370965844050725,-0.5571671185847695,0.16468862495949313
4212700,-0.4370965844050725,-0.5571671185847695,0.16468862495949313
4212809,-0.4370965844050725,-0.5571671185847695,0.16468862495949313
4213203,-0.4370965844050725,-0.5571671185847695,0.16468862495949313
4213500,-0.4370965844050725,-0.5571671185847695,0.16468862495949313
4213708,-0.4370965844050725,-0.5571671185847695,0.16468862495949313
4214003,-0.4370965844050725,-0.5571671185847695,0.16468862495949313
4214102,-0.4370965844050725,-0.5571671185847695,0.16468862495949313
4214508,-0.4370965844050725,-0.5571671185847695,0.16468862495949313
4214607,-0.4370965844050725,-0.5571671185847695,0.16468862495949313
4214706,-0.4370965844050725,-0.5571671185847695,0.16468862495949313
4214805,-0.4370965844050725,-0.5571671185847695,0.16468862495949313
4215109,-0.4370965844050725,-0.5571671185847695,0.16468862495949313
4215307,-0.4370965844050725,-0.5571671185847695,0.16468862495949313
4215679,-0.4370965844050725,-0.5571671185847695,0.16468862495949313
4216305,-0.4370965844050725,-0.5571671185847695,0.16468862495949313
4217808,-0.4370965844050725,-0.5571671185847695,0.16468862495949313
4218004,-0.4370965844050725,-0.5571671185847695,0.16468862495949313
4218202,-0.4370965844050725,-0.5571671185847695,0.16468862495949313
4218608,-0.4370965844050725,-0.5571671185847695,0.16468862495949313
4219200,-0.4370965844050725,-0.5571671185847695,0.16468862495949313
4219358,-0.4370965844050725,-0.5571671185847695,0.16468862495949313
4219408,-0.4370965844050725,-0.5571671185847695,0.16468862495949313
4300604,-0.05584981107886123,-0.4238921738639545,0.8412672584782138
4300638,-0.05584981107886123,-0.4238921738639545,0.8412672584782138
4300851,-0.05584981107886123,-0.4238921738639545,0.8412672584782138
4300877,-0.05584981107886123,-0.4238921738639545,0.8412672584782138
4301057,-0.05584981107886123,-0.4238921738639545,0.8412672584782138
4301107,-0.05584981107886123,-0.4238921738639545,0.8412672584782138
4301636,-0.05584981107886123,-0.4238921738639545,0.8412672584782138
4301750,-0.05584981107886123,-0.4238921738639545,0.8412672584782138
4301909,-0.05584981107886123,-0.4238921738639545,0.8412672584782138
4302352,-0.05584981107886123,-0.4238921738639545,0.8412672584782138
4302659,-0.05584981107886123,-0.4238921738639545,0.8412672584782138
4302709,-0.05584981107886123,-0.4238921738639545,0.8412672584782138
4303103,-0.05584981107886123,-0.4238921738639545,0.8412672584782138
4303509,-0.05584981107886123,-0.4238921738639545,0.8412672584782138
4303905,-0.05584981107886123,-0.4238921738639545,0.8412672584782138
4304606,-0.05584981107886123,-0.4238921738639545,0.8412672584782138
4304630,-0.05584981107886123,-0.4238921738639545,0.8412672584782138
4304671,-0.05584981107886123,-0.4238921738639545,0.8412672584782138
4304689,-0.05584981107886123,-0.4238921738639545,0.8412672584782138
4304713,-0.05584981107886123,-0.4238921738639545,0.8412672584782138
4305173,-0.05584981107886123,-0.4238921738639545,0.8412672584782138
4305355,-0.05584981107886123,-0.4238921738639545,0.8412672584782138
4305447,-0.05584981107886123,-0.4238921738639545,0.8412672584782138
4305454,-0.05584981107886123,-0.4238921738639545,0.8412672584782138
4306056,-0.05584981107886123,-0.4238921738639545,0.8412672584782138
4306403,-0.05584981107886123,-0.4238921738639545,0.8412672584782138
4306502,-0.05584981107886123,-0.4238921738639545,0.8412672584782138
4306551,-0.05584981107886123,-0.4238921738639545,0.8412672584782138
4306767,-0.05584981107886123,-0.4238921738639545,0.8412672584782138
4307609,-0.05584981107886123,-0.4238921738639545,0.8412672584782138
4307708,-0.05584981107886123,-0.4238921738639545,0.8412672584782138
4308805,-0.05584981107886123,-0.4238921738639545,0.8412672584782138
4309050,-0.05584981107886123,-0.4238921738639545,0.8412672584782138
4309209,-0.05584981107886123,-0.4238921738639545,0.8412672584782138
4309308,-0.05584981107886123,-0.4238921738639545,0.8412672584782138
4309555,-0.05584981107886123,-0.4238921738639545,0.8412672584782138
4310108,-0.05584981107886123,-0.4238921738639545,0.8412672584782138
4310330,-0.05584981107886123,-0.4238921738639545,0.8412672584782138
4310652,-0.05584981107886123,-0.4238921738639545,0.8412672584782138
4310801,-0.05584981107886123,-0.4238921738639545,0.8412672584782138
4311627,-0.05584981107886123,-0.4238921738639545,0.8412672584782138
4311643,-0.05584981107886123,-0.4238921738639545,0.8412672584782138
4311734,-0.05584981107886123,-0.4238921738639545,0.8412672584782138
4311775,-0.05584981107886123,-0.4238921738639545,0.8412672584782138
4311791,-0.05584981107886123,-0.4238921738639545,0.8412672584782138
4311981,-0.05584981107886123,-0.4238921738639545,0.8412672584782138
4312252,-0.05584981107886123,-0.4238921738639545,0.8412672584782138
4312401,-0.05584981107886123,-0.4238921738639545,0.8412672584782138
4312443,-0.05584981107886123,-0.4238921738639545,0.8412672584782138
4312476,-0.05584981107886123,-0.4238921738639545,0.8412672584782138
4312500,-0.05584981107886123,-0.4238921738639545,0.8412672584782138
4313060,-0.05584981107886123,-0.4238921738639545,0.8412672584782138
4313375,-0.05584981107886123,-0.4238921738639545,0.8412672584782138
4313409,-0.05584981107886123,-0.4238921738639545,0.8412672584782138
4313508,-0.05584981107886123,-0.4238921738639545,0.8412672584782138
4313656,-0.05584981107886123,-0.4238921738639545,0.8412672584782138
4314035,-0.05584981107886123,-0.4238921738639545,0.8412672584782138
4314050,-0.05584981107886123,-0.4238921738639545,0.8412672584782138
4314803,-0.05584981107886123,-0.4238921738639545,0.8412672584782138
4314902,-0.05584981107886123,-0.4238921738639545,0.8412672584782138
4315149,-0.05584981107886123,-0.4238921738639545,0.8412672584782138
4315750,-0.05584981107886123,-0.4238921738639545,0.8412672584782138
4316006,-0.05584981107886123,-0.4238921738639545,0.8412672584782138
4316501,-0.05584981107886123,-0.4238921738639545,0.8412672584782138
4316956,-0.05584981107886123,-0.4238921738639545,0.8412672584782138
4317608,-0.05584981107886123,-0.4238921738639545,0.8412672584782138
4318408,-0.05584981107886123,-0.4238921738639545,0.8412672584782138
4318481,-0.05584981107886123,-0.4238921738639545,0.8412672584782138
4318614,-0.05584981107886123,-0.4238921738639545,0.8412672584782138
4318705,-0.05584981107886123,-0.4238921738639545,0.8412672584782138
4319356,-0.05584981107886123,-0.4238921738639545,0.8412672584782138
4319505,-0.05584981107886123,-0.4238921738639545,0.8412672584782138
4319752,-0.05584981107886123,-0.4238921738639545,0.8412672584782138
4319901,-0.05584981107886123,-0.4238921738639545,0.8412672584782138
4320008,-0.05584981107886123,-0.4238921738639545,0.8412672584782138
4320354,-0.05584981107886123,-0.4238921738639545,0.8412672584782138
4320552,-0.05584981107886123,-0.4238921738639545,0.8412672584782138
4321105,-0.05584981107886123,-0.4238921738639545,0.8412672584782138
4321204,-0.05584981107886123,-0.4238921738639545,0.8412672584782138
4321352,-0.05584981107886123,-0.4238921738639545,0.8412672584782138
4321436,-0.05584981107886123,-0.4238921738639545,0.8412672584782138
4321501,-0.05584981107886123,-0.4238921738639545,0.8412672584782138
4321600,-0.05584981107886123,-0.4238921738639545,0.8412672584782138
4321667,-0.05584981107886123,-0.4238921738639545,0.8412672584782138
4321709,-0.05584981107886123,-0.4238921738639545,0.8412672584782138
4321832,-0.05584981107886123,-0.4238921738639545,0.8412672584782138
4322004,-0.05584981107886123,-0.4238921738639545,0.8412672584782138
4322251,-0.05584981107886123,-0.4238921738639545,0.8412672584782138
4323002,-0.05584981107886123,-0.4238921738639545,0.8412672584782138
4323804,-0.05584981107886123,-0.4238921738639545,0.8412672584782138
4300034,-0.23658847275462716,-0.10122785954481749,-0.09113462428415968
4301073,-0.23658847275462716,-0.10122785954481749,-0.09113462428415968
4301305,-0.23658847275462716,-0.10122785954481749,-0.09113462428415968
4301602,-0.23658847275462716,-0.10122785954481749,-0.09113462428415968
4304358,-0.23658847275462716,-0.10122785954481749,-0.09113462428415968
4304507,-0.23658847275462716,-0.10122785954481749,-0.09113462428415968
4304663,-0.23658847275462716,-0.10122785954481749,-0.09113462428415968
4305124,-0.23658847275462716,-0.10122785954481749,-0.09113462428415968
4305439,-0.23658847275462716,-0.10122785954481749,-0.09113462428415968
4306601,-0.23658847275462716,-0.10122785954481749,-0.09113462428415968
4307104,-0.23658847275462716,-0.10122785954481749,-0.09113462428415968
4309654,-0.23658847275462716,-0.10122785954481749,-0.09113462428415968
4311007,-0.23658847275462716,-0.10122785954481749,-0.09113462428415968
4312450,-0.23658847275462716,-0.10122785954481749,-0.09113462428415968
4314175,-0.23658847275462716,-0.10122785954481749,-0.09113462428415968
4314209,-0.23658847275462716,-0.10122785954481749,-0.09113462428415968
4314407,-0.23658847275462716,-0.10122785954481749,-0.09113462428415968
4314506,-0.23658847275462716,-0.10122785954481749,-0.09113462428415968
4314605,-0.23658847275462716,-0.10122785954481749,-0.09113462428415968
4315602,-0.23658847275462716,-0.10122785954481749,-0.09113462428415968
4317301,-0.23658847275462716,-0.10122785954481749,-0.09113462428415968
4318507,-0.23658847275462716,-0.10122785954481749,-0.09113462428415968
4318804,-0.23658847275462716,-0.10122785954481749,-0.09113462428415968
4322327,-0.23658847275462716,-0.10122785954481749,-0.09113462428415968
4300109,-0.05885090647938473,0.17649626270858818,0.16376251841900208
4302808,-0.05885090647938473,0.17649626270858818,0.16376251841900208
4302907,-0.05885090647938473,0.17649626270858818,0.16376251841900208
4303004,-0.05885090647938473,0.17649626270858818,0.16376251841900208
4304655,-0.05885090647938473,0.17649626270858818,0.16376251841900208
4305132,-0.05885090647938473,0.17649626270858818,0.16376251841900208
4306379,-0.05885090647938473,0.17649626270858818,0.16376251841900208
4306700,-0.05885090647938473,0.17649626270858818,0.16376251841900208
4308003,-0.05885090647938473,0.17649626270858818,0.16376251841900208
4308409,-0.05885090647938473,0.17649626270858818,0.16376251841900208
4310538,-0.05885090647938473,0.17649626270858818,0.16376251841900208
4310553,-0.05885090647938473,0.17649626270858818,0.16376251841900208
4310751,-0.05885090647938473,0.17649626270858818,0.16376251841900208
4311106,-0.05885090647938473,0.17649626270858818,0.16376251841900208
4311130,-0.05885090647938473,0.17649626270858818,0.16376251841900208
4311205,-0.05885090647938473,0.17649626270858818,0.16376251841900208
4311502,-0.05885090647938473,0.17649626270858818,0.16376251841900208
4312104,-0.05885090647938473,0.17649626270858818,0.16376251841900208
4313037,-0.05885090647938473,0.17649626270858818,0.16376251841900208
4313102,-0.05885090647938473,0.17649626270858818,0.16376251841900208
4313391,-0.05885090647938473,0.17649626270858818,0.16376251841900208
4314027,-0.05885090647938473,0.17649626270858818,0.16376251841900208
4314472,-0.05885090647938473,0.17649626270858818,0.16376251841900208
4315321,-0.05885090647938473,0.17649626270858818,0.16376251841900208
4315503,-0.05885090647938473,0.17649626270858818,0.16376251841900208
4316907,-0.05885090647938473,0.17649626270858818,0.16376251841900208
4316972,-0.05885090647938473,0.17649626270858818,0.16376251841900208
4317004,-0.05885090647938473,0.17649626270858818,0.16376251841900208
4317400,-0.05885090647938473,0.17649626270858818,0.16376251841900208
4318101,-0.05885090647938473,0.17649626270858818,0.16376251841900208
4318309,-0.05885090647938473,0.17649626270858818,0.16376251841900208
4318432,-0.05885090647938473,0.17649626270858818,0.16376251841900208
4319125,-0.05885090647938473,0.17649626270858818,0.16376251841900208
4319406,-0.05885090647938473,0.17649626270858818,0.16376251841900208
4319604,-0.05885090647938473,0.17649626270858818,0.16376251841900208
4319802,-0.05885090647938473,0.17649626270858818,0.16376251841900208
4320651,-0.05885090647938473,0.17649626270858818,0.16376251841900208
4321493,-0.05885090647938473,0.17649626270858818,0.16376251841900208
4322376,-0.05885090647938473,0.17649626270858818,0.16376251841900208
4323457,-0.05885090647938473,0.17649626270858818,0.16376251841900208
4300406,-0.4813263172279837,0.19675720227131516,0.26736283089292273
4301875,-0.4813263172279837,0.19675720227131516,0.26736283089292273
4310603,-0.4813263172279837,0.19675720227131516,0.26736283089292273
4311718,-0.4813263172279837,0.19675720227131516,0.26736283089292273
4311759,-0.4813263172279837,0.19675720227131516,0.26736283089292273
4315305,-0.4813263172279837,0.19675720227131516,0.26736283089292273
4316402,-0.4813263172279837,0.19675720227131516,0.26736283089292273
4317103,-0.4813263172279837,0.19675720227131516,0.26736283089292273
4318002,-0.4813263172279837,0.19675720227131516,0.26736283089292273
4322400,-0.4813263172279837,0.19675720227131516,0.26736283089292273
4300208,-0.18525094120125685,-0.23756001879923905,-0.10795463556039725
4300307,-0.18525094120125685,-0.23756001879923905,-0.10795463556039725
4300455,-0.18525094120125685,-0.23756001879923905,-0.10795463556039725
4301503,-0.18525094120125685,-0.23756001879923905,-0.10795463556039725
4301859,-0.18525094120125685,-0.23756001879923905,-0.10795463556039725
4302204,-0.18525094120125685,-0.23756001879923905,-0.10795463556039725
4302378,-0.18525094120125685,-0.23756001879923905,-0.10795463556039725
4302501,-0.18525094120125685,-0.23756001879923905,-0.10795463556039725
4302584,-0.18525094120125685,-0.23756001879923905,-0.10795463556039725
4302600,-0.18525094120125685,-0.23756001879923905,-0.10795463556039725
4303301,-0.18525094120125685,-0.23756001879923905,-0.10795463556039725
4303707,-0.18525094120125685,-0.23756001879923905,-0.10795463556039725
4304002,-0.18525094120125685,-0.23756001879923905,-0.10795463556039725
4304309,-0.18525094120125685,-0.23756001879923905,-0.10795463556039725
4305009,-0.18525094120125685,-0.23756001879923905,-0.10795463556039725
4305207,-0.18525094120125685,-0.23756001879923905,-0.10795463556039725
4305405,-0.18525094120125685,-0.23756001879923905,-0.10795463556039725
4305702,-0.18525094120125685,-0.23756001879923905,-0.10795463556039725
4305871,-0.18525094120125685,-0.23756001879923905,-0.10795463556039725
4305900,-0.18525094120125685,-0.23756001879923905,-0.10795463556039725
4306007,-0.18525094120125685,-0.23756001879923905,-0.10795463556039725
4306320,-0.18525094120125685,-0.23756001879923905,-0.10795463556039725
4306353,-0.18525094120125685,-0.23756001879923905,-0.10795463556039725
4306734,-0.18525094120125685,-0.23756001879923905,-0.10795463556039725
4306932,-0.18525094120125685,-0.23756001879923905,-0.10795463556039725
4307450,-0.18525094120125685,-0.23756001879923905,-0.10795463556039725
4307831,-0.18525094120125685,-0.23756001879923905,-0.10795463556039725
4308656,-0.18525094120125685,-0.23756001879923905,-0.10795463556039725
4309001,-0.18525094120125685,-0.23756001879923905,-0.10795463556039725
4309506,-0.18525094120125685,-0.23756001879923905,-0.10795463556039725
4309605,-0.18525094120125685,-0.23756001879923905,-0.10795463556039725
4309704,-0.18525094120125685,-0.23756001879923905,-0.10795463556039725
4310207,-0.18525094120125685,-0.23756001879923905,-0.10795463556039725
4310405,-0.18525094120125685,-0.23756001879923905,-0.10795463556039725
4310413,-0.18525094120125685,-0.23756001879923905,-0.10795463556039725
4311155,-0.18525094120125685,-0.23756001879923905,-0.10795463556039725
4312179,-0.18525094120125685,-0.23756001879923905,-0.10795463556039725
4312302,-0.18525094120125685,-0.23756001879923905,-0.10795463556039725
4313011,-0.18525094120125685,-0.23756001879923905,-0.10795463556039725
4313334,-0.18525094120125685,-0.23756001879923905,-0.10795463556039725
4313425,-0.18525094120125685,-0.23756001879923905,-0.10795463556039725
4313904,-0.18525094120125685,-0.23756001879923905,-0.10795463556039725
4314308,-0.18525094120125685,-0.23756001879923905,-0.10795463556039725
4314555,-0.18525094120125685,-0.23756001879923905,-0.10795463556039725
4315008,-0.18525094120125685,-0.23756001879923905,-0.10795463556039725
4315057,-0.18525094120125685,-0.23756001879923905,-0.10795463556039725
4315073,-0.18525094120125685,-0.23756001879923905,-0.10795463556039725
4315107,-0.18525094120125685,-0.23756001879923905,-0.10795463556039725
4315404,-0.18525094120125685,-0.23756001879923905,-0.10795463556039725
4315958,-0.18525094120125685,-0.23756001879923905,-0.10795463556039725
4316303,-0.18525094120125685,-0.23756001879923905,-0.10795463556039725
4316477,-0.18525094120125685,-0.23756001879923905,-0.10795463556039725
4317202,-0.18525094120125685,-0.23756001879923905,-0.10795463556039725
4317509,-0.18525094120125685,-0.23756001879923905,-0.10795463556039725
4317707,-0.18525094120125685,-0.23756001879923905,-0.10795463556039725
4317806,-0.18525094120125685,-0.23756001879923905,-0.10795463556039725
4317905,-0.18525094120125685,-0.23756001879923905,-0.10795463556039725
4318499,-0.18525094120125685,-0.23756001879923905,-0.10795463556039725
4318903,-0.18525094120125685,-0.23756001879923905,-0.10795463556039725
4319109,-0.18525094120125685,-0.23756001879923905,-0.10795463556039725
4319158,-0.18525094120125685,-0.23756001879923905,-0.10795463556039725
4319208,-0.18525094120125685,-0.23756001879923905,-0.10795463556039725
4319307,-0.18525094120125685,-0.23756001879923905,-0.10795463556039725
4319372,-0.18525094120125685,-0.23756001879923905,-0.10795463556039725
4319737,-0.18525094120125685,-0.23756001879923905,-0.10795463556039725
4320230,-0.18525094120125685,-0.23756001879923905,-0.10795463556039725
4320321,-0.18525094120125685,-0.23756001879923905,-0.10795463556039725
4320578,-0.18525094120125685,-0.23756001879923905,-0.10795463556039725
4321402,-0.18525094120125685,-0.23756001879923905,-0.10795463556039725
4321477,-0.18525094120125685,-0.23756001879923905,-0.10795463556039725
4321808,-0.18525094120125685,-0.23756001879923905,-0.10795463556039725
4321907,-0.18525094120125685,-0.23756001879923905,-0.10795463556039725
4322103,-0.18525094120125685,-0.23756001879923905,-0.10795463556039725
4322301,-0.18525094120125685,-0.23756001879923905,-0.10795463556039725
4322343,-0.18525094120125685,-0.23756001879923905,-0.10795463556039725
4323705,-0.18525094120125685,-0.23756001879923905,-0.10795463556039725
4323754,-0.18525094120125685,-0.23756001879923905,-0.10795463556039725
4300059,-0.2712633510561044,-0.5002665351871863,0.6260324276439014
4300471,-0.2712633510561044,-0.5002665351871863,0.6260324276439014
4300505,-0.2712633510561044,-0.5002665351871863,0.6260324276439014
4300554,-0.2712633510561044,-0.5002665351871863,0.6260324276439014
4300646,-0.2712633510561044,-0.5002665351871863,0.6260324276439014
4300901,-0.2712633510561044,-0.5002665351871863,0.6260324276439014
4301404,-0.2712633510561044,-0.5002665351871863,0.6260324276439014
4301552,-0.2712633510561044,-0.5002665351871863,0.6260324276439014
4301701,-0.2712633510561044,-0.5002665351871863,0.6260324276439014
4301800,-0.2712633510561044,-0.5002665351871863,0.6260324276439014
4301925,-0.2712633510561044,-0.5002665351871863,0.6260324276439014
4301958,-0.2712633510561044,-0.5002665351871863,0.6260324276439014
4302006,-0.2712633510561044,-0.5002665351871863,0.6260324276439014
4302055,-0.2712633510561044,-0.5002665351871863,0.6260324276439014
4302154,-0.2712633510561044,-0.5002665351871863,0.6260324276439014
4302220,-0.2712633510561044,-0.5002665351871863,0.6260324276439014
4302238,-0.2712633510561044,-0.5002665351871863,0.6260324276439014
4303202,-0.2712633510561044,-0.5002665351871863,0.6260324276439014
4303400,-0.2712633510561044,-0.5002665351871863,0.6260324276439014
4303558,-0.2712633510561044,-0.5002665351871863,0.6260324276439014
4303806,-0.2712633510561044,-0.5002665351871863,0.6260324276439014
4304101,-0.2712633510561044,-0.5002665351871863,0.6260324276439014
4304622,-0.2712633510561044,-0.5002665351871863,0.6260324276439014
4304705,-0.2712633510561044,-0.5002665351871863,0.6260324276439014
4304853,-0.2712633510561044,-0.5002665351871863,0.6260324276439014
4304903,-0.2712633510561044,-0.5002665351871863,0.6260324276439014
4304952,-0.2712633510561044,-0.5002665351871863,0.6260324276439014
4305116,-0.2712633510561044,-0.5002665351871863,0.6260324276439014
4305157,-0.2712633510561044,-0.5002665351871863,0.6260324276439014
4305306,-0.2712633510561044,-0.5002665351871863,0.6260324276439014
4305371,-0.2712633510561044,-0.5002665351871863,0.6260324276439014
4305504,-0.2712633510561044,-0.5002665351871863,0.6260324276439014
4305603,-0.2712633510561044,-0.5002665351871863,0.6260324276439014
4305801,-0.2712633510561044,-0.5002665351871863,0.6260324276439014
4305850,-0.2712633510561044,-0.5002665351871863,0.6260324276439014
4305975,-0.2712633510561044,-0.5002665351871863,0.6260324276439014
4306072,-0.2712633510561044,-0.5002665351871863,0.6260324276439014
4306106,-0.2712633510561044,-0.5002665351871863,0.6260324276439014
4306130,-0.2712633510561044,-0.5002665351871863,0.6260324276439014
4306304,-0.2712633510561044,-0.5002665351871863,0.6260324276439014
4306429,-0.2712633510561044,-0.5002665351871863,0.6260324276439014
4306924,-0.2712633510561044,-0.5002665351871863,0.6260324276439014
4306957,-0.2712633510561044,-0.5002665351871863,0.6260324276439014
4306973,-0.2712633510561044,-0.5002665351871863,0.6260324276439014
4307005,-0.2712633510561044,-0.5002665351871863,0.6260324276439014
4307054,-0.2712633510561044,-0.5002665351871863,0.6260324276439014
4307203,-0.2712633510561044,-0.5002665351871863,0.6260324276439014
4307302,-0.2712633510561044,-0.5002665351871863,0.6260324276439014
4307500,-0.2712633510561044,-0.5002665351871863,0.6260324276439014
4307559,-0.2712633510561044,-0.5002665351871863,0.6260324276439014
4308052,-0.2712633510561044,-0.5002665351871863,0.6260324276439014
4308250,-0.2712633510561044,-0.5002665351871863,0.6260324276439014
4308300,-0.2712633510561044,-0.5002665351871863,0.6260324276439014
4308458,-0.2712633510561044,-0.5002665351871863,0.6260324276439014
4308508,-0.2712633510561044,-0.5002665351871863,0.6260324276439014
4308706,-0.2712633510561044,-0.5002665351871863,0.6260324276439014
4308854,-0.2712633510561044,-0.5002665351871863,0.6260324276439014
4308904,-0.2712633510561044,-0.5002665351871863,0.6260324276439014
4309126,-0.2712633510561044,-0.5002665351871863,0.6260324276439014
4309803,-0.2712633510561044,-0.5002665351871863,0.6260324276439014
4309902,-0.2712633510561044,-0.5002665351871863,0.6260324276439014
4309951,-0.2712633510561044,-0.5002665351871863,0.6260324276439014
4310009,-0.2712633510561044,-0.5002665351871863,0.6260324276439014
4310462,-0.2712633510561044,-0.5002665351871863,0.6260324276439014
4310504,-0.2712633510561044,-0.5002665351871863,0.6260324276439014
4310579,-0.2712633510561044,-0.5002665351871863,0.6260324276439014
4310702,-0.2712633510561044,-0.5002665351871863,0.6260324276439014
4310850,-0.2712633510561044,-0.5002665351871863,0.6260324276439014
4310876,-0.2712633510561044,-0.5002665351871863,0.6260324276439014
4310900,-0.2712633510561044,-0.5002665351871863,0.6260324276439014
4311270,-0.2712633510561044,-0.5002665351871863,0.6260324276439014
4311304,-0.2712633510561044,-0.5002665351871863,0.6260324276439014
4311429,-0.2712633510561044,-0.5002665351871863,0.6260324276439014
4311601,-0.2712633510561044,-0.5002665351871863,0.6260324276439014
4311700,-0.2712633510561044,-0.5002665351871863,0.6260324276439014
4311809,-0.2712633510561044,-0.5002665351871863,0.6260324276439014
4311908,-0.2712633510561044,-0.5002665351871863,0.6260324276439014
4312005,-0.2712633510561044,-0.5002665351871863,0.6260324276439014
4312138,-0.2712633510561044,-0.5002665351871863,0.6260324276439014
4312203,-0.2712633510561044,-0.5002665351871863,0.6260324276439014
4312427,-0.2712633510561044,-0.5002665351871863,0.6260324276439014
4312625,-0.2712633510561044,-0.5002665351871863,0.6260324276439014
4312658,-0.2712633510561044,-0.5002665351871863,0.6260324276439014
4312674,-0.2712633510561044,-0.5002665351871863,0.6260324276439014
4312708,-0.2712633510561044,-0.5002665351871863,0.6260324276439014
4312757,-0.2712633510561044,-0.5002665351871863,0.6260324276439014
4312955,-0.2712633510561044,-0.5002665351871863,0.6260324276439014
4313441,-0.2712633510561044,-0.5002665351871863,0.6260324276439014
4313466,-0.2712633510561044,-0.5002665351871863,0.6260324276439014
4313490,-0.2712633510561044,-0.5002665351871863,0.6260324276439014
4313607,-0.2712633510561044,-0.5002665351871863,0.6260324276439014
4313706,-0.2712633510561044,-0.5002665351871863,0.6260324276439014
4313805,-0.2712633510561044,-0.5002665351871863,0.6260324276439014
4314100,-0.2712633510561044,-0.5002665351871863,0.6260324276439014
4314134,-0.2712633510561044,-0.5002665351871863,0.6260324276439014
4314456,-0.2712633510561044,-0.5002665351871863,0.6260324276439014
4314498,-0.2712633510561044,-0.5002665351871863,0.6260324276439014
4314704,-0.2712633510561044,-0.5002665351871863,0.6260324276439014
4314779,-0.2712633510561044,-0.5002665351871863,0.6260324276439014
4314787,-0.2712633510561044,-0.5002665351871863,0.6260324276439014
4315313,-0.2712633510561044,-0.5002665351871863,0.6260324276439014
4315354,-0.2712633510561044,-0.5002665351871863,0.6260324276439014
4315552,-0.2712633510561044,-0.5002665351871863,0.6260324276439014
4315909,-0.2712633510561044,-0.5002665351871863,0.6260324276439014
4316105,-0.2712633510561044,-0.5002665351871863,0.6260324276439014
4316204,-0.2712633510561044,-0.5002665351871863,0.6260324276439014
4316428,-0.2712633510561044,-0.5002665351871863,0.6260324276439014
4316436,-0.2712633510561044,-0.5002665351871863,0.6260324276439014
4316451,-0.2712633510561044,-0.5002665351871863,0.6260324276439014
4316600,-0.2712633510561044,-0.5002665351871863,0.6260324276439014
4316709,-0.2712633510561044,-0.5002665351871863,0.6260324276439014
4316733,-0.2712633510561044,-0.5002665351871863,0.6260324276439014
4317558,-0.2712633510561044,-0.5002665351871863,0.6260324276439014
4317756,-0.2712633510561044,-0.5002665351871863,0.6260324276439014
4317954,-0.2712633510561044,-0.5002665351871863,0.6260324276439014
4318051,-0.2712633510561044,-0.5002665351871863,0.6260324276439014
4318424,-0.2712633510561044,-0.5002665351871863,0.6260324276439014
4318457,-0.2712633510561044,-0.5002665351871863,0.6260324276439014
4318465,-0.2712633510561044,-0.5002665351871863,0.6260324276439014
4318606,-0.2712633510561044,-0.5002665351871863,0.6260324276439014
4319364,-0.2712633510561044,-0.5002665351871863,0.6260324276439014
4319703,-0.2712633510561044,-0.5002665351871863,0.6260324276439014
4320107,-0.2712633510561044,-0.5002665351871863,0.6260324276439014
4320206,-0.2712633510561044,-0.5002665351871863,0.6260324276439014
4320305,-0.2712633510561044,-0.5002665351871863,0.6260324276439014
4320503,-0.2712633510561044,-0.5002665351871863,0.6260324276439014
4320602,-0.2712633510561044,-0.5002665351871863,0.6260324276439014
4320800,-0.2712633510561044,-0.5002665351871863,0.6260324276439014
4320909,-0.2712633510561044,-0.5002665351871863,0.6260324276439014
4321006,-0.2712633510561044,-0.5002665351871863,0.6260324276439014
4321329,-0.2712633510561044,-0.5002665351871863,0.6260324276439014
4321469,-0.2712633510561044,-0.5002665351871863,0.6260324276439014
4321634,-0.2712633510561044,-0.5002665351871863,0.6260324276439014
4321857,-0.2712633510561044,-0.5002665351871863,0.6260324276439014
4321956,-0.2712633510561044,-0.5002665351871863,0.6260324276439014
4322186,-0.2712633510561044,-0.5002665351871863,0.6260324276439014
4322202,-0.2712633510561044,-0.5002665351871863,0.6260324276439014
4322558,-0.2712633510561044,-0.5002665351871863,0.6260324276439014
4322905,-0.2712633510561044,-0.5002665351871863,0.6260324276439014
4323101,-0.2712633510561044,-0.5002665351871863,0.6260324276439014
4323200,-0.2712633510561044,-0.5002665351871863,0.6260324276439014
4323358,-0.2712633510561044,-0.5002665351871863,0.6260324276439014
4323408,-0.2712633510561044,-0.5002665351871863,0.6260324276439014
4323507,-0.2712633510561044,-0.5002665351871863,0.6260324276439014
4300570,-0.26901049262101046,-0.3042970269105065,0.2444479712918
4300661,-0.26901049262101046,-0.3042970269105065,0.2444479712918
4300802,-0.26901049262101046,-0.3042970269105065,0.2444479712918
4301651,-0.26901049262101046,-0.3042970269105065,0.2444479712918
4302105,-0.26901049262101046,-0.3042970269105065,0.2444479712918
4302253,-0.26901049262101046,-0.3042970269105065,0.2444479712918
4302303,-0.26901049262101046,-0.3042970269105065,0.2444479712918
4303608,-0.26901049262101046,-0.3042970269105065,0.2444479712918
4303673,-0.26901049262101046,-0.3042970269105065,0.2444479712918
4304408,-0.26901049262101046,-0.3042970269105065,0.2444479712918
4304804,-0.26901049262101046,-0.3042970269105065,0.2444479712918
4305108,-0.26901049262101046,-0.3042970269105065,0.2444479712918
4305934,-0.26901049262101046,-0.3042970269105065,0.2444479712918
4305959,-0.26901049262101046,-0.3042970269105065,0.2444479712918
4306452,-0.26901049262101046,-0.3042970269105065,0.2444479712918
4307401,-0.26901049262101046,-0.3042970269105065,0.2444479712918
4307864,-0.26901049262101046,-0.3042970269105065,0.2444479712918
4307906,-0.26901049262101046,-0.3042970269105065,0.2444479712918
4308102,-0.26901049262101046,-0.3042970269105065,0.2444479712918
4308201,-0.26901049262101046,-0.3042970269105065,0.2444479712918
4308607,-0.26901049262101046,-0.3042970269105065,0.2444479712918
4309100,-0.26901049262101046,-0.3042970269105065,0.2444479712918
4309258,-0.26901049262101046,-0.3042970269105065,0.2444479712918
4309407,-0.26901049262101046,-0.3042970269105065,0.2444479712918
4310439,-0.26901049262101046,-0.3042970269105065,0.2444479712918
4311122,-0.26901049262101046,-0.3042970269105065,0.2444479712918
4312351,-0.26901049262101046,-0.3042970269105065,0.2444479712918
4312377,-0.26901049262101046,-0.3042970269105065,0.2444479712918
4312385,-0.26901049262101046,-0.3042970269105065,0.2444479712918
4312617,-0.26901049262101046,-0.3042970269105065,0.2444479712918
4312807,-0.26901049262101046,-0.3042970269105065,0.2444479712918
4312906,-0.26901049262101046,-0.3042970269105065,0.2444479712918
4313086,-0.26901049262101046,-0.3042970269105065,0.2444479712918
4313201,-0.26901049262101046,-0.3042970269105065,0.2444479712918
4313300,-0.26901049262101046,-0.3042970269105065,0.2444479712918
4313359,-0.26901049262101046,-0.3042970269105065,0.2444479712918
4314001,-0.26901049262101046,-0.3042970269105065,0.2444479712918
4314423,-0.26901049262101046,-0.3042970269105065,0.2444479712918
4314464,-0.26901049262101046,-0.3042970269105065,0.2444479712918
4314548,-0.26901049262101046,-0.3042970269105065,0.2444479712918
4315172,-0.26901049262101046,-0.3042970269105065,0.2444479712918
4317251,-0.26901049262101046,-0.3042970269105065,0.2444479712918
4318200,-0.26901049262101046,-0.3042970269105065,0.2444479712918
4318440,-0.26901049262101046,-0.3042970269105065,0.2444479712918
4318622,-0.26901049262101046,-0.3042970269105065,0.2444479712918
4319000,-0.26901049262101046,-0.3042970269105065,0.2444479712918
4319711,-0.26901049262101046,-0.3042970269105065,0.2444479712918
4320404,-0.26901049262101046,-0.3042970269105065,0.2444479712918
4322350,-0.26901049262101046,-0.3042970269105065,0.2444479712918
4322509,-0.26901049262101046,-0.3042970269105065,0.2444479712918
4322541,-0.26901049262101046,-0.3042970269105065,0.2444479712918
4322806,-0.26901049262101046,-0.3042970269105065,0.2444479712918
4323309,-0.26901049262101046,-0.3042970269105065,0.2444479712918
4323606,-0.26901049262101046,-0.3042970269105065,0.2444479712918
4300703,-0.26551786203283323,-0.4099468266573252,-0.09640326304120732
4301008,-0.26551786203283323,-0.4099468266573252,-0.09640326304120732
4301206,-0.26551786203283323,-0.4099468266573252,-0.09640326304120732
4302402,-0.26551786203283323,-0.4099468266573252,-0.09640326304120732
4302451,-0.26551786203283323,-0.4099468266573252,-0.09640326304120732
4304200,-0.26551786203283323,-0.4099468266573252,-0.09640326304120732
4304614,-0.26551786203283323,-0.4099468266573252,-0.09640326304120732
4304697,-0.26551786203283323,-0.4099468266573252,-0.09640326304120732
4305587,-0.26551786203283323,-0.4099468266573252,-0.09640326304120732
4305835,-0.26551786203283323,-0.4099468266573252,-0.09640326304120732
4306205,-0.26551786203283323,-0.4099468266573252,-0.09640326304120732
4306759,-0.26551786203283323,-0.4099468266573252,-0.09640326304120732
4306809,-0.26551786203283323,-0.4099468266573252,-0.09640326304120732
4306908,-0.26551786203283323,-0.4099468266573252,-0.09640326304120732
4307807,-0.26551786203283323,-0.4099468266573252,-0.09640326304120732
4307815,-0.26551786203283323,-0.4099468266573252,-0.09640326304120732
4308078,-0.26551786203283323,-0.4099468266573252,-0.09640326304120732
4308433,-0.26551786203283323,-0.4099468266573252,-0.09640326304120732
4309159,-0.26551786203283323,-0.4099468266573252,-0.09640326304120732
4309571,-0.26551786203283323,-0.4099468266573252,-0.09640326304120732
4309753,-0.26551786203283323,-0.4099468266573252,-0.09640326304120732
4310306,-0.26551786203283323,-0.4099468266573252,-0.09640326304120732
4310363,-0.26551786203283323,-0.4099468266573252,-0.09640326304120732
4311239,-0.26551786203283323,-0.4099468266573252,-0.09640326304120732
4311254,-0.26551786203283323,-0.4099468266573252,-0.09640326304120732
4311403,-0.26551786203283323,-0.4099468266573252,-0.09640326304120732
4312054,-0.26551786203283323,-0.4099468266573252,-0.09640326304120732
4312153,-0.26551786203283323,-0.4099468266573252,-0.09640326304120732
4312609,-0.26551786203283323,-0.4099468266573252,-0.09640326304120732
4313003,-0.26551786203283323,-0.4099468266573252,-0.09640326304120732
4313953,-0.26551786203283323,-0.4099468266573252,-0.09640326304120732
4314068,-0.26551786203283323,-0.4099468266573252,-0.09640326304120732
4314076,-0.26551786203283323,-0.4099468266573252,-0.09640326304120732
4314159,-0.26551786203283323,-0.4099468266573252,-0.09640326304120732
4314753,-0.26551786203283323,-0.4099468266573252,-0.09640326304120732
4315131,-0.26551786203283323,-0.4099468266573252,-0.09640326304120732
4315156,-0.26551786203283323,-0.4099468266573252,-0.09640326304120732
4315206,-0.26551786203283323,-0.4099468266573252,-0.09640326304120732
4315453,-0.26551786203283323,-0.4099468266573252,-0.09640326304120732
4315701,-0.26551786203283323,-0.4099468266573252,-0.09640326304120732
4315800,-0.26551786203283323,-0.4099468266573252,-0.09640326304120732
4316758,-0.26551786203283323,-0.4099468266573252,-0.09640326304120732
4316808,-0.26551786203283323,-0.4099468266573252,-0.09640326304120732
4320263,-0.26551786203283323,-0.4099468266573252,-0.09640326304120732
4320453,-0.26551786203283323,-0.4099468266573252,-0.09640326304120732
4320677,-0.26551786203283323,-0.4099468266573252,-0.09640326304120732
4320701,-0.26551786203283323,-0.4099468266573252,-0.09640326304120732
4320859,-0.26551786203283323,-0.4099468266573252,-0.09640326304120732
4321303,-0.26551786203283323,-0.4099468266573252,-0.09640326304120732
4321451,-0.26551786203283323,-0.4099468266573252,-0.09640326304120732
4321626,-0.26551786203283323,-0.4099468266573252,-0.09640326304120732
4322152,-0.26551786203283323,-0.4099468266573252,-0.09640326304120732
4322525,-0.26551786203283323,-0.4099468266573252,-0.09640326304120732
4322533,-0.26551786203283323,-0.4099468266573252,-0.09640326304120732
4322608,-0.26551786203283323,-0.4099468266573252,-0.09640326304120732
4322707,-0.26551786203283323,-0.4099468266573252,-0.09640326304120732
4322855,-0.26551786203283323,-0.4099468266573252,-0.09640326304120732
4323770,-0.26551786203283323,-0.4099468266573252,-0.09640326304120732
5000203,-0.4239898736850641,-0.5233046447899099,-0.08960262819264855
5000252,-0.4239898736850641,-0.5233046447899099,-0.08960262819264855
5001003,-0.4239898736850641,-0.5233046447899099,-0.08960262819264855
5001508,-0.4239898736850641,-0.5233046447899099,-0.08960262819264855
5001904,-0.4239898736850641,-0.5233046447899099,-0.08960262819264855
5002308,-0.4239898736850641,-0.5233046447899099,-0.08960262819264855
5002605,-0.4239898736850641,-0.5233046447899099,-0.08960262819264855
5002704,-0.4239898736850641,-0.5233046447899099,-0.08960262819264855
5002902,-0.4239898736850641,-0.5233046447899099,-0.08960262819264855
5002951,-0.4239898736850641,-0.5233046447899099,-0.08960262819264855
5003108,-0.4239898736850641,-0.5233046447899099,-0.08960262819264855
5003256,-0.4239898736850641,-0.5233046447899099,-0.08960262819264855
5003306,-0.4239898736850641,-0.5233046447899099,-0.08960262819264855
5003488,-0.4239898736850641,-0.5233046447899099,-0.08960262819264855
5003900,-0.4239898736850641,-0.5233046447899099,-0.08960262819264855
5004403,-0.4239898736850641,-0.5233046447899099,-0.08960262819264855
5004908,-0.4239898736850641,-0.5233046447899099,-0.08960262819264855
5006002,-0.4239898736850641,-0.5233046447899099,-0.08960262819264855
5006275,-0.4239898736850641,-0.5233046447899099,-0.08960262819264855
5006309,-0.4239898736850641,-0.5233046447899099,-0.08960262819264855
5006408,-0.4239898736850641,-0.5233046447899099,-0.08960262819264855
5007109,-0.4239898736850641,-0.5233046447899099,-0.08960262819264855
5007307,-0.4239898736850641,-0.5233046447899099,-0.08960262819264855
5007406,-0.4239898736850641,-0.5233046447899099,-0.08960262819264855
5007505,-0.4239898736850641,-0.5233046447899099,-0.08960262819264855
5007554,-0.4239898736850641,-0.5233046447899099,-0.08960262819264855
5007695,-0.4239898736850641,-0.5233046447899099,-0.08960262819264855
5007802,-0.4239898736850641,-0.5233046447899099,-0.08960262819264855
5007901,-0.4239898736850641,-0.5233046447899099,-0.08960262819264855
5007935,-0.4239898736850641,-0.5233046447899099,-0.08960262819264855
5008008,-0.4239898736850641,-0.5233046447899099,-0.08960262819264855
5008305,-0.4239898736850641,-0.5233046447899099,-0.08960262819264855
5000609,-0.46589145515832103,-0.42746823329220585,-0.1665767562086392
5000807,-0.46589145515832103,-0.42746823329220585,-0.1665767562086392
5000856,-0.46589145515832103,-0.42746823329220585,-0.1665767562086392
5000906,-0.46589145515832103,-0.42746823329220585,-0.1665767562086392
5001243,-0.46589145515832103,-0.42746823329220585,-0.1665767562086392
5002001,-0.46589145515832103,-0.42746823329220585,-0.1665767562086392
5002407,-0.46589145515832103,-0.42746823329220585,-0.1665767562086392
5003157,-0.46589145515832103,-0.42746823329220585,-0.1665767562086392
5003454,-0.46589145515832103,-0.42746823329220585,-0.1665767562086392
5003504,-0.46589145515832103,-0.42746823329220585,-0.1665767562086392
5003702,-0.46589145515832103,-0.42746823329220585,-0.1665767562086392
5003751,-0.46589145515832103,-0.42746823329220585,-0.1665767562086392
5003801,-0.46589145515832103,-0.42746823329220585,-0.1665767562086392
5004007,-0.46589145515832103,-0.42746823329220585,-0.1665767562086392
5004304,-0.46589145515832103,-0.42746823329220585,-0.1665767562086392
5004502,-0.46589145515832103,-0.42746823329220585,-0.1665767562086392
5004601,-0.46589145515832103,-0.42746823329220585,-0.1665767562086392
5004700,-0.46589145515832103,-0.42746823329220585,-0.1665767562086392
5004809,-0.46589145515832103,-0.42746823329220585,-0.1665767562086392
5005103,-0.46589145515832103,-0.42746823329220585,-0.1665767562086392
5005152,-0.46589145515832103,-0.42746823329220585,-0.1665767562086392
5005251,-0.46589145515832103,-0.42746823329220585,-0.1665767562086392
5005400,-0.46589145515832103,-0.42746823329220585,-0.1665767562086392
5005681,-0.46589145515832103,-0.42746823329220585,-0.1665767562086392
5005707,-0.46589145515832103,-0.42746823329220585,-0.1665767562086392
5006200,-0.46589145515832103,-0.42746823329220585,-0.1665767562086392
5006259,-0.46589145515832103,-0.42746823329220585,-0.1665767562086392
5006358,-0.46589145515832103,-0.42746823329220585,-0.1665767562086392
5006606,-0.46589145515832103,-0.42746823329220585,-0.1665767562086392
5007208,-0.46589145515832103,-0.42746823329220585,-0.1665767562086392
5007703,-0.46589145515832103,-0.42746823329220585,-0.1665767562086392
5007950,-0.46589145515832103,-0.42746823329220585,-0.1665767562086392
5007976,-0.46589145515832103,-0.42746823329220585,-0.1665767562086392
5008404,-0.46589145515832103,-0.42746823329220585,-0.1665767562086392
5000708,-0.44080032868217617,-0.0944320612862,-0.5402410086884026
5001102,-0.44080032868217617,-0.0944320612862,-0.5402410086884026
5002100,-0.44080032868217617,-0.0944320612862,-0.5402410086884026
5002159,-0.44080032868217617,-0.0944320612862,-0.5402410086884026
5002209,-0.44080032868217617,-0.0944320612862,-0.5402410086884026
5002803,-0.44080032868217617,-0.0944320612862,-0.5402410086884026
5003207,-0.44080032868217617,-0.0944320612862,-0.5402410086884026
5004106,-0.44080032868217617,-0.0944320612862,-0.5402410086884026
5005004,-0.44080032868217617,-0.0944320612862,-0.5402410086884026
5005202,-0.44080032868217617,-0.0944320612862,-0.5402410086884026
5005608,-0.44080032868217617,-0.0944320612862,-0.5402410086884026
5005806,-0.44080032868217617,-0.0944320612862,-0.5402410086884026
5006903,-0.44080032868217617,-0.0944320612862,-0.5402410086884026
5100102,0.11037728733596515,-0.3336670859929809,0.13095649875707405
5100508,0.11037728733596515,-0.3336670859929809,0.13095649875707405
5101308,0.11037728733596515,-0.3336670859929809,0.13095649875707405
5101605,0.11037728733596515,-0.3336670859929809,0.13095649875707405
5101704,0.11037728733596515,-0.3336670859929809,0.13095649875707405
5101902,0.11037728733596515,-0.3336670859929809,0.13095649875707405
5102637,0.11037728733596515,-0.3336670859929809,0.13095649875707405
5102678,0.11037728733596515,-0.3336670859929809,0.13095649875707405
5103007,0.11037728733596515,-0.3336670859929809,0.13095649875707405
5103403,0.11037728733596515,-0.3336670859929809,0.13095649875707405
5103452,0.11037728733596515,-0.3336670859929809,0.13095649875707405
5103502,0.11037728733596515,-0.3336670859929809,0.13095649875707405
5104906,0.11037728733596515,-0.3336670859929809,0.13095649875707405
5105903,0.11037728733596515,-0.3336670859929809,0.13095649875707405
5106000,0.11037728733596515,-0.3336670859929809,0.13095649875707405
5106109,0.11037728733596515,-0.3336670859929809,0.13095649875707405
5106208,0.11037728733596515,-0.3336670859929809,0.13095649875707405
5106232,0.11037728733596515,-0.3336670859929809,0.13095649875707405
5106455,0.11037728733596515,-0.3336670859929809,0.13095649875707405
5106505,0.11037728733596515,-0.3336670859929809,0.13095649875707405
5106851,0.11037728733596515,-0.3336670859929809,0.13095649875707405
5107263,0.11037728733596515,-0.3336670859929809,0.13095649875707405
5107305,0.11037728733596515,-0.3336670859929809,0.13095649875707405
5107701,0.11037728733596515,-0.3336670859929809,0.13095649875707405
5107800,0.11037728733596515,-0.3336670859929809,0.13095649875707405
5107875,0.11037728733596515,-0.3336670859929809,0.13095649875707405
5107958,0.11037728733596515,-0.3336670859929809,0.13095649875707405
5108402,0.11037728733596515,-0.3336670859929809,0.13095649875707405
5108857,0.11037728733596515,-0.3336670859929809,0.13095649875707405
5108907,0.11037728733596515,-0.3336670859929809,0.13095649875707405
5101258,0.022733304833049972,0.19117689690087014,0.7647008234434104
5102504,0.022733304833049972,0.19117689690087014,0.7647008234434104
5102686,0.022733304833049972,0.19117689690087014,0.7647008234434104
5103304,0.022733304833049972,0.19117689690087014,0.7647008234434104
5103361,0.022733304833049972,0.19117689690087014,0.7647008234434104
5103437,0.022733304833049972,0.19117689690087014,0.7647008234434104
5103809,0.022733304833049972,0.19117689690087014,0.7647008234434104
5103957,0.022733304833049972,0.19117689690087014,0.7647008234434104
5104500,0.022733304833049972,0.19117689690087014,0.7647008234434104
5105002,0.022733304833049972,0.19117689690087014,0.7647008234434104
5105234,0.022733304833049972,0.19117689690087014,0.7647008234434104
5105507,0.022733304833049972,0.19117689690087014,0.7647008234434104
5105622,0.022733304833049972,0.19117689690087014,0.7647008234434104
5106182,0.022733304833049972,0.19117689690087014,0.7647008234434104
5106752,0.022733304833049972,0.19117689690087014,0.7647008234434104
5106828,0.022733304833049972,0.19117689690087014,0.7647008234434104
5107107,0.022733304833049972,0.19117689690087014,0.7647008234434104
5107156,0.022733304833049972,0.19117689690087014,0.7647008234434104
5107206,0.022733304833049972,0.19117689690087014,0.7647008234434104
5107750,0.022733304833049972,0.19117689690087014,0.7647008234434104
5108352,0.022733304833049972,0.19117689690087014,0.7647008234434104
5100250,0.07820583429123862,0.045503393946824094,-0.3403300531006022
5100805,0.07820583429123862,0.045503393946824094,-0.3403300531006022
5101407,0.07820583429123862,0.045503393946824094,-0.3403300531006022
5102793,0.07820583429123862,0.045503393946824094,-0.3403300531006022
5102850,0.07820583429123862,0.045503393946824094,-0.3403300531006022
5103056,0.07820583429123862,0.045503393946824094,-0.3403300531006022
5103205,0.07820583429123862,0.045503393946824094,-0.3403300531006022
5103254,0.07820583429123862,0.045503393946824094,-0.3403300531006022
5103379,0.07820583429123862,0.045503393946824094,-0.3403300531006022
5103700,0.07820583429123862,0.045503393946824094,-0.3403300531006022
5104104,0.07820583429123862,0.045503393946824094,-0.3403300531006022
5104526,0.07820583429123862,0.045503393946824094,-0.3403300531006022
5104542,0.07820583429123862,0.045503393946824094,-0.3403300531006022
5104559,0.07820583429123862,0.045503393946824094,-0.3403300531006022
5105101,0.07820583429123862,0.045503393946824094,-0.3403300531006022
5105150,0.07820583429123862,0.045503393946824094,-0.3403300531006022
5105176,0.07820583429123862,0.045503393946824094,-0.3403300531006022
5105259,0.07820583429123862,0.045503393946824094,-0.3403300531006022
5105580,0.07820583429123862,0.045503393946824094,-0.3403300531006022
5105606,0.07820583429123862,0.045503393946824094,-0.3403300531006022
5106158,0.07820583429123862,0.045503393946824094,-0.3403300531006022
5106190,0.07820583429123862,0.045503393946824094,-0.3403300531006022
5106216,0.07820583429123862,0.045503393946824094,-0.3403300531006022
5106224,0.07820583429123862,0.045503393946824094,-0.3403300531006022
5106240,0.07820583429123862,0.045503393946824094,-0.3403300531006022
5106265,0.07820583429123862,0.045503393946824094,-0.3403300531006022
5106273,0.07820583429123862,0.045503393946824094,-0.3403300531006022
5106299,0.07820583429123862,0.045503393946824094,-0.3403300531006022
5106422,0.07820583429123862,0.045503393946824094,-0.3403300531006022
5106802,0.07820583429123862,0.045503393946824094,-0.3403300531006022
5107248,0.07820583429123862,0.045503393946824094,-0.3403300531006022
5107578,0.07820583429123862,0.045503393946824094,-0.3403300531006022
5107768,0.07820583429123862,0.045503393946824094,-0.3403300531006022
5107909,0.07820583429123862,0.045503393946824094,-0.3403300531006022
5107925,0.07820583429123862,0.045503393946824094,-0.3403300531006022
5107941,0.07820583429123862,0.045503393946824094,-0.3403300531006022
5108006,0.07820583429123862,0.045503393946824094,-0.3403300531006022
5108055,0.07820583429123862,0.045503393946824094,-0.3403300531006022
5108303,0.07820583429123862,0.045503393946824094,-0.3403300531006022
5108501,0.07820583429123862,0.045503393946824094,-0.3403300531006022
5108808,0.07820583429123862,0.045503393946824094,-0.3403300531006022
5108956,0.07820583429123862,0.045503393946824094,-0.3403300531006022
5100201,0.043139432057904305,-0.20435107238474512,0.3341817167159729
5100359,0.043139432057904305,-0.20435107238474512,0.3341817167159729
5101001,0.043139432057904305,-0.20435107238474512,0.3341817167159729
5101803,0.043139432057904305,-0.20435107238474512,0.3341817167159729
5101852,0.043139432057904305,-0.20435107238474512,0.3341817167159729
5102603,0.043139432057904305,-0.20435107238474512,0.3341817167159729
5102694,0.043139432057904305,-0.20435107238474512,0.3341817167159729
5102702,0.043139432057904305,-0.20435107238474512,0.3341817167159729
5103106,0.043139432057904305,-0.20435107238474512,0.3341817167159729
5103353,0.043139432057904305,-0.20435107238474512,0.3341817167159729
5103858,0.043139432057904305,-0.20435107238474512,0.3341817167159729
5103908,0.043139432057904305,-0.20435107238474512,0.3341817167159729
5105309,0.043139432057904305,-0.20435107238474512,0.3341817167159729
5106174,0.043139432057904305,-0.20435107238474512,0.3341817167159729
5106257,0.043139432057904305,-0.20435107238474512,0.3341817167159729
5106281,0.043139432057904305,-0.20435107238474512,0.3341817167159729
5106315,0.043139432057904305,-0.20435107238474512,0.3341817167159729
5106653,0.043139432057904305,-0.20435107238474512,0.3341817167159729
5106703,0.043139432057904305,-0.20435107238474512,0.3341817167159729
5106778,0.043139432057904305,-0.20435107238474512,0.3341817167159729
5107065,0.043139432057904305,-0.20435107238474512,0.3341817167159729
5107180,0.043139432057904305,-0.20435107238474512,0.3341817167159729
5107198,0.043139432057904305,-0.20435107238474512,0.3341817167159729
5107354,0.043139432057904305,-0.20435107238474512,0.3341817167159729
5107743,0.043139432057904305,-0.20435107238474512,0.3341817167159729
5107776,0.043139432057904305,-0.20435107238474512,0.3341817167159729
5107859,0.043139432057904305,-0.20435107238474512,0.3341817167159729
5107883,0.043139432057904305,-0.20435107238474512,0.3341817167159729
5108204,0.043139432057904305,-0.20435107238474512,0.3341817167159729
5108600,0.043139432057904305,-0.20435107238474512,0.3341817167159729
5100300,-0.4073685136004311,0.26844823374028753,0.1266012570956534
5100409,-0.4073685136004311,0.26844823374028753,0.1266012570956534
5100607,-0.4073685136004311,0.26844823374028753,0.1266012570956534
5101209,-0.4073685136004311,0.26844823374028753,0.1266012570956534
5103601,-0.4073685136004311,0.26844823374028753,0.1266012570956534
5104203,-0.4073685136004311,0.26844823374028753,0.1266012570956534
5104609,-0.4073685136004311,0.26844823374028753,0.1266012570956534
5104807,-0.4073685136004311,0.26844823374028753,0.1266012570956534
5105200,-0.4073685136004311,0.26844823374028753,0.1266012570956534
5106307,-0.4073685136004311,0.26844823374028753,0.1266012570956534
5106372,-0.4073685136004311,0.26844823374028753,0.1266012570956534
5107008,-0.4073685136004311,0.26844823374028753,0.1266012570956534
5107040,-0.4073685136004311,0.26844823374028753,0.1266012570956534
5107297,-0.4073685136004311,0.26844823374028753,0.1266012570956534
5107404,-0.4073685136004311,0.26844823374028753,0.1266012570956534
5107602,-0.4073685136004311,0.26844823374028753,0.1266012570956534
5107792,-0.4073685136004311,0.26844823374028753,0.1266012570956534
5108105,-0.4073685136004311,0.26844823374028753,0.1266012570956534
5200050,-0.3131057474000441,-0.3099445533813742,-0.48204974732532524
5200100,-0.3131057474000441,-0.3099445533813742,-0.48204974732532524
5200159,-0.3131057474000441,-0.3099445533813742,-0.48204974732532524
5200308,-0.3131057474000441,-0.3099445533813742,-0.48204974732532524
5200852,-0.3131057474000441,-0.3099445533813742,-0.48204974732532524
5201108,-0.3131057474000441,-0.3099445533813742,-0.48204974732532524
5201207,-0.3131057474000441,-0.3099445533813742,-0.48204974732532524
5201306,-0.3131057474000441,-0.3099445533813742,-0.48204974732532524
5201405,-0.3131057474000441,-0.3099445533813742,-0.48204974732532524
5201603,-0.3131057474000441,-0.3099445533813742,-0.48204974732532524
5201801,-0.3131057474000441,-0.3099445533813742,-0.48204974732532524
5202155,-0.3131057474000441,-0.3099445533813742,-0.48204974732532524
5202502,-0.3131057474000441,-0.3099445533813742,-0.48204974732532524
5202809,-0.3131057474000441,-0.3099445533813742,-0.48204974732532524
5203302,-0.3131057474000441,-0.3099445533813742,-0.48204974732532524
5203559,-0.3131057474000441,-0.3099445533813742,-0.48204974732532524
5203609,-0.3131057474000441,-0.3099445533813742,-0.48204974732532524
5203807,-0.3131057474000441,-0.3099445533813742,-0.48204974732532524
5204557,-0.3131057474000441,-0.3099445533813742,-0.48204974732532524
5204805,-0.3131057474000441,-0.3099445533813742,-0.48204974732532524
5204854,-0.3131057474000441,-0.3099445533813742,-0.48204974732532524
5205109,-0.3131057474000441,-0.3099445533813742,-0.48204974732532524
5205208,-0.3131057474000441,-0.3099445533813742,-0.48204974732532524
5205802,-0.3131057474000441,-0.3099445533813742,-0.48204974732532524
5206602,-0.3131057474000441,-0.3099445533813742,-0.48204974732532524
5206800,-0.3131057474000441,-0.3099445533813742,-0.48204974732532524
5206909,-0.3131057474000441,-0.3099445533813742,-0.48204974732532524
5207535,-0.3131057474000441,-0.3099445533813742,-0.48204974732532524
5208152,-0.3131057474000441,-0.3099445533813742,-0.48204974732532524
5208400,-0.3131057474000441,-0.3099445533813742,-0.48204974732532524
5208509,-0.3131057474000441,-0.3099445533813742,-0.48204974732532524
5208707,-0.3131057474000441,-0.3099445533813742,-0.48204974732532524
5208806,-0.3131057474000441,-0.3099445533813742,-0.48204974732532524
5208905,-0.3131057474000441,-0.3099445533813742,-0.48204974732532524
5209200,-0.3131057474000441,-0.3099445533813742,-0.48204974732532524
5209291,-0.3131057474000441,-0.3099445533813742,-0.48204974732532524
5209606,-0.3131057474000441,-0.3099445533813742,-0.48204974732532524
5209705,-0.3131057474000441,-0.3099445533813742,-0.48204974732532524
5210000,-0.3131057474000441,-0.3099445533813742,-0.48204974732532524
5210109,-0.3131057474000441,-0.3099445533813742,-0.48204974732532524
5210406,-0.3131057474000441,-0.3099445533813742,-0.48204974732532524
5210562,-0.3131057474000441,-0.3099445533813742,-0.48204974732532524
5210604,-0.3131057474000441,-0.3099445533813742,-0.48204974732532524
5211008,-0.3131057474000441,-0.3099445533813742,-0.48204974732532524
5211206,-0.3131057474000441,-0.3099445533813742,-0.48204974732532524
5211404,-0.3131057474000441,-0.3099445533813742,-0.48204974732532524
5211800,-0.3131057474000441,-0.3099445533813742,-0.48204974732532524
5212055,-0.3131057474000441,-0.3099445533813742,-0.48204974732532524
5212204,-0.3131057474000441,-0.3099445533813742,-0.48204974732532524
5212303,-0.3131057474000441,-0.3099445533813742,-0.48204974732532524
5212956,-0.3131057474000441,-0.3099445533813742,-0.48204974732532524
5213905,-0.3131057474000441,-0.3099445533813742,-0.48204974732532524
5214002,-0.3131057474000441,-0.3099445533813742,-0.48204974732532524
5214507,-0.3131057474000441,-0.3099445533813742,-0.48204974732532524
5214804,-0.3131057474000441,-0.3099445533813742,-0.48204974732532524
5214838,-0.3131057474000441,-0.3099445533813742,-0.48204974732532524
5215009,-0.3131057474000441,-0.3099445533813742,-0.48204974732532524
5215207,-0.3131057474000441,-0.3099445533813742,-0.48204974732532524
5215306,-0.3131057474000441,-0.3099445533813742,-0.48204974732532524
5215405,-0.3131057474000441,-0.3099445533813742,-0.48204974732532524
5215504,-0.3131057474000441,-0.3099445533813742,-0.48204974732532524
5215801,-0.3131057474000441,-0.3099445533813742,-0.48204974732532524
5216809,-0.3131057474000441,-0.3099445533813742,-0.48204974732532524
5217302,-0.3131057474000441,-0.3099445533813742,-0.48204974732532524
5217401,-0.3131057474000441,-0.3099445533813742,-0.48204974732532524
5219209,-0.3131057474000441,-0.3099445533813742,-0.48204974732532524
5219258,-0.3131057474000441,-0.3099445533813742,-0.48204974732532524
5219506,-0.3131057474000441,-0.3099445533813742,-0.48204974732532524
5219738,-0.3131057474000441,-0.3099445533813742,-0.48204974732532524
5219902,-0.3131057474000441,-0.3099445533813742,-0.48204974732532524
5220264,-0.3131057474000441,-0.3099445533813742,-0.48204974732532524
5220454,-0.3131057474000441,-0.3099445533813742,-0.48204974732532524
5220603,-0.3131057474000441,-0.3099445533813742,-0.48204974732532524
5221007,-0.3131057474000441,-0.3099445533813742,-0.48204974732532524
5221197,-0.3131057474000441,-0.3099445533813742,-0.48204974732532524
5221304,-0.3131057474000441,-0.3099445533813742,-0.48204974732532524
5221403,-0.3131057474000441,-0.3099445533813742,-0.48204974732532524
5221809,-0.3131057474000441,-0.3099445533813742,-0.48204974732532524
5221908,-0.3131057474000441,-0.3099445533813742,-0.48204974732532524
5222005,-0.3131057474000441,-0.3099445533813742,-0.48204974732532524
5200209,-0.4515820556708847,-0.3649895198159137,-0.4114497309949855
5200506,-0.4515820556708847,-0.3649895198159137,-0.4114497309949855
5203500,-0.4515820556708847,-0.3649895198159137,-0.4114497309949855
5203906,-0.4515820556708847,-0.3649895198159137,-0.4114497309949855
5204250,-0.4515820556708847,-0.3649895198159137,-0.4114497309949855
5204508,-0.4515820556708847,-0.3649895198159137,-0.4114497309949855
5205901,-0.4515820556708847,-0.3649895198159137,-0.4114497309949855
5206305,-0.4515820556708847,-0.3649895198159137,-0.4114497309949855
5206503,-0.4515820556708847,-0.3649895198159137,-0.4114497309949855
5207352,-0.4515820556708847,-0.3649895198159137,-0.4114497309949855
5209101,-0.4515820556708847,-0.3649895198159137,-0.4114497309949855
5211503,-0.4515820556708847,-0.3649895198159137,-0.4114497309949855
5212105,-0.4515820556708847,-0.3649895198159137,-0.4114497309949855
5212600,-0.4515820556708847,-0.3649895198159137,-0.4114497309949855
5212907,-0.4515820556708847,-0.3649895198159137,-0.4114497309949855
5213806,-0.4515820556708847,-0.3649895198159137,-0.4114497309949855
5216007,-0.4515820556708847,-0.3649895198159137,-0.4114497309949855
5217104,-0.4515820556708847,-0.3649895198159137,-0.4114497309949855
5217708,-0.4515820556708847,-0.3649895198159137,-0.4114497309949855
5218391,-0.4515820556708847,-0.3649895198159137,-0.4114497309949855
5218789,-0.4515820556708847,-0.3649895198159137,-0.4114497309949855
5222054,-0.4515820556708847,-0.3649895198159137,-0.4114497309949855
5201454,-0.4343175279620476,-0.28405537885893395,-0.1796615156006921
5201504,-0.4343175279620476,-0.28405537885893395,-0.1796615156006921
5204102,-0.4343175279620476,-0.28405537885893395,-0.1796615156006921
5204300,-0.4343175279620476,-0.28405537885893395,-0.1796615156006921
5204409,-0.4343175279620476,-0.28405537885893395,-0.1796615156006921
5205059,-0.4343175279620476,-0.28405537885893395,-0.1796615156006921
5205471,-0.4343175279620476,-0.28405537885893395,-0.1796615156006921
5207253,-0.4343175279620476,-0.28405537885893395,-0.1796615156006921
5209150,-0.4343175279620476,-0.28405537885893395,-0.1796615156006921
5209937,-0.4343175279620476,-0.28405537885893395,-0.1796615156006921
5210802,-0.4343175279620476,-0.28405537885893395,-0.1796615156006921
5211305,-0.4343175279620476,-0.28405537885893395,-0.1796615156006921
5211909,-0.4343175279620476,-0.28405537885893395,-0.1796615156006921
5212253,-0.4343175279620476,-0.28405537885893395,-0.1796615156006921
5213004,-0.4343175279620476,-0.28405537885893395,-0.1796615156006921
5213103,-0.4343175279620476,-0.28405537885893395,-0.1796615156006921
5213756,-0.4343175279620476,-0.28405537885893395,-0.1796615156006921
5216304,-0.4343175279620476,-0.28405537885893395,-0.1796615156006921
5216452,-0.4343175279620476,-0.28405537885893395,-0.1796615156006921
5218052,-0.4343175279620476,-0.28405537885893395,-0.1796615156006921
5218102,-0.4343175279620476,-0.28405537885893395,-0.1796615156006921
5218508,-0.4343175279620476,-0.28405537885893395,-0.1796615156006921
5218805,-0.4343175279620476,-0.28405537885893395,-0.1796615156006921
5219308,-0.4343175279620476,-0.28405537885893395,-0.1796615156006921
5219407,-0.4343175279620476,-0.28405537885893395,-0.1796615156006921
5219712,-0.4343175279620476,-0.28405537885893395,-0.1796615156006921
5220405,-0.4343175279620476,-0.28405537885893395,-0.1796615156006921
5220504,-0.4343175279620476,-0.28405537885893395,-0.1796615156006921
5221551,-0.4343175279620476,-0.28405537885893395,-0.1796615156006921
5200134,0.2710654312701396,0.6864015127890282,-0.8068085856022884
5200902,0.2710654312701396,0.6864015127890282,-0.8068085856022884
5201702,0.2710654312701396,0.6864015127890282,-0.8068085856022884
5202353,0.2710654312701396,0.6864015127890282,-0.8068085856022884
5202601,0.2710654312701396,0.6864015127890282,-0.8068085856022884
5203104,0.2710654312701396,0.6864015127890282,-0.8068085856022884
5203401,0.2710654312701396,0.6864015127890282,-0.8068085856022884
5203939,0.2710654312701396,0.6864015127890282,-0.8068085856022884
5204201,0.2710654312701396,0.6864015127890282,-0.8068085856022884
5204607,0.2710654312701396,0.6864015127890282,-0.8068085856022884
5205455,0.2710654312701396,0.6864015127890282,-0.8068085856022884
5205703,0.2710654312701396,0.6864015127890282,-0.8068085856022884
5207105,0.2710654312701396,0.6864015127890282,-0.8068085856022884
5207402,0.2710654312701396,0.6864015127890282,-0.8068085856022884
5207600,0.2710654312701396,0.6864015127890282,-0.8068085856022884
5207808,0.2710654312701396,0.6864015127890282,-0.8068085856022884
5209952,0.2710654312701396,0.6864015127890282,-0.8068085856022884
5210208,0.2710654312701396,0.6864015127890282,-0.8068085856022884
5210307,0.2710654312701396,0.6864015127890282,-0.8068085856022884
5211602,0.2710654312701396,0.6864015127890282,-0.8068085856022884
5211701,0.2710654312701396,0.6864015127890282,-0.8068085856022884
5212006,0.2710654312701396,0.6864015127890282,-0.8068085856022884
5213400,0.2710654312701396,0.6864015127890282,-0.8068085856022884
5213707,0.2710654312701396,0.6864015127890282,-0.8068085856022884
5214408,0.2710654312701396,0.6864015127890282,-0.8068085856022884
5215652,0.2710654312701396,0.6864015127890282,-0.8068085856022884
5215702,0.2710654312701396,0.6864015127890282,-0.8068085856022884
5215900,0.2710654312701396,0.6864015127890282,-0.8068085856022884
5216403,0.2710654312701396,0.6864015127890282,-0.8068085856022884
5217203,0.2710654312701396,0.6864015127890282,-0.8068085856022884
5219001,0.2710654312701396,0.6864015127890282,-0.8068085856022884
5219100,0.2710654312701396,0.6864015127890282,-0.8068085856022884
5220058,0.2710654312701396,0.6864015127890282,-0.8068085856022884
5220108,0.2710654312701396,0.6864015127890282,-0.8068085856022884
5221502,0.2710654312701396,0.6864015127890282,-0.8068085856022884
5200555,0.05741517511734988,-0.24993238624516684,-0.7277115418222483
5200829,0.05741517511734988,-0.24993238624516684,-0.7277115418222483
5203203,0.05741517511734988,-0.24993238624516684,-0.7277115418222483
5203575,0.05741517511734988,-0.24993238624516684,-0.7277115418222483
5204656,0.05741517511734988,-0.24993238624516684,-0.7277115418222483
5204706,0.05741517511734988,-0.24993238624516684,-0.7277115418222483
5204953,0.05741517511734988,-0.24993238624516684,-0.7277115418222483
5205000,0.05741517511734988,-0.24993238624516684,-0.7277115418222483
5205406,0.05741517511734988,-0.24993238624516684,-0.7277115418222483
5205521,0.05741517511734988,-0.24993238624516684,-0.7277115418222483
5206404,0.05741517511734988,-0.24993238624516684,-0.7277115418222483
5207501,0.05741517511734988,-0.24993238624516684,-0.7277115418222483
5208103,0.05741517511734988,-0.24993238624516684,-0.7277115418222483
5208608,0.05741517511734988,-0.24993238624516684,-0.7277115418222483
5209457,0.05741517511734988,-0.24993238624516684,-0.7277115418222483
5209804,0.05741517511734988,-0.24993238624516684,-0.7277115418222483
5210158,0.05741517511734988,-0.24993238624516684,-0.7277115418222483
5210901,0.05741517511734988,-0.24993238624516684,-0.7277115418222483
5212808,0.05741517511734988,-0.24993238624516684,-0.7277115418222483
5213087,0.05741517511734988,-0.24993238624516684,-0.7277115418222483
5213772,0.05741517511734988,-0.24993238624516684,-0.7277115418222483
5213855,0.05741517511734988,-0.24993238624516684,-0.7277115418222483
5214051,0.05741517511734988,-0.24993238624516684,-0.7277115418222483
5214101,0.05741517511734988,-0.24993238624516684,-0.7277115418222483
5214606,0.05741517511734988,-0.24993238624516684,-0.7277115418222483
5214705,0.05741517511734988,-0.24993238624516684,-0.7277115418222483
5214861,0.05741517511734988,-0.24993238624516684,-0.7277115418222483
5214879,0.05741517511734988,-0.24993238624516684,-0.7277115418222483
5215256,0.05741517511734988,-0.24993238624516684,-0.7277115418222483
5216908,0.05741517511734988,-0.24993238624516684,-0.7277115418222483
5218003,0.05741517511734988,-0.24993238624516684,-0.7277115418222483
5218607,0.05741517511734988,-0.24993238624516684,-0.7277115418222483
5218706,0.05741517511734988,-0.24993238624516684,-0.7277115418222483
5218904,0.05741517511734988,-0.24993238624516684,-0.7277115418222483
5219357,0.05741517511734988,-0.24993238624516684,-0.7277115418222483
5219456,0.05741517511734988,-0.24993238624516684,-0.7277115418222483
5219605,0.05741517511734988,-0.24993238624516684,-0.7277115418222483
5219704,0.05741517511734988,-0.24993238624516684,-0.7277115418222483
5220157,0.05741517511734988,-0.24993238624516684,-0.7277115418222483
5220207,0.05741517511734988,-0.24993238624516684,-0.7277115418222483
5220280,0.05741517511734988,-0.24993238624516684,-0.7277115418222483
5221452,0.05741517511734988,-0.24993238624516684,-0.7277115418222483
5221577,0.05741517511734988,-0.24993238624516684,-0.7277115418222483
5221601,0.05741517511734988,-0.24993238624516684,-0.7277115418222483
5221700,0.05741517511734988,-0.24993238624516684,-0.7277115418222483
5222302,0.05741517511734988,-0.24993238624516684,-0.7277115418222483
5200175,-0.383319920108362,0.5948756637453011,-0.3426927321835945
5200258,-0.383319920108362,0.5948756637453011,-0.3426927321835945
5200605,-0.383319920108362,0.5948756637453011,-0.3426927321835945
5200803,-0.383319920108362,0.5948756637453011,-0.3426927321835945
5203962,-0.383319920108362,0.5948756637453011,-0.3426927321835945
5204003,-0.383319920108362,0.5948756637453011,-0.3426927321835945
5204904,-0.383319920108362,0.5948756637453011,-0.3426927321835945
5205307,-0.383319920108362,0.5948756637453011,-0.3426927321835945
5205497,-0.383319920108362,0.5948756637453011,-0.3426927321835945
5205513,-0.383319920108362,0.5948756637453011,-0.3426927321835945
5206206,-0.383319920108362,0.5948756637453011,-0.3426927321835945
5206701,-0.383319920108362,0.5948756637453011,-0.3426927321835945
5207907,-0.383319920108362,0.5948756637453011,-0.3426927321835945
5208004,-0.383319920108362,0.5948756637453011,-0.3426927321835945
5208301,-0.383319920108362,0.5948756637453011,-0.3426927321835945
5209408,-0.383319920108362,0.5948756637453011,-0.3426927321835945
5209903,-0.383319920108362,0.5948756637453011,-0.3426927321835945
5212501,-0.383319920108362,0.5948756637453011,-0.3426927321835945
5212709,-0.383319920108362,0.5948756637453011,-0.3426927321835945
5213053,-0.383319920108362,0.5948756637453011,-0.3426927321835945
5213509,-0.383319920108362,0.5948756637453011,-0.3426927321835945
5214903,-0.383319920108362,0.5948756637453011,-0.3426927321835945
5215231,-0.383319920108362,0.5948756637453011,-0.3426927321835945
5215603,-0.383319920108362,0.5948756637453011,-0.3426927321835945
5217609,-0.383319920108362,0.5948756637453011,-0.3426927321835945
5218300,-0.383319920108362,0.5948756637453011,-0.3426927321835945
5219753,-0.383319920108362,0.5948756637453011,-0.3426927321835945
5219803,-0.383319920108362,0.5948756637453011,-0.3426927321835945
5220009,-0.383319920108362,0.5948756637453011,-0.3426927321835945
5220686,-0.383319920108362,0.5948756637453011,-0.3426927321835945
5220702,-0.383319920108362,0.5948756637453011,-0.3426927321835945
5221080,-0.383319920108362,0.5948756637453011,-0.3426927321835945
5221858,-0.383319920108362,0.5948756637453011,-0.3426927321835945
5222203,-0.383319920108362,0.5948756637453011,-0.3426927321835945
5300108,-0.05541019628680865,-0.13229643612316286,-0.9360174638654115
