CD_MUN,indexP_mds1,indexP_mds2,indexP_mds3
1100015,0.19104803656802086,0.09787515914293904,-0.16574413938378355
1100023,0.23401067296211137,-0.06721618968740453,-0.25983877426554586
1100031,0.21562990517108596,0.32944086246447374,-0.12405497842181318
1100049,0.026452849977296185,-0.17961010674385988,-0.07322658480220134
1100056,0.2289631655983956,0.24392156312014787,-0.1676023306353997
1100064,0.01641315714100867,0.041378246027924115,-0.03838329083117241
1100072,0.1499557949749521,0.18180218959578673,-0.10368622578214037
1100080,0.4666144560052919,0.38650942320789533,-0.4425323312726535
1100098,0.027584828046367218,-0.11189820490598647,-0.06186212642264963
1100106,0.5053861643446137,0.30557822977985377,-0.529368722687765
1100114,0.1562092015625207,-0.08672279502438594,-0.1754010151115542
1100122,0.10445419791109885,-0.1788702571534502,-0.1410626335866264
1100130,0.2979990313022221,-0.06792340560203222,-0.3259312688420429
1100148,0.06019576822659441,-0.14221622510296839,-0.09689958941738952
1100155,0.07494400915152831,-0.1205895274650977,-0.08677095098147362
1100189,0.019864251772139747,-0.0734499939135792,-0.04597314565598704
1100205,0.4953288682281217,0.10680837666865826,-0.5295924433871001
1100254,0.02003910810973763,-0.21207850053491842,-0.06253210313829727
1100262,0.2695944772113497,-0.04214811882346272,-0.28887573505201364
1100288,0.07322176212685835,-0.03600752917048677,-0.07460919599763717
1100296,-0.0037649173669076826,-0.08215821991004543,-0.018103999502630006
1100304,-0.061646864282475976,-0.130099081579512,-0.0051307124516707615
1100320,0.23447841637811687,0.10295968716972415,-0.1990548205862126
1100338,0.45849596227233136,0.19121415476794063,-0.4786722615988681
1100346,0.07958247309036995,-0.14113607667515132,-0.10977845667637608
1100379,0.22737024164664515,0.2485884806331021,-0.14191066387167556
1100403,0.3506149717689066,0.028614716583182414,-0.3653922562064134
1100452,0.3821119542277462,0.03842124834459877,-0.421913079706914
1100502,0.0807119627401226,-0.0489543524343508,-0.08509810874802887
1100601,0.2139180351440216,-0.08495502193439758,-0.24460687290731958
1100700,0.2980420903003625,0.015211331993530716,-0.31928784254015347
1100809,0.41131705099936794,0.015525388829116006,-0.4468707176960684
1100908,0.08251859822603831,-0.07050270787662977,-0.0862538037669767
1100924,0.02930111622667482,-0.0030651659789408957,-0.04929715853678591
1100940,0.33539769359837635,0.07667554266751045,-0.3011598076866118
1101005,0.17413277387356524,-0.09528070347360414,-0.20566490769512347
1101104,0.3748021481417644,0.02469605818640925,-0.38825892296695197
1101203,-0.035369319863190765,-0.2327136367397191,-0.01204757635764899
1101302,0.10684696334176037,-0.1218262327235362,-0.13680614017866183
1101401,0.30035087970571556,0.07194129751248775,-0.28397174455163376
1101435,0.03248446178525725,-0.20908863957954946,-0.07788465561046665
1101450,0.03735094155639985,-0.028095187267249525,-0.05191594638845577
1101468,0.25686698272237324,0.22208684208704496,-0.20823671176319652
1101476,0.058328954587287804,-0.016465571731444015,-0.05762641517501239
1101484,0.04637912858038287,-0.08966730307157969,-0.0806578901678082
1101492,0.3484966546389325,0.2279842167693747,-0.30240715639223703
1101500,0.2620948486212963,0.044744834162129266,-0.26263576783668835
1101559,0.045930986105267496,-0.19313101138890476,-0.08558821254650874
1101609,0.16861271798512675,-0.08238487399500756,-0.18415678047704667
1101708,0.05631888117217111,-0.21260648146038957,-0.10804991387581532
1101757,0.23809212642257488,-0.05914441460947265,-0.24819849354108514
1101807,0.10292086647642179,-0.1791008749831179,-0.14229924901652538
1200013,0.5249424072412264,0.21687823376561802,-0.5481560365114994
1200054,0.20627911967039644,-0.13710788240960192,-0.27400973281105123
1200104,0.3069864138402837,0.07918282846609055,-0.279031387557648
1200138,0.2617339051577525,-0.16093713948943864,-0.3720042268959716
1200179,0.43993899395868996,0.1262923353367311,-0.4781142997830397
1200203,0.4682405148645374,-0.09577000546966899,-0.6383048134808639
1200252,0.39473786323055404,0.1294059775780351,-0.4168168379107005
1200302,0.27036011427409085,-0.20967905706652143,-0.4029837112717806
1200328,0.3284747696842186,-0.15199830429013844,-0.47242365863502156
1200336,0.4778451210913183,-0.17614025900836588,-0.6639679372078535
1200344,0.17870532038177186,-0.27611312309927155,-0.3185578363812063
1200351,0.38606346914816203,-0.12388046429897882,-0.5277916213420243
1200385,0.5175987673105926,0.25214575307655424,-0.5341075448982634
1200393,0.4502514155779844,-0.0903758023936322,-0.6114248026683947
1200401,0.33615487656889564,-0.008174293029271378,-0.3824299666884725
1200427,0.47303207947948445,-0.1285928249662549,-0.6444248478356988
1200435,0.24112176975687802,-0.2005122473169017,-0.3666616808788506
1200450,0.4788820718972833,0.15688533629389745,-0.5110312324602856
1200500,0.18984687115704932,-0.2151494281263988,-0.3020467471456466
1200609,0.3436669996683168,-0.1593711340791158,-0.47969735802179964
1200708,0.3747264234421151,0.0646576153923502,-0.40996612815214745
1200807,0.4262868818712617,0.12189812135491584,-0.4114597270098035
1300029,0.9702900701136699,0.11685879005478418,-1.1103937667322932
1300060,0.8560677309979509,-0.0077269426879306765,-0.9993094110892927
1300086,1.0959284392419468,0.06090546285068194,-1.1335196490751847
1300102,0.9902284878986012,0.05808096269165462,-1.1338724018007615
1300144,0.5695532697770133,0.19397969853565325,-0.6132399984577823
1300201,0.6811240817599311,-0.04692073929131438,-0.8445499310046436
1300300,1.1850840059259533,0.3203201812910599,-1.0891981533295039
1300409,1.0529791434519222,-0.2131467422092049,-1.0620378242172461
1300508,1.2747564989368927,0.26738707767301656,-1.1280522014893606
1300607,0.7846734417023933,0.08837412268581031,-0.8997200946906346
1300631,0.9843621680623107,0.12021561627140115,-1.1002330000016523
1300680,1.2289812214625935,0.26050406211212923,-1.092079012304695
1300706,0.2803000894146222,-0.2430494996143843,-0.4236514819478907
1300805,1.009319586096737,0.37967172258895504,-0.9959388494013053
1300839,1.15354413828393,0.07760013755186441,-1.1223668335582586
1300904,0.6587175929590136,0.06476253895465314,-0.723677060089771
1301001,0.840182183194697,0.15850845813015482,-0.8926567921042526
1301100,1.1008748779371014,0.14883037198136584,-1.1227908263933353
1301159,1.2431709899340428,0.29696001757079715,-1.0327767092280102
1301209,0.891803055619882,0.043205571384432345,-1.040375044266325
1301308,1.0028185531351959,-0.004585891705091702,-1.1209766302157973
1301407,0.47453780553715286,-0.14947407339551919,-0.5990030070434025
1301506,0.4063348576058524,-0.17722033220440264,-0.5480590737239168
1301605,0.9220157819836495,-0.0002350248693471825,-1.0568409561673677
1301654,0.48172422387820435,-0.15129219196226398,-0.660605290188266
1301704,0.6397820354654672,0.09219128003733743,-0.6972109958897839
1301803,0.4855750021431713,-0.09485699749952373,-0.6153331642747022
1301852,1.1837732791802664,0.12107115021541419,-1.1184736822478196
1301902,1.1878784557867912,0.24976936819435797,-1.0619774653710707
1301951,0.6015591199058158,-0.03516281376881709,-0.6716615271784264
1302009,1.2449972510539746,0.20822924379257787,-1.0524231083849955
1302108,0.850528872317572,-0.14118303384633152,-0.9749947299819338
1302207,0.9006192532590929,0.06973885036034767,-1.0081526147877853
1302306,0.7748437741074437,0.03840590779558191,-0.8574415689174314
1302405,0.5723267730324796,0.0629562775878324,-0.6248834962823958
1302504,1.1515153509923268,0.13233139827793847,-1.092364668313881
1302553,1.2333392246936625,0.35873609196950146,-1.0335600323945966
1302603,1.139356535518171,0.060187741162614224,-1.113763481218731
1302702,0.7454350449377879,0.12562673087420853,-0.828000629172792
1302801,0.9811629356281311,0.003418715307899338,-1.1240821104517056
1302900,0.9169351683260796,0.33885732494348764,-0.9259481763197746
1303007,1.2371913893925746,0.08334130410536855,-1.0376602431653823
1303106,1.0510516383784827,0.2651125799168681,-1.055525270513051
1303205,1.1678674106011793,-0.004630596917509093,-1.088670865792957
1303304,0.7613814031724958,0.2874995929431853,-0.7929148704646989
1303403,1.3169838836278949,0.19774967728561857,-1.1318053429838053
1303502,0.3751623706414439,-0.23442353227459375,-0.5103803279014243
1303536,1.2620391092383247,0.04934359310819343,-1.0956610442816093
1303569,1.1567595032650086,0.08829921295668361,-1.0899002232160229
1303601,0.9548925979086739,-0.20230233804108846,-1.0487468397937991
1303700,0.9057193472102492,0.018332801400924404,-1.0688999367613576
1303809,0.9465141615295555,-0.33751337885945265,-0.9754166267745524
1303908,0.8394272640691478,0.07626460580341672,-0.9678786831811372
1303957,1.1864889824242524,0.0789181612168775,-1.0109774587352744
1304005,1.1715352010404956,0.19004436971964525,-1.051706258207883
1304062,1.0547586656755903,0.33345179937599656,-1.1152039620151413
1304104,0.8028967455053992,0.1765779238244794,-0.8161294029770073
1304203,0.8945351837474619,0.11933537453330313,-0.9889894688824158
1304237,0.8529020318621403,-0.05875157598576382,-0.9711752176505223
1304260,0.9588414506505611,0.058084137764894864,-1.0764417123560341
1304302,1.1910629206295573,-0.016394153870039667,-1.0579084188935906
1304401,1.3214586998089377,0.2808152948689033,-1.0846193501088766
1400027,0.946305530510696,-0.6549171590295889,-0.8723177712667213
1400050,0.8012702656448915,-0.644218611479265,-0.801684650977082
1400100,1.5462767326694724,-0.09489256617434623,-1.2548850034647203
1400159,1.5467779497874572,-0.030423146553728096,-1.2212942816928698
1400175,1.384679906901571,-0.10168674600163329,-1.143960879570994
1400209,1.3143457167053405,-0.12047559261600918,-1.1228789573197555
1400233,1.191823538806355,-0.12791612338051037,-0.9879594089792787
1400282,1.0753576151153488,-0.3900160641568624,-1.0048033477287655
1400308,1.3634209708836198,-0.3385846855526932,-1.1022170254139299
1400407,1.3871921721821865,-0.2124048755772939,-1.0929509486164561
1400456,1.1081645937150055,-0.5792366514979338,-0.8985605098860097
1400472,1.2462354561182247,-0.08818514922346593,-1.098526531423367
1400506,1.3059151799740514,-0.058576559256639966,-1.0355908696668041
1400605,1.3184233936747427,-0.038147190809840394,-1.1375320052368836
1400704,0.3710598608102861,-0.9300758958123,-0.3943339650970128
1500107,1.143976004019897,0.10753007007823191,-1.0417076674121142
1500131,0.5546504588154139,0.22983724179911014,-0.4750409179469047
1500206,1.0445378719829015,0.0826170238124296,-0.9436150695510306
1500305,1.3394687565425742,0.2433450712622466,-1.0327556521700094
1500347,0.2578300748605394,0.07181492581994764,-0.19641452805476833
1500404,0.8998242438687752,-0.2452502333781856,-0.8054243162758156
1500503,0.9509073143745684,-0.1631256577029572,-0.7306948377291923
1500602,0.5338415595428996,0.20765872601702973,-0.43550499202776555
1500701,1.1459649202384392,0.09619590489391941,-0.9632067593078171
1500800,1.2501480986757223,0.2095107427878028,-1.0514980534071487
1500859,0.6865836614356761,0.1527739333523322,-0.4756469690840369
1500909,1.1000556598448945,0.10542923375649624,-0.807791262688086
1500958,1.0244146517858304,0.13046358049681597,-0.836099958625456
1501006,0.9616126718602154,0.10468865515177667,-0.9174551591212039
1501105,0.9170784136769989,-0.01651291296127674,-0.8360724969541989
1501204,0.9496656363411757,0.18744478351430832,-0.8367209283334771
1501253,0.12380586053915614,-0.07782028983120803,-0.11767799806403235
1501303,1.278166857717281,0.23303853880173098,-1.059065181219792
1501402,1.3039445970404233,0.20486417241859514,-1.1140942999804024
1501451,0.9019476029467306,-0.05391149557925859,-0.9194106074301567
1501501,1.2135783466651726,0.19055670878635997,-1.0033928949493878
1501576,0.6474355600587858,0.29807587044912015,-0.6303403293922715
1501600,1.0102986236629952,0.018846715227489878,-0.7748871002371375
1501709,1.1283479945399137,0.14659116568432656,-0.7940095739002865
1501725,0.7492945368508702,0.003220521406526599,-0.650925278931011
1501758,0.5116630406119089,0.343132050545737,-0.46604715628947574
1501782,0.9269163388840425,0.29512585006359227,-0.8535452332675721
1501808,0.9933375800070604,-0.06715569847486236,-0.8782445731249297
1501907,1.199760802104566,0.2549898944701829,-0.921690401057913
1501956,1.04591732257008,0.09698528292031842,-0.780976553492596
1502004,1.3211253202867703,0.17322238584118235,-1.1260368438994546
1502103,1.0505651605977935,0.2018172452208791,-0.8348733310429307
1502152,0.30557990141668884,0.12525143511193565,-0.23429238846837702
1502202,1.107676779091367,0.10776157628835989,-0.7499168822777559
1502301,1.1094245410255772,0.23754406455051064,-0.7363787813810888
1502400,1.2547946338471265,0.29052869533435194,-0.867075873641192
1502509,1.439015575960697,0.33179455988172935,-1.0897024234667707
1502608,1.2905880831309096,0.21222559059819399,-1.1076961101701672
1502707,0.438613432898585,0.49970188026078227,-0.3434275728994259
1502756,1.0942796815524416,0.13077374617686133,-0.9420733891779732
1502764,0.2731754276566416,0.14015197163905876,-0.2240696037429522
1502772,0.4246158531671082,0.24347752128104025,-0.3570265424027544
1502806,1.0494006710319361,0.092976315936994,-0.8365035057931612
1502855,1.1742559858493866,0.0007673142689408638,-1.014162773797744
1502905,1.2859275682172286,0.22645093802480726,-1.0499405664968726
1502939,0.6442113542429334,0.1389570597671909,-0.530981611953532
1502954,0.5191105069260624,0.3507651219534022,-0.47908521264462123
1503002,1.3016741585343177,0.10997041095370202,-0.9393380702901454
1503044,0.42579355536604463,0.3765767212711128,-0.33996114784554216
1503077,1.0142934541717334,0.12100147036959633,-0.7279719070658964
1503093,0.8797125745445457,0.40939045194794416,-0.7333935686504128
1503101,1.0844172397310474,0.030622583847283787,-0.9231967355742918
1503200,1.0766967152379325,0.06082656088521896,-0.8318480772940461
1503309,1.0456414982878048,0.06721896974449657,-0.9637132472449307
1503408,1.1552162143896683,0.17269890796101178,-0.9159476659154703
1503457,0.9518207412505624,0.19115894229949834,-0.7335744517903249
1503507,1.0493220178112432,0.10653804692644495,-0.8082148122705977
1503606,0.7799291342004168,0.5294056684988032,-0.6307279458112302
1503705,0.6340319806355126,0.2441679768476496,-0.5623792079124126
1503754,0.606295872634132,0.41288770893586446,-0.6133379040549449
1503804,0.7896193961540389,0.42909680799207245,-0.669169181037833
1503903,1.2037982262444102,0.11717255737944467,-1.0604254598428993
1504000,1.0857946985877096,0.11940618448280897,-0.9405476828190501
1504059,1.0537217342206444,0.13917062687915321,-0.7997560481174868
1504109,1.1949678141394497,0.14257834859440827,-1.0104382838207782
1504208,0.5152189474663466,0.10854258151308087,-0.488733172719248
1504307,1.2157608854035291,0.17804138083604706,-0.9702260041931768
1504406,1.1925789722027555,0.1428513473204909,-0.9928137775763599
1504422,1.241013206313527,0.19927141686039884,-1.0527875056016343
1504455,0.8025395167595126,-0.005045601176348977,-0.711428766466926
1504505,0.8964777571628688,-0.13522777483391293,-0.8236839613394236
1504604,1.0298610738665395,0.23527794021199802,-0.8257511614509883
1504703,1.035502113457269,0.2340741554751473,-0.8906766408281465
1504752,0.9200079129174723,-0.04133609691825847,-0.9143176402932389
1504802,0.9131739723970692,-0.22275336511057417,-0.7863865567159936
1504901,1.1856175204403852,0.1516355150441878,-1.0068980187665733
1504950,0.9735165353132227,0.11660975350552388,-0.6826711358083143
1504976,0.7223543998426903,0.3655018021278349,-0.6848918288676468
1505007,1.1055582239064563,0.09682220873073415,-0.8612404303686885
1505031,0.5291058192954199,0.42111337253520936,-0.4941618761042569
1505064,0.7031448760141604,0.1755310313254142,-0.6000586925259175
1505106,0.9941405139290791,-0.15776343793364417,-0.812604271026356
1505205,0.9659928865776461,0.0708924155942162,-0.8144051635026129
1505304,1.4081485306725612,0.1240324557072633,-0.8092329731243139
1505403,1.0404585781574076,0.07068339495945619,-0.7625783829478535
1505437,0.17561837699290322,-0.044890395617473496,-0.1402411702626663
1505486,0.8355539450519784,0.2044400993404152,-0.665732557645472
1505494,0.496656067287962,0.4513973370327392,-0.40468641176878645
1505502,0.8797100057406729,0.1284180125961119,-0.7712581108920723
1505536,0.28566602759758963,-0.07024218880281427,-0.2611722296937112
1505551,0.34386834830886687,0.24688490909078464,-0.2683373879777418
1505601,1.1250731684567736,0.12267461398411106,-0.8459836483531591
1505635,0.4394208189331437,0.3291078883637121,-0.39202930183557333
1505650,0.741138300432821,-0.04334184986070431,-0.7359039579350278
1505700,1.301226159896757,0.22999968821650696,-1.0494959278831595
1505809,0.9124651046659602,0.028117481507098353,-0.8317641471098447
1505908,0.9791312855785365,-0.00896799723373544,-0.9376417159212688
1506005,1.0041171861284426,-0.0649590772214664,-0.9776550246550262
1506104,1.1819099460694662,0.17215529426866816,-0.7667421050624823
1506112,1.1613464804443734,0.17155976370506315,-0.8384259560525622
1506138,0.3375661522820348,0.2526542240027896,-0.2649425472046014
1506161,0.36488316331985526,0.2238185285802047,-0.30514047317271475
1506187,0.675170623270396,0.29129544873335805,-0.548155652659889
1506195,0.7684265567572321,0.023021164931915892,-0.7447736296139591
1506203,1.1938652373520409,0.16351218170393708,-0.9672603605048963
1506302,1.3672548809920282,0.21814961484917011,-1.2064333817392743
1506351,1.2550193063754842,0.17142899792295757,-1.0852172993409852
1506401,1.3370995860690764,0.19500890064971083,-1.107900531196066
1506500,1.269763248517014,0.3288633691592332,-0.9019280519148614
1506559,1.0106449446012602,0.049139594075600264,-0.7716976338818229
1506583,0.38621288958307964,0.3722927764874847,-0.3018767397782432
1506609,1.110615466962755,0.12133095992930532,-0.8143807548098367
1506708,0.34439047498290504,0.33247505877056743,-0.28131237745974197
1506807,1.1022797545442777,0.032093727697763474,-0.997058568154872
1506906,1.1848646928354452,0.16926779826321453,-0.8215664087484744
1507003,1.2247876640979651,0.14973696153895272,-1.0602246284909682
1507102,1.3159588058835419,0.24801971821824065,-1.0785113195181106
1507151,0.5577739552325137,0.32420428941411444,-0.5440262211719257
1507201,1.0474308540559645,0.08858267386394196,-0.8819355481207578
1507300,0.30700323379508015,0.06822364170939425,-0.2233808840802707
1507409,1.140220611903701,0.11737609450681105,-0.9085329350633361
1507458,0.43664121143384127,0.3358313442704805,-0.3754179714101634
1507466,1.275648233450181,0.22809348544065153,-1.0127536041871865
1507474,1.1878862207787213,0.17521946374682681,-0.933542493924403
1507508,0.6197860700538262,0.3934141155763707,-0.5875664643496257
1507607,1.1463650102065013,0.1816777407970459,-0.8552650783599904
1507706,1.14317438323605,0.14723751940467095,-0.9606905303004132
1507755,0.41114071655062107,0.3645166783505785,-0.3139639769748305
1507805,0.5984564403681617,0.054444899063655405,-0.42042945553328237
1507904,1.39330946769252,0.26701123196477244,-1.1339453651232645
1507953,0.9717699531546513,0.25701561353089136,-0.7581572457431142
1507961,1.173267455179783,0.1173858230332863,-0.9886080730603753
1507979,1.342145142305199,0.18149865537644763,-1.0115500839879874
1508001,0.9787350632283951,0.13590972889826491,-0.8734535527017708
1508035,1.0635463950421793,0.08090107425023564,-0.7623802118290356
1508050,0.816042792773201,0.26116343449810203,-0.7710035521110289
1508084,0.22556381558043492,0.06359306130201198,-0.12125653142982215
1508100,0.8955514026382273,0.2282953631968457,-0.8476286259652605
1508126,0.7659938460742203,0.23143031400082523,-0.5541104988876348
1508159,0.6861699289499311,-0.11784805711676498,-0.6849495852816682
1508209,1.275684796537339,0.20647654467906218,-1.0693229841169534
1508308,1.1002506521426116,0.11582812261104074,-0.8074396250675923
1508357,0.8553077343940299,0.1324957067961693,-0.6931489124378499
1508407,0.38887180412692995,0.26165567191497113,-0.3254790889303506
1600055,1.0248832089667612,-0.06908756450544924,-0.8158564414753582
1600105,1.4524043211027589,0.38725887541269116,-0.9981877243929715
1600154,0.9782914757806331,-0.12534243072974652,-0.7970817572265427
1600204,1.1472944209003921,0.07757499354928846,-0.8674731769011881
1600212,1.3883751720112885,0.2582656977950731,-1.0492279235138315
1600238,1.219779636041807,0.15894279865846297,-0.880156417287657
1600253,1.347023654806158,0.2340109937592392,-1.0164244433343688
1600279,0.8924706205142606,-0.22081549877624887,-0.7684526371374367
1600303,1.338790621893729,0.22777023716349318,-1.0251161950100314
1600402,1.0231114251742914,-0.08837885437089667,-0.8672889866364231
1600501,1.0698051604686367,0.006214008136099552,-0.7505818818694024
1600535,1.1024265246901521,-0.006523480992336675,-0.9106822577074308
1600550,1.325225898915596,0.2809236893481078,-0.9154666456993056
1600600,1.2293868841823619,0.13318001205213553,-0.934311782424936
1600709,1.301478088539486,0.2264036456647217,-0.9503830377642629
1600808,1.0896373174775715,0.019755953036863276,-0.860719281567371
1700251,0.346066286470211,0.4098350931483776,-0.28361217517421683
1700301,0.23889923917063294,0.26230745434024383,-0.17193900551638028
1700350,0.22944888139977757,0.3602581316129815,-0.20175967884395563
1700400,0.10399972467469257,0.20769526419204992,-0.10480330450255095
1700707,0.2933336646382431,0.5689433772577294,-0.2718358903272819
1701002,0.4375817703905953,0.45992423175418756,-0.34069234790744746
1701051,0.22882071795520906,0.22286262359715941,-0.16918421748012072
1701101,0.10230043212415026,0.14488358900189396,-0.09768100579696794
1701309,0.41795486928549314,0.39387657644202306,-0.36392759386918566
1701903,0.4041087472968463,0.4579975381352626,-0.3270887151169729
1702000,0.2914901101105168,0.6013933779316517,-0.28254080023874645
1702109,0.3825130069740978,0.3249302684039807,-0.3407659206261288
1702158,0.4165999552273075,0.37191265226240894,-0.37358605814683865
1702208,0.5047005386007422,0.3939480839077371,-0.4211727130829978
1702307,0.4285748546380173,0.47521916568030875,-0.35149073877176107
1702406,0.20400117867812195,0.37080194542721456,-0.22902818268524974
1702554,0.49474295765262477,0.3203790041025702,-0.4049532367152282
1702703,0.2921441064494516,0.3747546532086325,-0.3132866732149879
1702901,0.38464767618386286,0.24844904828391728,-0.28430598575230154
1703008,0.3730217894703185,0.38273490590201403,-0.3119360669141281
1703057,0.34597982613972494,0.3231786062416162,-0.2934926715303914
1703073,0.4770610710812306,0.6217244785441479,-0.39901793444246114
1703107,0.12348162711107505,0.15875082412112607,-0.1156134801622146
1703206,0.40223900670666457,0.3994634182316199,-0.3379685118173404
1703305,0.3025862576108122,0.31501612468582235,-0.24302670839364057
1703602,0.3119948277355085,0.2551266048434935,-0.27777526623214327
1703701,0.20925497489016973,0.3325591604237846,-0.17875495164727345
1703800,0.5880584224417154,0.47040699157306104,-0.47504393749266244
1703826,0.32043563360294075,0.31466989412778357,-0.22206750854332863
1703842,0.2411588419981131,0.24022748260231852,-0.17394522749514216
1703867,0.24972204250328475,0.40032739651800436,-0.23934634433703883
1703883,0.36728131144902454,0.3259841651651031,-0.32117024539124334
1703891,0.5947924027549407,0.4747145986101081,-0.4849370213888523
1703909,0.3790953552759436,0.3843495749461155,-0.3245618865390075
1704105,0.279008492233515,0.3147080544095771,-0.2117584179632035
1704600,0.2811576056551243,0.39886916266144906,-0.21587416392153738
1705102,0.15410704115523555,0.3092603936922409,-0.1342849684488186
1705508,0.32523060738571896,0.32939353525637666,-0.2680411485608262
1705557,0.2471031567373127,0.32295863530593805,-0.28658332575524387
1705607,0.1814578373191056,0.3134185821666032,-0.19364027810109943
1706001,0.40103685827853724,0.3687079133023053,-0.34807177114657406
1706100,0.2508838537573236,0.2993735069423456,-0.2298256447129525
1706258,0.24347633621161785,0.3735073148957655,-0.20804294521918595
1706506,0.2806575317415298,0.29577938525446085,-0.21411436984991736
1707009,0.0708218374583795,0.11090359617932867,-0.10381434138667694
1707108,0.2947593595943571,0.3401952134445918,-0.23956607529166388
1707207,0.29384918620692696,0.3646599874394523,-0.21842446982070038
1707306,0.3190477000713557,0.4810329467180664,-0.28098102948200837
1707405,0.6529781914657856,0.4695050479339778,-0.5942360861956414
1707553,0.16907160068125543,0.2919509947272625,-0.14278748398689906
1707652,0.29894140505767675,0.5503574706558975,-0.27795820846702723
1707702,0.45770800472230455,0.5331875521020984,-0.40335787951457375
1708205,0.42198539151273523,0.7091742976188915,-0.39129287915308136
1708254,0.253563619726611,0.24896743383516554,-0.2148358424250131
1708304,0.31374438792150167,0.2621903242396603,-0.2748192356283002
1709005,0.38948930325062947,0.392171528757526,-0.3335807641771345
1709302,0.28648308933923256,0.3034869608340035,-0.2277330718020746
1709500,0.2581738947673401,0.4672992741377847,-0.2131950770283906
1709807,0.17763924245963084,0.26003133715959204,-0.16861385883274385
1710508,0.31593699659338337,0.33743424609884537,-0.24358823106586164
1710706,0.3696742903993445,0.30765316291662653,-0.25063993717982447
1710904,0.40264717474219325,0.515656521027743,-0.30538981484003574
1711100,0.29226196088667244,0.25135876338531143,-0.25491661225537704
1711506,0.16458581096766162,0.41089482704767216,-0.1643299350196099
1711803,0.419460938214406,0.4106940580920149,-0.3604840446724189
1711902,0.451918698021749,0.5958429015441942,-0.41885958789566147
1711951,0.1644811757966764,0.24294045047080418,-0.12860588521315286
1712009,0.08841109998270578,0.06738335550415066,-0.10955971562493533
1712157,0.27206159305101807,0.40872187079385636,-0.2919592632144265
1712405,0.16448770770369944,0.18765376530429037,-0.12744497460390594
1712454,0.27023996744562456,0.23841983479483286,-0.20826927300316794
1712504,0.36284273506972375,0.4228972416298662,-0.3012164034685204
1712702,-0.09109264070320244,-0.029028192976174105,0.032144095144735194
1712801,0.25860366423279313,0.21374528029568932,-0.18597292663488527
1713205,0.22100559504445766,0.2733251359549619,-0.1823059273028004
1713304,0.18904927665507582,0.22005584634174963,-0.15450501126676053
1713601,0.06878748001128292,0.14290099885649954,-0.07699614116884528
1713700,0.19168999550819352,0.20626652732587952,-0.17602760813875556
1713809,0.2700715462816752,0.37117202794751686,-0.15982649752720723
1713957,0.42946094857627426,0.4429704359653058,-0.3622477758770942
1714203,0.12186316294509171,0.21718570363288514,-0.1463568511343631
1714302,0.22144968222602024,0.19063956647268668,-0.17645146589512667
1714880,0.3898969724279224,0.423381730615785,-0.3284985447357155
1715002,0.14826348549902302,0.2863763860090885,-0.10805007331998838
1715101,0.21412435055224105,0.31915494519769605,-0.1459601734042395
1715150,0.21079823773207343,0.3141062692556779,-0.25148434413918075
1715259,0.04480799583136559,0.055685478635472865,-0.09199128440855439
1715507,0.14357456431047635,0.25551736769247946,-0.12045251043200529
1715705,0.4155746464732152,0.4714123404024252,-0.3569724688689844
1715754,0.09711604105319467,0.3386208019134805,-0.12244580066710921
1716109,0.14131644448029157,0.223595709172414,-0.1197500580093885
1716208,0.12112167462936303,0.338806388696325,-0.14692808148508715
1716307,0.41540895232906766,0.41158791636310904,-0.3455693593756266
1716505,0.29676318988956996,0.3587436307890508,-0.22344379614498242
1716604,0.23806345000458468,0.46960303359480826,-0.1940771698041197
1716653,0.37754227210006963,0.3791177004995194,-0.32031868864971613
1716703,0.2626624698181051,0.214393468433585,-0.23372809293998126
1717008,0.05003770634689952,0.144787200331858,-0.063620038540567
1717206,0.38507069551495715,0.42541237223448763,-0.2975822159490162
1717503,0.3678612791866082,0.3776016225344982,-0.3291788883473667
1717800,0.24880868564237363,0.41644912549764324,-0.19585514383709962
1717909,0.11074231988188649,0.20569063437810023,-0.08691157138727713
1718006,0.11510354615852174,0.19799568890096436,-0.11502155460174503
1718204,0.15366435516577623,0.23221741709304553,-0.13714805005236833
1718303,0.5111042437647668,0.3335361358192735,-0.4181601630913304
1718402,0.3200552644682097,0.3056262400265839,-0.2701688653323569
1718451,0.16156377212977127,0.26792404589055285,-0.13399116478301498
1718501,0.25572736889255654,0.2832780775179568,-0.1772168750787764
1718550,0.38243843269097744,0.33465338136630657,-0.32681266010521004
1718659,-0.08349515872078889,-0.05476816717056533,0.0021536062490663745
1718709,0.28366167311384294,0.33819969864359944,-0.219752106300903
1718758,0.21520692316252632,0.2698375214541034,-0.15850159425206706
1718808,0.5856492123472161,0.513272446197266,-0.4244886891675852
1718840,0.36641846172902126,0.7244358979677614,-0.33245445529785
1718865,0.4336897407333071,0.45475624130100545,-0.3547967312093588
1718881,0.2857660272806061,0.2739953410355175,-0.2302480061566539
1718899,0.27423004629643216,0.33052932863447687,-0.261762720159678
1718907,0.20707206712944357,0.38257230267946574,-0.1619629848234717
1719004,0.12882611413666917,0.16244960310208442,-0.12293584564652661
1720002,0.20044687224004484,0.1988986098743901,-0.15384224126515458
1720101,0.358936741475178,0.30980542534848177,-0.2609585295899358
1720150,0.07263908264662265,0.15498356410165856,-0.043247501782308365
1720200,0.48999762047173845,0.4034401745984496,-0.3444584829693725
1720259,0.17181672701221096,0.4128572451550971,-0.1659625087223885
1720309,0.6202106277097249,0.4171613620405342,-0.5409357951833313
1720499,0.1916993046781412,0.4032510700140553,-0.1582739152729893
1720655,0.159337239832352,0.268187873692472,-0.14157040855928524
1720804,0.41328961433229366,0.2698890437612714,-0.31711695324620764
1720853,0.23666613211840976,0.4499371234575063,-0.20512549094590282
1720903,0.2553486121914794,0.225923347758441,-0.29392886521093853
1720937,0.26203363573491806,0.4342251940754747,-0.2353039465852677
1720978,0.26828378051331353,0.5608850642187199,-0.2487801970218281
1721000,0.08286188229686298,0.14061400950288974,-0.08472235345294683
1721109,0.19182400534650856,0.21346195326303005,-0.163155228400485
1721208,0.240857316305934,0.2613230244295428,-0.1664273106621343
1721257,0.3195526905517707,0.3619124548582971,-0.2558636383827236
1721307,0.37491855607225105,0.3792060572027894,-0.32147438041678866
1722081,0.3374363596896556,0.3785294170241254,-0.25497649599454403
1722107,0.39063877025705046,0.34382511279289846,-0.328459715589265
2100055,0.4657660560677107,0.11330819243625208,-0.35077553509890497
2100105,0.9299936840874854,0.3435483595280328,-0.6153852438422784
2100154,1.258410183643997,0.413981247447716,-0.9894156515692433
2100204,1.1854338027087867,0.12173724521843537,-0.9091721101312004
2100303,0.9857994523621014,0.5114344730025355,-0.5900693992178171
2100402,0.9326731583550821,0.4326972114720751,-0.5903613456177482
2100436,1.1195377552703336,0.6040471252541555,-0.7291471117376447
2100477,0.8487861223538697,0.2380699067801398,-0.585956007344843
2100501,0.05784948251388368,0.08888669449053542,-0.03360859300755225
2100550,1.1046906153880938,0.06910550783340198,-0.8828188738560018
2100600,0.3371878552532665,0.11992931450981907,-0.18605786016352396
2100709,1.1938946285126322,0.354161247350264,-0.8032766078824575
2100808,1.0548638716559342,0.36095290891726634,-0.7064733763486216
2100832,1.2457131503888017,0.13849047088148642,-0.9843069061120788
2100873,0.9755555808845736,0.142587689650523,-0.7124415573075098
2100907,1.269458994452829,0.4105745067360015,-1.0679375737310084
2100956,0.4877200310825785,0.12082373737966086,-0.31979162276944545
2101004,1.1858190661158674,0.4374014034613542,-0.7807156425019726
2101103,1.235395728113767,0.3157202046831496,-0.8272188025386832
2101202,1.1086206613101888,0.5725877782443632,-0.7625139842152022
2101251,1.216035421052926,0.28446788814305757,-0.822392026238947
2101301,1.2637579326996702,0.15566391059810097,-0.9998767872787254
2101350,1.3003287538936166,0.2537906914105169,-0.8548521925483783
2101400,0.20089735869285558,0.1973181971259945,-0.13243366964438757
2101509,0.7007746180605824,0.5965073377255863,-0.4875025796041839
2101608,0.6137792586380827,0.32495699017923996,-0.3993643496833295
2101707,1.1517976084182704,0.2995856969939333,-0.8825838070117789
2101731,1.0722628551474056,0.2430591544856803,-0.7694500166848611
2101772,1.0180568727985984,0.31370712994684213,-0.7626263373393939
2101806,0.5680208090476431,0.5495736406429131,-0.34137317061220024
2101905,1.239031627584352,0.1647294382980991,-0.8569695230200185
2101939,0.961500122958792,0.5601630256671233,-0.6425083201115225
2101970,1.1727374067611958,0.17240028373626695,-0.8620147774756951
2102002,0.7801884477348221,0.1902451064436303,-0.5631672233800228
2102036,0.5068247808072862,0.10469738678637648,-0.33220444842657315
2102077,1.0198568996550437,0.562858062303863,-0.673217124918809
2102101,1.0185265783877389,0.3504856095574324,-0.6910590979567957
2102150,0.8277351369496858,0.38733490421680944,-0.46729775951408553
2102200,1.0559613142552837,0.4444257608599879,-0.6940970331149232
2102309,0.8087186093581202,0.6888756448200843,-0.4242676488459624
2102325,0.5677267858421718,0.13383173336327123,-0.34231528982668485
2102358,0.29164847505187413,0.10041037885980793,-0.21600846054208286
2102374,1.0945203514354058,0.2562814153510992,-0.7429088926417795
2102408,1.3196809297924785,0.3793228106176782,-0.8052085851161838
2102507,1.1500752382026806,0.3217935131202506,-0.8218650118806856
2102556,0.31877628575277317,0.48911319241680845,-0.11928513975749432
2102606,1.3688573489674467,0.3136782670211702,-0.8447015592826276
2102705,1.2209412481069715,0.5935783033496492,-0.7409230412173612
2102754,0.9503107577471985,0.5204326948504028,-0.6208041186416693
2102804,0.3697644066509222,0.37148926762217044,-0.2990456842491352
2102903,1.1377788871377017,0.10771769703057571,-0.8753085920129602
2103000,0.951024949995853,0.5494287478359757,-0.5614901460640168
2103109,1.3021250932960524,0.20582805098120013,-0.9109050862776845
2103125,1.281537035346596,0.1987045214144732,-0.8296076990333884
2103158,1.0749265551050515,0.1656253573111188,-0.7559708789939064
2103174,0.9861842238073861,0.2794841764353518,-0.63732810336927
2103208,1.067894648065528,0.4392103806118946,-0.6949331685729038
2103257,0.4766843685388745,0.1964613402697081,-0.37332421993794473
2103307,0.9397875037885997,0.4740858328386382,-0.6032400680083586
2103406,1.0167148238326738,0.4722624233937667,-0.6336137803094238
2103505,0.6113436678527543,0.3771480600133789,-0.3831621593342871
2103554,1.1381218675716276,0.4746842164252829,-0.7801464970097198
2103604,1.030160854847944,0.4496918351191604,-0.6779480019411898
2103703,1.2449923338521018,0.13684974979707554,-0.9909260464334457
2103752,0.3859742003791324,0.2474684346804046,-0.27325011701710156
2103802,0.8704408417859029,0.5555018402532411,-0.4949600857802752
2103901,1.0415458363952772,0.4644155877641938,-0.6643535491351397
2104008,0.8491565913152719,0.4636408137274473,-0.5732178119208178
2104057,0.2736206558647307,0.29040536997400557,-0.20102040169580934
2104073,0.15898079530684173,0.12759951830224886,-0.11579583710668578
2104081,0.3870006074419766,0.237109920887938,-0.2056649926703389
2104099,0.19254592831064496,0.14573338111252165,-0.10213540613156646
2104107,0.13216078081713556,0.08111054186545746,-0.07618609379385434
2104206,0.6978306603956191,0.40202195760699533,-0.44869984049862055
2104305,1.278249638953755,0.20976668123379488,-0.9675892676825087
2104404,0.8310991543453237,0.4738973867853365,-0.5289756069185201
2104503,0.8301560662816646,0.41720073249044154,-0.5460087919507726
2104552,0.33838328362180325,0.19803111151544503,-0.2620085789482251
2104602,0.7928404222323491,0.4565909162420092,-0.5214537312647665
2104628,0.7132822675018289,0.4030267149321928,-0.44903616943311014
2104651,0.943013387741238,0.20630895409803426,-0.6658794092482373
2104677,1.1483186774245477,0.13595346927580187,-0.8251379819215168
2104701,0.7607481074763668,0.4976342785163108,-0.4265773726442578
2104800,0.35628266095718847,0.2164423906376788,-0.1810856871346045
2104909,1.380305311899022,0.3064371789654114,-0.8478019730570289
2105005,1.259726390800055,0.33900180662998,-0.8747706453713819
2105104,1.3119198230995242,0.3522302726292563,-0.9079103318372053
2105153,1.115201373271019,0.42206666578403157,-0.7353862413764868
2105203,1.0072769281095968,0.6117037537171767,-0.6688044849156202
2105302,0.5126686191056152,0.36213342012899824,-0.37069540750322344
2105351,0.5465481563590425,0.19452218509516545,-0.36319621883091074
2105401,1.163721355219586,0.380292076030258,-0.7941175330103412
2105427,0.6526163814885219,0.23305562176937195,-0.4523428857647295
2105450,0.6225916234492821,0.3900729151162825,-0.3542906530173595
2105476,0.4808380480274293,0.15743654116123174,-0.31531379890840505
2105500,0.376652369409809,0.1827187506679097,-0.22842319922807927
2105609,0.864446436586866,0.546401681166388,-0.5431143345697796
2105658,1.1171964499910043,0.1249246153938366,-0.7932972787263718
2105708,0.7538454014704664,0.31239241960989766,-0.4997066971901953
2105807,0.9746582301950665,0.5557777182308882,-0.6449795143444397
2105906,1.1508693494988829,0.6233370994966783,-0.7429093374585313
2105922,0.6829404188081961,0.4378022440699037,-0.44662317509739136
2105948,0.9920017687696854,0.6075122935918429,-0.6483925154835324
2105963,0.6364232663668677,0.24043638256170757,-0.39159479405598246
2105989,0.21791969479952636,0.20453376627761152,-0.1260533060651689
2106003,1.1367931511997125,0.8094951678449558,-0.5870257130237514
2106102,0.412673848294576,0.3553012278725479,-0.23271901434312703
2106201,1.2376209797015287,0.18493489257311727,-0.9057833587930333
2106300,1.341471435503775,0.5594404962509091,-0.8407851393328566
2106326,1.0572637900220914,0.058826969299648216,-0.8111278015238874
2106359,0.7092911549270632,0.3122968268270925,-0.4119204980648322
2106375,1.0663102143473595,0.1271748847007966,-0.7385840881068223
2106409,1.0061623138473088,0.30623875565800457,-0.7055738181582677
2106508,1.1867283520562704,0.2706888293173483,-0.7746330987046227
2106607,0.7980927748220746,0.4400742879292634,-0.46542672093285126
2106631,1.1007089943753203,0.4408037874209842,-0.729534407315814
2106672,1.0653135554328461,0.35310739992405515,-0.8012263342578438
2106706,0.34551486521847297,0.18188782310596896,-0.19509127457780165
2106755,1.1833370474054807,0.48346474629134406,-0.7154848840527093
2106805,1.2177270903559994,0.12488959720862537,-0.8604251777023092
2106904,1.103127728165182,0.35350557815941486,-0.723163480127828
2107001,0.25159069556802094,0.2035030312818222,-0.14698256843926416
2107100,1.1243453701723927,0.2586168739208217,-0.7506639712645373
2107209,1.1445519992628777,0.40775232007453055,-0.756543146328458
2107258,0.16299659377655232,0.1571846429360511,-0.0898348080418092
2107308,0.69785292016929,0.6604766646737731,-0.4697840721601753
2107357,0.9676011650521096,0.11379796581101709,-0.6960353479170933
2107407,1.0474660053084084,0.4938837127950766,-0.7207350939631494
2107456,1.243754891379368,0.326978648900689,-0.7492399918303496
2107506,1.2084951902246506,0.21736871650909706,-0.8392227423883384
2107605,1.1671244215042986,0.15017458811835102,-0.8019073733742802
2107704,0.6043696785818096,0.46146094490688316,-0.3574828607282424
2107803,0.8198675670982651,0.6077575415456383,-0.44315733611265046
2107902,0.6400175605888104,0.4429696405825576,-0.3973386769313118
2108009,0.5257622916507814,0.373451530225886,-0.30200983138798043
2108058,1.3361336427806183,0.5181940426910201,-0.8749390148362418
2108108,0.7969873389028086,0.3046439565381261,-0.5602590750378982
2108207,0.9909995804065587,0.5561342934044196,-0.6948724662272143
2108256,1.0928744995832815,0.19502824877671804,-0.781415711952397
2108306,1.1177119157094273,0.26365745934049956,-0.816871551404422
2108405,1.2223871800640107,0.1628447612278887,-0.8441678430701633
2108454,1.0904478653771186,0.6669147507458332,-0.666169438949936
2108504,1.0616280717121418,0.39077444488863006,-0.6820911069418171
2108603,1.3158846442640493,0.2890976060127517,-0.7487047280016063
2108702,1.1298683272156436,0.5342112492084602,-0.6999282168456867
2108801,1.1814916446650492,0.5558629153453926,-0.7364071358221478
2108900,0.8639860594663067,0.49727384290443244,-0.5351542571750741
2109007,0.20702352377863012,0.2428607522979769,-0.12256813225294386
2109056,1.3250852929281445,0.21421156900079283,-0.9998482359324837
2109106,0.8224021770950011,0.5376452124021387,-0.5262609620845111
2109205,1.2443934247615418,0.4158689911243494,-0.7567547556445353
2109239,1.1234495987331483,0.1358373879265083,-0.7940310829738608
2109270,1.1611417857675137,0.1662393057914714,-0.8266687594032575
2109304,1.1411898321788014,0.3800386214590919,-0.7558032165995415
2109403,1.191401096344945,0.29031784230646523,-0.8764026904195357
2109452,1.2617404096798628,0.24519672404837856,-0.9242402907568685
2109502,0.2507835063647921,0.19627946828980708,-0.19676362767054786
2109551,0.3295526658003838,0.34020359694741714,-0.19617005464796625
2109601,1.2066688484925865,0.30056081220379927,-0.8268079520849388
2109700,0.38781994329055736,0.3526264207231613,-0.23408905661366283
2109759,0.6431927366726207,0.2991177124644161,-0.4467298905355827
2109809,1.1784338112296495,0.15987461252519222,-0.8724193651819585
2109908,0.9716490235066445,0.3252160426149857,-0.6877367167071666
2110005,0.7026519344378951,0.16763433302725972,-0.4820721599631163
2110039,1.1360062994531903,0.19607088634422182,-0.8054846367865615
2110104,1.114404997744245,0.38923567142710336,-0.7335874173921145
2110203,1.1968687649201737,0.34167539796087587,-0.7858514993018697
2110237,1.12299122987603,0.3280833417151725,-0.8443145654119469
2110278,1.2618616752331957,0.3358279084388687,-0.9504108733486702
2110302,0.9189962287218046,0.5468369380905731,-0.5767485004261446
2110401,1.074365629092902,0.3012106769015472,-0.7588506618562577
2110500,1.2729106351302881,0.29988070995324095,-0.7529394730156496
2110609,1.0944385289294818,0.3133251129772896,-0.8554756402095661
2110658,0.4360684093384251,0.3018120081992289,-0.25290824822286934
2110708,0.655650259705737,0.36801178654532263,-0.4085261580365046
2110807,0.4912718678346629,0.41334801129178805,-0.29860685386122787
2110856,0.3380921065696215,0.09496423470918415,-0.2342222075961169
2110906,0.7436883343305467,0.5950866770001089,-0.4351547020797258
2111003,1.1780460001085375,0.23319435671102645,-0.8246565537975337
2111029,0.9307197807887537,0.2754904650180344,-0.6496388419203818
2111052,0.1563365954679008,0.17271214553367029,-0.08240538410768523
2111078,0.8910854959150439,0.5207578451864668,-0.5414550184242886
2111102,0.6158748358286597,0.47272737494747075,-0.39235786702616243
2111201,1.2915123423113937,0.31308952856638245,-0.8656127451837937
2111250,0.9358699562762963,0.659793776221306,-0.5638717438799914
2111300,1.2195708053104797,0.23384271597150882,-0.854288150132156
2111409,1.0235580836171343,0.5247372821229674,-0.7105138863519621
2111508,1.2280823665881728,0.6929118251036454,-0.7811741306704749
2111532,0.6031057784855346,0.3093794554482562,-0.5467993935415998
2111573,0.14883448336302005,0.12370813833819035,-0.10503036542705005
2111607,0.2891980840160283,0.22804999279298596,-0.17229167236205692
2111631,0.6918526941949128,0.34967751627636356,-0.4035837554042313
2111672,0.753987491685136,0.38159045747791376,-0.4862401630406669
2111706,1.17569835231891,0.19803790048278508,-0.8257643937916235
2111722,1.0090206958353887,0.3983693517625556,-0.6765968586716978
2111748,0.8409950091617466,0.5408563041549985,-0.4865950935021121
2111763,0.3538574635356069,0.1651847247280094,-0.2434877869930087
2111789,1.2413532977883872,0.1425398457263888,-0.9046032866973839
2111805,0.16863366111269024,0.0879154282452031,-0.1208352309743101
2111904,0.5330765679917655,0.3658939945839261,-0.3132529931223719
2111953,0.6119228961976835,0.42114273540680935,-0.3960678391004371
2112001,0.23459887689763442,0.22067707282000373,-0.13671893339066826
2112100,1.0881557574364236,0.5329481925790852,-0.7085105880861133
2112209,0.9659845067573251,0.5693915834941449,-0.60365081895093
2112233,1.0524433090254073,0.6364425506618934,-0.6994202514327712
2112274,1.0407543655917697,0.4117225658545055,-0.6609850408271188
2112308,0.6573251125153801,0.39969807695266474,-0.40690409560205326
2112407,1.2574164868475441,0.17696306170061477,-0.935009900153938
2112456,1.2436311664021389,0.19280928488863622,-0.8819445016242019
2112506,1.1987718976471173,0.35763861523497426,-0.9802098056277728
2112605,1.0844226473782266,0.3182963233499657,-0.7165587883385003
2112704,1.0895561848560518,0.4081830031245023,-0.738407394017624
2112803,1.2035901822299864,0.34659903524527436,-0.7413234304938653
2112852,0.557364348941853,0.2566246126705935,-0.4805975980688758
2112902,1.1526980319931104,0.3812685064561208,-0.8462952511682729
2113009,1.0018976678449314,0.5428101993658359,-0.6341511575762203
2114007,0.9749589696004547,0.2041180614242718,-0.6695002726817249
2200053,0.3549539235911479,-0.1826256913237053,-0.18136908988777894
2200103,0.6314802590716351,0.2533348695899961,-0.3395318994379367
2200202,0.7524476017821647,0.4680097347201923,-0.3598209225388239
2200251,0.8323587711513598,0.31572167967349635,-0.23743367259193912
2200277,0.7365123181401754,0.21256461254178008,-0.265274676439161
2200301,0.9072912169232934,0.5232606838393622,-0.4970628972663515
2200400,0.8452013154513305,0.34001697061651515,-0.5483649583082335
2200459,0.4854798676111607,0.35039585535860696,-0.2941436024423423
2200509,0.736131302407303,0.5718898915263875,-0.44507264592428675
2200608,0.7373811170686413,0.5417145203889312,-0.356007292060009
2200707,0.2392295588166136,-0.03513154031342122,-0.14996070352814803
2200806,0.522661080182413,0.44566489491864514,-0.299070813257588
2200905,0.8441983418452697,0.4704695959905636,-0.4026953738214091
2200954,0.8440352419228953,0.48346933056752117,-0.4054150638200789
2201002,0.7532415762445336,0.556716310989166,-0.4822578266012187
2201051,0.33017676582941835,-0.3112762100001153,-0.10971840620545562
2201101,0.05938053149511393,-0.03928664945672264,0.04402103270651702
2201150,0.19144182768054854,0.12711095706503048,-0.10972265783133349
2201176,0.6251817377029777,0.279179258219145,-0.32198052360932355
2201200,1.0722527892868878,0.546955035700132,-0.5222253438357859
2201309,0.03334219590822771,0.14231610232267689,0.02573757779565895
2201408,0.7783269512448187,0.45083496251589317,-0.4217276914587129
2201507,0.9360608223778801,0.26326117879936384,-0.6611024599508796
2201556,0.6063537567990589,0.24770947987055625,-0.31098076219429627
2201572,0.7950099839280986,0.30593548886850613,-0.3213228601321052
2201606,0.966731363304898,0.6619805163335974,-0.5245179056289839
2201705,0.5721006434292495,0.4702965971303542,-0.3894037629114719
2201739,0.3199803990931079,-0.23282691781823114,-0.05558912007101575
2201770,0.9216751358242857,0.34347377390732725,-0.5777680914581803
2201804,0.7959978072152349,0.33691369808369376,-0.4199069415768328
2201903,0.22352860439562322,0.12098744907358201,-0.11081818948180837
2201919,1.051673920226789,0.18215238194704944,-0.8230698134251935
2201929,0.2991877957964142,0.025454302047654188,-0.1702974637197139
2201945,0.9015564357800725,0.36468048787438007,-0.5403081649065087
2201960,0.876628045488692,0.1883905229077282,-0.529477093742997
2201988,0.4310183536487598,0.18561170156561135,-0.2404204924658588
2202000,1.0850580912342918,0.22903325501846195,-0.825873532192386
2202026,0.6546290067050453,0.005470208105723362,-0.24900028684771577
2202059,0.92567303786579,0.3661109806239691,-0.5746380292234353
2202075,0.8110329145785925,0.6988834790791189,-0.47343192916918087
2202083,1.155209645816803,0.2639512156722249,-0.7905048423076545
2202091,0.5252770568635658,-0.038760242249975735,0.013351701433815576
2202109,0.6972033199737728,0.37315704680475786,-0.35973919089754713
2202117,0.5600892195181388,0.17567696293571816,-0.29631063763254223
2202133,0.8096974950350971,0.3306289976623003,-0.3126259640073815
2202174,0.9282977188556853,0.2553989387690421,-0.688532975310163
2202208,0.8248842242545732,0.30898057778045585,-0.5083754818807625
2202251,0.6048197886409826,0.49288107041015916,-0.42343393480113056
2202307,0.34553015239048307,0.12174620750502603,-0.2217014677749561
2202406,0.7318388801069117,0.11312557232248523,-0.5182945139693386
2202455,0.5637378215473059,0.20054810625405153,-0.3181340498735546
2202505,0.14005519377327993,-0.06027450412691048,-0.023702817031175136
2202539,1.055653997712364,0.2627312833583739,-0.7516322769348747
2202554,0.6473285862865412,0.1257064306952772,-0.27576191258730887
2202604,0.7285046571717287,0.18401582481261314,-0.369382726446619
2202653,1.3603186965725569,0.5358391055732354,-0.7480669268502194
2202703,0.8839976446108565,-0.00013486556319060252,-0.4819196965625048
2202711,0.8764789909149152,0.3365670306463431,-0.49880684900235006
2202729,0.6938544059837961,-0.1422369260650221,-0.4481412118094594
2202737,0.8302868484673601,0.36791150217535296,-0.49029602545450607
2202752,0.5611031486101253,0.43378096495946034,-0.3708400301844348
2202778,0.6869137790821853,0.44088663784480386,-0.3535513522019814
2202802,0.7168896522462841,0.3309351667278033,-0.3096141933547082
2202851,0.40754238613830823,0.0658361817481555,-0.27346559438868495
2202901,-0.09157974587706683,0.05084106700545457,0.1149279793827518
2203008,-0.16333556611628414,0.006358854512185011,0.14059394460036648
2203107,0.5159135250372234,0.40437123735284597,-0.3012472114691582
2203206,0.12686144771171165,0.06867211221247058,-0.012630262342920147
2203230,0.260262358845189,0.1659924033560875,-0.1359362718347423
2203255,0.8417954509096617,0.5174574076041266,-0.4935765583349668
2203271,0.5252788630772754,-0.035347520944477975,-0.1192492415360822
2203305,0.9515323103882817,0.582386063861817,-0.5675467165292555
2203354,0.47557673812121093,0.18245518498127072,-0.20967163109850595
2203404,0.6031418949650093,0.20034382492350128,-0.17755378833608634
2203420,0.6829640796221981,-0.05518972855426283,-0.411922993053147
2203453,0.4509182132603178,0.040560026913878486,-0.3051799667845696
2203503,0.783276766692901,0.5000471594319268,-0.3693050305201569
2203602,0.5954467329483376,0.567571910467038,-0.34409701443026347
2203701,1.0734861874423691,0.38869146338053306,-0.7168380393459218
2203750,0.3391639649844445,0.034165925501163076,-0.17627282642219425
2203800,0.5610572944452833,0.3794438811964661,-0.3216990966009367
2203859,0.7336614654235355,0.41377168027905803,-0.3564893527133944
2203909,0.7178246392438848,0.6652388520211471,-0.5164165718165373
2204006,0.7072887748342264,0.40452119850712737,-0.3524413510722644
2204105,0.7545595834937955,0.6645120282832152,-0.4770834900779051
2204154,0.7796517816110272,0.26551040821738486,-0.23415260533652218
2204204,0.8839710155116526,0.4408108562102695,-0.21773455928058733
2204303,0.8172428791914004,0.2861983377396964,-0.22662872673485335
2204352,0.785180245259214,0.34709208625226656,-0.36406730860200326
2204402,0.09013379880742392,0.13994042456303485,-0.011669442801372134
2204501,0.7185144511188767,0.6792235194152789,-0.49796685603325286
2204550,0.19489607433013711,-0.03535172314024167,-0.1198343434697361
2204600,0.7229545266652165,0.4055890627895106,-0.40617449549995865
2204659,1.2286980268329797,0.3618304907784757,-1.0722915876838568
2204709,0.5162926454139172,0.07289568995464635,-0.18622102650001174
2204808,0.473995686656729,0.036766033244180166,-0.2405670064739514
2204907,0.6857851017246657,0.3039032096050486,-0.35021048360301166
2205003,0.7938157678888438,0.4073511601863582,-0.3982646097662136
2205102,0.5702890050250878,0.40253364509504397,-0.3778875455779744
2205151,0.7733988854901257,0.335310645271572,-0.31875710102129806
2205201,0.7869126548772267,0.34076905674968516,-0.3864957407841199
2205250,0.6858409628472202,0.37676515706502056,-0.38855630417045406
2205276,0.8776494443064494,0.38066491095392635,-0.4507403179020335
2205300,0.7232751801180478,0.7166495990503866,-0.5101179637601387
2205359,0.46087620316973466,0.2103976208972738,-0.202986569917988
2205409,1.1307219124877985,0.36438342979184485,-0.8695175990723306
2205458,1.0873823201325412,0.36054007652884107,-0.8278847125676415
2205508,0.9856461441101751,0.5169915954763229,-0.5349974550019154
2205516,0.7014570460678463,0.11330699909151815,-0.43746524932554703
2205524,-0.11855421481962165,-0.09661740719058637,0.1547606464536434
2205532,0.21534550455782206,-0.02299184781875006,-0.10974114983386021
2205540,0.7014247905721086,0.3631970840431694,-0.3454465525227472
2205557,1.0117272951650302,0.5141502614155523,-0.5824610036874004
2205565,0.46205834109583765,0.014964357828232494,-0.23086161269295943
2205573,0.45419142326499745,-0.22993388363300712,-0.31952795132305817
2205581,0.8824374670046587,0.5032844831538738,-0.5440895639406342
2205599,0.606327020061874,0.09827369020534078,-0.22552871846913092
2205607,0.5532406003178293,0.43424907657580636,-0.37229729494256286
2205706,1.1329059017216225,0.2592125057410502,-0.8079527481628183
2205805,1.142769721552802,0.43373952003359156,-0.8051454376586179
2205854,1.0730557282173454,0.35319153762915223,-0.7944980401987285
2205904,0.4131910788746733,0.2576634092583735,-0.24718956949317517
2205953,0.4322436143447594,-0.11411081911998922,-0.025432012449131933
2206001,0.6044444249734907,0.5226756341002353,-0.40749624414914426
2206050,0.8191409104164942,0.3594650788708586,-0.400427486823312
2206100,1.0722805584505417,0.40291742184074786,-0.7362605860406836
2206209,0.9346596487858758,0.3384249974340882,-0.6493350665944517
2206308,0.7676041911826817,0.4232280839046529,-0.42602820893971577
2206357,0.5472919812582142,-0.10344517766694286,-0.3240588619383581
2206407,0.8188420454005645,0.46616256360253944,-0.47474819535331864
2206506,0.726025482779819,0.20875724750586666,-0.22490690001889765
2206605,0.10843487402452927,0.07683985157060531,-0.044569316597680896
2206654,0.11587997985516266,-0.03437236588140919,-0.0023147988524469766
2206670,1.0234368923630566,0.29627504246192105,-0.7842352605893504
2206696,1.1624408678144218,0.3441266843422569,-0.9427463601028359
2206704,0.672092952752678,0.5259587374572359,-0.4468466903966393
2206720,0.9107853036131051,0.5705679300721906,-0.5594797938939052
2206753,1.0090309097896393,0.5368900788824787,-0.48948246517350397
2206803,1.0016820684904513,0.39264878192029323,-0.6467097808231699
2206902,0.6503206875018492,0.28163272245940424,-0.30335854482483715
2206951,0.870567849438286,0.4424449325503925,-0.4360754867800688
2207009,0.7815499854420497,0.5780921658311827,-0.389140472196565
2207108,0.7527026334022369,0.4462987309431139,-0.3417212298936465
2207207,0.8364092447621402,0.34953747708624333,-0.3181600500430473
2207306,0.6003004032667953,0.3174710580399658,-0.3458538483219499
2207355,0.5696618677684439,0.43067753746438525,-0.2712791519179688
2207405,0.3233006645393179,0.19080081479617547,-0.19322091101799949
2207504,0.7835546954750418,0.5133266042448754,-0.4885887790297715
2207553,0.7880766807297679,0.44649954292753713,-0.310519823966909
2207603,-0.0049126692180442655,0.07252226147911406,0.08546892613718292
2207702,1.214966517306711,0.3546203025304766,-1.0133910567719702
2207751,0.8012515714535893,0.4892054761093615,-0.43556064618782686
2207777,0.7277014004117456,0.2697093438041148,-0.3861851376184935
2207793,0.9406196683338123,0.5642117926947968,-0.5169238401893804
2207801,0.616506897261347,0.11878463389562088,-0.2859351858306796
2207850,0.4448061448820651,0.27122389737538666,-0.2513309089920409
2207900,0.3679719305284568,-0.31018313128239855,-0.23346447709952686
2207934,0.565162513108514,0.27847198612399626,-0.3154723888233249
2207959,0.5540496315031597,0.2104778750500051,-0.31947055963998544
2208007,0.8541526224367377,0.504925008537465,-0.30115706174848156
2208106,0.5609788826887695,-0.022162964220121442,-0.1859837531091384
2208205,0.5917506607958333,0.0023337318241191682,-0.19849586391430674
2208304,0.9565762749203979,0.19829130779984003,-0.5269564178410034
2208403,0.7648384111700622,0.11267059894658081,-0.5220980450481231
2208502,1.0258665833051301,0.3973023092023888,-0.7290767662747428
2208551,0.5958738649227063,0.4859861406477258,-0.4124462510973434
2208601,0.9171242852580671,0.5943999380689744,-0.5042194908226966
2208650,0.4996121038821603,0.019744229363792866,-0.14916954785733866
2208700,0.2599839307696971,0.162944395897123,-0.11958763302326794
2208809,0.7087825505134555,0.4898206276685378,-0.33250893629952294
2208858,0.10501009076970107,0.12532139360433742,-0.007792154118478218
2208874,0.6380046919433404,0.4674233127723348,-0.346222102748216
2208908,0.31962283807921527,0.23840249504884808,-0.20966381323435107
2209005,0.5198888313417125,0.3285862240163949,-0.3295571965725889
2209104,0.7904698142359375,0.4817087458977671,-0.35414562111061126
2209153,0.8867316197524585,0.5136485332944806,-0.45751204875630885
2209203,0.1892657661695488,0.20878881385669684,-0.08753689349438822
2209302,0.42726303305815916,0.25716905570728116,-0.2616770307009146
2209351,0.6449082572047973,0.19227954418997634,-0.2672896772993278
2209377,0.7987863205794553,0.5970756737964555,-0.43916468435512834
2209401,0.7627524137985351,0.276876313672397,-0.3087319892253788
2209450,0.6852648000444106,0.40942317959201163,-0.35224275342051026
2209500,0.6713657091686107,0.3744338227371108,-0.33602939106668067
2209559,0.1309276668109268,-0.12927162439793052,-0.06854695505820682
2209609,0.89650467094732,0.5940520473873678,-0.44009211119960767
2209658,0.6015066567286774,0.17545168836988012,-0.27520965560099614
2209708,0.7249187906350293,0.5841920003562285,-0.410727265476401
2209757,-0.06145408121239931,0.01873909854487357,0.07747252590264483
2209807,0.7146822528323552,0.4313726537398394,-0.35561739556891997
2209856,0.5901621554611479,0.08150075515290559,-0.24145268361166525
2209872,0.7309963025695652,-0.0576232015666574,-0.3942308799647089
2209906,0.917808216081551,0.5112285565522107,-0.46227891872441407
2209955,0.684609663608816,0.34895182043800876,-0.28052457138390585
2209971,1.0652433084840023,0.42433719399852426,-0.6570334084892325
2210003,0.5237742633404878,0.19859020036211159,-0.33120247590076973
2210052,1.0260472929276827,0.28600686919792423,-0.7372659067216409
2210102,0.6484486364113827,0.46090391787199875,-0.38527820502222404
2210201,0.5318159277915399,0.05235271536972408,-0.1618636541738667
2210300,0.8638436418525194,0.35916743136280926,-0.34245515267096177
2210359,0.465879974095687,0.18181087336153873,-0.24163242214771713
2210375,0.7191153657451934,0.2267115716325252,-0.3103040406045255
2210383,0.8407434357363007,0.5041214437601892,-0.4951448731979466
2210391,0.6608543761174429,0.44035033427935716,-0.359691299233564
2210409,0.7150190917818056,0.1664059001677602,-0.27099847665294524
2210508,0.7208778387823255,0.4018813511783866,-0.3967847365347657
2210607,0.2541518306861249,-0.05015287009411545,-0.16826630413045918
2210623,-0.07464986222715743,0.1040229188990344,0.13466158464860525
2210631,0.42533274793298315,0.303250120783439,-0.24046357241905636
2210656,0.7512248172835708,0.21980413205468852,-0.3934284877393532
2210706,0.5598944758561228,0.008306496205174504,-0.10053049828887896
2210805,0.6760992972227486,0.3957143103903196,-0.31051955033018674
2210904,0.6257095078985218,0.4265635071190927,-0.31632059234474347
2210938,0.8746595200802424,0.46914993350194695,-0.38144573424968553
2210953,0.3200158945073009,0.034128338352691495,-0.2337797592705419
2210979,0.6792429621491786,0.41604156460396147,-0.3132810239873247
2211001,0.9966958074894035,0.5674173002578436,-0.6259213165090818
2211100,0.9983999909847703,0.5206443793248616,-0.5783384665430581
2211209,0.38796032959619087,0.31376550119633434,-0.20044919597246091
2211308,0.8340394920464256,0.4977223338390219,-0.2949327785444908
2211357,0.3242982261860084,0.07340563346110647,-0.12392224615227937
2211407,0.6325672711214155,0.3251596671075444,-0.30439868585936763
2211506,0.758965792435124,0.37656971307529546,-0.32992139525506164
2211605,0.7562026424748702,0.24109580910854045,-0.3078368777052954
2211704,0.801966445874596,0.5253526086948971,-0.3660163731919242
2300101,0.6820585328801673,-0.09754804351206445,-0.1886427542749944
2300150,1.1379751619371241,0.09962788327271882,-0.7503614084718132
2300200,1.2154388987475286,0.2905935397963298,-0.8057607934286436
2300309,1.0515887021405943,0.19009709331113694,-0.40260367099259287
2300408,0.6152855588999063,0.20712959279958668,-0.4518462238104845
2300507,0.0777748125401748,-0.7331346830251548,0.07762802517874291
2300606,0.6040078387825947,-0.126585996579865,-0.12696974018440346
2300705,1.330358012705278,0.34207709062324676,-0.6474539186223053
2300754,1.1488442785230748,0.24270235786909014,-0.8039520606029753
2300804,1.006601988479876,0.44068866037014937,-0.35743332986098203
2300903,1.1158625714697188,0.1175138031983213,-0.8040979716247578
2301000,1.1631318861150315,0.24090191121654783,-1.0118788482281087
2301109,1.14393589815618,0.23859052583912926,-0.7487886127772571
2301208,1.320896619667956,0.2673556750147721,-0.701841677465512
2301257,0.6797855770056351,-0.1511135286411282,-0.3558353857214557
2301307,0.2619382710055337,-0.3406632745125591,0.07458378438826144
2301406,0.4669075860121376,-0.6218645186843361,-0.10427616287727329
2301505,0.8501740241444945,0.09083115487599654,-0.36847619360486294
2301604,0.8094209725292498,0.14625573044462725,-0.24659567612809052
2301703,1.061605843819708,0.3163206897333429,-0.37881829006099765
2301802,1.1876687110143853,0.390049772615366,-0.46880158346098194
2301851,1.4280950039168363,0.45135096728730856,-0.716484858681297
2301901,0.07899723971416894,-0.520874901637885,0.17035624476733285
2301950,1.2256535353199876,0.18696192852021284,-0.7532181736770077
2302008,0.874878593559403,0.057032275881874366,-0.28427187271681953
2302057,1.2043853595412017,0.29762917528490923,-0.7212568504434895
2302107,1.020195244036701,-0.06847028050854344,-0.604944020429084
2302206,1.1405781095943095,0.22589975742971707,-0.8463355949337592
2302305,1.0795346788224027,0.17062901994732274,-0.7813855454582144
2302404,1.0315701441453071,0.030311091483102345,-0.43983951420855316
2302503,0.6464761019340542,-0.1856113341562261,-0.1051116599148185
2302602,1.2094489554706835,0.2999360007489287,-0.827065579440599
2302701,0.7446224283488738,0.1348258633865723,-0.24945133911722395
2302800,0.9026743177670781,-0.13080958980707755,-0.5359776994994856
2302909,1.0219095965236007,-0.07419458820006856,-0.5740284281595184
2303006,1.192415077187068,0.0782312810975356,-0.6353468745903373
2303105,1.0128825024429595,0.14619815266857814,-0.46569084887267814
2303204,0.7060417813850118,-0.056326463091968454,-0.2553717190889659
2303303,1.061331480062438,0.26979154663800253,-0.35555892735524824
2303402,-0.2927836879528799,-0.8696999318515539,0.21950987950876763
2303501,1.3348707369128452,0.3408503524252492,-0.7981010116854684
2303600,0.8601328485957266,0.0331110181250868,-0.22284916224516807
2303659,0.7763052863276019,-0.16653204431522614,-0.3815445075821607
2303709,1.1497712492444714,0.16918847322647515,-0.9665823960119228
2303808,1.3537795545258038,0.5831837155380784,-0.4459153638282216
2303907,1.1163620429187577,0.22342959386415587,-0.6933410802845487
2303931,1.2436273854870425,0.23760678094667467,-0.6031246087773837
2303956,1.2048556001408164,0.213877948746345,-0.8005887529776083
2304004,1.0023231557298142,0.13721013940669027,-0.4242640560961765
2304103,0.7804278189818782,0.019634500243996742,-0.38018983895343805
2304202,0.2455923017396615,-0.4016334124541251,0.06552585518546312
2304236,0.015455974558595952,-0.6572259894259174,0.026088953482239816
2304251,1.2500714495977858,0.34594763493292774,-0.8405922941622425
2304269,1.312818578818519,0.48095137450550834,-0.6567872931568538
2304277,1.1426087839889507,0.22596452214106189,-0.6413249459003636
2304285,1.1741820599073538,0.2595018486700925,-1.0567507354920402
2304301,0.9110185876338635,0.1594094523723956,-0.29271419418083644
2304350,0.9906080777087559,0.12888217285365122,-0.5019310335959429
2304400,1.1788415236508292,0.29025690661912273,-1.0934240691651835
2304459,1.1534415144685697,0.26587542059344327,-0.8601043392619562
2304509,0.8787419321498383,0.012974243091969135,-0.440249948824125
2304608,1.1670600938383309,0.14231643760411122,-0.6827139882446089
2304657,0.6523356331714794,-0.22767238131613135,-0.32674985217767794
2304707,1.0161036097427927,0.1291129023791867,-0.6261885942092715
2304806,0.8865095487419947,0.09732008062073043,-0.28064420671734785
2304905,1.2195557095512415,0.3496036110365913,-0.4624742781263379
2304954,1.0588643557469977,0.05231601850307909,-0.7926189262670299
2305001,-0.24739709517926206,-0.8336926535630613,0.20456239168207396
2305100,-0.017181064477067822,-0.8667644481517119,0.11541258940956708
2305209,0.9716313214451294,0.0809920062783889,-0.5489310011443045
2305233,1.0460670952483326,0.10548998104357801,-0.8668102247120847
2305266,1.234447567509939,0.23230228738703204,-0.6850760508911264
2305308,-0.10384905641059124,-0.7672467898273735,0.08991771164940471
2305332,1.313501642286256,0.3186172543939,-0.604756377030549
2305357,1.1367915339523602,0.23297269094023138,-0.740056483305764
2305407,1.0748399695764457,0.24555117849443578,-0.5311225860578832
2305506,1.262211975369429,0.4011925746437472,-0.42269874470538504
2305605,0.9052894589078927,0.05847435344326789,-0.3748124188034318
2305654,0.5975875285306015,-0.19080006035577007,-0.3012265848051719
2305704,1.0636463904723337,0.25838927643432874,-0.4166933844753839
2305803,0.7399405617679958,-0.16393144297654796,-0.28272287547905894
2305902,0.3727526053104579,-0.41531528051714167,-0.17080144525312702
2306009,1.0598812882699509,0.1386570361342504,-0.6622386985395365
2306108,0.8906491717804139,-0.043513917000553494,-0.5594412480888282
2306207,1.2397568107352324,0.33419516558027834,-0.7736369677694409
2306256,1.2185101354103567,0.2580440321692437,-0.9971523984705967
2306306,0.6544218712517651,-0.3150151208745213,-0.5058557944988803
2306405,1.0564748514722744,0.09769721408583468,-0.7083666703889402
2306504,1.2446710310613798,0.16338329661045864,-0.6349940150484924
2306553,1.1546280968986131,0.22684083962999982,-0.8205041848519359
2306603,0.47682348440176603,0.1831014114327801,-1.10612535477484
2306702,1.3619812971212737,0.442162334234072,-0.7483265766343578
2306801,1.3086359292366656,0.38782365714247696,-0.8082074691440758
2306900,1.2393798977664372,0.36990361203738825,-0.7358085874698425
2307007,1.2034738964400735,0.278477316067284,-0.7259317693085606
2307106,-0.04564908590733528,-0.548725409156823,0.17609442667607583
2307205,0.551424719637925,-0.28459078406562927,-0.01603701848905947
2307254,1.1864565525937834,0.2810245903584978,-0.8509234033479204
2307304,0.8611453317413369,0.13682401090950727,-0.28378727409271853
2307403,1.0260154754020776,0.2365580493429196,-0.4283089483781612
2307502,1.20073286584068,0.512485671297422,-0.494266425159771
2307601,1.30115225346161,0.3458311572817922,-0.7185117836055638
2307635,1.043395399781194,0.0022638779549002484,-0.544713853566105
2307650,1.121164447069374,0.17857317001185052,-0.977079826256995
2307700,0.9808403798268536,-0.03242081287934381,-0.7803197571980328
2307809,1.1786464065727131,0.27183157202647346,-0.6832927950471384
2307908,1.2405693833077223,0.34745686666760167,-0.6700397294266641
2308005,0.9234383458980263,0.053498917097494526,-0.5355024204391526
2308104,0.6186003539211369,-0.1951096749747745,-0.17079758159491262
2308203,0.028681037602283327,-0.7462915687430043,0.03095375302053586
2308302,0.8950087878776939,0.09810998408726983,-0.27027809426189797
2308351,1.4439046685416574,0.5094233608602705,-0.6976585007221047
2308377,1.0212057303215258,0.12931455381580992,-0.6705671186761671
2308401,0.6068733870684035,-0.1580032244667641,-0.11531502595294407
2308500,1.091134035560522,0.20161528562648479,-0.47950825007307396
2308609,0.5437980218973235,-0.4085953289190871,-0.19472356392190845
2308708,1.1597090149286786,0.22230148075455478,-0.6849438141162155
2308807,1.2436445204205746,0.3709223975965321,-0.4909572111268692
2308906,1.1389915280913967,0.2184122599943053,-0.6078252285995378
2309003,0.8989437553506355,0.025669852500875404,-0.41396093276528184
2309102,0.18990917784066438,-0.7822523216626873,-0.015991671052281373
2309201,0.46429614709733696,-0.06412154108429362,-0.34970408201214187
2309300,0.8168944898987794,-0.05060451034147259,-0.4564646284985894
2309409,0.6774835620280818,-0.07527093906691877,-0.30253160800047646
2309458,1.251598396874415,0.24746117206910773,-0.7255522069425769
2309508,1.1871375759410565,0.355931611775305,-0.6088574909818716
2309607,1.178091307388378,0.19034577295207827,-0.8309177708904855
2309706,1.0401016840800674,0.08166170199128915,-0.9010529973310392
2309805,0.27004286718213794,-0.6900126864671592,-0.13442822364640475
2309904,0.8591950476415003,-0.010610549975949537,-0.43472408922994416
2310001,1.2376660282328318,0.3012453461732525,-0.7228623089752886
2310100,0.7453240321141007,-0.3008253106633743,-0.5300555840719483
2310209,1.1101069117164497,0.16373766419305824,-1.0470306700244778
2310258,1.1454259864722942,0.1971103225435885,-1.0293802710441677
2310308,0.6535895948412994,-0.04859297720090095,-0.18100125833587222
2310407,1.162724281434755,0.1386770720036659,-0.7302354739256638
2310506,0.815262694916089,-0.1310084589496616,-0.33398418041804623
2310605,0.46336963376629114,-0.3233885322029912,-0.01058940288679407
2310704,1.272755384299188,0.23503094589660367,-0.8278945741523136
2310803,0.6053275242387612,-0.2838698509136884,-0.37445737324766204
2310852,1.2390080621220299,0.26177672142204395,-0.9072077750683585
2310902,1.297144142316724,0.4054078512579827,-0.5513798007326761
2310951,0.9017549783837004,0.017329913281589174,-0.5136007108436336
2311009,0.4358306473772448,-0.28325510310259244,-0.22124941825428093
2311108,0.29193921429479824,-0.39104219566656306,0.04364730962261081
2311207,0.6686572096198055,-0.0008522000220991974,-0.16261621096393222
2311231,1.1588246176414019,0.24227434259029312,-0.7250380980107878
2311264,0.4821964307433428,-0.24038478013021522,-0.19903726361026872
2311306,1.3219432654251282,0.3461769148283173,-0.6327092300303868
2311355,1.2551145951879388,0.444366294592311,-0.5606140507928826
2311405,1.2783534266334546,0.2773799818527381,-0.657910336803324
2311504,1.3004341524504277,0.33166987029892736,-0.6700491983067608
2311603,0.9164669540883852,-0.1733944605962128,-0.5636955535057038
2311702,0.8039652984812705,-0.08551571172153888,-0.3955311675225738
2311801,1.4879625835470172,0.5127430000401354,-0.6773450746366692
2311900,0.9225489682763078,0.1699113883597626,-0.38196920494557546
2311959,0.4361276219952421,-0.15529309244482115,-0.05601589780847591
2312007,1.0681826094409426,0.1942537162139029,-0.6124507190219137
2312106,0.13660800803434947,-0.4526765445646483,0.11258281634336938
2312205,0.9216793442549027,-0.0319452984517449,-0.4571686484060137
2312304,-0.2687310310202571,-0.8631373232521015,0.22310818195577906
2312403,1.0969122341312296,0.16712736250584673,-1.0390952762112318
2312502,1.2628687532661793,0.33258961239327256,-0.7693622680124695
2312601,1.0817206922642773,0.1337923902628342,-0.9081203683496508
2312700,1.3614690673010144,0.4694889683754594,-0.6930924836211094
2312809,1.0889357645308821,0.20857432625536165,-0.6520882980735878
2312908,0.894871142610879,0.024794937757707587,-0.5160399219170071
2313005,1.3054285329578856,0.4232533193332924,-0.7225036385847274
2313104,1.3588833920145424,0.34337089197544446,-0.6227025822731168
2313203,0.8476227413005836,-0.0720249787922093,-0.31739946017107334
2313252,0.9394046051496374,0.1965775657423765,-0.3183374246165073
2313302,0.8019237158105371,-0.028252676598410815,-0.21749292519426328
2313351,0.9662640729358966,-0.0016377120637880802,-0.6602137921914644
2313401,0.036457688763400165,-0.6905054590547481,0.021800553657687415
2313500,1.131287743601346,0.18934688178323106,-0.9765303469234818
2313559,1.033572177479807,0.06961932645873675,-0.8032492401671371
2313609,0.004974093654372714,-0.7139389365186912,0.03700136873009576
2313708,1.0397909034937327,0.22959953759118745,-0.48572889565339133
2313757,1.1461084853729977,0.14688482084856197,-0.7934910467683323
2313807,0.6261943616546386,-0.3455703785464757,-0.5006639149739232
2313906,1.1148603834530293,0.24657372527101115,-0.6334577137770334
2313955,0.9650292997377411,0.08535398408314232,-0.5104609057999119
2314003,1.032559080271826,0.2610736063821331,-0.359839928935434
2314102,0.2566794098032117,-0.5537997953223346,-0.09946025461980128
2400109,0.9979942610251199,-0.12270137342370993,-0.6927212281588476
2400208,1.328532781320567,0.23853581794694256,-0.8791414829748012
2400307,1.3072109887264929,0.24128997937000257,-0.8693635831861508
2400406,0.9593503520825273,0.082727149580571,-0.5725697091441471
2400505,0.7760929096088311,-0.09414179050408725,-0.5230692510126772
2400604,0.9187069842100587,-0.04010497388519929,-0.5191623931900877
2400703,1.2180082893951911,0.2557852055997654,-0.9003048731678001
2400802,1.2176507125777245,0.13466311333669267,-0.8202170846200435
2400901,0.8201325647342641,-0.0776192203067055,-0.5429880427440971
2401008,1.0805898834716325,0.15871192674361534,-0.7139811260046148
2401107,1.1312369977044876,0.18707046937152785,-0.7756984562435206
2401206,0.8199080499439588,-0.17485494800870782,-0.841535584076179
2401305,1.3143682897304338,0.1259676142503396,-0.6744268682156644
2401404,0.8635982490824106,-0.17635352661606798,-0.8486635958276657
2401453,1.1941829566847513,0.23810080647372994,-0.7041414033036381
2401503,0.7203430472273141,-0.21246747399972823,-0.755971049736761
2401602,0.6813003659105419,-0.2335476091365939,-0.7308386230146039
2401651,0.5154036332709601,-0.46985225184608476,-0.42230392415745116
2401701,0.7123598837555577,-0.2808442998038267,-0.7437597250635861
2401800,0.6879437745810059,-0.33645661213831185,-0.7012751089381963
2401859,1.0253097951539338,0.10689588439745161,-0.8656739024162874
2401909,0.8443186787564163,-0.36892173621158497,-0.6896236186557404
2402006,1.1681387226600055,0.003096222206263654,-0.7560854770421722
2402105,0.3420742359727959,-0.6557925281242574,-0.3495300536936958
2402204,0.8102522106355472,-0.23161497277190077,-0.7989210461185569
2402303,1.2162126832810836,0.1435009620519028,-0.6479053124684548
2402402,0.7668591876746844,-0.37339740518473813,-0.5729763289443565
2402501,1.282226774680712,0.28466117660090745,-0.8441678628270276
2402600,0.819328629154197,-0.05321559146461273,-0.8805772306141605
2402709,0.4260199057351124,-0.578413436666081,-0.3682623869545921
2402808,0.3392880964279345,-0.6842301695718223,-0.32223136333565544
2402907,0.5377171160265466,-0.32433911439822277,-0.3398179083162806
2403004,1.0675445983717515,-0.021341978990184248,-0.7554099822826865
2403103,0.7433079756135045,-0.37427446277321325,-0.5246880404821741
2403202,0.5439397214164547,-0.3526754604906091,-0.3313585731456791
2403251,0.853728362924495,-0.10137412657992337,-0.896329606948744
2403301,0.9711564246924417,0.09845430005046835,-0.639782770984167
2403400,0.5155119898252519,-0.6483913013357576,-0.4269558886339807
2403509,0.7568526299622871,-0.25032716487590156,-0.7628361535296655
2403608,0.8955291932074476,0.017214729977552495,-0.9518441383981154
2403707,1.303256851863735,0.3012431303427161,-0.7656817503551193
2403756,0.8326956901800328,-0.15372845683679043,-0.6990273792098569
2403806,0.9618785419865693,-0.08093495378625865,-0.6061048569239241
2403905,1.070132499726521,0.12890820501216174,-0.5491748433380941
2404002,0.8873900408377189,-0.01659989678463369,-0.5766143923794579
2404101,1.0182097547091031,0.18594881908467334,-0.8924332778750538
2404200,0.8467513514562355,-0.22492354698677666,-0.8167597976241566
2404309,1.320513345742449,0.30655886503738866,-0.753293901317735
2404408,1.3123363569769062,0.3507185748409274,-0.8303946770696669
2404507,1.08361365799938,0.18042012118662845,-0.8238348248630566
2404606,0.7993822076887435,-0.14322412399337137,-0.8430099683501008
2404705,1.4121406035325303,0.32353429478179624,-0.9441491038426583
2404804,1.1976092014683535,0.03922360695114757,-0.8627531784574423
2404853,1.5168806526849095,0.3621019279298383,-0.8878271344396201
2404903,1.3151925058645746,0.32621448110950874,-0.6754272968429496
2405009,0.12752462278257914,-0.7971261813653296,-0.15894332343590584
2405108,0.8325616253828023,-0.04951594066442397,-0.7635159238529925
2405207,1.1999962710034406,0.12232519381300404,-0.6969387018551884
2405306,0.6734000338888849,-0.326197670219064,-0.6946729864485846
2405405,0.4342019031728499,-0.5773820893130645,-0.4373911728165244
2405504,0.7091586447535072,-0.18483815754069255,-0.7394890416851878
2405603,1.3535096612149897,0.205515223687593,-0.8361007222185054
2405702,1.225571484440345,0.03823510144841115,-0.8169744715115909
2405801,0.7136286601225281,-0.19160055916710503,-0.7443257293318004
2405900,0.6277131190641202,-0.268732914891483,-0.4356345381788199
2406007,1.1222018202963289,0.17925261442699544,-0.43375481865500326
2406106,1.3228995149231166,0.1608069185906464,-0.7376073211773843
2406155,0.7466366189946281,-0.2849164332956345,-0.7440686054573331
2406205,0.6180309228044312,-0.4066653793700077,-0.6150664836596869
2406304,0.7206861128932667,-0.26799813479865997,-0.745805399925135
2406403,0.6825840838491959,-0.2660282025449165,-0.7180538041371743
2406502,0.16935961417518688,-0.7211365330780294,-0.162921345510672
2406601,0.739945116965143,-0.3432633049006266,-0.7247530992053216
2406700,0.6606118607450998,-0.30233021042104874,-0.6293765780937118
2406809,0.4674871464268589,-0.550867399213183,-0.46365793238027025
2406908,0.9018721179656115,-0.01215384697687547,-0.5770211797782295
2407005,0.5889939543868452,-0.26832573272818877,-0.37170454370432504
2407104,0.7779564695663856,-0.13062235368036387,-0.8382559436787013
2407203,1.0958755987936928,0.2583848567037762,-0.8702316195002235
2407252,0.9194735827483308,0.0639509502085657,-0.549788237758147
2407302,1.1100202681883877,0.2300245267249083,-0.6050401796782149
2407401,0.7085877675376688,-0.2580551112108108,-0.36020982284812514
2407500,0.862123878963348,-0.0024633529933399774,-0.9284209307413055
2407609,1.1189340592965127,0.04777228873169138,-0.6516990487978862
2407708,0.8026732088181306,-0.3184375941619273,-0.7350182812780497
2407807,0.8446255948636965,-0.2494450551391802,-0.8117163382373129
2407906,0.37926448793261086,-0.6246038005918492,-0.38430261206509353
2408003,1.3072834515666476,0.321219975647917,-0.7576651079526223
2408102,0.8534871775996345,-0.044096436000881985,-0.9158016985946681
2408201,0.8646908855889874,-0.09632641043119128,-0.9059774857182977
2408300,0.6603328900303227,-0.3829597767440582,-0.6553848493991198
2408409,1.1854684023913873,0.18002153956403139,-0.64119219080521
2408508,1.1725632686476144,-0.002330636842478106,-0.8563037912032602
2408607,0.9972059641718221,0.0897530736860587,-0.42131435255691446
2408706,1.3817644274961625,0.2375064883588657,-0.8611075657568662
2408805,0.9874604627942177,-0.10264127310934022,-0.7916194804735561
2408904,1.017131848066226,-0.2743676366912525,-0.6340472406898603
2408953,0.889426390238282,0.0667154524980202,-0.96201624482717
2409100,0.610314924258931,-0.43502037484752226,-0.5987011717234647
2409209,0.7578176829879426,-0.24589485558933188,-0.7668362397083234
2409308,1.0396515378377575,0.045302083749374986,-0.6262851340647929
2409332,0.8046346126852187,-0.2127660799614501,-0.8197696177537654
2409407,1.207650198638029,0.27299647103754365,-0.5737250334443798
2409506,0.9502426474573643,0.06491859118294345,-0.8803605509000112
2409605,0.6505916034312276,-0.22478066861148804,-0.6668729058694245
2409704,1.0613132659738225,-0.009676834422953636,-0.7655742286866474
2409803,0.7699581810739331,-0.2394842734959904,-0.7700612009901638
2409902,1.1738591331436101,0.2819376309069215,-0.9143628563469491
2410009,0.924716501605742,0.0497348699285163,-0.5788434680683437
2410108,0.7510885783594452,-0.13719004549561126,-0.8100540131931108
2410207,0.41969880740598753,-0.43033722365804017,-0.32114454890637906
2410256,1.2342597584516144,0.3038823142567079,-0.8202634308951083
2410306,0.6743314855853508,-0.2717343010140137,-0.7113595168900613
2410405,0.7576381370128077,-0.10541800893377498,-0.8185430286638998
2410504,1.0397100808809514,0.18243785068516039,-0.6813555271493811
2410603,1.0614374843212522,0.11031660655823822,-0.6411197887964356
2410702,1.1363063664702553,0.22026459628854184,-0.6697383041447017
2410801,0.8976115386624167,-0.001799053221645149,-0.4697019240812284
2410900,0.6468356434535529,-0.23944667917906678,-0.7128115734951617
2411007,1.1585473358332845,0.22788648944349515,-0.6615185943733618
2411056,1.2401235480667607,0.31114717934825964,-0.8199387881788205
2411106,0.5563598553288074,-0.36119081341262976,-0.6107253377267791
2411205,0.6405919177265188,-0.43016275788206704,-0.5961880281582111
2411403,1.0984633707314795,0.05396919154609462,-0.7465280933287474
2411429,0.9539125577829661,-0.1920025357841701,-0.7577774243959955
2411502,0.6814504481247109,-0.330585864023291,-0.6875786097452322
2411601,0.953361014814553,0.07158094134702614,-0.8549931008568095
2411700,0.5703185008678584,-0.4859926300369329,-0.5349408310111908
2411809,1.3470812304688837,0.1877248507007898,-0.8412742655064434
2411908,1.1062558011782082,0.18944878631846016,-0.6235668461332936
2412005,0.8236633169262748,-0.09227811439261019,-0.8783953471403272
2412104,1.2685444761506965,0.08894235671221161,-0.8591948481594037
2412203,0.8137617177203623,-0.22180641256052544,-0.8223838275428291
2412302,0.5926783761180254,-0.3996794301931061,-0.6054750043280568
2412401,1.1618596517569346,0.02569133875276447,-0.8226390876367062
2412500,0.40368567983207526,-0.4614453731730184,-0.19491630060701368
2412559,0.8354776576852765,0.0023188499300485776,-0.8498525759638994
2412609,0.7291696831144124,-0.1868199756723381,-0.7776763628635199
2412708,0.7502889109481772,-0.19458384669247153,-0.7907940841556128
2412807,1.397894152979664,0.289298300304377,-0.8959697930374753
2412906,0.5769973842842604,-0.38281367319980614,-0.5944451093961493
2413003,0.8103269125374963,-0.29612951037915936,-0.4982366379925469
2413102,0.7040427766656184,-0.30110732080903885,-0.7245771878377173
2413201,0.951402311919338,-0.021481372489946266,-0.9797627972168657
2413300,0.4107096162086957,-0.6900074860115659,-0.3709018760894887
2413359,1.060436859732764,0.08036294546008237,-0.7220799677305013
2413409,1.1929875289918939,0.05106812800373742,-0.7738154339955983
2413508,0.6829501613060732,-0.34952108765700973,-0.6764936665220531
2413557,0.79904252485899,-0.14051696137625785,-0.44494102747837605
2413607,1.065957263631801,0.15861562405567192,-0.7123202996990943
2413706,0.5876683508183177,-0.4143300647003101,-0.6010667598450993
2413805,1.1296853654311454,0.22137035709320219,-0.6826096571693263
2413904,0.7779743001135773,-0.10804143977840608,-0.8380118285618634
2414001,0.6243274867354129,-0.3765478140373187,-0.6320476066245154
2414100,0.8009378244224404,-0.046497108845803006,-0.5170373060976753
2414159,0.4413367915618517,-0.5456194440231205,-0.3005646404147742
2414209,0.8603419096062748,-0.15984905894454315,-0.8674647973769967
2414308,1.263658874491971,0.07842969594936146,-0.7701291969963171
2414407,0.8064271144394414,-0.07426627356714313,-0.8429441564613654
2414456,1.2019509158014816,0.045149254809784774,-0.6753294340365644
2414506,1.0482300095671744,0.1022842183907552,-0.6102519494835164
2414605,1.2560798805453437,0.17805589286049098,-0.8161514232426327
2414704,0.7534532160617912,-0.28062381150004256,-0.7442828520289726
2414753,0.40299038749719784,-0.43168594868365584,-0.21100499374370116
2414803,0.7433530566930495,-0.24682973358764,-0.7820345863855749
2414902,1.0165003465635596,0.09760081316805058,-0.614515807642583
2415008,0.8777606778260549,-0.20186135391003024,-0.8541037404505747
2500106,-0.015777312025184856,-0.8432031954730121,-0.005773554210990041
2500205,0.9625140632432568,-0.0009369091013325455,-0.3466825371261879
2500304,0.57071701138555,-0.5848195305158375,-0.48716091083861385
2500403,0.11625868308554993,-0.7962894215648207,-0.13009102650473184
2500502,0.604674307141479,-0.5001208323105248,-0.5514150720439542
2500536,0.3341154949148508,-0.7731510945421559,-0.30744721934492325
2500577,0.08665615658946245,-0.8213529432203882,-0.1260561820703341
2500601,0.6922888019095712,-0.3803232052091889,-0.6682114982373016
2500700,1.072003020103115,0.26111115401510615,-0.5230735844444835
2500734,0.05837726009993858,-0.8186861951769044,-0.10838845327340493
2500775,1.1287770326055127,0.23635526335593648,-0.5833700861916493
2500809,0.7282016851794306,-0.4066409103667423,-0.658944736762679
2500908,0.04095051698290943,-0.8464474062726961,-0.0697291301252302
2501005,0.12991733743969822,-0.7820051005961637,-0.17548738094157082
2501104,0.06799762616054099,-0.8470589085550458,-0.08341208182041875
2501153,0.43839315741026935,-0.665953480264067,-0.41034730140339887
2501203,-0.19758135100416033,-0.9532922075933308,0.14293903200982336
2501302,0.4353160550560328,-0.6323053580796681,-0.38957028446166014
2501351,0.20957863400087254,-0.7679639588805272,-0.26080674585147473
2501401,0.8694844784358136,-0.15857183107907874,-0.8436745506140055
2501500,0.27267470271654176,-0.7063754432506397,-0.2819875092347603
2501534,0.18850853967327277,-0.7938006794809103,-0.20569234297387326
2501575,0.4260704444136417,-0.7404989345161754,-0.3668842388056402
2501609,0.1553559796082436,-0.7845656672432364,-0.18678964096447212
2501708,0.2504177889046634,-0.7627854482722374,-0.2688285440028473
2501807,0.8543381474074039,-0.10230363948282527,-0.8400223019319566
2501906,0.529288650943196,-0.5759201727434294,-0.4963346602931095
2502003,1.2200988025256447,0.08532439048487957,-0.6871528644003385
2502052,0.4948668826759783,-0.31570348631270084,-0.32143682048294686
2502102,0.8168753462462058,-0.15512598388344187,-0.4257058775906915
2502151,0.2750972741693734,-0.7575413135230107,-0.27199997558607036
2502201,0.9781671266324324,0.17967039476058722,-0.4572596878935498
2502300,0.9029702476893902,0.013486919941105105,-0.5522243908243372
2502409,0.36046817940332815,-0.4076698157315169,-0.05046828661835071
2502508,0.2999361720512299,-0.700705038704271,-0.3159270410131706
2502607,0.9270488424875701,0.0008646357206453737,-0.4896692202074618
2502706,0.16388044583221864,-0.7755081431886759,-0.18128069510969047
2502805,1.214606065362514,0.13552158892229912,-0.716828681386749
2502904,0.7984962613183041,-0.11634588292385437,-0.511761923287644
2503001,0.6911066515456817,-0.44165839633257825,-0.6487514422006909
2503100,0.30895840859786866,-0.7460202589382561,-0.31244305093087743
2503209,0.9853830591374104,-0.03755847214357597,-0.8964408455304514
2503308,0.86718070274293,0.08627924680562744,-0.4461021264121947
2503407,0.9531727166033831,-0.24136076490840538,-0.704655270427785
2503506,0.03145251623356963,-0.8326276861843127,-0.0759715233243362
2503555,0.010576519971553646,-0.8283653074745456,-0.09096321198023645
2503605,0.6677794693891899,-0.474770544718871,-0.6089468834279397
2503704,1.0088371510205687,0.18378282309121502,-0.4216312950541298
2503753,1.0037224392687287,0.03745182838606144,-0.6706714409355249
2503803,0.744943825689268,-0.35771525148916583,-0.663571383238045
2503902,0.2320571663453511,-0.7301769259158806,-0.23621918715050813
2504009,0.22774464413458603,-0.78710753146306,-0.22626251651874366
2504033,0.7736965155582841,-0.2876408870800619,-0.7244184993991436
2504074,0.23354467817265964,-0.7302272398290818,-0.26847298680041315
2504108,0.6226645663333277,-0.16815608647439154,-0.3677830793378762
2504157,0.08836150808862868,-0.8282859717671769,-0.12997610006221239
2504207,0.8739080734616911,-0.2766256284956579,-0.5585405416979737
2504306,1.1448986254757543,0.07582954442346163,-0.5155697008671644
2504355,0.31111393898231077,-0.7240581003109615,-0.3080204134584638
2504405,0.510225975815757,-0.32501933833101954,-0.14478497211153152
2504504,1.1239639107905512,0.03616442139580354,-0.6757296586702857
2504603,0.7401344623821591,-0.2772396098147893,-0.7284400407669582
2504702,0.26053512957573327,-0.7183082503809416,-0.28451215335445335
2504801,1.0388024551213344,0.09281142063865302,-0.6227296881938575
2504850,0.28598845264175243,-0.7022131833934266,-0.30174085328287514
2504900,0.7634258901988219,-0.3102075332307258,-0.705579203459819
2505006,0.13493127900275054,-0.8640556674572334,-0.1512862910525919
2505105,0.2695518555505449,-0.7393836413427197,-0.26995036802858896
2505204,0.5727110918297416,-0.5021091549278006,-0.5441705203541842
2505238,0.8067158178072376,-0.3098879292524937,-0.7276790928885128
2505279,0.7256205278452965,-0.3546985241855538,-0.6907518333934332
2505303,0.6502194020968115,-0.3063421277154229,-0.35886805378571546
2505352,0.10014499898648484,-0.7877536052838675,-0.1466692952868593
2505402,0.077657544746991,-0.8279524247382133,-0.15160822602186824
2505501,0.9274649742638814,-0.0784774965248779,-0.7139985134740678
2505600,0.6350897898800085,-0.2416684949498537,-0.3146951442107702
2505709,0.3278543629494534,-0.6800914570544111,-0.3262556612077377
2505808,0.6958158921255474,-0.4344957321664366,-0.6419833722729769
2505907,0.9308517333317629,-0.09807905538428167,-0.6173935312536426
2506004,-0.05337490079639819,-0.8753849324489056,0.006583848647868101
2506103,0.4446299796241958,-0.6354200045089449,-0.3986136634371675
2506202,0.7828814584207994,-0.3239385661515433,-0.6193649885512901
2506251,0.4141999951506668,-0.6365138980833276,-0.3892168241781216
2506301,0.778420636404083,-0.5066874598330623,-0.620116665030013
2506400,0.6453865721174211,-0.4731137424855295,-0.5609499047259161
2506509,0.2561220570071855,-0.7693809202281663,-0.27806549141828474
2506608,0.559212459815979,-0.2611335049393938,-0.308793917975583
2506707,-0.01800190605384679,-0.8433259698744161,-0.016497774816323304
2506806,0.5751954311887328,-0.5244523970937179,-0.5008763502502982
2506905,0.6598831911181183,-0.4163532260226405,-0.5854874536205589
2507002,0.7671229589161217,-0.16380538355494528,-0.3984613785742447
2507101,0.7514947473520749,-0.33013828732918304,-0.7085184465978036
2507200,0.7825380259249461,-0.5515620041946366,-0.5509991421235254
2507309,0.6854178512232346,-0.36840643956668634,-0.6667931699456691
2507408,1.0594443474460429,0.09916261283909901,-0.609418769959082
2507507,0.8456291679388029,-0.15975630803093038,-0.8073692633641915
2507606,0.5712144761823517,-0.49374192873189326,-0.5142963022716256
2507705,0.19152294679443027,-0.8050259869619258,-0.2238811968628279
2507804,0.1164413803333339,-0.7964028418929884,-0.17736812214198341
2507903,0.5578280129172383,-0.4772947383163346,-0.5417165668203676
2508000,0.1643709498866659,-0.6778803920982114,-0.1441145834414986
2508109,0.8794772834814856,-0.04849831328938224,-0.5445016085718254
2508208,0.6837796356438401,-0.37805676123370524,-0.6618451507640438
2508307,-0.016863729847028743,-0.8550811002419869,-0.018484969417038883
2508406,0.8634322314689473,0.008826885673252268,-0.5037301792409072
2508505,0.18767926694625092,-0.7984330347225628,-0.22435067768740333
2508554,0.689413444459423,-0.3862075118565854,-0.6589078995780479
2508604,0.8837301370894892,-0.156326957978019,-0.8183284340238139
2508703,0.31235756975318946,-0.6795331480388159,-0.3036898985719183
2508802,1.0890508437137196,0.024559502477364853,-0.7544443249978062
2508901,0.989395865631306,-0.4899232748980938,-0.6832791040354674
2509008,0.04112837791150718,-0.6738811481126616,0.06999889091149247
2509057,0.8703130649967479,-0.1976109767344839,-0.8089777905667206
2509107,0.6889266496657626,-0.4398750811238686,-0.6165251715183019
2509156,1.0496186060572206,0.23663020047593342,-0.5441863485102337
2509206,0.2754451085432325,-0.6932887495657147,-0.2703044926825057
2509305,0.8515359055004802,-0.170341967672102,-0.8369482664681754
2509339,0.12406779192796676,-0.7991558293851462,-0.15221764378885883
2509370,1.0104914403980283,0.05699412449753824,-0.664589049398014
2509396,-0.23828996499475513,-0.9232080727261871,0.11593341811410265
2509404,0.6603879211305512,-0.500511761512338,-0.5343113628788747
2509503,-0.2080131659649803,-0.9510747552559691,0.09633372458093453
2509602,0.2408594970885438,-0.4744410553936016,0.005223825981337274
2509701,0.06205326998717486,-0.774229197795342,-0.07650612185236244
2509800,0.744661526914336,-0.4241956830310255,-0.6406371384036816
2509909,0.2851183961462954,-0.7299944524539284,-0.27700250775084007
2510006,1.0681775031315022,0.192280518162956,-0.40974496135818406
2510105,0.09846150989555487,-0.8164646270549704,-0.15125858174446177
2510204,0.7226966919847279,-0.2954664683453203,-0.4361469001867641
2510303,0.4449397957521015,-0.6777847866041677,-0.36577736230303626
2510402,0.7628118199546228,-0.269996532159778,-0.5541824513508328
2510501,0.027135289008214297,-0.8529002241611456,-0.07973386964308724
2510600,0.11190347977691263,-0.7969635400087383,-0.13382798173743587
2510659,0.46118889447198136,-0.7874378643895085,-0.37802576832297863
2510709,0.6623843671937226,-0.4393201904104499,-0.6133117517508027
2510808,1.1857385911733158,0.07289236569065516,-0.8603223614744241
2510907,1.194626933969531,0.14295879977293144,-0.7498897870525432
2511004,0.8052514916514265,-0.22761405641411767,-0.43422676230222607
2511103,0.262339025670584,-0.7450187083088996,-0.2785580101921229
2511202,0.5553873301136334,-0.451552678125667,-0.5633689964043244
2511301,0.8694004132556501,-0.09037157385173004,-0.5745116275256552
2511400,0.4098217548183307,-0.6192961262384241,-0.3905336342106703
2511509,0.7289551739630938,-0.39438685121454714,-0.6391977731143883
2511608,0.23690599711599894,-0.7614402880778642,-0.24103881755515524
2511707,0.3805999472141281,-0.6596841584457327,-0.36500499856398194
2511806,0.6188837682515876,-0.47436605522509573,-0.5860730344245102
2511905,0.7130166790800729,-0.27128889965367897,-0.7429995636517318
2512002,0.0026633578785727106,-0.8272738114771511,-0.06555562520874275
2512036,0.39907115332012427,-0.4299371079444743,-0.2122553793974805
2512077,1.0086553474565643,0.17763142367221596,-0.4933245720493543
2512101,1.0635341067417878,0.12388256899277436,-0.6794581176179219
2512200,0.12624907865250232,-0.7496659113902904,-0.1494838792515868
2512309,0.14003793869150477,-0.678466906281311,-0.054403934957896936
2512408,-0.11622377101021758,-0.936062260175924,0.06150732431897124
2512507,0.33855466780888205,-0.6820377064788743,-0.3316578115010113
2512606,1.0799103691489895,-0.1394122736251827,-0.7196227633480756
2512705,-0.04448646122116638,-0.8787945527000297,-0.009372848140431135
2512721,0.7280129311779363,-0.40647270392945034,-0.6650923391665184
2512747,0.5206840248498773,-0.5540633586065965,-0.48959823124612806
2512754,0.5723574495855972,-0.5652834059102391,-0.48070663970437977
2512762,0.7214466666767919,-0.385585092575039,-0.6422791188065626
2512788,0.2872387530804361,-0.768665852233167,-0.27570937881819024
2512804,1.0664589347092288,0.08123590391773679,-0.7119624158323621
2512903,0.9047835087416103,-0.2514071910924716,-0.788606326807761
2513000,0.2502078808722416,-0.7219836654840714,-0.3020427593844255
2513109,0.7067239330889704,-0.5874470415275608,-0.4917719336183443
2513158,0.309865195368893,-0.7572237817395799,-0.30162882287184867
2513208,0.8206869785568836,-0.06211867644870063,-0.4800429804176579
2513307,1.0815759293177354,0.2695874140151236,-0.4770910611858523
2513356,0.3653120203382528,-0.4158448114854385,-0.09355305228220086
2513406,0.6970319614367048,-0.4402850258450235,-0.5890744441307625
2513505,0.4366984111446127,-0.4099048247008878,-0.22085103790315577
2513604,0.715275742751366,-0.25344269221584226,-0.49154354898929326
2513653,0.8265718710509705,-0.030685751096599823,-0.4414140010497389
2513703,0.7837845017469922,-0.23847440353206384,-0.7515195498246714
2513802,0.9001231622710189,-0.16815120865469996,-0.7210080316865243
2513851,0.31545379071645463,-0.7084713648295325,-0.3374223838445625
2513901,1.2236477244344526,0.1555936162176225,-0.8089467573997269
2513927,1.0571911919285626,0.06933494646033768,-0.7228015127031658
2513943,0.3861318228756474,-0.7886991822816496,-0.3509661877472071
2513968,1.052258874178735,0.17396955800423256,-0.692594893764725
2513984,0.951480846655481,0.09025787880530887,-0.6009002850233179
2514008,0.28455936876674054,-0.7325270102116996,-0.3088086198712332
2514107,-0.07549209316715853,-0.8885357369465305,-0.001700487408603128
2514206,0.9339179740174035,0.07612072028567664,-0.5320611034106345
2514305,0.3800766684132251,-0.4179850568464026,-0.1398529702249828
2514404,1.162687369078363,0.06497659457155612,-0.8561847741626238
2514453,0.707034817422481,-0.3798934952041718,-0.6239797846413435
2514503,0.8040008030919812,-0.054518492835057976,-0.2778216548208224
2514552,-0.03309139061724705,-0.6951712861457928,0.07434766484920707
2514602,1.0631820067387163,-0.12927417184246,-0.7424285495753365
2514651,1.262820993234563,0.13927947558759096,-0.7698457918075544
2514701,0.8256566261144592,-0.3703283976428836,-0.6176194593059978
2514800,0.15404040322532048,-0.7632277960104044,-0.20892990022063024
2514909,0.9610715156227603,-0.1508422027987165,-0.8263660017745003
2515005,0.7463314668489919,-0.3652721628334398,-0.6667838968889936
2515104,-0.05149042710371926,-0.9016284703513542,0.01673331034572475
2515203,0.03948478961546254,-0.8052469143094314,-0.08375052761382909
2515302,0.795099649012983,-0.3927562422434801,-0.6748853007864047
2515401,0.20623459694360782,-0.7505614191258758,-0.24372264533780988
2515500,0.20870219298266623,-0.7409571870022297,-0.2529328219441305
2515609,0.4378429506010199,-0.6149661479512885,-0.4328811149342528
2515708,0.3712650570384742,-0.4182955349083599,-0.10072972699328868
2515807,0.3920565504517122,-0.7277218748785317,-0.32250582688195556
2515906,0.09676524592161112,-0.804419609465671,-0.12298864811977399
2515930,0.6430157245238137,-0.44950614687824714,-0.6157440614822973
2515971,0.7773127033715939,-0.4069637691709056,-0.6477700888889941
2516003,0.07642296174263005,-0.8263804776554688,-0.09872038383639613
2516102,0.1879728839708797,-0.7744215656089305,-0.21612083335015478
2516151,0.17641054187429012,-0.7846440728460519,-0.1989606319123737
2516201,0.9294836043456197,0.11457502136100853,-0.5772190395673454
2516300,0.1658693204242426,-0.7605480938166618,-0.1935200967309785
2516409,0.6717670932900651,-0.40879919912114876,-0.6300932124177371
2516508,0.2435082439876304,-0.7428123376954181,-0.2831774979733574
2516607,0.1991921377007418,-0.7384430713222959,-0.042114156591999574
2516706,-0.026910414474287915,-0.8782041320725295,-0.04661407890397659
2516755,0.21526584248916866,-0.7795539024959972,-0.25311142662585556
2516805,0.9682773018657141,0.14602867228628158,-0.49397498351673147
2516904,0.7835365709249189,-0.05576327585001909,-0.4772914287124845
2517001,0.2899331455744808,-0.7210653106855331,-0.28915971166278803
2517100,1.125823916478278,-0.04965192240325488,-0.8391041226393691
2517209,0.8781869146626621,0.020723051950600656,-0.468056946617681
2517407,0.0187767504505281,-0.799113929719017,-0.06012199962148713
2600054,0.6191126638604914,-0.4335726076158425,-0.6244217785694502
2600104,0.1378004739483207,-0.7611319122869745,-0.15045155979652486
2600203,0.2512597165899196,-0.26434555208022104,-0.0795073143845678
2600302,0.06131343653896969,-0.9157310797367202,-0.123696412001881
2600401,0.6060009388127158,-0.4281684353185533,-0.7423237284351153
2600500,0.28029629714967497,-0.7374859545058351,-0.3363098926415797
2600609,-0.1547925332656735,-0.9142007334484928,0.056096703039624676
2600708,0.6289800442585305,-0.4796218805676869,-0.5744891428616733
2600807,-0.07251249234520413,-0.9214097881353727,-0.03129865620629671
2600906,0.24798145657734164,-0.7076628556722322,-0.3346133646506981
2601003,-0.16085451618818777,-0.9209613013190177,0.03849532360063084
2601052,0.6301613402880841,-0.4736283979028728,-0.6020946975918725
2601102,0.23670639774269114,-0.3103175299856808,0.0716345617608341
2601201,-0.18418054618142163,-0.9181068311563689,0.08427702199212879
2601300,-0.10071967489554426,-0.8661562424352734,-0.022951843319899676
2601409,0.6554282017496014,-0.23249483032367094,-0.8287999007109282
2601508,0.28572824712869876,-0.734499901514108,-0.36599000890536587
2601607,0.5774663235282893,-0.35784431472638784,-0.2513001282559044
2601706,-0.2088488353828442,-0.9418187689687572,0.10762180705166365
2601805,0.17209866309205107,-0.6418374641515363,-0.14836502659378237
2601904,-0.044337906496011326,-0.9081596326412663,-0.047760039642731095
2602001,0.10766323025089941,-0.2997390670727358,-0.28411365307386705
2602100,0.045209931569976845,-0.8061291101003027,-0.1284749938824197
2602209,0.38365379700192975,-0.6795781242387783,-0.37040918706058296
2602308,0.023701790161203908,-0.8349510623296703,-0.10544937327416462
2602407,-0.14448802514422368,-0.9196500142966993,0.0324187453659954
2602506,-0.18955751046826516,-0.9291376273793995,0.06874054289209804
2602605,0.07881657562908397,-0.8535500861362226,-0.13702971158857818
2602704,0.5505252151334239,-0.5380694582960716,-0.5053026632713834
2602803,-0.004295204785104444,-0.8088924812374675,-0.0917737175438869
2602902,0.7416205142255886,-0.24560755322776295,-0.8062182761717065
2603009,0.6779187837080234,-0.21040934947531867,-0.24802587744406923
2603108,-0.05400990463150547,-0.9305965056111691,-0.030396699072266848
2603207,-0.3076233037245746,-0.9596715286975738,0.22956056815666454
2603306,-0.20673592315545603,-0.9466981034990825,0.08043189621314865
2603405,0.2589070508473153,-0.6006774560788155,-0.14222030943623434
2603454,0.7755070446590121,-0.29434826559269045,-0.7671095499930961
2603504,-0.2577366485394614,-0.9711435649050797,0.14552888764183977
2603603,0.6197502538315145,-0.6545145076921589,-0.46617321356112484
2603702,-0.0624054812465891,-0.8724219222878934,-0.05606466076313766
2603801,-0.32242638136362184,-0.9666472902793878,0.22578501175784751
2603900,0.09271089747642712,-0.7679332089186365,-0.09573590079395854
2603926,0.3820781549424104,-0.5209996355763951,-0.05130519641984547
2604007,0.6145017313116583,-0.5463408788300672,-0.5424151567865549
2604106,0.0066029572216285875,-0.8971939680110055,-0.06541228836900978
2604155,0.2421572991495833,-0.7756257174037889,-0.25537447134283453
2604205,0.44817689742936495,-0.5548943946405088,-0.5548103242028255
2604304,0.33632081252112284,-0.3605696914982364,0.00026923345641766556
2604403,0.6281133704277987,-0.45912105462000363,-0.6124862458682836
2604502,0.055698677882012916,-0.7701353272222757,-0.14278669509669778
2604601,0.6430941297124715,-0.4561751949461692,-0.6038495550137915
2604700,0.05827410731363792,-0.9033381565740705,-0.11240240635779117
2604809,0.1255670710456744,-0.7230307036797418,-0.2290783578779747
2604908,0.2860304995590346,-0.6873392835849528,-0.3187410803114037
2605004,0.061313666604731455,-0.826555893141928,-0.1572840551572903
2605103,0.12942145437640346,-0.7155150971117152,-0.15588216219689177
2605152,0.3163881270962064,-0.2850099701055568,-0.03459017475837727
2605202,0.6373271386590312,-0.384280923216229,-0.7083618781728814
2605301,0.19997252866350507,-0.4076093531690927,0.16692595200881832
2605400,0.6036763397221303,-0.5297516543648847,-0.5622473671744029
2605459,1.4758848758289753,0.3075477462962331,-1.2905157881425198
2605509,0.6957379929717511,-0.4979634744187548,-0.5822366043264007
2605608,0.1227635882686922,-0.6774629395008895,-0.11268216949717103
2605707,0.29365127690121456,-0.5626627451060808,-0.21230528925707834
2605806,0.322145122567848,-0.7293549117086612,-0.3342662837844018
2605905,0.6321278346546841,-0.38910066580268926,-0.7516915592557412
2606002,-0.2059205641345285,-0.9064520973305827,0.119499687055646
2606101,0.5932822964436028,-0.579774504768488,-0.5422001343881744
2606200,0.6958346789858596,-0.41078826485311115,-0.6693400394582941
2606309,0.5262548378391764,-0.19043170350357874,-0.02610669868725056
2606408,0.10492443801487443,-0.8112043237404917,-0.17639315384795898
2606507,0.34034337161986566,-0.6820092236005122,-0.3692491678535678
2606606,0.12217903015364853,-0.6678096212588577,-0.2054491320041299
2606705,-0.06031066698543109,-0.8953394445329957,-0.03271229446071979
2606804,0.6853418817227982,-0.3874588695051816,-0.6788298795078364
2606903,0.039534432008503456,-0.8029080957238632,-0.09022221068837549
2607000,0.19339984546846023,-0.7042198120089477,-0.22780200036515852
2607109,0.1415425413356417,-0.7502610661683938,-0.1768402852738329
2607208,0.8000334674526526,-0.23280696689424749,-0.8847363843587364
2607307,0.20869629735776044,-0.3568261722380404,0.12264562942225563
2607406,0.5413313468920189,-0.41456717052820896,-0.3100667970611215
2607505,0.21782838825583425,-0.6803571829797441,-0.31781362296639015
2607604,0.8102054827027825,-0.21842445015521283,-0.8235062167003558
2607653,0.5907430301661571,-0.5750730168614001,-0.5275450499529141
2607703,0.043447900904004313,-0.8131377689382352,-0.12103395005637947
2607752,0.7718661658090626,-0.26397153689275166,-0.779516380266629
2607802,0.5653015434912414,-0.4755099913792457,-0.5710187122587229
2607901,0.7588130245343523,-0.2338468024367743,-0.8040024641198135
2607950,0.35012473544021044,-0.6515831615394216,-0.4537555705999171
2608008,-0.06722224881510827,-0.9176348640984416,0.004369040111413514
2608057,0.44754248944872005,-0.4905168349178656,-0.4198056723150833
2608107,0.4387225149840211,-0.6252176248579496,-0.42867790337330847
2608206,0.4128501567927934,-0.5844664832406385,-0.5185582398769075
2608255,-0.2871353882508157,-0.9445110593779372,0.1431429227553258
2608305,-0.18177450803853298,-1.0015493635484005,0.1348915394094231
2608404,-0.2870927070169142,-0.9500197497994642,0.16735872564087198
2608453,0.601279021600299,-0.5095417831205606,-0.5607601001600401
2608503,0.600111262337459,-0.5177197290012459,-0.5649075963563317
2608602,-0.04133830006241033,-0.8653216890584633,-0.031545111460283395
2608701,-0.08761565691352934,-0.8701588991651305,-0.04845432386170441
2608750,0.4008080914694244,-0.3238749173120878,-0.09930850136859293
2608800,-0.17332457715261185,-0.960526675470742,0.03269831724061488
2608909,0.5649072153781618,-0.5378808087782198,-0.5286041420525364
2609006,0.16879100748814968,-0.7885364974309387,-0.1777252367209009
2609105,0.3617104936968724,-0.6289596735194999,-0.3642550838207739
2609154,0.02674054846269029,-0.7282158726064407,-0.14470495551520027
2609204,0.29022167644510777,-0.6313648964936843,-0.4328720973209552
2609303,0.2630628394750914,-0.5010201229516164,-0.04951610293765503
2609402,0.6357637585612356,-0.4278409275712575,-0.654770445009452
2609501,0.6469722653518047,-0.4914704460368516,-0.5768653000239181
2609600,0.8025047380931813,-0.14793599065151128,-0.8493227505059471
2609709,0.19286016345003362,-0.7740798136353952,-0.22013542363661082
2609808,0.6682878242701584,-0.2124394494157713,-0.2084543910693116
2609907,0.5116625407372787,-0.19525915644300587,-0.01980275656735852
2610004,0.4840728775444894,-0.545332720784267,-0.5917779895431773
2610103,0.06894330473210193,-1.0138704083187686,-0.1057799898614942
2610202,-0.21919696403954475,-0.9475375998736926,0.08949022863259658
2610301,-0.2620822028221103,-0.9359789537925883,0.16469590775284992
2610400,0.5654440328750391,-0.20018087308970317,-0.1527337752445331
2610509,0.5532251331946489,-0.566309506593242,-0.5205839489764551
2610608,0.6450428781247036,-0.5118347397302421,-0.5910004259733816
2610707,0.8295080707182055,-0.1912984026854815,-0.8419800775718715
2610806,0.1795249592712619,-0.7888946485788193,-0.20575701670380533
2610905,-0.2519631193800384,-0.976928606176275,0.16199250557864758
2611002,0.3581372944419926,-0.5775580751339338,-0.2969531099716015
2611101,0.49134188748556723,-0.18424417737024523,-0.2073293280829175
2611200,-0.4480111268187438,-1.0353237098324488,0.31315767023832536
2611309,0.33120925936513745,-0.6923791083674764,-0.3731795710236441
2611408,0.3257805082022297,-0.6292603779070071,-0.4055784076334974
2611507,-0.05364467155188015,-0.8742083065971794,-0.059143724651120444
2611533,0.08101221413613145,-0.7322371443700442,-0.05916105844262328
2611606,0.8170715254694109,-0.16224288550376703,-0.8529012788726361
2611705,0.20182647843422288,-0.7918315989545658,-0.2352345958787744
2611804,0.6465030320759655,-0.3994122943300005,-0.7370458330722243
2611903,0.6820814762740356,-0.22063861688056385,-0.8352142653252439
2612000,-0.21049752049728968,-0.9127137028764142,0.10307013193551377
2612109,0.5108615478233234,-0.5878845108994734,-0.48479639040084366
2612208,0.3893561835828234,-0.4154531463110754,-0.06550233254531602
2612307,-0.081221653347639,-0.9025123139102041,0.023855533371165413
2612406,-0.22261345323714712,-0.9657129186875207,0.07545783805896292
2612455,0.3630105287520563,-0.2946452103330805,-0.02352440048782601
2612471,-0.2056135230727826,-0.7444102933433394,0.2104487878360846
2612505,0.1487200407438879,-0.7690342652727612,-0.21005324475642856
2612554,0.3420926480396946,-0.2674691180794572,0.09360120795741239
2612604,0.4151818291208546,-0.3577274139924838,-0.13408149627667365
2612703,0.12680198509150417,-0.7965781115889078,-0.17369749674512142
2612802,-0.12252471305050115,-0.8639430743253507,0.02335208166830863
2612901,0.05158319947663584,-0.8371849899685727,-0.18312485571776566
2613008,-0.13062527360959147,-0.9161465688427529,0.044052475656288975
2613107,-0.17731491304628602,-0.9416304693245114,0.05593625872348561
2613206,-0.2115068642584726,-0.9636278250893088,0.08880157868097138
2613305,0.04095315814567691,-0.8621396463550905,-0.12491666625206387
2613404,0.7653828724600615,-0.1381148724517743,-0.94972816686701
2613503,0.27127152876630756,-0.4778820253027692,-0.01817926830143931
2613602,0.07322771680321033,-0.7932622279362203,-0.1324814680494016
2613701,0.7473385741737779,-0.3775654826037424,-0.7143899605005511
2613800,0.14300809253285338,-0.7933090059063135,-0.17122175020930128
2613909,0.30589760639357466,-0.5216966453497327,-0.12563783196768383
2614006,0.22643007683394778,-0.26337204957804683,-0.39596282382383696
2614105,0.13026554771193247,-0.7239428934081074,-0.17141131672323928
2614204,0.696807511000262,-0.21985138011993272,-0.8361141686818351
2614303,0.20876751746393704,-0.40732951447199606,0.11757743771130699
2614402,0.00046370073675933664,-0.8305048155115244,-0.0356790422987479
2614501,0.3465118136502074,-0.6908790904188938,-0.35542293947437087
2614600,0.17738769502900698,-0.856171157107364,-0.1439606058698827
2614709,-0.1348878728712408,-0.9275049604385287,0.022122795339201168
2614808,0.19208036763793293,-0.642095725878726,-0.219027734331309
2614857,0.6552505066032306,-0.25075880161391634,-0.8247406706196678
2615003,0.085835109386702,-0.8219326168674507,-0.14337066736370008
2615102,-0.08390488440433178,-0.881885196602518,0.008805602569042162
2615201,0.6082571257001971,-0.2322627200307801,-0.18037309815060562
2615300,0.41759062897393345,-0.5934177943223774,-0.4084695742911894
2615409,0.2936664520742606,-0.7557711461465909,-0.31490242672607394
2615508,0.5729701398518394,-0.5056067191633011,-0.5520738605335058
2615607,0.11152457336829456,-0.034370414878688874,-0.5336045297720368
2615706,-0.08141388615273093,-0.7064734649448883,0.08592247820296942
2615805,-0.03964225763385978,-0.8054768577885111,-0.059086629322806256
2615904,0.09422025212086507,-0.7826467426543945,-0.12782044004372856
2616001,0.06093440056361482,-0.865981766609627,-0.09114256968281755
2616100,0.38087393617427734,-0.4092594718670081,-0.02314094480016455
2616183,0.1782277609099087,-0.7981105014344677,-0.21462137489516447
2616209,0.20753483689138444,-0.7737459633823215,-0.23737282403800952
2616308,0.5183620773593208,-0.5632575721498924,-0.4772844876936635
2616407,0.5266980935697652,-0.5721147830370505,-0.5313844477643678
2616506,0.5464800724928984,-0.47225039439588623,-0.6755732822440123
2700102,0.36315454106471606,-0.5604527587153497,-0.40246463810643496
2700201,0.5479255781647823,-0.47007874651989123,-0.6167064871291303
2700300,0.5072674897142111,-0.6207093531248147,-0.5160744381411697
2700409,0.6506964526876184,-0.46151322659008487,-0.7194505475520072
2700508,0.7889464487497395,-0.20199425719647504,-0.9420573453187805
2700607,0.9741967480168977,-0.36241064548702606,-0.9468430303866308
2700706,0.6640279174687115,-0.3345710540034162,-0.681673518252637
2700805,0.403755903667829,-0.663689768676074,-0.4331063350383071
2700904,0.756224862842294,-0.29270182023140473,-0.736729760382876
2701001,0.6290911263852019,-0.42314894311605306,-0.6993255781670459
2701100,0.4962987921635779,-0.5689613063215381,-0.5887510441766426
2701209,0.5556318208308771,-0.5416736846755265,-0.5626588246882475
2701308,0.6190944971760901,-0.47808124724892187,-0.6766558078700509
2701357,0.6032461851185448,-0.45136673481058126,-0.7450291875830923
2701407,0.5266792176397948,-0.45725678021109617,-0.6151161384936475
2701506,0.5487129297681677,-0.4283828318950417,-0.6125902844517933
2701605,0.40200380816293524,-0.6774512767979829,-0.4586502927072392
2701704,0.501298380356573,-0.5063510457462849,-0.6045004976951973
2701803,0.41286374536862686,-0.5068705115924547,-0.4932193366268731
2701902,0.1960737550855819,-0.7804645160909964,-0.2676875485199041
2702009,0.48297345282692905,-0.5643437965874809,-0.5179558009137017
2702108,0.35821652363622,-0.6098954643412929,-0.49543661281377144
2702207,0.7811688775167689,-0.23255848182814165,-0.901950493564247
2702306,0.7020671410996665,-0.32530803030189315,-0.7888171711948355
2702355,0.5627039661175216,-0.5382666600614103,-0.5530968982007649
2702405,0.6427125145016166,-0.3787513512740911,-0.5650856528335799
2702504,0.5531284041351444,-0.5385472539204988,-0.5775462817179923
2702553,0.42816955924697575,-0.5972546000114423,-0.4560586263141928
2702603,0.48194544331330647,-0.5026252260186087,-0.545575455705019
2702702,0.758712954361313,-0.2207347524637825,-0.8471072896058529
2702801,0.6796560278882474,-0.5419747254920312,-0.7399371503690737
2702900,0.4649635862968086,-0.542271821408045,-0.5074112403536899
2703007,0.04624734927583707,-0.7806557800227569,-0.18334145014304398
2703106,0.520997022829064,-0.5542806124595082,-0.5279776526475238
2703205,0.699521153168127,-0.33495975758237,-0.7661025149720517
2703304,0.4980254552640084,-0.49855357777072107,-0.5433880173130491
2703403,0.642945749339787,-0.3346809148298109,-0.6636661292737643
2703502,0.6333001085596521,-0.3875704980540195,-0.7973857600051527
2703601,0.9009595601536148,-0.18134046695847542,-1.0551024668686222
2703700,0.6705253459708714,-0.40091485441262664,-0.6601035326027576
2703759,0.6772649187800497,-0.3754985946990498,-0.7737423340001671
2703809,0.5019224407166778,-0.525783832380214,-0.6353082196705659
2703908,0.6661566060231279,-0.39784369053757057,-0.8157742517877952
2704005,0.502331432053729,-0.4577741803436243,-0.5781956313568973
2704104,0.3663585163327786,-0.5677647191820653,-0.4381307943333504
2704203,0.5551844740810781,-0.5094332969228565,-0.5989136570929904
2704302,0.7526111347665557,-0.23200239278444998,-0.8935272536957589
2704401,0.601368838537633,-0.47155549303067407,-0.6111803606875168
2704500,0.726312847841752,-0.2556543039605322,-0.9249222888586052
2704609,0.3863990864903254,-0.49182283880056465,-0.4929202901709193
2704708,0.7822999258181887,-0.2306778949657454,-0.8895470158082622
2704807,0.42534259690999615,-0.5710023298037329,-0.5024647376594711
2704906,0.18742152283663893,-0.7477863627537156,-0.25913383258973505
2705002,0.261665888915276,-0.640406219570292,-0.33340166235305757
2705101,0.7334260784025488,-0.3229649654227546,-0.877119798063149
2705200,0.6493805782617099,-0.3664023103239481,-0.7732258249655375
2705309,0.5028955886082132,-0.5994710509962767,-0.5119479870685429
2705408,0.5553635709809502,-0.34837808986594426,-0.6081114448281286
2705507,0.5357913883791523,-0.515989244021742,-0.6440549940470458
2705606,0.5988901452066279,-0.4694829607016283,-0.7289157048559615
2705705,0.47380234088240775,-0.43895716612927604,-0.5454792390663835
2705804,0.5798030558851671,-0.37920611313733443,-0.593419124119015
2705903,0.6193198804237048,-0.3679838726323108,-0.6787923802308171
2706000,0.610408993142418,-0.49271132195321826,-0.6251326194887658
2706109,0.3866957944094946,-0.6704531600747192,-0.467943169343325
2706208,0.7229237520466661,-0.30064768788270535,-0.7115918075927993
2706307,0.3686147719530674,-0.7440018968509657,-0.3712708564332716
2706406,0.7779607547302012,-0.2714320072314134,-0.7423641500262597
2706422,0.42453799086239086,-0.5274012084862876,-0.41998681467006843
2706448,0.7698582742453939,-0.23893984103093047,-0.9222452705614936
2706505,0.8211141049967962,-0.23773229572551016,-0.9658947070684263
2706604,0.273929213641708,-0.8018129178034048,-0.30149692324642746
2706703,0.7199024496588685,-0.3535352108637075,-0.7855685814491036
2706802,0.7988555355549242,-0.17218965139394268,-0.9042181517951132
2706901,0.6849301208364149,-0.4000413195070063,-0.7755483100472115
2707008,0.34755941151274455,-0.6994077799349523,-0.4097122404304731
2707107,0.7170629560019655,-0.40268706691746015,-0.6662751401425938
2707206,0.3366386088896053,-0.5985243135272413,-0.4353231430651744
2707305,0.7804319461921692,-0.23497280590059066,-0.9434832072058975
2707404,0.7960902345934318,-0.16809567395651281,-0.9749615902625964
2707503,0.7179854439044203,-0.35152706421217295,-0.7588465969234435
2707602,0.1842858072951706,-0.8546215921913234,-0.21949095184267567
2707701,0.6738595432262166,-0.34068493844639314,-0.7902887098897142
2707800,0.7314110056585097,-0.2599719755147049,-0.8402843018521543
2707909,0.7782821475315275,-0.3043946731606884,-0.8719910455892347
2708006,0.42356709845270746,-0.5967926854694543,-0.5011938186113529
2708105,0.31118271371615763,-0.7207897149078993,-0.38321761004907445
2708204,0.7240160190003875,-0.27317189872399295,-0.7765163526243528
2708303,0.2343735231844015,-0.7574277090048499,-0.3472125834825353
2708402,0.5880332863643207,-0.390915049542749,-0.6249586781708926
2708501,0.6773790188133544,-0.3342555925201946,-0.8295712855867983
2708600,0.6705328160001021,-0.3680564570069885,-0.7574949476497238
2708709,0.8145620187357885,-0.15341797253777842,-0.9925939259842107
2708808,0.5796995081623872,-0.5208196355421711,-0.6231250952874872
2708907,0.6980943820487733,-0.287394185305749,-0.8241174803542028
2708956,0.4702496757925063,-0.5132097040970441,-0.5321301808010378
2709004,0.4599151991146277,-0.6133169762376882,-0.4945814035960421
2709103,0.47920721459817356,-0.5751044386867838,-0.5165029011568031
2709152,0.5716501147985267,-0.4540252385155903,-0.6485556014249574
2709202,0.6935847519199976,-0.3426334948632916,-0.7161533986647327
2709301,0.43751935091660915,-0.6433273208160338,-0.5290549624543592
2709400,0.30493481626161034,-0.685230869048672,-0.39360030307358085
2800100,0.7549734778933376,-0.27888287464187206,-0.7956738163543717
2800209,0.5578665880951212,-0.3723886689103021,-0.631908349958188
2800308,0.9532149486969554,0.19108410681931595,-1.0430367231884672
2800407,0.5503804693142732,-0.34691303113800637,-0.6436092163101599
2800506,0.5913231366726293,-0.2663976104638255,-0.700023410372883
2800605,0.9600028281098277,0.15233714754434277,-1.0718613366534309
2800670,0.5028447862297745,-0.37628772599605753,-0.5949256237803946
2800704,0.8253480791044198,-0.12649328402583726,-0.9263841302643786
2801009,0.5156610378283939,-0.34017160919764017,-0.6256009064869013
2801108,0.6916873322114023,-0.3165061104177673,-0.739182216411665
2801207,0.6292635891433865,-0.35930280486244237,-0.6001669389570816
2801306,0.6759642136698472,-0.3104619125736463,-0.7593867216258251
2801405,0.3655475353024701,-0.5809206567595405,-0.45034931752348156
2801504,0.9033703441459375,-0.02291216117391119,-0.995218656417973
2801603,0.7599600208638662,-0.2874926677454206,-0.7915875846988136
2801702,0.4703950072582587,-0.41611548645278296,-0.5588636795429492
2801900,0.48729416460564307,-0.37649885976877356,-0.5802880878665463
2802007,0.766333637426375,-0.08687015806917328,-0.867297987198923
2802106,0.849538191782681,-0.2440879713023394,-0.9040229835749095
2802205,0.5047226981686426,-0.4271194544488757,-0.5836911444577232
2802304,0.4248953440051305,-0.39951159323585717,-0.5293125709472647
2802403,0.7018462492896765,-0.31928309493027035,-0.7188688836867477
2802502,0.9202512017109341,0.005466210480618513,-1.0118688136171945
2802601,0.5175409316395759,-0.35145126730992804,-0.5936875692310254
2802700,0.7956408877573377,-0.16104677259185426,-0.8910882607274815
2802809,0.69829432992629,-0.22518446832530703,-0.7921649119006066
2802908,0.5161673527153432,-0.365812704493336,-0.6269191244668396
2803005,0.39549292571542544,-0.5173074010300461,-0.48174417223894256
2803104,0.593773203057453,-0.42949555113996,-0.6340805655263895
2803203,0.8070896179170849,-0.09675668603052351,-0.9166392203260412
2803302,0.8167769248637856,-0.19876888922137395,-0.8846860498302735
2803401,0.6776488414061239,-0.32064199847222036,-0.7547029853659412
2803500,0.44441592499425286,-0.43720754624901714,-0.5385199313342551
2803609,0.8769242601213391,0.036333498018800606,-0.9834348202584946
2803708,0.4798589617265539,-0.40482625781086834,-0.5778595865366908
2803807,0.688459629983303,-0.3593073746311893,-0.7361394272401538
2803906,0.6815253139138986,-0.31454133340673046,-0.7774880645579484
2804003,0.8845696084423127,0.05539773685233128,-0.9824006998283384
2804102,0.46358283291022695,-0.37518762162912594,-0.5778137334437855
2804201,0.4850349351768659,-0.37588157600500616,-0.5461549678141225
2804300,0.6167819801945666,-0.3258964912448638,-0.6952812907500335
2804409,0.7317350770757718,-0.278017751171796,-0.805897188784169
2804458,0.46288210235094923,-0.4312448559469732,-0.554041034007514
2804508,0.4294006952871738,-0.4535200579508126,-0.5069496277864896
2804607,0.5277220996425659,-0.3509643202952662,-0.6293689512918281
2804706,0.6743139938675863,-0.36917462727430406,-0.7153532622754689
2804805,0.8973031546128568,0.08276447231182327,-1.0093148809374262
2804904,0.7796070681286421,-0.17484752937040987,-0.8719401488532913
2805000,0.4410078088306061,-0.3909915786638129,-0.5419366668168077
2805109,0.47261374963505726,-0.4382049415475253,-0.5575068836702836
2805208,0.42264660442715707,-0.4472112660495512,-0.5114239188987751
2805307,0.8120598547714377,-0.10602532440453662,-0.9059240526875442
2805406,0.5531052195165234,-0.325096868119687,-0.5868023564412637
2805505,0.16051524604536255,-0.5849005730489466,-0.2520547346030354
2805604,0.6849743173300953,-0.3190135050048718,-0.683856083482864
2805703,0.8443140722669137,-0.307763994305866,-0.8453666508533617
2805802,0.27185003718811007,-0.5932189360418094,-0.36932657872455643
2805901,0.752269702490651,-0.07039254990984097,-0.8553390338252619
2806008,0.41443248992864984,-0.4115826687704284,-0.5271481741103204
2806107,0.8425686342622526,-0.029474054789564916,-0.941596252073351
2806206,0.6144013917754988,-0.2475464163831573,-0.7131435866316307
2806305,0.624993640841434,-0.22377004128474642,-0.728547397778009
2806404,0.7418090412059044,-0.2718517410625253,-0.809089539667099
2806503,0.6866983008155259,-0.21382700958968268,-0.791472577816235
2806602,0.9371233348135013,0.08314728722763987,-1.0391565174380626
2806701,0.7888205678288412,0.0076736220522831185,-0.8999863246955331
2806800,0.5557481892877076,-0.582004771808509,-0.6024729975631048
2806909,0.749251340891192,-0.2502759704257778,-0.8022287659722831
2807006,0.5437990514551092,-0.3863329340257238,-0.634340486444937
2807105,0.23202309748423575,-0.5625099367022044,-0.3438079753190604
2807204,0.6790542456983456,-0.18472684548259205,-0.779824847103407
2807303,0.7947800942533902,-0.3204261411177838,-0.8080079528836562
2807402,0.2507042646855202,-0.5759411199237487,-0.3404689197405736
2807501,0.4174206273781967,-0.5728195776274798,-0.4795198599530673
2807600,0.6204578570011353,-0.4719477723082079,-0.6628076864613514
2900108,-0.7248363864921167,-0.7763248476671368,0.34296647660588053
2900207,0.5667835046404022,-0.38131148834634104,-0.2082507787158241
2900306,0.37028888265798127,-0.5079469217695578,-0.45086630919455095
2900355,0.22059100237416382,-0.5232900946981403,-0.308671029089232
2900405,0.2549608735837341,-0.5660558934180371,-0.302351513742541
2900504,-0.7679087050924573,-0.7977924227517578,0.3712538594508362
2900603,0.31618571062559037,-0.3008612669749724,-0.4886783494499261
2900702,0.3607744860644512,-0.45668986223226676,-0.43178908651378234
2900801,0.373144717322973,-0.037798602387500185,-0.5218543214324483
2900900,-0.019138839833367758,-0.46968925612256607,-0.16841539953518314
2901007,0.058749735784596,-0.6706710586982525,-0.1968897592233956
2901106,0.3989803074343765,-0.4092496716619565,-0.49070398600437065
2901155,-0.4023612835953815,-0.6576628208049417,0.2566131473824507
2901205,-0.3806178457978643,-0.544908053306498,0.12813140676838514
2901304,-0.28013132096787197,-0.6339414188614478,0.12327147895245666
2901353,0.21370526632624576,-0.5921339243231197,-0.035864659043468264
2901403,-0.17061395499151757,-0.02259287716614161,0.09504404658145399
2901502,0.34051970898039485,-0.5447751044187781,-0.404696688904509
2901601,0.21345924852299306,-0.7616461288391424,-0.21703499952692343
2901700,0.3530962195433449,-0.5451328273905377,-0.4428419710615447
2901809,-0.04049838016342104,-0.7742032049609312,0.15960742683546267
2901908,0.34053400206539297,-0.5156023603448914,-0.4090367763952555
2901957,0.1386514916665936,-0.5154351390394007,-0.3200694718130189
2902005,-0.24092389458291397,-0.44738517063356914,0.02488821549893887
2902054,0.5381314026664512,-0.3275392889817728,-0.5977434992027726
2902104,0.19113960971135904,-0.6382196134121376,-0.22265006604129248
2902203,0.2980415553003471,-0.4786560527148995,-0.3718939142062279
2902252,0.0976866220372217,-0.4042769574320811,-0.319188023332981
2902302,0.6205980945337295,-0.17624613880693832,-0.7471015318745786
2902401,0.44674361855043954,-0.14709683748361171,-0.6139789339447821
2902500,-0.34585559014949574,-0.25101325462155666,0.12474450768009125
2902609,0.12288407891708142,-0.6920026002429069,-0.15877808088275674
2902658,0.0472906364928004,-0.657527312057135,-0.10655821556862205
2902708,0.11610995998757583,-0.3104674291522925,0.008730582207462652
2902807,-0.39923392260058793,-0.6337801622788797,0.16510490114401397
2902906,-0.6940502618790063,-0.7268125641555159,0.33890762634107086
2903003,-0.6913976834569245,-0.760358611444807,0.3349818699276424
2903102,0.35617380294832746,-0.2790359968760281,-0.5221350708561243
2903201,-0.1721148160703904,-0.13272595075186705,0.06222108650618198
2903235,-0.4842549508497218,-0.6388501551481016,0.23883859775141983
2903276,0.16737665742068594,-0.6982959403618739,-0.2005159079993415
2903300,0.33612923350659135,-0.20054805874175874,-0.5226890183131284
2903409,0.40017257089806135,-0.08051967572366586,-0.5663562982886021
2903508,-0.5190048214721774,-0.5799888601246161,0.19628234790679538
2903607,0.22953749897341424,-0.6021810019826701,-0.26798823687974077
2903706,-0.4640169974831422,-0.6775044162069224,0.22734832191728072
2903805,-0.055467780589577784,-0.6175900158867815,-0.022208131072068517
2903904,0.16092421811898397,0.1044852922356926,-0.20086568567524396
2903953,-0.5124339404569792,-0.6553353385459255,0.2481161767696943
2904001,-0.8909953050099619,-0.9281184415909736,0.48809463811115406
2904050,-0.7849069144583203,-0.8891061501506577,0.4605888953394367
2904100,-0.16105312094952948,-0.26648957069558826,-0.0026963266389142997
2904209,-0.2871956922943296,-0.33185687608192665,0.08314365272793078
2904308,-0.4099761078674475,-0.8364666924251589,0.22340566847205376
2904407,-0.10959110227926849,-0.13272855737035485,-0.00034187633262936054
2904506,-0.588577276061014,-0.6499477860393615,0.2628777976595839
2904605,-0.17736659023388138,-0.4051452695954551,-0.01269372146041738
2904704,0.44088624491597794,-0.0758099581352925,-0.6170315507734218
2904753,-0.060239248702300234,-0.2901709115477162,0.15815065488585148
2904803,-0.2254789169945156,-0.5038346769017211,-0.004823670595853204
2904852,0.41994965514903726,-0.47985558543081736,-0.515680521083995
2904902,0.5528915820789366,-0.29745653052753085,-0.6516235876847857
2905008,-0.3002218088953233,-0.37493096006763743,0.08231827703896058
2905107,0.17705082034801123,-0.5934131625649635,-0.15381515387535366
2905156,-0.14768151521769768,-0.4507179509848748,-0.03546760468909572
2905206,-0.49323411153776503,-0.5143078430401825,0.21286327632038374
2905305,-0.5005549420724168,-0.7032501379866759,0.2943108958043188
2905404,0.8017849054396854,0.1317325474285014,-0.9477354589099816
2905503,0.235635390396743,-0.5968036985031119,-0.15979267203348674
2905602,0.14210635613754266,-0.3143519817015102,-0.3494477117444213
2905701,0.8048505218778884,-0.006215957147695878,-0.8881164187129196
2905800,0.6185874370322116,-0.020382385125480615,-0.7882741940505448
2905909,0.2595257569936418,-0.013935043021305762,-0.09787596290394873
2906006,-0.21094365456679187,-0.6394689184405002,0.1961688023106306
2906105,-0.15633732731891345,-0.059427586186513434,0.031630740336067345
2906204,-0.47917236888359294,-0.6708675658459864,0.26165239028001114
2906303,0.4523282156551195,-0.05321598386411084,-0.6023263818274501
2906402,0.337203912470135,-0.5322626913975663,-0.37357779462028634
2906501,0.7257633035237909,-0.09674630503827684,-0.8132971999666204
2906600,-0.1893396219685931,-0.20450353711112035,0.04653425818078979
2906709,-0.6143030349646725,-0.5960644145318418,0.22641231161371517
2906808,0.24041654625875428,-0.6840202354500676,-0.12532653215323658
2906824,-0.013575328563400602,-0.689870703678077,0.04269011770934523
2906857,0.16094102595074075,-0.5813275585939619,-0.21304103278029773
2906873,0.14975174863547225,-0.5847502863149632,-0.17768376500353555
2906899,-0.2641552323265482,-0.458676416624568,0.030051775906589084
2906907,0.2613847198114485,-0.10490604085519362,-0.4337445700554524
2907004,0.5742893336229896,-0.3575203420804915,-0.6490380566411118
2907103,0.10593341907217212,0.2843440307593108,-0.10609867162815653
2907202,0.33382492151822646,-0.18496504161719254,-0.19722618154868174
2907301,0.37775356978549474,-0.47030466686576555,-0.4930868132473832
2907400,-0.26888331600960996,-0.10129629201162536,0.13044540870335836
2907509,0.4746201597590316,-0.3911959847812685,-0.5389639829780489
2907558,-0.21299908189547698,-0.32330237447092103,0.02536438252286809
2907608,0.06612925402784499,-0.36202415094947166,0.0974632062570863
2907707,0.25481982035226775,-0.6120343403963622,-0.07529710775234505
2907806,-0.053969871249313975,-0.751174625260305,-0.018505614707709624
2907905,0.3801017222065267,-0.5080754808365896,-0.40818666368114953
2908002,0.16651288278428797,-0.3507375551797295,-0.3513954043416047
2908101,-0.25024936563227484,-0.008700393207792883,0.017256979833257115
2908200,0.3514579684708148,-0.47007306981095454,-0.4652602414622988
2908309,0.40926780683304453,-0.40139534720864417,-0.5332893949762858
2908408,0.1656896737520044,-0.6559748114384124,-0.21111398693768335
2908507,0.3340206162860242,-0.4836780664677835,-0.420706202058446
2908606,0.6251714391221759,-0.33223438587117654,-0.7158558561298929
2908705,-0.5404212479446734,-0.5630094635707872,0.20516230690367715
2908804,-0.08092543398445448,-0.441603664387645,-0.0812683934496294
2908903,0.30225057746552697,-0.4903635703366188,-0.38523604176098664
2909000,-0.5859888224008359,-0.582298017126426,0.22124824810548224
2909109,-0.17671584121393827,-0.01940774896560653,0.024763837713604943
2909208,0.3937148464603455,-0.46492161833132595,-0.4503414681971199
2909307,-0.18357186929200872,-0.04306776889716514,0.002249297348920801
2909406,-0.09293861177645665,0.054232487554155516,0.11271769825783866
2909505,-0.33222000272268826,-0.7836766045074228,0.1686904799772357
2909604,0.3391020105367119,-0.5323664072383626,-0.4044037151976026
2909703,-0.4038331623378811,-0.35107209953101465,0.17130695807362697
2909802,0.37753003442112887,-0.5121816372756539,-0.4865716871760417
2909901,0.3307231978034283,-0.5300903728931409,-0.037514967555518045
2910008,-0.002445245213615751,-0.4799356630323573,-0.18039638413843728
2910057,0.749369842534897,-0.13422055540884675,-0.8161769725103385
2910107,-0.14877656954173493,-0.3700947371933206,-0.01646105106316806
2910206,0.5088075755058228,-0.35780117389112337,-0.6382018000676616
2910305,0.16839362042893063,-0.5497298843290771,-0.29318235298763107
2910404,-0.6159888151772549,-0.6229137123300074,0.23417564460713108
2910503,0.5083255911889347,-0.36783702398503376,-0.5827390229118556
2910602,0.592523512777122,-0.49149716947520594,-0.6395428959351858
2910701,-0.1163727925444363,-0.7431308741952444,0.08069058757404783
2910727,0.19722168192895537,-0.20573976227888338,-0.39034427583494374
2910750,0.20901867239294175,-0.5941046283279044,-0.28382610860772606
2910776,-0.010708969995524729,0.2031131482992041,-0.043029950842880055
2910800,0.3522624854707031,-0.4987761333324198,-0.42014223816592067
2910859,0.2563530427653147,-0.5653080210962059,-0.1409479724563056
2910909,0.00840175381403741,-0.4003181868881495,-0.19639584242544256
2911006,0.18101765670724632,-0.31035330332845085,-0.38326309535149994
2911105,-0.2221797123924268,-0.0506169640279842,0.1448719461596121
2911204,0.3140644258590173,-0.36132355266860317,-0.4739669694344433
2911253,0.17917835400890553,-0.5813300057984648,-0.2264210884493678
2911303,-0.39844852910453354,-0.6271922007789396,0.24329871061457087
2911402,0.3826475008927802,-0.5920184613974093,-0.2700690138970032
2911501,0.4319508945263508,-0.18473368672339732,-0.6119800323809074
2911600,0.3808454251276518,-0.49880523808764043,-0.4814900365773782
2911659,-0.30847476234272836,-0.4104755874407938,0.0771103873866647
2911709,-0.10828023946624893,-0.12801276144870322,-0.003371690527070835
2911808,-0.01539020350826062,-0.32313275706086114,-0.18915148454816522
2911857,0.1565538369540231,-0.6016741126053651,-0.23686725317122773
2911907,0.07144765515198474,-0.5630636013816803,-0.150385165085662
2912004,-0.20116773183381834,-0.1773184751301727,0.05934564667242042
2912103,0.25327889597412995,-0.2561625486879006,-0.44954851898986087
2912202,-0.8777606943090936,-0.9210826731804538,0.5170540955904447
2912301,0.12604577106737322,-0.3348927985764607,-0.2890246852791489
2912400,-0.33214180612331595,-0.5554984553350371,0.15308668990807614
2912509,-0.11636574249650233,-0.260053946315543,-0.040264576799515436
2912608,-0.3459860938734913,-0.7033026714592067,0.18878534505502986
2912707,0.3654432959978007,-0.2897328031131865,-0.5583132819429805
2912806,0.14886867497429257,-0.15751828329184922,-0.3101356426959622
2912905,0.27373477173855426,-0.3796889083616417,-0.4517809804683571
2913002,-0.46538374822125944,-0.5417698885182661,0.17601544237389613
2913101,-0.3549774353450579,-0.5715781227704595,0.21367104492736394
2913200,0.034372393247645926,-0.18307571960476043,-0.0833479580083465
2913309,0.28937926600096964,-0.5478443147143354,-0.33041372262193386
2913408,-0.3296863940304574,-0.34836866356327334,0.12649653407793965
2913457,0.5191750803500406,-0.14469775501173068,-0.6702303729115763
2913507,-0.22173510679098693,-0.5417115673486524,0.02869749434195498
2913606,0.5277222850524673,-0.026930902528862297,-0.7057305088636383
2913705,0.29095963585169615,-0.5161961738310251,-0.3591027723683988
2913804,0.33961010869465225,-0.5194426845627363,-0.41568037430522836
2913903,0.32492068644937117,-0.3119536829462597,-0.49550443338188455
2914000,0.2159144359060347,-0.5434137575998088,-0.2775626267172205
2914109,-0.47068508182327157,-0.5707345116097997,0.2527594010879492
2914208,-0.3859257990760015,-0.8124047396399369,0.20636746293862027
2914307,-0.21689152649546478,-0.5933557709313061,0.04798810267417006
2914406,-0.5479085765463119,-0.7291999454316611,0.2920912716461713
2914505,0.340600448764853,-0.5349252354323615,-0.38688181714381553
2914604,-0.25628241188434703,-0.5463339029566256,0.18951554584043787
2914653,0.27441645108990387,-0.16089355764451907,-0.4418688430716338
2914703,0.08528962436677673,-0.5814194342092193,-0.14143801571994943
2914802,0.4920259140055766,-0.04474705885480326,-0.6787351783633351
2914901,0.5866907683228938,-0.0029075531750310892,-0.7694871824257847
2915007,-0.21667019006030433,-0.6146294352460733,0.06434300600450316
2915106,-0.11078676598192135,-0.5525227839502421,-0.05173414472741923
2915205,0.265058106768144,-0.3108204939054562,-0.4276004297976826
2915304,0.11935556539825957,-0.23808309887913173,-0.32106479764791573
2915353,0.15903783679344285,-0.28391861838632665,-0.12346774804151162
2915403,0.20588538219248917,-0.22271726710365483,-0.3856478828735687
2915502,0.33501947592281955,-0.20757683749063224,-0.5148632601218226
2915601,0.16859050954719493,-0.23031749916251365,-0.3646548698404579
2915700,0.2573907191788965,-0.4699726407879241,-0.4605996100658645
2915809,-0.19441027229506758,-0.44039080816979076,-0.033708993425995606
2915908,0.6100219941902226,-0.21986337801289416,-0.6895081428879876
2916005,-0.12508653398068748,-0.32426325213892393,-0.1261428414988025
2916104,0.8352922257399547,0.05334536739108242,-0.9262847897423201
2916203,0.37154907661892667,-0.14238517658705813,-0.5598225833489061
2916302,0.20291188125913412,-0.17458508965129801,-0.40212778969525803
2916401,0.07922715266220338,-0.26902086414288434,-0.27769786855004447
2916500,0.2786222442043967,-0.5689882859505319,-0.34697782879724437
2916609,0.3080781711939515,-0.2711334797217232,-0.501311759133708
2916708,-0.41605806337632906,-0.8148410927274614,0.21713488440323137
2916807,0.04341911092401719,-0.25644324215722186,-0.2721243235048769
2916856,0.2586447577798337,-0.5357022134824386,-0.3423400365448832
2916906,-0.4690394363069358,-0.8119689298359188,0.27154487677292033
2917003,0.20060886069455983,-0.5788965856900856,-0.15959370341769274
2917102,0.02169992752946538,-0.353068514208343,-0.21172264428375728
2917201,-0.44181181637655503,-0.6089093362262257,0.1836326100684415
2917300,0.6095975140110157,-0.07999640366807892,-0.7794976867208481
2917334,0.026119118805223163,0.17861860499340776,-0.06963316534231594
2917359,-0.2450210424070318,-0.09380563132223031,0.024095631620348862
2917409,-0.4955890591320041,-0.5023782359213719,0.1869872657197173
2917508,-0.05130471513845743,-0.6700807839418722,0.029416766638715817
2917607,-0.3262660890564728,-0.7635967541536655,0.14996113477301826
2917706,0.033931180503774486,-0.6007811527229011,0.05526883465038682
2917805,0.6875455829440797,-0.101694853345452,-0.8165834369500199
2917904,0.5828319576302526,-0.2815455688472641,-0.6863018606183959
2918001,-0.1021951003253443,-0.6137319352258657,-0.05347408820458844
2918100,-0.003717800524693349,-0.6837430166265194,-0.036833776356085056
2918209,-0.010078405608159322,-0.6221159679837356,-0.12184930146615545
2918308,0.2244789655949266,-0.37426575697021147,-0.3790086925422495
2918357,-0.32201588922759583,-0.6226005389462181,0.24520190022880323
2918407,0.45099240896155834,-0.3493553944608257,-0.09160786738012734
2918456,-0.17674043444666065,-0.42349013868131646,-0.06661960343554953
2918506,0.011860729074711345,-0.3839203462099624,-0.02291080548420536
2918555,0.21306115861893868,-0.2568058487117283,-0.38757590489517957
2918605,-0.5808037972142499,-0.6776536498077569,0.2581756099369002
2918704,-0.36077257191094736,-0.7473850061005125,0.18507567698316751
2918753,-0.24331696226215113,-0.34107696401509596,0.06463436746232266
2918803,0.4037950630359601,-0.3750747503765154,-0.5328569173190268
2918902,-0.013663414275448737,-0.2406659866257858,-0.19923606587155598
2919009,-0.3201515159671757,-0.7598917027349561,0.1991082889175122
2919058,-0.5318469019610346,-0.8415586746636413,0.3046093762434622
2919108,0.33783069698011087,-0.5147008052630926,-0.3639519773112042
2919157,-0.39586886435396146,-0.616014164465782,0.22817939273221416
2919207,0.8524552692549218,0.11223162190225261,-0.9496901302021523
2919306,-0.41891047211524984,-0.7068707087328738,0.2297135755083396
2919405,-0.45247165869592904,-0.474230279514749,0.17477868756518444
2919504,-0.16448574007175454,-0.2932190712666502,0.009846219611556831
2919553,-0.10975075026445225,-0.12368310442808288,0.013960380807769639
2919603,0.1121610980371612,-0.6784804086601085,-0.1501487718682911
2919702,-0.12122339967628393,-0.33177921944099825,-0.11501298614089274
2919801,-0.2171430750102015,-0.29499871341406747,0.029105608864619145
2919900,0.14203806085296958,-0.6340710320431775,-0.062466188782005806
2919926,0.7921332866841408,-0.018473383200474952,-0.8976238082260597
2919959,-0.4463841318249287,-0.556473922848753,0.15036947740271706
2920007,-0.109979806929804,-0.3410262670322163,-0.15355342642063413
2920106,0.02809950753355052,-0.7106102796567955,-0.0844431565824769
2920205,0.10657059071868524,0.22583471433087407,-0.13656202876299278
2920304,-0.1902641351519434,-0.3635544124622599,0.002916632981900997
2920403,-0.10090391139404614,-0.502747537722827,-0.06197328581830136
2920452,-0.09627240068633677,-0.019366663680465003,0.1496180394941384
2920502,-0.26957843166196366,-0.6800356962648809,0.10868479168762395
2920601,0.5965601836368964,-0.24900810459899134,-0.6986135589347299
2920700,0.5962247491388407,-0.01946195834451821,-0.751025878632454
2920809,-0.01870253424271464,-0.5519155688248046,-0.0851281464399448
2920908,0.2638229711963784,-0.1742836081413044,-0.44336018444818054
2921005,0.7145008005964637,-0.12174221023178877,-0.7932100749841865
2921054,-0.03872782988236066,-0.046906888682579584,-0.04079807148161566
2921104,0.0007199518783078106,-0.24911131273402246,-0.2274431052560373
2921203,-0.25056894448326056,-0.7674539835904503,0.1490386068788833
2921302,-0.0025299765998468087,-0.6513399291713509,-0.10537391097327725
2921401,-0.18969191793724088,-0.6834795950631766,0.16912911880990786
2921450,-0.15929811650353895,-0.5023376798333097,-0.018102073908669296
2921500,0.05213101758929284,-0.6785527246706697,0.023170511198087756
2921609,0.09258361055773774,-0.22012195668968976,-0.07730245402617539
2921708,-0.5423170437327927,-0.7910588626904324,0.36048277758244673
2921807,-0.5943835518809175,-0.5613075653207201,0.23053228864922867
2921906,-0.9918711639453033,-0.9479222126200025,0.4732607225922686
2922003,0.21834485664069014,-0.1101725696594955,-0.3698072787257938
2922052,-0.6862518198521473,-0.8217352542671652,0.4008496870592091
2922102,-0.14755643668879867,-0.8648502479779541,0.07178590846655221
2922201,0.5427461732328895,-0.27155290347599226,-0.6670530121845892
2922250,0.006305097499145049,-0.08381515008248312,-0.04671683761844027
2922300,0.3713922309567127,-0.46809724068947556,-0.478697298704765
2922409,0.18205161755532936,-0.5102403118467295,-0.32364732060581003
2922508,0.6488751370630305,-0.1930439162691135,-0.7638232788449661
2922607,0.6190622901060395,-0.06845267792664284,-0.7700816084722696
2922656,0.22071417941139848,-0.6505530451261953,-0.18201814382049233
2922706,-0.3696850155618381,-0.6245510505934644,0.1265421756145588
2922730,0.26485784426638426,-0.6142809194068438,-0.28073950385263174
2922755,0.2612761645426041,-0.3751713303442895,-0.40456028299800123
2922805,-0.3465767456688049,-0.7722921078298909,0.19487771801903392
2922854,-0.1546371958111449,-0.5694721249332224,0.034314528873017294
2922904,0.24110536940397742,-0.6210051911305005,-0.29207508416168276
2923001,0.2613097993052849,-0.10009054552687831,-0.43342917931268915
2923035,-0.7026513908572476,-0.7643380861104168,0.3029179454969392
2923050,-0.10960509781686809,-0.7382568902507607,0.03426872882444244
2923100,0.3672323599501147,-0.5568810577026739,-0.4069894698961566
2923209,-0.07154209291521654,-0.25124156181750207,-0.06548675591735897
2923308,0.2717693260578742,-0.528096235756155,-0.3408919257773052
2923357,-0.20287158867939703,-0.5919430296043798,0.15369008978340246
2923407,0.022957382933166195,0.08802307213197544,-0.07841911688029611
2923506,-0.7374584971589586,-0.8432705909506978,0.40479105683697075
2923605,-0.3526119252837796,-0.46806519778996597,0.10955917746282359
2923704,0.031025642426972033,-0.09654323776958898,-0.14092677893819475
2923803,0.22313355672110152,-0.5565670845455319,-0.32211317242938536
2923902,0.09664657339026358,-0.3966775037973028,-0.36295617551410597
2924009,0.3585535112849273,-0.5148197663192667,-0.32672548042303684
2924058,0.3102486815548883,-0.5963963164984811,-0.3234243830432634
2924108,0.30850355890879155,-0.5434842154659701,-0.37873687118352756
2924207,0.34484070725299265,-0.4615456310703441,-0.41336641145997916
2924306,-1.0160073622079862,-0.9785871276878668,0.483264917781403
2924405,0.20292849035458177,-0.14699557801529664,-0.0895137541764367
2924504,-0.2880162180229782,-0.2995223492766583,0.09940196084026359
2924603,0.01812994389859378,-0.6496400068825724,-0.016479090758567662
2924652,0.16587637420917667,-0.6269697205132945,-0.20898981391909338
2924678,0.3828901503201561,-0.2810545104700401,-0.5334944776529578
2924702,-0.5932567360030618,-0.6055138549107542,0.22498091199493456
2924801,-0.21075832094872338,-0.8018511000806638,0.11761033162733182
2924900,-0.4703971275409657,-0.7952487503359107,0.28150127044610973
2925006,-0.7124955836287207,-0.7554291396514552,0.37174295553033554
2925105,-0.6475034290705313,-0.7225367892115572,0.3252661592890286
2925204,0.5684055442354969,-0.2836312217415882,-0.636345138325234
2925253,0.24729243226550776,-0.5307604994421992,-0.2123111527203253
2925303,0.38418744973847824,-0.07616507491089039,-0.5580809688171186
2925402,0.1795709277511415,-0.18260022907610826,-0.37602984206847273
2925501,0.36964942796913597,-0.07112448038095555,-0.5576906853581225
2925600,-0.18102585994918807,-0.4826369500221678,0.10876123790981365
2925709,-0.41614723261732445,-0.4792714188848564,0.11486526060986581
2925758,0.3462401665845669,-0.36567935986875755,-0.4841577884089845
2925808,0.18225447048601667,-0.5864963580622166,-0.1950050499035963
2925907,0.16656395823128495,-0.660693028136323,-0.15347288226891104
2925931,0.15581076554261392,-0.5957670295571299,-0.17312483456497288
2925956,0.3603407875226473,-0.47352117963234946,-0.43088945460705874
2926004,0.5873786870177403,0.25216623113552195,-0.2627220208192144
2926103,0.17216837728717954,-0.6731337436654091,-0.20481496039717992
2926202,-0.2274428178091602,-0.06813071055267444,0.13305450737136867
2926301,0.33456169520054,-0.5685346053854952,-0.354795667808913
2926400,-0.077474869478427,-0.11399868865031053,-0.03260100949599228
2926509,0.28020365044521806,-0.5228649073955871,-0.3371767462193304
2926608,0.17501702533127333,-0.6418020895251976,-0.21751102448439974
2926657,-0.43085885520721673,-0.5427412653541495,0.1346613663977061
2926707,-0.6847440977754236,-0.7337920376372089,0.3027366266624237
2926806,-0.26621016309811835,-0.37890607822506556,0.06527127491107132
2926905,-0.46485375015777136,-0.5690634457470948,0.1716848399825888
2927002,0.4480814646370854,-0.5199022194390079,-0.5097513302301414
2927101,0.17655517513603566,-0.6157083426431175,-0.12103536923876804
2927200,-0.18579082029704005,-0.7015926479841283,0.09122337991109264
2927309,0.7720273501231646,-0.028218636487449784,-0.8709938718606677
2927408,0.8414544260192706,0.10510120379189306,-0.9414524345312467
2927507,0.33675579303436526,-0.47890951216963834,-0.3843579627833252
2927606,0.33894058411319133,-0.5033463019111801,-0.3480815566472529
2927705,0.3707885852732474,-0.09906329040956371,-0.5435837405605033
2927804,0.1054621319146268,-0.33022608615790566,-0.28615640460587843
2927903,-0.2482868705231393,-0.7597607972459711,0.09570644906605388
2928000,0.17513977174953518,-0.6391040598236771,-0.19617632198839477
2928059,0.36961354681105696,-0.11494827767439239,-0.5331573707011794
2928109,-0.11269614782139771,0.02651614543381977,0.001044243570543601
2928208,0.024399588548128563,0.10597612507939275,-0.05112727562792037
2928307,0.35630069164629785,-0.4748529039401947,-0.4015065196651568
2928406,-0.1924343395960289,-0.03365620237532813,0.16372511441554632
2928505,0.2811239521866505,-0.5081279463538664,-0.38497847583335126
2928604,0.5146753196385848,-0.3666620695954594,-0.5994178497667646
2928703,0.4959050676015765,-0.3116109588641861,-0.6183963293433399
2928802,0.38669907598864617,-0.5128512020921576,-0.47558977524567825
2928901,-0.13900550487576216,-0.0859822918974848,0.021267860294878274
2928950,0.25530332804746086,-0.588884113641341,-0.2739051874393785
2929008,0.4368314455313368,-0.4162862158496839,-0.5428562274067182
2929057,-0.05765155498584157,0.024883974917770127,-0.0279212092359391
2929107,0.500607647868389,-0.3449197090173872,-0.6152429898070086
2929206,0.6866136692876729,-0.13742791031463247,-0.7756586398986117
2929255,-0.2204680850117158,-0.5466876424473948,0.14502945608498738
2929305,0.33481582127540843,-0.5155858944165199,-0.4306844549904427
2929354,0.22301717222361114,-0.2653056988836658,-0.3936363450098265
2929370,0.16867703259835393,-0.6188762214196027,-0.1955679133989397
2929404,0.3154864187276415,-0.46751167330378385,-0.45194959053034267
2929503,0.6221084855490984,-0.23423992658722181,-0.69920322884034
2929602,0.40985012823650824,-0.5104395943291262,-0.5253867717867029
2929701,0.21172437504062264,-0.5761524711972533,-0.2754951086611831
2929750,0.6505180114090128,-0.18407015270703894,-0.7532052959580746
2929800,0.12447525548514421,-0.629900494511569,-0.07647928744200974
2929909,-0.7840388691077763,-0.8387735162156826,0.40388001119595807
2930006,-0.08818058580546195,-0.033938783255442355,-0.019002136417019647
2930105,0.15274084432943535,-0.5632207452775632,-0.0655310802550989
2930154,0.14693876751235593,0.2121081852010123,-0.16272916727057826
2930204,0.11554303566412011,-0.3503555006589687,-0.07656786390864916
2930303,-0.008685094652493841,-0.010999488740562757,-0.05486901475385497
2930402,0.29790654091981744,-0.5673851164823422,-0.3563388980257509
2930501,0.2700677949198032,-0.5997541351658146,-0.29625865036378185
2930600,0.1713556156387589,-0.6712813639481653,-0.13906799262723704
2930709,0.8150676243217956,0.04609749872905108,-0.9084947563170045
2930758,0.18382822354708359,0.21848556191725074,-0.16749776435147024
2930766,0.27422611475913944,-0.52622310401232,-0.33690983479202824
2930774,0.3138651915737104,-0.279709871155158,-0.1561821113361867
2930808,-0.62981762630016,-0.7494557741386906,0.32603087822580606
2930907,-0.3744446507511621,-0.3280736280645664,0.14716577440870188
2931004,-0.04972456654546826,-0.3678507694223736,-0.12313430830891307
2931053,-0.417252426448927,-0.4234055198812154,0.15444071081762853
2931103,0.37028128163721885,-0.533042048300338,-0.4015226267374819
2931202,0.5374199330712374,-0.18689324065299898,-0.6998842945888428
2931301,-0.4553656014779928,-0.8347362984734872,0.30367744992201073
2931350,0.2129622566798468,-0.1588110915412117,-0.3918424108561189
2931400,0.342821260167996,-0.4618722814335553,-0.4311193684184519
2931509,0.2023255217608359,-0.6147966742173976,-0.24463917507759442
2931608,0.28479052506162406,-0.425310639432048,-0.44829717482386533
2931707,0.43589011371403874,-0.3965885409246961,-0.5246704892890015
2931806,-0.4979110410640337,-0.5440050548092449,0.16546333030379348
2931905,0.22340752118625037,-0.6045385068440543,-0.253198074322195
2932002,0.026379757799999175,-0.6692211530023388,0.05559101139476042
2932101,-0.19066529269369578,-0.7490483426540749,0.036224731028375035
2932200,0.5411172507039611,-0.05946021429921205,-0.7094396885333034
2932309,0.3256119167898237,-0.309033100944594,-0.4982832746736471
2932408,-0.29818484013663576,-0.5491190477803795,0.15984740479001142
2932457,-0.33959386051577756,-0.6730205502569164,0.28148220783335154
2932507,0.43660452871181427,-0.09308051691571048,-0.6062406938716246
2932606,-0.29588389500842716,-0.35541098726230513,0.08056401637335074
2932705,0.49517737776267445,-0.08097254187903859,-0.6686928567829539
2932804,-0.452512641528986,-0.7757884374403091,0.279524768403281
2932903,0.5635267118693358,-0.19894313463500635,-0.7041343936507765
2933000,0.12197697243292283,-0.6682617390782114,-0.16128071796125906
2933059,0.08209220835567857,-0.6316301872146198,-0.13376357583740722
2933109,0.05098706904953196,-0.6603305773190316,-0.09552127921920316
2933158,-0.2976882226224137,-0.6906412002628196,0.22061148190530594
2933174,0.30128951050199765,-0.4968854048161324,-0.44188487028546625
2933208,0.8666476011848139,0.11787485183331818,-0.9883898110845465
2933257,0.05071211216255743,-0.28035744828572273,-0.2718604962763323
2933307,-0.6330598445625867,-0.6438596264184367,0.27413338622983985
2933406,-0.2953135232333095,-0.6825792227212404,0.1567680284522761
2933455,-0.051545140695406375,-0.03343065171380669,0.07215800918934606
2933505,0.23346197465576868,-0.4576113152769054,-0.3976429289797274
2933604,0.3994911484868136,-0.2118825294727838,-0.11386481699476568
3100104,-0.2946260424908594,0.04628533310642988,0.0995029346587878
3100203,-0.3456348127716017,0.18725352946426752,0.03331136831839724
3100302,-0.573519465468098,-0.12524932367480618,0.2419405491406454
3100401,-0.5060625281994774,-0.042529326352465924,0.13183235914435096
3100500,-0.410218570377315,-0.19376938964338894,0.10139182895746535
3100609,-0.4000522442999367,-0.24108865590382808,0.08090461998995246
3100708,-0.1297273746381967,0.2908660047365632,0.1401899781756607
3100807,-0.4217906079837908,0.21201105994663727,0.23317681745157245
3100906,-0.27439950573801575,-0.3326806369155469,-0.0693091096212085
3101003,-0.6622384455651119,-0.6164455632958652,0.23710140815151431
3101102,-0.3485644478231398,-0.26698140577983864,0.06859379292554123
3101201,-0.6696782278211064,0.00816128141606916,0.5045943499304651
3101300,-1.143977744211956,-0.7703872789214449,0.9180475570759558
3101409,-0.5001137086740637,0.22772918440438208,0.3451384437064234
3101508,-0.45856831236375,-0.16878786641565466,0.18037993450173895
3101607,-0.3824026507163474,0.34375534228427634,0.17462489993023816
3101631,-0.7152956326736588,-0.2870610072374705,0.4386080241536262
3101706,-0.2800988576805132,-0.3949395878646012,-0.03066587124523933
3101805,-0.09868741185718663,-0.052530052056761006,-0.11565056768176041
3101904,-0.3805407455072342,0.44302651409425164,0.14155703259415636
3102001,-0.3987213965346309,0.37777416160758054,0.1564335317351148
3102050,-1.5314779975097315,-1.3423579597946602,0.6002531517090733
3102100,-0.5569045268647967,-0.15153780955336107,0.27693273968737475
3102209,-0.5433543592303897,-0.3193376100718845,0.19680953290861647
3102308,-0.5809448279675217,-0.08336399319747341,0.1367350934255575
3102407,-0.5215474849932921,-0.04266829568880808,0.1092180531148557
3102506,-0.552808720873448,-0.07763108291098386,0.20070200046415193
3102605,-0.49210379251680575,0.23712845058139131,0.3211490151213417
3102704,-0.6366998257393853,-0.599708753171453,0.24167452348918436
3102803,-0.5588287549580631,0.05737157053243164,0.37039063593952887
3102852,-0.691853932505479,-0.5904646924960636,0.3364629766782486
3102902,-0.6776187246965075,-0.24369053178693992,0.43806849927531255
3103009,-0.5835293579613353,-0.13098941568169323,0.13992925645467091
3103108,-0.5098498071264971,-0.12606939295366973,0.13152075622651033
3103207,-0.47225891457392377,0.10368576196566132,0.09756215139997183
3103306,-0.4988716740004271,-0.1567225225318929,0.2919263740953773
3103405,-0.4343611055218204,-0.31848228295370157,0.03431215771482345
3103504,-0.28047929250129766,0.12037774788628271,0.07700953060080795
3103603,-0.6743096768006412,-0.09026035130525116,0.46956015349224406
3103702,-0.9643248344706147,-0.5410868925961426,0.6165019946706746
3103751,-0.19964153184111408,0.23078592941556017,-0.01346316306047729
3103801,-0.5049303508078802,-0.11687701326380212,0.1704570714105991
3103900,-0.4594926464650088,0.14937687565877905,0.1423175460519453
3104007,-0.5295596897038864,-0.17434943108464873,0.24127720249360637
3104106,-0.31907742247094656,0.5412022058657368,0.08078281567894348
3104205,-0.38873022704193094,0.28599259816709177,0.16644382783415596
3104304,-0.38220468437754396,0.401159272117009,0.1395299911923845
3104403,-0.47815389672004693,-0.1881886862313519,0.25961636393920984
3104452,-0.573246085827323,-0.40989011733972347,0.21568014101925526
3104502,-0.25981338073438504,0.1268746137544086,0.0156150124560461
3104601,-0.4105340636114195,-0.11258627593035907,0.2171964973795774
3104700,-0.21997583436021426,-0.29937668656969263,-1.346910562078583e-05
3104809,-0.4390407107004998,-0.017071845757191725,0.06849837681224176
3104908,-0.5954599822282008,0.23056628988134828,0.4418688007496728
3105004,-0.5168486344441056,-0.026215407209004258,0.12020262687878598
3105103,-0.338562320197523,0.4532636370872917,0.14834891355787394
3105202,-0.2229344661066303,-0.37326759097145074,-0.05466909132067489
3105301,-0.44165658301376665,0.37360454688144684,0.1831011055151812
3105400,-0.6052107789067368,-0.08311609668705396,0.12489613753477163
3105509,-0.46864615038236207,-0.08036150752014867,0.05516446804808065
3105608,-0.6866180210830269,-0.26134489423296536,0.42365236769052167
3105707,-0.4896144133928407,-0.011012954585934296,0.09051652482343721
3105905,-0.5764762915981962,-0.1049816173003695,0.32466331020232797
3106002,-0.5667002006675907,-0.08041374882831866,0.12080173365752347
3106101,-0.4654534305885211,-0.1696546185327098,0.28405223871617263
3106200,-0.5860295493639426,-0.20093512327647525,0.16671109346974725
3106309,-0.20168113166946794,-0.06932304717056703,-0.032913606143423646
3106408,-0.6022159658465673,-0.11174337051685929,0.21089627499229313
3106507,-0.4410041502917381,-0.31452296794880613,0.07729833191336599
3106606,-0.1856564853872479,-0.33679531191765644,-0.114326585041951
3106655,-0.6655935209803687,-0.6095275398809551,0.2502821164775546
3106705,-0.5373324354729314,-0.061513491047336145,0.13846209966892975
3106804,-0.5792379053655048,-0.1640783660010324,0.3687234920284433
3106903,-0.5175374098548533,-0.2113154476010558,0.30754021119371816
3107000,-0.36326567416944283,0.07689176210382291,0.04947374091104455
3107109,-0.3775522571051747,0.391764174115986,0.2084831783417329
3107208,-1.0021394511195743,-0.4955419263187276,0.7935842387542761
3107307,-0.4734696490048904,-0.24884479815612703,0.15024621902791432
3107406,-0.39447136142044315,0.28117282174136954,0.08122546677760115
3107505,-0.751080625497578,-0.19769507625635238,0.5283298579645244
3107604,-0.45064218410044526,0.3222314349188426,0.2080849137004148
3107703,-0.5488180332592876,-0.08002144447701555,0.12283027745558893
3107802,-0.43408981943520286,-0.1384024610027035,0.12621562863913155
3107901,-0.8199544935099877,-0.09960799244128996,0.7968645553963282
3108008,-0.49649512778042154,0.07858128474747395,0.2659150372902896
3108107,-0.5780353553356701,-0.07577228340029953,0.19589357439413915
3108206,-0.4086243960513681,0.0230066799822639,0.08062416616563774
3108255,-0.2976788964097923,-0.013316493875533337,0.0410697550090111
3108305,-0.42353009560727606,0.42252000136272255,0.32222914567267363
3108404,-0.4404014472601935,0.325249770512887,0.16413729342646938
3108503,-0.5711450426603077,-0.4726161129831325,0.22712533659488401
3108552,-0.3158243582234262,0.11265394048871999,0.011234587688704275
3108602,-0.4462154066318514,-0.006350919908869593,0.055635461803118166
3108701,-0.5467782510252124,-0.0855157106529476,0.22023418037864914
3108800,-0.49937639589432997,-0.14652081268907458,0.11188197748407674
3108909,-0.537247606412661,0.43327799372098696,0.46616043399930446
3109006,-0.583634075504449,-0.08573413451171562,0.17174463421420688
3109105,-0.6764088488806236,0.04530131278819186,0.5945177803491848
3109204,-0.5196341840534473,-0.17833758762350457,0.13181746007118147
3109253,-0.24543338225421088,-0.11048626590273876,0.011138504482075557
3109303,-0.266254102589014,0.07123026227371994,0.06938843055857229
3109402,-0.36886112083571077,0.15269552026102068,0.007414577193703138
3109451,-0.3321729574840257,0.050052414415619126,0.10418993053184415
3109501,-0.4434949108149109,0.31617306550823837,0.1580587741970413
3109600,-0.5002730012545629,0.03010877905315383,0.11901341374152857
3109709,-0.4154080501174622,0.43649793639432455,0.34292445174922326
3109808,-0.1689716114082956,0.21000579725666038,-0.053464946375604075
3109907,-0.50091239341081,0.039318901425517604,0.12169766133914103
3110004,-0.6895526949106221,-0.23430082155077048,0.2194135166140459
3110103,-0.7924422763235354,-0.4096382047212902,0.42576716589522023
3110202,-0.5918138505188736,-0.11912574295119081,0.29961197999113953
3110301,-0.5224801031293865,0.13854739349146408,0.3515221549402099
3110400,-0.5278381354127646,0.03441666720482155,0.3057677886075807
3110509,-0.9126187820972282,-0.26924119307069255,0.9804098798786861
3110608,-0.5056625242191243,0.2833514422492806,0.524206818776765
3110707,-0.40502034452752833,0.5380855206755429,0.25691615523693345
3110806,-0.2412834502989569,-0.12312470316273783,-0.10560024980017356
3110905,-0.4050438097509076,0.5784679141476415,0.28213236463777747
3111002,-0.49091662146977627,0.17770397627830492,0.2829549836388454
3111101,-0.2140635530040729,0.25724162898948716,0.06271849966411337
3111150,-0.34308736072322754,0.15148319448331726,0.055457768272897806
3111200,-0.4466008383912664,0.1623385450026467,0.2430743608196568
3111309,-0.3863568121581279,0.3519554519575588,0.17503401337541052
3111408,-0.1763470023380205,0.4227075676234245,0.13758479941795013
3111507,-0.5472277367408731,-0.09120263754898596,0.2761105445091816
3111606,-0.3957632492435518,0.35531208170331685,0.20187797245492747
3111705,-0.5954827747235909,-0.11287184052891623,0.28361739540749953
3111804,-0.27903096573990394,0.2022923275945421,0.011915829570872715
3111903,-0.4078401629976403,0.23342953658751558,0.22644885206246232
3112000,-0.4402039120157934,0.2551127051023193,0.24260029123034826
3112059,-0.565816945946583,-0.1697723638999905,0.14322269116995562
3112109,-1.0011156702304902,-0.6900318998830226,0.6262546863379768
3112208,-0.5392924422452893,-0.1049894136994318,0.23445251482281645
3112307,-0.6058126128489576,-0.5084630713627611,0.27038392754052104
3112406,-0.3305637886892546,0.3185243911485098,0.17610828925174163
3112505,-0.5603602307731733,-0.06325430968902229,0.1661932048525689
3112604,-0.21366663360369795,0.15885443609128583,-0.017608376934523683
3112653,-0.1444764265148928,-0.0943558192160956,-0.08213035306837173
3112703,-0.24719881621035455,-0.05926197913007697,0.03994487308296827
3112802,-0.4137126071672286,0.27616198048962465,0.20602663545766742
3112901,-0.6334434708949024,-0.2196001655489111,0.3084954067795105
3113008,-0.6207605677870103,-0.5029031407824209,0.14340504530978435
3113107,-0.5659787110751783,-0.12170169654206923,0.2507961716003701
3113206,-0.5677362104016865,0.05277742419934239,0.24939404183719188
3113305,-0.7077474708100459,-0.29446900599440606,0.35832547938495224
3113404,-0.5470696894094519,-0.19175592446162407,0.18001686905414047
3113503,-0.5045705045918698,-0.37989637181499547,0.18745883384743708
3113602,-0.343052026014752,0.6002612006442404,0.30508850693363465
3113701,-0.10724633942267087,-0.24741603103416082,-0.11565375427090585
3113800,-0.5375539578289472,-0.0539998693356841,0.11977575691289458
3113909,-0.4288212945064983,0.3168020328092714,0.2757290204036238
3114006,-0.5032263647497167,0.04196060990849544,0.2384210177938017
3114105,-0.46376114102505506,0.5920723541489437,0.31641165781789377
3114204,-0.4997566529507994,0.0734448072577411,0.15187959660209077
3114303,-0.49329821699031595,-0.16810682117282494,0.15596324501154799
3114402,-0.3918263100873022,0.32316141929512715,0.17288440490927215
3114501,-0.5263671589666629,0.005523975178881438,0.2304301368619238
3114550,-0.11975252265566055,0.4101053799764034,0.11593709986496688
3114600,-0.44198567136931355,0.33341936466034444,0.2763794038646864
3114709,-0.40747306629831187,0.34421255759153174,0.24698917529256154
3114808,-0.6891540013256775,-0.008292546376759163,0.5279527624373681
3114907,-0.6086068998267131,-0.11344767217925514,0.2851832880932719
3115003,-0.2574795316586455,0.0436106932455063,0.08833296121876848
3115102,-0.3094029092294159,0.2947499621369144,0.1434630504147812
3115201,-0.47113692788058786,0.22001477902998218,0.211467739454676
3115300,-0.38646642008591225,-0.12649076338534684,0.17466403661363528
3115359,-0.679514194008966,-0.22114689753099798,0.23241245809761266
3115409,-0.6011460060630548,-0.14142772799277037,0.2220134600849674
3115458,-0.5140438667872073,-0.4974934107446415,0.19671123934058204
3115474,-0.04976801984262516,-0.0375739724151403,-0.10220715549548895
3115508,-0.40474254466244014,0.7421588637191808,0.24387779884199762
3115607,-0.4483645758052449,-0.011571004373206496,0.12193491708670492
3115706,-0.256154675487649,-0.23818762809305222,0.0014010127951053428
3115805,-0.28987660148351985,0.16307363999710572,0.010568845361667138
3115904,-0.5930766146825596,-0.23622432763643358,0.3804186455434433
3116001,-0.5963712877795372,-0.2826278333792429,0.24303399475975623
3116100,-0.47877622832246763,-0.3791557232361291,0.1349879769744298
3116159,-0.3040333008792051,0.13710771489920498,0.011812519814760374
3116209,-0.4086858084028268,-0.13510386430749563,0.18786594869912734
3116308,-0.5379023331980246,-0.10555341370870591,0.2392720631262679
3116407,-0.2512398683976045,0.2917594809089081,0.17967524620060693
3116506,-0.4168671123188203,-0.0033408697802617096,0.07627468380607122
3116605,-0.5205305706654657,-0.006136180479160611,0.20536840669149864
3116704,-0.6120492056238306,-0.1619135643789612,0.32473523041235364
3116803,-0.5488963690912013,-0.23491306533388567,0.13407477097988757
3116902,-0.1838183576967774,0.4199889919425661,0.09068369837393095
3117009,-0.5322974694830498,-0.46434720135649765,0.1261618349674765
3117108,-0.43063922881155403,0.3757299503681647,0.18769727960930216
3117207,-0.667008678715949,0.15421835746978954,0.568752904745437
3117306,-0.11415703373965097,0.41480467722222153,0.12703667420329096
3117405,-0.5307900298733588,-0.269507520445786,0.1891708555291539
3117504,-0.5799579901566092,-0.06963941276779416,0.14050409152827978
3117603,-0.42851882449612144,0.21964701599585704,0.09195689913223914
3117702,-0.3967116849874318,0.6329948876625793,0.23957511095478023
3117801,-0.44064846070189756,0.41279431868951333,0.3824098713867199
3117836,-0.2997184239176427,-0.05312068885279417,0.06124384058563446
3117876,-0.5246909965391005,-0.0887772725023782,0.13420423145674126
3117900,-0.4889236252500685,0.25321845207257465,0.3565826116388761
3118007,-0.6217409737725534,-0.06182929380134161,0.186206182879896
3118106,-0.7709909436768738,-0.39861666329735274,0.31585589803680864
3118205,-0.2285529316861945,0.16383190248399018,0.16999776019035553
3118304,-0.6402118049575269,-0.1765334691651518,0.27212466916426203
3118403,-0.36792631948406346,-0.2752596967204547,0.0823773534977923
3118502,-0.5067835448622702,0.398730089696635,0.4480352764151616
3118601,-0.5514458613557371,-0.07670524716744498,0.13440443221198553
3118700,-0.40519917690590845,0.329631692949754,0.23223823654658454
3118809,-0.45224400877125764,0.024568406321405657,0.06402096063457557
3118908,-0.45469426653096573,0.11536886349755836,0.07981352036582468
3119005,-0.39686918882935357,0.46758561438688145,0.2544221281366949
3119104,-0.4072782837611275,0.10637978209521949,0.0374408375419274
3119203,-0.5345066500709232,-0.27101992426626625,0.10423105275939444
3119302,-0.4052560133976958,-0.16121114811260254,0.14487548561158145
3119401,-0.5291976263328518,-0.20665197396002635,0.15072601238538075
3119500,-0.4795535039516514,-0.38877730227609175,0.09809625970704686
3119609,-0.48604042460341956,-0.17237115426653796,0.30030471001006553
3119708,-0.5759899194515845,-0.08060540420372536,0.3011896822355154
3119807,-0.43087606219827673,0.16970371245235552,0.18043484112934094
3119906,-0.6832491364655957,0.13315127680125263,0.6653304776201099
3119955,-0.40445513599673105,0.33074811521887965,0.19623417827023454
3120003,-0.36342265922137146,-0.08919419628393761,0.08175969614818736
3120102,-0.6211472599456525,-0.40985054918054176,0.2438980932096374
3120151,-0.20161098830805732,-0.27899917388833545,-0.10605746932914643
3120201,-0.40495191881989545,0.24746853584597384,0.21348463965895617
3120300,-0.5458690013513762,-0.4484476335178908,0.18658903461443035
3120409,-0.6389612575209631,-0.16654925266272202,0.309958716561863
3120508,-0.6666711655353452,0.1940895852409502,0.5759190371696666
3120607,-0.6107151559521713,-0.11203815229503046,0.23920571762766943
3120706,-0.46143830749272907,-0.19689535806940361,0.17178868024914734
3120805,-0.5091787475290044,0.15563271106443238,0.3114569286965281
3120839,-0.24134944347176118,-0.2598672677884011,0.019135932235781944
3120870,-0.715451997808294,-0.6306299991370755,0.2750489760581767
3120904,-0.4115960874510222,0.253299473992764,0.018341052413075265
3121001,-0.7820361914345542,-0.4865861491590725,0.33106256211825724
3121100,-0.988700780248645,-0.36831929848377404,1.0843959967939543
3121209,-0.3770750258310644,0.1521509203771504,0.17974705452811995
3121258,-0.1260077259326867,0.3251812380045501,0.13781309744726788
3121308,-0.4847292111520011,-0.123791845658355,0.2041091741806443
3121407,-0.6339961859647707,-0.11502073377606105,0.2927025109517289
3121506,-0.6014737890844304,-0.20646287712876904,0.3419535937031287
3121605,-0.6040379321929897,-0.362290687614279,0.21714583943698906
3121704,-0.5475599161191177,-0.019311759670582282,0.12253769776600823
3121803,-0.4119563528930384,-0.03768302531398784,0.011922652172688128
3121902,-0.5399354568130134,-0.07228990366878185,0.25429998740448706
3122009,-0.8140885906084159,-0.3873707403925992,0.44364478662784135
3122108,-0.23850447599123636,-0.23928296018766368,0.01245220581049643
3122207,-0.6362329229488458,-0.2557670514578197,0.21715182427444465
3122306,-0.46237602144646406,0.14912913458121652,0.13623531030381503
3122355,-0.6911764060292614,-0.6560489897786651,0.27497256093127914
3122405,-0.37987526964159396,0.4695759479083089,0.1360001339302266
3122454,-0.5864872035356075,-0.6249387657552682,0.21115548316153276
3122470,-0.23178530802099054,0.2993709589026061,0.006289634034792116
3122504,-0.3725927528903347,-0.18335758423256077,0.09795017000930187
3122603,-0.4967804079977154,0.00490800684424885,0.0898762643487132
3122702,-0.5448766155279444,-0.05927387000888287,0.13663522006987427
3122801,-0.5854050589838937,0.4018033846316097,0.4321231363564183
3122900,-0.4005489405240494,-0.14327581932455508,0.20179640857943376
3123007,-0.5695332207957728,-0.060591064836732496,0.31027449124117773
3123106,-0.5183100190968883,-0.07713231743262915,0.10544428846316446
3123205,-0.3871680051080098,0.1924061715827905,0.07700581794539227
3123304,-0.5869788354600692,-0.16597782959291899,0.29733398807016626
3123403,-0.3375092889480624,0.43156205986962515,0.14919517028955734
3123502,-0.25152973291392083,0.0780531834258389,0.06169834841053041
3123528,-0.6560235313202478,-0.3039085520303804,0.3149180110001869
3123601,-0.3959105345709234,0.4254367070829888,0.23303636872149733
3123700,-0.19243804810355195,-0.09967139232850596,-0.046831292495405595
3123809,-0.3516723788237451,0.07846037869321267,0.04314712284681975
3123858,-0.47734834065693815,-0.14985800138005745,0.16363995458292915
3123908,-0.5921341915901954,-0.10416980477438217,0.2601482950015364
3124005,-0.7334596056271387,-0.27054637510104185,0.4331802350695365
3124104,-0.5403599054013596,-0.05402669168281691,0.1466292748076152
3124203,-0.9832533103072592,-0.6371074027607185,0.576013842087512
3124302,-0.18279842857580084,-0.16953171304678014,0.02325049543639647
3124401,-0.5677946632842726,0.1412256881463099,0.44571681867585206
3124500,-0.4986953230708348,0.3155940722762116,0.40984378034058694
3124609,-0.43596273091105586,-0.09365860946148705,0.060838974699400895
3124708,-0.40268401983706303,0.18728446936071516,0.11652694802960772
3124807,-0.3828348511385491,-0.04533773337950272,0.14785524761461563
3124906,-0.5612145306343855,-0.13778356351114718,0.1755891013934218
3125002,-0.559671443746134,-0.19944372108162503,0.35333669614039104
3125101,-0.6256588080833382,0.04908045837996365,0.5765987969232513
3125200,-0.3804553131809255,0.3514615378783375,0.19457242211974318
3125309,-0.6339746203281807,-0.23056546511020254,0.27003046926951163
3125408,-0.6094044668700656,-0.3889783329045501,0.23514414844123194
3125507,-0.6118474857853613,-0.39378003908731835,0.23738083968232931
3125606,-0.4936786172533964,-0.5044237304662768,0.10874117111857072
3125705,-0.38996936154062034,0.06619521730921397,0.04810667089513324
3125804,-0.1526434491879094,-0.029856353753552358,-0.08665864017026162
3125903,-0.5246945411831293,-0.10922768993768703,0.1199519687662435
3125952,-0.8707502384226863,-0.4233908131482125,0.5225421582680776
3126000,-0.5273275151216843,0.0014589037611118611,0.1396913901467497
3126109,-0.432389020311016,0.19039280262583058,0.22382223058373144
3126208,-0.28020883201116026,0.044274031368586445,0.05334197841631869
3126307,-0.40860406814433065,0.3061797046870418,0.17602807301898923
3126406,-0.506600155424686,0.023241678866420604,0.12254502838491713
3126505,-0.3892664211512454,-0.2497380038663628,0.012897077370601185
3126604,-0.48530503303360073,-0.09814527265148051,0.10518594873994828
3126703,-0.421838634603196,-0.23890563598020406,0.11912026054167525
3126752,-0.3411357840649597,-0.2737252759232002,0.0769868119313487
3126802,-0.3612559106972316,-0.3533864176939583,0.10302747878674905
3126901,-0.1521882579802571,-0.114398618087251,-0.07205802779170078
3126950,-0.5369475838693706,-0.31914882486419877,0.17788783267563846
3127008,-0.04987207353414323,0.5325963901967329,0.12851176448243587
3127057,-0.32241393558220227,-0.3766521093387479,-0.029674018981413672
3127073,-0.6604982421528436,-0.5557561170172878,0.22800052439697777
3127107,-0.1528511582194874,0.3709450060289286,0.0925114918672313
3127206,-0.47598677461469563,0.04726207804592101,0.10782177514216883
3127305,-0.1378090989658663,-0.14587652512499386,-0.0794665770568741
3127339,-0.07711147041120267,0.036410234995632035,-0.02493974210671111
3127354,-0.39506298190288397,-0.1766852720431087,0.1287510711752431
3127370,-0.17817447200279402,-0.1910250085322999,-0.06008785034551609
3127388,-0.41631972496348224,-0.1399324728278696,0.2573405636110384
3127404,-0.8458992205989909,-0.0709350813083927,0.9391001867965814
3127503,-0.5849729707586001,-0.2625994520807892,0.19242653572165366
3127602,-0.6867342401694048,-0.32638568435431486,0.24631218801149707
3127701,-0.17460361330888835,-0.11641989766534253,-0.061931712681272
3127800,-0.6747333028274773,-0.5607169794960195,0.2788240488311076
3127909,-0.192657699523892,0.14483792432201897,0.052985927771568554
3128006,-0.6132007023581013,-0.17661632714642103,0.17758977960347108
3128105,-0.38844511459923914,0.32906949355133586,0.18376111815380752
3128204,-0.5370838929856955,-0.07122436755216743,0.1823410168864495
3128253,-0.4201648429642827,-0.1338921241128901,0.11387546154190957
3128303,-0.37829720051957777,0.482153279886289,0.11090346332329253
3128402,-0.3929986469550235,-0.08128901923314191,0.21916642866222125
3128501,-0.5027244298092577,-0.19676277864465697,0.29488459551975577
3128600,-0.3073383205395793,0.0977308309218971,0.0935284271237297
3128709,-0.41694651158448576,0.5030125462286728,0.11315866477449628
3128808,-0.42379794999828635,-0.0829183481781523,0.187417221102133
3128907,-0.47277239332286775,-0.23789795240602907,0.17719241677869185
3129004,-0.48473144571181326,-0.066331958474574,0.1820274538151494
3129103,-0.21487283169325058,0.22250122432447164,0.04055067326049371
3129202,-0.43682394835221594,0.4527067155618833,0.29825987397313497
3129301,-0.293026328029965,-0.1274479335513418,0.04375414270245894
3129400,-0.5905065986958825,-0.055315600888460846,0.3769013681497146
3129509,-0.5113335461075681,-0.10270756674142047,0.22576809230253853
3129608,-0.10507629113552414,0.29818735377897865,0.22250173942099916
3129657,-0.3560242129938941,-0.14280263402139173,0.08727989198201082
3129707,-0.36296073706939397,0.1541304411486165,0.2074478520380236
3129806,-0.6155436281245897,-0.16435404429421446,0.1814902192882047
3129905,-0.4726894835687893,0.23825163504709873,0.3004661250648402
3130002,-0.4640656413053403,0.10839843172932591,0.24715190511405172
3130051,-0.3694310683690772,0.1727488096119136,-0.008613237967914354
3130101,-0.5417794176644423,-0.027219179207877302,0.14899739344933072
3130200,-0.5008908513658067,0.06701477928397902,0.1297159363894051
3130309,-0.3339261084390455,0.423112153070983,0.142868726067549
3130408,-0.4233745464912197,0.17741877476364257,0.2496561467357459
3130507,-0.4595356719300966,0.20944392507677825,0.25948487092377753
3130556,-0.57439528972862,-0.2222727225854197,0.24001147745297433
3130606,-0.5013272894822806,0.2092470024430336,0.37630281802308707
3130655,-0.684389588692331,-0.6150866668005329,0.25536894476105326
3130705,-0.4039258507257812,-0.05281890331069308,0.16683468500471177
3130804,-0.41706900346785425,0.2795442675784312,0.26840612577738426
3130903,-0.46975024619905653,-0.2412145489677966,0.17203742820337337
3131000,-0.47577946933292337,0.1232559306336897,0.10468615225556328
3131109,-0.4064528103731503,0.1567662072989366,0.038723659590502744
3131158,-0.2540758995938257,-0.12124263518695048,-0.000672140593783254
3131208,-0.470734591290572,-0.20151233033813173,0.1321161742211214
3131307,-0.40606827735941803,-0.15540025930454218,0.07309722947473805
3131406,-0.11943845102733222,0.21806203279327024,-0.03189466909135157
3131505,-0.6084692669292715,0.1327525363217669,0.48718001805056876
3131604,-0.38500078331757354,-0.041126058529503615,0.1695562663059656
3131703,-0.5936661060414832,-0.11417067925442329,0.14739566560524595
3131802,-0.3824188971869423,-0.3612935925660423,0.1252582533064663
3131901,-0.7530605705657757,-0.32669296759039795,0.30504302126936966
3132008,-0.6521164622203008,-0.5202119507602709,0.28255395766873803
3132107,-0.0642789713299601,0.19520744202390347,-0.05436641453223559
3132206,-0.5686227552784562,-0.06106134700935963,0.2198860745019946
3132305,-0.6139810033401712,-0.5402944489624324,0.26087674093561575
3132404,-0.503791064515076,0.42430232381111943,0.49184212535944694
3132503,-0.546610952648193,-0.39059990276489337,0.2095152021644504
3132602,-0.4110755241814223,-0.12932134963142902,0.2273519554267253
3132701,-0.3332853564438748,-0.2813998062716778,0.08692331017667042
3132800,-0.5718934311099206,-0.03205241081145534,0.11172572607629494
3132909,-0.3715109320261019,0.4887043343205366,0.17146098531089402
3133006,-1.262522311022213,-0.9682877203176365,0.9188754456178023
3133105,-0.648085634056505,0.1557768706524069,0.52169617356518
3133204,-0.2532384715435415,-0.17227015768382936,0.010830854372254383
3133303,-0.3657394548813806,-0.3092574665957884,-0.005802568073420599
3133402,-0.17045476881370053,0.3321931923312008,0.06858117165742672
3133501,-0.45385777389820514,0.2158871802479795,0.19845536676532433
3133600,-0.701711687929355,0.05419268385119219,0.6717964860012555
3133709,-0.6207356879331611,-0.13894875312457622,0.24383461720406538
3133758,-0.3433153133478676,0.34210271038759354,0.13128280045138332
3133808,-0.5460951477795031,-0.01433697379075635,0.1734686588557717
3133907,-0.5976466687364356,-0.1279808583292357,0.23700548098374866
3134004,-0.4584019968339617,-0.36803250599752774,0.05243374376857545
3134103,-0.26201245929711203,-0.2569359909272243,0.0027326364388678324
3134202,-0.22299847370231307,0.2764644339884621,0.005389389984680796
3134301,-0.44065967545799156,0.17514146879618675,0.2554699768765956
3134400,-0.15306072805530027,0.3561026451373082,0.08744990102738537
3134509,-0.49093087287289333,0.08661703131652693,0.2820470016559744
3134608,-0.5802256607011967,-0.09247714128104358,0.15611311303387518
3134707,-0.06281059655064904,-0.23582786952865956,-0.21605760557524423
3134806,-0.4279693769169653,0.38806250327078173,0.1834576823535328
3134905,-0.4219336499663488,0.3549815904553552,0.27209566575267813
3135001,-0.46981426446838176,-0.16765788621699837,0.11986965220587807
3135050,-0.01082075473729326,0.1570304988309965,-0.08414845339573956
3135076,-0.1835133438208137,-0.18514752758814215,-0.03806990115777257
3135100,-0.18213404707228698,-0.0904915303061321,-0.0010058798622902218
3135209,-0.23510055954762552,0.09296999627267581,6.971928037387649e-05
3135308,-0.3716708623904187,0.30485610490719406,0.14199765070216583
3135357,-0.3850662621029759,-0.024214524972858326,0.05135922904364882
3135407,-0.604824629394092,-0.11323745287522793,0.23918207192056237
3135456,-0.44908445239603584,-0.35189344708702963,0.10386691901458558
3135506,-0.5442775330901022,-0.0704092131957618,0.2087600722057036
3135605,-0.36098462261659675,0.12653724686505757,0.03004560339438813
3135704,-0.47653480648272967,0.0319428482557084,0.10108687261153018
3135803,-0.4070964038418655,-0.40704798042256257,0.029750157941235766
3135902,-0.4461180533943642,0.5519649521845312,0.2996215657438579
3136009,-0.4064381907643739,-0.40047990639668374,0.036022031528432016
3136108,-0.42271600808715415,-0.11670364090985298,0.07922015022197401
3136207,-0.5971010419012502,-0.11492868998787233,0.16211675426608158
3136306,-0.354799867370029,-0.03680441299041033,0.041797712901412806
3136405,-0.4365379307393488,-0.011634458924290452,0.06850062681325772
3136504,-0.06030475089505221,-0.2618438973053806,-0.2027050655291824
3136520,-0.5323379209720491,-0.43534215230317636,0.17698943695323904
3136553,-0.4220794710302288,-0.20354556903938914,0.09889495049673187
3136579,-0.6109769224076728,-0.4949547907366175,0.20732683085234235
3136603,-0.672028027669083,-0.1888477958185248,0.20398774418602464
3136652,-0.5110968526415569,0.015354496586590464,0.13094764560318764
3136702,-0.5183248092851512,-0.14292768858759652,0.3142866102770038
3136801,-0.4738644252797338,-0.21756924773521596,0.14746981161912423
3136900,-0.4439365154591779,0.34726577703685924,0.15825507005204903
3136959,0.006195387853631882,0.19133185702554603,-0.05111996903614798
3137007,-0.5373801131606445,-0.4726593683018361,0.21288497163289052
3137106,-0.3203055631530099,-0.1256957952110102,0.06970543528012188
3137205,-0.3668347844359109,0.33085724206683015,0.11800576264313568
3137304,-0.34400655820422177,0.19058706797500086,0.018872086841510805
3137403,-0.5827242696106513,-0.05163611270367201,0.2816667331360928
3137502,-0.4374720651739147,-0.10747306375257988,0.12726305758969791
3137536,-0.24408668402465528,0.011307557279505913,0.013202308762271665
3137601,-0.49666231005191847,-0.037587705493832634,0.11174473229592681
3137700,-0.7003355050050664,-0.3763012039249589,0.33816349263196477
3137809,-0.4925392260056917,0.41403638227281464,0.342779520884021
3137908,-0.5468638375984838,-0.06617861248283098,0.1877796157092726
3138005,-0.4005163974438436,-0.07369907423336498,0.10296969732823107
3138104,-0.45401553644461295,-0.003986973911652638,0.0661352550452899
3138203,-0.4426690853744139,0.1508562146355125,0.2684697232711232
3138302,-0.4543485472293166,0.1304867212943953,0.09867748127553136
3138351,-0.5309120157265338,-0.44020500653525313,0.19090385913292007
3138401,-0.4509354997644246,-0.12412224220313037,0.10861967826143519
3138500,-0.6880657011580618,-0.039109706574374584,0.5044767234613451
3138609,-0.6369886895333843,-0.1822094693463962,0.42265590270384584
3138625,-0.12797475041608683,0.3747540259567852,0.07678550741012038
3138658,-0.3845439570721044,-0.10627916709303228,0.07510954871896885
3138674,-1.0113369646070192,-0.6986097677784741,0.6526548540278998
3138682,-0.440676668021166,0.031273628041171876,0.043170746469051786
3138708,-0.4437460752557052,0.26418461045368713,0.2827197439110232
3138807,-0.36434933666859365,0.329204755308975,0.1084124127438578
3138906,-0.13610375012386244,-0.25841213233042126,-0.16060292734252907
3139003,-0.40935485013275014,0.3534342875140486,0.23190961627407825
3139102,-0.5280976409441656,0.03564242735805441,0.3141167364116524
3139201,-0.5157798046195996,-0.4155305259116506,0.19706274051605244
3139250,-0.33496957913673564,-0.2751297944834778,0.10722262971847249
3139300,-0.00666976317938958,0.25590971794140266,-0.03842179896018988
3139409,-0.7862119228710502,-0.3859824656528568,0.42101856954585093
3139508,-0.7777933710996731,-0.3968829565120098,0.39421687468918687
3139607,-0.27427954371339,-0.2946076653821371,0.028186277807200642
3139706,-0.459565536788804,0.17855991547713373,0.07901730114168862
3139805,-0.47878909031845984,-0.16524580550628865,0.28599636002169526
3139904,-0.7518894756238338,0.09613567008928568,0.7026964843655998
3140001,-0.5866025790876316,-0.08362446258525766,0.146669033188972
3140100,-0.19303812112642751,-0.10994515633076513,-0.05190454829332949
3140159,-0.5306113565574705,0.03168024127718318,0.12091652442606739
3140209,-0.5305920517646686,-0.18009634493347673,0.2774991780640217
3140308,-0.3620825317566028,-0.09987354466642696,0.0510635683443581
3140407,-1.05697494850377,-0.5543180671659789,1.0699836702728687
3140506,-0.3843696638622552,0.2010905156326098,0.057686360925984385
3140530,-0.766261423483943,-0.3973309099784576,0.38167122837437895
3140555,-0.4350616774862682,-0.5334059971802925,0.12346266048700895
3140605,-0.5734713319317964,-0.17682623635045802,0.14743476625467586
3140704,-0.5552242505133245,-0.03371901765554093,0.1674042636476151
3140803,-0.4707326444621026,-0.17442826100890504,0.28875136266312795
3140852,0.013191954921910094,0.20155513394838498,-0.08479046384197608
3140902,-0.6438783448384885,-0.20604823017723575,0.31312853269697755
3141009,-0.36638866989962837,-0.35769721393224435,0.09790785149633711
3141108,-0.5081827356173626,-0.009191962156188047,0.13270519878712986
3141207,-0.5411574385277028,-0.12521425592829127,0.20097713362312766
3141306,-0.4548581500109193,0.12359459896948968,0.22795274607382587
3141405,-0.5288793624174821,-0.4809455526880798,0.12093773444436179
3141504,-0.25914877313500645,-0.2556976657479154,0.03492846890598415
3141603,-0.5020747139321609,-0.15342333226549104,0.26911290529468906
3141702,-0.43066239753022006,-0.15795134512936798,0.09967716345701966
3141801,-0.5722948103614287,-0.4749221411910549,0.21916292750367283
3141900,-0.504748926941483,0.1708307882098482,0.31304641757385004
3142007,-0.4647264601959292,-0.09711553859706214,0.0953028780717324
3142106,-0.6910773391557415,-0.24298926826113196,0.34637998076902965
3142205,-0.5306498860815412,-0.1370036023503049,0.2726575574310109
3142254,-0.2249388890250969,-0.003791314340505112,0.05415884748604043
3142304,-0.6352571884129978,-0.12832102519679334,0.2035858101824723
3142403,-0.38651610001259656,0.27824958613147593,0.1002184318654968
3142502,-0.5268458684334619,-0.11787323411593556,0.12422672421158519
3142601,-0.4210166017668574,0.42646548480202895,0.2605303395054593
3142700,-0.1674631367804511,0.05080642597998633,0.018801978580406893
3142809,-0.35687265413605185,0.17546380008758533,0.05819663003015152
3142908,-0.24839020517254273,-0.23043009943688203,0.0450922957642377
3143005,-0.4081412793869078,0.41689558126628085,0.1329357368997944
3143104,-0.3837054502739921,-0.07029191248575799,0.14715208723095616
3143153,-0.6262258990237638,-0.5670229819648234,0.22941973222567383
3143203,-0.39608295383452946,0.3591038877791347,0.16041838436928613
3143302,-0.4181925757995427,-0.13537818740488208,0.11245958414717862
3143401,-0.3769183147134484,0.4937798819089496,0.3166927486858012
3143450,-0.7227004944144128,-0.6664599279165913,0.315395465310947
3143500,-0.3302796679202385,0.08805621076043907,0.02487337517019204
3143609,-0.3991980918403431,0.1702590226248361,0.047507007745997754
3143708,-0.5763836565743322,-0.09196796899666773,0.14870937974603238
3143807,-0.8700262680599674,-0.21225199669604883,0.8794197710517714
3143906,-0.50773383903615,-0.1227866856450302,0.1635469080094406
3144003,-0.5325719762521277,-0.29280203351729905,0.17558948031325539
3144102,-0.474456296331709,0.3319846696709018,0.17058818747224774
3144201,-0.32599243361692487,-0.19451566686998656,0.06836295879349841
3144300,-0.03885555721308655,-0.24468008165483288,-0.17972989505545534
3144359,-0.1729995007798382,-0.0668121513392777,-0.059589268324804
3144375,-0.25731484599958154,0.18881894655357084,0.03048035895684407
3144409,-0.5203982047905732,0.392302559690367,0.38807262140958076
3144508,-0.46662475204884657,0.17101769059629246,0.24334546365499057
3144607,-0.4188359188178479,0.2601614832194447,0.2487360349842631
3144656,-0.6801890003782496,-0.6464590732918462,0.2700966126747871
3144672,-0.5145345505023567,-0.45079370095331545,0.21375156580037397
3144706,-0.5466828605589115,-0.07366675784865213,0.11264452192702419
3144805,-0.7151027641109979,-0.2659463122223252,0.26005919451438975
3144904,-0.295075190048594,-0.2748900647094697,0.04239508829708694
3145000,-0.4174121913246242,-0.053936909937344915,0.20059409354109708
3145059,-0.19994752327311277,-0.20539391149016606,-0.010700926509737241
3145109,-0.4722575225475274,0.2700762155780632,0.2338199370215747
3145208,-0.47088599504523154,0.11416416360658033,0.11491353680978371
3145307,-0.6640184068212109,-0.5739365412054183,0.2851260871009959
3145356,-0.36119563942343447,-0.37815864676954475,0.05597870014768613
3145372,-0.6746262797044069,-0.5811801247648797,0.2346117200637825
3145406,-0.6358560183698154,-0.14973292609941657,0.4305007409651972
3145455,-0.5023628316063197,-0.3092778920098786,0.17502246813348818
3145505,-0.48572126381456365,0.4678928419902783,0.32829363522993577
3145604,-0.5739171795286682,-0.0491043680567805,0.30469886906049376
3145703,-0.6110480346662996,-0.22905159538713954,0.3691170624330885
3145802,-0.520329256691314,0.06395548245057806,0.12724284870384978
3145851,-0.5135994433553793,-0.02795760259833046,0.1351747818854617
3145877,-0.8796071045126133,-0.46359395813136706,0.5119530857109111
3145901,-0.738419357088099,-0.2464108965318631,0.2985897525310806
3146008,-0.4731223565859725,0.24499175886204977,0.32592053454769637
3146107,-0.7599470484109984,-0.27837951931442895,0.2989147460539975
3146206,-0.4094430390556445,-0.4289321910210413,0.16368884779203274
3146255,-0.6622984764777682,-0.5586606197553424,0.24624189482295514
3146305,-0.6535373495464954,-0.5727303760021767,0.2571714719881195
3146404,-0.37249714621543906,0.02300266606984639,0.06260317023512585
3146503,-0.3571057326208545,0.40011656120920763,0.1730123294840496
3146552,-0.09612324095153768,-0.012536897840147825,-0.05076914068850579
3146602,-0.46875201719563253,-0.14486794710837533,0.26242547951704026
3146701,-0.439292537969711,-0.08874190699438392,0.030654550115629398
3146750,-0.3708591696760402,-0.497756774591727,0.08583335416276178
3146909,-0.45748517183637,0.12646387001040438,0.08910449208722748
3147006,-0.3036180520225558,0.10079297747512911,0.05836048145866053
3147105,-0.48230188335477275,0.20433628257930186,0.08703897732763974
3147204,-0.3866236315652845,0.3922278112217868,0.21588364802751991
3147303,-0.48943716570992263,0.34811095979075324,0.6246959067524607
3147402,-0.4775020324176689,0.11277698964544748,0.09764079527027208
3147501,-0.5152896626085309,-0.0022641033651694185,0.07549944271610323
3147600,-0.9185066190462031,-0.25581827737286716,0.8607331285299216
3147709,-0.5698835683291873,-0.038449130842199926,0.25852995844637844
3147808,-0.6176450780477121,-0.05489506535997649,0.42250450111832527
3147907,-0.34546977086978187,0.41515847561715424,0.12450347371735619
3147956,-0.41945272336268147,-0.11166742501827495,0.08696299046629415
3148004,-0.4542478313371487,-0.2389762773900437,0.14437638756527252
3148103,-0.47188374881731,-0.219423515083366,0.18851498497629196
3148202,-0.4394300719357885,-0.05037948288897841,-0.009635322603947824
3148301,-0.5781477814418248,-0.11607867575425124,0.2787210914072111
3148400,-0.5674646151106629,-0.14181097234768755,0.13187457298260138
3148509,-0.17297206162268466,-0.27099367948915387,-0.09977273962424606
3148608,-0.5770119974396644,-0.25035579105888023,0.1647337948467859
3148707,-0.5360517205195124,-0.5468009696168875,0.15458005722887708
3148756,-0.9195550690806005,-0.4986817594139879,0.5502072811236263
3148806,-0.54549320407913,-0.07014403216936617,0.22686558952783523
3148905,-0.47514963144690386,0.16569457892417752,0.21963757411164336
3149002,-0.8075446435790936,-0.39037843951499185,0.43373126051867816
3149101,-0.5188279922219449,0.4570772810941061,0.4039910349924254
3149150,-0.14571598957549356,0.07284679059975765,-0.028769666907408734
3149200,-0.37785276872845347,-0.0265596577517012,0.1848996781738822
3149309,-0.5192789558353456,-0.046410017424835186,0.13228837474973215
3149408,-0.5482920103514651,-0.16894009811150085,0.3438121977676393
3149507,-0.5112649907734436,-0.200814324488543,0.30219433607719853
3149606,-0.498596212521513,0.08939162058489766,0.10864785489947905
3149705,-0.45360340686734174,0.19456837248875566,0.11689411746055033
3149804,-0.44380456238591115,-0.07616731777473261,0.19306974416950853
3149903,-0.452815762868425,0.12447539961289264,0.2599728180660291
3149952,-0.14255233528220382,-0.06419370678296486,-0.06667603141163148
3150000,-0.2543341545659793,-0.243030238022916,0.008727311134223288
3150109,-0.43814204806088947,-0.1693158967742485,0.2689014391754902
3150158,-0.7337705776896847,-0.3549225536448796,0.3958492912881869
3150208,-0.4547181491507838,-0.05379819157558359,0.123119236415267
3150307,-0.5872981400229684,-0.08548398795046834,0.36090429196800217
3150406,-0.6095075679774802,-0.061003293043696095,0.2269818146109697
3150505,-0.41052904197328516,0.2858373261930961,0.2182003859435665
3150539,-0.3225859647252133,-0.07806081605523667,0.041870336378581736
3150570,-0.3241906252801251,0.1780362779319741,-0.010943880793287494
3150604,-0.5669121308230803,-0.06286055813130777,0.23395909029696724
3150703,-0.12193452371322283,0.4715478508906202,0.14105400599149284
3150802,-0.5634272606589235,-0.10090843309877501,0.20362040558100297
3150901,-0.676359616227036,0.19075975291032612,0.7642517214740053
3151008,-0.415046489762958,0.44374837326582317,0.32152499788807914
3151107,-0.4098549032577369,-0.08200879189335228,0.030904025899614752
3151206,-0.315697782584859,0.1809273284064374,-0.018376027691353044
3151305,-0.36901547675517565,-0.04903718152509966,0.1632068395640284
3151404,-0.4682017570629735,0.12160325908391596,0.09037326383846485
3151503,-0.3619442101164754,0.4000714654485875,0.17843217763744343
3151602,-0.10636067839256859,0.4301039634366141,0.09957659225001306
3151701,-0.4748664491519781,0.20002818939750475,0.30116302540016626
3151800,-0.5207703459173968,0.20901039455963102,0.336499360048975
3151909,-0.3431228648226229,-0.18288941932915226,0.039330372163198235
3152006,-0.3940871024209806,0.16862913926307913,0.04895568817584684
3152105,-0.4862175391279323,-0.033573398597724,0.12448085594022248
3152131,-0.3475943057621128,0.23794688171002937,-0.025068555612519156
3152170,-0.6045494590356768,-0.5182538886457183,0.18271909953858542
3152204,-0.34250283448027563,-0.28154425620734547,0.07439368774352184
3152303,-0.5496373399285833,-0.0694925288910428,0.1897830813646621
3152402,-0.48199964719406824,-0.43258018695804895,0.1958079851646847
3152501,-0.3803573688254686,0.47880452574719023,0.2927110813728452
3152600,-0.5484099037266218,0.35965853653537944,0.3839272688938781
3152709,-0.5704830225181097,-0.05356732575734681,0.3031527288459761
3152808,-0.2569520284269552,0.30453808634830565,0.07608692272318265
3152907,-0.3073152489438118,0.48646570113550475,0.11608715026159945
3153004,-0.5738202765603853,-0.1970516662023827,0.31734103903621724
3153103,-0.5427515100042429,-0.09588044844720178,0.22370811759356535
3153202,-0.07328876151170552,0.25043424488626087,0.32228610034504324
3153301,-0.7777255759446827,-0.4564724957443477,0.33022707758785225
3153400,-0.4222666697264813,-0.19841755586559756,0.11085341532279068
3153509,-0.8933580648331787,-0.5269297106348008,0.5107143047463109
3153608,-0.5160518694411824,-0.020748133991148724,0.1420045729010255
3153707,-0.405719122279454,0.10462322420056855,0.09085639967031098
3153806,-0.6084178048923226,-0.09737712948085549,0.2495103515732326
3153905,-0.5930619951109678,-0.029342750387136865,0.09442990148853209
3154002,-0.475540263177195,-0.08292327572435591,0.14723602809498515
3154101,-0.4082719207370651,-0.09438661493393137,0.0847255858448349
3154150,-0.6876523800578982,-0.30387277397150525,0.3387115175552502
3154200,-0.617523018930582,-0.10842953353450567,0.3133004729400623
3154309,-0.2266157439454333,-0.21034902521134163,-0.0191015046298521
3154408,-0.6788249478298419,-0.21789894425904216,0.40278063426127786
3154457,-0.3423196304730934,0.053767193578847065,0.027040161611456615
3154507,-0.6611006968493048,-0.5616621510743612,0.26025202083720334
3154606,-0.5437589740553874,-0.08851580531812636,0.13862624125919645
3154705,-0.40175789869184514,0.22366734715336528,0.2388519721334094
3154804,-0.6901995761879286,-0.24922613664355012,0.2324722401472846
3154903,-0.42589725294318603,-0.05004462160580722,0.08365657967156187
3155009,-0.4714132049453479,-0.06469380202689665,0.10943288054661057
3155108,-0.41345925194888034,-0.4830254465652415,0.0849746240696191
3155207,-0.5513197608233836,-0.11273112615934863,0.22988254814822126
3155306,-0.5774264754534937,-0.06938748096400209,0.199005705180818
3155405,-0.4192243843017051,-0.14894227524391038,0.23688152447623714
3155504,-0.5711687275036539,-0.23257508757662432,0.23801532631539637
3155603,-0.7260443375655216,-0.6353238762486149,0.2936867248558911
3155702,-0.5774328469338081,-0.0775653554255403,0.1354771253258383
3155801,-0.42312878554322353,-0.1032188642477837,0.22759144225733965
3155900,-0.5741160277207457,-0.12178847309432272,0.351664361022684
3156007,-0.5743684006649389,-0.2900126461528436,0.17755314602167901
3156106,-0.5726269895950268,-0.052544473456156045,0.2962799451621644
3156205,-0.4296155237423707,-0.10801313542606324,0.18538725634357944
3156304,-0.39440345213931816,-0.08256074792842485,0.18247128787144956
3156403,-0.4349322264482722,-0.06647461431393677,0.18310321897559462
3156452,-0.6688996696248785,-0.21192603400411197,0.3553637865613329
3156502,-0.538921424774355,-0.4443740317842205,0.14538164748009835
3156601,-0.24383130487899904,-0.35880498203665306,-0.06541182481946223
3156700,-0.5866727378419264,-0.16831300480543868,0.15712160239614764
3156809,-0.5982770728180075,-0.16763100881014495,0.15995132060983697
3156908,-0.45060604237998114,-0.0579522527103488,0.2400238016727187
3157005,-0.566046287985708,-0.4789486153062334,0.15855461303338886
3157104,0.09097851547540087,-0.1877451612984755,-0.35680469598350345
3157203,-0.6839761897594272,-0.19171594779177314,0.20149213510027028
3157252,-0.7820399746593908,-0.39543527891954955,0.43829299069235944
3157278,-0.5443597192612911,-0.10592698000909792,0.3226061777539624
3157302,-0.5501696382267091,-0.15798017691742483,0.30959789723972614
3157336,-0.5168496375931413,0.03142975960754535,0.23892423091223947
3157377,-0.6860088420454493,-0.6019266306831816,0.25006267182591313
3157401,-0.46349224690223695,-0.03837867964121728,0.08734076146698921
3157500,-0.5119602595234141,-0.22726684550831983,0.1466620230282911
3157609,-0.36126545301156776,0.14930975209434666,0.012169300550247657
3157658,-0.26910557901612625,-0.36887102962913737,-0.04217086309762425
3157708,-0.4491494624943525,-0.08283331997108134,0.22665169342441407
3157807,-0.5089594843564972,-0.06019948664806018,0.10807123698817088
3157906,-0.804270986989529,-0.38269239298170454,0.4471980118179136
3158003,-0.5492707563433333,-0.041075561801423334,0.1011900418014786
3158102,-0.22744044050937645,-0.4189909016840511,-0.025910103298381625
3158201,-0.39985075710171114,-0.2243855348818845,0.09961898091912412
3158300,-0.35508239363036254,0.5590698784641671,0.23840774350883936
3158409,-0.41994408300748054,-0.07377066302439929,0.10202889701750346
3158508,-0.5213107560253153,-0.020218105200307947,0.11278872694821858
3158607,-0.4619324104514478,-0.20491725298864857,0.27113455080705606
3158706,-0.6066195223614445,-0.07514884899375289,0.4050244540310815
3158805,-0.45542191219378564,0.16767122532747653,0.24040748847206062
3158904,-0.6210070797246562,-0.24468422552250127,0.28891255189340304
3158953,-0.2921288899549284,-0.10251096610625436,0.005053054396165335
3159001,-0.6976612433686259,-0.28214963478309074,0.264435383806399
3159100,-0.5584062305493129,0.3463617141915082,-0.057511931322106656
3159209,-0.5529264683404314,0.11486205229081141,0.4181646286457987
3159308,-0.5442505040610516,-0.03291969254740788,0.33366468625378193
3159357,-0.67011216330158,-0.27249583918216796,0.3529981956369014
3159407,-0.6665970553225001,-0.19990479837746836,0.4489874796038496
3159506,-0.4396429342259781,-0.3192686354889594,0.1477805224479461
3159605,-0.4489055344795357,0.3974374028029924,0.33342175459311757
3159704,-0.512175514326518,-0.021618951842169658,0.23166355988120993
3159803,-0.1588747257605726,0.2236738680438132,0.021815467812038112
3159902,-0.5039290087988088,0.07636968122947432,0.282188839610634
3160009,-0.5446425232690468,-0.19544763820412805,0.2933257966872011
3160108,-0.5161297102938627,-0.06293843444023628,0.14191318505339837
3160207,-0.6097810627156042,-0.24816559317301623,0.18334647291276976
3160306,-0.3912403378536699,-0.5020814973060519,0.10310404170759413
3160405,-0.4460949217051361,0.19315384674895994,0.17007353788190632
3160454,-0.7042527720494024,-0.6115120530440454,0.2830108635246706
3160504,-0.45130615930824325,0.03447448822922508,0.06803636313768355
3160603,-0.3891664310117382,0.11162400050157044,0.03556508222504428
3160702,-0.5431287681565252,-0.13947970131662363,0.323637829885322
3160801,-0.43653187913147945,0.3091088370838809,0.27290038380349024
3160900,-0.5950779670224596,-0.10736260098275861,0.22947233182692164
3160959,-0.6118817980665198,-0.264904687754318,0.264869915195983
3161007,-0.565471968000707,-0.08579210323155373,0.14432635451348472
3161056,-0.46841968912490034,-0.3979739845154178,0.18636442892782304
3161106,-0.2694966003584741,0.2388493394457438,-0.023753365583594126
3161205,-0.525611151628408,0.02977269939454602,0.28769869659556346
3161304,-0.1442766917884826,0.3330071696271541,0.07940727995608161
3161403,-0.6574711651113117,-0.20619221495431353,0.3418526252738467
3161502,-0.5199318637324748,-0.05654639217927385,0.19420516626319334
3161601,-0.33820125157169695,-0.13516398527240012,0.02731297062857096
3161650,-0.2698539884376875,-0.25089933058212305,0.032930481262837694
3161700,-0.42738489907793564,-0.09391159321779934,0.07253387221319675
3161809,-0.46075664112552334,0.15713670085915155,0.10829430655000612
3161908,-0.5585980227882926,-0.0682624811833101,0.11254018126846409
3162005,-0.4105299833349823,0.5053389781305099,0.2806442495216458
3162104,-0.5618753675792262,-0.17350528148956762,0.23956571505756763
3162203,-0.39405092645955764,0.27544464393974094,0.18701334033919123
3162252,-0.4807932064425455,-0.052151681478444914,0.09288743079493753
3162302,-0.4774992345155538,0.29568265439344255,0.3319898631643279
3162401,-0.2745400664207796,-0.05450819309257566,0.053068799261030745
3162450,-0.1600915186753293,0.04463578050155486,0.024179090853778566
3162500,-0.5274092610631193,0.04032859480193124,0.2912842219152859
3162559,-0.8891909427645364,-0.49164288218164154,0.5176280640438352
3162575,-0.269196010124977,-0.2601161430635498,0.002541762410652463
3162609,-0.24505741901880365,-0.10674092296113495,0.0014205338732021452
3162658,-0.39619011655630476,0.141145602244457,0.0330478856819269
3162708,-0.6963611206438264,-0.6276682816250682,0.2607184513680175
3162807,-0.6002493487443091,-0.19428117604019654,0.15903362287500433
3162906,-0.44389893317995305,-0.1613984593405188,0.25328239064796043
3162922,-0.5374864458893839,-0.05939252159048645,0.1472917254823116
3162948,-0.3428978614151977,0.43988029094618475,0.12893342568962868
3162955,-0.5136781202032402,-0.058235948431075074,0.12279664370458093
3163003,-0.3153433292534827,-0.2293091941090953,0.06339098018194453
3163102,-0.5036736017665411,0.07440624541795539,0.11532970909028019
3163201,-0.4338296170386419,0.43628473179280464,0.31393563364297755
3163300,-0.274306002235728,-0.29917967240572846,0.04474230131913492
3163409,-0.3706169782994692,-0.027272105622392673,0.045641654646398425
3163508,-0.5012148004713284,-0.22256759355277536,0.12542447360964212
3163607,-0.5544178436566495,-0.22454106712156097,0.19128526500507906
3163706,-0.46898197283544124,0.5880718991131182,0.2713678530711251
3163805,-0.591776360705629,-0.12921791698805762,0.29435195385716695
3163904,-0.4801241492596491,0.2734607772466759,0.21562974296992804
3164001,-0.3930655203890095,-0.052497919908693805,0.07129977597629732
3164100,-0.49179567827675064,-0.20072477413844775,0.11278888448021718
3164209,-0.27554852506412797,0.28544220500153783,0.0034348580363860134
3164308,-0.4740924277447503,0.07789163620384452,0.26163528797628993
3164407,-0.40437653167998966,0.45307191961070187,0.2889018599288303
3164431,-0.673537885075354,-0.2288514133087306,0.39407172565257714
3164472,-0.5769070393420241,-0.2656258132992416,0.21955788689652936
3164506,-0.4697713347069168,-0.29173506397256926,0.14549383926963053
3164605,-0.45717416512470416,0.1592893521180165,0.16865127242311356
3164704,-0.3633797381986472,0.36072855644265256,0.16859972569243975
3164803,-0.47660123010439415,-0.012694442391489437,0.07551797739585905
3164902,-0.4374110432511164,0.6107461251925509,0.31486643141620485
3165008,-0.5827452370565458,-0.07857664758155829,0.30909192525760215
3165107,-0.3007772193881129,0.4593932837359461,0.1781732486006859
3165206,-0.4413786193975101,0.35039955989484034,0.27086455723657454
3165305,-0.4980886523407717,0.14171074877766127,0.30037767408906296
3165404,-0.946076864396821,-0.2577688106385019,1.0530405260225817
3165503,-0.6110448363687846,-0.3070640100638247,0.21671453001901472
3165537,-0.5566499468472185,-0.03256641844846897,0.13987112696557782
3165552,-0.6687476612052689,-0.5870151944335191,0.3227084668435832
3165560,-0.4504143924504601,-0.002591153980549421,0.07230590037839577
3165578,-0.9752263219582492,-0.38040097076276397,0.9897383351691172
3165602,-0.5595917213855329,-0.2000988620514057,0.3051090616170999
3165701,-0.5448531610010822,-0.08304125240183637,0.25155446664060455
3165800,-0.4409075134334452,0.3490453762432476,0.314673186083291
3165909,-0.5201230618815206,-0.35072496791529784,0.1917550332911345
3166006,-0.5610736009788364,-0.08009368116615742,0.21399609578385798
3166105,-0.5485296628623654,-0.04291638039677744,0.10596555352078633
3166204,-0.5678416869185673,-0.13582977929955184,0.28425934887749127
3166303,-0.8367269691740844,-0.3870729679367339,0.46320486719770415
3166402,-0.5346551871396439,0.20368085927672108,0.3605415301412997
3166501,-0.6197709965653202,-0.27886878434740453,0.19015547662829832
3166600,-0.41393813577171407,0.12170771956219342,0.10442442464554044
3166709,0.039761730110112435,-0.21906579924295805,-0.21311762030184545
3166808,-0.5025470453398304,-0.18959392293498367,0.19642892831005357
3166907,-0.381690102783439,0.42616918544048543,0.17497775878674815
3166956,-0.6268055126064893,-0.5212012330297623,0.22110153675090907
3167004,-0.5414278646519752,0.10745024435248268,0.3519041872945059
3167103,-0.6537887722067348,-0.28999688245332395,0.21872713901386803
3167202,-0.5248411881666124,-0.024331124712526436,0.14699742337219462
3167301,-0.5073831731224526,-0.1270948481527908,0.2565823694935852
3167400,-0.4205691409775311,0.3752674000982367,0.2728265700110723
3167509,-0.4487544740808615,-0.19421144598141607,0.2725435149277054
3167608,-0.7576285207171839,-0.38592047557846865,0.40320695301373405
3167707,-0.19553920296501084,-0.025626493616466926,-0.0665564172470601
3167806,-0.3999431995843509,0.6964848586077007,0.2955017540191499
3167905,-0.4283800467081987,-0.13220272037697628,0.25621551750912097
3168002,-0.6643501113836437,-0.5873331514883221,0.24516471284026567
3168051,-0.411236956466685,-0.22424502221935677,0.11444115458196952
3168101,-0.5145806221344384,-0.05798104381465653,0.283600779572822
3168200,-0.4423754599739164,0.17150621600802884,0.20993916020466888
3168309,-0.5680074427984755,-0.09517545058531303,0.14160057072500024
3168408,-0.3402046556289016,-0.20452438762437328,0.07454844362163236
3168507,-0.5734157509911292,-0.10458984583670969,0.23975811501061162
3168606,-0.3127254721423016,-0.3539780132464987,0.055931700825382354
3168705,-0.2743378013440375,-0.1123351753327959,0.026167693160970232
3168804,-0.5273219849675564,0.016708251803365666,0.2655775995640482
3168903,-0.49531390265657266,-0.14666031275541477,0.13917638147357875
3169000,-0.3821292520976345,-0.06409648267983675,0.18838468881347356
3169059,-0.6009441798744869,0.1684900899299625,0.5123446872356645
3169109,-0.7437100982147256,-0.05949450103274881,0.6738064813145309
3169208,-0.5607703582220092,-0.16523853191107918,0.1631123322731014
3169307,-0.3499289139612412,0.6111168254011381,0.250936086465605
3169356,-0.43464514798280196,-0.03546758902696988,0.06832310092033697
3169406,-0.4103540453453822,0.3948217040104207,0.2451747708849326
3169505,-0.10813090599721129,-0.0847321391088058,-0.11130821179233423
3169604,-0.3248273990543752,0.10819031825979676,0.04944569750223706
3169703,-0.5049077332443073,-0.40732398982935214,0.18599174588325312
3169802,-0.4055852798322349,0.39045240860722863,0.255108007749942
3169901,-0.42893072730654397,-0.09752457431822718,0.2199493194043008
3170008,-0.37239996647900125,0.14415701558037167,0.02040193497245136
3170057,-0.5946980066744999,-0.2314116535244017,0.27259273896814473
3170107,-0.3000843151001542,0.1216030459164921,0.17836128571304968
3170206,-0.309234310109654,0.17450750721608901,0.11887818320031916
3170305,-0.09164645394650264,-0.23287435216197086,-0.16833785108507465
3170404,-0.31096844463901974,0.11947287811565753,0.07347008874529971
3170438,-0.18148091534365637,0.27389169668696034,0.05784164159356894
3170479,-0.3237900698375793,0.07406185252348066,0.06689713300892251
3170503,-0.44913106703062505,-0.025017739667383892,0.12246746669935174
3170529,-0.3061181653637816,0.17600898523457797,-0.0037165141233014734
3170578,-0.41241406167424804,-0.12886954273073045,0.09272586416510073
3170602,-0.4061297940569717,0.29290944393046975,0.19896358519261897
3170651,-0.7584619561898717,-0.6766618361277024,0.30758677642027643
3170701,-0.4392393177098259,0.32674613155814985,0.25806843248847977
3170750,-0.4630885392151561,-0.14922205561205812,0.1111293910271498
3170800,-0.3131759589395174,0.25422193359112305,-0.017254050129982948
3170909,-0.18539496652195098,0.050864218759331586,0.021638704834179873
3171006,-0.2840707162127251,-0.008983464735987174,0.057758341432949105
3171030,-0.05715712178654484,0.06083760648713194,-0.06720779751453684
3171071,-0.511597573201939,-0.39401366480798694,0.18263343790858053
3171105,-0.2770795552603549,0.16136754430137099,0.15269138452765685
3171154,-0.5926322132232261,-0.16838203213575786,0.2665699613752075
3171204,-0.5190120727976923,-0.07626558749476024,0.12253326287338766
3171303,-0.5846650782597524,-0.1276077620429006,0.26503159868653564
3171402,-0.6251341265802521,-0.17022907500492315,0.24581694179045274
3171501,-0.09900200388204686,-0.06420334401098869,-0.10029668639170493
3171600,-0.4462840555961643,-0.34654112327868664,0.07941595809635843
3171709,-0.7035388195237551,0.16100011364993885,0.6273522083185067
3171808,-0.6202366902439759,-0.1789520582023011,0.16493658592918314
3171907,-0.4035601260999683,-0.20080872740129924,0.0981163594778519
3172004,-0.42023519908265067,-0.09016376738900883,0.1921132335541332
3172103,-0.4232179936893461,-0.1031723339551793,0.11675548308286883
3172202,-0.7289532395504695,0.1866366263120303,0.7587609123177739
3200102,-0.6784549538938398,-0.41190450825435376,0.3028141393084334
3200136,-0.22174982749920924,-0.2957919860972335,-0.013743347880274944
3200169,-0.33652971116761954,-0.3839723521538733,0.09594781738387884
3200201,-0.5796793902760119,-0.2904976009970917,0.19779942932191333
3200300,-0.6293993338563647,-0.4006431982916446,0.30236073614881703
3200359,-0.5448746678916462,-0.44447566455795096,0.21902565558334205
3200409,-0.014715411270114801,-0.10795090369805722,-0.1472780125543108
3200508,-0.47785880068533054,-0.2078879584514122,0.06838098906497454
3200607,0.0673140914183676,-0.12171118430765301,-0.22566800813657142
3200706,-0.21734069868292408,-0.16689267443146402,-0.003820627273950808
3200805,-0.36543454366307515,-0.2882343374029774,0.06274844037100522
3200904,-0.1870573660827846,-0.27029884432850765,-0.05234135845409276
3201001,0.03828038827396844,-0.17391919628699187,-0.21087454341695308
3201100,-0.3959347250938663,-0.19159555468347472,0.07958581489740515
3201159,-0.8469099356397406,-0.5396905671783213,0.46479699447073675
3201209,-0.23207703980092517,-0.1909452337645411,0.0302658847632909
3201308,-0.12339025667137758,-0.21692971759674887,-0.0312774614180799
3201407,-0.6143145677718825,-0.371408373196354,0.2704776654769663
3201506,-0.15523778832599747,-0.22747140274436764,-0.03811692773570045
3201605,0.22209455379333282,-0.09564898557273051,-0.3769525020298666
3201704,-0.7854408995087734,-0.47906978429169783,0.41365777977936574
3201803,-0.9558580410774792,-0.6199608639694834,0.5620421583170798
3201902,-0.819396910586809,-0.5269750022450039,0.44680742432859744
3202009,-1.038734504466024,-0.7396867602573448,0.6600083416843397
3202108,-0.1453233288373101,-0.2744446925693212,-0.05225936397101763
3202207,-0.08129583050798708,-0.22964700455431672,-0.08218783026216757
3202256,-0.14833322253003006,-0.25364301256128274,-0.04902706793068336
3202306,-0.7250913613586629,-0.35078852072560357,0.34221341033087316
3202405,-0.1443226936509122,-0.23002723635618819,-0.01804785735805566
3202454,-0.8588993305597059,-0.4908309197660874,0.3941030746370522
3202504,-0.21376687509894796,-0.286130940865344,0.030391105449137513
3202553,-1.0602767487420899,-0.8691424254430425,0.7602521507378828
3202603,-0.3722129303450375,-0.29882517027353495,0.151531899055062
3202652,-0.8268578588923584,-0.4809846413082853,0.44764861353937535
3202702,-0.33652483631923447,-0.2874386965378707,0.08930220127930882
3202801,0.0007495513360361721,-0.04676637405993571,-0.15035591230842157
3202900,-0.5797443445054347,-0.3826308873218316,0.26141946499153146
3203007,-0.9077270135795924,-0.5780618673377854,0.5294105370856622
3203056,0.08038577195721965,-0.18884290670294054,-0.26420003839551487
3203106,-0.4476850786532888,-0.2706717438105299,0.006904180406817028
3203130,-0.1824138146172158,-0.2556987887526673,0.006972526334014149
3203163,-0.4030043044763935,-0.29251645038758867,0.12790601398145768
3203205,0.07884813026332639,-0.155123743864167,-0.27526883212793846
3203304,-0.5376607789370145,-0.45221972391900783,0.22226781067824744
3203320,0.05295862715600722,-0.004741571589927094,-0.1582500880766335
3203346,-0.7284436832381941,-0.4606894295554132,0.3831124346919593
3203353,-0.1376842547755148,-0.24977639953681066,-0.05762276989591467
3203403,-0.33760363696630086,-0.2015348678123349,0.07231625417584986
3203502,0.05025077639669462,-0.1760420347293459,-0.22393570073993876
3203601,-0.07173825240978231,-0.2507117814536737,-0.1242324655648721
3203700,-0.7514845534860823,-0.4299196396189114,0.38328741108507663
3203809,-0.49106318208147076,-0.2767045333144355,0.16021623795668732
3203908,-0.07383483968161905,-0.24265981895200853,-0.12605203201193585
3204005,-0.2908873242412155,-0.30958892840416186,0.03187847438631976
3204054,0.15527543518979495,-0.13549976125091817,-0.3281153233881564
3204104,0.03173483852842575,-0.22031254907210274,-0.21292421910006162
3204203,0.013886413020857675,-0.06500076410468708,-0.1769228673954396
3204252,-0.05005566846361096,-0.22775887140766998,-0.13481093490405927
3204302,-0.004262015774877512,-0.012890236875712119,-0.12966469979183973
3204351,-0.027274258942547782,-0.1949742549445304,-0.149424780103203
3204401,-0.2686087632505039,-0.22777357950567478,0.0604797385113343
3204500,-0.4305937603436777,-0.3763792255115885,0.18386696647950945
3204559,-0.8274040005322082,-0.5378412095174158,0.4538406279564722
3204609,-0.573785597676103,-0.42839898887460925,0.2647011020657465
3204658,-0.11058660169924076,-0.2263343946939367,-0.08135094808085888
3204708,-0.0712745601588044,-0.21462420878931956,-0.12582107994994735
3204807,-0.5861400810223181,-0.26790976943648703,0.19554696385950135
3204906,0.10331394696371073,-0.16300595746665325,-0.26605629743978193
3204955,-0.2717688635227808,-0.2705575603233922,0.04873089479200913
3205002,0.06500591143543792,-0.09585629492685374,-0.2550823553468344
3205010,0.0565495036366764,-0.16635901892496427,-0.21770217461497288
3205036,-0.6976560897697034,-0.4267313602582571,0.3613743119678755
3205069,-0.8843230480455617,-0.5753118871328351,0.5055333598906885
3205101,-0.10630550327153988,-0.18327158740723,-0.05203741103689721
3205150,-0.06689701044045189,-0.2134534814954731,-0.13759760721775208
3205176,-0.04219639539170783,-0.23474049241459094,-0.1324218711285741
3205200,0.08374585988798068,-0.07134093983079166,-0.23027128319685697
3205309,0.16754261124633202,-0.08022610672326173,-0.33269872911961873
3300100,-0.3874575660518571,-0.13289000245425384,0.2800439124658902
3300159,-0.4023492772132223,0.00011740695684415704,-0.14733333466213835
3300209,0.035985209052957746,-0.10613439055246213,-0.0873359428397342
3300225,-0.5449758659445173,-0.19849530001154436,0.3011065508272322
3300233,0.15806818543182255,-0.073493668074844,-0.18213191215273847
3300258,0.22563227311645118,-0.017120884466774622,-0.2665003177474543
3300308,-0.4461018922321313,-0.08818289364106953,0.257355361777802
3300407,-0.41245853300661783,-0.03625299443665006,0.25454458807830915
3300456,-0.08196990036553525,-0.06813951209028407,0.02304690418360687
3300506,-0.6573730051079171,-0.270604016744342,0.3563238614892074
3300605,-0.44520246555113857,-0.18164130531898315,0.08804115138931826
3300704,0.09252272063830916,-0.1014792568270055,-0.1643370887116004
3300803,-0.35024203192219294,-0.23227745446969314,0.18895655352751015
3300902,-0.43582896327329496,-0.12708672039271457,0.003740312503419879
3300936,0.0066333814401243465,-0.06230129786606671,-0.1512496949313394
3300951,-0.4316931753352558,-0.18748681637341907,0.2541415826485982
3301009,0.013597803303487536,-0.003828368819244969,-0.1547775399976093
3301108,-0.5010420677052092,-0.17056872019058963,0.11650226778255494
3301157,-0.1078600724104901,-0.05588845458221959,-0.11549481150354263
3301207,-0.46232503168348726,-0.13418126324807603,0.1474015363424515
3301306,-0.14571719060852906,-0.16811843760311537,0.03793800018293154
3301405,-0.2601420037234966,-0.16377896435600975,-0.10100727579600648
3301504,-0.5541750909912793,-0.21568363281861186,0.23153731523296492
3301603,-0.6488175675637394,-0.24189686016223116,0.3181931830928088
3301702,-0.2589152817384951,-0.17852706894837728,0.1425527518749235
3301801,-0.5077537070740407,-0.19146391780949176,0.3003078550718219
3301850,-0.2544216732175249,-0.1899043793582856,0.13263819715478448
3301876,0.11839323119420012,-0.09493208829706064,-0.1508067568249537
3301900,-0.0848231135007799,-0.11756507518585123,0.02092705200849052
3302007,-0.24956923873209422,-0.11897634678952744,0.15167590771686906
3302056,-0.24827934453408088,-0.11882475528676054,-0.05237129355530431
3302106,-0.37749814812752736,-0.0672790305387746,-0.05352625086055571
3302205,-0.36303506343977526,-0.08359182827219365,-0.007318681415257818
3302254,-0.6164202847472195,-0.04936529999937114,0.4621279916838912
3302270,-0.1381551742220464,-0.06035324806041424,0.06827196256710032
3302304,-0.45797305032852476,-0.1026532508276008,0.06711679022438861
3302403,-0.273377337346453,-0.22675008279899642,0.1022050241150912
3302452,-0.4967513889440961,-0.17847712369898935,0.12163569087729724
3302502,-0.2875313716977938,-0.19507037314480336,0.1608863990844878
3302601,-0.37144564836452304,-0.17130513298121994,0.2503013753962764
3302700,-0.043596366762397504,-0.1236668599005109,-0.018811764372970538
3302809,-0.4542189937565042,-0.12251468694599918,0.2693018553400884
3302858,-0.2621125719770248,-0.14914297581862204,0.15560736862191907
3302908,-0.5892803971931831,-0.21701718895226954,0.3566177710546514
3303005,-0.44893490084701176,-0.06483777701885382,-0.009254811677753834
3303104,-0.46312969773791596,-0.15709817313095203,0.0642218415703321
3303203,-0.04811946608179953,-0.09223750832511697,-0.00971716651587166
3303302,-0.044245553378030295,-0.1186895166801282,-0.017406924649469083
3303401,-0.8960476616651349,-0.497278099799531,0.6079533878622561
3303500,-0.29096027684230463,-0.1596093125448277,0.1763069749020365
3303609,-0.2963715050736857,-0.138345292097171,0.1760318311908721
3303708,-0.46506832638247786,-0.16717541979060627,0.28023379960013167
3303807,-0.4261678142824547,-0.05699742641636466,0.35665948190391794
3303856,-0.5721286708128334,-0.18692260358236742,0.34189272530263287
3303906,-0.8185541873997134,-0.3868939670250399,0.5544722305301962
3303955,-0.40109707248551113,-0.07018931085020597,0.24318213125400612
3304003,-0.42700980988965986,-0.12680504828070183,0.2617649731905288
3304102,-0.6010551549357566,-0.19319402650969575,0.16902162228905718
3304110,-0.3420824430032823,0.029597535046812284,0.21079360710307096
3304128,-0.4168941234675847,0.02950121520045536,0.23524699641824567
3304144,-0.116143093365618,-0.05068881998116598,0.05438876678742133
3304151,0.09651883650256138,-0.021213431471087996,-0.19795167266297745
3304201,-0.47639667412421527,0.04811652898663411,0.3029625749758219
3304300,-0.17493225360351558,-0.19205100350989593,0.08057381513536346
3304409,-0.5530473460751015,-0.13276400657612167,0.36107944582881474
3304508,-0.4570011534414919,-0.15508729086331222,0.274251464977214
3304524,0.005861675353246251,-0.09021769061634968,-0.09474064687856955
3304557,-0.09948857400188357,-0.11479478618120215,0.03647229392211757
3304607,-0.46547953008993914,-0.2461804496313263,0.1085583320026752
3304706,-0.41038995458077193,-0.05188985805821474,-0.030586452642667607
3304755,0.07909201864590973,0.07429180515945515,-0.19653933019970987
3304805,-0.39865372072126115,-0.15045053531554037,-0.011682829502807694
3304904,-0.039439792401254885,-0.11239654728408603,-0.014934798609525346
3305000,0.16110280100317226,0.053591799817395216,-0.25401875714691885
3305109,-0.04367848783879243,-0.09672981420384537,-0.013940997087376662
3305133,-0.4178966710518781,-0.09478519344838891,-0.02005206282005156
3305158,-0.6565397799190473,-0.26729718206167763,0.3861630820890456
3305208,0.1304911974139704,-0.06985432849117644,-0.1593198940876809
3305307,-0.3886815736030173,-0.12207582059998719,0.05190363876865711
3305406,-0.5458336861176611,-0.20835334465614602,0.2799323476413128
3305505,0.009971756014991496,-0.10588429108223396,-0.05552810740791181
3305554,-0.10506513030849768,-0.01941198401077625,0.04881506008043433
3305604,-0.17935615226945958,-0.17543836053927014,0.06697952512363294
3305703,-0.6550318194463854,-0.2490950546499765,0.38108632374911083
3305752,-0.14889342645913253,-0.17273137647829212,0.05993489214472563
3305802,-0.8655271523016345,-0.42647469950074113,0.58416023941493
3305901,-0.6150643527256922,-0.2398452018619702,0.3092949949443455
3306008,-0.4223079470585448,-0.15591310116611243,0.23479633081208953
3306107,-0.491731184741408,-0.0934931741957038,0.28630074917224524
3306156,-0.7087491431008857,-0.33428332786515647,0.322750921661849
3306206,-0.45640325090081857,-0.1476179717395728,0.2703618234000367
3306305,-0.39101335243667507,-0.04306989666399817,0.23635458316935626
3500105,-0.13466310736503875,0.32818334582138503,0.2812328094450708
3500204,-0.10053866841730352,0.377657684813262,0.2625403781778954
3500303,-0.28072453805647707,0.5172148774835575,0.15433508778938973
3500402,-0.5105938323344255,0.2564105454636802,0.3315360715945431
3500501,-0.47076008411085135,0.22270624968309416,0.33125979396313937
3500550,-0.43406637703755685,0.05979736147638017,0.40581174681471205
3500600,-0.27354052899470577,0.39399845328027505,0.18145657825563385
3500709,-0.38105607316509876,0.11117146479458037,0.3574132093500298
3500758,-0.4637092353424186,0.05198425949290883,0.37355894405434426
3500808,-0.11005121291293335,0.24014414440217036,0.17676766723757742
3500907,-0.08063461995685432,0.48528604884862225,0.18117028713202613
3501004,-0.24769549270651203,0.4244827114247475,0.1703423798886441
3501103,-0.20879918442534284,0.321893279573698,0.3078000156260146
3501152,-0.5477982171834149,-0.014955279408421465,0.49094008695282343
3501202,-0.15459154183220436,0.3488324579516636,0.1448577707457423
3501301,-0.11583096627213882,0.21554082624264453,0.1776786232907323
3501400,-0.3280394011264679,0.21254831153513726,0.3203401347219861
3501509,-0.38070498267946246,0.15635858898480368,0.34353062128813133
3501608,-0.31442557260933734,0.27422710196996564,0.20431291951009112
3501707,-0.26807906709814416,0.33787641600195184,0.24430275414114425
3501806,-0.11754224041432619,0.43223871362892,0.15386264298441307
3501905,-0.39656070267593496,0.31677935341966657,0.3212879932655557
3502002,-0.37691691000387034,0.31045706086845903,0.2267261827974403
3502101,-0.11934080464039187,0.36395736418060337,0.15255972574023977
3502200,-0.4692488020395665,0.017864964237688064,0.38061276638949476
3502309,-0.3449920282284492,0.1672429456735903,0.2372111663744646
3502408,-0.2028532220899995,0.1510848200134214,0.21177701862701492
3502507,-0.38359694889478035,0.09830182800615489,0.33694030691947163
3502606,-0.08392615716486657,0.5481343141457007,0.21908522770349842
3502705,-0.5086926189470433,0.11212169349188943,0.5113088179068688
3502754,-0.4881317530318501,0.06261494576201222,0.4241904290286642
3502804,-0.157768833502868,0.31770935983696347,0.20183536020727322
3502903,-0.4462785105381107,0.10335250811828348,0.38165895765951235
3503000,-0.12307200717950478,0.31162352994009335,0.13352075690148807
3503109,-0.439091471168514,-0.00544824835179414,0.4320760366653317
3503158,-0.41606039765061764,0.2464965097670417,0.3441128467326326
3503208,-0.25016370752764205,0.3789063215700254,0.27935474556576484
3503307,-0.29248541434658765,0.4739124636767074,0.20573875391863994
3503356,-0.24435579130000343,0.26619666979729295,0.27230751282040705
3503406,-0.2683342682881122,0.20344658053120568,0.2941530119700115
3503505,-0.6326897220103921,-0.01908928424398682,0.5183274383750385
3503604,-0.3616505752425233,0.17167859359576002,0.35661352845460836
3503703,-0.1561961661276222,0.2907943869949552,0.26732233445002623
3503802,-0.31214175333082905,0.41922192843029576,0.2304774998083127
3503901,-0.4744603591944527,0.042772974029370775,0.4355108710330723
3503950,-0.21487317144077117,0.2894724378230888,0.13568726498655873
3504008,-0.36767754041073325,0.09526137457998832,0.31206716602382945
3504107,-0.5185912091652709,0.04845853586594111,0.4452058894390123
3504206,-0.1089376330988117,0.47341485809602774,0.21679026609094781
3504305,-0.3185779265254559,0.17647631847842649,0.3030320286511883
3504404,-0.20162757645698798,0.2894015463103596,0.2834778903678887
3504503,-0.4729057487760725,-0.005325566035375152,0.4660534928123806
3504602,-0.12156984949731386,0.3786860050512544,0.2451563578614027
3504701,-0.25747243662676234,0.26195719192918754,0.3128312081189291
3504800,-0.14183005352867473,0.3592008282096959,0.21352256195666122
3504909,-0.651569688746395,-0.1378882505138894,0.4905564777761572
3505005,-0.3235184712405402,0.08427827741265596,0.4101139543235541
3505104,-0.1768010293202533,0.28007145497514613,0.22550640087234367
3505203,-0.2876785314462837,0.1704731307565996,0.2782529459525376
3505302,-0.29273704227085856,0.22655158846955187,0.32256686014556846
3505351,-0.45619435548417964,0.15138542104991076,0.5299920902367674
3505401,-0.4205589362343279,0.009437072320045278,0.3833711916400883
3505500,-0.11531601701799915,0.35433324453915865,0.1523580262145828
3505609,-0.11069798616144566,0.5027313440550124,0.24804145696089167
3505708,-0.5438706142501644,-0.06361475327756488,0.4442842230816096
3505807,-0.20436280392487738,0.2558485301187573,0.2985630240365524
3505906,-0.2528696104475851,0.286216746939285,0.21706039606813504
3506003,-0.3032084431492962,0.16173016117764566,0.3088213829361524
3506102,-0.11870444228341064,0.36379086776415803,0.23079449038399233
3506201,-0.1718205209592754,0.3164611760286527,0.2458125212258582
3506300,-0.4340477824300702,0.04599398536398435,0.4003213452697669
3506359,-0.21307803152478957,0.011775594134965123,0.2270741488843745
3506409,-0.12639576288916296,0.4780753500437494,0.32034079146461525
3506508,-0.17741736109256637,0.33218556450128467,0.26173097422693736
3506607,-0.4953897478791421,0.0013694868658483438,0.509844399867357
3506706,-0.2519491351914417,0.2783800635445188,0.25456962329997257
3506805,-0.3029418668348218,0.2295685646871672,0.25697490848427224
3506904,-0.407265993650739,0.11720287350090255,0.3369551817716732
3507001,-0.38637413540132004,0.1670479321152936,0.3218383868715241
3507100,-0.5825457130957405,-0.019316096720691345,0.547882360989916
3507159,-0.5438215578790437,0.02104682898243987,0.699901496417144
3507209,-0.3182358100565831,0.179537043676699,0.27306233639720645
3507308,-0.22699995561246394,0.2353143721984376,0.29554799279031024
3507407,-0.2141252648573773,0.2241277791251839,0.2592149934152855
3507456,-0.4097852575256291,0.09462256610910932,0.3972883288845614
3507506,-0.45158119459857865,0.07505001910086483,0.3605989172172471
3507605,-0.4566313399533708,0.28350557260569,0.43217090854465745
3507704,-0.218554185759493,0.3041428731857257,0.2974836038828566
3507753,-0.15763415334909847,0.31867353461634323,0.25244305133029316
3507803,-0.1603100159997576,0.5080359630904738,0.2121621130493436
3507902,-0.38383513497696425,0.24187164380308993,0.26069549000262016
3508009,-0.4656551658628021,0.048014359827858864,0.41938674291290406
3508108,-0.12612286778554307,0.3725813805974512,0.22264500738327095
3508207,-0.18966691155832804,0.25254604630999916,0.19497256311379016
3508306,-0.3217339105237214,0.18875768292461714,0.37078739673085875
3508405,-0.5214554546425002,0.007839787354183343,0.43531301485204954
3508504,-0.3535865532164653,0.09278689077078771,0.3380104519958211
3508603,-0.36823411277751955,0.16503537129533058,0.2670226878580654
3508702,-0.40993882189917696,0.486456852081471,0.10500973265738912
3508801,-0.26165410953313073,0.2288397458998172,0.29875504525217716
3508900,-0.10291496777316364,0.28870553179405317,0.21150766694378392
3509007,-0.5319630035293957,-0.024183834928809194,0.46604484215535746
3509106,-0.11273059136233181,0.28279646802189595,0.1613724587154057
3509205,-0.42461951846693596,0.22056423137635725,0.4501826818563659
3509254,-0.2571267676471318,0.022782298279432983,0.26218962344786717
3509304,-0.09027353620860537,0.4165488025279044,0.23239633247928598
3509403,-0.2972826328238298,0.4112195682426159,0.1507838283230481
3509452,-0.4293278583894542,0.08243567131075505,0.40664085240867803
3509502,-0.35776745617391287,0.17844588685192617,0.27745954717119625
3509601,-0.4827827937340431,0.10365146616600578,0.4292784040817636
3509700,-1.0266706886624846,-0.3724056126258677,1.1156197879945928
3509809,-0.3551554273173489,0.17672675433515983,0.3400261149021806
3509908,-0.07180287405541588,0.0494671625946636,0.13375931519745826
3509957,-0.2624133177416028,0.20648769696090866,0.23892327765895588
3510005,-0.3239414162202627,0.09740779317334258,0.33399819135321784
3510104,-0.15560928477751887,0.33030513327460354,0.2801964061240892
3510153,-0.33364002507191126,0.13690275229684756,0.35760674543911203
3510203,-0.47788288160630965,0.07737779130408352,0.4488153405041485
3510302,-0.44856256670845246,0.07068518855057662,0.35440913812306823
3510401,-0.3257698995836459,0.2601479650651899,0.24299761607136303
3510500,-0.30464381782830424,-0.033661985065926124,0.30511549242176544
3510609,-0.5008664539509975,0.00345901644958523,0.42402940675916045
3510708,-0.09148162191698521,0.4535538388682839,0.12186261931497172
3510807,-0.23561070497401712,0.6496587484745677,0.14361108266189826
3510906,-0.40793647037785463,0.31702897326650836,0.18704927049897666
3511003,-0.03579222466149254,0.475221458671329,0.15680319819290875
3511102,-0.094036121697643,0.39910342992443026,0.29805265097023365
3511201,-0.16123986856032513,0.2590877837489541,0.2500051171332545
3511300,-0.12098308093918615,0.37098241535440285,0.2593707606396083
3511409,-0.435048670811213,0.04661531051512113,0.4717919848958413
3511508,-0.3763819337010333,0.15397487679962554,0.28725274661568523
3511607,-0.40311481398379595,0.13462539432314272,0.31984744197192694
3511706,-0.27669517878260735,0.44328781473262474,0.19333783631001164
3511904,-0.2403380681167425,0.2578258221885068,0.2725995869647631
3512001,-0.09462384801688685,0.42176532374151543,0.21220692248160403
3512100,-0.09120478385371648,0.43435356721581575,0.12605807900367466
3512209,-0.2936424027213625,0.4899804349485047,0.20317613660236122
3512308,-0.3714924183055045,0.13645851779893609,0.24771060090092334
3512407,-0.3349067494901602,0.3909581458504702,0.22843514401447307
3512506,-0.18668835327872924,0.33884343254410987,0.2872588069760035
3512605,-0.40308114561016234,0.07461236589902508,0.41366635117335915
3512704,-0.33818931657567736,0.37441586567023155,0.19824699832758522
3512803,-0.27275937784038135,0.43267806143013504,0.23454313029547433
3512902,-0.12376769573905033,0.4068573820164134,0.17377450379578047
3513009,-0.6190864659677364,-0.12045350364074227,0.5633387979635137
3513108,-0.23096835981945116,0.37156485258551597,0.22285273265417518
3513207,-0.2694449399264755,0.20025028671387407,0.20658790464752277
3513306,-0.33091334160209146,0.058812590124571316,0.2739489078287887
3513405,-0.3959601275939847,0.2797686347412402,0.3105916256757641
3513504,-0.07927962059102864,0.07260409909661714,0.10520664567855108
3513603,-0.7737004943667325,-0.141904046123288,0.7084852360373514
3513702,-0.26778580644581546,0.4249065529134775,0.1971379317054772
3513801,-0.5045536704020709,0.012555724029719521,0.46500163321969207
3513850,-0.12940340155491714,0.4355201655845746,0.18985626107195994
3513900,-0.5064664671182131,0.2683802734501774,0.26946779138914817
3514007,-0.20515915600891282,0.33870678350593963,0.28780799260074325
3514106,-0.3403847325910839,0.28184159901436723,0.29682364023716773
3514205,-0.19191013870467502,0.3227285775304417,0.14756701849776932
3514304,-0.295252860683806,0.29071226596215544,0.2681863577486062
3514403,-0.0917163771267515,0.37470524738955924,0.2377308504933783
3514502,-0.39520069127158514,0.09763431466001213,0.32304992183214754
3514601,-0.17941328594651373,0.34353603117558895,0.2446965997698111
3514700,-0.36637228453804416,0.1483917642453365,0.31068787489591265
3514809,-0.23949892259665323,0.05942669215844061,0.23902683444117967
3514908,-0.3280911407041267,0.23135360608880617,0.26947372423198285
3514924,-0.09395717546994771,0.4048068860610129,0.2811913436689927
3514957,-0.06848605171215405,0.489822110657918,0.24689815248086389
3515004,-0.5393521497337349,-0.031046646870734766,0.489432556256089
3515103,-0.5573247152278864,-0.0743300134349792,0.515407981379299
3515129,-0.10648691656023361,0.28176300861840275,0.19047895440951126
3515152,-0.3094353799807235,0.4741779700883839,0.22397231456745254
3515186,-0.382606418886324,0.4013477094797088,0.2047237464243533
3515194,-0.34505460850173225,0.14312244849551622,0.3710078099932659
3515202,-0.18623305714415084,0.32139849695693645,0.17161481686315158
3515301,-0.24469655845420263,0.1162940637463512,0.19955721653013686
3515350,-0.29053056601134414,0.06835481648623014,0.20646525806609237
3515400,-0.3985447268669871,0.04740908904516113,0.370312955054039
3515509,-0.14376307815316147,0.4046404735033259,0.1817834763867044
3515608,-0.14118332762732627,0.348109045452742,0.2719058660630189
3515657,-0.3325870561580515,0.21070235853238226,0.3556070693552171
3515707,-0.5325338703760281,-0.05676180229924762,0.4598083049533825
3515806,-0.12592711202435236,0.29523888945608345,0.2152371350952143
3515905,-0.14755909563208272,0.3684293636149659,0.20088615282149594
3516002,-0.12104650727760201,0.35719898819711793,0.2591018935540161
3516101,-0.2967328911083752,0.06104867074247253,0.288288196616074
3516200,-0.25734533711690283,0.284732507988755,0.20617987484784664
3516309,-0.516795417960357,0.028993984903474247,0.4524719151953098
3516408,-0.524365556754524,-0.017944534337917453,0.44651511241974734
3516507,-0.21619323580632363,0.2938937244368882,0.2635758169069859
3516606,-0.3842680121794482,0.15152496268361965,0.33846440987837195
3516705,-0.3667570712430102,0.16948974390652022,0.35956659627992615
3516804,-0.11963116102997008,0.4151018094278567,0.22562153462908888
3516853,-0.25344264256559557,0.28470645226741115,0.26479653390122726
3516903,-0.11970199414921519,0.4319685092950488,0.21915643463942994
3517000,-0.2893210196873202,0.23881294985469775,0.2784174518062626
3517109,-0.16139227919819987,0.33950906787435425,0.27754451046355294
3517208,-0.19392196760705724,0.3086585942308588,0.302577361353507
3517307,-0.3036775163095025,0.23006523262074055,0.3019159257617659
3517406,-0.08216369230847054,0.44071500306469474,0.13989743912028707
3517505,-0.09349946262445218,0.4373901610807667,0.2295676233987317
3517604,-0.5313800992134124,0.09183921552906446,0.4821933229682392
3517703,-0.09903737043241408,0.4785380410874869,0.18934551182171128
3517802,-0.11962826475237855,0.3978579844313341,0.19741655807147124
3517901,-0.02383076089570601,0.6366617651934752,0.15373427496568784
3518008,-0.1829427788477314,0.32375172494144,0.1487143417100416
3518107,-0.2959783023135726,0.26121416799367003,0.28530938417821394
3518206,-0.14730712022630682,0.369309227137761,0.269363503186159
3518305,-0.42561758983135656,0.03367700943291782,0.4199100985731509
3518404,-0.4106865397303223,0.21243224795866475,0.385727842116954
3518503,-0.484977935643256,0.030605956746529536,0.3841778654321026
3518602,-0.22884277930892835,0.26378521302678526,0.25823021157270765
3518701,0.08462661811430694,0.17791200351518127,-0.014102176564078129
3518800,-0.5228343294763834,-0.026733784941007744,0.4515582506541083
3518859,-0.1742329839525401,0.4352386510789332,0.26162442833585076
3518909,-0.1274135987634458,0.41956567850880233,0.1967501333818642
3519006,-0.29769080077267956,0.22820250142843226,0.2960448349084568
3519055,-0.30708381151961045,0.3952589175523165,0.23696329571694866
3519071,-0.3356941466886503,0.1704905131587449,0.24453533980437214
3519105,-0.2512660411730303,0.19834673297361738,0.27725113414396724
3519204,-0.22008879993628522,0.26431698777278767,0.30309102990748843
3519253,-0.46598408554507437,-0.006944025533375201,0.40005398254194174
3519303,-0.32594960702609904,0.30508296289885556,0.2525075456508973
3519402,-0.08692812494072771,0.4412596625393144,0.2518429979905759
3519501,-0.3425576939381842,0.1385871577806096,0.3437864348415976
3519600,-0.174876782786072,0.31610054734489823,0.30842761711187333
3519709,-0.5754653125407437,-0.06616407960366756,0.5390777965135838
3519808,-0.06476905686026357,0.47997358409359075,0.12059959184844794
3519907,-0.28181469484892335,0.09542293187973495,0.24931143746358375
3520004,-0.3569210440217075,0.10541395209420752,0.2888004658666493
3520103,-0.14045457391723967,0.3014308635660362,0.1396009512981344
3520202,-0.4315621074110607,0.13742906723343357,0.413013257478728
3520301,-0.10352202914658575,0.048210085333623115,0.11958881501563477
3520400,-0.318351867531678,-0.05130231545148181,0.33996188423931417
3520426,0.011414368636043845,0.06246669227303528,0.0615631074717574
3520442,-0.09307152488020698,0.38984400229994776,0.11545570903668416
3520509,-0.33895345095810386,0.1701642633005511,0.2889834783084514
3520608,-0.12520138013510676,0.23563422083302124,0.19173485143467783
3520707,-0.13780546098059315,0.35895975118619555,0.12181605101428114
3520806,-0.20760536054785583,0.23430834279408258,0.24603524273857622
3520905,-0.39128298855067717,0.06304509110763655,0.4154567249507487
3521002,-0.46760108633440156,0.019260236343350737,0.35358007812889947
3521101,-0.31017041924368643,0.4185209081334577,0.20285253641813225
3521150,-0.11011293745765817,0.41869816903534457,0.18509482598124402
3521200,-0.3584446360792043,0.08236635819634568,0.2860594311785405
3521309,-0.10152259984807942,0.40481889029984275,0.16131412575134743
3521408,-0.3160175278153072,0.3833533876772655,0.2127064106670184
3521507,-0.14015352013374838,0.3318496531921274,0.27171759889383884
3521606,-0.16413521923762536,0.26916981979007487,0.22554824852521385
3521705,-0.41862738558890655,0.10815623516638925,0.4807424350793294
3521804,-0.438979593294967,0.01291406200964238,0.4325233910650697
3521903,-0.13442768812273126,0.3568784332484409,0.290013914370734
3522000,-0.22844878886179967,0.243782912243109,0.2800051494854703
3522109,-0.15642825152957715,0.025569399848945504,0.16295117491923936
3522158,-0.31762820058428287,0.15728515669856588,0.28040878501869043
3522208,-0.5724116115837089,-0.0837752790183865,0.5244132403274129
3522307,-0.4404361077941149,0.11086923720134813,0.43309508795447005
3522406,-0.4784749089722217,0.08173386880283356,0.48807470738969855
3522505,-0.5282323953172098,0.00803440819121453,0.48895018314097244
3522604,-0.395598657639811,0.2716422367712405,0.23596633868050343
3522653,-0.38553391663757014,0.18473227021873703,0.44706697086334346
3522703,-0.1608723301226229,0.3394780770839714,0.30192661179466873
3522802,-0.37930947795069286,0.0886079984576785,0.35756459727338274
3522901,-0.25476486733189657,0.23239494022171464,0.3125209123006908
3523008,-0.06213932672616314,0.45867697649327244,0.1334088486955893
3523107,-0.45845884425482913,0.0638826800479994,0.43917025395361575
3523206,-0.44769706352533767,0.12004020195920136,0.5203610666333078
3523305,-0.23868051547387054,-0.01323066350193615,0.23653378482302298
3523404,-0.46382686150017366,0.14977813047136748,0.3855795411304811
3523503,-0.4840256184092124,-0.007332113365209674,0.4434801554503009
3523602,-0.3804633741522939,0.3256356127669269,0.2622208970613196
3523701,-0.31597643649416324,0.28539754976960957,0.19072577583462474
3523800,-0.3387212985939431,0.5294425248451267,0.13330847652628755
3523909,-0.35629656088809586,0.22526546645983836,0.3521034886254129
3524006,-0.4065713533920051,0.1268647209781858,0.34781927712464333
3524105,-0.12876875582114278,0.3592892625223433,0.1738749162972662
3524204,-0.09053585648360778,0.3839475641479744,0.17864671767774173
3524303,-0.2060428978088481,0.23882755042068818,0.24862680611482327
3524402,-0.35502431390069555,0.08687102034745031,0.3719873774495775
3524501,-0.15440461065960157,0.31126971126226516,0.2400487947505228
3524600,-0.09296539432514538,0.01203656172401588,0.1835504890910971
3524709,-0.2995772994242833,0.3763097337127863,0.24319538640923427
3524808,-0.1691597650735197,0.36810518447354473,0.17452810263560434
3524907,-0.3894866008863061,0.15251119507256886,0.45692545628214537
3525003,-0.5091722773234424,0.011400766919417089,0.44607000220248716
3525102,-0.17260869120171993,0.30382732158197545,0.19977591538993003
3525201,-0.4933589158819954,0.08027376043752847,0.4127534232885634
3525300,-0.3403634655403814,0.20071869820963817,0.2851843451628006
3525409,-0.2006599339750183,0.3295147083013524,0.22411159999841457
3525508,-0.669132586502573,0.055210318229891565,0.6715667711373372
3525607,-0.2654547426754371,0.18796792780019295,0.26492088439989697
3525706,-0.12523228079496795,0.3759094496395747,0.2354004031504187
3525805,-0.33531989463859707,0.20543929034515004,0.2962033371851155
3525854,-0.3080161493139312,0.2949718785861312,0.2698720703866747
3525904,-0.5095002648536275,0.015166099136385322,0.41054654530258383
3526001,-0.12726231657400616,0.3393149378054758,0.20419066734180807
3526100,-0.1746082496697882,0.034077185093744765,0.18161872295216344
3526209,-0.5304887502559446,-0.04727305988599524,0.4794127890362097
3526308,-0.5541005590231065,0.0401678271198019,0.5532802370436146
3526407,-0.2936662886807345,0.3217309763104243,0.2490939557782343
3526506,-0.12574402422456357,0.39271512404315523,0.2365426974011051
3526605,-0.5017794372419502,0.12808654579400827,0.36621558673470656
3526704,-0.2729408417049787,0.4672606463916817,0.18098958518257005
3526803,-0.42834015203794856,0.061920903279483144,0.38491504462384796
3526902,-0.31805857227165923,0.3707521963953697,0.19888280611602424
3527009,-0.4045632898514195,0.28629573511671863,0.270363387385828
3527108,-0.23764161989440788,0.2718076104798718,0.305008389321606
3527207,-0.38426364366263066,0.17798435376216767,0.3273709643737793
3527256,-0.13452077461500472,0.3700928331142873,0.23546148475351647
3527306,-0.4185641140492999,0.14030532839827425,0.3516519671442008
3527405,-0.1575712812473103,0.30173152134243725,0.2568367235321739
3527504,-0.3441575498362544,0.16945595150537665,0.3552275362375154
3527603,-0.2626068267185308,0.3223020856335321,0.18984430697412227
3527702,-0.23110595825362928,0.2891106041154778,0.27738604121366517
3527801,-0.3609912571431688,0.15304089000492613,0.37044859054237883
3527900,-0.3451321043112604,0.15224009359043106,0.290156978380842
3528007,-0.3762565780191104,0.09423039758227406,0.2988174133924018
3528106,-0.13944557887154066,0.35860640316963327,0.21406733791873284
3528205,-0.17411357492825286,0.31454109588623924,0.14073896269847175
3528304,-0.17630768572193833,0.3088175597905828,0.17614790645059344
3528403,-0.5603920343930916,-0.04654064286814944,0.48349613435371996
3528502,-0.4689554756900476,0.3183731315994966,0.5289902715327126
3528601,-0.4524379309263518,0.022506027481626934,0.4423371529040597
3528700,-0.18274876564200615,0.189564594046018,0.18855792546983863
3528809,-0.3233046833751121,0.07520050819729515,0.271383745234944
3528858,-0.10654757625910469,0.3931750282209838,0.29252707653868365
3528908,-0.1385368694589255,0.2887850652130149,0.22549251857359193
3529005,-0.33207194549321073,0.1919989947730219,0.31433824894808593
3529104,-0.1335239682779024,0.4159476620870609,0.18363530911424045
3529203,-0.1948696990810775,0.19475994401593996,0.230632982211807
3529302,-0.25055976721158285,0.2691526076163126,0.2667983643167639
3529401,-0.5471163211215707,-0.06704849834864464,0.4759882628080092
3529500,-0.12820506221129996,0.3472639440362407,0.24895583286121545
3529609,-0.1715341158483005,0.334539857195309,0.13614247825908976
3529658,-0.16095264394657635,0.33923677994311374,0.11726945860114103
3529708,-0.0851814270723583,0.39269859116447875,0.13295092762957467
3529807,-0.358966274004046,0.2095055256451232,0.3001745039780867
3529906,-0.2755888593943938,-0.018327129011913395,0.26744737582414924
3530003,-0.1141094360341134,0.3638532183542385,0.1022985011309397
3530102,-0.13975220960286874,0.36045353295008425,0.21219905402210001
3530201,-0.2243473614118888,0.1403736821950269,0.21318112213836946
3530300,-0.1292656151938623,0.3735267441150623,0.2476244356139093
3530409,-0.10777397330474872,0.43435639142208343,0.17539050273386136
3530508,-0.31815604011460785,0.46527855711089805,0.10391419951384973
3530607,-0.4762111744394932,0.030400818003659312,0.47793336906125466
3530706,-0.3023523177992149,0.467175276445383,0.18496986018574582
3530805,-0.2840761968436335,0.5375952552585991,0.23554717019738222
3530904,-0.31501723191400705,0.3070891372220597,0.22060958969310923
3531001,-0.17416945379903648,0.3032165836842828,0.1861188572752079
3531100,-0.0409757489364243,0.09504505650524395,0.08048788469091302
3531209,-0.5023349844629679,0.12575440611363883,0.38260354430929217
3531308,-0.1883500488019448,0.28737062999402785,0.2753240456373318
3531407,-0.12013764281096515,0.39460383334518684,0.21670387802948232
3531506,-0.10626770081815634,0.3825321232060009,0.229424667597445
3531605,-0.09185693749749749,0.39600061256129315,0.18789933487428506
3531704,-0.5003489075871628,0.14268920742214974,0.48063307272050293
3531803,-0.302263894778291,0.2947378667956522,0.24785809091793864
3531902,-0.07684000168646013,0.4721557189329146,0.20696441569754048
3532009,-0.4808708445551632,0.13737956135620782,0.38364676069265813
3532058,-0.23088094179540192,0.2973708970063091,0.2511713462315735
3532108,-0.1495704866714231,0.31877549857965704,0.18303433855476062
3532157,-0.2591353302475828,0.11376221580304297,0.2492264215806356
3532207,-0.25685151641350557,0.11075015696806684,0.2227179434123106
3532306,-0.5372172953882282,-0.02749102796993466,0.5407389298116608
3532405,-0.5527617720625475,0.007334979458959089,0.5215050927661281
3532504,-0.14578565460319998,0.3428267627192414,0.2194082280350968
3532603,-0.15885301502152263,0.32222179703633,0.19939916936049143
3532702,-0.128071656051992,0.35986944281845185,0.22363246084861518
3532801,-0.08470636983656428,0.4664637199700363,0.2803379742306165
3532827,-0.5550331459093135,0.009992707110238173,0.6031108585757172
3532843,-0.1203638346132011,0.4592680192606678,0.17347162289359344
3532868,-0.1350725773088342,0.3937674063803067,0.20953489063775638
3532900,-0.23494160067937114,0.2924964989902544,0.2651829401048159
3533007,-0.09623763640894842,0.4562143953415231,0.16550504152697743
3533106,-0.14325918822370196,0.28570978980444983,0.19678611559903428
3533205,-0.08354928648533318,0.44196146172619755,0.18065434704243066
3533254,-0.09778021235654424,0.39322738532503343,0.2591991642493047
3533304,-0.050483410001853087,0.6429247833052687,0.25841577246080405
3533403,-0.286328305232156,0.35574442846635856,0.22278511467446407
3533502,-0.12561233671501731,0.36764233621334946,0.2951175600596857
3533601,-0.18823211195871756,0.2999083365477652,0.21133193292005353
3533700,-0.34461170475709535,0.17570914980265348,0.348521456200291
3533809,-0.4386014914265961,0.04928287104394396,0.4105009637653637
3533908,-0.11312838207890544,0.36734757986987326,0.18791588084518196
3534005,-0.10831027412771282,0.3997501101017484,0.18732323033868115
3534104,-0.2971940783542068,0.23186791079170013,0.3238466340664346
3534203,-0.09859257645598139,0.4515367877987808,0.12248740591179264
3534302,-0.19554118398030712,0.22337498035726283,0.20257592416653905
3534401,-0.4936536669812623,0.004146168081126097,0.42180380199302997
3534500,-0.28491150489313805,0.1995744175880884,0.3380904369140378
3534609,-0.18917621017046812,0.2593333626303631,0.27916961010328184
3534708,-0.32017497583636967,0.1389012176882789,0.36206402099141743
3534757,-0.13173602470243034,0.41818314771472204,0.13857435733207304
3534807,-0.107840570218092,0.32551235091580166,0.18304450243765505
3534906,-0.13971036567268724,0.3234902742373058,0.22972779062099424
3535002,-0.0888257828369718,0.49297219725416097,0.1559476122975747
3535101,-0.14235075883131132,0.30853341117640143,0.23665401296599012
3535200,-0.1420806511836274,0.4213686708034589,0.16365713958408615
3535309,-0.3169782611845191,0.13463962629754844,0.34940561158457223
3535408,-0.07316716909917019,0.33718141213689135,0.13591280031888475
3535507,-0.30951969509649535,0.13863749858522367,0.29162930538172305
3535606,-0.49368510703724094,0.025016186602119895,0.5034669923332904
3535705,-0.11644752144785343,0.36517642609604695,0.2389972643222326
3535804,-0.4294609180669129,0.02696911880967627,0.4217266982591312
3535903,-0.165346345204905,0.3728604583759923,0.13861374842935129
3536000,-0.2121747878815295,0.24023428462720656,0.26275520465354996
3536109,-0.4912763761891561,0.06954858123379717,0.4617968675969288
3536208,-0.06078722107234884,0.10141185581373485,0.09647569729841293
3536257,-0.12876442541147,0.4118024562559267,0.1663830816711888
3536307,-0.2611030446149984,0.3254335596561048,0.1779123576524827
3536406,-0.03642871851374845,0.4330009159241357,0.1635793978624015
3536505,-0.27975227825669796,0.36834905031660287,0.23546129694741755
3536570,-0.4036030415265762,0.07558325909782963,0.33152613611846415
3536604,-0.1269698189160153,0.3797996941333712,0.0828767019133065
3536703,-0.30190996786141155,0.17082349138931305,0.3111066983105633
3536802,-0.6477775432873732,0.03615168601730655,0.5898528140227081
3536901,-0.1617837477208857,0.3393274235231715,0.1605078258602687
3537008,-0.26046188228052264,0.17214084356960743,0.19350711811256693
3537107,-0.3717424791372956,0.296087379774265,0.2913394557214565
3537156,-0.296986911561597,0.06241022954544191,0.2534011480449841
3537206,-0.28782904145356814,-0.024668366938845766,0.27590000696203293
3537305,-0.18221821845263272,0.2970296310398553,0.2786862055970003
3537404,0.003936826367850386,0.7334662715777837,0.21892606030975564
3537503,-0.3573388319845325,0.21295311583975143,0.2907646361163931
3537602,-0.0697237968825956,0.05436396610550595,0.09764031926963183
3537701,-0.18782150340402873,0.30891227229272067,0.2726106715856619
3537800,-0.627671535454275,-0.10988401767109142,0.5719077345222174
3537909,-0.5476802403611384,-0.028154987698232756,0.4739570403258546
3538006,-0.3394401929099626,0.22424312857004494,0.3572531487085441
3538105,-0.12261325100882196,0.3652238024559911,0.2773717917252059
3538204,-0.5521417124371,0.10058551208550762,0.46057104232688717
3538303,-0.14280866519420468,0.2259346004474738,0.1641801112148176
3538501,-0.3963220651525428,0.4137887038171925,0.3927224006363067
3538600,-0.5503041819208498,0.05023660646188518,0.5096945329670943
3538709,-0.31535230482043813,0.3001440692822875,0.19441210805468687
3538808,-0.41849004402074097,0.0518785165554035,0.4077227518693435
3538907,-0.2784339654933499,0.24891432650429954,0.309826564002434
3539004,-0.1819849894733329,0.23252373436743215,0.22552202947508151
3539103,-0.4965882439792753,0.030648928303046937,0.4220102707107948
3539202,-0.22773611686649511,0.12195016618416414,0.22138216215350884
3539301,-0.2552927406691449,0.44115280798924383,0.16860110441050005
3539400,-0.19147344355650608,0.37428224601271315,0.43338023148855503
3539509,-0.12007988765075861,0.3584350564056695,0.21357189107373298
3539608,-0.1299622044198151,0.385013240006707,0.22493817019455903
3539707,-0.3584777384751674,0.1571676513140647,0.31475109498593695
3539806,-0.48742046664128486,0.009505170157735957,0.4372679131449253
3539905,-0.13160150741546298,0.3694367126692991,0.21490663668848664
3540002,-0.2982673920512534,0.2426350798849596,0.2924132415100803
3540101,-0.2082475462603631,0.3071966670373456,0.31022919624861706
3540200,-0.10253429632226099,0.42471117185042734,0.21660142440003105
3540259,-0.12086784270273906,0.4469563240699411,0.18699223454284133
3540309,-0.1330944526193942,0.37966214561007183,0.10685407769697855
3540408,-0.17971658564904872,0.27581662738395046,0.12536278289198657
3540507,-0.3906714405575832,0.1422153440251224,0.31033933143030384
3540606,-0.3720337480812336,0.14535765995529892,0.2964729675983958
3540705,-0.23095465779425392,0.4806406549985605,0.1531840854585242
3540754,-0.20827470174110677,0.16790854350207107,0.23159492936886708
3540804,-0.1260541209447296,0.35664168320318035,0.24548153410686135
3540853,-0.16029004385857354,0.25350371438467906,0.23811109565590277
3540903,-0.18972839212326428,0.31605641242096555,0.24616930635833154
3541000,-0.007486374681322677,0.12450277761154992,0.057387589742140074
3541059,-0.5123793617768344,-0.023810372341238895,0.425111546030695
3541109,-0.3128824340574595,0.22017843539357027,0.32561455093782643
3541208,-0.13571160149664507,0.21595446753826203,0.16879576339824384
3541307,-0.12817810593677972,0.20027045146414318,0.13109819283357615
3541406,-0.06278710848032049,0.33413304819755424,0.18503448033447095
3541505,-0.11279477515506584,0.2933915861506586,0.178069687227033
3541604,-0.2088307521040406,0.2818470364893245,0.27791713465895723
3541653,-0.41946237808031095,0.13539806091396897,0.3652187169178872
3541703,-0.2459986714814074,0.21739141357834135,0.31963614725967293
3541802,-0.21089591690616485,0.3166810550373735,0.3268162828014112
3541901,-0.5088821183958946,0.12322456718681325,0.36523128342645195
3542008,-0.30416348008605487,0.21007388061253296,0.2897195856276802
3542107,-0.31713759564419847,0.2792792815348013,0.24515578804510568
3542206,-0.20914343745708192,0.21860986934067406,0.2832340301509135
3542305,-0.48842125473245956,0.07183575112725292,0.5034493419570238
3542404,-0.18324479859252885,0.16601931869071435,0.20826733469201447
3542503,-0.23190393763014638,0.24438674686056092,0.29337240270327763
3542602,-0.07842618455409532,0.07922481892349106,0.10456373108690824
3542701,-0.22410877141670718,0.2539189757145965,0.2055143067436494
3542800,-0.3550660862740703,0.15218451793852497,0.3317006346133868
3542909,-0.3029573548185228,0.315175216339329,0.2534760522600607
3543006,-0.5476880601179652,0.08082411523136154,0.5438008165959037
3543105,-0.23835064418453172,0.22293383775897915,0.22013032405699748
3543204,-0.3316438244202917,0.19268731841298958,0.38880336342291794
3543238,-0.1189118647290042,0.2719374717084432,0.1650073833798802
3543253,-0.5262089154342141,0.05658682981264386,0.4661655413253799
3543303,-0.5391321490217797,-0.062305429881964525,0.4937972788866135
3543402,-0.21314862672401474,0.29247511543178456,0.21039225302890954
3543501,-0.38344626384191577,0.0813398558559794,0.3985059514255593
3543600,-0.17661108393172437,0.225495752367015,0.10726018662801666
3543709,-0.21966810042571475,0.36141025523305026,0.23988324956451446
3543808,-0.2130884093209583,0.25941222262320573,0.25955133248298545
3543907,-0.2853491754793353,0.4805327942892665,0.1989592174224381
3544004,-0.34455082829815326,0.2754919444565148,0.22794471499723845
3544103,-0.5203688988869928,-0.037666612104217345,0.4927381261747033
3544202,-0.11531691493032817,0.3961448457439775,0.08857911913659616
3544251,-0.26642178594511046,0.04734195724837764,0.20208477669389877
3544301,-0.35384058321230993,0.1390949707057612,0.3393701533129321
3544400,-0.181395170311954,0.29903835273931895,0.254528775121893
3544509,-0.11094620968637653,0.3595080524212087,0.11955081891545659
3544608,-0.17083244009744084,0.2646225210499099,0.2815428266686913
3544707,-0.14088237805016451,0.2988052708779656,0.27527235200291383
3544806,-0.15200443433490363,0.28686085381470533,0.25422487280853834
3544905,-0.17120858529404817,0.3058739499350966,0.2072827417173965
3545001,-0.5702769625264135,-0.050843882381432656,0.6141439899738127
3545100,-0.15669147899776617,0.3224138127118384,0.2635391419825866
3545159,-0.3369542893818421,0.29070565310501395,0.21654959862814674
3545209,-0.2950360694833665,0.2907605492789176,0.2892628291246106
3545308,-0.5137416891198888,-0.014082885624795096,0.4071979713452607
3545407,-0.3468325365602352,0.13384228666059128,0.3375566287898223
3545506,-0.2256410676409706,0.1373624892431447,0.20943693354410722
3545605,-0.09900127094884249,0.4411748297595692,0.31388743010272924
3545704,-0.14274436070455343,0.38352700594670724,0.14308150419826332
3545803,-0.3115204576031362,0.31480358772955547,0.21563777664451736
3546009,-0.4441594554647481,0.06973107574642036,0.46042438918806483
3546108,-0.0033634840449446577,0.7881435016392789,0.216684190741272
3546207,-0.30250616655997503,0.4191768085495383,0.18771353082646686
3546256,-0.18749391078371255,0.5660984252509371,0.14628917668180433
3546306,-0.22803276171687595,0.5694213320854701,0.17104327967616811
3546405,-0.35389476240818063,0.13732009367838502,0.38544333825067223
3546504,-0.19409793120952362,0.33787051003101837,0.2824008262098921
3546603,-0.15787726465778523,0.3425813061416129,0.13231015096937562
3546702,-0.25795128090363156,0.5512738149338688,0.2303067465864763
3546801,-0.4456012636159954,0.08212461355879654,0.41825838777246827
3546900,-0.28591571408493544,0.2745648325521082,0.23831892118617384
3547007,-0.2726657420397635,0.3416637431514222,0.24804855568974812
3547106,-0.1074274318567475,0.3364291672589634,0.17017597802628834
3547205,-0.08938345716748886,0.5908766427283195,0.19785025181893223
3547304,-0.34333987721477144,0.4050344714900917,0.519357790540331
3547403,-0.13727492867523328,0.43940971040839644,0.14963189502019306
3547502,-0.269337223645975,0.4623458943502882,0.16191299094715098
3547601,-0.2613364478114339,0.5075773073108988,0.14900956642892724
3547650,-0.18263211959427603,0.3449569508264723,0.14636795368186492
3547700,-0.1318913435880382,0.23681443898892096,0.19079626792814555
3547809,-0.5282785824918613,-0.05257423560307768,0.4788670709296849
3547908,-0.3324523893802381,0.4072530732328469,0.1611749876020485
3548005,-0.3365614966979201,0.38013804961349035,0.24719783123108185
3548054,-0.14048265949897829,0.3366819668687224,0.20045935812998003
3548104,-0.38857567901294476,0.4920267913979677,0.21470165891426363
3548203,-0.6040687702097584,0.17865563951391245,0.7710542707092276
3548302,-0.09526156165447694,0.3070719025978921,0.21234412948913278
3548401,-0.16173249754815597,0.36554906093902245,0.2904323079241358
3548500,-0.19868821279116497,-0.004075402897900619,0.1960522666863111
3548609,-0.8056898548043323,0.009756112941970794,0.9031497620021348
3548708,-0.525053084602294,-0.058296234272636034,0.4767428939393106
3548807,-0.5142762389553887,-0.04827399289366408,0.42673430688010183
3548906,-0.2995082248611464,0.38548717118214737,0.2419772035393115
3549003,-0.1594088791366232,0.3868869786810632,0.16017159117090818
3549102,-0.3747598894724915,0.4147564465987653,0.16822035995920456
3549201,-0.16633680838773204,0.3507526991583875,0.15063514990656013
3549250,-0.12109049801057883,0.4215417931405776,0.19225712146776802
3549300,-0.08545325365411241,0.3862218905580573,0.17904532812177987
3549409,-0.1497259851421698,0.28962021844910035,0.1876301616927887
3549508,-0.19057036169542527,0.28931020960484793,0.20112004756177115
3549607,-0.8297582485914652,-0.23809677836825538,0.6756270946601501
3549706,-0.3608553000570605,0.4955759412506031,0.10556362168544942
3549805,-0.13892114764184355,0.35029093053477744,0.20463589579970423
3549904,-0.4121074486145294,0.13870449433083196,0.4011300677476626
3549953,-0.5311294762172739,-0.010341057602579685,0.5290797515644508
3550001,-0.6096537021588877,-0.036252813245407654,0.6157880419651234
3550100,-0.37705511046160434,0.15940815956400525,0.3378298770555875
3550209,-0.49530950118293604,0.053816753492917695,0.4351600123350092
3550308,-0.5204062500841964,-0.03836773649495065,0.45238249716912343
3550407,-0.3292197564192699,0.33309248823890125,0.2203477082888895
3550506,-0.32194774810399895,0.18778799150719047,0.3763258234104541
3550605,-0.5791074147893134,-0.052044078002788374,0.5384478928769695
3550704,-0.28026816818082545,-0.037182699965183974,0.2745287303493339
3550803,-0.49028044838487633,0.28590214226131067,0.2483434366468777
3550902,-0.29943369576024115,0.3349877967353783,0.16744330961147058
3551009,-0.0907560597682158,0.06925050184214467,0.11382903716911592
3551108,-0.454382875524487,0.09397606948007886,0.39751090080605134
3551207,-0.48990192255800774,-0.006487017665555506,0.5139359410085568
3551306,-0.1145145757523633,0.4113211029115869,0.20411745813498927
3551405,-0.21940579742147245,0.4398791858193927,0.16640027436385066
3551504,-0.21359404994029105,0.36451749462731764,0.16691724431085894
3551603,-0.45815117540867006,0.2537135666145611,0.34361142711361015
3551702,-0.15991177591779682,0.31655225020874345,0.21114883560722383
3551801,-0.18064014800347455,0.0596166376517485,0.19450614398821908
3551900,-0.11062710329731094,0.37469401952484915,0.20853583667302844
3552007,-0.5584447412430901,0.07461128621844118,0.44844679778188345
3552106,-0.5010182571447696,0.19438067141311108,0.3879968226545041
3552205,-0.40551733448772875,0.14586386181220293,0.36968274913171845
3552304,-0.12825288285035322,0.3646759333536378,0.18230856021522038
3552403,-0.3350231295738797,0.19628901385082423,0.23713154022054966
3552502,-0.5094803562896731,-0.025657410826406154,0.4768725961850026
3552551,-0.11810721339950343,0.407393185613142,0.16310625907767395
3552601,-0.12539350888718487,0.32959273769273495,0.22963381462597562
3552700,-0.10589645766327656,0.5577188808036838,0.3553495547354872
3552809,-0.5256412054014741,-0.0424390695368536,0.45759649945303815
3552908,-0.23165098920314847,0.1435801567705207,0.2430265005504377
3553005,-0.420762750882023,0.0313774885121645,0.40922359313028617
3553104,-0.11543111342280865,0.3964814197802188,0.2627577791488774
3553203,-0.1369897078656336,0.37738760032186475,0.26872003241003684
3553302,-0.3059935468602753,0.43982638622945186,0.1356895391208607
3553401,-0.0870304206794449,0.5028037950193496,0.2041795789023238
3553500,-0.4996568825260176,-0.02795539709896104,0.41862538415149103
3553609,-0.4244267036826604,0.3242998249338886,0.13195236692724419
3553658,-0.18574475139899552,0.2556289238367826,0.22982503154554004
3553708,-0.20360453392897707,0.273228270219317,0.2635615232381095
3553807,-0.4329578124563196,0.04496660563385927,0.428393808697948
3553856,-0.46845478213738245,0.12030926331323646,0.43191268541873495
3553906,-0.20079317780328454,0.15415822033983445,0.22408362398903386
3553955,-0.32391104735537724,0.045549518168358775,0.3312098601563559
3554003,-0.4054801368157367,0.1464343347059329,0.35777775345893775
3554102,-0.39182105491489816,0.10382547057597626,0.3731662268932817
3554201,-0.4595850994707243,0.003210248381777719,0.445597516656145
3554300,-0.24619228199751572,0.12260971647082622,0.2019318010461657
3554409,-0.06882811399575305,0.4611756889298025,0.20349887780773257
3554508,-0.3349067091557922,0.20622971576431867,0.23842307434920693
3554607,-0.44672751804763694,0.012297020399424497,0.4089189452852945
3554656,-0.4346266830328158,0.06739336511029329,0.3423952371202067
3554706,-0.4125029783197726,0.21577787961099906,0.31616079034376177
3554755,-0.2663709777246249,0.30790327725868805,0.258611348116181
3554805,-0.3056265061223312,0.15270617432433523,0.29881461553709526
3554904,-0.1466834110001694,0.4180704198552464,0.14756199388432747
3554953,-0.43719166607836124,0.28402913206427477,0.38808358637989865
3555000,-0.22123738767022771,0.280419227823414,0.32888977517715084
3555109,-0.13087780812695418,0.32134515228647104,0.19754185889615322
3555208,-0.12698698952269905,0.3898442989303161,0.23808889233708802
3555307,-0.1906870687041228,0.3174327152611103,0.1390518494887444
3555356,-0.12550218324609952,0.3392955437987163,0.2530886899528903
3555406,-0.34423692127757227,-0.08128116583740677,0.3042214008096919
3555505,-0.34010407212845467,0.16946763613147428,0.36601188434032467
3555604,-0.10755174864775988,0.40006012563905385,0.23980228479279667
3555703,-0.11315472518441098,0.4118189649918203,0.2330577380605683
3555802,-0.13090205276004777,0.4616002652759881,0.188055209085293
3555901,-0.21081546427218067,0.29327686367336475,0.31391098146802693
3556008,-0.10180978053664058,0.4096448785211722,0.27176176856399087
3556107,-0.1328861757478702,0.40391484734293304,0.17866060846267162
3556206,-0.4120483019131564,0.1445620853128395,0.33200684953137294
3556305,-0.10560286758547677,0.4500634179005455,0.2723916411092852
3556354,-0.5124332682868799,0.23683310499985982,0.46692274063574046
3556404,-0.3312739251961119,0.5394940727985043,0.14169069879232185
3556453,-0.6054070170821013,-0.09069512364308556,0.5696076125503142
3556503,-0.4686564902743061,0.09669979159350083,0.39807868753874515
3556602,-0.32013361264237145,0.20486469218284395,0.36792529420157316
3556701,-0.4114780445544959,0.13451711160625085,0.3408450199783804
3556800,-0.09872195873060019,0.37891904881340527,0.21558909900404147
3556909,-0.1273876746469425,0.36162822116949805,0.2688009964220564
3556958,-0.19052415029954867,0.34174952114092666,0.16261496199347283
3557006,-0.5377663003457093,-0.024344360474558357,0.46083474482652476
3557105,-0.0948578214640831,0.4986521191432476,0.19843966321355058
3557154,-0.15215947682456765,0.2899932872937018,0.21602090029758747
3557204,-0.3512760994279298,0.10199286648192653,0.36168513655857565
3557303,-0.307290857961969,0.4614629821497775,0.1823669495459672
4100103,-0.413415320541878,-0.0012210327930280047,0.3910335425345882
4100202,-0.3884844254587567,0.10281581755928274,0.3252103330617175
4100301,-0.7094539369261907,-0.2236401357239792,0.7662364899049495
4100400,-0.6651739252212496,-0.15538982144120836,0.729034100473873
4100459,-0.5336681230120939,-0.10873426898211767,0.5151031690175154
4100509,-0.378570062275433,-0.008914537032151743,0.3212534552192738
4100608,-0.46936758803577244,-0.0584883234000236,0.35776456972140847
4100707,-0.4901253131895154,-0.14648523840746203,0.43726243300007506
4100806,-0.3063259146255558,0.06772174151791487,0.2736426343818823
4100905,-0.4158909329214168,0.0005514786036646846,0.28135573209797793
4101002,-0.6628251503439627,-0.16991682661224292,0.7258989350484335
4101051,-0.5219747215502426,-0.11201987976248771,0.5148223527342948
4101101,-0.3664383784848824,0.05117274756114318,0.3237147418567468
4101150,-0.5191858938129131,-0.07650281986980957,0.41711652038942315
4101200,-0.33109125892729396,-0.07594843226401599,0.3701548059863046
4101309,-0.7319009626281344,-0.2809346958273219,0.8012853249863758
4101408,-0.6191957743915923,-0.152660651086244,0.5411088805094488
4101507,-0.6226473739502112,-0.15547454475365755,0.5509676232782046
4101606,-0.44564244726164753,0.08305099017876583,0.6032970662952961
4101655,-0.5878859403652158,-0.10172272990062643,0.5140602956886116
4101705,-0.5813090054929125,-0.10119581868006718,0.4679070147333864
4101804,-0.6530439523110085,-0.1272179006690673,0.7116740802653109
4101853,-0.5668134119372503,-0.08726472466488229,0.5133062318556958
4101903,-0.4578714231100955,-0.05207242162195894,0.3877429409593746
4102000,-0.4843382040367503,-0.07887332338389422,0.471763117583395
4102109,-0.5517601165884427,-0.09025362233881129,0.4602501180619774
4102208,-0.47866322530173827,-0.02455288795784656,0.3872740902820382
4102307,-0.7430738650943159,-0.26983752330288846,0.780725758300836
4102406,-0.3774930072417478,0.015524162304848897,0.341483551911273
4102505,-0.5312551846234955,-0.08488720060302296,0.4297878872084839
4102604,-0.6612429158424313,-0.13318943351818127,0.7784585176137655
4102703,-0.37727493867619805,0.07771698848900556,0.34692780589584343
4102752,-0.5318235185478198,0.10469926497132731,0.6864594656655949
4102802,-0.42399421801466525,0.015253077923274141,0.30183089484011927
4102901,-0.8581729347882011,-0.4176014151243395,0.8374937137245694
4103008,-0.6210656033529435,-0.16877934528395108,0.5232089526414296
4103024,-0.5874722781333287,0.0021511811390509113,0.6729957859066208
4103040,-0.7298342636443089,-0.2072442505317948,0.72260776866524
4103057,-0.5482548000634475,-0.004713348705160272,0.6241236309630684
4103107,-0.539005158612914,-0.033967947078420414,0.5484516404953422
4103156,-0.5988048153444971,-0.04097143254827837,0.735850561234814
4103206,-0.5760433883947943,-0.12551399539072466,0.4978517087982826
4103222,-0.7278860097628046,-0.17969506497269372,0.7607088265942028
4103305,-0.5206743803063539,-0.020809587593623145,0.4444012137359241
4103354,-0.6213604585682734,-0.19806928510813704,0.6131430709136958
4103370,-0.4620683842582608,-0.10474603970108101,0.41088882253173603
4103404,-0.3841533381679807,0.029752102994690048,0.2543409529976557
4103453,-0.5995405347748426,-0.1457701529102542,0.6213393097157883
4103479,-0.45533107657907534,-0.10487295479036482,0.3905267667803873
4103503,-0.6044665163876379,-0.141984303659417,0.5473770178633741
4103602,-0.24588235128827787,0.1937614957345687,0.452618040708916
4103701,-0.46585422809189836,-0.020937517832822806,0.35955074814137916
4103800,-0.6265171026741186,-0.15451807082595695,0.5610772633097777
4103909,-0.5482776474981674,-0.11772894076340822,0.49000218682043656
4103958,-0.8570988742203243,-0.4201901580778906,0.8329242394524973
4104006,-0.5334869626372256,-0.04026760642802494,0.5171111574765181
4104055,-0.6678317085681779,-0.19478803580515683,0.6729446123974495
4104105,-0.7400105895523,-0.2586407766023787,0.7780693832318799
4104204,-0.6006042616717995,-0.0991721896469231,0.6636799808581687
4104253,-0.5945452037548394,-0.09700851051432048,0.6572193249470414
4104303,-0.6366725600705284,-0.13116610986531257,0.48420943418839135
4104402,-0.5999683994104325,-0.10474989994769686,0.5777524944149901
4104428,-0.7435041946441441,-0.23419197950078682,0.757331110958162
4104451,-0.7182558733357789,-0.20403743577723754,0.7412518911241766
4104501,-0.4686423924461844,0.10307524028223247,0.5497101454670489
4104600,-0.5139679237819157,0.029936958205476732,0.5852007611428206
4104659,-0.7083957473261435,-0.2788122045618584,0.8876230678610691
4104709,-0.3356435212158378,0.07779318391356456,0.4055115538709748
4104808,-0.7213125464735566,-0.2440815367410074,0.743954202705374
4104907,-0.624042028741133,-0.15635117614602492,0.8463417261361762
4105003,-0.6979904753859659,-0.2049375394999807,0.7569091809910147
4105102,-0.37321193254697566,0.029997761178041985,0.2527317161268736
4105201,-0.40639777398123206,0.1318435031496648,0.42546324545231123
4105300,-0.5928040287331261,-0.12177353010290916,0.6539845199385337
4105409,-0.7169535148234918,-0.19134581798762695,0.7525893833707626
4105508,-0.5475649607008555,-0.10926494696855323,0.4468986069815592
4105607,-0.44492893914395476,-0.05719547164980919,0.33393796795738906
4105706,-0.8780328435743803,-0.43577041692587964,0.8573348053388362
4105805,-0.6128004237819968,-0.09079846860343245,0.6538246191385434
4105904,-0.33349752107706,0.06247545055599376,0.3017670569631608
4106001,-0.5407890618542274,-0.09867059247536643,0.5068280363374685
4106100,-0.3776105994650405,0.09914323119712855,0.37563164762889917
4106209,-0.703448736222498,-0.21495557144788305,0.7505691505379718
4106308,-0.6203889639762553,-0.18487184847722837,0.6167067152228404
4106407,-0.42666911196200946,-0.0433600047779853,0.35516246819275143
4106456,-0.9013827293911731,-0.4890749423983201,0.8611519910768051
4106506,-0.7443121528607045,-0.2338246178914397,0.7811248038245465
4106555,-0.5902964990576244,-0.10318981064241364,0.46345331813279267
4106571,-0.596539593856442,-0.015281654740408794,0.6572487387075319
4106605,-0.500547978447647,-0.16173594980085357,0.43737197412393725
4106704,-0.4350189942745363,-0.016985942729393126,0.31757456741442536
4106803,-0.8408672330228958,-0.38618477784189775,0.8275178986710944
4106852,-0.5703025875502588,-0.09281918983072104,0.504512389044121
4106902,-0.6158656615084038,-0.09770316036357914,0.6221540920588923
4107009,-0.5523346300301422,-0.05960186936192448,0.5801747766398906
4107108,-0.29987153329803584,0.0432951238247169,0.22263650903398227
4107124,-0.6001157238951493,-0.12791609410901372,0.6164427770276888
4107157,-0.46758529174525315,-0.0005594811227058512,0.5136241239688772
4107207,-0.6676786111777359,-0.1268747178955363,0.7187643538117653
4107256,-0.4344938150576936,-0.07486683985622755,0.32062274969534377
4107306,-0.5224229481090009,-0.04198276188924679,0.4040371872189189
4107405,-0.709958794247843,-0.21092685473089157,0.7808008588760235
4107504,-0.5169305825700603,-0.04585496544759231,0.4167276289532573
4107520,-0.404515272479946,-0.0315107174158087,0.3409308392983246
4107538,-0.4327230023976468,-0.013756246839666014,0.40346297361566125
4107546,-0.7070347170061493,-0.1860126490165957,0.7251009200906494
4107553,-0.6166786638092403,-0.13514228078771398,0.49075779390729707
4107603,-0.6515111185768112,-0.1493883031441437,0.6052793421514968
4107652,-0.6611218795793892,-0.12186326698450493,0.6742224143515866
4107702,-0.5241169840616154,-0.07695168230277177,0.41840690102327577
4107736,-0.674095327403514,-0.18041398967946234,0.7833555910434813
4107751,-0.4855522419531997,0.002550492510334518,0.4846733780275974
4107801,-0.48152912925906655,-0.007413910330012154,0.37902519181791916
4107850,-0.755350601950414,-0.2788786060409287,0.8082849195242942
4107900,-0.6031661076562377,-0.16182317883762556,0.4583786995346613
4108007,-0.3984497821383926,0.03906540669027909,0.27239544493846696
4108106,-0.46290567861857257,-0.04075562641615365,0.37386572989596883
4108205,-0.4729192529387814,-0.11115437447946683,0.44095745566680933
4108304,-0.3910961588318922,0.11421248192952763,0.35882579231577616
4108320,-0.41538045893142456,-0.018571628981486787,0.3480862080257399
4108403,-0.7167698254519863,-0.21360295245821734,0.7861044244419119
4108452,-0.6853364009806234,-0.13457291590029088,0.7441833746781591
4108502,-1.0278425304753191,-0.7555188183727608,0.9368851428128193
4108551,-0.5152511763175116,-0.08161667669729612,0.4210080720807466
4108601,-0.5021014384999899,-0.12255850624415995,0.45470388511339827
4108650,-0.7719789851690966,-0.27948676693230967,0.7648457758013507
4108700,-0.5088777544296893,-0.007223382802604163,0.4621100655365216
4108809,-0.3523068229494171,0.07011961843767649,0.326618260926825
4108908,-0.420225910638556,0.0008030899058707917,0.29042386765811345
4108957,-0.6511886449378513,-0.12105125917018478,0.6956422429511869
4109005,-0.3366984301234025,0.11706870383802702,0.38687707463901827
4109104,-0.4323194899360926,-0.04544773609590833,0.31452544605734123
4109203,-0.438626137699534,-0.006005712543031206,0.3113425322614869
4109302,-0.7010724620706754,-0.2353286163623364,0.6935132134411317
4109401,-0.8802147792577824,-0.45900441936036823,0.8563818425488563
4109500,-0.23851917564180075,-0.043709001220520786,0.29202136166839265
4109609,-0.36595220474945345,-0.068786851842815,0.42697697924063116
4109658,-0.8701845681448513,-0.43659056169030896,0.844036201413715
4109708,-0.4617666206637141,-0.0023693358824109344,0.4631006277788272
4109757,-0.8013323063482433,-0.3614207612153272,0.7947033371047856
4109807,-0.41132362227714625,-0.022144037943744102,0.3423337485549461
4109906,-0.40017006597283633,-0.03797801151068671,0.3014257548849376
4110003,-0.5595662345460944,-0.1079595172763292,0.4661420815493496
4110052,-0.573511099737907,-0.20498166076978236,0.5284379198381804
4110078,-0.6602684592124776,-0.13139725649311426,0.6843436572086564
4110102,-0.6751205635170342,-0.17945662199825688,0.7604173328420704
4110201,-0.9645494097690432,-0.6006330124229504,0.8757242311036891
4110300,-0.3277418098662929,0.036899109687690605,0.2227112260685248
4110409,-0.462506237772745,-0.025220236489421715,0.37348464537147763
4110508,-0.6598789453697107,-0.15293766866102995,0.757635738907722
4110607,-0.4188397346694378,-0.028943453752218833,0.36239548354462203
4110656,-0.5167900107395684,-0.13585714147535863,0.5085716592469847
4110706,-0.7070143050659197,-0.19538206539818323,0.7454938401863195
4110805,-0.567235305952014,-0.1083844830542628,0.47122724141051536
4110904,-0.2983271233833072,0.05012978313967715,0.22904728821940204
4110953,-0.4105100680059067,0.07532974851638112,0.38585909360957654
4111001,-0.36010981989036345,0.018330269979655773,0.3173250901452873
4111100,-0.5120123421051259,-0.006561852275204026,0.41201251531780364
4111209,-0.6807522178208781,-0.12596021715173047,0.7096554295743636
4111258,-0.48297475062020145,0.00721761140322437,0.5443352940801012
4111308,-0.3465453999571548,0.04122601189270492,0.24411718117779893
4111407,-0.6153252535027521,-0.09295381660264668,0.6584711227804216
4111506,-0.5947164937751143,-0.11410666383403811,0.5174862382860588
4111555,-0.4098292445180494,-0.10988907759642022,0.3545838939256633
4111605,-0.5232399162226452,-0.03429260650311231,0.4034288313398866
4111704,-0.40644793803128365,0.05663120994809747,0.3919450082222665
4111803,-0.37485264448110406,0.13054166184118784,0.3457095899653391
4111902,-0.4718144113973473,-0.044523268293158176,0.36684714122072
4112009,-0.5363273467046106,-0.0324057014868765,0.8422925593076266
4112108,-0.6300178014150707,-0.16070836768672572,0.5502971753108848
4112207,-0.5585547722004148,-0.13934699996480715,0.4732130415032517
4112306,-0.42314320408426026,0.05824937316876129,0.4340061139271512
4112405,-0.47334532548954344,-0.05172698003162816,0.36473979103599996
4112504,-0.5659115515720714,-0.11178273745837086,0.4686050615797688
4112603,-0.23625180974777296,0.13366399640797952,0.21138230224681664
4112702,-0.40454203469417505,-0.0316771471967887,0.32008541172492
4112751,-0.5054624490485459,-0.1282361477398058,0.49465514503377206
4112801,-0.39734202146295794,0.09230374731055517,0.39721821854914474
4112900,-0.40133443369551053,0.03270765887911839,0.39924389623615386
4112959,-0.5629104515493155,-0.13557138683240533,0.4917312575202389
4113007,-0.5094363248662094,-0.050107699033829334,0.40137777961405036
4113106,-0.5182539605984136,-0.03550449924286108,0.43648952669630753
4113205,-0.7222061820367401,-0.252760260915527,0.7764323137310996
4113254,-0.5717101422483645,-0.09534073109478028,0.5683827354087616
4113304,-0.7388219144804367,-0.2694390008532975,0.7751886326163206
4113403,-0.3528303396115702,0.01921742617906593,0.2921229585207972
4113429,-0.5277427460942408,-0.05942078092979786,0.45081865364246326
4113452,-0.623108993415791,-0.1269449897657611,0.6765107844251235
4113502,-0.39927566227748845,0.024880511859441685,0.26455217796279107
4113601,-0.4189452479989844,-0.0004781441798511937,0.2995614585506501
4113700,-0.5163526570550034,-0.09535466957737183,0.437819574840153
4113734,-0.6738333997938408,-0.17063556916967643,0.5526410673199593
4113759,-0.5271123542106236,-0.06751008922187317,0.4379767775693818
4113809,-0.33092931710443174,0.035311147200161715,0.23940708091688437
4113908,-0.7883340953424962,-0.3420397053387522,0.82614228825309
4114005,-0.6582021627630468,-0.1674585636308383,0.5383308649235188
4114104,-0.5547291725187364,-0.07702524417416215,0.4689772432597052
4114203,-0.5982328820059869,-0.12302105913059566,0.5291279240658296
4114302,-0.69514759927658,-0.18505004624012555,0.7356128226500013
4114351,-0.6793628661154469,-0.18169680810070157,0.7702627443759097
4114401,-0.8297030756583741,-0.3731192060311132,0.8474363175997341
4114500,-0.644057024622087,-0.1388793545042805,0.5991135570326198
4114609,-0.44161638138602916,-0.015206768155057324,0.4149233876860829
4114708,-0.4563183196943606,-0.11518133670973218,0.3913243686216385
4114807,-0.5887188761113795,-0.0947613474759121,0.5020614623438239
4114906,-0.6672473194643376,-0.16411345736123795,0.6091213288591723
4115002,-0.29291077323519094,0.07419405954411731,0.23853065612753727
4115101,-0.473675398764886,-0.11221624907926699,0.4301943887540306
4115200,-0.6016768368770385,-0.11207535283747369,0.5120080023443737
4115309,-0.8565455466065239,-0.397251227695038,0.8354332990962327
4115358,-0.5022795853297726,-0.10106262750292064,0.48363288674926186
4115408,-0.77359362227198,-0.299237669535249,0.8235084536853395
4115457,-0.6834180854459794,-0.19017699710189198,0.6896896377670515
4115507,-0.5720718983459488,-0.10017700849613514,0.49304653115865843
4115606,-0.5278748569271532,-0.03894888114239013,0.581426768226372
4115705,-0.2730839665961937,-0.10938117497447758,0.3490515960296123
4115739,-0.6356469922610478,-0.1533623221916808,0.5895464811175644
4115754,-0.8561270297514957,-0.4183645099934059,0.7928368628171489
4115804,-0.49463459046428304,0.025975167038219706,0.5379689103490567
4115853,-0.41520275037495763,0.014616589758445025,0.3684594488025119
4115903,-0.42757525102003585,-0.02206215614904209,0.29382248852553927
4116000,-0.45472158459375206,-0.03819588396328666,0.33910097479454543
4116059,-0.4516901159010112,0.03821790828638042,0.4525107235946504
4116109,-0.5121100287239323,-0.15464780515703652,0.45495508132669216
4116208,-0.4313874953243604,-0.09283585560255414,0.45680527264523624
4116307,-0.4969135768861183,-0.04641556837506024,0.39964403007841415
4116406,-0.42644572808241193,-0.02595851086443209,0.2987540621590221
4116505,-0.4346466702447055,-0.020247829119848605,0.3098716761767912
4116604,-0.43396354915909885,-0.03279307229384782,0.3881067360361805
4116703,-0.5281223063109703,-0.13404875022343202,0.5103856628794403
4116802,-0.5497834086720732,-0.07903010665201507,0.5124078460206571
4116901,-0.5257642960945987,-0.12426325181729145,0.43809195090004693
4116950,-0.6792136345171331,-0.1778657475239755,0.7840193658449182
4117008,-0.46106611763668204,-0.05966094512146883,0.42134663855540944
4117057,-0.7027114557395954,-0.22516923488149065,0.7233062176515231
4117107,-0.3731741808043455,0.024793949013411358,0.2435985376044642
4117206,-0.4619776740517311,-0.08731719106598411,0.3523846153514914
4117214,-0.5996212412142292,-0.13001236530853683,0.5612655822173883
4117222,-0.46619456930656783,-0.053815018094894564,0.44082691271074714
4117255,-0.5862770488727718,-0.05946765168589264,0.6263900113048826
4117271,-0.5802305860665108,-0.10497578993706663,0.49902077759432084
4117297,-0.5448103933929741,-0.08161025907148371,0.47008069329436114
4117305,-0.612595727846404,-0.10750737258768286,0.6076476409659849
4117404,-0.5364251530529067,-0.0362829716089982,0.4313468064617185
4117453,-0.5306605373120729,-0.07892408050718944,0.5574567453836805
4117503,-0.5771124354893258,-0.08763025064481839,0.47640873762585667
4117602,-1.077200162541067,-0.7895023507337383,0.9310336711212772
4117701,-0.6835285519317112,-0.19137227017103667,0.7700295723199664
4117800,-0.6332206014457673,-0.14421309376793065,0.6119629450713049
4117909,-0.45257208506773056,-0.06252076783083643,0.40277912080209793
4118006,-0.4366547831303942,-0.030689267440486456,0.3125350475142435
4118105,-0.3709103766083923,0.05292871126352945,0.25376452973383823
4118204,-0.25275491351441004,-0.07460890978528864,0.3402192014291396
4118303,-0.2836228679219867,0.08091961043806553,0.2249811201044296
4118402,-0.4169817859020787,0.0010193612060227317,0.2849316685808929
4118451,-0.4123117041063503,0.05313608990568845,0.35256005399020085
4118501,-0.7859633485622954,-0.29199542903989917,0.799152489076915
4118600,-0.7053858935043653,-0.18130004274658024,0.7540603195306113
4118709,-0.7191579637931806,-0.20744870359745543,0.7644413592557382
4118808,-0.5717347010668722,-0.07864711823784201,0.4418443407698747
4118857,-0.47513989821930086,-0.12487031840400716,0.42404358953596705
4118907,-0.4285297020805486,-0.05431872344756064,0.3622486197841013
4119004,-0.5219975255974745,0.13424310702445688,0.6360578112170454
4119103,-0.767414301401857,-0.3060651533262538,0.7905804734863082
4119152,-0.5570928710909379,-0.04734616004862759,0.582068248227622
4119202,-0.45495955777616787,0.05121286149878982,0.49415105236152407
4119251,-0.5964484871141589,-0.025586970193319132,0.7079537575544531
4119301,-0.8719713103891132,-0.44538484422899943,0.854832530914277
4119400,-0.6351249653449166,-0.23098191594508657,0.9445913800090445
4119509,-0.602165804123611,-0.10929715588138394,0.6035635684301964
4119608,-0.7197099195389879,-0.20168006619562398,0.6818289943835084
4119657,-0.5305311906849987,-0.07251438753910301,0.4358472186494224
4119707,-0.38991304962376194,0.01069607273566386,0.29027542533414585
4119806,-0.5148744265318737,0.08386738374013035,0.6279546251085499
4119905,-0.6445473054774482,-0.14422527747314076,0.7671314381541392
4119954,-0.21572035052717758,-0.054741161202633414,0.3065797087193517
4120002,-0.31966384859807667,0.045854272581003684,0.2306982876829282
4120101,-0.6833265922892966,-0.19033904855277667,0.7494922547581186
4120150,-0.6445429959912103,-0.1081737671680049,0.7010188210900623
4120200,-0.3027486793486941,0.06719271394200502,0.21939321584870053
4120309,-0.7472325562026888,-0.22528917718794603,0.7834136975353977
4120333,-0.4347471293885966,0.010367123377562846,0.325241366710734
4120358,-0.5616035911375957,0.047618046323436795,0.718978952549116
4120408,-0.5705737926750102,-0.10229112894363518,0.4777138468282817
4120507,-0.31090203551299167,0.06737290416852322,0.2716298211923902
4120606,-0.6255308334429025,-0.10452091118349396,0.6299840859689286
4120655,-0.4908562995787855,-0.11456569975390075,0.4483403539483485
4120705,-0.372226643559275,0.05507119248294614,0.4569281526788737
4120804,-0.5941591005801813,-0.10258569799348073,0.5923406592281434
4120853,-0.5147685019413947,-0.10402660696469794,0.4971992635072109
4120903,-0.6584539481966043,-0.11081692947490354,0.6738396738765113
4121000,-0.3161996784694912,0.018809198253643085,0.2502802910343231
4121109,-0.518938679151095,-0.03256170091001488,0.408714042853307
4121208,-0.7043826049760015,-0.2061820059072947,0.7520363723728317
4121257,-0.5322609402311266,-0.07051996642462512,0.5730044657842532
4121307,-0.3668093044319066,0.0161438117502349,0.2954056222068712
4121356,-0.5580779076766121,-0.17097546485460877,0.4782514494409193
4121406,-0.5668768960962356,-0.014387760481820958,0.640015180344833
4121505,-0.6792090554643979,-0.16619099892502376,0.7607396730755281
4121604,-0.7794438422250463,-0.2864611115202586,0.8133736051573784
4121703,-0.6532754847565649,-0.12300771747616376,0.6649867786545363
4121752,-0.8055692782306516,-0.3489066321089051,0.8409779597077481
4121802,-0.4077704548295749,0.057740300839981,0.3590889885802202
4121901,-0.4344891159251087,-0.02108761824974238,0.40285934057304223
4122008,-0.7234957354953008,-0.23679078586818583,0.7872723129842789
4122107,-0.5899411005787734,-0.14641827385240164,0.5151315977127873
4122156,-0.6519678220898147,-0.118314919281506,0.6913278145527848
4122172,-0.5708481740673657,-0.06932252778289925,0.5487548407374409
4122206,-0.4746035907470939,0.03951027785500779,0.5233819058052808
4122305,-0.7770836675747809,-0.3362737758935853,0.8067871880574489
4122404,-0.5715428180770422,-0.12534908483292662,0.47138839600356836
4122503,-0.6565617307745594,-0.17703498680152963,0.5679900344767229
4122602,-0.46856020110923324,-0.08703265091699454,0.3828461043168317
4122651,-0.5526715158864074,-0.04165601596699579,0.5310715747772661
4122701,-0.5841789316100494,-0.11902205981998731,0.5074104607842204
4122800,-0.6238814606169776,-0.07047639271777094,0.7224346892839869
4122909,-0.39080323503406705,0.04460411581282214,0.3955174725089796
4123006,-0.6172102853254888,-0.05261413461003935,0.7173056348269775
4123105,-0.401030497703278,-0.0026197784294955005,0.35343913222084705
4123204,-0.5443027327694124,-0.10650111211281536,0.4943491545013072
4123303,-0.38894596385426217,-0.009259390000522503,0.2599458984360758
4123402,-0.467261011347936,-0.037918067450394825,0.3730677609729259
4123501,-0.43228184356710253,0.04977658208903655,0.3932396285122772
4123600,-0.33570982520604276,0.04141928003372859,0.2343360355968826
4123709,-0.38055885654815014,0.018363604166397835,0.26604863000720536
4123808,-0.6144592580743794,-0.06693588957480566,0.7272392123342246
4123824,-0.5430269370698494,-0.014645089625645312,0.6238674594874546
4123857,-0.7894080648929316,-0.30101586757823984,0.7526077545537412
4123907,-0.3500970536842121,0.04185649649586394,0.3338195896092711
4123956,-0.3884085300155042,0.020597752279594785,0.26995389380351476
4124004,-0.39166609471927033,0.05529389452631853,0.3883326895283182
4124020,-0.7456476400360252,-0.27922764054706584,0.7553515687097528
4124053,-0.44207093706610284,-0.0519760221925437,0.47351142669133217
4124103,-0.38511661719302215,0.073824586180035,0.3744425474982189
4124202,-0.31613341953150154,0.05585070786362043,0.22783192271691138
4124301,-0.6142853841783438,-0.14478404388880073,0.6028622070155626
4124400,-0.5640981733238938,0.03566988502325677,0.7358138158290337
4124509,-0.3192352930713179,0.054091066933227384,0.23354427601073402
4124608,-0.4508450108962719,-0.023484591867333943,0.33252740404034836
4124707,-0.6792065254536058,-0.21192489031050746,0.6206905328268985
4124806,-0.6700538467177427,-0.11108983619142114,0.7147948385908346
4124905,-0.38898429560727843,0.031143197883338605,0.2625375485736625
4125001,-0.5014832321845845,-0.02503163703251495,0.40888918099823074
4125100,-0.7037512312766865,-0.2440355446254313,0.7856577459200377
4125209,-0.6104680422843396,-0.01800100525554617,0.663732465240008
4125308,-0.5300438662254617,-0.06491841502070941,0.41261284482116345
4125357,-0.34623824447432744,0.012895659181318046,0.30112949717889875
4125407,-0.3688635169623552,0.10732254649400365,0.4822945704064152
4125456,-0.48001263531885363,-0.05824363659761065,0.492036574470511
4125506,-0.5717161210365075,-0.0823389547444852,0.6604355817071881
4125555,-0.44103713135951594,-0.0194028046688254,0.3318271480451893
4125605,-0.6782467869184862,-0.16732118644110622,0.7620085756455576
4125704,-0.44034902292402384,0.0839550068329745,0.4413301847932624
4125753,-0.565565325226855,-0.11102263321484417,0.6081046000745395
4125803,-0.5112901060457178,-0.03875755332881081,0.4236679913628152
4125902,-0.3000977352682436,0.04752775387735174,0.2442252101741267
4126009,-0.525371735610928,-0.08402687840184758,0.4871407548859254
4126108,-0.49648765790079014,-0.08583290889235178,0.3923901508161742
4126207,-0.5771633066356846,-0.10316200450465206,0.5724182648146539
4126256,-0.6518198943750884,-0.15522199961979236,0.5591574484773649
4126272,-0.6571094740199923,-0.0971372001752714,0.7008898914184363
4126306,-0.4681656415772873,0.08683812717050782,0.6829249704128368
4126355,-0.4606607001873658,0.06822314138602059,0.4955025955205289
4126405,-0.3038947932964014,0.0615566544138305,0.28786763866940246
4126504,-0.3722079210858633,0.03377632509128187,0.3349896258996055
4126603,-0.42308131430882634,0.011104290528155248,0.4480868110980519
4126652,-0.647691240726594,-0.07686287088747974,0.6860599845277636
4126678,-0.7047019092702345,-0.21321274802679926,0.650999129137922
4126702,-0.4555347458776069,-0.039639599211430294,0.3439352016446083
4126801,-0.4791685369256458,-0.07646231173583685,0.415489106050729
4126900,-0.4298504809740319,-0.05303005793664969,0.3080563640987856
4127007,-0.6431810359303958,-0.12723097569017722,0.7577881009998161
4127106,-0.6184380907116734,-0.12252081856498008,0.6726973954396614
4127205,-0.5612595509990804,-0.1155654634408067,0.44464185467072576
4127304,-0.3448202437757745,0.029503634902581413,0.24564216930704824
4127403,-0.41794462161506796,0.021381104494579917,0.34123985307714755
4127502,-0.6609025395923156,-0.15996095694421178,0.777571984187204
4127601,-0.7048508424801466,-0.21104190710753631,0.7319821921187141
4127700,-0.5877019856877963,-0.1541495050671049,0.5810894076528731
4127809,-0.3857316204885612,0.09024411624481107,0.41421337589444474
4127858,-0.5890016030984233,-0.032070580590157285,0.6513443787366058
4127882,-0.5343402391117013,-0.032998883815712615,0.5225046999598965
4127908,-0.5427927055315795,-0.15414356139687516,0.4578973715953997
4127957,-0.6547712900596362,-0.24949179009069988,0.6113186948318746
4127965,-0.8128743174069715,-0.35202842623892616,0.7928533447258768
4128005,-0.5001127402285743,-0.09771330918238995,0.46215885834719217
4128104,-0.4773123360248685,-0.12670745284322008,0.39697607741275803
4128203,-0.7875957204196106,-0.3134941543647425,0.8070815089665113
4128302,-0.463171716333328,-0.025485020653278394,0.3581460480677999
4128401,-0.40507226496886234,-0.013235879505082468,0.3257883644149785
4128500,-0.4247935001677911,0.046067151478527094,0.49620812082335947
4128534,-0.600080010483623,-0.1042385089657239,0.7062221665661187
4128559,-0.586700433873448,-0.11204657402947146,0.6477303681301608
4128609,-0.6605265025928123,-0.10255402689444483,0.7143744890310532
4128625,-0.36552500230459306,0.007533232179751499,0.2934855076374117
4128633,-0.42156650046331257,0.14239924315818991,0.5571501784073777
4128658,-0.6733396087525187,-0.16237864372353378,0.7210389228229652
4128708,-0.8425992357391178,-0.38449668196340747,0.8245897445640531
4128807,-0.45860941897504204,-0.1219482918517219,0.3988831501636414
4200051,-0.7008404357264181,-0.20283084089856937,0.7975213984092496
4200101,-0.8287737440439468,-0.3241803209254993,0.836000913030969
4200200,-0.5607164318563805,-0.04486177713400031,0.7248215151105394
4200309,-0.49612593109680175,0.04712151426660136,0.605873062171764
4200408,-1.196194919769802,-0.9385749947846378,0.8920612945125328
4200507,-0.3742659991676333,0.38968565985395887,0.4255990403688005
4200556,-0.4552070408907226,0.28523673951173734,0.4635068056462601
4200606,-0.5024954569642277,-0.041051433818873245,0.6828324687541347
4200705,-0.6912022959898124,-0.290314211663542,0.8392441642093099
4200754,-0.4811824477855574,0.20358495349546152,0.4899204162492655
4200804,-0.6108070224870494,-0.010497290552498179,0.6748842155602265
4200903,-0.5478411348961226,-0.0939938307780264,0.7514164314008835
4201000,-0.6939591674095731,-0.18865136991055653,0.7917372541839909
4201109,-0.6060742685862012,-0.24320412205109262,0.872876924393212
4201208,-0.3919849957976202,0.07813889038845774,0.5325466694502617
4201257,-0.44960359117004894,0.061152717546695635,0.5781616558385794
4201273,-0.5295614620522657,0.17942437703269665,0.5472816561316808
4201307,-0.28334485142551574,-0.04336464733449325,0.32816214218210626
4201406,-0.28149961936678497,0.22299228720017686,0.4833518250097507
4201505,-0.34072048227963186,0.0425301864683507,0.5123721260694454
4201604,-0.8346541146088186,-0.35553773860766946,0.8106992861684805
4201653,-0.5169823982640832,0.20302234941378236,0.5156783189924238
4201703,-0.4144785275758755,0.0209858211729491,0.4800031928695251
4201802,-0.5614554149266112,-0.041588968684102244,0.6801726335558996
4201901,-0.5445221458310062,-0.02247176323232599,0.671587957114486
4201950,-0.2741302536015382,0.19492398834620128,0.48102197124076135
4202008,-0.3225113107471107,0.0710690737548833,0.3689802060070444
4202057,-0.23219861326484262,0.008320722430547633,0.2942040066729341
4202073,-0.26292653895508816,0.16901512483598824,0.44911765993153885
4202081,-0.4758151147769447,0.3259194743320483,0.5036507920591992
4202099,-0.49881705502435464,0.24497716576811115,0.5274723156173801
4202107,-0.30649931785720513,-0.02181737118921893,0.3594465513895692
4202131,-0.8826791574400192,-0.48275836629009705,0.8367576700878954
4202156,-0.46346671021935903,0.34890439710942406,0.49272781390937787
4202206,-0.5888415091776092,-0.09318561010890687,0.6828213489606034
4202305,-0.3237920645820722,0.07237415044328835,0.4322363850910999
4202404,-0.3710528503587427,0.0412248135202819,0.43807636085273627
4202438,-0.8690921334214734,-0.5329664247667609,0.8689526692186611
4202453,-0.3022981403645968,0.06958617306512938,0.36481307788725464
4202503,-1.106057329640221,-1.3535862589850918,1.0596024818312482
4202537,-0.6217900288372754,-0.014721956289195625,0.7237824904795924
4202578,-0.608281859541779,0.01977166478047775,0.6448151703397503
4202602,-0.893739925371067,-0.5941401176714887,0.8735432523371628
4202701,-0.4291801133668082,0.07396376122467574,0.5520892888739956
4202800,-0.3607571197996574,0.07124779703727216,0.5353844671818939
4202859,-0.5476599138114207,-0.0011483906757751457,0.6706030038206711
4202875,-0.8152704422385558,-0.38926273566172837,0.8403062674655947
4202909,-0.33108943523515183,0.10754233747690169,0.4235621607790989
4203006,-1.0365813229668377,-0.7839393217155499,0.9333867607377451
4203105,-0.4067863596891678,0.3937393641788515,0.4540936221894961
4203154,-1.2204208543130817,-1.0172764187266519,0.8877863741839872
4203204,-0.3680987317088061,0.06548490350656665,0.4132893891804799
4203253,-0.6737182562469534,-0.2940008119194419,0.9005997056230818
4203303,-0.7376646391043896,-0.2623063260620353,0.7744302660531094
4203402,-0.7316684249582127,-0.30756522663206504,0.8548106631230956
4203501,-0.7983020045881118,-0.3254710561042846,0.8269207808071505
4203600,-0.7248210196558007,-0.24763075541107823,0.8232165437394892
4203709,-0.31731641477187583,0.130902599098452,0.41631762033730996
4203808,-0.7717116531506516,-0.30274710724157256,0.8098283884395998
4203907,-0.5443710583453346,0.03687245388849338,0.6883626831963215
4203956,-0.25346100935826543,0.055055824655086454,0.39200335982374884
4204004,-0.7970755004593674,-0.2833678445187875,0.8000511159883674
4204103,-0.3961832420271481,0.35373634306188895,0.4315031034490516
4204152,-0.5945407266149395,-0.04050116885772457,0.7292788955839591
4204178,-0.7287790676417735,-0.27692314681696023,0.8291893112731076
4204194,-0.560073549821049,-0.0585556890971399,0.7066565088384661
4204202,-0.49050971116437897,0.2360375386990682,0.49633282162135145
4204251,-0.3445079137017423,0.11334231440414083,0.5239725479517504
4204301,-0.5402385917886224,0.1696693912055521,0.5653695112580578
4204350,-0.5301177606633692,0.17645118670414928,0.5381853763779161
4204400,-0.48087141741373707,0.24819363394491434,0.47763144002046604
4204459,-0.6307486120867858,-0.027959967359642648,0.6947515229632507
4204509,-0.5471558087638368,-0.10267768632826439,0.6324218325721207
4204558,-0.7780017197807956,-0.3884834984955443,0.8652655610433637
4204608,-0.3173132272739316,0.15950816299285342,0.4964428692878384
4204707,-0.5079983747743504,0.31001627750360466,0.5345243953863134
4204756,-0.4794353875471837,0.31672244606917316,0.4740086989932347
4204806,-0.8846421578557466,-0.511068963723285,0.8640278963753074
4204905,-0.47658338955036494,0.3475127217846661,0.4919882172732451
4205001,-0.7148813504833417,-0.20285851608370387,0.789077172581732
4205100,-0.5285127096456124,0.02980570662065453,0.6248650318039958
4205159,-0.7064511824506584,-0.2669064601890534,0.7974909353505112
4205175,-0.5436084836083608,0.1763515750827768,0.563992805083707
4205191,-0.26653004501558775,0.17432693338050095,0.535711041070976
4205209,-0.6637721227102011,-0.11169756621688758,0.7259178195887267
4205308,-0.7264503049419796,-0.1599567823777028,0.7890729990742691
4205357,-0.4933031069072807,0.10639150624668545,0.544030292027828
4205407,-0.27406080725066756,0.0498641935524109,0.3727064286802896
4205431,-0.599044876615779,0.02803637813914042,0.6403401790371587
4205456,-0.2946658497631867,0.20681475677976413,0.5043869696561327
4205506,-0.996173040883215,-0.6871038176164146,0.9042458425218253
4205555,-0.8489252831181362,-0.41174860641690114,0.8272779007567721
4205605,-0.7457540890310743,-0.2318204824626989,0.7973431564804769
4205704,-0.2615277305285655,0.04585847491414849,0.3986951715285316
4205803,-0.4248528649224782,-0.08794309499263173,0.46348807563573424
4205902,-0.3246080859010497,0.08803143682839565,0.38552155772128044
4206009,-0.2945407572677249,0.08441072213973799,0.3909885246648006
4206108,-0.4746384443479205,0.003503375794224465,0.634982946232373
4206207,-0.32269437617823554,0.03466156215563695,0.48076187280999105
4206306,-0.3724619424166831,0.09799754200676548,0.4480054966170604
4206405,-0.5532577481722124,0.11911527942788701,0.643423283784699
4206504,-0.308865412947456,-0.030972756978951584,0.3560887223395647
4206603,-0.6590300622768828,-0.12755613951397957,0.7565641147050685
4206652,-0.4766018468788257,0.2561836201865897,0.46658301003242325
4206702,-0.6118753830177566,-0.1547292700301228,0.799393985570447
4206751,-0.7460766231232502,-0.31392654827857147,0.8386476732387512
4206801,-0.6468028490334046,-0.0733197398162715,0.7143799548184244
4206900,-0.4872353090454149,0.03199411350498292,0.5562173595426175
4207007,-0.28879268192549,0.1545390893376885,0.4796024138696576
4207106,-0.32979645984485223,0.026650108034909515,0.4053712046327588
4207205,-0.3127045778234221,0.028446388261319427,0.457090202381864
4207304,-0.25588027107292155,0.03607967309191449,0.36644003469829434
4207403,-0.6143766292478605,-0.1712449996059073,0.8134503041030507
4207502,-0.43605738616393824,0.03530353890589384,0.510471606461064
4207577,-0.7778330242333035,-0.26086877419236554,0.7902014130335154
4207601,-0.5444021712653997,0.13395344598322384,0.5880608703703302
4207650,-0.4511689435008564,0.3138106380392897,0.4935149713661911
4207684,-0.6153061732751132,0.008115980110408538,0.6869907554864558
4207700,-0.6056798652828241,0.013426274943810441,0.6884830235280442
4207759,-0.48154833755545234,0.29828153156508586,0.48719331583515746
4207809,-0.759140728507673,-0.2219963907007591,0.7891705735897829
4207858,-0.5759934464044407,0.07386090563318025,0.6323092077175619
4207908,-0.7653465165776615,-0.28228508431068683,0.7977867507045933
4208005,-0.4334521044286029,0.27724472242929177,0.44027851742934687
4208104,-0.7364474436232664,-0.3001049883729981,0.8236619819580178
4208203,-0.30143222479083975,0.12575931252378594,0.36265325690014655
4208302,-0.34673055342504405,0.07971490700618279,0.4096832010410557
4208401,-0.3692572810631505,0.33450718329206086,0.43565010773992047
4208450,-0.21477796246196248,-0.029136856143134222,0.27834333311425
4208500,-0.5360013588779868,-0.006608057954973026,0.664873412833775
4208609,-0.6303379977315384,-0.036079130901955116,0.719869948003505
4208708,-0.3358894823635302,0.17801445469818047,0.565384641789776
4208807,-0.29505076878558656,0.01970911781612342,0.4309326725038567
4208906,-0.4104973850978019,-0.0009320165881639537,0.4575986466039819
4208955,-0.5486660949267881,0.1437391699836831,0.5839692808680885
4209003,-0.6523871878402006,-0.09440250660426147,0.7354538977187816
4209102,-0.39165603273770727,-0.05330772069690005,0.4652494556585665
4209151,-0.5799198860564616,-0.06025790971462516,0.6775794471537406
4209177,-0.8040483980054024,-0.3234272875687719,0.8091088143357509
4209201,-0.5858603944073651,0.03661309354133449,0.6587694180558872
4209300,-0.7715960048739281,-0.41832191781993555,0.8927191772221093
4209409,-0.22846942221385924,0.010338134193104991,0.34676318133495165
4209458,-0.549937131430046,0.1698435541395781,0.587706493490142
4209508,-0.4835513231966747,0.06837830628577034,0.6001252954318942
4209607,-0.485318067726592,-0.010352749287837398,0.7019587303381278
4209706,-1.1092592070959828,-0.9883301688711678,0.9828480358195139
4209805,-0.6047069422571951,-0.12474102223036462,0.7634198105116188
4209854,-0.6481784234320904,-0.05026272540697347,0.7180206294633968
4209904,-0.4310728643024023,0.010530250704412852,0.7224177275393274
4210001,-0.3517911067745551,0.02243026904220613,0.41556582557479166
4210035,-0.6418113701620509,-0.08786985608505694,0.7371994564885673
4210050,-1.0465738459408347,-0.7717231641305623,0.9218114912802682
4210100,-0.789488106950437,-0.36180651833985095,0.8264743537845514
4210209,-0.5046985979017083,-0.005573994300617521,0.6671715576666276
4210308,-0.8451272068500746,-0.4201552685379591,0.8253300795035143
4210407,-0.264931624332246,0.2739278467457003,0.4854756800946041
4210506,-0.552748610192252,0.16205286939933797,0.6032769866832585
4210555,-0.5131297755627284,0.24329729075337764,0.4869708552336849
4210605,-0.3432273730212589,0.010828823026563322,0.3949001848888752
4210704,-1.0872198246443767,-0.8029661856413512,0.9018327820341469
4210803,-0.2757306058014162,0.27054781520770715,0.4858412501011178
4210852,-0.6518624986479736,-0.16919621829265202,0.7571918921680322
4210902,-0.543513170752616,0.19533544034326786,0.5689220797074352
4211009,-0.35150917731872877,0.42790476924234083,0.432799215310268
4211058,-0.9371596407387761,-0.5636079210618181,0.8705303761804234
4211108,-0.9025258720936328,-0.5234206502765542,0.8403058980379419
4211207,-0.3167513718247269,0.11130269027400204,0.4753372900708728
4211256,-0.41933875786954994,0.09728420839683899,0.651832257487959
4211306,-0.2891427258357098,0.08733426955797192,0.3539337115288672
4211405,-0.44837941179840746,0.27007006062799727,0.44886668193150536
4211454,-0.4527293799952146,0.17898269489509497,0.5078235544185288
4211504,-0.4225015908619406,0.058937582030710534,0.548239632585885
4211603,-0.36426553500403647,0.13911407415698954,0.561019266333376
4211652,-0.6862528550230416,-0.12946964680773124,0.7314515550713875
4211702,-0.47589236644618504,0.012709858139650275,0.645921381938267
4211751,-0.7592519101155378,-0.3819238372198214,0.8647014918516694
4211801,-0.5761256832288252,0.07726760498759266,0.6341870984563963
4211850,-0.7629830608978441,-0.20687414608176277,0.794680422883659
4211876,-0.42339237498787236,0.23993015424731784,0.45528615903426417
4211892,-1.1792806179876623,-0.9688267377668092,0.8588780090780742
4211900,-0.313764248425024,0.06019959492443485,0.4489029284397649
4212007,-0.7374121649246134,-0.23947469674193783,0.7847469877994632
4212056,-0.7710289778798363,-0.3886254005940553,0.8634515303435659
4212106,-0.39997456182494917,0.4020586879360748,0.4368284710671627
4212205,-0.6849716333622461,-0.21720753340789883,0.7950879859232111
4212239,-0.516017886592415,0.24068113290739515,0.5675625518298522
4212254,-0.2581193688777368,0.16115931209955073,0.42651275029454805
4212270,-0.9286089727481546,-0.5364805457113357,0.8876741582181944
4212304,-0.3789544066768775,-0.0033550527612053365,0.5737557380193209
4212403,-0.39837995168712736,0.04588254609510274,0.5578070454493237
4212502,-0.30847264750428055,0.029626182981026178,0.356846606902926
4212601,-0.5407918921233155,0.13127472903630083,0.5759716861710847
4212650,-0.28300669119178623,0.0015107425096716049,0.4089017406871419
4212700,-0.5977550090106323,-0.09665521478920601,0.7400768085904428
4212809,-0.28452291638301225,0.08081811854904682,0.34557952903258676
4212908,-0.5064373408508752,0.2436507985350076,0.5018055061571611
4213005,-0.6846257736110993,-0.14684795409434773,0.7720407251328189
4213104,-0.4920556132544549,0.18950887810022293,0.5627338506789352
4213153,-0.4742886143965698,0.24273695063257889,0.46406906385502783
4213203,-0.3840908056081741,0.01676387810442056,0.43183600143033135
4213302,-0.8167459492955369,-0.4646528887106443,0.8750987086515181
4213351,-1.0159205032306036,-0.8151249160138062,0.9320565454662897
4213401,-0.9209417857129351,-0.4968661582383986,0.866929043185563
4213500,-0.31312797678644805,0.09328102887504569,0.3841107512761599
4213609,-0.8763369895946659,-0.48491934945705006,0.8457442070868088
4213708,-0.4792005662156231,0.08168280030772171,0.6594089498965865
4213807,-0.38581283091794943,0.1128071726518463,0.6153660255422094
4213906,-0.5804132902243571,0.041195981173600994,0.6554904631077798
4214003,-0.46307967923406745,0.04301464177804989,0.6106125627137762
4214102,-0.5426256257288148,-0.022088285851584177,0.656079717330982
4214151,-0.5997738699996733,0.003126358063567719,0.7040547256572404
4214201,-0.5403557288248961,0.16395754742054564,0.546144781027989
4214300,-0.6945622880779869,-0.3254014479636643,0.8612792049896023
4214409,-0.8890466184139245,-0.4632003108974427,0.8440963472148032
4214508,-0.6654156624586476,-0.199940666778885,0.7821010111875109
4214607,-0.4563597670665963,0.12286785356051932,0.5581712806944841
4214706,-0.6281831776004366,-0.12176783830205512,0.6944493117249089
4214805,-0.5300284480095677,0.000662012088652046,0.6125284905118874
4214904,-0.43309679890948816,0.0422627526988067,0.5862744575617386
4215000,-0.8298761843928516,-0.4437621005325671,0.8461296668125096
4215059,-1.0079854588389106,-0.8754565004170208,0.9445824468416728
4215075,-0.44543371551114586,0.23575232921203004,0.48324542852568025
4215109,-0.4060382959311384,0.062268049330170085,0.4771631437682056
4215208,-0.5292724933706182,0.211972298827912,0.549999838835412
4215307,-0.6078782433170803,-0.08340488947301344,0.7019262064934273
4215356,-0.6381230087282426,-0.05553875962686154,0.6968147201459973
4215406,-0.899656881007321,-0.47023180557339317,0.8445883052694826
4215455,-0.29195870291372245,0.07727191912239155,0.47303876409424905
4215505,-1.2093642976163377,-1.0222855248190896,0.8908778591306086
4215554,-0.4532576409928349,0.3249553620360994,0.4867193607063619
4215604,-0.4930590417856374,-0.03831347253689574,0.6641917153183527
4215653,-0.2654945776546786,0.18168462805243166,0.46615632640057175
4215679,-0.5983943917425211,-0.07376111724360307,0.7106886040082512
4215687,-0.5694698117186876,0.06807900079037983,0.6464426229304008
4215695,-0.5857581199529754,0.060617165420710994,0.6266252615734098
4215703,-0.4389976925858642,0.008747302612028144,0.6065280299114454
4215752,-0.6862202715699556,-0.15490966191053174,0.7532247148269835
4215802,-0.6879952243652282,-0.20881843878939593,0.7526667213831391
4215901,-0.5094551709390759,-0.07867497466059939,0.7334425628652976
4216008,-0.4087864130151849,0.3696719009413514,0.43968193048201154
4216057,-1.0527712655735464,-0.9053362125460428,0.9557551507539632
4216107,-0.664720124308411,-0.07386134800145525,0.7306689474699288
4216206,-0.22473933191141207,-0.028888699835471092,0.2808408325548092
4216255,-0.39673386770365965,0.38519206137810225,0.4604846602638736
4216305,-0.35961412676579907,0.07301420686346972,0.475059372122339
4216354,-0.2786531789720508,0.03723112987553539,0.3408569867727401
4216404,-0.2467464628676309,0.2204194674913366,0.4310924974231651
4216503,-0.9803811933715532,-0.8432776242091996,0.9584951149916697
4216602,-0.29064022898172864,0.06543411640347893,0.39989775246257964
4216701,-0.5804579612699231,0.038293356142054265,0.6772707502425773
4216800,-0.7582428859329197,-0.35716308868226243,0.8593340535705205
4216909,-0.7258554284294709,-0.20992695705678543,0.7798214000721816
4217006,-0.3828422928684077,0.04663146168394771,0.5239977187594617
4217105,-0.3924591318146663,0.022343039595809282,0.5262673042071494
4217154,-0.5332655449964289,0.20104429263447354,0.5558879632746322
4217204,-0.5251774565370537,0.21173012986290032,0.6042261458035062
4217253,-0.4138225341803329,0.0577242146647586,0.5639990413679368
4217303,-0.4597712640321944,0.3289486403493505,0.47145212377236506
4217402,-0.41080263321030236,-0.080345217154982,0.4760181676845783
4217501,-0.5157980120380733,0.1747720106634854,0.5580433176797561
4217550,-0.5625194530197863,0.10866255821460558,0.6251985694871295
4217600,-0.44620879631436366,0.04697248462130843,0.6345469801948312
4217709,-0.2645762114730607,0.2266021009328781,0.4579188470603423
4217758,-0.5439782456316614,0.18210758305606545,0.5615840277928383
4217808,-0.5966903563739122,-0.05814606049124082,0.693253061131563
4217907,-0.7736027768850005,-0.27931385803572034,0.8019868571020433
4217956,-0.5775594911875584,0.07123687979244062,0.6385559121824862
4218004,-0.31096525532045416,0.09638895580331507,0.41123043414386445
4218103,-0.4200424046609299,0.04430196478388947,0.7342785422596214
4218202,-0.3560190103510931,0.032749270659291445,0.41931294679344056
4218251,-1.0550109421334426,-0.8128185407148781,0.9129730798383613
4218301,-0.7297029899361355,-0.251535104566212,0.79087479532461
4218350,-0.46711907781006684,0.024285757626073826,0.6643946963206714
4218400,-0.3518675360998579,0.07382462157949118,0.5252888120869803
4218509,-0.8057647282755732,-0.3156292300751648,0.8082349722419626
4218608,-0.44688689079663735,0.134053010985726,0.567617104018639
4218707,-0.2918932844532086,0.06343872336135858,0.4492592482486156
4218756,-0.42761414980183066,0.3485987015219006,0.462030951648894
4218806,-0.29607334686921033,0.22651036482843445,0.48740709807329013
4218855,-0.5164484956878825,0.2341265931466107,0.498486890226529
4218905,-1.1046304423538225,-1.286642686897347,1.0574267390442673
4218954,-1.1375295621079256,-1.2154413393691268,1.0112008830038153
4219002,-0.39567257862303706,0.09154432658267753,0.5647043241569344
4219101,-0.7864992385851676,-0.25452550207496766,0.8172217322090864
4219150,-0.7751824258135476,-0.31267098855504394,0.8254867199933292
4219176,-0.9504387462513093,-0.559067680625437,0.8816652608135126
4219200,-0.4968503895182862,-0.017420225563786532,0.7836573836713819
4219309,-0.7975452320847538,-0.31396777430760625,0.8139189778823858
4219358,-0.536024729373364,0.002915101909825459,0.6603505986776323
4219408,-0.5334191731886121,0.035117187347424424,0.6285862243549023
4219507,-0.6441579150048642,-0.026145988733517582,0.6955024800919194
4219606,-0.5788480588277668,0.07605847400965225,0.6396101925305947
4219705,-0.5557705668950024,0.14181786670244045,0.6020444803675856
4219853,-0.5941860794823528,-0.0033508088081947835,0.71267565540309
4220000,-0.2880038028672679,0.13661564194267267,0.4607512866825725
4300034,-0.37069570036418786,0.4076381684811366,0.48230340117061177
4300059,-0.5849886635976642,0.04842905568499063,0.689485817142825
4300109,-0.36410965702455267,0.24778598818924852,0.39832064650272436
4300208,-0.4224007523636299,0.3383488492616431,0.5003963897594376
4300307,-0.2393182944275557,0.3483996639035603,0.41007707189380627
4300406,-0.34136029739306206,0.36962791558045066,0.4362615247638514
4300455,-0.3025991904025772,0.42724094801081436,0.47991422362461245
4300471,-0.496357300315499,0.28029313103447767,0.5722775385999034
4300505,-0.39147134602170774,0.3685203550399034,0.4415551111871415
4300554,-0.43828872005888847,0.17811321965219207,0.5834670997066805
4300570,-0.5063599937645064,0.023212835595167774,0.5864118567542559
4300604,-0.2700705877507009,0.09846362583656224,0.4069088281135525
4300638,-0.32856970181423806,0.3280372313460814,0.3044362596742673
4300646,-0.39010935749914954,0.4097436566071736,0.4413629058024365
4300661,-0.6029390170324049,-0.07715933860973613,0.7440485188741341
4300703,-0.5119526419379623,0.06325953635703942,0.5731243205749442
4300802,-0.5891045221719136,-0.07639105813656209,0.7164891998905071
4300851,-0.26100527512489036,0.17855716870043098,0.36889402954548683
4300877,-0.3006325124175162,0.09689845388464118,0.4502612856625132
4300901,-0.4879280748927217,0.19831084777581906,0.49883658879207665
4301008,-0.3741258286488698,0.1383745191367524,0.41419028911290195
4301057,-0.23787462555103642,0.13532152466756203,0.3980597093592977
4301073,-0.27717451597174003,0.35874300585716073,0.3981671056363673
4301107,-0.30195940875499794,0.22712458981197664,0.3753150945245921
4301206,-0.44619920724548706,0.20730536326573407,0.42990106405936546
4301305,-0.269378409969554,0.3819640484837401,0.46591825083521415
4301404,-0.5704514001711432,0.01868682606588354,0.63057959395233
4301503,-0.3598631108857999,0.2844433536633092,0.5531201313277023
4301552,-0.5463095212593829,0.14804438193521008,0.6033325343960974
4301602,-0.3855034507517451,0.44237153748932495,0.42528432428274654
4301636,-0.260656297661496,0.097635491151455,0.4052376182310439
4301651,-0.524912859321744,0.0037900227236478947,0.6135385822256166
4301701,-0.571628519348478,0.11247448678265712,0.6192013254482212
4301750,-0.36964288181681526,0.2581765705542436,0.41438445561022236
4301800,-0.6056789916390527,-0.004841169785139198,0.7146605725022833
4301859,-0.34054571176877946,0.3906587385546045,0.4361374789546277
4301875,-0.18187287107178626,0.6454151177227022,0.43663707432911875
4301909,-0.24857101849470234,0.19426099143033615,0.37862158019977415
4301925,-0.49379406073691046,0.24621252064985202,0.48786124340108017
4301958,-0.4150276288337211,0.37840372874169315,0.49881276232506194
4302006,-0.5386205888570091,0.15374566794606442,0.529715913220234
4302055,-0.5232692199532384,0.2158645716617956,0.5415680841054862
4302105,-0.5239134654699776,0.029922414993305453,0.6026549530800686
4302154,-0.48285872543980957,0.27297032610030103,0.6228586451681555
4302204,-0.30943663660196075,0.35546601264137073,0.43680544978085833
4302220,-0.43480144339125404,0.2663521519985553,0.5482060562577598
4302238,-0.47776937166959693,0.249515133640757,0.5095735132907151
4302253,-0.5090222369358695,0.0791954463104365,0.5619336492331317
4302303,-0.7097505930011744,-0.346544795972428,0.8924787731420308
4302352,-0.3310571226964548,0.11417810876050644,0.45515975282440907
4302378,-0.37790093643830425,0.41906643895038403,0.5120772853029407
4302402,-0.3218937601751492,0.151660992686276,0.3844168625725585
4302451,-0.544861531480732,0.0941825750825417,0.525236437343028
4302501,-0.26766402037973624,0.3420168218820024,0.4411170043855249
4302584,-0.4380379435891613,0.2519267799345889,0.5368004528732269
4302600,-0.401616404991957,0.3791591084854942,0.5329248806024107
4302659,-0.39347612920498415,0.1319384454146618,0.45555894626963256
4302709,-0.35200080198937217,0.24027165288174596,0.3203909734124265
4302808,-0.36197454478208524,0.34950140382041145,0.3528119716008568
4302907,-0.35851796754951704,0.3169297438243402,0.3964196334234389
4303004,-0.3462571304238197,0.2860406896491544,0.3126450991078978
4303103,-0.24506741588284373,0.14840966549526652,0.407368140007569
4303202,-0.5628949136119606,0.07442656857873696,0.6770347826553305
4303301,-0.25013997611361594,0.3551846683258239,0.47239658815521884
4303400,-0.3750762990929451,0.4339501078706132,0.4499119995267853
4303509,-0.27128567666292835,0.2559315308760236,0.36600520499722067
4303558,-0.5289385555824023,0.14479743452066493,0.5836344596600617
4303608,-0.8310204944904445,-0.5573369760967897,0.9177721270514719
4303673,-0.5921621680148387,-0.16188832030775172,0.8540649101659058
4303707,-0.24086613390175965,0.2506597794686688,0.4826215423185488
4303806,-0.5054543682475269,0.21947856716850195,0.6031927033976198
4303905,-0.29914018908158274,0.07395072596463902,0.4394257339062759
4304002,-0.4022564237215323,0.4054767346953737,0.5512983177267523
4304101,-0.4597914651887758,0.16143469854417117,0.5212182480263053
4304200,-0.3791792599354551,0.2370365670285606,0.3473359699537315
4304309,-0.2670704835234038,0.3621453777708066,0.4388104592755785
4304358,-0.3836468436110719,0.35526330184016064,0.4559780041287256
4304408,-0.6473033611921221,-0.229199751770536,0.833038951960438
4304507,-0.3283981612874313,0.3997675693518553,0.36383384547767716
4304606,-0.2483022510772651,0.14242062695976346,0.3871297532365986
4304614,-0.49216833522633446,0.09298274870569512,0.45362108608037155
4304622,-0.6648813279087185,-0.17190921636883985,0.8234340867280773
4304630,-0.2523275191059893,0.11532986373397486,0.40957370738172316
4304655,-0.3528081531656231,0.34650875944175147,0.4861016234681948
4304663,-0.22672445625338933,0.3859248778961895,0.39165038212618003
4304671,-0.2538117903133895,0.13495659802595003,0.4232588352581785
4304689,-0.29795654504298125,0.07432194040316882,0.4359069270946503
4304697,-0.4994866407297932,0.06058712260454393,0.49069425575142045
4304705,-0.5055400959712874,0.2386450061605698,0.5923636951493497
4304713,-0.3786120764661615,0.09630987174201466,0.5678790365150593
4304804,-0.5566281520020758,-0.031784779629407636,0.6440077105007964
4304853,-0.5311455099844292,0.1639055891539923,0.5414557447660802
4304903,-0.5527700261537398,0.08010740170154207,0.6405869284556057
4304952,-0.6353792438885092,-0.11288177826847122,0.7933049012440554
4305009,-0.37542647460306844,0.34100678752187596,0.5101125199863898
4305108,-0.6589212512915799,-0.21183453861656398,0.8068612235746763
4305116,-0.5424952269529048,0.1518619076554905,0.5826006506260015
4305124,-0.26351390852369194,0.38921769665238587,0.41183228131775446
4305132,-0.42944084269212845,0.16788956459764243,0.443440601349112
4305157,-0.3916008964183664,0.3896156918374905,0.4622434400119939
4305173,-0.33514611885941564,0.21464102768513238,0.39211652452272766
4305207,-0.23998406451745136,0.3776377360903485,0.43091127760096337
4305306,-0.5067684480168047,0.2973744706863361,0.533755516899698
4305355,-0.28343517539660323,0.12360570797665572,0.36878386326552426
4305371,-0.5317498612329702,0.16248019196261212,0.6161750264502595
4305405,-0.4126000578001945,0.39351883368740764,0.515418628617856
4305439,-0.38552921108818927,0.34230083316097754,0.6812275372345283
4305447,-0.3158751845646459,0.2803772030524416,0.35518375471699587
4305454,-0.26559931512066803,0.08561441933239596,0.4113965110900721
4305504,-0.6279973996802818,-0.05834332341017767,0.7310525799261903
4305587,-0.3578577228412535,0.1404057869702794,0.42022970801572973
4305603,-0.477928617558782,0.2904633875385616,0.5523680429142677
4305702,-0.46184662046882774,0.3298699993924479,0.5558062478049551
4305801,-0.435101959031243,0.37411662056375333,0.4759389560206326
4305835,-0.5013821939237032,0.11037024817720037,0.4936090482623495
4305850,-0.5244116331222431,0.24237078318705962,0.5758910514220631
4305871,-0.3550942479365886,0.26592072557840873,0.5176704673826221
4305900,-0.4572497610198908,0.4292879308324216,0.5316475863364418
4305934,-0.5232182346603946,0.0450248101302255,0.5479785534349335
4305959,-0.4878441573552726,0.08459927170491488,0.5642253365702717
4305975,-0.5369319418484721,0.1624340530207557,0.6690488655117931
4306007,-0.3032921106872595,0.3805534626043962,0.4320631788320539
4306056,-0.24960848959998425,0.29615409018569966,0.35317081276542783
4306072,-0.3556479455491384,0.4442062487151553,0.4419908151330349
4306106,-0.4827931263811137,0.2597530854119722,0.5305345799578747
4306130,-0.4855492779888812,0.29562801162644664,0.5413150440822758
4306205,-0.33860547853139944,0.15935119021365246,0.37910334819632857
4306304,-0.60508430635267,-0.022018618880547514,0.7169856398422351
4306320,-0.3411584816810775,0.3970603727181914,0.44377989564214126
4306353,-0.23974695510844513,0.28922583674593183,0.43642331538482165
4306379,-0.33585587835541375,0.3118229876564636,0.38570225394113244
4306403,-0.3745135635078364,0.06598526098552829,0.5032005753310119
4306429,-0.48703546932938574,0.3704614452369011,0.540846661034131
4306452,-0.5109486654996565,0.1054581734482711,0.5523897809696984
4306502,-0.3829942531073721,0.3170502383329738,0.32657679190655586
4306551,-0.21995616228052353,0.24589278518633043,0.4339221482832331
4306601,-0.37723744809082127,0.40542666618149364,0.4500385112552901
4306700,-0.3400223765552156,0.19281530042991227,0.42261130113524115
4306734,-0.26404813991378695,0.3819419872295077,0.4190410337734168
4306759,-0.47233669773112547,0.09230413928923842,0.5351076433783842
4306767,-0.2793997073092511,0.14725199476753087,0.37864747048553543
4306809,-0.41612609753695184,0.12136502375523647,0.4449949806800493
4306908,-0.428552013398654,0.27275585941693975,0.2953332799347597
4306924,-0.4724438918149553,0.30746939225907144,0.5179363413100212
4306932,-0.3024059210210699,0.269133198264265,0.5363790935051177
4306957,-0.4662453614499024,0.28415513413732374,0.5455739915462187
4306973,-0.5543199669131209,0.1352419783308923,0.6657445233769276
4307005,-0.548041974994142,0.14354398647486127,0.6337789873078463
4307054,-0.5005215146780124,0.24370383883348978,0.5635650794311616
4307104,-0.3451006514266123,0.4427963973436637,0.5177605747083079
4307203,-0.49284263708831805,0.23574525705656488,0.4968188737324611
4307302,-0.42534236469985365,0.3917210226804525,0.4798187003784429
4307401,-0.7343557172334859,-0.26121511447460405,0.8262305954874019
4307450,-0.3162989051509039,0.40050616807473866,0.4357976253467595
4307500,-0.5074993142219277,0.23537517250028347,0.5180616509285847
4307559,-0.5512905494579388,0.14065133751976064,0.6572110773941414
4307609,-0.3138656820512318,0.10722992969325829,0.4350733705771257
4307708,-0.2633875139198997,0.13230419129299711,0.38865023357138445
4307807,-0.33427816122315546,0.14265449945592426,0.38487031888753576
4307815,-0.42251504997666123,0.20259075025496825,0.46200906343668696
4307831,-0.3453847285484278,0.24878410056270575,0.5444040077559285
4307864,-0.5166025463422214,0.03769211880962449,0.6536079799999224
4307906,-0.6114580984357321,-0.10268297746635549,0.7192955991321082
4308003,-0.3510982166807618,0.22824925001308952,0.41617133042093507
4308052,-0.5009275940115884,0.2471989177014252,0.5048475098241383
4308078,-0.3388144156764794,0.16929511352832954,0.3955170685967971
4308102,-0.3579337130806082,0.09178326253805269,0.46291542964218724
4308201,-0.6234648810719869,-0.13961958873606667,0.7571183328810057
4308250,-0.5241213442057583,0.19006854978279902,0.5723192005786103
4308300,-0.5510935716834027,0.06667341165018226,0.60511775684241
4308409,-0.34066804322689903,0.2422634149503443,0.3484346533253068
4308433,-0.3879984547278457,0.1618217344115736,0.4151153575667355
4308458,-0.45603198386606975,0.22623428277765542,0.49035413711941683
4308508,-0.38157675307430444,0.4419142732709552,0.4581885014029319
4308607,-0.5451370285664273,-0.03307565735119686,0.6786111965240428
4308656,-0.2735417218891358,0.25431523759324187,0.40174685912695646
4308706,-0.5419431416189008,0.1687970068216015,0.6157326894947757
4308805,-0.3148596756424578,0.11199330251692104,0.36532853362055673
4308854,-0.5958936225189441,-0.002607130552631927,0.7192158732064866
4308904,-0.5383987271598739,0.13258720461012483,0.6646745670797645
4309001,-0.3204369683739833,0.4175946360455093,0.500124547075662
4309050,-0.29827560928894814,0.10542924353138461,0.43460925029894143
4309100,-0.6064956514390526,-0.16112517325496264,0.7849626929141589
4309126,-0.4994465717234502,0.29930760515445515,0.5130276439110433
4309159,-0.5296248902339009,0.1442027587848402,0.49892734727286325
4309209,-0.32140181855562383,0.05801835117182919,0.44412703518447494
4309258,-0.6384716012654693,-0.08880623723226432,0.7361402738065689
4309308,-0.27114027991852296,0.1785403405646517,0.3833682862876687
4309407,-0.5267960893599186,0.08634592391114705,0.5717199967483894
4309506,-0.26247164701999126,0.3198896027226524,0.47182649700384555
4309555,-0.32632379368311404,0.11008950424163903,0.4312675421896018
4309571,-0.5005847957078303,0.18557678316014703,0.4483511883858937
4309605,-0.28788720410202606,0.30402282903257394,0.4708788978513901
4309654,-0.37166597056242884,0.41894097307735256,0.4507310648806051
4309704,-0.34807193772633677,0.3128843078711427,0.5314553871772113
4309753,-0.40538457686055734,0.27833776694061896,0.42112680489403637
4309803,-0.5694718244598168,0.05199332981911925,0.6982316613950819
4309902,-0.6357219759069027,-0.10047064320717271,0.7694301226288739
4309951,-0.519775836040451,0.16124383836929645,0.6320179959766387
4310009,-0.4490488134131619,0.26674637554199165,0.550913132282675
4310108,-0.37704199518279813,0.06886872922474431,0.5513817997282929
4310207,-0.36379898692519835,0.3483769690427287,0.5148885427698362
4310306,-0.5969088610340616,-0.016712443641411896,0.6398677519327837
4310330,-0.2556092988169158,0.10386927252273448,0.40739198508606234
4310363,-0.4262132040868761,0.11686393285342234,0.4600869779537422
4310405,-0.31239248379917495,0.3537553428651073,0.5338781860747323
4310413,-0.3549109128761063,0.3972591069483445,0.5096115217985732
4310439,-0.6420456805762423,-0.14962913927075305,0.7734327266903116
4310462,-0.5416553355942922,0.19519400524953148,0.6242503110341413
4310504,-0.3660878640174306,0.43854589023875035,0.43317579085090163
4310538,-0.4602413902178038,0.2732138983285818,0.4503836084648169
4310553,-0.30837840434588787,0.30734260816389747,0.4128444183425404
4310579,-0.5907997109176685,0.009275779588135847,0.6557248927202483
4310603,-0.32105641347810715,0.351639996961047,0.4006900132743555
4310652,-0.4521628859252532,0.019428390511014606,0.6717195602788554
4310702,-0.4643440264956916,0.24756408914605327,0.4965911843730414
4310751,-0.4464144139475643,0.21610187691805965,0.4364218871454199
4310801,-0.3642381048520728,0.06485528042619042,0.47810476660193085
4310850,-0.4378923260196616,0.39547729310227786,0.4865842006888723
4310876,-0.46970555134698855,0.1687622502358939,0.4988519391563583
4310900,-0.5489481618790265,0.20009915833426273,0.5924328143885835
4311007,-0.31648814101065514,0.42566435530475427,0.5254236488237567
4311106,-0.3417173909446881,0.28802306384333204,0.44744975774295537
4311122,-0.6667250647850331,-0.30485015503980556,0.9009330007606148
4311130,-0.41968258973115286,0.2900720598217499,0.4885580508564046
4311155,-0.39558583427954025,0.28169700433184164,0.5262076037609609
4311205,-0.46225404257997876,0.2624540606561543,0.5120072729392104
4311239,-0.5091736955550796,0.2001592775784808,0.4449303822532889
4311254,-0.5151457185542134,0.16889029895268282,0.5022408681034907
4311270,-0.4880673062966823,0.2198350358732676,0.5520147520314028
4311304,-0.6308135158755404,-0.08857345696965918,0.7627737450782245
4311403,-0.33497764284990256,0.1421376901004692,0.401282810239294
4311429,-0.4327870653936049,0.3498417709470752,0.5018545184768786
4311502,-0.3919336120431872,0.3896470234431981,0.43036066629261205
4311601,-0.41056286735988656,0.34702536591798766,0.4534279907881502
4311627,-0.3202868055048135,0.1144307401094437,0.43158515154294635
4311643,-0.4230725006796499,0.05415869480099912,0.5500280512281407
4311700,-0.5613408543645543,0.07977158058111616,0.6421782237901943
4311718,-0.3742601778884711,0.19322361127292084,0.42764306747420894
4311734,-0.3962886075612744,0.07907450324773459,0.6630912336431899
4311759,-0.3843260556568203,0.28937004202162214,0.4141959358827493
4311775,-0.39351052614563337,0.06793747244716483,0.5717183012258439
4311791,-0.3577791373842656,0.09748551598912765,0.4552479457822989
4311809,-0.5418694589216082,0.13460892101966246,0.6152538840538151
4311908,-0.49109476838538846,0.23735601521106722,0.4957501437370883
4311981,-0.3122435270169459,0.12614388804996385,0.43196121324847764
4312005,-0.4700966262762518,0.22037704179032522,0.4572441016991569
4312054,-0.431720564220213,0.11686150248985935,0.43151626794667897
4312104,-0.3666405588298549,0.23252890968096138,0.43992633776890316
4312138,-0.5647715037829053,0.06425412662993156,0.6920009303830218
4312153,-0.34728337865911524,0.1788040769698012,0.3849678515615168
4312179,-0.23363465489648055,0.38913201657915436,0.4473773754458852
4312203,-0.5176625750557826,0.1972573387715197,0.5543579437904136
4312252,-0.3300482658438024,0.23700979604500805,0.31034953699216966
4312302,-0.37493478741484204,0.45452491409832846,0.4741540844858331
4312351,-0.5144369146563174,0.11345769428598569,0.6182444865658041
4312377,-0.6620463272227369,-0.21351634334923153,0.8268102734933416
4312385,-0.5228289909770637,0.025930523880761898,0.5818647997240274
4312401,-0.2992451224160684,0.16165202426350592,0.39606282022067263
4312427,-0.4929007988628663,0.25031792276352693,0.5118410700515713
4312443,-0.3461507615937767,0.12352856182797117,0.5519130875134917
4312450,-0.2710076631232977,0.4138944626459825,0.40645521272102886
4312476,-0.5173264208847251,-0.046650086223095986,0.670538313845461
4312500,-0.26820806090023175,0.10654358489944733,0.41118963378264595
4312609,-0.4321105122187624,0.10317112829337581,0.4791072774478117
4312617,-0.683118424641583,-0.1860596074653033,0.8040807051956083
4312625,-0.6624851535544138,-0.12248695175572626,0.7676217572663575
4312658,-0.4976657217826759,0.26723954217219886,0.5328496601278159
4312674,-0.5002187467012955,0.20424780696465342,0.5863160124720429
4312708,-0.4604497502538544,0.26845644959419745,0.5481377913665322
4312757,-0.5548903104069202,0.0754703331532537,0.6181907238314007
4312807,-0.5838443624893702,-0.015506592479858713,0.703508551437729
4312906,-0.5636099128643582,0.023551993562607138,0.6584307845605021
4312955,-0.4554889469780852,0.3383589945452163,0.5082687839685693
4313003,-0.4942412563303987,0.062410475455976014,0.5105944307235148
4313011,-0.30174363337036086,0.33741435275315784,0.446165156416905
4313037,-0.3647845119127069,0.3206124709051973,0.46145413417187875
4313060,-0.337092207739443,0.08495224252908873,0.5051656840727013
4313086,-0.560026108833389,-0.06535792699029995,0.7006146966807424
4313102,-0.43017770205491296,0.1270842287497374,0.5102774341194414
4313201,-0.5004304179768222,-0.03602762686468395,0.6722815403133725
4313300,-0.5817528512347309,-0.05357071119813704,0.7376056902076715
4313334,-0.4576544910483572,0.3221447574254834,0.5457983741915353
4313359,-0.5480502362317712,-0.019701866280487097,0.6578845826106213
4313375,-0.2735039150401907,0.12125707387619289,0.3924295732134739
4313391,-0.36102352855279224,0.23519383530988194,0.3475730204059491
4313409,-0.30111378549845064,0.09257600835185385,0.44202983676558294
4313425,-0.24406253479619583,0.426843998568101,0.40546490915113453
4313441,-0.3736484986073488,0.4096332381188004,0.448497463157325
4313466,-0.40608362519473523,0.37285779251328355,0.46574912319235934
4313490,-0.41500518793675406,0.4111838968080533,0.4773286854221492
4313508,-0.2696076753371234,0.10054186238016109,0.4263431146271828
4313607,-0.5577146354446735,0.10859279031020151,0.6132282262916176
4313656,-0.26281407721972355,0.10306226135025258,0.41101750963389777
4313706,-0.45769468996663365,0.254746554827164,0.6662654381745983
4313805,-0.36539182069103193,0.4496855141480754,0.4425573448278554
4313904,-0.4665963582464739,0.2711105830033824,0.5423030408633902
4313953,-0.37100523519801326,0.2711217325189455,0.2762712684446765
4314001,-0.6006374083933984,-0.04078609782598085,0.6900335977325412
4314027,-0.34833032585172197,0.19703037239071552,0.4183887887686384
4314035,-0.28293854193446316,0.14824030781175826,0.41580832776925497
4314050,-0.30325308409271107,0.0948084703620722,0.44254866896873507
4314068,-0.4978078958000775,0.19717377422587135,0.4626714307351138
4314076,-0.3375694425272605,0.16906573112855824,0.35945982919583347
4314100,-0.5399940546305761,0.16216399847233798,0.6134649800810389
4314134,-0.5380574004648705,0.20310855367532765,0.6070141527746963
4314159,-0.3778148519102109,0.10663066872786975,0.42655273866112164
4314175,-0.3634570744235171,0.4632868100424981,0.49025902995803644
4314209,-0.26926067925288144,0.3876479653483714,0.43735980740058683
4314308,-0.4751609064727134,0.2751823047679515,0.5425363238461742
4314407,-0.24163265420097685,0.350111649292057,0.38641412554724375
4314423,-0.42223127546842726,0.05873892430087868,0.5255889264561979
4314456,-0.4272848642718867,0.31856362106911196,0.47903689795997956
4314464,-0.6573361310064114,-0.15958731758632155,0.7948474080119691
4314472,-0.4409536754651581,0.24645544035523642,0.4672002851865536
4314498,-0.34248924211830184,0.4168049610578495,0.42279585304897316
4314506,-0.35871620488271894,0.4385646433768659,0.4406008132999864
4314548,-0.534251119463441,0.019609383183442384,0.6429774203869462
4314555,-0.22389709787500578,0.31494191734032273,0.41173287753117493
4314605,-0.34152579112085396,0.40818241947543366,0.40821974391818877
4314704,-0.44324760475275976,0.36023402716076725,0.46014287876736665
4314753,-0.42915878871566826,0.1094731031166143,0.480782387751085
4314779,-0.5312633067485111,0.2144191402204185,0.6253903344982069
4314787,-0.5260792428961262,0.209964848578583,0.5736017932902404
4314803,-0.2956056884201023,0.1419486874518163,0.4139711879518765
4314902,-0.25891029635781393,0.08695540654481772,0.40889112167018493
4315008,-0.2113676919272872,0.35136657155431805,0.41529828019196974
4315057,-0.23100662146286358,0.39303978496212466,0.40150227899906715
4315073,-0.22341660952357556,0.25763206497094693,0.4376279696651251
4315107,-0.2248311171320108,0.3347711780474589,0.3959269980777884
4315131,-0.49857297301141373,0.1184869204365685,0.4726426080975899
4315149,-0.3462663361927509,0.04478819607540097,0.5248712683667192
4315156,-0.4979183822212643,0.15188771169130422,0.5066882113105686
4315172,-0.5730862023700135,-0.0571867991142186,0.7147156637208649
4315206,-0.5434955068281617,0.04975894414365465,0.5821072566657548
4315305,-0.3481978027845191,0.42880097070961626,0.4991615460724739
4315313,-0.5343253448118461,0.21101635504822497,0.6245172084787847
4315321,-0.423031566406379,0.2974539320200383,0.49367247548723614
4315354,-0.4333188200850586,0.2398665192528349,0.5049345954750638
4315404,-0.41124275418041106,0.3516780266639413,0.55486038945214
4315453,-0.5166090657161051,0.0784438986898572,0.5365252167029344
4315503,-0.3208690546664206,0.27403889353731464,0.34889292300603364
4315552,-0.4014812530673323,0.3452354579875958,0.4752702092157124
4315602,-0.2720299827035419,0.2729270306026403,0.4397658454817074
4315701,-0.3600506669773608,0.23840561959940842,0.29214183417948886
4315750,-0.5168083453884474,-0.06852594828165519,0.745773587871785
4315800,-0.39651400493773453,0.10405666615740981,0.480129733862106
4315909,-0.3614837452846704,0.42560853141667193,0.4335696006772218
4315958,-0.23460608516035317,0.2951646011620012,0.4864906607799844
4316006,-0.3663014832200047,0.102463738203859,0.5408588736915031
4316105,-0.5342829642762141,0.2743934376997699,0.5639381572859788
4316204,-0.4492558501649559,0.21558533835518992,0.6181868655408026
4316303,-0.22472560866133998,0.3471764387719254,0.4105757577572202
4316402,-0.3669906801148626,0.30952696032890464,0.4457320663759698
4316428,-0.401349881294473,0.35817831767337044,0.47535683641053655
4316436,-0.49893998397194783,0.2433384654117529,0.5623264098451741
4316451,-0.443901081800161,0.2361995801293372,0.4627272817669704
4316477,-0.23897604181024523,0.3704281078178696,0.4341948673627575
4316501,-0.4886772876058511,0.057012933752682855,0.541115007654772
4316600,-0.5455941249512957,0.12491383476805759,0.6521531459825284
4316709,-0.445532918000842,0.2311439743709277,0.6762390389946235
4316733,-0.579761811460531,0.0062365973499242085,0.7355288016244788
4316758,-0.3877163650371669,0.12293287413160744,0.44162571039099857
4316808,-0.388933180708232,0.1712056734049783,0.3904099742431555
4316907,-0.33141591257553255,0.2943670994171207,0.38148803116207697
4316956,-0.5866350035613604,-0.1216785755459827,0.7436120281124121
4316972,-0.35401048411847347,0.2882544077101517,0.4082977711451521
4317004,-0.35209899728407956,0.40218683434823777,0.3286957369273003
4317103,-0.35222472813101474,0.4852677369056025,0.5057148926379963
4317202,-0.2814591760024158,0.3943569346909978,0.45041414540854874
4317251,-0.44407282801542963,0.10625635223260928,0.4932795090819942
4317301,-0.33768716114806835,0.3536571420942703,0.5898589635578488
4317400,-0.3688497788685131,0.2880581409517767,0.4913304188330572
4317509,-0.29496042267245615,0.3997831060645191,0.46955656828021963
4317558,-0.5772997495861704,0.031201070989475974,0.6931415038199737
4317608,-0.2985733150350161,0.08234277878954933,0.46713041664828703
4317707,-0.2836574532887369,0.3037999854839631,0.40278866597455915
4317756,-0.5075539409847369,0.24988056105598347,0.5752713012348182
4317806,-0.4128183615675166,0.42210530390705997,0.5620059755992187
4317905,-0.2518772952212758,0.2674934035651592,0.4870933367811114
4317954,-0.5338651254617129,0.06759115701823132,0.7290065421754034
4318002,-0.34274805932766417,0.28042031047925503,0.379510398379826
4318051,-0.579731666380291,0.014729694615039661,0.6702299231005862
4318101,-0.3661482695194917,0.2506726934649416,0.4658042621535653
4318200,-0.7441861974703238,-0.4295786576032297,0.9108815434779471
4318309,-0.3457408709227827,0.2565849710162376,0.432064296761849
4318408,-0.3656236728366634,0.22641603839467947,0.37496813986819666
4318424,-0.5593296733303725,0.11655500808441206,0.6013397090595828
4318432,-0.3499160470765024,0.2543844229794856,0.3800926759281463
4318440,-0.6030243246257568,-0.04280198666401792,0.7302399485494214
4318457,-0.41800362312093325,0.3694188162792659,0.4876184881273611
4318465,-0.5430841592423759,0.07914283242371913,0.5619457708876421
4318481,-0.32229287135964046,0.10127726131555058,0.45923900796039335
4318499,-0.29957287711025826,0.3751660949514392,0.43467860559310634
4318507,-0.2630354545928851,0.18317043646848052,0.4120428258961102
4318606,-0.6151342944412281,-0.05880277001777657,0.7589215515386807
4318614,-0.35826750819354647,0.09853405479018083,0.44191190337327996
4318622,-1.0256698241697246,-0.8411142556650671,0.9053877160532458
4318705,-0.27768215364324544,0.12684129852320516,0.4053300822859727
4318804,-0.26767113897336625,0.2823502482908118,0.37726519300098504
4318903,-0.2508310116078663,0.3337035774250779,0.4600997124184928
4319000,-0.6090980603076344,-0.14454231110266633,0.8065319102367811
4319109,-0.367088099057835,0.4160179330548319,0.4796539917527493
4319125,-0.4582025617843235,0.26107670428324004,0.4788876421054456
4319158,-0.30811647594536257,0.34490219140076417,0.4721806913041276
4319208,-0.2407834589879209,0.31433711118243735,0.41315453695748783
4319307,-0.24643134148314064,0.31126878402673835,0.420008360173704
4319356,-0.4964409666041896,0.021436686928567535,0.6182510495408766
4319364,-0.4695038020957172,0.34929801941390065,0.5328650164943444
4319372,-0.24353706317206222,0.25921953750399496,0.4770330161065129
4319406,-0.3440566329264518,0.2478357201365702,0.4331586854247063
4319505,-0.30579776693806693,0.12047855024249043,0.42037809376610213
4319604,-0.3349576883088023,0.28433087264622847,0.3727399703657952
4319703,-0.5227699185146722,0.16745317238601667,0.6220977494103885
4319711,-0.46378827413089696,-0.02445042744617625,0.6619131088306607
4319737,-0.36746836976110264,0.4256733288685218,0.5135313613055328
4319752,-0.42693768452174974,0.06620520997596825,0.4995142153392226
4319802,-0.3363360691652572,0.31163622159013515,0.4015066558753478
4319901,-0.3723500183990365,0.07424903060701639,0.5130732118545897
4320008,-0.28247764469872777,0.13000288923870612,0.409791210803918
4320107,-0.4854522939046715,0.26247006230827724,0.579865552188115
4320206,-0.44184767376985046,0.3955949758705417,0.47847143420149596
4320230,-0.36818940912097464,0.4032635793125836,0.49851060535024344
4320263,-0.49020346935931347,0.21343012566175243,0.44950611036906385
4320305,-0.4605332389425403,0.19722156328992743,0.5593085335594246
4320321,-0.2863686457965673,0.383399922124052,0.48286776799404174
4320354,-0.2586031537605291,0.26808380580016367,0.37899166011355667
4320404,-0.5389725600609633,0.06412871443320221,0.6407863344861275
4320453,-0.5059245524365159,0.1056978734959058,0.49477429485816277
4320503,-0.5318306468887802,0.1456759049647401,0.6685490466887257
4320552,-0.2953431929305593,0.25610815805161957,0.3934792787264158
4320578,-0.2990653133918634,0.29206482710080095,0.5080578517069277
4320602,-0.5055578021125247,0.21740396316756888,0.5462517522927023
4320651,-0.38727326556685654,0.15881874208856125,0.548657054088085
4320677,-0.4556625701217765,0.19833420590436007,0.4400403374546626
4320701,-0.4688644222580473,0.232281206385917,0.4696654038094839
4320800,-0.5474601853253623,0.13586679069732502,0.6051535542394484
4320859,-0.3342869958327215,0.11766692218398213,0.4066099934307838
4320909,-0.5505059158439478,0.14493181776921238,0.6303866279665561
4321006,-0.4776799946532764,0.28301666153239907,0.48839287979382473
4321105,-0.2444861278645121,0.21203480047287893,0.366885051038217
4321204,-0.3299970569086022,0.11288711160422557,0.48457211212736634
4321303,-0.31286598970146856,0.09748467218256508,0.3968523158120785
4321329,-0.42150595810693237,0.4005124131665259,0.4768147260389108
4321352,-0.27982970606972707,0.0963749335004783,0.403500586524927
4321402,-0.38444965587302654,0.39342742866155994,0.483713670815599
4321436,-0.2898655188694191,0.10657416778557115,0.45663636398600566
4321451,-0.361628699688339,0.08520646799132217,0.4502508254461306
4321469,-0.49593929254430524,0.2415869329748312,0.5192698446211845
4321477,-0.2958992063779311,0.3641357267664498,0.4423509189730892
4321493,-0.3713336743691187,0.2669463217212194,0.43689717282660484
4321501,-0.23688800795360213,0.20466283054412393,0.4206452567870489
4321600,-0.25312136121080614,0.11786140238565965,0.4055321683430946
4321626,-0.3928855764243283,0.14624692282416912,0.437656504446327
4321634,-0.5275870408258279,0.19114984656931913,0.5928349389252088
4321667,-0.3008280207653856,0.1134176957299104,0.4829149834657376
4321709,-0.4388913408453238,0.016999078797727822,0.5981669784173451
4321808,-0.2826074469534217,0.4291739949010553,0.4551880925122464
4321832,-0.4696233706683982,0.004225708674530418,0.7082270687028354
4321857,-0.49872957403450235,0.3151583098010363,0.5113619216622419
4321907,-0.3501367145141622,0.43241216060049986,0.45331900464031544
4321956,-0.4872035149347332,0.3272564869207735,0.5011428368245917
4322004,-0.2909962247767768,0.15577224899219205,0.3717280051986575
4322103,-0.2550511382810196,0.4323894735373754,0.4332694326578213
4322152,-0.4851723115356648,0.20861441970494377,0.48390443219035445
4322186,-0.6614941416602242,-0.12351630299622232,0.7734963766404995
4322202,-0.44529733093091556,0.25587764297234566,0.5506721980306676
4322251,-0.37720795636899784,0.08757085073899896,0.48222012288862365
4322301,-0.2553078290019074,0.4118146742385011,0.4236655600150467
4322327,-0.23079726878289406,0.34236161326672093,0.36920647085298863
4322343,-0.26450729586238797,0.3540916851543062,0.4573607594617009
4322350,-0.528278486518334,0.10569052339127455,0.5705303773095053
4322376,-0.36079571563132834,0.2789583143764298,0.45586007530770434
4322400,-0.2504310884512463,0.5398320297609892,0.43744671220578857
4322509,-0.7079886589202388,-0.26470106703401597,0.8451141282197697
4322525,-0.3218835702802902,0.16895297413855492,0.3564103523992547
4322533,-0.39753788317679833,0.23357524278758876,0.380389418018404
4322541,-0.40496645850551555,0.05862711123238425,0.5183335347238753
4322558,-0.5855006119245114,0.013364942967865215,0.6959720399814621
4322608,-0.3703661962211363,0.16512700021235358,0.39464407535685025
4322707,-0.3587687987287023,0.22426999551889357,0.3232301411855316
4322806,-0.5330338794379251,0.03141235375113416,0.6256212974680099
4322855,-0.5257760937707096,0.07695584861019028,0.5474257710131861
4322905,-0.5201081047923682,0.19064218901936228,0.548994993076363
4323002,-0.2708629252482247,0.10630368862632529,0.4216815678594878
4323101,-0.34515929207670515,0.4691476840913376,0.42301708271472255
4323200,-0.4966462286556278,0.2298523093461011,0.5345825556896193
4323309,-0.5947361548341022,-0.05183619039459375,0.7076573260817564
4323358,-0.5258843062355623,0.18150500019199045,0.6591397197398604
4323408,-0.5288452469084952,0.1554383920884703,0.5751731311318884
4323457,-0.37607414097584746,0.26345801007897723,0.4155721014222963
4323507,-0.40209344843776135,0.40825645630624835,0.469273600273638
4323606,-0.5135910846919844,0.06286629135212665,0.6233431005512917
4323705,-0.35880035369207086,0.4524249552639456,0.42576607486907475
4323754,-0.26511706198976104,0.3944660817011119,0.4553183672156319
4323770,-0.43771980452221293,0.051050770417607874,0.5304995753808741
4323804,-0.2534864872354326,0.10983087955194784,0.4188420418334151
5000203,-0.06033844526783484,0.4424948277178142,0.07289455888511673
5000252,-0.05419204684497266,0.5313304546684945,-0.009311683998447416
5000609,-0.18198447235597134,0.23510522205400114,0.27567647249297017
5000708,-0.014718424111334871,0.3521699324566312,0.04379475706406662
5000807,-0.17499848834259274,0.18119964311376802,0.16830451736601196
5000856,-0.1051468989799514,0.26535355717046494,0.19681211949553373
5000906,-0.17709773759859526,0.23327071420105092,0.233080665306908
5001003,-0.12846469515220996,0.3923996354777315,0.14021006472368164
5001102,0.18173885973323545,0.6672123389184951,-0.05338766383377635
5001243,-0.21779826369610342,0.25261101259354296,0.26311088461450827
5001508,-0.08087733860378579,0.3264891642111733,0.0893536388977208
5001904,-0.12746967407091533,0.2213699936137478,0.14657323081639076
5002001,-0.18406011886142234,0.18246148906248222,0.2105295011040958
5002100,-0.08252959698792567,0.27725007210554975,0.1656395380315049
5002159,0.03127453218579968,0.4154904411483202,0.08198275882611494
5002209,-0.0513180297704619,0.34358627038948963,0.14574633105013785
5002308,-0.057335482595354106,0.4204363070225606,0.13015398857807503
5002407,-0.15703477578226455,0.21185864292810688,0.26774465660808755
5002605,-0.05496063429998752,0.49242727505173256,0.06714338311148917
5002704,-0.031941118854646594,0.34339408908230684,0.1104062860312881
5002803,-0.07240047839673706,0.28450192794067225,0.14668473513290656
5002902,-0.18575309135152043,0.2684629142755844,0.07801188388985908
5002951,-0.21264930491165204,0.29116393771090066,0.12093942444964757
5003108,0.028091922383604105,0.4539442397093152,0.010254701743802502
5003157,-0.21512496808672707,0.2522693891387273,0.2652010471738479
5003207,0.34461673273714977,0.8757844793899028,-0.14824956279906418
5003256,-0.19245272220296708,0.3696095046272407,0.11069702314125571
5003306,0.07786712289797458,0.7263156257256417,-0.02403049262548291
5003454,-0.13664409073977174,0.16713546065838245,0.1673661207727976
5003488,0.023396621969902647,0.409503642117439,0.03936030500003168
5003504,-0.07696011107152029,0.25333637999841785,0.18941854326200905
5003702,-0.12989822960716726,0.2114800297527711,0.22269648694423824
5003751,-0.30864768979389234,0.10729422943442997,0.28140081650762067
5003801,-0.15251953249727754,0.12621743480836686,0.18217074115107892
5003900,-0.03428448139374912,0.5768705854920257,0.02095560663214888
5004007,-0.20685206832521377,0.08750659775542667,0.20920561571351037
5004106,-0.06840349275086179,0.29282437757792085,0.12077514597753648
5004304,-0.26622905944026504,0.12689863182098873,0.27244836132238553
5004403,-0.13669613694599117,0.3385435001214977,0.10862332873483661
5004502,-0.1017126928816722,0.24691094541803651,0.2258096875931234
5004601,-0.2873702757668275,0.07873570055716463,0.2745281547893389
5004700,-0.20480053725923125,0.14480456806421654,0.21527597593269548
5004809,-0.260438847411225,0.16924762237551513,0.2934021750741079
5004908,-0.021404486216497185,0.3960159949087213,0.06662476679684654
5005004,-0.08431586260603806,0.29144604964964743,0.16048636071355912
5005103,-0.21002091093482583,0.1250501285790371,0.2535478860784543
5005152,-0.11063481504218092,0.2701382514072729,0.3266803701512731
5005202,0.49962910543034356,1.004408961615698,-0.20555755859611397
5005251,-0.1773114339821435,0.23202612654974267,0.26645138784837435
5005400,-0.1281679835791112,0.25875133513564014,0.21891151075863502
5005608,0.1419628088042136,0.520600800398971,-0.02139954221950885
5005681,-0.27013769248819997,0.15850718873843386,0.27728011837114225
5005707,-0.262940222173189,0.07564257025649834,0.25520952954040255
5005806,-0.017173081391448148,0.35720104821272913,0.08379290927218952
5006002,-0.09734364100119683,0.2067981336607375,0.13590420011268045
5006200,-0.060771178780035115,0.3902802796268082,0.23112878680059523
5006259,-0.2474668409831235,0.09514207700778442,0.215938220568198
5006275,-0.11584950321099796,0.4584325855693358,0.11035583709022734
5006309,-0.1971413416897575,0.23841391371479798,0.11702979274178908
5006358,-0.18182697606064893,0.2655650317562426,0.3064452309099483
5006408,0.00040669347428717433,0.6208667096767074,-0.01688137515309489
5006606,-0.18505380354160358,0.2379188177285817,0.27081793556330097
5006903,0.13081017688773136,0.5380368438116293,0.06656339182909511
5007109,-0.04668179639468221,0.3872397156250685,0.11464305740232007
5007208,-0.0977955878353665,0.21041925777817835,0.16481208503401135
5007307,0.062112615950791455,0.6147253524508197,0.026275028523162092
5007406,0.10805171904845527,0.7414903775878109,-0.0064821886735378625
5007505,0.06835291811563986,0.49860858459778834,0.0024079016368157014
5007554,-0.08643533174560822,0.32712443381909206,0.14787744427151106
5007695,-0.009580838878324168,0.6735483740231177,0.07021317034988792
5007703,-0.22354560645442786,0.23936758456239804,0.2877894413618099
5007802,-0.10134062658140688,0.3835689665667361,0.1184138201198575
5007901,-0.05094479079205814,0.3228814671440398,0.15134086047739564
5007935,-0.10555364871835554,0.4723833722073022,0.02319043824704586
5007950,-0.23278888129120356,0.21867538276680484,0.25842821911679065
5007976,-0.21574982626458816,0.1284260508589024,0.213009759216292
5008008,0.06768381352772992,0.44381763443182587,0.005047420775858809
5008305,-0.07460793409712893,0.40517030127563924,0.08715606179905819
5008404,-0.19798410928667703,0.0889809178763677,0.21985531669720332
5100102,0.008281816980044791,0.34707280700649684,0.09655874691673705
5100201,-0.05801976547577457,0.44772623079050905,-0.04652169920137401
5100250,0.5107743822354194,0.7498187183004896,-0.47650974868179424
5100300,-0.20295684327636573,0.35302898257285353,0.03726854473678147
5100359,0.2516852165662433,0.35174090974654826,-0.254827051064774
5100409,-0.24012525892889033,0.4047297779683175,0.04361570807373127
5100508,0.012502255216705253,0.13632789758615943,0.05347512807595542
5100607,-0.2901249981277377,0.24727069041672753,0.1077422888922887
5100805,0.5015185683251467,0.5079352400367054,-0.4649172103410141
5101001,0.0971165757523895,0.6778358541938527,-0.1388305722238502
5101209,-0.2163768075844596,0.34684505197868437,0.003105298122310197
5101258,0.0951121112354421,0.39346503084246426,-0.009635467964897768
5101308,0.01820155144251318,0.0875960191796905,0.03058317483012037
5101407,0.24029400341928722,0.06068757865782053,-0.22971391741601824
5101605,0.23364076611204102,0.6938089338373755,-0.1169534592697744
5101704,0.051385658751553084,0.28501755635205317,0.023208842304234256
5101803,-0.1305626888990922,0.5929785307487363,-0.06000981770713895
5101852,0.2256358493998516,0.5686852465167526,-0.18499267197040054
5101902,0.01254545802005804,0.10677777306147095,-0.007992040902666316
5102504,0.36787166328511917,0.8121568645899994,-0.21094949840608204
5102603,-0.1705144468725995,0.33986262423376024,0.004933852464429797
5102637,-0.17056122659431436,-0.002852014258384885,0.13011722577560125
5102678,-0.2913104920419061,0.027021522656642444,0.18980580183129028
5102686,-0.09562101886003423,0.11886001150893483,0.10357427821477658
5102694,0.3615876846198756,0.5163248455687702,-0.32471134146839575
5102702,0.017584884657992433,0.5219854806412261,-0.04601117445781914
5102793,0.5324408771175972,0.7544610809898122,-0.4938234199256486
5102850,0.14963030574638,0.12141992652978147,-0.13290297850613011
5103007,-0.10039268057063183,0.19068451869148267,0.13060694849708632
5103056,0.16339325106122274,0.39332551867852783,-0.10399275127052057
5103106,0.23934542781391194,0.727426010546041,-0.2162680062302398
5103205,0.38670220188000937,0.5653236881455901,-0.33496191229559413
5103254,0.3821837559941178,0.1325574346327469,-0.36074019089317966
5103304,-0.03486585632777971,0.0462164877077467,0.012352529669606633
5103353,0.4099647114710788,0.6323374554187345,-0.3417245075330869
5103361,-0.020617395724547342,0.1884362690242188,0.045684386957712673
5103379,0.3367924139434904,0.18788219733833283,-0.3121805369976232
5103403,0.08514926826132277,0.3751871586060304,0.005898348790856323
5103437,0.14811923570163732,0.3957012023570147,-0.07279199190866986
5103452,0.09857545577951976,0.3345866376146034,0.04046700055912133
5103502,-0.14327390492103717,-0.06618578873164463,0.13228164679472856
5103601,-0.1688741703641424,0.2827807265578106,0.11160900812688136
5103700,-0.0032374146579319165,0.23080221582595548,0.012438654947969077
5103809,0.23939935619749983,0.5275943872988449,-0.13472129314579626
5103858,-0.054711280587448105,0.4415242168897233,0.03610459857416682
5103908,-0.2606267129440303,0.4019751034898354,-0.00885432816848651
5103957,0.25846768347479476,0.5622158084105799,-0.15754330565332417
5104104,0.4895217419737081,0.598399948059542,-0.44539082705935373
5104203,-0.21221565904459358,0.40595818376452236,0.0078655999799395
5104500,0.13624711395363348,0.3973631475604506,-0.04909188104168679
5104526,-0.015242945613132991,0.12926212347368624,-0.025709273498252125
5104542,-0.0025048460467220163,0.06553072112903298,-0.04623377703305245
5104559,0.215254931198611,0.28969072549258423,-0.19556451096998567
5104609,-0.10563666324821949,0.4371025894064823,0.011101565310714195
5104807,-0.18313250166983516,0.17689151394085434,0.13045083520299844
5104906,0.026544748013352243,0.3784128418695391,0.08535357591192096
5105002,0.11261868969297546,0.4239802893666854,0.0005014879812389017
5105101,0.19534412440360144,0.14212925979310165,-0.20123480318135425
5105150,0.04500150955375937,0.004050943857673797,-0.0638951036051609
5105176,0.2230259462776873,0.11574847468263491,-0.2111527801156341
5105200,-0.11737654348964666,0.28867981812712323,0.04839326619614305
5105234,0.15779365403360743,0.4309735264296684,-0.06528935193891953
5105259,-0.1084199817837105,0.010889597534060871,0.0544945441105119
5105309,0.5571039399500186,0.8597162593521697,-0.4715996851992728
5105507,0.2772355397831886,0.509808755397664,-0.1712528675949135
5105580,0.22292048950443655,0.46894118627091946,-0.13384096550390118
5105606,0.42243418553773476,0.5551117463735776,-0.35591529506550484
5105622,0.1399648142756285,0.37790531592233384,-0.07546056080204917
5105903,-0.09446357445747623,0.08143878667467754,0.12101504283013687
5106000,-0.03169011272047498,-0.006338095955895022,0.05379842286074999
5106109,0.1465159026493502,0.5311122402410785,-0.008651978633956512
5106158,0.38549179146663803,0.33785846166884853,-0.3434695354040559
5106174,0.09368371555403679,0.6277478796836538,-0.12187276855510733
5106182,0.13115695939092772,0.3006792443766167,-0.07085027861469947
5106190,0.22762255689427857,0.33641281057647343,-0.18446607533860107
5106208,-0.17141928144940421,0.12660276154212866,0.15621895200866273
5106216,0.3559244633295229,0.40449809502022854,-0.33309160343224087
5106224,-0.1053498840222114,0.021650379615872146,0.09908392246289784
5106232,0.08614392317945055,0.2747134749766392,0.001503590232358363
5106240,-0.09407198079617832,0.21928401021359903,0.09248263814685237
5106257,-0.07545568457682392,0.47440207562160225,-0.06530875855825156
5106265,0.5818685184322283,0.7628758335213993,-0.5605983429059483
5106273,0.12112014972328217,0.11045678801368983,-0.1442056160172523
5106281,-0.20809286386180792,0.4797586602553434,-0.0027038298621095114
5106299,0.5197629813802427,0.5511740604551905,-0.5165269872760779
5106307,-0.14330443376170462,0.27691055947402915,0.10080333381265498
5106315,0.4505624529254786,0.8557669808628846,-0.4422271191626821
5106372,-0.1406952723476138,0.38927424397758054,0.01639564546040788
5106422,0.34788534863561654,0.4984460889888614,-0.26112035689249136
5106455,-0.17933133341305657,0.17660690762870307,0.14618448529188063
5106505,0.29441922006406995,0.6509245230750798,-0.1736213139539537
5106653,-0.11982777367685961,0.5973495337788205,-0.06540077196529366
5106703,-0.2202024060835693,0.2953714999436019,-0.005535527714579079
5106752,0.1874363761253112,0.43056462054831923,-0.09538399143269467
5106778,0.42807084449558214,0.5791416082141474,-0.3894849453143058
5106802,0.0766963437650799,0.15993284300245797,-0.08705228955520848
5106828,0.272996861285582,0.5609594280071928,-0.18019573053525997
5106851,0.06675490641920169,0.3559649128911809,0.021582481698184105
5107008,-0.2024919638583703,0.3366090048460785,0.041936545297744626
5107040,-0.2854313718771679,0.21331691490834495,0.1391376028787615
5107065,0.07051297274827527,0.46045796981387377,-0.02811496845778488
5107107,0.2130175536310121,0.5359347098651107,-0.08449361930269145
5107156,-0.1313703523038065,0.06008647407105171,0.08629838856561732
5107180,0.1938914790325334,0.5114536011560145,-0.18097879096364755
5107198,-0.12663828066862493,0.5952477194087357,-0.03462314810536498
5107206,0.09301761424594675,0.3528049275386314,-0.0047725642655078015
5107248,0.013764733769297998,0.20854355131863442,-0.013332132956091983
5107263,-0.023818570959662923,0.139900653567933,0.07646356085931963
5107297,-0.09934867840601144,0.4147027203337229,-0.009368131477254486
5107305,-0.04202821277723991,0.06846072965999896,0.058592866806395076
5107354,0.25567067959541484,0.3772578591063248,-0.20099076553682024
5107404,-0.11098750010645535,0.3263310597088444,0.04382184253172558
5107578,0.14101147300325484,-0.12845681276301782,-0.17178690383332115
5107602,-0.09284168172096414,0.39367278500204245,0.010716971774322346
5107701,-0.05788018659246542,0.17693212841448047,0.10265330032320545
5107743,0.34450915425923995,0.37634338926016764,-0.29144985652913274
5107750,-0.009198475147686916,0.20183461722729557,0.0294021654120981
5107768,-0.18619058959499293,0.018482429740093058,0.1492401498399822
5107776,0.45494925836185546,0.6202184277738613,-0.4131606825018489
5107792,-0.24907042499113882,0.33973715174155905,0.0696102943067158
5107800,0.12752750768346374,0.5292167771940809,-0.0640481746590001
5107859,0.3263731925646336,0.5610559203921046,-0.2735438046362224
5107875,-0.08938584241195711,0.07920776056817726,0.07217263690535748
5107883,0.3531298004625029,0.5800575090099739,-0.3486452071500842
5107909,0.028492707381272,0.1265554014988224,-0.05774495426429526
5107925,-0.07024036976272581,0.14407964984357224,0.04536360194311513
5107941,0.15186842119905486,0.19662285133337742,-0.15504631740790847
5107958,-0.13538261779693134,0.06718100102643111,0.11685776580132165
5108006,-0.041665027397767236,0.072597268121703,0.0009440600315574259
5108055,0.36999463204379573,0.4855074892378189,-0.31714598678404704
5108105,-0.2503614101587105,0.3792134091987293,-0.009723509659952228
5108204,-0.17417663882884,0.4717508608005694,-0.03685234192535847
5108303,0.10543268290264822,0.4097898084822022,-0.03440458441398295
5108352,-0.05731635707745664,0.17936734978816485,0.0716013375951512
5108402,0.1775911112776993,0.5129025774237174,-0.043590325556841655
5108501,-0.04890722896305823,0.17457008768156332,0.029137042781359677
5108600,0.3969443203349283,0.5238191329697313,-0.32941432518719055
5108808,0.45594325193843466,0.5960273990575635,-0.42591913368074097
5108857,-0.06833777372470388,0.0728233544899931,0.10029788797390565
5108907,0.01510527561363504,0.13455647483137106,0.0037622838689908736
5108956,0.3955317711640628,0.3208479747467015,-0.39115071194270995
5200050,-0.17619438464873655,-0.009066235668349774,-0.015663757072504135
5200100,-0.24624378342296324,-0.07925960657633122,0.0659328234999495
5200134,-0.046477724089435686,0.3418350747486833,-0.07214461954592832
5200159,-0.05883311593529721,0.2568711460321974,-0.06245710268161737
5200175,-0.32829341457809935,-0.15880868319816607,0.12399914670073428
5200209,-0.23963449718403135,0.2521463045416651,-0.02126980312328473
5200258,-0.39363252743635646,-0.18236201622105477,0.1365712079667433
5200308,-0.301241695878819,-0.08609964111848925,0.0861956846765624
5200506,-0.16216458968251407,0.2494466065406375,-0.03920453114061646
5200555,0.2120824605295164,0.5659776071348558,-0.23084164452640196
5200605,-0.2758603766706314,-0.12507678558487678,0.0976642882848779
5200803,0.04823931331039786,0.2472472704968929,-0.14270356905223833
5200829,0.20830543021204898,0.49180195776104757,-0.23765114509270452
5200852,-0.1308856603466332,0.12814893377896455,-0.013311748764599743
5200902,-0.05432849234511996,0.36289211377680186,-0.066290189934473
5201108,-0.1690681221727183,0.037921218148324304,0.027929608580564466
5201207,-0.217360346322226,0.172283292922559,0.01598978019692197
5201306,-0.10663480668769304,0.12205166337073034,-0.033204901380715204
5201405,-0.1447461900680102,0.11591241308020289,-0.035403554902996626
5201454,-0.2005744936100921,0.15890394862301088,0.04683466006894412
5201504,-0.2371518848524584,0.18996288221823654,0.10234708694872827
5201603,-0.03799977279562439,0.2547144122760677,-0.075416719665948
5201702,0.05967206850334787,0.6680148390600923,-0.11685535207454317
5201801,-0.21245056599079062,-0.0056678146319429,-0.000616909691252152
5202155,0.17587331176114926,0.6084984324388543,-0.2101047178716632
5202353,0.037531561440825374,0.593583654525832,-0.10297645806093104
5202502,0.19989955280089014,0.6398646936255451,-0.23366800861371284
5202601,-0.037346150670215475,0.3302943927415674,-0.06911762267798643
5202809,-0.050370365334752476,0.21782149700408848,-0.06771247232538286
5203104,-0.11739790083907195,0.5690108483189538,-0.03761695446533065
5203203,0.005054530730348941,0.2649166175847096,-0.078312346754117
5203302,-0.27583285163402277,-0.02850944038921434,0.024521693686879297
5203401,0.011028886490778312,0.6454565861431079,-0.09170284176062568
5203500,-0.16580367169157212,0.20851440718167444,-0.03506770218203431
5203559,-0.17185214756263453,0.04055810499510386,-0.003453769007372697
5203575,0.2832998179807218,0.6702788439561482,-0.283302125346764
5203609,-0.07876123558713624,0.15006527548766038,-0.05450820206153252
5203807,0.17595416370880415,0.7687887552845946,-0.20147139064725378
5203906,-0.27367736519397673,0.1803058718323815,0.0037609435631297543
5203939,0.06540660402814855,0.45819814110559043,-0.13318211302171426
5203962,-0.01957185837420951,0.13321836201301698,-0.10654477179166207
5204003,-0.32030574319582406,0.02982764840955079,0.11568351862750002
5204102,-0.1868300294075522,0.179097503690845,0.04756044764484611
5204201,-0.09180248777362415,0.23464124945432227,-0.04125447893623502
5204250,-0.17207669017998012,0.22617494107305722,-0.02829885878352644
5204300,-0.15552547015910995,0.24129667854533998,0.03296011945867648
5204409,-0.17821595740099344,0.30550658899841476,0.013100981873693962
5204508,-0.31174839956725847,0.1494328924904913,0.009353383870481458
5204557,-0.173180600224958,0.06683846541539018,-0.020221231419357156
5204607,-0.047315524000685116,0.19016112663644977,-0.08559808694795623
5204656,0.05996955382182799,0.30474989185359136,-0.10990323024492853
5204706,0.04943131672128995,0.3089460251013334,-0.10324507122879842
5204805,-0.39714054985370967,0.07714219921009784,0.10536053831777355
5204854,-0.10478784974919568,0.12226658300397947,-0.02037627273056518
5204904,0.1055919968641112,0.14802881798587275,-0.17446873817947678
5204953,0.2272828423483652,0.6488247500030807,-0.23429812334814032
5205000,0.017594230885267872,0.30827754373793365,-0.09272277661441605
5205059,-0.12670584889451092,0.22845557275718512,-0.0229046907810255
5205109,-0.3305926036294666,0.06796805358629189,0.09573535891048687
5205208,-0.062041333734928907,0.15005284009953718,-0.0668775231100753
5205307,-0.03443432279004412,0.12288243866125846,-0.06397396103167129
5205406,-0.005941763038653745,0.26545524568355927,-0.0748731986442058
5205455,-0.06043423557951257,0.24669614272870385,-0.07327930703696554
5205471,-0.30605651648606086,0.21111306739864968,0.12894363426171954
5205497,-0.3731576072485726,0.05107404380994248,0.11054224338460283
5205513,-0.2169625338508004,-0.05205058068222704,0.04019145468069201
5205521,0.08083833853416272,0.29129970102395886,-0.1384348489622172
5205703,0.022486580900832786,0.384030428499417,-0.11349287592519787
5205802,-0.2817006567811998,-0.07820977988249951,0.09245527590971626
5205901,-0.24826306068130358,0.21036153256587803,-0.00013828300069878627
5206206,-0.4222556725608004,0.008290891669335968,0.14152543831343858
5206305,-0.3022720585149989,0.1272055636842456,0.023111804340113278
5206404,0.1794265080869124,0.5746038224026381,-0.20296339579192657
5206503,-0.1771175755892139,0.13063094825115798,-0.03826154364820015
5206602,-0.22381128834106068,0.19152222178399092,0.03347932978965638
5206701,-0.10945001314661171,0.09833934432336755,-0.03939458120116277
5206800,-0.09634008743531242,0.12509210057651535,-0.03326131645897452
5206909,-0.31723927571406924,0.019308455175320108,0.08243770487213896
5207105,0.04814998661547301,0.5451365611372814,-0.11932028959130654
5207253,-0.15251185220077995,0.3869021961555453,-0.025604801557977164
5207352,-0.06765093810854786,0.31043723994710204,-0.08204862646991525
5207402,-0.07589325978941125,0.229566779251508,-0.07387996696642032
5207501,0.14063493319507955,0.3751297711024315,-0.17851283332079912
5207535,0.1651360883036292,0.6403550665156523,-0.19323156078569878
5207600,0.09224230173568107,0.4961115692788679,-0.16041990506373427
5207808,-0.037037510324750375,0.2901433105657723,-0.0742848291627267
5207907,0.07908957857079392,0.36792542556112706,-0.14814191237809918
5208004,-0.17738596887058808,0.09347713610101048,0.03575338158042043
5208103,0.1146906124329089,0.3381217477393147,-0.1575131094473226
5208152,-0.278944872065714,-0.06058137182032371,0.08314170214374701
5208301,0.161958260693335,0.2779074225768413,-0.22778056879580513
5208400,-0.15096159888997246,0.04421575100248271,-0.007068978283213082
5208509,-0.2557132072190688,0.22401256535455552,0.032938488619205196
5208608,-0.035293970858034845,0.2069677615665059,-0.05369572604212033
5208707,-0.07938755296339774,0.19627288488992675,-0.06591172628291057
5208806,-0.07536284297507652,0.16037786294858974,-0.055973637594051315
5208905,0.07556071150289782,0.3468811064159025,-0.161722570558397
5209101,-0.2153360369086446,0.16806047189153617,-0.004629947697505815
5209150,-0.09493210559661155,0.27808184708612155,-0.03668701445827885
5209200,-0.06505816774260759,0.22642743768444099,-0.07964180331013536
5209291,-0.04817587712805707,0.20653347782407294,-0.06325585081608741
5209408,0.1135767475445488,0.38590775117791826,-0.19037743957710992
5209457,0.15682568494217752,0.5261282055755157,-0.18352764399715457
5209606,0.010860786363766677,0.35138420103639556,-0.09107625403881547
5209705,-0.16665863872896403,0.16026726321235563,-0.02798408623624108
5209804,0.031340451989100335,0.2783466053617031,-0.1057944066278946
5209903,0.18296181595027322,0.4820273060619891,-0.25011136102819964
5209937,-0.11773875718697466,0.24618824242892748,-0.047391724478297426
5209952,-0.03456965633207928,0.29617406141209746,-0.09328152590049414
5210000,-0.0887355448571898,0.18331885187568567,-0.039396968037479
5210109,-0.3768898662053653,0.12300415608266765,0.07055909205179632
5210158,0.0147589438944395,0.31840805361579955,-0.08426326238093845
5210208,-0.011683682315888672,0.42865111580202214,-0.0951753165236545
5210307,0.054221582297223445,0.4337725572587858,-0.13040887282046926
5210406,-0.08456505647892826,0.14936646567105225,-0.04278330958675368
5210562,-0.02183716638737806,0.2336526832742661,-0.08187055416845535
5210604,-0.011218180589093914,0.2880224038420892,-0.0780944782413619
5210802,-0.12931817734183895,0.34827251376749674,0.07776116662455727
5210901,0.03323924081772086,0.44318113232088896,-0.08794165915267106
5211008,0.19297467798998066,0.7599832952794148,-0.20196565212620834
5211206,-0.00022760234145427702,0.29420664853034456,-0.09126344357421311
5211305,-0.16139519135500063,0.24570229348056802,0.049948136319258575
5211404,-0.12486182329970591,0.08379306781109448,-0.01816231006436565
5211503,-0.2110344234452265,0.21011827049312007,-0.02162407076847201
5211602,-0.050210671267368966,0.34385073810783556,-0.0678585703743223
5211701,-0.05405340060814952,0.23494577938568495,-0.07386283699112135
5211800,-0.012456738625227433,0.20477698436044847,-0.08547861152097218
5211909,-0.2861375537211712,0.10013989315190784,0.09116182669825967
5212006,0.08820465408773656,0.5168171860310906,-0.14840758993357356
5212055,-0.02618761538674833,0.23826119482254077,-0.07714913447035031
5212105,-0.2292114874472274,0.13570450964154676,0.010021337410084617
5212204,0.130725464781622,0.6888740531005023,-0.1681145357041982
5212253,-0.1452855736802868,0.30773144710233985,0.06225753263727751
5212303,-0.23669892329022343,-0.032499861893574025,0.04575261250584334
5212501,-0.3928922851071093,-0.03737992782574833,0.11593773692154763
5212600,-0.1176298952962587,0.23891091831994118,-0.06436459934789085
5212709,-0.13820793415648439,0.03127416328591192,-0.030222882952094982
5212808,0.1900838230058053,0.5466245024911125,-0.20048697528314685
5212907,-0.2882121871834907,0.1792613603788496,0.013464660489765128
5212956,0.1779792631376722,0.6885465202268594,-0.20600552076644668
5213004,-0.09521214002569582,0.24961725836860296,-0.024185896405259758
5213053,-0.09735462833415211,0.1792562747346302,-0.010695705510232923
5213087,0.08296469756281862,0.33345431675630255,-0.12322764917080897
5213103,-0.2653367107983226,0.24981893178154027,0.07759782817253222
5213400,-0.005805428563111484,0.32713452515835456,-0.09345389590040191
5213509,0.1437189619745759,0.2085443148837478,-0.22547074480476714
5213707,0.12560360462016307,0.8007735302984306,-0.13164763050009484
5213756,-0.2818199926310015,0.06528193360093323,0.07354155075759387
5213772,0.19019723593027138,0.5222893006230634,-0.17882885081004818
5213806,-0.2723835118363049,0.16390658841758557,0.00725863158633727
5213855,-0.0707435563565959,0.15333675853952558,-0.053946270186990976
5213905,-0.03399529074096423,0.28262193832688565,-0.07815343197259204
5214002,0.21765186467682604,0.7018036300295372,-0.24220178956114588
5214051,0.25264977254754817,0.6849364986234765,-0.25689718440476017
5214101,0.18573776855356935,0.47604814132739737,-0.20777931282851195
5214408,-0.023037382561594665,0.3546424241493046,-0.08291528717814868
5214507,-0.10667333858825648,0.13990005995696914,-0.0247586661138494
5214606,0.00994431124255141,0.23368562468969412,-0.08654950662944937
5214705,-0.040202671520676615,0.2340023471362299,-0.0600029021126385
5214804,-0.30334820796141915,0.14539840557990627,0.03970127751307305
5214838,0.22831046140309721,0.6633345053943648,-0.24091711625425602
5214861,0.06533080518400249,0.39394474367002286,-0.11618218887990359
5214879,0.17711473725599094,0.5509768439515297,-0.18976929542295617
5214903,0.07289211581690251,0.2592622265692282,-0.14831837215176213
5215009,-0.08326969582536352,0.17096714953201644,-0.04449165913131579
5215207,0.12942542385436268,0.6170044484451745,-0.169262115574579
5215231,-0.39257389362789147,-0.09003521353528915,0.1165261570853703
5215256,0.26965128171968217,0.6087565081350521,-0.2635628409620789
5215306,-0.3575916062380304,0.07708876430102773,0.06374002883145408
5215405,-0.16535865328581403,-0.027311947784987838,0.011189710822697334
5215504,-0.2730765197951553,0.09774370939838732,0.08014181864768546
5215603,-0.1311250529746302,0.11478978343518831,-0.0007730449679701217
5215652,-0.13786758550742437,0.18841818307217614,-0.02583803921213592
5215702,-0.04031188646289788,0.2657782372620319,-0.08220673943533206
5215801,-0.34405911813407447,0.14762776622888235,0.0263916812655784
5215900,-0.03323264428864986,0.3033773622346536,-0.08509393884602559
5216007,-0.25903644134132936,0.13768072660601435,-0.009546705278469212
5216304,-0.19854047736669853,0.11232007803718694,0.04474477706049124
5216403,-0.12156008289461444,0.19749694720024683,-0.028140143958161227
5216452,-0.3432761657169379,0.10950461525399924,0.10096554915689131
5216809,-0.0694093573047587,0.12339670907378215,-0.0527870361019929
5216908,0.1225515512010766,0.4622690442623577,-0.15252306282888092
5217104,-0.2421022560469436,0.13214074630001174,-0.017152807744359934
5217203,-0.011163847971321379,0.517638685625458,-0.08992469618184987
5217302,-0.11449602022530438,0.07036612158044593,-0.015274102638241582
5217401,-0.3388569019204985,0.13476435562848038,0.029752154045804936
5217609,-0.2994959304393901,-0.07887936691339524,0.1158869403804246
5217708,-0.14050138249496832,0.19988520076440644,-0.05899872781235915
5218003,0.22130544432403784,0.5269977492995559,-0.22131618339379777
5218052,-0.06505503679868811,0.320386000208706,-0.05372599528218931
5218102,-0.32490845937516044,0.11526758755859262,0.08724686684583538
5218300,0.04987544134977516,0.23143852972420734,-0.1567701915714944
5218391,-0.1589761393993307,0.1993056467411603,-0.05486450035307276
5218508,-0.17822090904756738,0.1571785658286357,0.023718226641927808
5218607,0.030027620712150524,0.29051317322991166,-0.10466689579822715
5218706,0.040854683890505214,0.3043943357354162,-0.11385536625264363
5218789,-0.3047111236818104,0.08893258104628848,-0.0022361806040597557
5218805,-0.2919507008816023,-0.004864981026839126,0.08078367337866574
5218904,-0.027486317323105584,0.2262368163553106,-0.07576917489391993
5219001,0.039551915972993866,0.4189281805642678,-0.12249946830194605
5219100,-0.03933175507096104,0.1977578796258446,-0.08571210070123751
5219209,-0.3461110906183467,0.06953050932300968,0.0288518209283634
5219258,0.1285558817378216,0.6023128132751021,-0.1745309079492451
5219308,-0.12469820096661355,0.20192714926036331,-0.005102288810601049
5219357,0.040876918959242545,0.35026025274197886,-0.10260769461514391
5219407,-0.2276878536848115,0.34633689859762595,0.04625638565664128
5219456,0.10147548314739799,0.4814099415556561,-0.12773569948738867
5219506,-0.08830267456163479,0.1108837022060476,-0.038491412257686895
5219605,0.20967753152182592,0.5285539099380565,-0.22354478631556227
5219704,0.22576067464310484,0.6586356640412254,-0.23205005050355434
5219712,-0.10881267557356963,0.19568872647286897,-0.018972954408403422
5219738,-0.09597300390312208,0.0970319973627376,-0.052796840264766984
5219753,-0.33014405886638015,-0.07409708334726411,0.09175070371613889
5219803,0.1452506721469466,0.3217635899212775,-0.20932293247000908
5219902,-0.021564481683169653,0.19891772677696162,-0.0830462295917534
5220009,-0.16197054310062192,-0.0056706706375236615,0.024187078685845343
5220058,-0.06706902360033089,0.2354123675288405,-0.05574213183254842
5220108,0.008196882017025356,0.3184790279894738,-0.10513992260300481
5220157,0.06541595140326287,0.38021293563816183,-0.11523781191708565
5220207,0.31197544624243845,0.7326603507812841,-0.29794441354928214
5220264,-0.3155217855562371,0.07936459611948488,0.053411686525052696
5220280,0.009204741607011442,0.29642165034879436,-0.09707308532538315
5220405,-0.12066637301854971,0.31631441135269767,0.033070180976692495
5220454,-0.12013318760257595,0.11528108711478374,-0.05307518133197283
5220504,-0.2303338983971933,0.21336693448277927,0.07505695118010458
5220603,-0.306303341352564,0.0007379803254924915,0.0814576293552467
5220686,0.11924273151673331,0.36166047400325785,-0.2063061515955541
5220702,-0.18629495786941871,0.06868279942609823,0.012125680734447274
5221007,-0.06044142785975593,0.18837950611840665,-0.04825359936451259
5221080,0.027939581613248405,0.14771540323850857,-0.11781298526139465
5221197,-0.11302418766246701,0.07977978976452771,-0.0321200709245529
5221304,-0.21427250154003016,0.0855339560178317,0.053187914769229606
5221403,-0.059879944712604445,0.2100497330288216,-0.0639562783782483
5221452,0.16646959679296677,0.4684879143780374,-0.17152393924878737
5221502,-0.026153669677052984,0.3023056848690235,-0.08681947021561648
5221551,-0.060884184742179485,0.309807219141257,-0.05542943666960286
5221577,0.22223997859459252,0.5617818847502593,-0.2546342102839758
5221601,0.1210955104041355,0.44757509799332174,-0.1495718512036672
5221700,0.04121944534195474,0.3389606649695196,-0.11288768116861043
5221809,-0.3717528038987294,0.12796564509639377,0.028072756705232613
5221858,-0.45677823777185866,-0.15045496217065085,0.15222694709183604
5221908,-0.10409775590919884,0.1516946687996253,-0.055515254818828644
5222005,-0.34222146487532673,0.0511643772319553,0.08282113230692681
5222054,-0.11909758015731133,0.23083003343512354,-0.044126733026592195
5222203,-0.0005687673308047151,0.2984554186004838,-0.07626140952159766
5222302,-0.018741183475270207,0.2684278587081997,-0.05912454483264506
5300108,-0.42001511824027316,-0.13634239070062162,0.1510984347311637
