Município,[00-05(,[05-10(,[10-15(,[15-20(,[20-25(,[25-30(,[30-35(,[35-40(,[40-45(,[45-50(,[50-55(,[55-60(,[60-65(,[65-70(,[70-75(,[75-80(,[80-85(,[85-90(,[90-95(,[95-100(,[100-120(
Alta Floresta D'Oeste (RO),2868,3257,3102,2994,2508,2262,2058,1951,1500,1073,681,793,639,376,225,129,63,54,-,-,-
Ariquemes (RO),8675,8574,8475,8189,7345,6726,6297,5288,4228,3171,2495,1542,1333,964,561,392,173,17,29,19,10
Cabixi (RO),754,819,927,868,638,603,544,500,431,362,291,226,195,175,66,64,46,4,4,-,-
Cacoal (RO),7577,8073,8327,8146,7310,6404,6087,5381,4403,3273,2576,1803,1603,1013,816,387,228,125,-,20,15
Cerejeiras (RO),1765,2063,2159,1969,1650,1468,1489,1330,1065,807,633,515,491,312,221,142,66,55,7,-,-
Colorado do Oeste (RO),2075,2382,2583,2580,2000,1798,1595,1527,1260,1017,765,682,636,407,273,182,88,20,12,9,-
Corumbiara (RO),1124,1302,1347,1164,956,850,780,714,511,459,331,355,259,159,75,31,26,6,4,-,7
Costa Marques (RO),1488,1358,1234,1139,955,782,662,617,491,375,319,252,180,160,108,40,47,-,-,-,-
Espigão D'Oeste (RO),2802,2805,2938,2912,2593,2274,1978,1803,1487,1100,933,618,494,409,302,195,32,3,9,-,-
Guajará-Mirim (RO),4655,4698,4602,4329,3714,3205,2881,2403,1822,1422,1237,757,701,574,512,276,148,81,18,10,-
Jaru (RO),5788,6018,6291,6500,5604,4576,4087,3572,2925,2237,1701,1250,1033,886,538,300,193,66,10,24,-
Ji-Paraná (RO),10875,11703,12119,12153,10684,9409,8914,8144,6260,4737,3407,2507,2131,1443,1249,610,282,113,16,25,19
Machadinho D'Oeste (RO),2685,2716,2772,2696,2276,1790,1646,1441,1276,1031,788,591,490,228,211,82,20,-,-,-,-
Nova Brasilândia D'Oeste (RO),1945,2103,1847,1908,1757,1568,1269,1044,881,708,579,436,291,364,206,121,31,-,10,-,-
Ouro Preto do Oeste (RO),4254,4501,4827,4765,4074,3433,3297,3003,2222,1711,1319,1056,849,607,475,250,144,68,29,-,-
Pimenta Bueno (RO),3287,3444,3651,3562,3119,2663,2589,2364,1874,1446,1106,813,672,449,382,199,75,49,8,-,-
Porto Velho (RO),38412,38075,39306,37902,34229,29141,27771,25018,19532,14217,10107,6261,5366,3430,2732,1679,943,405,78,20,37
Presidente Médici (RO),2557,2895,3107,3204,2452,2070,1934,1809,1487,1211,832,904,710,481,245,248,168,24,17,10,-
Rio Crespo (RO),303,340,331,331,279,270,222,200,149,118,119,74,83,64,15,25,13,-,-,-,-
Rolim de Moura (RO),4813,5352,5465,5144,4620,4260,3825,3354,2710,2072,1514,1208,1013,867,478,391,238,49,8,-,-
Santa Luzia D'Oeste (RO),1169,1333,1389,1340,1115,962,896,836,657,467,288,393,251,221,136,78,44,28,-,-,-
Vilhena (RO),5708,5970,6178,5803,5235,4748,4598,4042,3192,2352,1803,1243,1083,716,507,239,119,51,-,-,10
São Miguel do Guaporé (RO),2910,3103,2872,2744,2340,1971,1767,1528,1296,945,752,586,512,258,178,112,-,-,-,-,-
Nova Mamoré (RO),1810,1790,1819,1830,1565,1211,1073,931,702,634,393,365,303,127,111,74,16,-,8,-,16
Alvorada D'Oeste (RO),2229,2399,2235,2312,1996,1652,1442,1310,1065,872,647,489,449,329,231,139,35,-,-,-,-
Alto Alegre dos Parecis (RO),1620,1688,1578,1500,1315,1099,1044,805,663,426,427,414,214,139,81,37,3,10,3,-,5
Alto Paraíso (RO),1553,1565,1474,1480,1256,1157,992,870,687,542,478,384,270,196,122,76,6,6,4,-,-
Buritis (RO),3193,3162,3030,3130,2670,2222,1974,1709,1365,1071,755,623,346,220,112,53,20,-,-,5,9
Novo Horizonte do Oeste (RO),1333,1437,1465,1422,1251,1028,906,800,667,499,394,360,348,157,85,60,46,12,6,-,-
Cacaulândia (RO),625,636,606,599,534,451,408,333,314,247,130,218,109,72,58,18,6,4,-,4,-
Campo Novo de Rondônia (RO),1489,1461,1432,1331,1093,993,811,699,611,485,354,279,147,173,48,42,15,-,-,-,-
Candeias do Jamari (RO),1790,1685,1580,1484,1220,1044,883,769,692,559,486,276,303,123,116,62,24,11,-,-,-
Castanheiras (RO),462,517,481,438,358,384,309,286,218,192,165,140,123,78,33,16,8,4,-,-,-
Chupinguaia (RO),672,695,632,596,530,502,429,367,287,226,179,166,113,63,37,13,6,9,-,-,-
Cujubim (RO),870,849,713,735,734,514,483,410,357,273,193,164,123,60,34,14,4,6,-,-,-
Governador Jorge Teixeira (RO),1798,1910,1658,1662,1297,1131,952,839,654,556,477,353,230,235,83,57,30,7,-,17,16
Itapuã do Oeste (RO),879,896,850,702,581,517,478,435,375,315,271,173,143,105,42,35,11,12,2,-,-
Ministro Andreazza (RO),1285,1458,1376,1261,1135,939,884,706,611,518,463,365,214,189,75,96,24,-,5,-,6
Mirante da Serra (RO),1543,1617,1541,1476,1310,1101,923,815,710,561,409,338,312,217,144,86,22,20,8,-,-
Monte Negro (RO),1549,1562,1453,1411,1284,1060,901,785,660,534,396,373,283,177,115,44,19,12,4,5,-
Nova União (RO),1013,1037,930,963,834,748,592,510,384,330,246,205,181,114,61,68,17,-,-,-,-
Parecis (RO),430,443,481,406,328,285,245,266,228,154,109,111,75,44,9,-,3,5,-,-,-
Pimenteiras do Oeste (RO),318,355,292,242,276,188,178,174,125,98,78,70,63,22,11,25,12,-,-,-,-
Primavera de Rondônia (RO),476,495,482,480,398,357,330,305,230,193,156,120,116,69,30,57,6,6,-,6,-
São Felipe D'Oeste (RO),713,796,806,836,700,536,527,493,410,343,304,160,179,102,79,43,23,6,-,-,-
São Francisco do Guaporé (RO),1493,1415,1269,1227,1099,998,884,699,569,440,346,282,177,90,60,14,10,13,-,-,-
Seringueiras (RO),1545,1560,1367,1271,1166,985,886,765,569,470,339,267,212,144,69,19,10,-,11,-,-
Teixeirópolis (RO),580,656,673,669,528,482,422,373,269,200,202,163,130,117,96,27,16,6,9,-,-
Theobroma (RO),1209,1357,1349,1318,1201,923,747,685,638,571,439,286,290,187,91,33,23,8,-,-,-
Urupá (RO),1687,1749,1842,1850,1518,1144,926,934,805,687,547,378,345,209,115,73,56,15,-,-,-
Vale do Anari (RO),975,979,944,902,765,570,528,488,388,333,273,219,166,108,79,16,4,-,-,-,-
Vale do Paraíso (RO),1076,1179,1146,1156,1008,830,795,640,499,386,347,252,223,153,87,50,28,5,-,3,-
Acrelândia (AC),1171,1119,1018,872,709,593,511,461,344,320,228,208,141,117,85,22,10,6,-,-,-
Assis Brasil (AC),463,508,443,428,347,278,230,181,137,101,101,69,57,40,69,26,10,-,-,2,-
Brasiléia (AC),2249,2134,2188,1942,1588,1349,1171,973,785,652,502,455,329,287,150,150,38,55,5,-,11
Bujari (AC),858,764,758,658,588,407,395,278,272,253,177,136,108,66,81,10,6,11,-,-,-
Capixaba (AC),791,772,586,508,401,410,378,324,261,200,151,139,118,41,42,40,28,8,7,-,-
Cruzeiro do Sul (AC),10051,8715,8783,9063,6998,5085,3809,3177,2673,2188,1872,1365,1176,900,628,433,269,220,28,9,-
Epitaciolândia (AC),1469,1418,1309,1206,1052,944,813,654,494,398,301,287,191,187,111,110,53,10,11,-,10
Feijó (AC),3614,4360,3629,3297,2554,1986,2016,1351,976,770,597,592,481,302,224,186,38,60,26,5,13
Jordão (AC),960,767,640,520,390,266,193,164,133,167,49,115,48,31,5,-,-,-,-,-,6
Mâncio Lima (AC),1652,1580,1570,1521,1089,756,563,503,446,349,240,290,171,124,131,41,33,29,6,-,-
Manoel Urbano (AC),1086,984,864,813,606,420,296,284,240,185,150,121,105,104,46,26,13,26,5,-,-
Marechal Thaumaturgo (AC),1550,1500,1215,945,788,567,392,313,324,227,124,119,84,69,41,10,17,7,-,-,-
Plácido de Castro (AC),2056,1994,1920,1819,1384,1137,986,894,687,561,453,358,303,252,185,92,36,34,6,-,16
Porto Walter (AC),1018,915,822,684,530,347,264,195,204,142,107,79,70,56,22,14,3,7,6,-,-
Rio Branco (AC),31195,28776,28291,29655,27190,22228,19494,15869,13416,10226,7831,5143,4130,3313,2700,1560,1047,717,214,35,29
Rodrigues Alves (AC),1445,1235,1082,1029,773,582,393,340,256,227,163,236,115,85,57,21,13,21,8,-,12
Santa Rosa do Purus (AC),446,432,330,238,189,171,72,104,68,52,19,46,48,16,14,-,-,-,-,-,-
Senador Guiomard (AC),2649,2469,2446,2273,1890,1566,1286,1134,914,795,587,515,443,259,192,178,101,53,12,-,-
Sena Madureira (AC),4535,4083,3731,3687,2923,1990,1625,1353,1248,1021,839,667,523,411,472,157,111,40,-,-,4
Tarauacá (AC),4316,3864,3515,3258,2401,1660,1455,1250,890,797,467,721,472,322,299,178,101,53,-,8,10
Xapuri (AC),1628,1622,1435,1358,1049,856,748,620,562,462,377,332,243,233,203,106,84,30,8,-,-
Porto Acre (AC),1599,1562,1405,1181,1074,834,808,614,555,457,425,270,228,161,128,53,33,21,4,6,-
Alvarães (AM),2245,2013,1706,1427,1107,816,609,540,383,315,268,214,187,153,78,64,12,13,-,-,-
Amaturá (AM),1187,1169,982,828,681,556,387,357,273,198,164,161,125,86,55,56,31,6,6,-,-
Anamã (AM),1055,969,923,799,582,474,375,311,224,191,123,167,132,97,81,19,26,-,10,-,6
Anori (AM),1729,1602,1588,1371,1083,781,635,530,429,362,318,207,206,181,98,71,52,46,6,12,14
Apuí (AM),2205,1889,1816,1389,1213,1012,1022,908,715,708,311,241,211,118,77,22,4,3,-,-,-
Atalaia do Norte (AM),1716,1676,1426,1140,853,798,564,480,370,293,187,184,115,110,72,38,10,1,4,11,-
Autazes (AM),3806,3581,3405,2839,2105,1654,1413,1185,966,747,578,573,463,350,340,186,84,44,26,-,-
Barcelos (AM),3335,4331,3409,2764,1813,1991,1529,1589,909,598,406,394,541,281,140,68,82,16,-,-,-
Barreirinha (AM),3817,3562,3209,2571,1853,1378,1190,1031,838,673,473,526,377,372,285,228,64,94,27,10,-
Benjamin Constant (AM),3676,3368,3185,2889,2107,1605,1359,1147,883,666,530,496,508,290,257,106,122,12,-,13,-
Beruri (AM),2012,1711,1554,1383,964,670,566,484,376,297,244,197,168,187,107,48,38,27,-,-,6
Boa Vista do Ramos (AM),1717,1749,1553,1141,925,722,569,492,397,413,223,202,147,181,50,102,47,12,8,-,3
Boca do Acre (AM),3894,3669,3598,3377,2681,2023,1457,1329,1039,946,744,608,558,388,322,198,67,43,-,-,18
Borba (AM),4746,4708,4081,3416,2480,1905,1336,1283,963,854,640,627,458,390,346,160,91,92,24,11,9
Caapiranga (AM),1409,1288,1179,1096,862,669,481,391,335,300,249,158,129,108,96,30,15,-,8,-,-
Canutama (AM),1432,1670,1516,1322,1011,800,637,628,390,381,290,225,172,121,65,41,23,13,-,-,-
Carauari (AM),4050,3670,3354,2859,2178,1510,1269,1096,794,711,516,397,324,277,141,131,84,44,7,9,-
Careiro (AM),3455,3907,3503,3420,2602,2216,1673,1493,1199,1005,799,644,513,461,327,209,51,42,31,-,5
Careiro da Várzea (AM),2225,2195,2181,1970,1672,1299,1126,923,767,625,584,463,458,297,313,90,39,29,6,4,-
Coari (AM),11037,10030,9119,8118,6878,4952,3653,3019,2537,2061,1584,1191,848,888,586,349,188,49,9,-,-
Codajás (AM),2768,2621,2502,2229,1596,1115,909,856,662,567,378,328,358,258,183,68,85,25,-,-,-
Eirunepé (AM),4058,4243,3817,3358,2466,1611,1389,1221,944,742,534,534,339,328,158,115,97,98,9,14,-
Envira (AM),3308,3127,2692,2438,1891,1466,937,822,584,451,271,395,231,215,79,58,54,34,6,-,-
Fonte Boa (AM),5738,6011,4231,3437,2969,2614,1787,1439,1194,1062,668,542,424,454,208,137,76,33,16,7,-
Guajará (AM),2410,2367,1757,1702,1173,836,694,559,368,353,274,208,185,141,58,50,46,28,-,-,11
Humaitá (AM),5178,4640,4354,4087,3059,2303,1870,1574,1276,1100,815,771,520,511,303,210,108,49,42,-,25
Ipixuna (AM),2981,2458,2122,1836,1255,920,608,697,504,359,218,268,186,95,77,84,58,21,5,-,6
Iranduba (AM),4603,4157,4043,4014,3438,2515,2041,1593,1352,1054,966,647,806,388,296,134,110,118,18,8,-
Itacoatiara (AM),10265,9613,9322,8938,6936,5289,4320,3683,3169,2546,1876,1813,1606,894,782,549,274,145,56,20,9
Itamarati (AM),1614,1460,1207,1051,749,545,437,362,257,211,137,139,59,79,41,32,20,-,-,-,5
Itapiranga (AM),1054,1047,1004,879,667,521,381,348,308,240,210,189,141,119,56,64,33,10,38,-,-
Japurá (AM),1484,1922,1414,1211,977,830,633,465,346,238,194,205,178,79,78,24,-,3,-,3,-
Juruá (AM),1232,1031,910,798,624,467,330,301,191,180,123,132,90,81,48,17,14,9,4,-,-
Jutaí (AM),4376,4645,3258,2608,1869,1707,1067,931,727,553,521,269,323,149,158,65,32,10,-,-,-
Lábrea (AM),4586,4152,4086,3678,2603,1877,1553,1464,1140,968,701,616,519,386,326,112,123,30,23,13,-
Manacapuru (AM),10722,10234,9985,9211,7113,5230,4188,3695,2950,2452,1789,1765,1505,1025,901,379,292,148,77,19,14
Manaquiri (AM),1774,1705,1683,1534,1085,920,746,694,563,422,409,295,225,294,207,92,27,14,6,16,-
Manaus (AM),167704,155230,146023,164085,159563,133363,112554,97193,77323,57914,40901,28251,22022,16203,12046,8039,4003,2341,611,178,288
Manicoré (AM),5535,5792,5445,4556,3388,2629,2027,1964,1499,1238,957,853,677,575,333,183,189,158,10,-,30
Maraã (AM),2604,2847,2343,2093,1656,1293,956,887,780,432,352,244,196,162,106,74,2,44,8,-,-
Maués (AM),6365,5870,5691,4628,3448,2439,2072,1973,1701,1431,861,833,684,803,518,389,178,91,60,-,-
Nhamundá (AM),2221,2388,2262,1922,1330,983,777,702,696,461,357,380,309,260,168,43,41,26,28,-,-
Nova Olinda do Norte (AM),3712,3801,3227,2797,2115,1571,1247,1127,954,759,470,389,423,358,323,211,136,76,18,-,11
Novo Airão (AM),1315,1442,1390,1172,900,639,595,484,370,337,179,252,147,193,140,61,22,13,-,-,-
Novo Aripuanã (AM),2739,2714,2401,2027,1487,1170,894,788,659,535,352,404,286,275,89,88,127,57,7,20,-
Parintins (AM),13988,13814,12464,11402,8199,6147,5055,4460,3813,2998,2549,1662,1535,1562,1028,657,399,260,98,10,18
Pauini (AM),2772,2589,2420,2302,1637,1143,889,864,651,464,336,363,241,192,107,65,18,13,-,-,27
Presidente Figueiredo (AM),2454,2252,1930,1833,1703,1460,1358,1194,960,782,515,334,184,223,100,45,43,24,-,-,-
Rio Preto da Eva (AM),2439,2466,2097,1931,1899,1723,1215,1021,788,574,534,285,281,148,101,51,17,12,-,-,-
Santa Isabel do Rio Negro (AM),1698,1560,1345,1223,906,811,608,513,389,372,311,226,234,154,105,52,29,17,8,-,-
Santo Antônio do Içá (AM),4450,6103,3685,3288,2332,1920,1294,1368,1066,846,544,413,270,284,74,127,92,35,16,-,6
São Gabriel da Cachoeira (AM),4515,4051,3489,3311,2798,2510,1983,1726,1257,1086,871,692,612,325,221,284,104,73,13,-,27
São Paulo de Olivença (AM),3988,3845,3272,2655,1972,1755,1284,1115,813,563,441,436,331,248,205,117,37,29,-,7,-
São Sebastião do Uatumã (AM),1225,1272,1024,846,710,512,350,315,236,209,198,122,114,94,73,55,35,10,-,14,-
Silves (AM),1240,1221,1040,890,669,519,419,370,348,279,161,199,106,129,119,55,7,14,-,-,-
Tabatinga (AM),5998,5430,4957,4636,3613,3014,2374,1910,1620,1095,920,633,474,535,310,218,61,65,24,25,7
Tapauá (AM),3525,4084,3179,2419,1883,1339,990,1033,708,552,202,222,123,113,104,55,11,45,-,-,6
Tefé (AM),9951,9253,9045,8419,6463,4791,3512,3087,2404,1946,1569,1158,924,744,503,292,214,67,73,14,26
Tonantins (AM),2783,2630,2185,1695,1339,1033,867,700,582,429,285,329,168,225,170,68,25,-,-,-,-
Uarini (AM),1761,1812,1496,1156,947,732,583,425,366,275,211,165,66,93,110,26,10,9,10,-,-
Urucará (AM),2694,2886,2620,2210,1642,1289,1111,934,648,553,484,390,283,226,254,80,19,14,29,6,-
Urucurituba (AM),1891,1904,1805,1475,962,747,601,569,495,410,258,303,233,182,130,121,87,70,21,-,-
Amajari (RR),896,802,610,494,400,380,351,255,263,209,164,137,133,61,58,41,20,10,5,-,5
Alto Alegre (RR),2075,2388,2926,2196,1515,1379,1309,1149,810,624,443,323,284,207,103,77,61,32,5,-,-
Boa Vista (RR),26291,24062,22095,23385,21647,17926,15974,13909,10815,7849,5529,3377,2440,2066,1377,971,423,354,35,10,33
Bonfim (RR),1619,1542,1104,880,828,708,632,453,390,376,231,148,133,99,110,43,13,16,-,-,-
Cantá (RR),1293,1180,1063,902,698,597,542,494,466,382,306,227,191,97,39,39,20,13,13,-,9
Caracaraí (RR),2194,1989,1814,1655,1300,1017,901,827,668,514,440,316,265,174,132,38,25,9,-,-,8
Caroebe (RR),721,795,800,706,511,401,352,343,283,197,154,163,118,51,51,25,7,14,-,-,-
Iracema (RR),692,641,635,533,447,331,293,267,235,197,168,121,100,45,46,8,8,4,3,3,4
Mucajaí (RR),1453,1424,1449,1353,982,823,762,703,570,479,319,347,275,110,86,72,27,-,-,14,-
Normandia (RR),1092,1033,812,635,482,480,362,330,227,187,144,100,77,66,37,45,13,2,11,-,3
Pacaraima (RR),1208,1067,901,713,601,546,443,379,315,250,188,106,65,92,18,62,22,6,-,-,8
Rorainópolis (RR),2324,2405,2454,2119,1555,1199,1031,1090,915,692,608,369,266,154,88,73,37,15,-,-,-
São João da Baliza (RR),723,623,641,655,501,392,312,292,232,195,177,129,81,66,41,14,5,13,-,-,-
São Luiz (RR),633,702,733,707,461,351,334,354,302,204,159,154,77,67,33,25,8,8,-,-,-
Uiramutã (RR),1132,1018,810,675,441,352,350,259,214,160,92,69,78,55,25,27,25,4,-,-,16
Abaetetuba (PA),15694,16147,15745,14827,11842,9001,7386,6208,5178,4291,3239,2777,2071,1674,1060,906,631,302,114,25,33
Abel Figueiredo (PA),739,734,709,752,591,460,427,385,280,210,203,130,101,103,76,23,9,23,-,-,2
Acará (PA),7614,7565,7084,5894,4929,4062,3247,2535,2012,1624,1293,1246,847,913,468,456,192,88,45,11,-
Afuá (PA),5208,4734,4051,3483,2614,2019,1546,1285,1041,891,611,597,353,452,270,139,78,47,58,27,-
Água Azul do Norte (PA),2452,2680,2618,2438,2436,2093,1769,1298,1140,853,665,550,467,253,172,102,66,26,7,-,-
Alenquer (PA),6105,5959,5740,5210,3636,2648,2109,1925,1687,1551,1061,1145,946,717,725,332,161,109,9,10,-
Almeirim (PA),4718,4733,4426,3987,3174,2767,2382,2081,1677,1212,802,632,479,351,259,143,52,43,17,23,-
Altamira (PA),9294,9132,9208,9445,8077,6522,5725,5010,4059,3058,2270,1621,1353,1046,698,505,280,112,12,12,-
Anajás (PA),3336,2977,2645,2148,1667,1257,908,746,626,513,342,340,194,272,162,105,38,38,-,-,9
Ananindeua (PA),43466,41892,41720,46206,42905,37526,32840,27764,23405,17786,12651,8266,6234,4131,2949,1739,1233,534,274,36,12
Anapu (PA),1270,1392,1343,1119,922,646,568,462,427,377,329,167,182,104,45,31,23,-,-,-,-
Augusto Corrêa (PA),5046,4881,4656,3919,2771,2242,1735,1465,1303,1162,880,774,554,626,381,231,269,46,60,-,10
Aurora do Pará (PA),3016,2868,2735,2300,1741,1380,1110,915,766,688,584,473,337,330,204,126,113,42,-,-,-
Aveiro (PA),2472,2420,2119,1719,1282,971,782,816,665,593,438,365,374,180,120,116,41,27,19,-,-
Bagre (PA),2594,2322,1979,1551,1218,929,632,534,418,356,314,200,168,157,86,104,72,47,12,8,8
Baião (PA),3104,2961,2884,2633,1915,1426,1225,977,812,817,615,461,481,256,291,131,57,48,17,8,-
Bannach (PA),496,440,432,453,389,326,273,249,203,165,134,72,68,47,14,3,7,9,-,-,-
Barcarena (PA),8371,8326,8215,7530,6092,5058,4403,3930,3245,2261,1788,1076,964,685,513,479,226,62,32,13,-
Belém (PA),121300,119419,125035,146898,141555,121188,104057,90532,77313,61215,47894,35509,28175,22260,15940,10882,6054,3609,1118,432,227
Belterra (PA),2048,1973,1797,1677,1301,993,850,770,638,581,450,445,427,262,189,96,67,12,7,7,4
Benevides (PA),4476,4315,4008,4243,3735,3139,2662,2104,1758,1267,936,898,672,528,338,226,138,59,27,7,10
Bom Jesus do Tocantins (PA),1678,1685,1535,1568,1279,1032,810,706,606,511,394,398,288,226,181,78,73,57,-,-,-
Bonito (PA),1207,1306,1256,1285,939,724,610,479,424,375,278,223,207,179,141,107,44,24,-,5,-
Bragança (PA),12261,12142,12431,11704,8806,6757,5591,4752,4016,3519,2732,2432,1829,1805,1297,906,448,258,67,26,-
Brasil Novo (PA),2075,2179,2175,2007,1737,1402,1195,1112,827,665,559,340,414,192,205,85,24,-,-,-,-
Brejo Grande do Araguaia (PA),1002,989,1008,935,685,530,465,390,369,282,213,181,149,108,57,38,31,32,-,-,-
Breu Branco (PA),5050,4539,4330,3861,2989,2321,1970,1752,1444,1194,992,634,552,348,239,95,47,59,22,-,9
Breves (PA),13922,12137,11172,9604,7534,5412,4132,3450,2988,2425,1642,1605,1068,1015,693,471,445,283,99,24,35
Bujaru (PA),3316,3362,3210,2577,2031,1472,1230,1196,861,823,567,596,430,262,287,140,78,58,13,-,-
Cachoeira do Piriá (PA),2358,2381,2170,1722,1366,1183,975,809,643,505,416,307,240,179,61,76,40,3,-,4,-
Cachoeira do Arari (PA),2319,2704,2334,1920,1344,1090,907,861,776,536,457,333,394,279,203,142,61,7,31,-,-
Cametá (PA),14257,13888,14012,11923,8709,6409,5204,4276,3743,3413,2578,2437,1987,1484,1401,747,602,392,91,59,12
Canaã dos Carajás (PA),1263,1373,1377,1299,1065,910,799,706,540,453,312,338,197,168,84,34,-,-,3,-,-
Capanema (PA),6259,6328,7092,7143,5694,4492,3798,3504,2844,2426,1765,1413,1440,982,793,551,285,216,95,-,-
Capitão Poço (PA),6769,7411,7009,6119,4602,3789,3035,2482,2056,1674,1298,1205,958,1086,614,378,146,112,73,-,-
Castanhal (PA),15181,15274,15753,16323,13988,11601,10389,8305,7035,5443,4352,3033,2815,1649,1656,820,522,242,75,-,41
Chaves (PA),2610,2930,2344,1994,1573,1184,885,832,626,622,411,422,368,208,167,75,59,19,9,2,9
Colares (PA),1319,1452,1444,1327,938,714,647,527,438,375,391,273,235,241,132,103,55,6,16,-,-
Conceição do Araguaia (PA),5283,5142,5005,5108,4165,3304,2936,2578,2182,1844,1444,1363,1007,803,482,312,215,123,45,44,-
Concórdia do Pará (PA),2908,3011,2851,2542,1944,1529,1351,968,823,682,596,447,404,315,339,65,120,56,6,-,-
Cumaru do Norte (PA),794,775,615,629,545,522,503,425,368,279,211,138,60,68,26,12,8,-,-,-,-
Curionópolis (PA),2563,2595,2505,2106,1716,1240,1199,1181,1064,868,662,595,510,305,202,115,51,8,-,-,1
Curralinho (PA),3612,3202,2852,2391,1911,1256,900,796,645,577,455,370,337,210,143,158,154,29,17,-,-
Curuá (PA),1437,1391,1350,1132,731,552,467,454,364,309,211,243,173,154,71,73,77,35,-,-,-
Curuçá (PA),3325,3343,3474,3105,2301,1708,1451,1294,1155,955,833,756,822,566,410,316,160,79,51,44,12
Dom Eliseu (PA),5570,5098,5032,4935,4028,3178,2732,2429,1962,1391,1167,557,501,468,216,145,49,51,11,10,-
Eldorado do Carajás (PA),4390,4028,4115,3381,2706,2085,1901,1674,1372,1105,842,827,475,378,230,69,11,10,-,-,9
Faro (PA),1493,1587,1371,1160,904,706,582,507,386,336,169,253,214,130,99,73,35,18,14,-,-
Floresta do Araguaia (PA),1858,1853,1888,1593,1338,1108,937,836,686,553,489,373,325,175,125,81,41,18,7,-,-
Garrafão do Norte (PA),3829,3826,3438,2885,2146,1668,1424,1057,899,736,685,505,415,286,210,159,30,23,-,-,-
Goianésia do Pará (PA),3100,3027,3056,2726,2347,1831,1512,1270,994,871,568,477,431,213,84,96,73,9,-,-,-
Gurupá (PA),4170,3577,3202,2675,2122,1606,1189,1046,852,619,522,397,263,262,268,169,111,45,4,-,-
Igarapé-Açu (PA),3891,4245,4171,4062,2899,2354,2014,1697,1525,1254,979,898,792,579,421,276,168,90,43,17,25
Igarapé-Miri (PA),7055,7479,7437,6433,5264,3741,2876,2491,2111,1834,1444,1145,1054,727,512,418,242,254,35,51,-
Inhangapi (PA),995,977,1072,952,647,542,467,379,367,276,231,226,125,169,138,80,10,13,5,7,3
Ipixuna do Pará (PA),3865,3639,3306,2923,2453,2044,1523,1250,1015,896,657,608,341,271,158,91,53,35,10,-,-
Irituia (PA),3993,4292,4614,4076,2866,2106,1749,1416,1323,1174,977,878,656,480,464,268,279,47,66,18,9
Itaituba (PA),12823,12057,11544,11208,8817,7712,6948,6420,5002,3632,2682,1934,1360,1160,610,542,197,59,21,16,6
Itupiranga (PA),7168,6931,6796,5827,4693,3426,2940,2522,2222,1741,1598,1312,955,711,444,266,47,45,-,11,-
Jacareacanga (PA),2683,2882,2552,2188,1848,1828,2350,1977,1158,764,665,600,350,151,24,39,-,14,-,-,4
Jacundá (PA),5119,5066,5181,5036,4252,3330,2768,2263,1887,1498,1117,957,705,602,233,260,103,158,12,-,-
Juruti (PA),5113,4910,4588,3776,2471,1739,1432,1300,1185,1115,815,729,546,506,392,322,102,98,39,20,-
Limoeiro do Ajuru (PA),3253,3010,2745,2236,1819,1379,1122,826,730,600,302,483,303,218,189,164,132,43,10,-,-
Mãe do Rio (PA),3239,3139,3249,3191,2512,2072,1631,1253,1116,934,633,707,574,334,303,185,137,119,22,-,-
Magalhães Barata (PA),946,1028,1047,968,652,479,324,358,337,304,271,200,216,181,206,86,65,22,-,-,3
Marabá (PA),21258,20667,21245,20560,17204,13605,12147,10361,8484,6332,4683,3411,2806,2260,1437,746,413,295,73,20,12
Maracanã (PA),3796,4022,3761,3070,2276,1757,1525,1327,1141,953,825,837,683,562,450,216,200,70,83,17,-
Marapanim (PA),3111,3356,3260,2811,2069,1619,1375,1222,1060,950,722,865,704,558,307,345,258,108,15,-,4
Marituba (PA),9407,8885,8260,8398,7976,7013,6030,4744,3778,2890,2155,1516,1216,817,652,283,233,115,34,8,20
Medicilândia (PA),2735,2891,2707,2640,2138,1600,1429,1232,1049,860,668,478,401,226,157,116,44,8,-,-,-
Melgaço (PA),3865,3579,3147,2414,1894,1427,1053,863,662,510,440,310,244,221,189,85,117,24,19,-,-
Mocajuba (PA),3007,2906,2961,2483,1829,1317,1170,899,759,702,515,600,449,334,261,150,136,18,15,25,6
Moju (PA),7729,7970,7559,6462,5101,3796,2938,2501,2039,1741,1395,1130,983,569,484,260,164,90,-,20,9
Monte Alegre (PA),8567,8600,8152,7401,5494,4320,3443,3011,2711,2279,1711,1565,1257,1095,752,357,335,178,68,33,5
Muaná (PA),3632,3672,3311,3104,2472,1841,1476,1349,975,900,646,589,501,431,322,131,69,66,49,-,-
Nova Esperança do Piriá (PA),3261,2983,2613,2237,1805,1502,1115,815,690,525,449,360,249,143,86,17,27,10,-,-,5
Nova Ipixuna (PA),1627,1589,1516,1439,1181,819,669,593,567,492,417,312,196,204,106,66,45,27,2,-,-
Nova Timboteua (PA),1205,1266,1383,1469,1110,852,739,624,533,483,427,325,272,283,202,70,76,62,25,-,-
Novo Progresso (PA),2141,2212,2384,2356,2453,2945,3019,2513,1993,1129,776,430,242,204,75,46,29,-,-,-,-
Novo Repartimento (PA),6009,6071,5755,5054,3905,2835,2417,2236,1871,1570,1329,971,840,417,289,147,37,46,-,8,9
Óbidos (PA),6080,6154,6115,5987,4362,3112,2674,2288,1919,1743,1309,1450,1072,759,619,399,237,167,30,13,-
Oeiras do Pará (PA),4134,3557,3298,2808,2163,1513,1166,936,753,735,531,551,310,231,150,129,153,88,28,10,11
Oriximiná (PA),6799,6456,6443,6048,4574,3323,2857,2615,2188,1762,1364,1102,876,697,563,266,270,87,31,12,-
Ourém (PA),1835,1944,1971,1864,1280,967,882,696,599,510,408,395,397,177,176,122,72,81,15,-,6
Ourilândia do Norte (PA),2112,2551,2446,2250,1858,1689,1445,1265,1016,863,653,497,366,247,132,38,30,13,-,-,-
Pacajá (PA),3912,4232,4061,3541,2641,1972,1641,1450,1285,1114,863,716,677,320,182,163,48,23,-,25,22
Palestina do Pará (PA),923,1054,965,961,723,514,444,381,301,315,247,191,237,95,99,32,53,5,5,-,-
Paragominas (PA),10862,9807,9665,9217,8023,6871,5702,4597,3572,2771,1655,1459,861,592,379,216,124,27,6,20,25
Parauapebas (PA),9779,9087,8770,8198,7367,6385,5775,4950,3641,2562,1604,1245,882,584,397,134,113,56,9,20,12
Pau D'Arco (PA),891,902,941,811,706,541,500,408,286,286,242,180,135,140,72,47,24,6,-,5,-
Peixe-Boi (PA),883,902,978,993,693,537,485,424,389,327,230,249,188,201,105,86,44,21,11,13,-
Piçarra (PA),1918,1895,1625,1427,1247,1016,901,756,564,492,376,302,228,132,75,39,7,12,11,-,8
Placas (PA),1777,1827,1833,1693,1234,992,797,806,614,508,390,299,275,142,112,49,23,23,-,-,-
Ponta de Pedras (PA),2451,2528,2491,2230,1759,1339,1135,1050,841,671,521,391,365,336,251,158,107,43,26,-,-
Portel (PA),7230,5998,5336,4449,3406,2528,1779,1523,1274,1127,879,756,493,437,286,233,135,125,-,40,9
Porto de Moz (PA),4197,3807,3243,2727,2249,1700,1308,1060,766,596,486,490,314,262,139,90,40,59,13,-,-
Prainha (PA),4579,4929,3566,2931,2426,2085,1445,1311,1004,805,551,544,522,218,190,108,55,5,17,10,-
Primavera (PA),1252,1277,1332,1167,834,665,556,475,392,331,313,247,257,180,160,140,54,62,24,-,-
Quatipuru (PA),1448,1500,1417,1428,961,669,589,560,469,399,338,291,274,227,113,105,58,47,-,-,12
Redenção (PA),7896,7349,7355,7455,6591,5519,5009,4288,3356,2430,1626,1545,1033,786,497,234,156,115,11,-,-
Rio Maria (PA),1941,1918,2159,2069,1674,1446,1306,1144,928,766,688,394,430,263,109,143,95,25,-,-,-
Rondon do Pará (PA),4576,4691,4857,5107,4235,3223,2891,2471,2022,1557,1344,808,682,628,329,184,157,72,12,12,12
Rurópolis (PA),3246,3366,3511,3092,2180,1567,1506,1357,1213,987,741,576,490,369,183,141,59,39,37,-,-
Salinópolis (PA),4430,4398,4462,4073,3234,2635,2132,1706,1424,1198,883,908,606,537,336,158,207,76,47,-,-
Salvaterra (PA),1963,2038,1903,1655,1300,1134,943,774,678,549,505,449,418,274,225,71,116,91,13,-,19
Santa Bárbara do Pará (PA),1484,1389,1450,1348,1082,968,802,610,493,403,344,284,274,153,150,41,83,14,6,-,-
Santa Cruz do Arari (PA),707,888,645,697,491,455,462,291,179,154,147,161,68,76,122,40,32,6,-,-,-
Santa Izabel do Pará (PA),4944,5194,5100,5194,4607,3889,3211,2555,2013,1597,1308,1007,789,698,472,313,155,123,41,17,-
Santa Luzia do Pará (PA),2849,2657,2710,2408,1785,1354,1115,909,839,637,518,425,371,310,230,117,97,49,11,4,5
Santa Maria das Barreiras (PA),1381,1289,1257,1175,974,809,795,684,636,582,412,374,208,165,110,66,17,17,5,-,-
Santa Maria do Pará (PA),2278,2487,2513,2554,2088,1703,1518,1206,1006,806,610,570,450,388,302,180,111,60,20,-,-
Santana do Araguaia (PA),3917,3929,3697,3367,3131,2722,2377,2135,1772,1397,879,770,530,251,158,84,54,32,5,-,11
Santarém (PA),32602,32587,33289,33153,25988,19826,16478,14684,12445,10445,7863,6374,5158,4310,3149,1983,1173,736,229,55,11
Santarém Novo (PA),767,760,763,683,446,364,269,279,202,199,176,135,111,110,68,54,28,20,-,-,-
Santo Antônio do Tauá (PA),2444,2539,2599,2382,1910,1490,1191,968,881,761,550,660,403,523,228,100,135,51,20,-,-
São Caetano de Odivelas (PA),1978,2059,2094,1893,1408,1131,900,755,664,620,451,433,403,339,176,155,64,51,16,-,4
São Domingos do Araguaia (PA),2654,2709,2667,2450,2088,1395,1117,1003,835,729,627,537,513,216,191,144,63,50,8,-,8
São Domingos do Capim (PA),4381,4015,3879,3295,2493,1853,1464,1167,955,870,802,716,499,304,339,140,89,68,43,12,21
São Félix do Xingu (PA),4758,4549,4574,3870,3211,2630,2556,2040,1718,1378,1182,734,606,425,237,120,-,-,20,13,-
São Francisco do Pará (PA),1607,1679,1767,1813,1454,1102,921,782,647,564,452,409,340,253,192,138,73,29,15,6,2
São Geraldo do Araguaia (PA),3656,3474,3606,3403,2664,2001,1797,1580,1312,1035,841,683,569,402,314,135,93,29,26,13,13
São João da Ponta (PA),499,565,548,464,319,238,213,205,165,167,104,203,141,74,55,33,16,26,-,-,-
São João de Pirabas (PA),2247,2480,2417,2013,1534,1085,966,858,725,650,562,505,479,318,151,216,132,81,55,10,-
São João do Araguaia (PA),1682,1681,1710,1415,1167,847,715,644,556,483,454,242,264,145,109,81,33,6,6,-,7
São Miguel do Guamá (PA),5571,5345,5239,5064,4104,3054,2621,2134,1776,1615,1295,1010,793,585,427,381,176,109,48,14,6
São Sebastião da Boa Vista (PA),2613,2593,2554,2224,1632,1211,944,834,666,551,401,369,348,227,193,148,99,36,9,-,12
Sapucaia (PA),461,459,494,361,342,327,309,293,234,155,113,89,33,57,44,11,14,-,-,-,-
Senador José Porfírio (PA),2510,2458,2059,1651,1524,1316,1027,860,661,451,343,318,193,158,100,62,12,5,-,-,12
Soure (PA),2406,2593,2483,2344,1772,1448,1334,1081,958,784,618,537,487,422,304,211,130,37,10,-,-
Tailândia (PA),5977,5496,4710,4543,4033,3419,2781,2061,1572,1218,845,670,350,396,112,144,70,38,-,-,-
Terra Alta (PA),1122,1105,1064,1013,719,595,472,406,315,311,207,298,187,178,113,67,48,30,4,3,4
Terra Santa (PA),1964,1946,1998,1950,1413,1048,743,632,612,495,350,415,273,306,192,133,55,49,4,7,7
Tomé-Açu (PA),6672,6729,6241,5830,4787,3555,2966,2416,1870,1592,1388,1000,738,652,459,291,129,78,-,11,-
Tracuateua (PA),3026,3184,3240,2669,2015,1467,1344,1129,920,842,608,676,574,348,276,230,128,38,30,-,-
Trairão (PA),2151,2096,1978,1580,1139,1033,820,859,701,442,472,294,141,99,60,28,10,-,-,-,-
Tucumã (PA),2934,3217,3211,2961,2416,1998,1934,1768,1414,1041,849,555,463,230,188,43,32,14,12,20,10
Tucuruí (PA),9140,8834,9194,9290,7774,6207,5251,4636,4021,3055,1937,1422,1115,742,527,364,146,58,31,16,38
Ulianópolis (PA),2800,2662,2388,2140,2050,1797,1587,1270,921,527,466,258,162,122,67,37,-,-,-,-,-
Uruará (PA),5327,6462,5698,5578,4713,3189,3239,2802,2098,1722,1275,1135,825,588,330,120,50,39,10,-,-
Vigia (PA),4669,5025,5137,4953,3837,3085,2490,2114,1848,1605,1284,1225,922,733,351,359,340,133,46,10,9
Viseu (PA),8092,7862,7453,6119,4073,3061,2551,2369,1993,1762,1444,1044,891,1025,627,455,179,89,-,-,-
Vitória do Xingu (PA),1392,1533,1458,1309,1110,874,736,613,493,377,347,248,245,179,117,54,39,13,4,-,-
Xinguara (PA),4081,4116,4301,4185,3548,3059,2691,2345,1868,1415,1111,794,667,559,245,205,105,47,22,-,-
Serra do Navio (AP),507,459,417,404,319,270,232,175,152,110,91,51,41,21,16,19,-,9,-,-,-
Amapá (AP),1071,1008,1003,874,619,522,441,369,285,229,157,162,138,84,51,45,31,24,4,4,-
Pedra Branca do Amapari (AP),670,587,484,419,373,265,257,214,175,175,132,78,87,23,43,14,4,4,-,4,-
Calçoene (AP),1050,940,858,777,593,496,477,396,341,218,136,173,101,67,48,21,25,6,7,-,-
Cutias (AP),520,552,475,383,295,262,183,163,126,80,55,65,84,15,4,9,3,-,4,1,-
Ferreira Gomes (AP),550,509,504,426,312,289,207,177,143,119,105,42,70,40,23,26,8,2,4,5,-
Itaubal (AP),476,460,418,371,229,219,145,140,124,74,77,50,51,25,27,8,-,-,-,-,-
Laranjal do Jari (AP),4471,3769,3454,3312,2888,2418,2155,1790,1320,956,484,598,292,273,167,84,28,34,22,-,-
Macapá (AP),38102,34223,33399,34378,30533,25977,21502,17585,13688,10072,6995,5098,3776,3154,2189,1121,736,439,233,57,53
Mazagão (AP),2041,1836,1687,1398,1040,804,657,580,447,352,288,271,153,174,106,101,26,8,18,-,-
Oiapoque (AP),2092,1881,1596,1403,1263,1053,934,807,584,416,251,211,135,80,46,44,24,53,5,-,8
Porto Grande (AP),1642,1492,1368,1212,1058,958,823,641,488,365,259,250,142,180,52,57,38,9,7,-,-
Pracuúba (AP),394,343,320,286,191,162,121,106,72,79,63,54,30,32,12,-,6,9,6,-,-
Santana (AP),11436,10787,10557,9992,8254,6746,5409,4328,3429,2665,1843,1666,1079,873,570,345,174,199,60,18,9
Tartarugalzinho (AP),1281,1169,1015,779,575,478,421,348,282,254,172,139,69,62,26,24,-,13,14,-,-
Vitória do Jari (AP),1417,1305,1230,1022,868,635,522,433,304,224,165,154,93,77,33,25,10,43,-,-,-
Abreulândia (TO),256,213,260,253,218,144,142,134,134,125,81,84,38,32,31,16,18,6,4,-,-
Aguiarnópolis (TO),393,378,398,388,338,215,179,163,141,131,110,86,75,66,59,20,5,-,-,-,-
Aliança do Tocantins (TO),670,694,722,660,564,479,447,374,330,274,225,216,194,103,87,84,20,15,12,6,-
Almas (TO),1099,1113,1046,962,767,627,539,489,390,328,273,256,208,112,143,56,34,15,7,-,11
Alvorada (TO),830,899,893,960,815,695,676,600,446,424,350,256,250,131,104,92,65,12,11,-,-
Ananás (TO),1263,1286,1355,1367,1117,773,690,532,404,389,334,317,209,189,138,76,60,10,4,-,-
Angico (TO),333,347,411,320,249,188,216,151,138,110,98,81,83,59,45,12,26,16,6,-,-
Aparecida do Rio Negro (TO),343,408,445,464,337,227,210,188,185,155,154,104,101,87,50,10,24,23,2,-,-
Aragominas (TO),728,777,814,710,568,425,409,361,329,306,219,215,124,95,49,29,6,17,-,-,-
Araguacema (TO),710,735,703,565,417,370,370,315,267,223,149,187,150,76,61,68,17,23,7,-,-
Araguaçu (TO),916,918,953,985,936,805,717,608,507,479,341,328,284,227,169,80,59,25,5,5,-
Araguaína (TO),12586,12234,12750,13536,12343,9961,8714,7319,5873,4652,3685,2733,2301,1690,1141,799,409,313,66,29,10
Araguanã (TO),555,590,572,506,404,300,287,257,188,124,153,80,116,33,31,29,21,4,9,4,-
Araguatins (TO),3401,3199,3489,3140,2483,1675,1518,1402,1147,1046,816,749,582,578,367,272,71,45,14,8,8
Arapoema (TO),902,875,801,842,652,563,522,386,337,281,238,181,170,96,86,38,38,16,-,-,-
Arraias (TO),1258,1421,1478,1180,887,710,623,664,575,459,358,413,293,228,178,80,87,64,15,6,7
Augustinópolis (TO),1574,1624,1707,1749,1237,820,732,673,645,529,438,422,293,252,143,62,36,19,9,-,-
Aurora do Tocantins (TO),299,291,368,357,289,213,238,202,150,158,134,133,107,65,59,21,10,8,-,-,-
Axixá do Tocantins (TO),1030,1153,1262,1088,804,545,495,443,357,327,337,223,260,203,127,99,44,29,2,-,-
Babaçulândia (TO),1091,1344,1255,1251,1004,799,640,624,505,443,337,317,380,279,211,81,57,33,17,20,-
Bandeirantes do Tocantins (TO),337,297,274,275,269,249,212,150,110,101,64,117,97,38,6,6,5,-,-,-,-
Barra do Ouro (TO),493,497,522,359,255,229,213,171,161,147,109,132,79,65,81,43,14,6,3,-,-
Barrolândia (TO),479,534,572,632,473,388,380,341,259,251,158,181,144,117,95,37,24,13,3,-,-
Bernardo Sayão (TO),548,571,501,491,443,414,357,294,255,158,154,107,104,54,49,18,14,18,-,-,-
Bom Jesus do Tocantins (TO),300,298,291,261,181,139,152,144,121,100,84,57,55,56,26,35,18,5,-,-,-
Brasilândia do Tocantins (TO),236,220,235,199,187,171,145,115,93,67,60,64,37,61,22,4,-,1,6,-,-
Brejinho de Nazaré (TO),522,615,637,536,430,332,329,272,243,179,169,152,126,105,108,73,30,14,5,-,-
Buriti do Tocantins (TO),923,1065,1216,1084,664,442,390,398,377,293,200,261,207,111,48,56,75,22,11,-,-
Cachoeirinha (TO),273,275,286,252,191,124,118,75,86,73,65,38,37,47,32,28,23,-,-,-,-
Campos Lindos (TO),991,847,782,634,442,342,316,251,218,214,149,155,101,67,68,30,26,5,-,-,-
Cariri do Tocantins (TO),309,322,316,296,301,274,259,210,152,118,110,107,92,51,20,28,22,4,-,-,-
Carmolândia (TO),211,268,248,229,180,161,158,122,101,83,61,64,41,25,25,11,-,19,-,-,-
Carrasco Bonito (TO),506,448,453,389,275,206,197,151,122,111,95,79,61,52,19,27,-,16,11,-,-
Caseara (TO),463,456,497,385,325,270,248,215,174,157,119,101,87,57,41,31,18,12,5,-,-
Centenário (TO),267,257,277,255,168,152,146,138,136,86,86,37,55,55,30,8,10,1,-,-,-
Chapada de Areia (TO),131,121,137,137,135,84,80,86,71,61,64,41,69,28,10,6,6,4,-,-,-
Chapada da Natividade (TO),413,405,409,325,244,205,268,201,168,125,143,108,81,77,41,36,19,6,-,-,-
Colinas do Tocantins (TO),2684,2799,3054,2854,2577,2106,1979,1604,1260,1038,911,651,522,541,200,297,87,54,53,29,-
Combinado (TO),488,480,597,610,427,309,304,295,233,156,169,123,100,98,66,31,19,5,15,-,-
Conceição do Tocantins (TO),609,635,626,457,349,251,274,238,190,162,168,105,124,52,50,43,33,12,-,-,-
Couto Magalhães (TO),511,509,532,512,446,300,235,267,214,194,178,110,120,86,52,44,12,13,-,-,-
Cristalândia (TO),700,775,854,834,660,571,499,500,429,317,220,231,215,160,153,81,43,58,17,-,-
Crixás do Tocantins (TO),163,147,129,137,152,168,99,77,47,72,17,79,41,11,29,4,-,12,-,-,-
Darcinópolis (TO),541,519,572,498,365,299,261,224,226,192,130,126,109,81,63,57,6,-,-,4,-
Dianópolis (TO),2007,1899,2016,1838,1384,1069,992,917,716,630,541,334,321,280,232,102,119,16,15,-,-
Divinópolis do Tocantins (TO),616,615,711,673,490,392,424,361,315,294,241,150,147,158,70,68,31,9,3,-,9
Dois Irmãos do Tocantins (TO),776,736,848,808,691,518,525,446,403,368,265,240,243,147,100,68,49,22,10,3,3
Dueré (TO),524,540,515,433,444,372,285,322,217,221,146,166,121,91,49,40,24,36,18,-,-
Esperantina (TO),1139,1099,1217,861,658,416,385,359,319,285,218,205,173,140,35,57,27,16,6,9,-
Fátima (TO),416,424,472,462,359,315,237,225,207,172,136,117,126,40,57,20,38,17,9,-,-
Figueirópolis (TO),555,524,634,643,494,434,447,364,296,225,223,183,184,122,110,62,40,22,-,-,-
Filadélfia (TO),1029,1062,992,930,726,552,475,427,380,320,276,293,229,202,147,67,72,26,7,5,-
Formoso do Araguaia (TO),2091,2139,2291,2258,1833,1548,1421,1253,982,795,580,474,398,297,235,118,64,22,-,-,18
Tabocão (TO),285,257,260,243,195,194,173,134,109,86,84,53,51,57,17,38,5,-,-,-,-
Goianorte (TO),541,543,584,584,420,375,334,283,241,211,179,185,115,105,48,22,56,6,7,-,-
Goiatins (TO),1523,1536,1490,1254,880,678,625,566,471,436,381,299,231,251,179,97,106,26,7,-,-
Guaraí (TO),2082,2222,2159,2308,2008,1685,1487,1347,1047,917,754,524,419,451,245,191,105,66,-,-,-
Gurupi (TO),6488,6773,7098,7315,6841,5776,5385,4711,3784,2884,2278,1587,1382,918,749,628,271,104,28,34,-
Ipueiras (TO),177,154,178,137,89,106,77,62,41,44,18,21,40,11,10,-,-,-,-,-,-
Itacajá (TO),797,811,786,785,580,474,411,367,341,275,217,253,196,181,159,98,42,22,11,4,5
Itaguatins (TO),823,783,866,777,595,386,355,323,328,256,228,150,206,99,97,56,28,22,4,5,-
Itapiratins (TO),396,377,384,361,272,229,218,168,199,162,126,100,73,85,38,39,31,12,-,-,7
Itaporã do Tocantins (TO),273,323,284,261,234,221,179,171,119,102,92,79,76,33,22,32,8,9,4,-,-
Jaú do Tocantins (TO),270,336,334,357,279,241,226,189,175,166,180,67,94,91,83,9,23,-,-,-,-
Juarina (TO),247,258,301,296,221,163,182,149,129,93,72,91,58,36,22,10,-,5,-,-,-
Lagoa da Confusão (TO),791,732,737,730,573,515,434,414,300,250,158,191,130,79,59,39,22,9,3,-,1
Lagoa do Tocantins (TO),352,389,353,276,219,142,154,121,91,113,68,86,52,46,24,22,15,7,-,-,-
Lajeado (TO),285,258,217,276,298,224,155,149,135,111,55,71,36,33,26,9,-,6,-,-,-
Lavandeira (TO),119,118,149,162,124,105,78,79,70,17,45,58,60,-,16,4,5,-,-,-,-
Lizarda (TO),512,536,539,387,235,211,217,213,237,163,103,115,81,97,46,32,36,4,12,-,11
Luzinópolis (TO),259,247,270,273,195,142,118,96,90,79,80,45,64,37,2,15,8,2,-,-,-
Marianópolis do Tocantins (TO),372,388,389,344,300,255,258,229,188,164,156,101,92,51,20,13,10,2,-,-,-
Mateiros (TO),270,272,219,138,143,65,113,94,78,57,24,66,52,-,24,23,9,-,-,-,-
Maurilândia do Tocantins (TO),349,363,424,338,260,182,182,161,128,111,73,91,74,40,46,15,4,7,-,-,6
Miracema do Tocantins (TO),2908,2741,2715,2656,2554,2133,1903,1641,1426,1036,663,581,436,389,372,187,81,22,-,-,-
Miranorte (TO),1264,1202,1289,1335,1222,963,831,741,652,546,430,358,291,233,221,112,61,23,21,-,6
Monte do Carmo (TO),580,698,705,540,414,346,322,288,276,214,180,196,139,112,113,37,23,8,-,-,2
Monte Santo do Tocantins (TO),202,187,194,194,171,159,141,123,80,97,87,98,38,36,25,9,23,5,-,-,-
Palmeiras do Tocantins (TO),592,617,638,573,394,273,285,208,200,184,157,136,141,120,50,11,32,11,-,-,-
Muricilândia (TO),335,308,311,322,262,200,176,143,128,110,88,82,65,68,47,20,10,6,-,-,-
Natividade (TO),1010,1144,1198,1002,715,599,571,502,446,366,289,284,224,157,153,81,76,38,12,-,-
Nazaré (TO),551,527,713,692,489,331,287,266,224,220,174,173,132,134,85,78,48,25,-,-,-
Nova Olinda (TO),1079,1109,1135,1114,876,666,590,504,478,429,299,340,287,212,99,95,31,22,13,7,-
Nova Rosalândia (TO),336,359,399,342,272,231,188,196,163,156,164,71,75,90,47,47,30,12,5,7,-
Novo Acordo (TO),377,419,425,364,267,185,192,167,143,133,67,116,72,27,37,45,6,-,11,4,-
Novo Alegre (TO),237,252,252,304,229,180,158,131,107,103,83,61,65,43,36,6,14,9,4,-,-
Novo Jardim (TO),297,280,304,255,174,148,134,120,85,96,54,67,35,34,23,22,13,7,3,-,-
Oliveira de Fátima (TO),112,100,122,104,98,64,77,58,58,39,34,14,41,10,24,-,-,4,-,-,-
Palmeirante (TO),443,501,451,376,293,251,214,169,186,162,144,140,94,79,72,23,12,-,-,-,-
Palmeirópolis (TO),672,676,779,849,651,520,535,510,392,338,304,235,175,166,100,66,52,45,-,-,4
Paraíso do Tocantins (TO),3561,3756,3946,4206,3730,3192,2953,2597,2087,1565,1292,880,879,454,375,367,208,82,-,-,-
Paranã (TO),1319,1365,1482,1171,789,640,657,515,516,444,345,356,242,188,179,122,52,31,3,-,-
Pau D'Arco (TO),550,550,551,480,404,277,299,261,206,184,170,101,101,76,83,22,20,-,-,-,-
Pedro Afonso (TO),1001,1080,1095,1023,895,713,615,504,452,349,313,232,195,218,112,74,55,45,51,-,5
Peixe (TO),984,1005,1012,944,736,650,579,571,461,420,370,318,224,200,119,71,38,54,2,-,3
Pequizeiro (TO),502,541,537,496,427,374,267,320,223,204,170,186,118,82,66,44,13,13,5,-,3
Colméia (TO),1057,1036,987,947,886,747,701,620,484,463,396,253,277,164,132,117,33,32,10,5,5
Pindorama do Tocantins (TO),460,546,602,626,425,348,296,271,222,217,155,97,112,80,107,54,20,24,22,-,-
Piraquê (TO),281,311,270,405,291,176,151,137,125,92,71,101,52,14,31,16,-,-,-,-,-
Pium (TO),626,628,666,618,485,410,390,361,281,256,177,177,154,116,78,42,46,9,16,-,3
Ponte Alta do Bom Jesus (TO),506,547,579,525,383,308,258,256,249,198,193,177,109,111,50,50,49,15,3,8,-
Ponte Alta do Tocantins (TO),715,777,797,704,512,385,431,323,316,247,199,226,185,140,73,72,45,14,12,-,-
Porto Alegre do Tocantins (TO),330,340,342,258,173,154,135,137,107,93,56,93,65,40,35,12,9,8,-,6,-
Porto Nacional (TO),4947,5301,5198,5366,4685,3679,3226,2729,2229,1830,1495,1138,962,791,544,359,311,150,33,19,-
Praia Norte (TO),1004,944,997,832,628,402,341,289,279,240,223,175,189,68,66,25,56,19,-,3,-
Presidente Kennedy (TO),426,434,427,401,381,295,261,215,195,116,153,97,102,72,67,49,39,21,-,2,6
Pugmil (TO),258,256,213,202,176,179,152,123,92,77,93,23,68,28,21,21,-,7,-,-,-
Recursolândia (TO),425,444,448,356,240,192,189,176,147,110,100,98,87,34,42,39,-,11,-,-,-
Riachinho (TO),466,513,508,471,350,226,196,198,174,138,87,109,87,65,28,27,9,13,5,-,-
Rio da Conceição (TO),173,159,165,155,84,40,100,41,50,42,40,30,45,18,13,17,-,16,-,-,-
Rio dos Bois (TO),263,283,275,246,217,171,148,143,143,99,63,71,34,35,30,15,18,14,-,-,-
Rio Sono (TO),732,798,834,652,447,383,357,346,309,282,250,182,184,119,83,49,42,30,6,4,-
Sampaio (TO),433,402,385,324,226,153,177,140,110,86,57,86,75,43,77,11,11,-,5,-,-
Sandolândia (TO),326,341,390,347,288,299,265,214,189,166,122,119,105,56,43,38,4,15,5,-,-
Santa Fé do Araguaia (TO),745,745,749,616,532,388,382,340,275,203,170,111,79,74,49,37,9,3,-,-,-
Santa Maria do Tocantins (TO),266,279,273,233,193,163,143,138,112,94,82,70,15,61,48,20,17,13,5,-,-
Santa Rita do Tocantins (TO),220,201,168,185,263,151,96,111,121,88,95,46,63,29,11,-,3,-,-,-,-
Santa Rosa do Tocantins (TO),563,574,574,497,338,257,236,228,269,166,171,118,140,70,54,16,19,12,-,8,6
Santa Tereza do Tocantins (TO),249,278,254,261,169,153,137,129,118,82,37,73,52,54,37,12,14,5,-,-,-
Santa Terezinha do Tocantins (TO),310,321,317,282,235,163,180,123,93,57,80,77,77,65,30,41,5,-,-,-,-
São Bento do Tocantins (TO),543,486,522,420,316,248,199,171,187,141,111,133,90,61,59,44,5,2,-,-,-
São Félix do Tocantins (TO),183,185,191,155,93,76,57,76,69,49,36,25,28,15,10,-,21,-,-,-,-
São Miguel do Tocantins (TO),1170,1086,1105,1041,803,532,492,419,359,327,242,297,169,186,131,78,21,12,10,6,-
São Salvador do Tocantins (TO),338,374,327,328,217,171,172,168,117,110,130,62,41,75,47,15,23,21,5,-,-
São Sebastião do Tocantins (TO),474,489,499,490,322,251,223,170,161,149,113,77,83,55,51,35,22,5,-,-,-
São Valério (TO),537,696,677,550,377,311,332,275,257,253,182,180,154,85,81,38,37,20,13,-,-
Silvanópolis (TO),502,627,615,520,400,315,254,276,228,193,171,177,155,75,96,70,26,20,-,5,-
Sítio Novo do Tocantins (TO),1069,1177,1433,1242,821,568,500,513,423,387,305,279,295,171,125,120,39,21,-,-,-
Sucupira (TO),169,151,153,159,156,120,94,79,81,80,69,54,28,44,26,10,-,3,-,-,-
Taguatinga (TO),1489,1510,1588,1605,1403,915,836,795,686,534,460,415,224,249,144,129,77,88,21,-,-
Taipas do Tocantins (TO),211,231,244,224,142,100,97,75,92,81,43,53,27,36,19,12,-,16,3,7,-
Talismã (TO),243,271,269,245,197,192,171,189,141,95,96,65,69,27,21,14,-,-,-,-,-
Palmas (TO),16534,14496,14157,16313,17201,14441,12134,9967,7390,5256,3392,2353,1571,916,558,306,268,64,38,-,-
Tocantínia (TO),887,832,751,628,489,404,317,347,263,187,157,130,131,84,67,52,40,19,3,-,-
Tocantinópolis (TO),2657,2783,2939,2873,2215,1561,1434,1325,1075,886,613,566,640,373,336,249,136,45,40,10,22
Tupirama (TO),146,168,130,84,129,85,76,62,73,75,47,15,23,20,21,22,2,-,-,-,-
Tupiratins (TO),152,171,181,122,127,41,101,80,72,63,67,60,52,28,6,11,27,5,-,-,-
Wanderlândia (TO),1148,1069,1229,1259,1056,808,684,562,490,459,393,296,278,196,134,119,46,29,18,-,-
Xambioá (TO),1387,1560,1637,1345,1117,871,797,734,529,454,333,368,308,228,227,118,74,33,17,-,-
Açailândia (MA),10855,10888,11574,10939,9035,6989,6235,5502,4125,3250,2813,1848,1610,1031,734,399,264,195,35,-,-
Afonso Cunha (MA),662,638,616,582,430,324,238,238,209,146,127,123,93,113,47,39,32,4,5,10,4
Água Doce do Maranhão (MA),1112,1293,1425,1218,843,583,517,450,373,338,363,312,293,209,140,143,44,34,8,4,-
Alcântara (MA),2346,2556,2964,2739,1939,1392,1215,1151,966,849,724,617,662,463,323,170,149,25,31,10,-
Aldeias Altas (MA),2488,2385,2541,2431,1677,1099,1034,993,891,731,571,609,414,390,247,173,102,44,-,-,7
Altamira do Maranhão (MA),1237,1136,1126,1054,842,608,566,480,352,282,235,269,236,145,134,91,33,14,21,5,-
Alto Alegre do Maranhão (MA),2523,2247,2704,2580,1969,1346,1197,1079,932,829,591,595,473,458,306,148,107,78,-,-,-
Alto Alegre do Pindaré (MA),4399,4233,4175,3823,2797,1900,1500,1278,1255,1107,1005,834,655,519,345,158,121,73,-,-,-
Alto Parnaíba (MA),1283,1357,1446,1283,786,565,561,577,562,415,357,221,222,173,170,94,63,28,11,-,-
Amapá do Maranhão (MA),897,750,725,668,535,366,273,277,223,169,162,143,99,64,20,45,9,6,-,-,-
Amarante do Maranhão (MA),4370,4224,4421,3909,2941,2075,1716,1555,1252,1128,1077,730,587,532,268,219,167,81,12,19,9
Anajatuba (MA),2698,2721,3108,2936,2090,1524,1230,1141,992,911,754,679,587,635,373,320,114,67,71,26,-
Anapurus (MA),1401,1326,1385,1268,892,714,615,549,427,391,262,302,271,156,118,115,50,26,11,-,-
Apicum-Açu (MA),1597,1643,1684,1271,905,722,578,571,467,391,297,228,276,192,122,94,25,32,5,-,-
Araguanã (MA),1229,1216,1240,1239,789,621,508,424,349,326,245,294,202,147,100,90,46,42,8,8,-
Araioses (MA),4337,4461,4927,4270,3078,2143,1783,1633,1394,1344,1190,1080,943,854,645,272,341,162,22,16,11
Arame (MA),4458,4438,4419,4059,2600,1919,1544,1399,1067,1116,869,676,763,320,220,111,156,22,8,-,-
Arari (MA),3014,3175,3606,3346,2521,1809,1548,1393,1278,1047,744,745,604,622,397,318,82,78,39,-,-
Axixá (MA),1223,1280,1481,1345,983,648,501,439,408,344,337,283,259,209,139,131,77,50,-,5,-
Bacabal (MA),10348,10162,11361,11538,9227,6398,5789,5053,4511,3894,3360,2440,2387,1877,1592,703,757,271,100,38,18
Bacabeira (MA),1289,1306,1577,1408,935,668,611,564,480,395,270,299,230,176,78,103,81,41,6,-,-
Bacuri (MA),2075,2242,2308,1898,1224,893,776,718,657,532,463,389,439,317,208,140,157,75,15,-,5
Bacurituba (MA),534,575,638,557,383,294,242,221,189,177,153,177,148,162,70,65,56,11,6,12,-
Balsas (MA),8435,7610,7570,7314,5819,4462,3935,3400,2875,2189,1576,1408,1007,974,693,440,239,138,69,10,-
Barão de Grajaú (MA),1617,1710,1936,1926,1467,983,978,910,771,660,541,516,429,316,281,136,101,80,13,-,-
Barra do Corda (MA),9716,10270,10597,9548,7009,5158,4555,4052,3261,2992,2707,2228,1955,1515,907,836,468,244,90,22,17
Barreirinhas (MA),5573,5925,5731,4980,3502,2488,2104,1847,1582,1323,1074,856,811,707,391,441,238,77,18,-,-
Belágua (MA),1004,863,735,577,399,310,262,223,182,169,109,117,116,53,45,47,32,-,4,2,4
Bela Vista do Maranhão (MA),1354,1216,1332,1261,960,613,528,453,412,373,261,305,223,255,116,139,88,10,-,-,-
Benedito Leite (MA),547,682,743,621,396,299,360,353,196,204,174,192,207,126,101,65,-,7,14,-,-
Bequimão (MA),1998,2251,2925,2652,1762,1214,970,996,862,821,755,653,601,473,378,145,134,99,11,-,-
Bernardo do Mearim (MA),541,650,694,649,469,373,320,300,211,206,197,190,132,83,80,54,77,7,6,-,-
Boa Vista do Gurupi (MA),837,793,700,580,427,355,281,240,194,156,99,161,73,105,39,42,29,16,-,-,-
Bom Jardim (MA),4841,4407,5000,4705,3017,2245,1888,1621,1424,1354,1248,971,1067,671,368,317,168,43,34,6,-
Bom Jesus das Selvas (MA),2402,2117,2242,2128,1557,1067,878,904,723,661,584,434,330,215,120,122,45,16,-,-,-
Bom Lugar (MA),1478,1340,1550,1526,1119,787,653,578,543,447,331,331,278,153,197,89,79,32,13,6,5
Brejo (MA),3393,3161,3745,3538,2502,1785,1483,1428,1249,1194,950,745,722,507,505,255,196,84,37,34,-
Brejo de Areia (MA),1639,1482,1444,1289,970,643,625,465,386,352,298,270,190,146,101,82,15,11,9,-,-
Buriti (MA),3536,3234,3384,2919,2039,1462,1189,1154,1051,942,817,529,589,409,345,207,179,68,44,23,5
Buriti Bravo (MA),2620,2874,2983,2606,1793,1295,1093,1134,1013,856,729,701,691,329,234,215,181,78,22,-,-
Buriticupu (MA),7638,7092,7043,6632,4976,3432,2928,2708,2276,1902,1479,1148,911,503,309,161,82,73,33,16,-
Buritirana (MA),1843,1806,1952,1760,1262,809,738,622,584,540,391,463,350,260,149,153,108,31,-,-,-
Cachoeira Grande (MA),1307,1243,1020,786,608,444,322,362,283,221,142,229,148,97,52,65,31,18,4,-,-
Cajapió (MA),1154,1197,1513,1258,878,604,495,413,397,356,278,289,250,209,146,102,38,36,3,5,-
Cajari (MA),1866,1895,1922,1634,1148,854,667,605,588,514,422,302,271,265,210,134,61,35,7,-,5
Campestre do Maranhão (MA),1501,1506,1596,1422,1090,829,752,607,484,399,383,296,232,163,118,86,23,29,-,6,-
Cândido Mendes (MA),2221,2287,2356,2090,1491,1145,941,797,683,530,587,401,435,295,291,124,126,58,14,14,15
Cantanhede (MA),2618,2410,2462,2038,1684,1199,998,823,689,596,473,394,350,332,135,195,186,69,40,18,5
Capinzal do Norte (MA),1310,1276,1398,1274,890,727,564,609,559,407,404,292,260,271,176,74,66,72,18,5,3
Carolina (MA),2871,2832,3207,2787,2008,1479,1426,1285,1184,980,842,746,668,580,454,363,124,143,-,12,-
Carutapera (MA),3032,2946,2652,2318,1681,1201,1050,819,714,634,516,426,407,334,116,250,78,55,15,-,20
Caxias (MA),15926,15828,17354,17466,13597,9460,8412,7819,6753,5635,4835,4099,3560,3267,2334,1487,1079,530,306,-,9
Cedral (MA),1002,1137,1377,1280,980,735,546,546,407,352,288,281,262,251,199,58,62,15,10,-,5
Central do Maranhão (MA),908,995,985,876,615,468,370,340,279,292,222,211,201,149,122,64,57,24,4,-,4
Centro do Guilherme (MA),909,932,900,732,564,351,300,305,267,226,187,185,128,82,65,12,7,-,-,-,-
Centro Novo do Maranhão (MA),2402,2123,1991,1729,1306,915,812,712,481,560,427,389,269,188,144,67,33,-,3,-,4
Chapadinha (MA),7808,7615,8467,7524,5370,3856,3399,3152,2860,2542,2185,1655,1525,1182,801,540,418,200,170,43,10
Cidelândia (MA),1479,1434,1638,1529,1102,731,664,596,566,500,441,320,290,194,158,78,51,29,12,5,-
Codó (MA),13634,13134,14523,13858,9917,6946,6193,5849,5285,4541,3923,3530,3094,2286,1780,1096,947,424,99,64,23
Coelho Neto (MA),5197,5316,5712,5394,3901,2810,2500,2360,2114,1727,1293,1135,902,686,378,396,235,97,40,-,21
Colinas (MA),4789,4831,4545,4377,3288,2292,2033,1974,1630,1379,1195,878,901,551,390,274,285,146,28,12,6
Conceição do Lago-Açu (MA),1676,1414,1434,1345,1042,724,547,500,489,444,249,297,215,184,73,68,56,17,-,-,-
Coroatá (MA),6928,6387,7443,6592,5009,3680,3297,3095,2570,2217,1871,1833,1521,1258,627,610,424,188,93,34,-
Cururupu (MA),4000,3956,4525,4262,2999,2286,1934,1824,1564,1305,1034,1047,1093,629,571,345,260,86,17,10,-
Davinópolis (MA),1646,1479,1634,1557,1104,758,715,599,570,496,479,286,360,161,164,141,60,58,8,-,-
Dom Pedro (MA),2516,2522,2675,2631,2139,1571,1369,1273,1006,845,732,735,659,415,283,283,207,67,18,-,11
Duque Bacelar (MA),1349,1347,1235,1064,844,623,548,432,318,298,273,271,296,218,113,73,45,36,30,-,-
Esperantinópolis (MA),2463,2819,2823,2766,1950,1442,1245,1109,897,821,547,694,494,398,352,172,116,98,14,5,-
Estreito (MA),2791,2781,2913,2923,2233,1640,1429,1245,1023,930,855,535,526,413,253,192,166,58,24,-,-
Feira Nova do Maranhão (MA),1078,1058,1065,923,684,425,405,352,316,273,241,204,201,119,91,48,20,29,5,6,-
Fernando Falcão (MA),760,731,613,562,452,310,267,243,193,167,96,117,106,78,68,29,13,18,-,-,-
Formosa da Serra Negra (MA),1984,2093,1886,1599,1160,933,870,676,551,490,396,371,256,211,134,107,41,13,-,6,4
Fortaleza dos Nogueiras (MA),1507,1510,1547,1467,1075,741,707,570,497,398,318,298,214,188,108,76,43,28,4,5,-
Fortuna (MA),1816,1888,1882,1756,1279,890,820,761,706,624,504,455,384,254,157,168,146,70,35,-,-
Godofredo Viana (MA),845,991,994,826,577,520,439,396,300,253,203,211,138,124,82,49,30,5,-,11,-
Gonçalves Dias (MA),1941,2053,2069,2042,1514,1023,919,965,836,734,606,512,468,431,246,175,170,53,33,-,-
Governador Archer (MA),1082,1100,1176,1226,838,501,500,459,428,388,283,339,246,192,129,84,90,35,-,5,-
Governador Edison Lobão (MA),1384,1311,1458,1306,1021,737,657,651,514,430,328,283,278,196,182,95,40,20,-,-,-
Governador Eugênio Barros (MA),1927,1809,1840,1727,1305,933,749,766,678,640,516,454,379,291,219,169,119,83,15,-,10
Governador Luiz Rocha (MA),909,807,835,797,621,410,353,344,298,270,182,190,172,119,117,34,38,11,6,-,-
Governador Newton Bello (MA),1565,1656,1572,1498,1034,775,672,578,487,404,389,333,258,233,178,111,42,3,5,6,4
Governador Nunes Freire (MA),3870,3530,3734,3294,2425,1790,1515,1352,1144,869,735,534,503,232,196,154,33,12,-,-,-
Graça Aranha (MA),698,678,770,766,596,402,330,319,298,247,223,210,210,93,99,45,50,40,-,-,6
Grajaú (MA),6517,6646,6641,5953,4137,3098,2655,2387,1860,1594,1361,1088,1037,822,551,435,210,125,23,-,15
Guimarães (MA),1271,1473,1813,1703,1125,826,711,596,567,454,421,391,393,329,225,184,77,40,29,12,-
Humberto de Campos (MA),3301,3166,3002,2551,1821,1328,1120,881,782,703,547,522,443,356,221,199,159,123,34,8,-
Icatu (MA),3119,3116,3110,2471,1798,1273,1044,955,820,796,608,553,551,404,344,201,184,98,24,-,19
Igarapé do Meio (MA),1328,1296,1372,1348,841,533,505,493,447,373,268,350,243,150,92,75,65,38,15,-,11
Igarapé Grande (MA),1034,1101,1332,1310,888,627,592,552,464,394,316,286,276,174,166,132,66,36,9,4,-
Imperatriz (MA),25529,24469,27095,28843,24989,18845,16628,14493,12051,9734,7432,5907,4795,3739,2389,1675,1089,596,133,105,28
Itaipava do Grajaú (MA),1972,2034,1996,1724,1124,788,719,626,486,467,466,310,246,152,80,91,37,8,10,-,6
Itapecuru Mirim (MA),5719,5223,6028,5232,3834,2745,2309,2181,1903,1672,1089,1275,989,964,513,466,431,145,53,-,-
Itinga do Maranhão (MA),3027,2854,2902,2832,2449,1888,1580,1343,1094,845,708,526,437,251,185,88,56,50,13,-,-
Jatobá (MA),670,708,661,632,485,317,293,240,225,185,108,179,126,74,65,34,32,17,4,-,-
Jenipapo dos Vieiras (MA),1456,1561,1450,1246,900,621,542,455,328,307,276,263,234,191,126,108,30,24,-,-,-
João Lisboa (MA),3135,2952,3351,3178,2372,1639,1437,1293,1126,902,777,677,564,445,300,231,136,84,-,-,-
Joselândia (MA),1866,1837,1937,1890,1359,971,751,734,660,564,454,466,388,282,158,171,87,28,4,-,3
Junco do Maranhão (MA),804,739,753,671,530,378,309,252,265,196,187,146,137,92,29,27,8,9,-,-,-
Lago da Pedra (MA),5122,5085,5216,5089,3741,2686,2436,2117,1814,1491,1342,1131,909,840,623,432,238,65,11,17,-
Lago do Junco (MA),1221,1290,1352,1218,918,661,563,576,471,357,292,225,246,160,103,97,34,34,15,-,-
Lago Verde (MA),1733,1740,1861,1689,1233,763,635,615,584,504,426,329,289,203,147,112,120,33,15,7,-
Lagoa do Mato (MA),1092,1188,1202,1214,951,620,564,517,466,379,290,291,215,212,94,65,50,27,9,-,-
Lago dos Rodrigues (MA),1069,993,1125,1126,748,549,454,440,400,314,284,209,195,189,121,135,54,39,-,-,-
Lagoa Grande do Maranhão (MA),1275,1255,1209,1055,776,540,465,405,373,288,221,193,142,108,69,68,14,-,13,-,-
Lajeado Novo (MA),686,789,785,660,514,397,368,315,248,209,213,116,130,113,86,36,46,5,-,-,-
Lima Campos (MA),1084,1198,1394,1309,895,648,645,644,558,465,448,341,352,228,193,192,93,26,19,8,9
Loreto (MA),1311,1363,1381,1205,826,629,584,562,447,338,380,245,292,162,118,88,64,20,8,-,-
Luís Domingues (MA),762,745,843,676,507,384,357,245,261,202,162,139,164,94,94,45,28,16,-,-,-
Magalhães de Almeida (MA),1625,1612,1748,1638,1203,857,728,634,517,508,448,369,341,278,176,151,88,63,26,5,6
Maracaçumé (MA),2041,1933,1995,1908,1430,981,880,754,592,549,497,361,366,223,178,93,44,20,10,-,10
Marajá do Sena (MA),1201,1105,965,816,728,508,398,293,274,231,241,107,109,75,21,57,17,4,-,4,7
Maranhãozinho (MA),1206,1116,1192,1067,736,515,455,412,387,299,269,249,149,158,102,52,43,35,-,-,4
Mata Roma (MA),1603,1499,1640,1546,1001,675,614,642,552,463,314,329,316,214,116,117,89,24,25,7,12
Matinha (MA),2401,2331,2701,2867,1820,1332,1040,1050,1058,667,476,589,586,434,264,272,78,55,24,-,-
Matões (MA),3509,3208,3527,3383,2343,1553,1384,1249,1174,1026,912,923,797,556,369,244,139,100,30,8,-
Matões do Norte (MA),1051,1020,987,831,637,477,450,396,336,299,237,212,186,122,74,56,48,9,4,3,-
Milagres do Maranhão (MA),797,659,722,588,388,364,240,269,226,190,184,119,142,63,81,60,43,6,9,-,-
Mirador (MA),2698,2713,2629,2362,1738,1340,1095,1047,934,755,597,523,502,322,272,178,143,36,9,-,13
Miranda do Norte (MA),1923,1806,2189,2139,1601,1053,939,847,752,692,459,489,343,324,281,113,142,30,-,-,-
Mirinzal (MA),1597,1607,1778,1711,1270,881,751,598,544,449,416,324,303,281,171,181,74,41,24,5,-
Monção (MA),4012,3866,3604,3096,2086,1540,1316,1190,1126,1014,745,639,553,515,314,231,97,99,-,-,-
Montes Altos (MA),1306,1231,1352,1253,962,727,676,512,446,378,373,278,283,182,139,113,91,34,5,7,-
Morros (MA),2345,2125,2027,1692,1336,936,699,641,529,508,396,344,293,231,128,125,140,81,8,4,6
Nina Rodrigues (MA),1256,1199,1207,1026,675,484,435,406,312,300,257,191,175,149,77,40,63,10,17,11,-
Nova Colinas (MA),553,552,549,488,341,268,197,208,165,130,136,101,80,48,64,12,7,5,-,-,-
Nova Iorque (MA),523,533,545,557,385,289,227,243,220,229,197,132,185,65,109,45,43,13,-,-,2
Nova Olinda do Maranhão (MA),2063,1955,2208,2053,1380,980,782,735,596,771,551,539,331,192,203,127,146,38,-,-,12
Olho d'Água das Cunhãs (MA),1629,1608,1751,1766,1486,1032,917,832,667,565,427,475,258,369,207,173,153,41,21,-,-
Olinda Nova do Maranhão (MA),1232,1274,1493,1380,895,604,559,579,406,397,279,278,245,236,105,81,64,6,7,5,4
Paço do Lumiar (MA),8547,8056,9007,9737,8480,6758,5926,4846,4205,3303,2145,1526,1195,915,597,401,295,149,88,11,-
Palmeirândia (MA),1895,2093,2464,2378,1659,1182,963,823,768,631,392,579,408,400,230,136,137,46,51,15,14
Paraibano (MA),1976,2203,2447,2155,1540,1156,1056,994,847,730,767,518,492,353,238,213,57,88,16,-,8
Parnarama (MA),4199,4013,4380,4293,3017,1889,1709,1677,1497,1295,1026,1060,907,532,449,225,195,86,-,19,-
Passagem Franca (MA),1821,1802,1908,1778,1377,901,833,840,759,613,406,444,440,269,280,152,129,47,-,-,18
Pastos Bons (MA),1833,1931,2065,1795,1335,1005,916,895,703,600,522,527,461,295,223,112,143,71,22,6,-
Paulino Neves (MA),1843,1750,1658,1332,911,637,633,488,434,303,290,332,243,267,147,138,93,28,-,-,-
Paulo Ramos (MA),2692,2522,2630,2444,1727,1208,1106,980,831,674,493,614,404,373,294,118,102,58,20,-,-
Pedreiras (MA),4144,4166,4741,4807,4091,3050,2543,2415,1963,1668,1502,1195,1068,899,639,479,313,134,11,-,-
Pedro do Rosário (MA),2580,2465,2607,2309,1503,1050,926,848,691,640,536,548,449,296,217,126,119,40,3,-,-
Penalva (MA),4113,4223,4162,3738,2725,1924,1505,1336,1211,1127,897,888,764,616,431,245,197,119,57,21,-
Peri Mirim (MA),1421,1491,1671,1509,1176,954,860,735,605,516,460,467,371,325,180,102,129,74,26,-,-
Peritoró (MA),2275,2082,2181,2031,1565,1089,1007,977,763,783,580,553,465,351,221,198,128,59,11,11,6
Pindaré-Mirim (MA),3400,3215,3656,3707,2576,1899,1448,1343,1250,1114,846,725,766,588,371,263,212,79,43,15,-
Pinheiro (MA),7401,7876,9199,9142,6698,4901,4021,3675,3013,2713,2013,1985,1698,1355,1050,625,301,234,57,49,24
Pio XII (MA),3666,3648,3867,3569,2583,1903,1701,1389,1189,1016,1010,678,733,394,396,310,220,105,26,9,-
Pirapemas (MA),2061,2035,2129,1747,1291,981,843,780,622,559,443,380,396,217,213,115,159,101,40,-,10
Poção de Pedras (MA),2332,2539,2941,3235,2226,1493,1265,1193,1067,891,717,668,525,436,335,238,137,90,-,35,16
Porto Franco (MA),1933,2023,2230,2092,1625,1197,1134,993,758,605,523,435,478,267,261,137,91,50,9,-,-
Porto Rico do Maranhão (MA),636,721,920,889,636,447,354,348,301,256,179,173,118,175,83,68,57,15,4,-,-
Presidente Dutra (MA),4362,4664,5020,4946,3890,2739,2430,2283,2061,1643,1191,1176,1027,650,621,389,252,107,56,33,-
Presidente Juscelino (MA),1597,1705,1474,1290,723,603,532,504,398,398,338,340,284,190,108,65,54,62,12,15,-
Presidente Médici (MA),653,675,721,607,506,296,295,244,216,202,172,142,158,95,48,41,18,27,-,-,-
Presidente Sarney (MA),1959,1910,1893,1667,1254,850,680,601,556,478,416,390,339,308,202,108,61,22,21,4,-
Presidente Vargas (MA),2040,1861,1742,1177,909,730,629,577,454,386,259,269,211,133,157,114,37,23,2,14,-
Primeira Cruz (MA),1671,1617,1571,1297,1040,727,558,431,394,376,360,216,227,163,171,103,72,15,9,-,-
Raposa (MA),2361,2004,2315,2176,1808,1481,1241,881,699,589,491,280,217,248,155,50,58,33,-,-,-
Riachão (MA),2656,2632,2860,2632,1828,1354,1123,1011,920,862,693,674,487,456,319,179,169,74,25,16,13
Ribamar Fiquene (MA),796,885,943,772,603,440,404,332,300,239,220,146,163,94,68,64,6,14,-,-,-
Rosário (MA),4144,4219,4986,4215,2927,2222,1936,1774,1497,1212,966,826,763,723,543,283,242,116,70,-,-
Sambaíba (MA),745,770,703,586,421,309,318,278,230,186,154,170,57,151,92,42,19,20,-,-,10
Santa Filomena do Maranhão (MA),662,609,644,574,471,284,250,207,234,192,142,128,82,59,57,51,16,6,-,-,-
Santa Helena (MA),3815,3909,4312,3978,2941,2070,1612,1442,1351,1176,986,798,771,636,412,397,168,78,8,-,-
Santa Inês (MA),8149,7431,8147,8926,7189,4945,4065,3639,3293,2809,2353,1810,1645,1401,1114,675,393,180,114,9,34
Santa Luzia (MA),9881,9036,9623,8881,6358,4251,3636,3298,2902,2699,2071,2039,1674,1006,982,508,291,111,7,7,9
Santa Luzia do Paruá (MA),2651,2495,2809,2665,1716,1298,1086,904,729,936,723,500,518,357,248,235,111,74,4,-,-
Santa Quitéria do Maranhão (MA),4060,4007,3939,3438,2463,1734,1587,1355,1151,1029,760,733,715,418,297,201,150,82,-,31,-
Santa Rita (MA),3052,3296,3348,3100,2265,1725,1337,1252,979,964,786,733,634,551,274,284,188,100,34,19,-
Santana do Maranhão (MA),1613,1547,1556,1335,900,638,507,433,459,415,326,327,254,226,166,70,97,66,9,-,-
Santo Amaro do Maranhão (MA),1412,1434,1522,1184,824,555,470,380,368,296,329,164,217,124,130,90,85,17,-,11,-
Santo Antônio dos Lopes (MA),1626,1738,1821,1754,1423,998,804,729,696,624,470,462,333,287,201,151,81,39,16,-,-
São Benedito do Rio Preto (MA),2403,2356,2391,1939,1396,983,794,768,704,605,465,440,403,245,224,122,178,22,-,-,4
São Bento (MA),3347,3611,4504,4284,3036,2140,1854,1674,1420,1208,937,1008,836,781,501,346,237,53,35,7,-
São Bernardo (MA),2992,2948,3210,2852,1991,1371,1179,1152,905,868,746,583,629,418,359,239,140,89,33,17,-
São Domingos do Azeitão (MA),799,846,832,693,544,425,408,373,291,228,176,231,131,149,83,39,24,6,11,-,-
São Domingos do Maranhão (MA),4322,4083,4299,3967,3117,2320,2016,1759,1436,1246,1201,909,729,533,448,341,143,119,60,-,-
São Félix de Balsas (MA),598,683,694,611,430,295,318,305,255,221,181,175,128,91,60,54,29,10,5,-,-
São Francisco do Brejão (MA),846,851,972,940,688,461,368,383,325,306,203,231,158,127,79,60,33,27,4,-,-
São Francisco do Maranhão (MA),1545,1539,1599,1581,1086,784,773,635,641,540,454,459,410,270,210,110,112,74,10,4,18
São João Batista (MA),2205,2559,2704,2479,1792,1294,1248,910,773,713,666,470,575,416,287,183,130,50,6,24,13
São João do Carú (MA),2185,1916,1809,1642,1244,895,682,603,548,526,455,256,267,246,111,81,13,8,8,-,-
São João do Paraíso (MA),1332,1368,1364,1364,893,675,614,554,444,380,337,310,220,187,122,104,53,22,13,-,9
São João do Soter (MA),1947,1870,1886,1873,1272,894,758,723,716,619,566,427,411,307,271,122,98,65,9,-,-
São João dos Patos (MA),2390,2592,2851,2779,2072,1486,1505,1363,1251,1011,894,703,797,487,549,277,40,95,10,31,-
São José de Ribamar (MA),12570,12430,13678,13408,11161,9293,8416,6873,5217,3834,2628,2404,1768,1392,893,736,364,194,99,17,9
São José dos Basílios (MA),927,1010,1001,921,696,455,434,376,308,293,227,240,181,118,102,54,57,27,-,6,-
São Luís (MA),84603,82712,97257,111052,99370,80715,70544,60449,48641,37224,27422,20522,16068,12135,8732,6177,3424,1697,826,266,194
São Luís Gonzaga do Maranhão (MA),2898,2961,2903,2889,2090,1561,1394,1167,1110,882,860,801,594,390,211,247,169,72,18,-,13
São Mateus do Maranhão (MA),4329,4335,4632,4130,3077,2245,1985,1884,1619,1435,1013,1211,930,652,459,356,361,119,57,22,8
São Pedro da Água Branca (MA),1434,1430,1499,1322,993,648,568,541,507,446,388,338,308,200,136,80,60,23,5,-,-
São Pedro dos Crentes (MA),492,625,630,537,390,303,252,190,150,158,134,116,86,67,15,12,9,32,-,-,-
São Raimundo das Mangabeiras (MA),1866,1935,2073,1776,1168,855,872,812,674,571,477,460,348,380,207,130,134,76,46,11,-
São Raimundo do Doca Bezerra (MA),945,967,968,869,558,407,343,312,297,262,243,125,132,94,47,54,29,11,-,8,-
São Roberto (MA),586,644,579,572,420,310,225,184,161,152,114,176,100,62,38,67,5,5,-,-,-
São Vicente Ferrer (MA),2142,2492,2706,2327,1650,1175,1015,890,745,632,495,527,503,404,259,183,142,67,45,8,-
Satubinha (MA),1452,1382,1556,1479,1055,730,585,524,482,381,283,275,298,172,119,123,62,22,12,4,-
Senador Alexandre Costa (MA),1109,1170,1124,916,708,538,461,414,382,381,314,271,180,238,117,134,102,12,-,-,-
Senador La Rocque (MA),2107,1934,2125,2053,1566,1026,877,763,711,626,483,571,465,345,229,206,95,46,14,-,-
Serrano do Maranhão (MA),1244,1230,1194,1088,837,631,499,434,426,359,261,255,183,216,105,96,49,-,-,-,14
Sítio Novo (MA),2010,2032,2146,1886,1292,992,888,789,539,520,537,351,428,217,154,101,157,64,11,-,-
Sucupira do Norte (MA),1247,1383,1344,1150,882,633,650,623,511,397,359,289,309,231,166,85,69,46,-,-,4
Sucupira do Riachão (MA),511,526,539,467,374,290,252,236,221,190,158,124,134,94,68,43,42,20,-,-,-
Tasso Fragoso (MA),934,907,861,716,498,386,346,343,322,269,223,154,120,123,76,48,47,16,4,-,-
Timbiras (MA),3631,3480,3632,3188,2290,1594,1352,1435,1175,1021,828,696,689,470,379,174,246,87,15,-,18
Timon (MA),15609,13877,15919,15838,13827,10215,8668,7714,6371,5258,4116,3197,2973,2228,1699,1049,646,291,154,34,9
Trizidela do Vale (MA),1709,1661,2085,2123,1574,1184,1018,903,793,648,458,633,470,381,311,206,128,98,19,-,-
Tufilândia (MA),784,688,728,712,536,305,286,236,238,194,211,166,155,114,72,43,33,12,15,-,-
Tuntum (MA),4360,4632,4577,4480,3267,2305,1973,1829,1590,1384,1365,917,882,699,446,340,213,121,20,10,-
Turiaçu (MA),4665,4445,4601,3811,2737,2013,1618,1406,1209,1117,839,838,587,570,405,213,150,51,14,-,-
Turilândia (MA),2116,2204,2371,2272,1636,1217,954,874,748,632,478,493,381,409,242,74,67,54,9,-,-
Tutóia (MA),5387,5440,5382,4542,3280,2296,2064,1761,1411,1258,1016,1121,802,698,539,405,117,98,43,47,21
Urbano Santos (MA),2683,2425,2551,2243,1448,1004,941,862,689,584,486,429,337,353,186,105,176,57,45,-,-
Vargem Grande (MA),5158,4448,4859,4090,2993,2103,1782,1713,1469,1312,1043,1032,974,572,448,352,186,74,87,11,-
Viana (MA),5660,5511,5886,5823,4112,2938,2403,2257,1833,1732,1359,1152,1045,945,593,407,318,116,69,33,-
Vila Nova dos Martírios (MA),903,856,870,840,603,384,419,354,304,283,191,237,167,122,101,22,22,10,6,10,-
Vitória do Mearim (MA),3931,3942,4101,3881,2607,1937,1576,1488,1370,1208,897,723,743,625,501,210,155,37,20,-,-
Vitorino Freire (MA),3299,3117,3478,3445,2464,1761,1598,1527,1250,1118,1036,779,877,529,554,305,204,96,15,-,10
Zé Doca (MA),5777,5628,6429,6311,4358,2913,2483,2335,2020,1687,1392,1381,1227,734,612,422,273,93,43,-,16
Acauã (PI),589,608,700,567,450,403,336,282,242,216,198,131,107,123,73,58,44,20,-,-,-
Agricolândia (PI),532,577,645,641,495,331,303,278,260,248,191,264,179,147,121,67,33,11,16,-,-
Água Branca (PI),1598,1453,1585,1659,1433,1002,915,779,775,653,635,466,538,341,329,177,91,54,30,3,-
Alagoinha do Piauí (PI),620,672,861,793,628,480,462,487,371,328,271,280,197,140,142,72,43,10,-,7,4
Alegrete do Piauí (PI),498,537,589,530,390,302,356,322,246,183,186,158,157,64,61,65,56,13,-,-,-
Alto Longá (PI),1163,1248,1493,1502,1060,798,682,658,670,583,452,390,350,358,230,200,116,41,5,-,-
Altos (PI),4211,4102,4966,4795,3706,2740,2449,2217,1995,1652,1330,1230,1068,981,740,494,273,114,47,13,-
Alvorada do Gurguéia (PI),552,549,540,574,379,260,203,203,211,178,128,135,105,69,23,33,42,20,7,-,-
Amarante (PI),1748,1753,2091,1906,1545,1038,974,995,904,757,622,647,505,454,347,303,201,55,39,-,-
Angical do Piauí (PI),685,687,748,724,528,441,439,471,362,341,301,252,273,161,162,107,66,25,16,-,-
Anísio de Abreu (PI),803,832,976,869,719,525,455,429,279,228,301,173,180,118,81,106,78,8,6,-,-
Antônio Almeida (PI),300,316,373,328,234,167,157,191,169,146,126,79,44,70,89,29,34,-,-,-,-
Aroazes (PI),558,600,719,761,563,429,334,347,318,277,224,216,165,169,104,174,25,31,-,6,5
Aroeiras do Itaim (PI),...,...,...,...,...,...,...,...,...,...,...,...,...,...,...,...,...,...,...,...,...
Arraial (PI),598,649,620,540,380,313,308,275,237,214,166,158,150,109,70,39,35,30,11,7,-
Assunção do Piauí (PI),902,855,956,840,703,488,387,349,291,254,222,190,164,112,81,83,43,7,6,-,-
Avelino Lopes (PI),1042,1039,1196,1217,880,699,644,568,428,403,374,279,314,181,137,91,83,30,15,5,-
Baixa Grande do Ribeiro (PI),1194,1085,1061,981,656,499,483,431,358,266,207,137,172,97,86,9,34,19,5,-,-
Barra D'Alcântara (PI),422,413,485,556,400,265,214,207,217,215,157,139,142,103,56,80,27,9,-,-,-
Barras (PI),4553,4798,5663,5243,3818,2643,2355,2160,1897,1716,1421,1119,1096,833,720,472,227,85,20,41,11
Barreiras do Piauí (PI),399,360,441,384,262,185,180,163,144,114,114,75,94,56,31,52,28,16,-,-,-
Barro Duro (PI),730,658,835,845,637,468,392,387,351,300,232,248,235,160,106,87,40,49,23,4,-
Batalha (PI),2769,2781,3246,3067,2083,1532,1443,1331,1114,987,900,697,651,585,350,334,181,67,9,-,-
Bela Vista do Piauí (PI),351,372,270,314,301,253,243,181,128,107,101,108,55,69,63,20,10,12,-,6,-
Belém do Piauí (PI),224,241,250,277,243,176,191,149,175,60,101,59,64,79,76,19,18,21,-,7,-
Beneditinos (PI),968,979,1255,1291,859,588,543,482,531,461,395,349,315,272,145,116,123,34,6,-,-
Bertolínia (PI),589,519,669,665,437,292,279,273,279,212,171,196,180,115,121,59,32,24,5,-,-
Betânia do Piauí (PI),1156,1077,1291,1021,741,591,510,478,342,294,293,238,192,93,68,127,73,38,17,-,-
Boa Hora (PI),587,564,787,726,485,313,307,260,203,194,194,154,130,89,50,52,27,31,9,7,-
Bocaina (PI),342,355,432,459,308,307,303,273,232,244,294,170,168,102,118,79,44,20,11,-,-
Bom Jesus (PI),1852,1691,2050,2102,1679,1135,981,865,809,681,500,423,379,269,233,101,106,30,24,15,-
Bom Princípio do Piauí (PI),574,524,612,516,465,345,300,235,200,160,162,145,110,122,52,62,28,13,-,-,-
Bonfim do Piauí (PI),520,555,609,620,439,360,306,259,238,215,199,141,133,97,78,53,47,-,5,7,-
Boqueirão do Piauí (PI),579,641,742,798,478,276,270,287,289,248,201,217,168,122,144,41,20,37,9,-,-
Brasileira (PI),768,759,912,916,747,500,458,396,371,306,340,188,235,170,173,46,53,19,5,4,-
Brejo do Piauí (PI),461,442,491,511,380,291,216,223,172,173,145,141,106,81,97,25,16,10,5,-,-
Buriti dos Lopes (PI),2078,2156,2714,2344,1632,1244,1006,977,828,789,563,683,407,446,284,203,104,85,21,33,-
Buriti dos Montes (PI),941,866,911,779,636,514,503,395,340,247,210,256,211,169,89,98,65,36,5,10,3
Cabeceiras do Piauí (PI),851,970,1129,1065,780,530,474,469,430,412,307,263,264,212,194,57,51,17,20,4,-
Cajazeiras do Piauí (PI),279,277,359,345,261,159,154,134,113,124,111,94,93,60,37,31,25,-,-,11,-
Cajueiro da Praia (PI),720,704,740,737,626,422,364,294,243,236,218,234,210,115,111,56,60,23,6,4,-
Caldeirão Grande do Piauí (PI),684,635,644,580,512,441,354,314,230,204,219,153,182,94,99,44,59,22,4,7,-
Campinas do Piauí (PI),540,535,672,545,419,336,363,306,275,238,251,139,160,107,102,69,23,49,12,-,-
Campo Alegre do Fidalgo (PI),510,499,627,453,426,287,277,263,205,144,125,153,120,57,154,81,44,26,-,-,-
Campo Grande do Piauí (PI),540,544,592,495,456,363,388,315,244,210,149,211,148,51,61,63,18,8,25,-,-
Campo Largo do Piauí (PI),693,860,820,706,494,327,314,290,292,183,155,143,109,150,96,21,52,5,15,20,-
Campo Maior (PI),3890,3878,4796,5061,4417,3406,3005,2702,2395,2052,1789,1408,1202,1140,854,469,380,153,87,34,9
Canavieira (PI),458,451,549,543,368,259,222,270,167,191,157,138,113,103,55,38,20,7,4,-,-
Canto do Buriti (PI),1915,1837,2154,2408,1749,1236,1186,1133,927,808,735,610,514,391,289,294,162,23,-,-,-
Capitão de Campos (PI),1052,1134,1291,1346,864,599,571,569,506,403,378,411,292,215,192,81,79,40,15,-,-
Capitão Gervásio Oliveira (PI),330,406,448,429,317,248,237,221,147,124,135,158,87,74,54,28,32,10,7,-,-
Caracol (PI),941,1019,1038,1011,819,530,450,448,346,270,244,264,200,133,128,73,97,14,15,-,-
Caraúbas do Piauí (PI),605,578,629,552,412,311,271,257,253,181,173,165,140,94,75,48,42,22,-,-,-
Caridade do Piauí (PI),460,522,563,500,411,286,233,199,176,133,125,136,97,70,74,35,25,10,7,-,-
Castelo do Piauí (PI),2068,2077,2432,2095,1648,1189,1117,932,931,794,529,702,573,386,351,186,146,114,37,7,24
Caxingó (PI),543,552,560,464,372,282,244,209,184,157,129,138,103,66,90,18,-,32,4,-,-
Cocal (PI),3023,3067,3416,2797,2110,1589,1464,1254,939,906,837,714,603,493,358,317,123,120,20,-,-
Cocal de Telha (PI),440,428,563,540,392,272,252,229,210,200,166,156,160,73,89,37,32,-,4,5,-
Cocal dos Alves (PI),602,663,668,604,425,348,342,313,245,219,179,146,118,92,79,61,14,17,19,-,-
Coivaras (PI),350,381,413,471,325,233,217,205,174,132,187,108,104,67,51,35,34,15,-,5,-
Colônia do Gurguéia (PI),529,576,703,647,433,308,282,278,239,214,156,170,137,117,105,64,34,14,6,-,-
Colônia do Piauí (PI),808,857,1003,945,675,466,420,369,358,296,235,235,169,146,116,86,35,17,-,12,3
Conceição do Canindé (PI),594,513,599,561,440,363,296,281,216,212,178,172,159,81,102,60,66,27,6,-,-
Coronel José Dias (PI),456,468,476,569,441,314,298,259,203,154,193,155,98,112,73,75,45,7,15,4,-
Corrente (PI),2795,2676,2925,3092,2279,1540,1357,1334,1107,926,709,644,579,423,282,257,135,129,38,-,-
Cristalândia do Piauí (PI),781,781,876,865,588,427,342,361,302,248,256,177,157,75,86,81,37,39,4,9,-
Cristino Castro (PI),1122,1204,1212,1176,809,625,509,480,435,364,319,224,241,203,100,141,23,52,23,5,-
Curimatá (PI),1148,1083,1244,1161,841,636,569,546,460,419,325,285,251,178,148,88,83,35,9,3,6
Currais (PI),495,468,586,584,408,255,216,230,197,195,177,126,103,96,39,34,13,10,-,-,-
Curralinhos (PI),426,401,490,462,317,226,192,169,175,161,134,125,106,107,73,42,21,14,-,-,-
Curral Novo do Piauí (PI),541,594,599,467,403,297,265,202,172,153,141,82,74,78,49,39,22,21,10,5,7
Demerval Lobão (PI),1336,1219,1503,1601,1280,902,672,661,588,515,533,384,392,336,281,124,87,46,21,9,-
Dirceu Arcoverde (PI),631,694,722,741,547,428,409,372,274,228,268,187,190,118,125,52,39,34,6,-,-
Dom Expedito Lopes (PI),551,614,652,643,585,458,397,443,345,277,248,200,212,63,146,50,43,15,12,-,-
Domingos Mourão (PI),574,563,563,515,330,245,229,200,197,178,181,129,152,69,69,31,19,25,15,-,-
Dom Inocêncio (PI),892,952,1104,1130,770,611,588,511,460,321,377,319,271,191,142,146,82,26,16,-,-
Elesbão Veloso (PI),1275,1363,1811,1813,1364,1048,900,900,778,703,562,627,553,423,416,269,145,42,10,-,-
Eliseu Martins (PI),357,423,542,562,383,233,228,238,208,198,141,185,179,70,76,82,58,13,-,11,-
Esperantina (PI),3703,3771,4811,4394,3020,2242,1980,1882,1635,1530,1332,855,918,693,568,353,288,69,42,-,7
Fartura do Piauí (PI),512,631,605,544,400,281,312,282,200,194,147,166,146,89,82,62,10,12,10,-,-
Flores do Piauí (PI),476,479,558,545,377,287,259,249,248,188,177,127,156,86,72,32,44,9,-,3,-
Floresta do Piauí (PI),238,247,327,275,185,152,148,152,136,120,134,74,61,63,52,31,8,13,-,-,-
Floriano (PI),5164,5286,6424,6878,5702,4180,3679,3372,2891,2461,2130,1542,1518,1042,1022,602,428,151,111,9,-
Francinópolis (PI),580,547,631,643,435,291,318,307,303,215,199,202,197,124,101,81,48,17,9,6,-
Francisco Ayres (PI),468,615,728,687,483,291,264,222,267,255,236,136,162,166,127,63,45,11,3,8,-
Francisco Macedo (PI),254,241,267,268,211,190,183,160,98,92,74,76,65,61,32,16,42,7,-,-,-
Francisco Santos (PI),679,666,784,861,726,507,519,476,348,346,284,214,221,159,125,40,52,26,5,5,-
Fronteiras (PI),1050,1061,1188,981,931,759,782,682,511,441,400,297,338,163,133,149,103,38,5,-,-
Geminiano (PI),533,535,541,534,398,373,327,312,230,192,206,184,156,93,76,31,33,30,6,-,-
Gilbués (PI),1332,1353,1419,1290,789,626,558,585,497,448,343,241,239,180,113,100,58,35,23,-,-
Guadalupe (PI),1122,1146,1329,1195,994,741,628,596,505,448,336,352,322,208,148,104,63,42,13,15,-
Guaribas (PI),738,702,712,638,440,279,263,222,194,169,108,93,83,89,38,30,11,4,-,-,-
Hugo Napoleão (PI),408,405,442,390,364,245,245,222,187,168,115,171,128,73,67,20,23,30,-,-,-
Ilha Grande (PI),961,845,976,955,762,525,437,393,342,300,307,232,241,229,185,91,45,52,11,-,-
Inhuma (PI),1526,1477,1544,1736,1341,1049,1001,887,755,607,555,454,479,368,289,180,93,62,17,-,6
Ipiranga do Piauí (PI),883,874,1010,992,734,590,619,521,440,362,244,324,311,181,167,97,51,22,-,6,-
Isaías Coelho (PI),935,944,1054,942,612,456,469,425,342,262,311,268,208,148,120,71,60,20,11,-,-
Itainópolis (PI),968,936,1124,1080,951,783,782,674,575,490,501,409,330,268,232,144,99,27,3,5,-
Itaueira (PI),999,1024,1307,1331,964,676,661,626,508,464,453,342,365,176,182,94,133,36,-,-,6
Jacobina do Piauí (PI),589,630,734,661,487,431,423,338,315,263,186,150,113,109,90,109,22,20,15,6,-
Jaicós (PI),1826,1724,1973,1913,1483,1087,1027,885,776,633,545,577,427,301,237,191,127,102,21,4,-
Jardim do Mulato (PI),416,436,496,474,337,256,275,189,198,180,122,200,124,128,55,51,23,16,14,-,-
Jatobá do Piauí (PI),392,400,479,506,440,316,262,246,214,229,221,167,116,126,80,60,36,19,5,-,-
Jerumenha (PI),504,544,562,516,385,305,299,287,209,184,177,143,149,73,42,43,66,19,8,-,-
João Costa (PI),283,313,448,400,296,205,182,176,149,117,109,102,63,68,50,27,20,16,-,-,-
Joaquim Pires (PI),1536,1720,1754,1635,1176,854,783,696,591,502,465,360,306,275,201,127,65,14,11,5,-
Joca Marques (PI),485,585,644,553,391,261,243,216,204,185,158,113,95,99,47,31,21,14,5,-,-
José de Freitas (PI),3448,3562,4243,4232,3256,2321,1946,1791,1520,1348,1150,1024,960,635,500,313,407,102,86,14,-
Juazeiro do Piauí (PI),533,549,597,507,403,320,311,205,220,180,182,112,152,93,79,32,32,10,6,-,-
Júlio Borges (PI),609,590,667,629,389,291,262,267,227,178,163,163,144,81,111,42,40,6,7,-,-
Jurema (PI),383,502,541,499,405,295,247,223,151,181,136,142,149,67,56,50,14,2,4,-,-
Lagoinha do Piauí (PI),252,234,240,267,223,159,154,96,112,91,97,78,43,65,50,22,34,3,11,-,-
Lagoa Alegre (PI),830,868,917,781,613,441,412,329,273,266,258,242,199,128,129,92,52,16,-,3,-
Lagoa do Barro do Piauí (PI),469,539,613,555,392,295,280,223,177,165,168,177,105,84,80,27,79,19,3,-,-
Lagoa de São Francisco (PI),743,790,705,668,540,383,349,286,238,216,221,170,172,108,71,73,36,16,11,-,-
Lagoa do Piauí (PI),316,388,461,446,350,255,195,207,141,200,133,142,91,63,35,24,17,20,4,-,-
Lagoa do Sítio (PI),432,421,461,505,396,242,277,257,205,204,194,149,154,90,67,31,44,4,4,-,-
Landri Sales (PI),544,592,791,645,473,322,325,337,320,261,233,209,189,170,78,93,35,11,-,-,-
Luís Correia (PI),2798,2808,3209,2976,2437,1788,1552,1364,1076,969,917,615,568,424,345,236,92,73,6,-,-
Luzilândia (PI),2422,2798,3487,3155,2044,1407,1378,1233,1188,1083,867,736,684,620,356,278,149,126,15,12,5
Madeiro (PI),877,976,988,857,561,433,398,328,306,226,174,181,126,156,81,29,62,12,-,-,-
Manoel Emídio (PI),572,591,651,711,439,350,317,289,236,227,165,175,183,108,48,47,20,17,5,-,-
Marcolândia (PI),783,694,755,669,594,485,488,370,289,232,190,176,183,77,55,63,52,23,-,-,-
Marcos Parente (PI),449,392,523,527,396,309,251,244,221,202,166,136,164,74,41,77,44,34,7,21,-
Massapê do Piauí (PI),605,569,750,768,606,398,354,323,276,255,271,210,227,89,135,97,21,19,10,5,-
Matias Olímpio (PI),1125,1251,1358,1211,821,622,543,493,439,428,369,261,286,155,133,126,46,24,17,19,-
Miguel Alves (PI),4106,4022,4200,3569,2372,1688,1550,1531,1341,1204,934,851,734,642,386,342,184,150,29,8,5
Miguel Leão (PI),189,136,174,171,126,99,74,39,80,28,62,27,63,47,32,18,5,-,-,-,-
Milton Brandão (PI),870,888,957,820,529,410,435,394,332,279,183,255,169,148,130,49,37,11,4,-,-
Monsenhor Gil (PI),1058,1042,1296,1333,1003,650,616,549,470,450,400,365,297,283,273,100,62,40,16,-,5
Monsenhor Hipólito (PI),660,652,837,818,627,438,455,472,382,337,275,228,223,92,111,72,66,15,4,-,-
Monte Alegre do Piauí (PI),1333,1365,1435,1324,843,610,529,555,461,411,304,261,261,164,174,108,57,14,16,-,5
Morro Cabeça no Tempo (PI),598,616,579,548,372,288,261,241,192,175,166,123,74,60,53,43,25,6,7,-,-
Morro do Chapéu do Piauí (PI),721,725,930,834,514,384,323,278,273,223,231,173,164,86,84,17,15,28,-,-,3
Murici dos Portelas (PI),845,832,899,813,600,411,348,285,279,254,228,163,127,117,79,31,37,10,14,4,-
Nazaré do Piauí (PI),826,831,1063,999,636,487,443,394,363,344,309,265,253,205,155,139,52,31,4,-,6
Nazária (PI),...,...,...,...,...,...,...,...,...,...,...,...,...,...,...,...,...,...,...,...,...
Nossa Senhora de Nazaré (PI),314,394,384,438,376,296,235,209,177,175,142,109,195,117,59,61,18,15,11,-,-
Nossa Senhora dos Remédios (PI),890,874,942,950,657,463,410,385,332,309,236,177,172,146,109,81,52,21,7,-,-
Novo Oriente do Piauí (PI),649,689,804,887,606,406,333,386,354,281,271,287,252,195,144,125,52,29,6,4,-
Novo Santo Antônio (PI),359,276,416,444,293,215,151,156,197,119,134,106,121,70,53,17,7,3,17,-,-
Oeiras (PI),3611,3547,4162,4185,3320,2425,2130,1930,1690,1403,1219,1110,1036,704,570,384,267,116,79,10,12
Olho D'Água do Piauí (PI),299,216,277,271,236,151,144,131,110,90,87,76,77,27,45,14,29,3,-,-,-
Padre Marcos (PI),742,780,813,769,649,540,586,536,364,296,257,241,262,99,121,122,79,27,-,-,-
Paes Landim (PI),441,488,644,533,375,249,231,240,220,161,152,118,95,87,33,69,39,9,-,-,-
Pajeú do Piauí (PI),291,282,320,365,252,213,176,179,160,135,115,111,94,61,42,37,44,7,7,4,-
Palmeira do Piauí (PI),656,662,692,627,450,345,329,304,237,168,148,171,170,91,66,37,26,19,-,-,-
Palmeirais (PI),1421,1375,1578,1483,1010,729,675,690,567,480,439,392,386,357,212,145,166,44,-,5,-
Paquetá (PI),491,417,511,538,455,341,278,255,217,174,166,188,120,100,94,30,-,6,-,-,5
Parnaguá (PI),1288,1286,1389,1129,777,515,555,481,436,368,263,217,181,169,146,55,61,14,9,6,-
Parnaíba (PI),13426,13375,15580,15557,13089,10484,9372,8262,6586,5762,5047,3787,3469,2973,2436,1439,937,480,128,93,-
Passagem Franca do Piauí (PI),480,519,605,517,353,249,209,205,201,194,133,134,128,111,48,51,38,16,4,-,-
Patos do Piauí (PI),586,571,682,624,457,364,382,336,309,245,249,197,163,135,114,90,68,30,27,5,-
Pau D'Arco do Piauí (PI),...,...,...,...,...,...,...,...,...,...,...,...,...,...,...,...,...,...,...,...,...
Paulistana (PI),1796,1790,2084,1943,1580,1264,1146,986,793,623,676,512,401,289,214,125,134,149,23,-,-
Pavussu (PI),461,447,510,512,342,239,251,223,195,219,121,142,93,96,40,50,25,4,-,-,3
Pedro II (PI),4270,4345,4804,4537,3003,2111,1991,2001,1761,1595,1332,1014,1099,765,655,440,288,148,33,9,-
Pedro Laurentino (PI),229,212,274,242,229,135,127,116,110,84,74,47,51,27,7,38,-,-,-,-,-
Nova Santa Rita (PI),463,500,556,485,408,277,259,253,199,167,121,147,99,76,57,30,20,34,-,-,-
Picos (PI),6722,6832,7341,7488,6964,5916,5537,4901,3956,3057,2732,2218,1905,1126,942,723,374,164,67,-,9
Pimenteiras (PI),1374,1334,1298,1319,1102,805,683,616,569,467,463,280,362,211,170,115,86,41,6,-,7
Pio IX (PI),1909,1972,2092,1734,1508,1170,1216,963,778,627,580,496,450,361,270,158,116,59,31,14,-
Piracuruca (PI),2848,3030,3030,2740,2191,1746,1618,1427,1197,1027,856,839,700,526,367,362,160,54,37,-,31
Piripiri (PI),6372,6308,7258,7136,5587,4065,3820,3616,3168,2694,2382,1970,1755,1365,996,883,447,244,57,10,21
Porto (PI),1516,1454,1501,1242,877,639,539,537,457,388,288,288,227,220,162,111,51,48,23,6,-
Porto Alegre do Piauí (PI),309,289,341,267,194,185,144,165,96,102,93,61,43,57,30,21,11,8,5,-,-
Prata do Piauí (PI),331,366,413,373,192,155,163,167,187,136,94,130,140,100,62,34,48,19,-,7,-
Queimada Nova (PI),968,959,1062,844,741,570,595,509,403,292,282,320,259,140,152,112,82,22,15,5,-
Redenção do Gurguéia (PI),977,1035,1179,1045,731,429,347,387,344,330,247,228,143,158,89,64,38,5,4,-,-
Regeneração (PI),1813,1988,2181,2096,1670,1132,1050,979,852,744,556,667,472,470,300,240,112,97,37,15,-
Riacho Frio (PI),492,574,660,567,357,255,235,236,228,174,159,76,86,81,51,58,13,7,12,-,-
Ribeira do Piauí (PI),451,463,570,494,329,249,210,205,192,162,153,114,125,38,42,50,10,12,11,-,-
Ribeiro Gonçalves (PI),684,771,802,713,469,356,318,327,266,246,165,170,108,132,73,78,32,13,-,-,-
Rio Grande do Piauí (PI),625,640,765,747,557,431,396,356,300,260,271,188,140,171,136,80,53,9,-,5,-
Santa Cruz do Piauí (PI),512,496,719,751,551,416,363,367,247,339,235,206,154,169,95,82,38,21,15,-,-
Santa Cruz dos Milagres (PI),325,386,431,433,313,239,196,169,165,144,116,108,93,69,64,47,25,11,-,-,-
Santa Filomena (PI),802,858,843,752,469,384,343,325,283,215,139,192,136,101,78,49,42,8,12,-,-
Santa Luz (PI),539,500,631,648,481,330,237,278,219,197,171,162,127,92,71,60,9,29,-,-,-
Santana do Piauí (PI),440,438,533,547,414,316,334,293,236,205,158,208,141,114,89,90,19,6,7,-,7
Santa Rosa do Piauí (PI),561,531,720,685,441,341,305,268,257,245,214,176,167,107,101,52,31,12,9,-,-
Santo Antônio de Lisboa (PI),482,512,599,540,433,355,369,383,286,246,251,210,187,78,109,70,31,13,-,-,-
Santo Antônio dos Milagres (PI),227,215,231,243,188,124,100,98,75,86,50,57,51,50,48,-,-,6,17,-,10
Santo Inácio do Piauí (PI),327,334,399,410,326,261,210,233,199,175,147,116,67,84,43,61,28,22,5,-,-
São Braz do Piauí (PI),438,516,579,484,349,276,285,246,186,158,125,143,145,86,80,54,29,12,-,-,-
São Félix do Piauí (PI),270,305,472,399,277,168,175,193,214,186,152,147,163,84,93,52,20,27,-,-,-
São Francisco de Assis do Piauí (PI),462,412,497,448,363,261,264,232,159,198,109,87,98,58,61,54,28,16,-,-,-
São Francisco do Piauí (PI),763,680,908,741,497,359,372,337,340,292,292,160,231,122,123,127,52,19,15,13,-
São Gonçalo do Gurguéia (PI),274,344,311,253,221,162,156,96,115,78,33,72,86,33,38,23,27,-,-,-,-
São Gonçalo do Piauí (PI),504,469,511,466,425,301,266,244,221,206,135,137,140,81,49,37,20,24,13,-,-
São João da Canabrava (PI),445,458,476,519,337,252,236,230,231,205,151,195,182,104,110,53,46,6,3,-,-
São João da Fronteira (PI),684,651,659,522,401,323,294,235,205,185,179,170,123,93,74,41,31,16,-,-,-
São João da Serra (PI),657,677,871,858,586,419,365,331,361,339,361,188,215,163,130,94,46,6,-,-,8
São João da Varjota (PI),482,504,618,531,436,248,265,219,211,191,177,131,148,101,76,14,17,6,-,-,-
São João do Arraial (PI),651,726,794,751,470,337,283,292,275,251,221,179,143,135,89,78,39,14,6,-,-
São João do Piauí (PI),1879,1886,2220,2267,1784,1218,1174,1066,956,689,607,483,441,297,241,249,117,54,34,9,-
São José do Divino (PI),525,606,643,597,439,341,323,285,255,200,155,143,119,97,75,53,14,3,3,6,-
São José do Peixe (PI),439,413,519,489,345,224,217,224,191,160,110,130,98,85,45,54,63,6,5,4,5
São José do Piauí (PI),690,693,803,836,646,441,466,394,308,267,252,264,192,168,130,68,49,22,16,-,-
São Julião (PI),554,592,604,620,513,418,410,347,309,279,230,256,174,121,135,55,50,27,5,-,-
São Lourenço do Piauí (PI),384,442,522,495,334,282,272,269,241,203,169,162,177,86,86,66,64,20,-,-,-
São Luis do Piauí (PI),269,258,295,273,190,187,267,155,139,81,46,54,92,61,85,25,11,-,-,-,-
São Miguel da Baixa Grande (PI),183,201,249,260,164,103,100,123,126,93,80,95,67,63,71,14,27,5,6,-,-
São Miguel do Fidalgo (PI),375,322,427,411,275,190,143,139,151,105,108,113,71,62,53,32,-,6,-,8,-
São Miguel do Tapuio (PI),1977,2099,2554,2309,1708,1215,1119,1093,956,843,650,595,480,443,273,195,180,59,17,42,-
São Pedro do Piauí (PI),1446,1378,1503,1503,1163,818,733,656,630,543,402,464,421,262,267,152,93,72,4,-,-
São Raimundo Nonato (PI),2917,2792,2969,3207,2833,2127,1912,1766,1378,1088,925,729,748,431,393,304,237,123,-,-,10
Sebastião Barros (PI),534,528,613,568,397,325,253,243,264,165,170,117,105,74,83,21,12,45,7,-,-
Sebastião Leal (PI),406,436,444,440,366,279,256,237,152,174,157,118,83,79,116,41,29,10,10,3,-
Sigefredo Pacheco (PI),932,982,1097,1047,853,688,549,493,456,440,363,298,332,136,183,110,61,22,4,-,-
Simões (PI),1728,1645,1697,1573,1375,1056,894,708,562,455,506,382,351,221,196,149,66,36,18,-,4
Simplício Mendes (PI),1124,1146,1368,1240,959,769,718,700,611,484,463,347,281,236,210,186,67,37,20,-,-
Socorro do Piauí (PI),548,550,643,614,382,292,240,221,247,230,194,141,136,53,95,57,11,22,-,-,-
Sussuapara (PI),467,500,528,526,465,405,381,349,253,221,215,223,170,124,92,46,65,9,3,-,-
Tamboril do Piauí (PI),246,383,332,234,200,188,146,164,31,88,61,94,103,57,20,31,18,16,-,-,-
Tanque do Piauí (PI),235,254,283,318,191,131,145,141,109,102,57,109,96,63,40,29,13,1,-,-,-
Teresina (PI),69121,67207,80447,87175,79013,61990,55493,50771,42649,33954,25684,17420,14364,10778,8106,5607,3219,1370,489,348,155
União (PI),4583,4579,5191,4998,3709,2636,2250,1995,1766,1684,1485,1160,1132,980,806,468,175,155,41,7,-
Uruçuí (PI),1848,2011,2223,2017,1417,1139,1090,1064,824,738,608,543,543,284,235,141,182,63,32,9,-
Valença do Piauí (PI),1705,1800,2207,2453,1917,1490,1399,1264,1108,873,840,629,620,523,490,286,154,86,43,-,-
Várzea Branca (PI),648,644,686,704,447,350,282,288,265,199,156,111,146,94,92,43,21,16,7,4,-
Várzea Grande (PI),441,449,533,533,376,297,289,259,275,203,167,144,150,139,60,85,40,30,-,6,-
Vera Mendes (PI),280,272,378,329,229,194,206,289,158,135,87,127,99,78,19,7,3,17,-,-,-
Vila Nova do Piauí (PI),292,288,306,308,270,240,223,202,140,142,123,122,87,51,38,23,36,9,6,-,-
Wall Ferraz (PI),409,399,544,528,378,298,247,214,200,158,116,156,122,71,92,30,17,3,-,3,-
Abaiara (CE),971,948,1047,953,744,620,511,454,384,324,310,278,275,143,167,113,58,64,12,10,-
Acarape (CE),1538,1611,1567,1383,1143,992,941,831,612,503,414,271,331,275,220,170,78,28,8,5,7
Acaraú (CE),5989,6255,6571,5749,4330,3566,2966,2566,1989,1806,1737,1285,1187,1048,884,585,253,116,49,10,27
Acopiara (CE),4412,4785,5839,5242,3947,3093,2975,2744,2414,2270,1948,1811,1702,1269,1030,877,425,296,54,5,-
Aiuaba (CE),1782,1816,1854,1544,1233,939,892,787,632,609,515,479,460,253,249,176,103,61,46,24,-
Alcântaras (CE),1179,1173,1222,1031,745,564,611,535,413,385,279,314,323,242,228,152,104,26,18,-,4
Altaneira (CE),625,649,632,599,486,335,336,287,212,252,248,282,227,141,125,85,75,73,4,14,-
Alto Santo (CE),1605,1697,1888,1791,1219,1077,1015,1023,810,707,640,409,419,284,273,260,149,71,36,10,11
Amontada (CE),4143,4597,4607,3691,2580,1987,1806,1603,1189,1150,990,1043,828,717,589,375,244,149,36,10,-
Antonina do Norte (CE),763,742,844,668,496,412,326,324,294,279,307,251,211,203,118,102,111,39,14,5,-
Apuiarés (CE),1411,1477,1653,1316,1086,800,768,705,554,471,416,468,401,323,343,188,80,64,10,-,6
Aquiraz (CE),6546,6972,6973,6551,5883,5325,4692,3909,2789,2391,1984,1652,1524,1055,998,692,314,129,51,17,23
Aracati (CE),6194,6715,7065,6894,5713,4834,4462,4055,3071,2489,2610,1849,1405,1247,1045,729,478,223,46,43,19
Aracoiaba (CE),2655,2689,2952,2751,2034,1619,1506,1470,1087,998,937,701,770,547,526,470,197,112,42,-,-
Ararendá (CE),1020,1114,1245,1139,774,606,597,555,514,455,360,361,364,264,266,201,99,54,14,-,6
Araripe (CE),2694,2484,2409,2192,1811,1349,1236,969,807,716,676,597,729,204,251,167,148,149,10,10,-
Aratuba (CE),1565,1679,1576,1460,947,789,680,728,565,482,438,330,401,200,238,123,82,42,22,11,-
Arneiroz (CE),835,919,962,796,626,549,485,399,353,345,302,290,236,144,101,111,34,35,16,-,-
Assaré (CE),2433,2516,2598,2090,1649,1304,1290,1161,963,912,841,776,815,427,370,314,281,109,14,12,7
Aurora (CE),2578,2729,3079,2854,2201,1653,1583,1445,1210,1093,924,982,920,592,480,410,248,165,54,8,-
Baixio (CE),493,637,679,732,550,394,351,356,306,236,195,254,248,165,99,63,48,18,5,-,-
Banabuiú (CE),2118,2116,1962,1691,1251,1127,1071,983,747,632,441,532,419,340,264,194,127,118,34,5,-
Barbalha (CE),5227,5073,5676,5605,4561,3531,3128,2710,2253,1859,1788,1310,1255,1002,692,694,404,159,69,35,-
Barreira (CE),1934,2018,2060,1980,1455,1263,1162,1016,768,706,571,530,409,381,303,221,144,52,42,9,-
Barro (CE),2016,2217,2405,2178,1719,1366,1285,1122,930,838,776,765,874,369,424,316,247,97,54,9,-
Barroquinha (CE),1850,1669,1804,1640,1291,972,757,653,596,552,458,451,331,341,215,145,113,59,17,-,6
Baturité (CE),3326,3400,3385,3323,2694,2112,2078,1769,1432,1165,1025,888,991,711,631,443,254,96,107,-,31
Beberibe (CE),4443,4931,4842,4877,3997,3171,2715,2467,1949,1830,1627,1462,1005,997,987,565,292,119,46,5,17
Bela Cruz (CE),3425,3652,3827,3273,2517,1840,1722,1580,1173,1100,1036,897,755,464,383,292,217,142,59,-,4
Boa Viagem (CE),5821,5980,6421,5285,3808,3174,3084,2859,2331,2220,2026,1646,1650,1120,1225,891,347,215,136,55,12
Brejo Santo (CE),4006,4239,4980,4313,3744,2774,2493,2283,1847,1553,1248,1454,1171,738,666,449,323,165,21,7,11
Camocim (CE),6821,6737,7192,6288,5221,4107,3771,3152,2409,2102,1981,1427,1383,955,752,637,332,128,26,28,-
Campos Sales (CE),2919,2912,3259,2693,2048,1607,1618,1494,1178,1068,940,940,855,571,467,468,231,233,58,6,-
Canindé (CE),8257,8546,8897,7535,5622,4530,4421,4099,3100,2888,2557,2116,2302,1326,1345,912,587,374,113,65,10
Capistrano (CE),1737,1993,2023,1910,1360,1003,900,943,696,653,480,448,569,270,361,268,91,71,43,11,-
Caridade (CE),1956,1862,1946,1684,1376,1024,982,836,688,634,607,434,392,416,341,224,111,81,9,-,-
Cariré (CE),2205,2289,2191,1956,1395,1133,1171,1087,812,758,796,599,556,541,366,453,159,104,46,-,-
Caririaçu (CE),3105,3133,3420,3156,2168,1692,1459,1201,1118,1018,866,913,875,453,497,340,178,105,35,-,-
Cariús (CE),1799,2146,2243,1888,1531,976,1294,1349,880,854,740,724,620,459,282,356,148,128,21,-,7
Carnaubal (CE),1836,1935,2116,1778,1176,906,902,840,717,576,455,504,449,374,301,181,116,40,-,28,-
Cascavel (CE),6058,6420,6146,6221,5570,4557,4165,3590,2770,2441,1933,1765,1627,1188,1268,694,396,213,72,25,10
Catarina (CE),1520,1821,2006,1885,1472,1123,1042,913,822,645,498,479,408,322,301,141,114,27,5,3,-
Catunda (CE),997,1097,1277,1019,715,574,538,564,438,407,386,261,265,204,208,135,107,66,23,5,-
Caucaia (CE),30739,30003,29000,26611,23474,21562,20891,18521,13121,9486,7650,5349,4586,3593,2293,2004,872,449,146,76,53
Cedro (CE),2393,2394,2798,2514,2083,1589,1430,1410,1267,1147,1131,848,997,564,564,550,189,138,46,10,-
Chaval (CE),1480,1490,1603,1329,1099,834,784,687,486,463,463,402,358,259,184,127,57,41,17,-,-
Choró (CE),1606,1623,1590,1282,878,731,674,691,560,591,397,310,350,263,176,131,91,38,11,8,-
Chorozinho (CE),2092,2286,2234,2184,1702,1453,1323,1234,863,691,535,589,433,374,365,141,119,80,8,-,-
Coreaú (CE),2438,2482,2559,2155,1512,1365,1260,1105,853,816,780,628,606,390,484,293,105,118,33,-,-
Crateús (CE),6943,7474,7844,7550,6270,4985,4966,4538,3837,3150,2904,2470,2164,1828,1667,957,760,400,146,34,10
Crato (CE),11000,10885,11929,11420,10549,8040,7366,6679,5312,4522,4074,3342,2957,2101,1611,1318,807,447,213,47,27
Croatá (CE),1989,2172,2207,1842,1021,947,924,851,732,658,537,598,524,326,347,155,154,22,49,8,-
Cruz (CE),2298,2421,2649,2426,1658,1277,1226,1140,810,806,694,674,654,295,297,199,154,82,19,-,-
Deputado Irapuan Pinheiro (CE),813,930,896,861,651,591,543,564,401,392,394,308,395,185,204,141,40,53,9,7,7
Ereré (CE),622,684,795,767,557,403,373,364,306,306,269,156,203,123,167,115,76,12,4,-,-
Eusébio (CE),3878,3704,3786,3633,3099,2695,2288,2098,1411,1173,1005,736,542,556,403,228,118,82,23,32,10
Farias Brito (CE),2145,2380,2534,2294,1701,1354,1185,1103,891,851,839,795,778,402,359,335,185,142,32,-,11
Forquilha (CE),2098,1998,2155,1817,1491,1274,1221,1093,807,727,637,496,408,459,257,270,161,88,31,-,-
Fortaleza (CE),204485,206078,219132,235795,214961,185679,177144,162807,127102,103205,85636,59230,51115,37290,30470,21263,10784,6382,1929,608,307
Fortim (CE),1235,1471,1446,1381,1093,879,812,727,554,517,470,422,292,277,158,186,96,29,15,6,-
Frecheirinha (CE),1531,1487,1458,1292,969,749,700,664,568,456,488,352,310,254,231,190,75,41,18,-,-
General Sampaio (CE),641,611,675,517,392,316,277,256,185,192,208,146,152,84,82,71,34,17,11,-,-
Graça (CE),1846,1866,2103,1786,975,844,823,744,641,597,491,537,473,351,269,217,142,90,18,-,-
Granja (CE),6738,6451,6021,5377,4213,3207,2786,2381,1907,1905,1855,1435,1254,931,605,612,429,240,79,47,11
Granjeiro (CE),630,630,716,674,471,352,299,288,227,208,175,144,123,134,91,68,53,7,4,-,-
Groaíras (CE),920,1006,1018,871,699,551,621,553,402,376,308,335,271,242,159,209,96,82,22,-,-
Guaiúba (CE),2392,2443,2457,2222,1890,1474,1314,1156,954,740,666,529,434,410,359,177,146,67,21,23,10
Guaraciaba do Norte (CE),4430,4372,4521,3995,2758,2119,2010,1937,1694,1417,1345,940,828,953,620,537,304,202,55,-,-
Guaramiranga (CE),754,683,677,616,483,379,365,331,271,250,125,220,148,136,131,96,23,18,-,-,8
Hidrolândia (CE),1928,1976,2182,1994,1359,1036,1046,1043,854,757,749,540,590,498,502,252,254,77,40,10,-
Horizonte (CE),4233,3961,3832,3556,3610,2990,2605,2054,1503,1253,906,910,837,461,415,281,196,119,45,14,9
Ibaretama (CE),1611,1618,1555,1312,982,809,787,692,514,532,419,428,430,254,266,135,113,72,27,4,-
Ibiapina (CE),2516,2829,3085,2679,1629,1238,1273,1292,1034,903,721,674,642,533,443,316,134,165,33,18,-
Ibicuitinga (CE),988,1081,1176,1172,844,640,579,569,480,380,295,334,325,157,177,124,56,50,9,-,-
Icapuí (CE),1555,1686,1952,1862,1598,1270,1289,960,807,688,676,541,386,216,281,152,77,32,9,-,13
Icó (CE),6497,7016,7768,7224,5279,4448,4004,3909,3205,2673,2133,2195,2093,1309,1187,865,390,283,36,8,-
Iguatu (CE),7578,8031,9522,9412,8036,6608,6129,5816,4820,3964,3607,3078,2730,1957,1759,1373,710,380,66,28,11
Independência (CE),2567,2585,2936,2617,2337,1692,1663,1548,1251,1108,1032,897,782,686,596,393,270,164,139,-,-
Ipaporanga (CE),1218,1299,1329,1196,844,678,670,688,540,491,442,404,381,320,269,227,158,58,22,14,-
Ipaumirim (CE),1096,1229,1351,1386,1067,743,625,672,599,535,460,395,398,320,246,250,100,33,28,5,-
Ipu (CE),4357,4631,4744,4517,3039,2439,2321,2270,1891,1611,1406,1268,1263,952,904,631,454,226,108,40,6
Ipueiras (CE),4462,4727,5085,4353,2842,2108,2112,2040,1842,1629,1323,1200,1276,812,964,656,373,279,92,45,-
Iracema (CE),1214,1366,1646,1550,1156,814,779,808,674,609,542,440,417,318,289,281,160,57,29,7,-
Irauçuba (CE),2575,2525,2702,2157,1661,1267,1186,1102,810,677,607,582,482,367,317,289,106,67,74,7,-
Itaiçaba (CE),586,683,816,747,478,445,459,452,324,306,286,232,137,176,189,107,95,47,10,-,3
Itaitinga (CE),3441,3558,3516,3196,2975,2430,2144,1859,1296,1049,878,752,697,439,448,246,142,110,42,-,-
Itapajé (CE),5128,4722,4917,4638,4096,3173,2725,2316,1826,1510,1354,1147,1070,797,743,461,260,134,43,23,9
Itapipoca (CE),11524,11578,12392,11092,8403,6381,5823,5404,4158,3558,2921,2683,2384,2034,1729,1134,575,378,164,54,-
Itapiúna (CE),1938,2097,1986,1818,1417,990,967,920,733,662,565,486,461,395,348,234,118,82,49,6,5
Itarema (CE),4094,4093,4197,3539,2739,2033,1741,1533,1166,1032,919,833,762,546,525,310,180,79,17,9,-
Itatira (CE),2096,2138,2095,1560,1197,831,855,826,655,675,615,372,444,364,278,257,194,46,43,-,-
Jaguaretama (CE),1971,2173,2200,1968,1447,1174,1018,1191,870,944,663,528,477,448,325,347,165,80,28,7,-
Jaguaribara (CE),838,918,1072,963,798,604,564,565,444,402,395,286,231,180,180,168,81,17,6,11,7
Jaguaribe (CE),3573,3607,4142,3994,2729,2388,2193,2367,1840,1660,1544,1074,1107,754,750,701,361,218,49,11,-
Jaguaruana (CE),2988,3437,3532,3333,2651,2216,2105,2009,1424,1225,1161,925,738,402,641,378,320,164,51,35,-
Jardim (CE),3105,3137,3694,3087,2582,1806,1470,1343,1143,1078,986,909,838,476,457,414,227,106,42,-,-
Jati (CE),683,774,904,841,692,460,470,424,337,284,275,296,288,155,139,112,97,25,9,-,-
Jijoca de Jericoacoara (CE),1480,1574,1661,1419,1037,880,816,680,496,458,415,312,296,188,184,81,63,31,18,-,-
Juazeiro do Norte (CE),23781,22529,24322,22736,21182,16330,14630,12683,10443,8876,7381,6993,6104,4612,3763,2968,1324,990,351,109,27
Jucás (CE),2497,2667,2874,2416,1724,1386,1348,1321,1099,989,919,828,897,460,407,347,216,152,64,22,-
Lavras da Mangabeira (CE),3079,3481,3822,3508,2578,1929,1840,1778,1542,1473,1284,1079,1271,799,721,603,349,168,49,7,-
Limoeiro do Norte (CE),4775,4898,5355,5149,4454,4151,3928,3751,2672,2311,2121,1637,1066,987,1058,767,301,213,17,10,-
Madalena (CE),1832,1899,1807,1488,1191,985,943,827,676,581,531,497,527,289,400,171,104,74,33,-,9
Maracanaú (CE),20156,21057,21513,19939,17364,15623,14428,12686,9903,7518,6107,3634,3483,2172,1872,1213,575,291,114,34,50
Maranguape (CE),9942,10453,10588,9652,8417,6998,6554,5676,4194,3303,2758,2421,2350,1460,1339,917,615,354,103,33,9
Marco (CE),2806,2720,2812,2195,1792,1426,1308,1135,746,642,753,489,436,362,257,200,220,84,28,-,17
Martinópole (CE),1181,1110,1053,953,712,609,515,502,348,322,337,235,198,172,117,138,39,53,9,-,-
Massapê (CE),3852,3801,3756,3095,2511,2040,1901,1583,1268,1067,982,805,937,587,552,379,204,154,64,12,24
Mauriti (CE),5064,5211,5408,4729,3826,2988,2623,2270,1882,1659,1434,1370,1267,798,795,578,243,191,52,-,12
Meruoca (CE),1295,1398,1459,1316,946,708,674,645,465,472,395,331,310,291,298,177,82,58,11,7,-
Milagres (CE),2791,2861,3350,3053,2578,2032,1786,1597,1245,1060,892,960,835,658,583,356,207,86,30,-,-
Milhã (CE),1213,1400,1481,1307,1018,862,857,848,663,613,615,478,524,277,330,282,134,75,40,11,-
Miraíma (CE),1477,1488,1577,1280,953,737,601,636,453,414,392,302,308,276,195,145,79,70,29,6,-
Missão Velha (CE),3668,3842,3965,3792,3003,2306,1973,1701,1399,1305,1256,1091,1003,778,596,439,329,90,30,-,21
Mombaça (CE),4245,4799,5350,4527,3123,2450,2481,2355,2036,1839,1777,1555,1510,866,888,722,379,241,62,10,-
Monsenhor Tabosa (CE),1774,1949,2195,1763,1225,991,1013,790,753,728,729,474,587,477,405,237,118,95,17,7,17
Morada Nova (CE),6604,7011,7838,7417,5343,4799,4365,4191,3108,2750,2446,2134,1715,1478,1127,921,618,414,103,17,-
Moraújo (CE),821,868,883,792,622,525,399,364,306,283,281,205,173,194,151,111,43,8,13,5,-
Morrinhos (CE),2367,2341,2477,1941,1461,1104,1005,975,658,699,536,734,551,278,216,255,188,85,47,10,-
Mucambo (CE),1513,1650,1854,1511,989,781,773,814,636,613,578,465,494,316,304,268,131,74,28,11,8
Mulungu (CE),1099,1001,1099,1049,817,510,512,595,452,412,275,294,241,224,167,127,43,36,11,-,-
Nova Olinda (CE),1325,1467,1579,1342,1104,782,745,658,533,467,448,390,408,272,185,168,136,46,22,-,-
Nova Russas (CE),2982,3234,3582,3325,2332,1726,1759,1770,1542,1316,1235,890,1014,807,746,440,325,228,70,23,-
Novo Oriente (CE),3030,3217,3097,2723,2210,1640,1701,1679,1368,1121,1050,732,734,586,429,368,275,117,41,-,-
Ocara (CE),2343,2530,2869,2565,1755,1444,1368,1229,995,837,752,713,703,427,520,327,127,64,15,-,-
Orós (CE),1880,2123,2462,2507,1851,1533,1319,1349,1401,984,1106,733,728,699,553,436,187,133,-,30,8
Pacajus (CE),5242,4833,4957,4713,4448,3766,3275,2799,2102,1713,1473,1204,1059,760,682,556,330,126,19,12,-
Pacatuba (CE),6061,6282,6470,5717,4752,4178,4154,3739,2841,1897,1525,1126,951,750,530,403,170,118,13,10,10
Pacoti (CE),1288,1309,1364,1235,869,713,687,690,529,403,388,285,330,281,269,145,68,54,20,-,4
Pacujá (CE),616,651,772,543,473,322,356,329,247,215,242,165,168,145,172,125,54,32,26,-,-
Palhano (CE),679,793,1091,1052,758,496,481,486,390,391,422,240,178,181,163,164,108,65,5,16,7
Palmácia (CE),1107,1147,1258,1105,821,648,644,518,461,367,298,375,323,281,209,140,70,70,9,8,-
Paracuru (CE),3222,3180,3310,3161,2686,2094,1915,1613,1204,1025,858,865,863,430,443,333,166,125,38,5,4
Paraipaba (CE),3171,3117,2879,2971,2564,1968,1646,1494,1134,924,834,668,613,568,369,314,175,32,21,-,-
Parambu (CE),3854,4003,4094,3468,2610,2099,2069,1825,1421,1319,1207,1025,1109,657,607,397,312,176,49,-,-
Paramoti (CE),1428,1445,1312,1187,821,700,658,604,480,384,406,368,346,260,215,162,104,68,7,10,6
Pedra Branca (CE),4628,4783,5227,4372,3341,2730,2394,2191,1841,1723,1508,1499,1370,902,920,572,459,195,62,13,13
Penaforte (CE),797,792,918,778,628,496,464,439,332,289,223,211,240,106,115,82,66,32,3,6,-
Pentecoste (CE),3884,3621,4079,3681,3008,2362,2201,1953,1456,1166,849,1111,975,707,591,412,276,161,73,33,-
Pereiro (CE),1714,1704,2058,1795,1242,854,883,835,740,663,672,423,499,294,362,256,126,69,31,-,5
Pindoretama (CE),1490,1655,1650,1568,1470,1256,1176,855,667,603,525,522,439,384,303,194,123,47,4,16,4
Piquet Carneiro (CE),1150,1337,1484,1332,1062,799,850,806,687,669,613,586,489,405,320,272,146,108,16,-,-
Pires Ferreira (CE),962,1078,1044,921,607,561,518,487,406,302,315,287,374,207,244,139,78,95,13,5,-
Poranga (CE),1424,1395,1462,1357,983,766,708,615,546,456,442,403,354,255,251,176,100,41,3,-,-
Porteiras (CE),1598,1809,2052,1901,1423,1039,882,847,698,625,529,593,555,356,319,194,169,36,33,-,-
Potengi (CE),991,1065,1112,1000,822,646,503,557,438,353,373,305,326,315,130,193,81,33,17,-,-
Potiretama (CE),636,626,730,625,503,441,361,376,272,266,234,177,162,112,86,55,49,33,17,8,-
Quiterianópolis (CE),1975,2149,2262,2095,1532,1230,1231,1100,880,716,737,539,620,386,344,272,144,107,34,3,-
Quixadá (CE),7749,8304,8120,7436,5888,5147,4694,4432,3374,2894,2419,2286,2045,1419,1317,994,650,280,163,28,15
Quixelô (CE),1480,1632,1933,1707,1302,1050,1025,972,852,787,648,591,495,319,375,247,104,77,-,-,-
Quixeramobim (CE),6535,6945,6974,5837,4702,4098,3845,3775,3048,2707,2085,2126,1977,1292,1140,1138,561,259,127,40,23
Quixeré (CE),1786,1929,2009,1718,1464,1294,1197,1072,872,713,763,555,335,298,308,287,175,81,7,-,-
Redenção (CE),2814,2887,2925,2860,2194,1809,1654,1523,1215,1020,906,682,766,519,556,328,184,107,30,15,-
Reriutaba (CE),2343,2347,2582,2349,1672,1343,1267,1096,1049,887,826,689,723,593,603,385,365,41,45,18,-
Russas (CE),5812,6193,6543,6332,5405,4483,4114,3847,2810,2517,2264,1887,1136,1149,1106,880,459,235,97,50,-
Saboeiro (CE),1865,2025,2232,1722,1156,914,935,901,803,794,748,500,518,319,376,218,140,34,9,6,11
Salitre (CE),1930,1668,1850,1579,1195,929,820,714,576,488,540,463,394,247,250,106,95,52,18,5,6
Santana do Acaraú (CE),3283,3231,3434,2947,2322,1771,1523,1413,1053,913,861,977,908,365,461,308,228,165,22,13,-
Santana do Cariri (CE),2215,2161,2267,1908,1387,1086,945,879,667,598,618,494,483,367,251,221,137,87,45,21,10
Santa Quitéria (CE),4696,5171,5518,4639,3469,2735,2699,2421,1952,1734,1640,1339,1156,1010,897,554,384,278,64,19,-
São Benedito (CE),4624,4997,5223,4772,3384,2344,2259,2175,1841,1643,1503,1149,1063,923,840,596,276,203,59,19,-
São Gonçalo do Amarante (CE),4098,4201,4265,3981,3382,2762,2435,2150,1592,1356,1304,946,1001,658,738,406,214,69,43,7,-
São João do Jaguaribe (CE),738,705,797,856,744,653,631,642,483,439,438,407,274,212,225,222,105,58,13,4,4
São Luís do Curu (CE),1229,1305,1393,1267,1035,851,792,718,515,458,387,359,340,246,269,171,86,60,4,6,6
Senador Pompeu (CE),2710,3036,3130,2784,2105,1785,1810,1732,1422,1194,1044,1175,1056,582,719,496,259,150,27,9,-
Senador Sá (CE),698,710,757,627,442,327,319,299,268,227,221,192,137,134,75,83,54,11,13,11,-
Sobral (CE),18352,17450,18667,16705,14878,12645,11573,9993,7382,6121,5405,4004,3682,2793,2165,1774,889,491,221,75,11
Solonópole (CE),1609,1833,1888,1763,1258,1099,1085,1158,911,831,704,660,630,419,521,293,149,61,16,14,-
Tabuleiro do Norte (CE),2734,2693,2880,2729,2415,2240,2177,1954,1388,1160,1197,848,776,550,526,432,231,128,30,10,-
Tamboril (CE),2779,3190,3392,2884,2022,1592,1569,1505,1196,1105,959,894,879,527,571,424,288,142,39,11,6
Tarrafas (CE),1004,1085,1041,1001,823,614,679,490,465,384,403,280,299,292,137,111,45,41,18,-,-
Tauá (CE),5575,5688,6291,5503,4288,3341,3422,3130,2735,2208,2125,1954,1675,1297,1069,839,474,262,46,17,9
Tejuçuoca (CE),1679,1645,1904,1609,1170,887,753,714,568,538,432,411,360,246,262,182,72,58,25,2,2
Tianguá (CE),7325,7438,7090,6808,5209,4197,3647,3400,2754,2262,1773,1644,1281,1191,879,511,414,204,21,11,9
Trairi (CE),5599,5890,5909,5334,3767,2968,2612,2330,1832,1610,1367,1322,1141,953,851,508,278,192,27,25,12
Tururu (CE),1317,1514,1549,1274,959,798,735,673,451,398,392,292,328,255,230,191,53,56,29,-,4
Ubajara (CE),3025,3224,3286,3070,2504,1899,1631,1585,1322,1118,924,813,662,751,567,351,218,78,67,-,-
Umari (CE),710,751,989,923,619,427,413,421,349,339,317,282,322,174,167,151,49,19,10,3,-
Umirim (CE),2170,2247,2272,1871,1538,1268,1094,914,702,605,647,427,343,461,257,214,196,74,43,-,-
Uruburetama (CE),2043,2076,2051,1901,1467,1126,1089,905,713,587,579,383,524,278,305,217,115,71,14,-,-
Uruoca (CE),1436,1493,1379,1261,1033,774,690,642,428,457,424,405,303,249,190,167,105,37,-,6,-
Varjota (CE),1964,1990,1968,1887,1409,1065,1004,872,707,637,691,524,530,372,356,269,172,103,53,20,-
Várzea Alegre (CE),3278,3702,4130,3835,2884,2270,2191,2089,1813,1543,1606,1242,1353,981,805,590,294,219,19,-,-
Viçosa do Ceará (CE),6038,6298,5902,5148,3712,2892,2678,2366,1908,1595,1458,1337,1167,956,843,502,384,128,67,41,8
Cococi (CE),...,...,...,...,...,...,...,...,...,...,...,...,...,...,...,...,...,...,...,...,...
Acari (RN),970,1033,1177,1247,1047,866,801,790,584,489,403,412,391,222,305,208,127,101,16,-,-
Açu (RN),4767,4719,5706,5522,4457,3803,3870,3529,2493,1748,1835,1330,978,961,880,533,364,244,125,24,17
Afonso Bezerra (RN),1105,1031,1322,1207,923,864,766,742,522,370,399,364,385,233,232,172,145,59,23,-,4
Água Nova (RN),307,304,366,317,223,188,196,122,114,113,94,96,50,87,43,25,34,-,-,-,-
Alexandria (RN),1218,1287,1490,1624,1313,993,902,883,717,627,578,501,411,298,331,283,175,107,23,4,7
Almino Afonso (RN),475,555,614,546,458,424,371,354,251,220,216,155,160,114,110,94,33,15,22,8,-
Alto do Rodrigues (RN),887,888,1059,1079,973,828,785,701,504,314,365,288,202,191,170,131,73,40,21,-,-
Angicos (RN),1052,1123,1489,1409,1005,771,789,778,633,473,472,292,379,218,261,225,135,81,33,4,4
Antônio Martins (RN),597,653,787,851,612,461,434,419,385,312,270,223,194,183,139,114,66,42,13,2,-
Apodi (RN),3114,3581,3734,3826,3143,2935,2647,2561,1912,1343,1218,942,912,699,622,564,253,140,21,-,7
Areia Branca (RN),2105,2043,2283,2442,2117,1798,1855,1783,1296,883,1035,613,713,471,425,315,192,80,73,9,-
Arês (RN),1271,1335,1368,1354,993,909,813,741,519,425,295,323,246,274,176,151,72,41,12,4,-
Campo Grande (RN),930,992,1036,1014,775,662,586,616,413,357,322,309,297,195,180,126,98,94,12,12,-
Baía Formosa (RN),862,850,971,968,697,653,548,532,397,282,245,260,148,173,85,79,26,15,18,8,4
Baraúna (RN),2352,2051,2270,2245,1927,1602,1372,1138,847,692,663,439,400,265,275,158,103,93,31,-,-
Barcelona (RN),391,440,477,437,359,271,256,258,172,159,146,130,128,100,74,86,58,34,14,-,-
Bento Fernandes (RN),562,569,652,587,425,281,264,242,198,183,204,118,121,77,72,42,67,17,21,7,-
Bodó (RN),314,283,383,306,252,236,170,171,104,105,100,112,56,52,44,66,21,-,-,-,-
Bom Jesus (RN),987,999,1031,935,727,614,568,503,397,292,332,251,211,241,177,161,131,35,12,-,5
Brejinho (RN),1141,1200,1257,1169,926,708,663,611,463,387,368,289,351,205,182,154,145,58,32,8,-
Caiçara do Norte (RN),608,674,761,722,544,413,373,374,244,234,183,183,160,97,97,74,44,29,23,5,-
Caiçara do Rio do Vento (RN),281,364,367,390,214,239,192,143,164,121,88,71,63,74,37,37,6,11,5,-,-
Caicó (RN),4956,4900,5860,5890,5460,4479,4731,4413,3417,2781,2312,1932,1781,999,1180,877,560,353,91,30,-
Campo Redondo (RN),897,964,1062,1044,781,593,639,526,382,379,439,252,316,291,203,217,130,73,13,-,-
Canguaretama (RN),3590,3367,3431,2941,2387,2138,1858,1661,1140,881,726,769,592,477,334,391,146,119,49,14,-
Caraúbas (RN),1720,1816,2169,2013,1595,1475,1364,1257,1007,846,717,657,656,393,441,271,247,98,59,9,-
Carnaúba dos Dantas (RN),618,653,650,692,639,488,495,440,366,304,241,273,213,110,108,109,94,60,4,-,15
Carnaubais (RN),837,794,965,980,737,605,625,612,442,286,251,280,187,133,157,123,119,41,18,-,-
Ceará-Mirim (RN),7389,7277,7470,7094,6112,4748,4282,3665,2790,2239,2351,1725,1399,1228,978,870,418,276,66,38,9
Cerro Corá (RN),1084,1095,1459,1278,991,767,776,656,456,353,420,315,393,176,248,185,108,45,22,12,-
Coronel Ezequiel (RN),601,568,695,603,461,344,349,275,195,222,246,191,201,122,155,55,70,31,7,18,-
Coronel João Pessoa (RN),590,555,600,525,346,275,291,251,214,196,192,144,156,93,114,80,39,21,13,-,7
Cruzeta (RN),696,758,929,900,706,564,658,616,420,382,372,239,227,169,189,165,84,52,10,2,-
Currais Novos (RN),3750,3762,4277,4453,3745,3060,3044,2913,2240,1883,1838,1335,1299,895,921,556,362,337,109,12,-
Doutor Severiano (RN),632,737,870,831,575,369,398,398,320,337,270,181,213,102,99,134,60,22,2,-,-
Parnamirim (RN),13370,13081,13267,13054,12104,11655,11657,10123,7427,5246,4324,2600,2227,1447,1368,906,467,289,70,7,-
Encanto (RN),463,495,625,527,396,307,316,282,230,227,165,188,187,90,136,74,38,42,10,-,-
Equador (RN),573,636,698,622,504,430,376,351,260,224,178,142,164,129,170,98,54,29,12,13,-
Espírito Santo (RN),1277,1327,1312,1200,957,713,687,583,479,395,310,379,272,255,231,143,111,51,28,5,-
Extremoz (RN),2374,2239,2242,2126,1884,1643,1567,1239,931,682,625,564,432,346,227,178,174,36,52,9,-
Felipe Guerra (RN),445,483,598,572,475,502,474,417,287,239,245,180,200,100,69,105,84,54,4,-,-
Fernando Pedroza (RN),241,262,372,286,215,170,192,201,125,90,87,87,82,60,57,49,49,23,-,2,-
Florânia (RN),745,894,1042,962,788,622,630,652,439,394,396,275,273,206,211,218,158,45,27,-,-
Francisco Dantas (RN),272,316,363,366,233,208,220,190,169,142,117,104,96,86,78,33,12,10,5,-,-
Frutuoso Gomes (RN),408,492,562,551,381,310,307,273,242,221,187,147,140,117,102,74,43,20,-,3,-
Galinhos (RN),172,264,286,212,160,113,153,78,116,40,48,59,30,11,6,5,6,8,-,-,-
Goianinha (RN),2094,2080,2123,2101,1737,1344,1128,1152,836,626,607,461,468,249,251,117,164,96,16,9,-
Governador Dix-Sept Rosado (RN),1187,1270,1307,1194,1022,983,944,776,578,426,505,407,365,229,232,189,103,47,3,4,-
Grossos (RN),815,807,926,814,705,697,710,654,455,318,336,263,190,174,139,123,59,31,21,6,6
Guamaré (RN),947,986,938,879,752,666,676,526,377,274,280,221,161,160,132,90,57,12,10,5,-
Ielmo Marinho (RN),1241,1224,1233,1161,1023,777,672,513,379,355,385,295,272,211,186,153,66,75,20,8,-
Ipanguaçu (RN),1249,1219,1487,1454,1222,907,857,784,559,442,436,320,198,218,192,167,84,105,17,-,6
Ipueira (RN),161,156,204,231,161,152,132,82,100,116,85,78,37,59,52,46,35,14,-,-,-
Itajá (RN),687,644,800,753,674,512,477,393,285,205,223,146,108,123,95,37,21,55,11,-,-
Itaú (RN),481,555,599,573,410,441,402,421,281,227,187,150,153,129,96,87,64,16,-,-,-
Jaçanã (RN),799,834,932,807,680,518,519,381,323,281,290,314,281,182,180,125,138,57,24,6,5
Jandaíra (RN),719,718,783,725,561,438,381,354,278,216,236,154,156,101,105,117,31,39,10,3,-
Janduís (RN),490,557,672,699,502,367,356,385,273,268,239,156,140,89,140,135,54,51,15,10,-
Januário Cicco (RN),906,936,923,807,650,535,526,390,333,304,298,220,261,157,143,125,87,75,11,-,-
Japi (RN),790,789,886,729,550,391,373,335,282,258,181,205,119,137,127,109,38,11,14,4,-
Jardim de Angicos (RN),284,295,307,309,214,185,236,169,116,105,99,77,81,57,51,39,28,15,3,-,-
Jardim de Piranhas (RN),1165,1168,1329,1252,1170,1001,931,862,637,499,405,400,343,232,237,143,119,73,29,-,-
Jardim do Seridó (RN),945,986,1151,1152,1011,892,923,985,766,621,617,429,360,336,312,264,131,109,33,13,5
João Câmara (RN),3532,3437,3674,3340,2609,2164,1813,1677,1181,1070,1138,875,800,504,512,356,340,158,49,17,-
João Dias (RN),245,323,345,272,187,196,161,164,132,96,104,65,61,83,82,39,28,12,-,-,-
José da Penha (RN),529,512,700,759,529,314,368,295,315,343,229,310,220,116,173,94,52,39,10,-,2
Jucurutu (RN),1533,1578,1955,2038,1620,1351,1197,1150,924,700,686,578,560,347,404,239,224,170,44,8,12
Jundiá (RN),...,...,...,...,...,...,...,...,...,...,...,...,...,...,...,...,...,...,...,...,...
Lagoa d'Anta (RN),712,720,791,646,467,400,344,333,206,161,160,175,153,114,62,67,44,53,-,20,-
Lagoa de Pedras (RN),823,809,766,749,547,460,382,356,245,211,245,154,201,134,135,99,56,20,3,-,-
Lagoa de Velhos (RN),293,342,334,281,204,194,162,165,126,93,126,51,77,49,72,36,24,10,11,-,-
Lagoa Nova (RN),1323,1355,1678,1342,1094,847,772,737,541,428,381,363,341,242,186,225,75,74,48,-,6
Lagoa Salgada (RN),796,881,809,764,584,497,444,386,289,234,251,194,186,132,128,93,60,59,20,-,-
Lajes (RN),912,976,1162,951,789,623,629,638,462,368,430,306,277,239,243,148,137,70,22,13,5
Lajes Pintadas (RN),431,485,616,523,325,296,280,282,190,202,184,156,128,117,60,96,98,60,-,-,-
Lucrécia (RN),288,345,381,379,288,238,259,184,180,135,110,100,106,73,67,48,19,17,-,-,-
Luís Gomes (RN),882,1025,1202,1196,706,566,590,532,443,411,331,319,298,185,175,171,66,52,4,-,-
Macaíba (RN),5942,6192,6288,5828,5312,4550,4218,3573,2558,2083,1955,1587,1335,1055,809,647,543,254,124,18,12
Macau (RN),2374,2396,2525,2645,2307,2045,2213,2108,1564,983,1052,877,808,503,535,420,240,69,18,-,19
Major Sales (RN),275,285,357,377,234,164,189,162,155,162,139,81,131,39,94,31,47,22,-,5,-
Marcelino Vieira (RN),788,899,1044,978,633,493,519,555,459,426,341,302,285,162,166,138,126,44,9,-,5
Martins (RN),645,762,871,902,622,529,413,503,399,419,350,277,264,224,248,136,103,43,10,-,5
Maxaranguape (RN),987,1062,978,933,756,575,519,427,335,300,276,229,189,161,121,69,40,35,4,4,-
Messias Targino (RN),387,383,392,428,354,301,288,256,166,148,157,104,109,71,33,55,32,30,19,4,-
Montanhas (RN),1469,1396,1442,1337,1152,806,706,649,453,420,381,391,348,330,271,179,103,61,44,10,-
Monte Alegre (RN),2256,2543,2290,2050,1666,1451,1273,1101,842,660,671,576,505,434,318,272,215,106,29,-,12
Monte das Gameleiras (RN),296,302,350,275,213,176,165,175,89,80,66,88,94,56,42,17,39,17,-,-,-
Mossoró (RN),19282,20865,23520,23487,21085,18040,18177,16832,12725,9336,7619,6363,4922,3599,3403,2479,1247,614,187,59,-
Natal (RN),64017,65115,72195,78819,71434,59253,57996,55275,45079,35554,30034,21277,17552,11928,11058,7704,4423,2366,808,309,122
Nísia Floresta (RN),2309,2274,2119,1953,1784,1609,1458,1230,857,697,666,592,479,326,266,199,112,68,20,12,10
Nova Cruz (RN),3711,3927,4170,3904,2977,2355,2229,1991,1473,1201,1169,1146,1098,741,674,428,347,211,65,8,9
Olho d'Água do Borges (RN),422,395,485,481,352,334,310,290,224,205,202,170,157,131,104,95,61,31,13,-,-
Ouro Branco (RN),383,383,513,512,336,335,354,298,269,227,195,176,181,109,160,106,75,46,6,2,-
Paraná (RN),333,380,509,488,267,209,231,255,184,155,136,143,90,90,70,37,44,6,-,6,-
Paraú (RN),389,441,458,426,359,319,308,279,189,133,124,182,129,98,96,63,56,28,11,4,-
Parazinho (RN),586,493,602,525,363,275,247,211,173,145,141,169,80,102,58,88,30,30,7,-,-
Parelhas (RN),1855,1817,2469,2110,1663,1390,1336,1273,1003,857,701,577,589,401,449,447,177,122,62,13,8
Rio do Fogo (RN),1237,1058,1112,1115,925,686,623,454,359,308,287,286,259,163,138,117,58,27,5,-,-
Passa e Fica (RN),863,963,1061,984,717,613,504,473,333,307,289,277,289,189,218,139,54,33,14,5,5
Passagem (RN),294,292,278,302,251,222,152,144,112,119,94,108,52,67,57,58,54,30,6,-,-
Patu (RN),1050,1097,1166,1168,1086,942,812,726,539,463,400,460,393,223,237,196,130,55,21,-,7
Santa Maria (RN),413,419,482,420,349,271,238,210,178,157,149,107,128,70,72,58,32,16,8,-,-
Pau dos Ferros (RN),2288,2469,2714,2753,2227,1944,1955,1798,1326,1142,893,797,851,400,510,377,178,69,31,28,8
Pedra Grande (RN),503,525,559,474,369,284,203,190,150,155,139,114,94,74,77,48,35,18,6,-,-
Pedra Preta (RN),311,363,417,319,201,179,173,173,139,109,134,63,52,70,45,59,31,8,-,-,-
Pedro Avelino (RN),881,851,1085,883,726,526,477,495,354,298,304,244,286,138,150,140,83,53,26,-,7
Pedro Velho (RN),1529,1586,1668,1574,1077,903,812,802,599,515,504,444,435,285,282,187,156,119,29,11,-
Pendências (RN),1059,1165,1234,1195,1019,859,922,850,550,413,491,357,366,227,285,239,89,62,-,9,11
Pilões (RN),241,303,319,374,310,209,190,208,154,165,92,107,75,73,50,75,41,12,5,-,-
Poço Branco (RN),1511,1555,1681,1518,1116,878,711,623,471,477,386,392,313,244,240,194,114,45,25,11,-
Portalegre (RN),555,732,822,747,520,480,511,422,380,337,196,256,231,178,171,101,65,27,11,4,-
Porto do Mangue (RN),499,493,448,409,375,301,332,274,173,157,189,91,72,91,59,57,36,7,-,-,-
Serra Caiada (RN),841,863,888,779,603,454,424,379,332,269,230,255,204,135,97,102,77,55,15,4,-
Pureza (RN),936,872,858,745,570,520,481,364,248,198,229,243,196,146,132,138,51,24,5,8,-
Rafael Fernandes (RN),384,409,510,457,336,318,335,259,239,216,155,183,127,131,95,37,39,13,4,-,-
Rafael Godeiro (RN),250,274,300,306,276,230,231,170,142,137,137,120,103,80,88,42,21,32,6,9,-
Riacho da Cruz (RN),232,323,313,300,192,201,200,133,129,101,88,123,104,40,94,52,7,22,-,4,9
Riacho de Santana (RN),373,422,545,526,335,249,249,264,236,192,201,132,165,127,77,52,50,-,5,-,-
Riachuelo (RN),720,725,746,618,529,388,366,327,237,193,186,154,187,89,108,82,62,39,4,-,-
Rodolfo Fernandes (RN),443,460,445,507,408,380,324,276,236,214,161,156,154,62,112,42,44,33,5,5,-
Tibau (RN),319,327,349,361,344,255,251,235,155,132,137,82,83,34,65,31,20,12,-,6,-
Ruy Barbosa (RN),409,460,440,399,354,253,221,203,149,143,108,145,96,114,69,64,30,29,-,-,-
Santa Cruz (RN),3436,3478,3915,3675,2724,2132,2119,1878,1469,1163,1238,935,863,653,587,455,327,185,53,10,-
Santana do Matos (RN),1236,1477,1909,1746,1550,1294,1120,1101,841,653,648,536,480,406,371,304,154,103,23,28,7
Santana do Seridó (RN),222,229,298,273,218,145,179,157,146,74,93,40,80,43,85,77,18,-,-,-,-
Santo Antônio (RN),2183,2332,2328,2231,1818,1487,1302,1210,830,777,811,535,622,490,360,337,260,148,21,17,7
São Bento do Norte (RN),412,409,449,318,311,229,228,201,137,139,165,139,88,34,102,25,40,15,-,3,-
São Bento do Trairí (RN),377,421,417,367,263,186,197,207,143,66,154,143,107,63,50,48,17,12,6,-,-
São Fernando (RN),270,297,341,353,264,274,260,228,168,145,148,137,110,53,41,79,51,12,4,-,-
São Francisco do Oeste (RN),307,359,383,376,376,244,250,211,208,198,126,132,118,45,70,31,28,14,5,-,-
São Gonçalo do Amarante (RN),8309,7859,7824,7349,6956,6196,5660,4736,3520,2574,2259,1825,1255,953,751,751,424,151,75,-,8
São João do Sabugi (RN),430,533,640,709,459,435,402,378,310,248,312,191,228,110,105,73,74,49,10,1,-
São José de Mipibu (RN),4175,4100,4031,3862,3142,2740,2491,2118,1600,1297,1308,1035,993,501,422,501,288,157,121,15,14
São José do Campestre (RN),1355,1399,1461,1299,1022,789,798,695,527,453,365,437,366,274,249,173,160,87,53,12,8
São José do Seridó (RN),312,378,442,422,341,275,284,292,209,149,154,132,112,69,71,71,43,19,-,2,-
São Miguel (RN),2176,2162,2499,2247,1526,1312,1277,1236,1003,915,855,642,726,409,461,327,186,92,74,-,-
São Miguel do Gostoso (RN),995,1053,1091,883,625,500,430,389,277,272,250,225,147,150,124,63,45,54,6,-,-
São Paulo do Potengi (RN),1405,1525,1643,1539,1177,954,968,863,716,503,508,404,433,344,271,188,171,146,39,21,4
São Pedro (RN),687,719,795,777,642,530,445,386,315,255,267,217,236,145,120,133,57,31,19,-,-
São Rafael (RN),707,740,912,942,684,600,584,574,404,309,342,295,278,240,221,135,87,113,30,5,-
São Tomé (RN),1089,1212,1302,1071,817,752,639,631,534,436,537,337,322,328,273,225,176,79,33,5,-
São Vicente (RN),553,459,605,655,502,410,396,397,293,214,266,177,220,113,140,100,53,54,19,8,-
Senador Elói de Souza (RN),588,658,628,488,423,349,345,295,191,188,168,170,169,104,65,113,41,30,13,-,-
Senador Georgino Avelino (RN),402,398,396,318,391,231,212,173,173,105,94,140,84,34,60,42,35,5,9,-,-
Serra de São Bento (RN),603,735,859,680,407,328,374,346,246,211,198,218,217,127,165,53,54,37,12,-,-
Serra do Mel (RN),905,852,964,1037,853,679,630,490,375,259,307,217,268,118,170,86,16,12,-,-,-
Serra Negra do Norte (RN),657,718,776,796,701,605,603,486,378,374,312,253,229,232,172,122,71,38,19,-,-
Serrinha (RN),917,848,867,837,629,536,473,385,291,248,218,244,268,125,161,85,52,41,19,-,7
Serrinha dos Pintos (RN),333,413,495,589,335,255,221,286,237,207,221,156,223,66,96,73,46,27,7,4,5
Severiano Melo (RN),879,1233,1348,1157,963,960,876,788,546,424,380,278,228,173,155,96,53,25,14,3,-
Sítio Novo (RN),459,561,657,496,377,269,236,234,201,159,168,159,140,82,120,74,26,30,-,-,-
Taboleiro Grande (RN),187,206,172,246,255,152,116,135,110,84,82,51,103,68,34,11,6,12,-,-,-
Taipu (RN),1395,1434,1457,1364,1062,833,780,608,435,388,422,309,278,206,215,156,107,63,9,10,-
Tangará (RN),1400,1405,1477,1405,1046,866,729,714,548,477,439,358,342,299,229,141,164,49,30,-,-
Tenente Ananias (RN),700,847,1078,1087,858,590,579,561,458,386,432,324,261,227,146,161,127,41,8,3,-
Tenente Laurentino Cruz (RN),482,453,582,545,456,313,299,239,191,194,169,135,99,68,80,46,48,9,4,-,-
Tibau do Sul (RN),926,863,830,927,804,641,504,454,340,288,229,235,172,168,117,122,71,41,17,-,-
Timbaúba dos Batistas (RN),194,161,239,237,262,181,132,109,105,89,115,79,78,69,28,27,46,34,-,5,-
Touros (RN),3471,3484,3686,3267,2441,2087,1810,1548,1144,973,963,817,678,483,416,306,174,103,29,-,-
Triunfo Potiguar (RN),376,400,504,430,290,323,221,211,160,126,135,111,99,93,54,47,49,16,10,8,-
Umarizal (RN),1083,1086,1281,1230,928,818,785,736,599,512,454,367,363,211,289,132,109,86,22,-,-
Upanema (RN),1097,1158,1384,1312,1063,837,770,712,486,402,443,308,302,187,209,157,81,48,24,5,6
Várzea (RN),830,900,1006,1011,694,520,478,470,364,342,391,215,296,193,226,101,124,45,33,-,-
Venha-Ver (RN),432,417,512,438,266,202,207,185,165,121,117,126,84,50,21,51,14,14,-,-,-
Vera Cruz (RN),957,995,1033,931,699,613,606,513,371,314,367,208,246,224,158,129,90,36,24,8,-
Viçosa (RN),154,170,231,125,118,104,125,95,100,68,42,54,74,30,8,15,5,2,-,-,-
Vila Flor (RN),362,328,341,278,206,204,148,145,131,79,63,72,28,70,40,16,5,11,-,-,-
Água Branca (PB),1031,1059,1119,905,620,499,545,467,352,334,288,318,264,168,165,115,84,38,5,-,-
Aguiar (PB),525,621,731,686,473,334,331,307,276,246,201,222,193,167,134,70,59,62,-,-,-
Alagoa Grande (PB),3003,3417,3442,3490,2383,1827,1751,1554,1316,1149,978,1106,943,814,750,583,415,164,85,-,-
Alagoa Nova (PB),1942,2022,2329,2186,1562,1251,1133,1012,837,720,761,562,548,526,442,303,243,166,23,8,-
Alagoinha (PB),1332,1395,1445,1372,1051,890,714,591,516,420,398,402,363,261,229,200,139,78,31,6,-
Alcantil (PB),539,599,579,505,417,384,346,287,198,175,193,126,184,95,101,88,58,67,9,-,7
Algodão de Jandaíra (PB),179,324,252,278,180,146,137,80,64,91,91,96,97,82,12,47,44,9,-,-,-
Alhandra (PB),1975,1824,1775,1893,1656,1390,1152,984,654,605,487,387,223,400,173,198,44,75,19,-,-
São João do Rio do Peixe (PB),1506,1665,2020,2122,1533,1247,1119,1084,899,856,796,737,702,358,431,322,132,111,-,21,-
Amparo (PB),175,195,286,223,195,102,112,105,76,78,88,56,72,41,37,10,24,6,5,-,-
Aparecida (PB),503,543,703,631,536,402,396,400,309,233,268,219,218,165,105,111,91,38,17,5,-
Araçagi (PB),1812,2065,2247,2084,1458,1152,1154,898,807,769,684,680,675,461,347,358,300,95,43,-,6
Arara (PB),1085,1200,1292,1234,874,717,604,565,545,504,531,499,443,401,392,244,171,196,28,4,-
Araruna (PB),1963,1995,2081,1807,1447,1136,1048,845,664,602,593,505,559,395,387,263,201,104,10,-,-
Areia (PB),2585,3091,3381,3322,2336,1628,1530,1477,1193,962,906,827,797,514,563,393,238,316,47,24,-
Areia de Baraúnas (PB),217,247,292,247,184,145,156,126,90,79,47,37,88,26,20,56,11,26,-,12,-
Areial (PB),536,661,751,747,475,401,383,345,274,240,272,207,226,149,140,129,49,37,6,10,-
Aroeiras (PB),2245,2397,2413,2086,1437,1219,1205,1032,870,787,714,697,676,468,547,287,321,85,28,6,-
Assunção (PB),313,321,347,375,271,195,176,155,132,134,149,71,104,49,62,57,20,21,8,-,-
Baía da Traição (PB),784,836,810,723,635,499,414,403,270,239,236,150,134,141,68,61,44,28,9,-,-
Bananeiras (PB),2276,2413,2724,2542,1888,1443,1344,1236,934,817,776,777,789,563,481,450,189,115,42,11,-
Baraúna (PB),343,309,388,332,284,221,211,179,155,124,127,102,76,108,49,45,49,39,28,-,-
Barra de Santana (PB),870,988,1005,893,628,550,486,480,381,371,387,296,240,218,179,163,125,44,8,-,-
Barra de Santa Rosa (PB),1422,1369,1696,1470,1192,773,770,709,674,560,512,447,446,299,259,207,181,94,33,9,5
Barra de São Miguel (PB),507,605,621,543,385,316,346,312,274,218,218,170,135,156,131,106,61,51,6,2,-
Bayeux (PB),9063,9003,9176,9456,9408,7888,7373,5958,4366,3640,3147,2534,2368,1345,1189,781,455,333,39,9,30
Belém (PB),1618,1714,1836,1845,1534,1132,1034,878,721,726,630,684,600,453,546,315,233,84,22,-,-
Belém do Brejo do Cruz (PB),647,745,797,763,641,562,469,439,342,307,276,258,243,142,177,100,57,40,-,6,-
Bernardino Batista (PB),302,356,380,264,203,133,136,145,130,118,98,65,69,48,55,40,5,11,-,-,2
Boa Ventura (PB),663,731,816,851,709,473,354,338,293,298,253,196,156,136,80,73,94,51,24,-,-
Boa Vista (PB),434,505,568,512,489,316,352,310,303,230,207,149,181,88,164,110,44,16,4,-,-
Bom Jesus (PB),215,234,283,237,210,158,153,119,131,90,102,65,63,44,38,23,18,7,4,-,-
Bom Sucesso (PB),465,480,517,585,428,356,387,373,257,242,215,314,197,132,125,71,82,48,12,-,-
Bonito de Santa Fé (PB),1003,1055,1201,1070,873,623,560,509,413,384,351,296,252,192,187,118,71,53,19,-,-
Boqueirão (PB),1539,1835,1950,1841,1301,1140,1014,992,771,610,817,371,405,403,307,247,161,106,44,13,-
Igaracy (PB),628,652,789,778,483,408,383,352,336,300,284,239,206,156,167,69,57,21,-,-,-
Borborema (PB),544,523,530,592,425,318,255,244,221,174,172,152,172,125,105,59,85,20,9,4,-
Brejo do Cruz (PB),1173,1223,1370,1241,1085,885,840,847,645,499,474,308,393,239,268,196,126,50,6,-,-
Brejo dos Santos (PB),545,593,697,610,503,419,411,411,328,267,300,161,166,161,108,132,81,36,14,-,6
Caaporã (PB),2279,2212,2159,2329,1907,1529,1265,1026,817,712,483,477,381,302,270,153,100,25,6,9,-
Cabaceiras (PB),357,441,533,488,366,274,264,268,224,179,190,171,136,109,88,95,72,19,15,-,-
Cabedelo (PB),4253,4128,4404,4639,4380,3844,3625,3329,2607,1909,1513,1162,1077,664,542,406,150,75,90,23,12
Cachoeira dos Índios (PB),816,878,959,893,634,511,475,396,377,331,336,310,298,196,134,147,94,27,13,4,5
Cacimba de Areia (PB),310,383,427,453,323,286,233,196,133,150,134,132,121,60,49,112,31,28,13,4,-
Cacimba de Dentro (PB),1785,2052,2446,1966,1166,901,922,938,727,571,554,696,639,449,363,340,221,70,12,-,-
Cacimbas (PB),943,928,985,807,525,413,366,341,290,237,186,257,186,191,148,79,53,30,14,-,-
Caiçara (PB),730,828,912,801,629,535,485,392,295,256,256,298,221,211,172,156,103,32,8,5,-
Cajazeiras (PB),4971,5269,5897,6122,5324,3983,3662,3385,2933,2785,2203,2132,1865,1198,1141,999,401,314,110,22,-
Cajazeirinhas (PB),285,306,378,367,228,185,178,185,139,131,108,83,64,74,87,33,45,12,-,-,-
Caldas Brandão (PB),558,619,591,531,416,394,376,265,214,187,257,169,98,189,114,98,32,28,14,5,-
Camalaú (PB),565,571,661,508,462,376,363,316,269,231,238,213,226,124,110,171,44,53,10,5,-
Campina Grande (PB),33524,34411,36891,38884,34537,29143,27620,25302,20412,16586,14081,10983,10076,6769,6028,4645,3212,1428,596,173,30
Capim (PB),520,513,520,501,395,302,234,206,169,173,159,112,146,86,46,52,9,20,4,4,7
Caraúbas (PB),322,367,375,333,277,203,208,231,157,147,179,126,128,86,80,70,51,45,16,-,-
Carrapateira (PB),327,307,255,210,159,153,161,122,107,68,52,81,55,40,22,34,5,-,-,-,-
Casserengue (PB),711,799,879,752,498,400,404,355,279,249,280,224,208,155,160,95,50,70,-,-,-
Catingueira (PB),438,478,667,609,465,280,266,285,199,211,169,166,158,101,124,49,59,20,5,-,-
Catolé do Rocha (PB),2300,2590,3010,3127,2549,1956,1858,1892,1460,1205,1050,774,803,555,480,500,346,123,39,24,-
Caturité (PB),409,458,469,432,391,311,316,274,182,164,150,180,119,95,136,46,32,11,8,-,-
Conceição (PB),1729,1880,2295,2189,1743,1255,1113,1060,892,765,709,609,552,300,325,259,177,64,-,15,-
Condado (PB),502,665,834,825,541,385,395,430,341,298,264,243,213,162,217,91,52,23,7,7,-
Conde (PB),1994,2004,1975,1885,1687,1380,1146,943,755,623,547,401,372,236,185,126,82,34,23,14,-
Congo (PB),422,500,501,464,395,341,324,295,213,249,210,136,102,95,139,103,70,27,16,-,-
Coremas (PB),1470,1516,1849,1855,1386,1001,970,906,770,638,585,518,539,319,259,217,198,101,19,14,-
Coxixola (PB),98,115,165,135,103,103,107,91,68,51,92,53,73,36,46,30,25,31,-,-,-
Cruz do Espírito Santo (PB),1670,1657,1554,1634,1430,1181,990,807,642,519,460,406,293,309,202,163,94,28,23,20,-
Cubati (PB),644,671,774,662,588,399,448,383,290,225,298,206,222,135,127,126,93,76,9,12,-
Cuité (PB),1901,1890,2509,2121,1622,1370,1321,1186,947,862,782,746,743,545,480,366,325,156,54,21,-
Cuitegi (PB),854,882,887,845,652,465,383,344,297,284,224,267,246,163,167,142,76,36,28,12,-
Cuité de Mamanguape (PB),658,653,798,738,516,391,379,320,294,234,215,200,215,161,114,134,49,44,6,5,-
Curral de Cima (PB),607,657,652,572,437,360,310,245,207,220,242,145,180,179,122,65,90,18,10,5,-
Curral Velho (PB),279,314,303,311,253,183,176,140,103,118,71,105,55,55,14,12,33,25,7,-,-
Damião (PB),456,405,510,433,305,215,215,175,169,131,145,91,118,73,71,54,49,9,16,7,-
Desterro (PB),836,876,993,921,653,522,490,405,308,325,323,268,234,176,82,150,79,56,5,-,-
Vista Serrana (PB),301,337,355,360,326,268,213,175,137,123,120,106,77,56,74,36,12,38,-,-,7
Diamante (PB),731,795,911,852,695,485,403,341,325,272,221,258,175,120,117,129,55,29,6,-,-
Dona Inês (PB),1209,1215,1332,1170,819,626,577,510,424,342,400,335,361,244,263,164,139,75,12,10,-
Duas Estradas (PB),399,399,444,415,261,237,176,247,171,126,166,213,155,122,78,103,74,31,-,-,-
Emas (PB),374,308,401,414,320,218,178,135,112,119,91,119,124,69,26,29,17,7,-,-,-
Esperança (PB),2817,2699,3213,3181,2718,2041,1874,1645,1283,1148,1190,982,929,693,668,498,359,182,26,10,9
Fagundes (PB),1212,1502,1640,1455,808,631,664,556,478,525,549,402,417,269,318,219,125,86,26,5,5
Frei Martinho (PB),226,249,352,332,244,177,197,184,168,118,165,77,93,67,95,95,52,21,4,6,-
Gado Bravo (PB),950,1100,1124,1022,632,486,518,414,379,369,318,281,255,173,199,139,108,37,11,5,-
Guarabira (PB),4920,5212,5602,5661,4949,4065,3762,3195,2608,2099,1815,1775,1802,1154,1166,852,410,333,65,26,10
Gurinhém (PB),1410,1468,1433,1483,1285,993,904,714,588,480,447,487,423,318,266,235,163,56,24,5,-
Gurjão (PB),257,269,341,282,215,186,186,131,131,136,112,114,111,47,87,71,66,39,3,5,-
Ibiara (PB),619,685,768,717,526,459,379,371,330,279,299,225,207,167,128,104,89,19,12,-,-
Imaculada (PB),1519,1326,1594,1518,1064,746,648,522,461,438,385,357,310,227,159,153,79,58,8,-,5
Ingá (PB),1834,1999,2061,2076,1539,1132,1008,938,758,747,613,616,496,468,476,280,238,131,55,9,-
Itabaiana (PB),2315,2486,2825,2595,2266,1933,1775,1567,1260,1099,1016,930,900,641,497,524,342,122,98,-,17
Itaporanga (PB),2014,2162,2462,2652,2222,1646,1369,1254,948,880,901,537,620,491,401,312,168,62,21,-,-
Itapororoca (PB),1495,1619,1775,1689,1316,903,884,992,647,586,570,531,494,350,308,220,158,96,-,-,-
Itatuba (PB),941,1125,1171,1082,808,654,564,477,418,426,319,373,255,188,187,176,115,74,21,-,-
Jacaraú (PB),1488,1658,1712,1617,1096,972,836,814,620,547,597,501,473,360,300,220,204,61,38,-,3
Jericó (PB),724,805,819,813,606,494,488,508,408,359,271,292,235,162,139,110,94,51,33,5,-
João Pessoa (PB),52039,54137,59256,65303,61057,51787,49664,45918,37084,30242,24345,18430,15214,11063,9056,6319,3934,2201,621,214,50
Juarez Távora (PB),748,776,850,801,642,488,478,411,329,229,218,255,238,205,134,89,113,62,12,2,-
Juazeirinho (PB),1673,1656,1911,1831,1448,1009,934,789,631,542,510,469,424,287,275,237,134,59,49,-,5
Junco do Seridó (PB),570,638,729,769,527,396,378,356,314,259,213,191,142,148,123,129,70,5,7,5,-
Juripiranga (PB),997,1128,1090,1107,879,617,600,545,398,397,356,352,387,217,193,193,89,69,27,-,5
Juru (PB),1091,1242,1410,1211,836,661,632,512,432,439,368,324,269,183,181,138,55,49,7,5,-
Lagoa (PB),428,503,610,549,436,334,304,262,239,239,220,145,193,110,86,73,46,53,9,5,-
Lagoa de Dentro (PB),718,838,858,727,489,471,439,385,307,293,298,257,255,241,204,165,91,31,19,-,-
Lagoa Seca (PB),2534,2561,2688,2724,2258,1864,1660,1481,1185,883,1021,773,687,505,414,368,308,191,19,22,8
Lastro (PB),249,285,387,394,292,223,179,176,169,161,170,107,118,52,52,38,36,6,18,6,-
Livramento (PB),854,795,1030,900,632,471,454,397,294,324,282,269,252,165,178,152,81,39,31,4,-
Logradouro (PB),360,404,428,338,304,223,220,217,118,106,106,160,115,85,123,49,23,11,-,-,-
Lucena (PB),1134,1129,1147,1184,1050,777,623,597,439,424,330,250,181,164,156,78,70,7,7,5,2
Mãe d'Água (PB),326,371,477,422,286,238,213,171,166,155,93,148,89,93,74,53,52,32,-,-,-
Malta (PB),578,540,667,586,461,369,373,373,299,261,267,163,188,156,215,100,44,39,11,-,3
Mamanguape (PB),4380,4395,4423,4364,3626,2990,2718,2255,1858,1620,1409,1125,1013,801,659,639,360,92,38,-,7
Manaíra (PB),1193,1297,1530,1262,846,656,628,559,418,415,394,352,340,132,126,133,108,71,3,10,-
Marcação (PB),733,845,850,708,547,430,385,339,225,302,172,187,137,152,91,41,37,13,10,-,-
Mari (PB),2010,2050,2303,2270,1907,1439,1320,1210,939,869,925,737,697,579,474,436,246,167,69,15,-
Marizópolis (PB),462,526,670,640,552,411,355,376,291,253,270,178,189,106,135,100,54,34,5,10,-
Massaranduba (PB),1203,1372,1395,1249,922,800,672,605,523,445,447,487,431,321,248,286,192,58,32,8,-
Mataraca (PB),697,677,705,621,534,450,376,321,242,190,215,109,110,89,63,58,15,27,-,2,-
Matinhas (PB),450,499,499,489,315,269,245,227,181,134,143,131,151,94,90,70,79,14,-,6,-
Mato Grosso (PB),224,298,294,281,237,123,180,147,111,132,68,88,40,56,38,29,39,34,8,-,-
Maturéia (PB),576,574,699,601,442,352,304,287,176,205,171,183,156,87,69,78,47,19,6,-,-
Mogeiro (PB),1451,1554,1753,1626,1154,839,823,666,586,482,441,468,328,294,265,241,145,82,24,9,-
Montadas (PB),397,392,480,493,326,241,242,206,192,159,209,220,132,113,54,64,40,9,-,-,-
Monte Horebe (PB),422,454,535,465,334,273,231,214,180,176,157,152,140,118,79,74,78,20,6,4,-
Monteiro (PB),2653,2714,2995,2953,2398,1970,1920,1796,1341,1218,1104,1006,1004,759,723,598,301,181,35,19,-
Mulungu (PB),889,932,1023,1066,971,570,600,515,411,324,340,397,318,289,206,193,104,127,33,6,-
Natuba (PB),1201,1298,1428,1262,887,643,543,507,458,445,361,317,344,222,229,134,142,120,18,2,-
Nazarezinho (PB),663,739,789,918,660,495,468,408,372,398,333,234,198,178,163,129,62,62,-,4,-
Nova Floresta (PB),1003,1020,1084,966,798,699,652,542,380,348,354,364,295,278,238,171,122,83,14,4,5
Nova Olinda (PB),718,796,917,832,602,425,359,353,283,278,198,214,139,113,82,71,31,46,-,-,-
Nova Palmeira (PB),334,305,388,415,351,247,252,229,184,171,155,126,115,140,59,65,11,18,7,-,-
Olho d'Água (PB),852,861,1100,1001,691,534,459,407,379,341,268,281,238,108,92,132,43,29,4,10,-
Olivedos (PB),310,319,337,361,276,234,214,189,155,126,114,124,103,109,77,99,23,17,4,3,-
Ouro Velho (PB),242,286,329,302,242,179,203,195,156,122,122,79,108,69,62,55,29,42,-,-,-
Parari (PB),86,153,151,167,121,76,63,122,74,88,74,43,80,32,20,24,20,29,13,-,-
Passagem (PB),175,196,234,247,194,132,108,121,105,83,73,73,61,36,67,29,33,11,-,-,-
Patos (PB),8816,8904,10064,10437,9209,7372,6707,6171,4901,4200,3592,2712,2499,1728,1710,1337,859,336,142,42,22
Paulista (PB),1004,1157,1295,1291,1018,851,758,749,584,545,455,372,336,255,214,148,89,121,13,9,-
Pedra Branca (PB),384,420,471,482,389,247,202,181,177,168,99,131,114,60,100,34,21,6,6,-,-
Pedra Lavrada (PB),609,629,828,799,552,433,432,406,350,248,302,258,197,161,131,113,86,30,42,11,-
Pedras de Fogo (PB),2954,2977,3099,3042,2543,1920,1703,1441,1115,1036,884,757,776,498,377,326,336,58,19,-,-
Piancó (PB),1313,1510,1611,1757,1392,1094,1029,905,765,691,710,449,535,328,289,222,165,71,19,17,-
Picuí (PB),1982,1820,2081,1883,1496,1285,1208,1084,847,729,766,560,472,514,413,345,223,171,17,-,-
Pilar (PB),1122,1103,1166,1099,1031,796,749,542,442,417,406,295,269,265,219,161,86,86,19,-,-
Pilões (PB),862,888,1084,1000,768,517,421,344,358,219,294,180,200,191,131,137,102,71,28,-,6
Pilõezinhos (PB),588,673,686,709,451,332,293,266,258,228,205,157,135,151,92,114,70,22,-,-,-
Pirpirituba (PB),1045,1112,1217,1140,929,632,624,576,461,408,368,345,316,297,204,253,147,79,36,9,-
Pitimbu (PB),1667,1715,1619,1677,1458,1154,942,811,635,559,382,412,291,231,148,99,88,29,-,10,-
Pocinhos (PB),1527,1570,1752,1671,1347,1119,936,824,676,610,663,455,496,349,259,289,208,86,36,6,-
Poço Dantas (PB),429,466,553,474,329,240,242,202,166,145,107,134,126,55,87,57,3,4,8,-,-
Poço de José de Moura (PB),279,346,449,363,253,213,203,220,193,181,204,134,165,88,86,62,59,19,4,7,-
Pombal (PB),2759,2957,3432,3490,2923,2471,2217,2096,1628,1534,1502,1047,1170,778,745,542,376,202,63,22,-
Prata (PB),290,326,415,352,282,242,228,223,165,149,143,111,111,123,118,46,37,58,-,6,-
Princesa Isabel (PB),1856,2021,2366,2104,1724,1258,1095,1043,865,752,600,678,521,370,405,333,169,53,13,6,-
Puxinanã (PB),1171,1265,1455,1393,1074,840,756,670,570,513,467,442,402,243,294,203,155,47,11,10,-
Queimadas (PB),3881,4243,4409,3899,2961,2544,2495,2088,1670,1416,1510,1110,991,805,660,769,300,158,100,10,13
Quixaba (PB),149,136,145,139,97,92,80,73,51,28,101,56,30,32,39,26,16,17,-,-,-
Remígio (PB),1451,1599,1801,1665,1265,958,928,823,696,588,586,524,541,435,339,373,180,140,17,5,-
Pedro Régis (PB),545,545,598,537,386,297,288,245,178,203,192,209,207,141,109,121,37,35,10,-,-
Riachão (PB),312,328,347,366,218,189,156,136,110,99,108,90,107,59,61,30,37,36,3,-,-
Riachão do Bacamarte (PB),413,432,467,449,340,285,243,224,169,164,154,116,153,82,85,52,64,39,17,-,-
Riachão do Poço (PB),349,386,446,448,340,277,231,206,147,154,115,188,131,70,110,30,30,19,11,6,-
Riacho de Santo Antônio (PB),159,161,161,171,120,78,97,56,76,61,49,44,18,29,10,15,5,15,5,5,-
Riacho dos Cavalos (PB),755,931,1009,972,670,595,511,538,388,358,322,239,197,174,179,115,70,29,11,-,-
Rio Tinto (PB),2154,2371,2384,2463,1990,1683,1462,1418,1157,1009,901,650,759,523,527,414,255,126,65,-,-
Salgadinho (PB),292,314,344,352,270,185,163,134,132,114,113,85,49,57,113,51,24,26,5,-,-
Salgado de São Félix (PB),1104,1336,1400,1394,915,712,659,629,627,520,506,482,508,358,300,214,223,129,29,-,-
Santa Cecília (PB),897,875,1003,832,504,396,348,363,311,216,195,232,255,144,155,85,37,15,-,-,-
Santa Cruz (PB),452,518,726,807,577,446,352,399,361,307,274,312,256,174,204,153,81,51,15,6,-
Santa Helena (PB),552,629,751,708,462,404,396,356,324,314,294,256,234,165,143,98,33,29,8,13,-
Santa Inês (PB),372,447,468,410,303,265,230,170,179,158,106,124,111,66,26,60,20,27,-,5,-
Santa Luzia (PB),1290,1310,1440,1588,1309,1053,970,875,712,630,590,481,452,370,306,245,199,133,46,3,9
Santana de Mangueira (PB),613,669,796,711,716,415,309,337,207,293,180,232,153,92,41,26,73,55,9,-,2
Santana dos Garrotes (PB),709,831,1017,986,690,532,462,474,419,378,336,255,253,176,200,128,47,77,6,-,-
Joca Claudino (PB),230,266,338,325,229,166,150,174,117,138,96,93,90,41,49,33,20,14,-,-,-
Santa Rita (PB),12597,12190,12260,12608,11994,10058,9085,7675,6006,4850,4079,3365,2724,2106,1833,1338,630,255,110,64,17
Santa Teresinha (PB),477,465,563,519,500,379,324,263,197,182,185,167,164,98,65,60,64,37,5,9,4
Santo André (PB),217,284,321,297,208,192,190,183,132,155,136,109,96,90,65,49,40,20,11,5,-
São Bento (PB),2804,2750,2985,2956,2847,2200,1975,1812,1261,1024,1008,682,628,350,478,234,162,31,39,-,-
São Bentinho (PB),289,382,393,422,296,251,225,201,156,189,138,147,138,104,75,74,57,35,11,-,5
São Domingos do Cariri (PB),210,221,230,240,178,131,139,150,110,91,77,102,70,71,54,51,36,14,9,5,-
São Domingos (PB),208,254,285,302,222,170,162,142,108,129,101,107,108,46,47,48,23,23,13,-,-
São Francisco (PB),236,287,400,397,291,221,203,215,229,123,214,161,113,145,112,54,29,18,12,3,-
São João do Cariri (PB),410,482,520,474,379,359,318,282,234,197,222,163,112,169,136,84,97,41,20,4,-
São João do Tigre (PB),525,476,570,449,353,278,309,237,220,199,167,200,171,100,104,67,44,-,4,-,8
São José da Lagoa Tapada (PB),609,736,862,842,615,485,402,442,390,359,331,237,300,142,122,149,83,54,10,8,6
São José de Caiana (PB),689,707,791,806,556,338,311,273,225,255,180,194,115,96,70,66,37,22,5,-,-
São José de Espinharas (PB),423,529,626,648,454,348,288,313,237,215,216,243,174,121,117,71,44,36,6,-,-
São José dos Ramos (PB),561,582,616,580,462,339,313,255,236,168,141,142,135,123,88,53,55,20,24,6,-
São José de Piranhas (PB),1775,1856,2347,2291,1612,1250,1121,1013,851,774,866,551,661,419,377,285,265,67,20,-,-
São José de Princesa (PB),496,602,582,646,526,303,311,217,202,223,190,205,174,93,49,77,31,34,3,6,-
São José do Bonfim (PB),291,264,313,337,254,241,179,152,144,95,106,126,89,100,47,51,22,20,-,-,7
São José do Brejo do Cruz (PB),162,149,189,173,199,94,95,95,67,59,85,41,42,32,15,6,5,14,10,-,-
São José do Sabugi (PB),369,359,439,411,376,292,263,259,207,177,189,133,122,89,92,64,25,18,17,-,-
São José dos Cordeiros (PB),375,386,526,495,325,271,211,245,218,202,188,128,163,103,83,81,92,30,14,-,-
São Mamede (PB),643,645,934,934,667,581,521,515,398,386,412,290,286,238,201,196,106,50,15,-,-
São Miguel de Taipu (PB),653,689,742,703,563,429,414,335,248,232,240,163,187,149,103,86,71,68,11,-,-
São Sebastião de Lagoa de Roça (PB),993,1026,1113,1222,887,721,678,555,511,344,395,360,317,317,244,155,128,75,13,-,-
São Sebastião do Umbuzeiro (PB),257,299,330,277,204,186,185,178,156,144,127,133,109,112,39,75,50,29,3,-,-
Sapé (PB),4788,5102,5616,5428,4522,3402,3162,2874,2316,2002,1711,1621,1263,1143,1023,717,398,199,23,42,-
São Vicente do Seridó (PB),1131,1152,1276,1029,772,624,547,491,409,305,337,271,282,105,180,67,57,42,24,5,-
Serra Branca (PB),997,1114,1333,1333,956,796,781,831,630,580,498,472,563,362,400,223,231,126,38,10,-
Serra da Raiz (PB),338,388,400,409,284,226,199,180,152,145,86,140,149,81,122,64,38,17,4,14,-
Serra Grande (PB),284,351,420,379,232,156,140,178,121,107,99,106,110,32,62,37,30,10,-,-,-
Serra Redonda (PB),734,776,847,787,538,476,460,420,382,290,219,280,278,216,269,168,97,52,11,-,6
Serraria (PB),743,796,879,744,519,368,351,336,300,259,272,246,225,210,177,114,58,70,11,-,-
Sertãozinho (PB),323,363,356,355,311,258,215,189,128,141,136,153,135,112,96,45,64,47,16,-,-
Sobrado (PB),676,790,826,787,602,511,457,395,305,267,291,222,250,163,119,102,68,34,19,-,-
Solânea (PB),3044,3260,3509,3586,2737,2092,1859,1736,1476,1297,1177,1175,1216,644,526,574,424,261,50,15,-
Soledade (PB),1217,1225,1352,1330,1176,909,787,730,578,537,492,405,401,237,214,238,102,57,65,5,3
Sossêgo (PB),339,328,275,249,244,220,171,156,119,86,84,64,71,47,38,42,40,25,-,-,-
Sousa (PB),5484,5710,6610,7280,6431,5033,4491,4298,3324,2897,2366,2404,1984,1283,1222,929,478,299,69,13,30
Sumé (PB),1276,1417,1707,1787,1234,1049,988,933,744,650,711,503,598,356,358,367,167,135,41,13,-
Tacima (PB),968,959,1058,1108,887,634,630,463,354,363,345,375,343,259,240,184,122,56,40,-,-
Taperoá (PB),1385,1430,1653,1561,1064,810,815,760,603,557,571,421,450,350,357,277,150,45,26,14,-
Tavares (PB),1422,1666,1926,1623,1199,848,771,781,574,536,493,453,433,250,222,215,129,29,9,4,-
Teixeira (PB),1324,1319,1548,1389,1102,856,744,643,575,505,381,397,326,237,242,161,123,71,10,-,-
Tenório (PB),226,309,329,297,227,173,154,106,119,97,109,55,89,36,83,42,13,6,3,-,-
Triunfo (PB),937,1086,1171,1035,620,569,516,478,469,455,390,330,344,206,168,164,33,63,15,4,-
Uiraúna (PB),1129,1256,1622,1630,1164,832,823,826,719,700,656,565,599,278,292,286,176,99,26,-,3
Umbuzeiro (PB),921,1138,1238,1082,671,535,567,483,402,348,360,317,345,226,231,118,99,78,32,-,-
Várzea (PB),222,87,215,251,193,126,134,137,81,119,101,103,103,35,49,60,12,15,7,-,-
Vieirópolis (PB),367,470,526,561,404,276,274,279,250,226,250,211,215,121,78,58,56,43,1,6,-
Zabelê (PB),164,168,211,200,156,129,135,116,104,79,93,64,58,54,62,19,27,14,-,-,-
Abreu e Lima (PE),8479,8134,8979,9853,9139,7994,7382,6618,5687,4431,3613,2425,2100,1485,1141,736,434,135,170,80,24
Afogados da Ingazeira (PE),3301,3413,3807,3758,3059,2319,2136,2026,1764,1436,1171,1229,1060,673,686,536,325,158,43,22,-
Afrânio (PE),1690,1731,1824,1762,1432,1113,943,830,683,626,573,557,505,294,292,167,97,99,41,11,-
Agrestina (PE),2172,2136,2263,2243,1767,1452,1321,1110,830,785,863,673,659,604,648,224,163,103,20,-,-
Água Preta (PE),3572,3418,3784,3633,2787,1907,1693,1493,1249,1050,1013,986,787,585,441,217,124,53,-,-,22
Águas Belas (PE),4507,4318,4777,4035,3180,2330,2130,1843,1568,1534,1525,1153,1180,755,685,358,446,211,85,21,-
Alagoinha (PE),1264,1216,1485,1322,1050,911,866,784,619,513,460,487,435,383,345,204,121,33,25,6,6
Aliança (PE),3903,4007,4337,4871,3760,2741,2420,2203,1850,1570,1293,1246,1024,710,553,307,249,83,50,11,-
Altinho (PE),2160,2247,2423,2402,1836,1456,1402,1255,1048,935,907,913,889,684,604,492,332,108,28,10,-
Amaraji (PE),2410,2436,2732,2670,2099,1664,1328,1155,1023,758,757,551,551,422,305,206,139,94,8,-,-
Angelim (PE),997,935,1032,1064,831,599,455,468,403,376,377,330,331,286,226,173,148,33,18,-,-
Araçoiaba (PE),1705,1792,1882,1774,1530,1162,1093,955,715,549,512,337,315,296,209,92,133,29,11,17,-
Araripina (PE),9261,7925,8996,7851,6658,5369,4850,4137,3143,2544,2506,2173,1800,1215,914,713,580,205,33,17,8
Arcoverde (PE),6364,6199,6804,6712,5668,4665,4511,4149,3266,2705,2411,2089,1883,1280,1283,794,412,294,79,21,11
Barra de Guabiraba (PE),1336,1331,1307,1285,1022,768,632,595,509,388,308,355,322,245,121,168,151,83,10,3,-
Barreiros (PE),4199,4246,4614,5035,4019,2986,2587,2344,1863,1475,1219,1243,1109,787,634,471,159,86,35,20,7
Belém de Maria (PE),1194,1153,1285,1197,910,785,603,578,480,427,443,364,398,300,182,98,122,72,-,13,21
Belém do São Francisco (PE),2564,2351,2357,2409,1995,1535,1312,1158,897,739,614,632,361,444,386,196,141,67,35,-,15
Belo Jardim (PE),7283,7521,7546,7363,5952,5170,4791,4357,3457,2821,2692,2202,2008,1847,1389,1199,675,328,87,11,-
Betânia (PE),1190,1200,1430,1445,1066,700,669,564,472,498,479,429,344,272,247,107,93,59,29,6,5
Bezerros (PE),5234,5334,5723,6235,5222,4425,3771,3513,2799,2627,2660,2171,2174,1947,1504,821,663,399,104,45,-
Bodocó (PE),4050,3806,4286,3839,2899,2158,1937,1633,1391,1189,1144,824,801,580,426,275,332,127,16,19,-
Bom Conselho (PE),5248,4694,5022,5038,3786,2651,2544,2301,1779,1784,1755,1620,1205,983,1006,583,394,161,43,30,32
Bom Jardim (PE),3814,4095,4225,4635,3337,2591,2434,2077,1669,1543,1342,1573,1275,1042,833,501,287,167,94,10,-
Bonito (PE),4299,5335,4513,4257,3359,2741,2573,2101,1781,1540,1506,1293,1024,998,595,513,300,124,43,14,-
Brejão (PE),1116,1039,1028,988,801,682,496,484,373,365,283,335,302,192,168,115,73,45,22,5,5
Brejinho (PE),711,794,955,870,640,445,498,397,309,271,262,309,254,190,129,83,117,36,8,-,-
Brejo da Madre de Deus (PE),4610,4489,4487,4162,3543,2856,2539,1964,1718,1528,1147,1359,962,800,823,496,378,159,67,22,-
Buenos Aires (PE),1191,1175,1374,1604,1288,894,784,600,616,601,442,407,336,230,165,177,78,30,8,6,-
Buíque (PE),6005,5323,6054,5694,3705,2898,2419,2408,1700,1637,1762,1188,1462,986,722,527,379,157,17,-,5
Cabo de Santo Agostinho (PE),15606,15400,16420,17850,16551,13545,11905,10357,8647,7026,5519,4127,3667,2139,1864,1150,581,419,102,30,71
Cabrobó (PE),3201,3097,3177,3077,2684,2083,1831,1623,1255,973,845,759,609,489,487,256,191,71,21,-,11
Cachoeirinha (PE),1640,1714,1918,1932,1391,1170,1177,1038,840,701,697,623,627,548,393,348,189,83,12,-,-
Caetés (PE),2928,2933,3206,2952,1933,1426,1325,1288,953,906,914,829,764,523,535,393,175,107,47,-,-
Calçado (PE),1321,1343,1436,1352,1013,761,708,679,488,453,494,348,451,271,219,154,116,64,34,5,-
Calumbi (PE),682,956,935,848,658,489,455,352,297,296,233,282,213,159,91,112,77,58,-,-,-
Camaragibe (PE),11877,12283,12564,13404,13631,12454,10745,9268,7655,6288,5513,3647,3368,2291,1891,922,563,243,69,26,-
Camocim de São Félix (PE),1563,1615,1630,1694,1356,1116,1071,880,711,645,633,460,474,440,384,200,149,61,21,11,-
Camutanga (PE),849,804,895,929,706,563,561,439,348,349,272,280,305,162,179,98,78,16,11,-,-
Canhotinho (PE),2686,2724,2928,2967,2200,1751,1553,1317,1240,976,1037,837,720,674,520,425,193,158,3,-,12
Capoeiras (PE),2240,2281,2628,2330,1583,1245,1173,1098,827,788,682,726,570,414,418,260,218,42,15,18,-
Carnaíba (PE),1778,2041,2252,2057,1595,1224,1149,1004,788,774,652,609,497,432,298,281,172,64,28,-,-
Carnaubeira da Penha (PE),1442,1391,1443,1164,958,625,583,447,387,385,351,284,275,166,199,112,104,71,12,4,-
Carpina (PE),6113,5988,6538,7004,6800,5514,4723,4434,3653,3165,2521,1847,1730,1347,1073,681,402,178,82,10,8
Caruaru (PE),24542,24980,26439,26238,24563,21916,20228,18031,13778,11257,10057,8104,7638,5070,4258,3170,1758,1053,302,133,119
Casinhas (PE),1411,1650,1716,1697,1142,789,717,683,622,512,409,477,404,360,340,211,130,65,5,5,-
Catende (PE),3533,3355,3824,3620,2775,2306,2033,1758,1562,1265,1144,962,909,817,646,367,178,123,71,9,-
Cedro (PE),1155,1162,1356,1023,849,636,616,595,383,326,369,256,249,182,138,91,98,31,25,11,-
Chã de Alegria (PE),1245,1299,1379,1415,1143,822,701,605,482,448,405,300,280,178,163,107,70,28,10,12,10
Chã Grande (PE),1968,1900,2317,2153,1933,1506,1147,953,927,811,783,530,637,477,201,251,150,57,12,5,9
Condado (PE),2491,2292,2241,2555,2245,1685,1497,1298,1063,945,827,654,649,474,302,207,212,103,33,5,18
Correntes (PE),1865,1956,2148,2118,1484,1114,914,875,820,744,671,518,582,293,447,206,130,89,56,13,-
Cortês (PE),1458,1532,1580,1673,1288,962,819,643,586,456,426,306,270,187,178,166,69,64,6,5,6
Cumaru (PE),3033,3391,3051,3304,2889,2229,1833,1612,1359,1145,902,1010,901,712,555,302,254,41,84,-,-
Cupira (PE),2430,2288,2381,2562,1980,1587,1291,1193,1075,985,989,787,808,614,581,516,219,71,5,11,11
Custódia (PE),2766,3045,3650,3528,2866,2162,2011,1825,1507,1297,1132,1108,1010,661,580,598,251,156,33,12,-
Dormentes (PE),1647,1647,1887,1629,1268,1094,974,839,694,564,584,344,368,246,300,158,100,51,16,-,1
Escada (PE),6082,6269,6694,6758,5720,4454,4077,3732,2919,2258,1875,1775,1563,1109,857,576,369,148,93,13,-
Exu (PE),3864,3870,4431,3766,2923,2124,2015,1729,1422,1183,1103,1020,886,712,535,364,259,157,34,26,-
Feira Nova (PE),1934,2011,2240,2215,1801,1311,1226,1140,850,905,717,605,660,344,427,242,136,70,13,10,-
Fernando de Noronha (PE),207,189,243,160,177,217,216,255,175,80,38,24,33,26,1,10,-,-,-,-,-
Ferreiros (PE),1079,1081,1179,1327,1078,763,680,642,492,472,485,316,408,225,276,108,62,20,13,13,8
Flores (PE),1983,2157,2569,2375,1790,1356,1287,1202,955,870,908,780,755,526,510,312,313,112,55,8,-
Floresta (PE),2985,2914,2962,2785,2433,1880,1510,1403,1060,1094,953,667,593,497,402,276,147,135,23,-,9
Frei Miguelinho (PE),1047,1253,1428,1458,1021,784,764,757,609,585,526,649,604,392,353,267,215,174,81,11,-
Gameleira (PE),2822,2840,2933,3023,2305,1858,1510,1361,1095,933,785,735,603,476,303,145,208,34,34,-,-
Garanhuns (PE),12280,11851,13184,13163,11692,9169,8181,7510,6008,5322,4584,3736,3349,2501,2055,1470,907,547,162,67,10
Glória do Goitá (PE),2922,3194,3470,3432,2548,1967,1733,1448,1182,1145,996,886,808,567,633,320,166,102,30,6,-
Goiana (PE),6896,7564,7659,8062,7426,6036,5318,4742,3861,3046,2631,2016,1808,1456,1173,669,426,233,112,34,8
Granito (PE),706,688,844,682,563,434,366,336,274,208,223,215,177,131,104,85,46,24,-,4,-
Gravatá (PE),6444,6751,7148,7417,6329,5463,4754,4371,3509,2993,2630,2257,2127,1683,1518,901,589,233,94,34,27
Iati (PE),2245,2148,2328,2053,1639,1079,1071,910,703,711,693,486,538,279,238,165,235,132,38,-,-
Ibimirim (PE),2816,3288,3404,2908,1957,1435,1498,1355,991,938,975,639,580,479,385,306,281,44,50,12,-
Ibirajuba (PE),766,783,909,824,590,472,404,392,329,298,305,315,308,214,251,135,76,46,15,6,-
Igarassu (PE),8340,8458,8823,8970,8404,7668,6847,5690,4538,3636,2892,2312,1839,1424,1115,675,316,189,94,34,14
Iguaracy (PE),1087,1134,1522,1333,984,738,717,707,593,496,492,365,377,306,282,215,138,54,16,13,-
Inajá (PE),1751,1718,1828,1556,1137,864,779,728,552,485,417,391,275,267,150,218,99,45,6,10,5
Ingazeira (PE),479,499,551,500,371,323,310,273,239,206,199,174,138,116,61,62,36,26,4,-,-
Ipojuca (PE),6731,7100,6739,7094,6391,5224,4371,3577,2794,2194,1827,1500,1271,1019,569,432,272,94,51,31,-
Ipubi (PE),3066,2617,3086,2681,2193,1564,1387,1210,953,797,778,643,605,520,356,284,175,78,17,32,-
Itacuruba (PE),438,380,438,441,365,299,270,223,164,134,110,120,82,63,52,27,31,14,10,8,-
Itaíba (PE),3396,3318,3462,3010,2228,1765,1605,1477,1138,1153,970,917,539,672,306,470,185,120,68,-,-
Ilha de Itamaracá (PE),1509,1497,1541,1524,1755,1670,1441,1232,917,728,656,370,312,266,110,146,122,46,7,-,9
Itambé (PE),4011,3884,4112,4368,3539,2491,2133,1931,1586,1394,1227,1043,949,888,603,380,237,83,86,27,10
Itapetim (PE),1237,1310,1895,1759,1289,896,889,834,723,770,657,564,580,381,495,276,134,68,9,-,-
Itapissuma (PE),2313,2206,2292,2307,2087,1711,1473,1248,1068,805,761,439,429,309,240,233,70,96,19,11,-
Itaquitinga (PE),1645,1646,1758,1852,1545,1124,1038,887,705,638,499,465,441,240,181,135,79,37,26,9,-
Jaboatão dos Guararapes (PE),55441,55692,58444,61806,59098,54019,48997,44625,36813,29308,23214,16074,13287,9169,6914,4171,2365,1310,461,224,124
Jaqueira (PE),1450,1458,1591,1501,1038,783,700,635,483,449,374,303,308,222,149,108,51,33,12,-,6
Jataúba (PE),1808,1743,1728,1512,1138,931,937,822,706,576,536,605,459,307,345,224,197,72,8,-,-
Jatobá (PE),1346,1367,1671,1591,1325,932,836,872,726,631,468,395,328,202,189,120,91,46,8,3,-
João Alfredo (PE),2693,2871,3110,3431,2528,1777,1567,1504,1219,1152,1076,1126,849,853,603,479,286,114,33,9,35
Joaquim Nabuco (PE),1895,1944,2088,2009,1515,1197,1009,884,706,523,527,421,418,274,245,117,85,48,21,-,-
Jucati (PE),1051,1153,1150,1158,764,731,655,480,419,333,381,356,354,256,144,148,58,76,13,14,-
Jupi (PE),1363,1482,1500,1409,991,816,781,648,550,500,479,387,384,339,245,177,178,70,26,-,5
Jurema (PE),1683,1571,1612,1589,1138,826,732,637,634,550,494,530,530,359,340,254,161,50,28,19,5
Lagoa do Carro (PE),1299,1376,1402,1526,1490,1120,968,777,680,565,454,391,301,258,161,145,110,73,14,-,-
Lagoa de Itaenga (PE),2246,2325,2439,2544,2111,1525,1275,1122,961,783,797,461,481,363,271,252,118,75,23,-,-
Lagoa do Ouro (PE),1312,1299,1423,1383,1012,735,664,513,501,475,507,477,306,202,193,167,93,51,10,-,-
Lagoa dos Gatos (PE),1901,1918,1997,1716,1325,969,880,862,695,647,700,539,557,452,300,250,229,112,34,18,-
Lagoa Grande (PE),2558,2326,2512,2175,1747,1447,1283,1097,883,682,668,477,447,263,165,245,107,48,6,-,-
Lajedo (PE),3297,3129,3632,3724,2904,2334,2023,1837,1635,1380,1406,1118,1003,982,702,484,267,197,128,27,-
Limoeiro (PE),5238,5420,5885,6256,5445,4509,4013,3656,3041,2618,2488,1871,1585,1472,1154,677,515,335,94,22,28
Macaparana (PE),2370,2600,2763,2730,2052,1552,1273,1163,1096,981,819,645,686,537,478,323,227,155,44,-,-
Machados (PE),1095,1051,1230,1224,906,666,500,538,449,385,365,346,275,281,200,159,93,46,7,11,-
Manari (PE),1973,1854,1862,1495,1028,672,703,603,504,470,408,429,311,242,177,130,108,50,5,-,5
Maraial (PE),2061,1983,1923,1918,1367,995,793,735,643,522,429,340,325,241,155,118,92,28,21,6,13
Mirandiba (PE),1600,1511,1785,1557,1132,904,795,670,574,487,448,386,379,250,247,214,105,62,14,2,-
Moreno (PE),4697,4756,5299,5461,5090,4285,3731,3410,2783,2310,1801,1499,1340,969,832,526,232,147,29,9,-
Nazaré da Mata (PE),2621,2708,2918,3496,3161,2377,2076,1943,1776,1478,1113,1096,933,458,439,351,234,43,11,11,12
Olinda (PE),31336,31871,34453,38061,36895,33039,30012,27947,23259,19124,16654,12411,10937,7798,6049,4248,2124,1153,364,117,50
Orobó (PE),2190,2772,2901,2685,1733,1572,1162,1069,915,987,909,748,780,625,626,319,250,188,21,22,-
Orocó (PE),1367,1370,1369,1358,1115,845,732,593,474,324,380,258,218,100,151,63,44,45,13,6,-
Ouricuri (PE),7306,6464,7359,6458,5239,4013,3756,3087,2523,2031,2257,1546,1570,927,926,582,405,243,32,-,8
Palmares (PE),6183,5985,6623,6517,5234,4232,3798,3369,2824,2316,2163,1649,1777,954,1087,488,340,208,30,5,7
Palmeirina (PE),1039,1061,1167,1099,835,653,567,486,448,352,372,350,265,262,192,178,145,56,4,5,-
Panelas (PE),3004,3047,3204,3235,2163,1539,1293,1217,1080,1049,1124,831,990,649,573,499,231,110,25,11,-
Paranatama (PE),1104,1168,1405,1172,897,622,667,558,388,460,322,453,455,317,284,232,164,75,14,5,-
Parnamirim (PE),2156,2247,2429,2192,1830,1355,1266,1087,927,743,727,590,460,391,341,274,176,67,32,-,-
Passira (PE),2871,3027,3415,3541,2806,2099,1867,1821,1390,1173,1071,911,853,801,614,392,240,166,63,11,-
Paudalho (PE),4798,5271,5058,4968,4953,4009,3369,2738,2202,1911,1634,1193,1109,697,463,285,296,101,75,-,7
Paulista (PE),22437,23053,25283,27620,26458,23564,21947,20868,18247,15342,11906,7924,6221,3899,3162,2182,1345,452,166,98,63
Pedra (PE),2269,2284,2479,2200,1889,1461,1382,1193,908,757,749,677,532,517,360,269,163,110,45,-,-
Pesqueira (PE),5856,5830,6325,6060,5109,4236,4041,3717,3030,2438,2324,1945,2096,1404,1379,1082,526,243,63,7,11
Petrolândia (PE),3190,2967,3493,3271,2762,2070,1859,1711,1346,1122,912,740,498,460,452,180,181,66,15,21,5
Petrolina (PE),24954,23713,24388,24532,23844,20110,17357,14541,11234,8627,7453,5434,4296,2726,2078,1525,922,503,202,64,34
Poção (PE),1318,1200,1320,1083,893,778,742,747,517,473,398,406,340,302,201,247,161,41,5,-,6
Pombos (PE),2389,2389,2810,2878,2222,1868,1507,1435,1178,1031,888,843,684,534,464,273,241,74,13,7,-
Primavera (PE),1302,1347,1359,1371,1158,909,759,671,566,461,350,322,249,267,132,119,91,24,17,-,3
Quipapá (PE),2736,3089,3195,3014,1956,1356,1271,1194,985,989,936,565,684,462,405,345,187,80,61,10,-
Quixaba (PE),747,862,944,843,593,445,402,334,285,323,249,227,149,167,79,85,76,19,26,-,-
Recife (PE),118041,121420,132779,145529,139544,125736,115547,109788,94205,76874,63842,46200,40575,32023,26337,16953,9969,4657,1895,735,255
Riacho das Almas (PE),1760,1959,2029,1894,1707,1330,1151,1070,806,759,816,646,587,600,389,279,190,155,6,8,-
Ribeirão (PE),4651,4435,4609,5022,4180,3223,3022,2397,1915,1832,1588,1094,1367,822,710,406,351,171,48,9,-
Rio Formoso (PE),2381,2514,2629,2697,2106,1617,1360,1259,949,685,606,566,483,336,260,167,69,52,9,11,9
Sairé (PE),1376,1449,1407,1415,1308,1111,882,759,714,531,537,557,506,385,292,226,85,64,37,7,-
Salgadinho (PE),628,718,835,1025,694,570,432,413,365,280,263,257,217,153,151,56,52,13,18,-,-
Salgueiro (PE),5529,5415,6212,5890,5262,4161,3787,3148,2528,2017,1969,1310,1208,1022,810,591,449,185,56,14,8
Saloá (PE),1519,1721,1686,1635,1235,1076,837,866,739,550,583,592,678,421,284,333,151,84,8,8,-
Sanharó (PE),1769,1637,1652,1768,1424,1121,1085,981,790,684,677,530,456,417,411,193,164,99,-,12,8
Santa Cruz (PE),1421,1292,1388,1219,1016,779,736,569,496,409,457,407,263,249,202,162,92,84,18,-,5
Santa Cruz da Baixa Verde (PE),1087,1078,1374,1309,1013,735,663,600,510,480,475,412,337,228,247,152,87,50,14,-,9
Santa Cruz do Capibaribe (PE),6606,6039,6187,7038,6615,5512,4643,3820,2830,2394,2081,1436,1031,942,676,572,370,218,11,15,12
Santa Filomena (PE),1456,1474,1539,1416,1036,887,689,611,551,463,483,419,373,182,201,156,92,67,19,-,-
Santa Maria da Boa Vista (PE),4779,4637,4961,4554,3637,2801,2423,2015,1646,1291,1154,840,676,534,331,254,168,126,34,25,28
Santa Maria do Cambucá (PE),1387,1295,1382,1361,987,773,661,602,533,432,450,467,323,320,301,213,154,59,25,4,10
Santa Terezinha (PE),1076,1069,1308,1295,960,702,620,608,464,399,430,267,258,245,252,91,111,80,17,-,-
São Benedito do Sul (PE),1294,1209,1333,1284,949,673,591,496,445,422,344,386,333,236,189,139,95,36,20,-,3
São Bento do Una (PE),5425,5384,5615,5224,3906,2971,2700,2454,2151,1966,1672,1610,1347,1014,863,648,427,119,66,23,-
São Caitano (PE),3714,3654,3847,3665,2988,2508,2078,1852,1546,1254,1336,1075,1158,969,745,536,241,212,30,19,-
São João (PE),2283,2290,2382,2299,1821,1331,1275,972,810,886,692,730,757,452,406,330,112,82,31,14,11
São Joaquim do Monte (PE),2354,2278,2317,2208,1805,1362,1293,1099,946,774,632,794,738,468,459,380,130,55,17,-,16
São José da Coroa Grande (PE),1712,1705,1699,1787,1359,1067,893,786,614,509,423,357,402,234,184,108,69,41,21,-,-
São José do Belmonte (PE),3457,3489,4214,3717,2992,2140,1990,1729,1447,1289,1219,920,947,624,549,437,288,161,24,19,-
São José do Egito (PE),2760,2908,3376,3157,2490,2065,1916,1794,1464,1388,1232,1205,1093,741,711,620,273,192,57,13,14
São Lourenço da Mata (PE),8932,9328,9946,10283,9207,7884,6813,6121,5149,4056,3475,2640,2195,1601,1256,754,394,269,60,18,20
São Vicente Férrer (PE),1866,2043,1932,1963,1399,1108,975,871,732,637,485,436,401,435,234,191,152,76,69,-,-
Serra Talhada (PE),6980,7273,8432,7873,6999,5490,5050,4319,3485,2952,2659,2407,2139,1444,1221,1022,568,458,95,34,11
Serrita (PE),2168,2152,2319,2028,1648,1273,1107,924,857,629,489,557,489,288,316,270,149,138,38,10,-
Sertânia (PE),3070,3144,3794,3601,2687,2208,2043,1985,1353,1458,1543,1009,1086,817,757,598,275,178,36,15,-
Sirinhaém (PE),3923,4010,4129,4228,3543,2626,2151,1788,1467,1102,1138,792,798,476,467,266,78,30,22,12,-
Moreilândia (PE),1172,1274,1434,1349,1004,755,695,605,483,427,452,371,294,243,178,160,102,92,19,4,4
Solidão (PE),623,689,739,710,453,309,343,261,251,231,207,190,189,78,104,62,50,32,4,-,6
Surubim (PE),4877,4983,5639,5751,4912,3721,3240,2973,2424,2243,2282,1588,1433,1380,1077,871,641,185,45,66,-
Tabira (PE),2488,2433,2809,2715,2191,1608,1522,1424,1137,1140,1036,888,711,695,502,371,210,159,26,-,-
Tacaimbó (PE),1258,1544,1742,1572,1122,924,847,734,574,551,447,484,369,376,298,198,118,30,12,6,-
Tacaratu (PE),2043,1965,2151,2040,1523,1169,1043,888,719,728,629,527,478,332,320,269,219,44,9,-,-
Tamandaré (PE),2126,2185,2143,2114,1710,1336,1094,1030,800,590,587,470,378,267,171,141,59,23,27,-,31
Taquaritinga do Norte (PE),2053,2150,2214,2073,1849,1547,1361,1211,926,895,662,717,595,447,382,299,249,67,45,9,6
Terezinha (PE),748,791,811,703,510,380,381,342,300,273,243,195,199,251,137,102,36,39,16,-,7
Terra Nova (PE),826,774,837,871,773,585,540,479,353,284,291,201,129,209,153,91,93,14,10,6,-
Timbaúba (PE),5782,6241,6353,6687,5581,4053,3754,3427,2895,2623,2153,1850,1570,1381,1141,702,481,150,59,15,8
Toritama (PE),2646,2360,2414,2552,2502,1918,1593,1284,957,786,593,608,433,397,299,190,122,98,28,19,-
Tracunhaém (PE),1192,1305,1490,1553,1305,1031,891,715,618,519,408,429,299,222,155,143,86,12,21,-,-
Trindade (PE),2882,2487,2821,2549,1984,1597,1471,1228,1019,757,791,649,644,297,277,243,148,47,25,8,6
Triunfo (PE),1426,1553,1889,1723,1215,1043,1056,896,737,581,616,625,605,402,375,341,155,89,30,5,-
Tupanatinga (PE),2800,2661,2850,2396,1702,1261,1198,1055,835,758,597,770,634,358,399,264,174,80,10,-,-
Tuparetama (PE),709,699,935,877,641,504,519,474,377,334,314,326,328,224,184,165,102,38,9,-,6
Venturosa (PE),1403,1386,1662,1564,1217,938,944,801,668,573,498,491,396,261,220,149,169,94,21,6,-
Verdejante (PE),1020,1025,1138,953,767,556,525,459,472,345,383,284,278,172,173,125,122,19,18,9,3
Vertente do Lério (PE),847,1081,1173,1032,666,510,397,424,413,324,317,277,229,285,228,157,130,25,9,12,-
Vertentes (PE),1474,1487,1702,1651,1372,1045,920,848,669,632,702,492,497,416,326,331,220,115,47,7,4
Vicência (PE),3276,3351,3539,3722,2728,2090,1914,1711,1485,1193,933,808,677,494,438,170,148,88,34,15,6
Vitória de Santo Antão (PE),11274,11841,12614,13650,11738,9864,8704,7737,6298,5293,4482,3738,3345,2359,2008,1204,950,350,112,48,-
Xexéu (PE),1830,1678,1785,1629,1262,938,833,679,588,505,454,332,361,274,160,127,119,31,8,-,3
Água Branca (AL),2310,2396,2599,2568,1766,1103,1090,926,763,876,643,650,571,357,272,243,87,54,15,4,-
Anadia (AL),2060,2141,2169,2193,1715,1226,1146,1001,771,707,631,529,515,379,262,172,168,63,2,-,-
Arapiraca (AL),20921,20722,21239,21235,18596,14617,13919,11805,9400,8230,6897,5531,4402,3327,2253,1699,862,554,128,92,36
Atalaia (AL),5292,5064,4979,5025,4011,2907,2420,2240,1911,1655,1195,1110,851,753,447,252,257,132,43,9,-
Barra de Santo Antônio (AL),1622,1425,1379,1323,1193,911,696,625,501,407,289,286,216,163,158,86,31,29,6,6,-
Barra de São Miguel (AL),759,677,684,826,799,496,400,462,319,231,214,122,131,59,100,38,29,26,3,4,-
Batalha (AL),1847,1776,1969,1708,1331,1026,987,890,670,572,499,408,327,268,189,154,87,55,27,8,-
Belém (AL),710,636,711,741,620,372,339,373,265,199,263,159,154,201,66,49,83,54,22,7,-
Belo Monte (AL),867,866,942,809,602,440,448,360,316,231,228,173,142,165,81,52,64,26,10,-,-
Boca da Mata (AL),2945,2893,2898,3067,2459,1879,1612,1400,1154,1046,820,628,482,342,185,166,148,69,35,-,-
Branquinha (AL),1584,1484,1469,1481,1159,785,617,527,536,423,357,286,266,99,130,52,38,26,6,-,-
Cacimbinhas (AL),1200,1151,1255,1034,823,588,584,552,450,350,321,293,317,176,191,141,68,31,19,5,4
Cajueiro (AL),2463,2310,2323,2394,1887,1292,1176,1027,867,768,517,607,417,320,297,91,119,82,18,-,-
Campestre (AL),827,752,757,816,578,432,343,330,258,220,187,173,166,155,97,45,51,19,12,6,-
Campo Alegre (AL),4817,5628,5239,5186,4122,3319,2716,2268,2002,1532,1371,770,827,533,287,226,112,39,27,6,-
Campo Grande (AL),1194,1165,1203,1095,826,594,528,518,393,375,322,198,230,164,107,97,60,51,13,-,-
Canapi (AL),2524,2311,2371,1935,1442,1045,971,901,643,552,671,516,416,337,225,191,213,42,28,-,-
Capela (AL),2438,2557,2185,2533,1819,1452,1124,989,789,753,590,571,425,344,406,183,103,33,9,-,-
Carneiros (AL),991,879,896,731,534,419,419,302,256,219,151,217,182,129,96,61,74,19,9,-,-
Chã Preta (AL),1082,1085,1169,1143,746,529,439,354,326,291,295,196,175,164,76,71,42,7,10,-,2
Coité do Nóia (AL),1559,1459,1548,1484,1112,860,837,674,515,428,388,347,273,141,110,113,79,57,10,-,-
Colônia Leopoldina (AL),2339,2135,2034,2197,1659,1222,1019,853,783,717,595,505,411,376,268,152,124,58,34,12,-
Coqueiro Seco (AL),549,584,600,600,481,434,338,297,260,228,181,114,116,127,96,75,29,16,10,-,-
Coruripe (AL),5877,6095,6122,6143,4989,3768,3328,2903,2248,1821,1610,1059,995,719,572,318,153,118,8,-,-
Craíbas (AL),2776,2558,2719,2389,1918,1425,1370,1125,970,814,727,521,427,407,295,159,129,46,-,-,13
Delmiro Gouveia (AL),4741,4727,5363,5008,4062,3071,2877,2619,2068,1813,1736,1262,937,993,663,575,255,179,22,23,-
Dois Riachos (AL),1480,1388,1362,1218,1015,748,655,595,468,408,361,378,265,245,183,160,83,44,10,-,-
Estrela de Alagoas (AL),1712,1833,2197,1993,1421,959,905,851,700,720,737,596,502,371,344,255,129,106,11,-,-
Feira Grande (AL),2662,2615,2653,2614,2044,1399,1305,1180,971,831,698,684,550,366,317,213,96,62,11,-,-
Feliz Deserto (AL),498,525,480,428,313,253,241,295,180,144,131,54,86,77,38,48,27,19,-,-,-
Flexeiras (AL),1659,1557,1414,1387,1206,857,773,628,531,441,403,339,201,211,148,83,95,45,-,-,-
Girau do Ponciano (AL),3761,3793,3940,3786,2807,1904,1812,1587,1292,1187,941,833,585,575,437,248,116,164,36,-,-
Ibateguara (AL),1985,1914,1943,1852,1336,981,898,735,652,568,418,500,339,328,223,206,124,81,17,5,-
Igaci (AL),2675,2984,3422,3358,2392,1576,1488,1325,1117,1077,955,909,702,524,413,271,202,165,10,13,7
Igreja Nova (AL),2420,2643,2937,2623,1896,1492,1292,1247,1040,828,677,543,568,408,366,196,121,121,24,-,10
Inhapi (AL),2649,2935,2422,2143,1474,1112,1003,931,690,621,508,568,432,424,252,161,122,62,19,11,14
Jacaré dos Homens (AL),728,764,777,697,510,395,360,328,258,206,161,149,113,92,95,47,20,15,-,5,-
Jacuípe (AL),1009,936,904,860,708,492,428,385,298,258,234,221,217,97,104,56,65,23,12,5,-
Japaratinga (AL),864,872,869,839,749,509,438,378,319,226,186,154,105,149,75,40,71,20,-,-,5
Jaramataia (AL),750,720,734,640,577,466,400,349,250,200,201,132,122,84,95,33,19,13,3,-,-
Jequiá da Praia (AL),...,...,...,...,...,...,...,...,...,...,...,...,...,...,...,...,...,...,...,...,...
Joaquim Gomes (AL),3074,2759,2713,2705,2125,1505,1238,1143,876,776,619,532,380,385,235,70,193,116,31,13,-
Jundiá (AL),586,582,592,616,474,324,280,249,215,162,131,146,135,47,53,51,31,5,-,-,-
Junqueiro (AL),2760,2939,3023,3082,2284,1639,1559,1294,1086,934,761,693,712,275,238,201,178,133,25,8,8
Lagoa da Canoa (AL),2403,2429,2574,2436,1994,1417,1308,1084,862,851,791,537,378,344,270,165,99,29,17,-,-
Limoeiro de Anadia (AL),3068,3090,3271,3101,2161,1616,1508,1290,1104,926,928,542,561,387,244,273,92,38,18,20,25
Maceió (AL),81875,78352,80182,86571,82837,73180,66377,58444,48272,38847,30008,21194,16662,12733,9340,6181,3667,1837,772,235,193
Major Isidoro (AL),2054,2166,2257,1971,1593,1120,1138,990,816,704,624,581,527,380,223,164,204,112,7,8,-
Maragogi (AL),3110,2903,2641,2677,2234,1706,1359,1128,919,743,732,518,398,309,137,130,124,31,18,-,16
Maravilha (AL),1725,1977,1993,1644,1137,853,879,859,617,473,344,353,232,213,138,122,91,10,18,-,9
Marechal Deodoro (AL),4587,4203,4064,4263,3706,3009,2441,2208,1822,1456,1077,841,690,564,432,272,122,98,-,11,-
Maribondo (AL),1778,1617,1837,1861,1471,1083,952,817,724,615,625,463,432,275,258,138,103,66,19,5,5
Mar Vermelho (AL),418,438,517,487,403,299,292,216,155,165,173,111,105,119,89,51,23,12,6,-,-
Mata Grande (AL),3438,3322,3418,2963,2111,1502,1359,1213,997,1029,1032,591,635,341,343,213,278,207,21,21,-
Matriz de Camaragibe (AL),3277,2892,2874,2981,2470,1788,1512,1217,1102,891,811,525,421,521,371,182,80,54,35,12,-
Messias (AL),1625,1358,1421,1510,1252,974,746,672,520,463,397,286,250,177,177,75,34,42,8,-,4
Minador do Negrão (AL),589,609,660,668,573,398,350,270,208,234,219,178,138,107,66,85,26,16,5,-,-
Monteirópolis (AL),1037,939,980,867,644,473,410,344,292,244,228,184,208,112,109,59,43,49,10,4,3
Murici (AL),3195,3085,3079,2992,2357,1805,1531,1284,1123,931,862,576,567,482,433,162,118,89,-,-,-
Novo Lino (AL),1337,1294,1344,1302,1022,723,616,533,466,360,340,252,232,209,142,119,33,37,9,5,-
Olho d'Água das Flores (AL),2575,2284,2457,2207,1822,1401,1277,1059,887,687,591,557,359,434,333,201,143,82,51,10,-
Olho d'Água do Casado (AL),959,1022,1022,786,586,457,433,378,304,215,160,263,135,129,91,48,34,31,6,-,-
Olho d'Água Grande (AL),628,592,665,589,476,287,288,233,218,182,134,187,170,58,84,23,4,25,4,-,-
Olivença (AL),1432,1339,1456,1136,910,644,585,500,422,377,305,347,257,244,128,92,97,70,16,11,-
Ouro Branco (AL),1341,1339,1544,1360,955,572,654,538,479,349,334,338,245,152,118,71,74,53,-,-,-
Palestina (AL),673,583,582,536,419,307,285,204,161,124,150,110,108,97,62,66,38,18,-,-,-
Palmeira dos Índios (AL),6923,6952,7680,7998,6450,4915,4705,4131,3351,3068,2872,2341,1969,1614,1097,894,662,288,135,15,-
Pão de Açúcar (AL),3333,3210,3174,2864,2136,1546,1447,1260,1013,889,776,635,585,464,351,246,273,90,44,15,-
Pariconha (AL),1298,1199,1303,1145,978,621,603,454,378,364,379,403,265,152,238,144,82,51,19,10,-
Paripueira (AL),1075,971,933,947,891,656,511,428,360,313,227,215,163,138,87,57,29,36,7,-,5
Passo de Camaragibe (AL),1783,1837,1742,1732,1382,1012,787,678,592,500,392,312,307,210,212,133,68,39,13,12,11
Paulo Jacinto (AL),788,971,996,864,759,554,384,378,327,335,286,225,202,127,128,161,94,49,18,-,4
Penedo (AL),6659,6426,6899,7001,5434,4119,3745,3450,2829,2375,1979,1382,1292,1244,988,544,304,219,69,7,28
Piaçabuçu (AL),2145,1876,2108,2082,1551,1229,1007,939,764,625,486,491,474,351,274,142,128,66,22,10,5
Pilar (AL),3745,3454,3687,3887,3272,2488,1976,1835,1532,1303,1058,824,656,519,364,372,56,146,19,-,8
Pindoba (AL),353,356,346,330,308,210,186,151,146,123,75,62,110,48,67,23,8,24,-,-,-
Piranhas (AL),2917,2699,2794,2269,1815,1368,1319,1107,867,734,553,591,323,220,186,121,70,39,15,-,-
Poço das Trincheiras (AL),1916,1807,1851,1522,1073,861,798,697,520,433,404,341,280,236,154,109,106,84,11,19,-
Porto Calvo (AL),3182,3035,2803,2889,2522,1795,1526,1276,1065,897,753,567,592,344,295,200,131,41,25,13,-
Porto de Pedras (AL),1431,1469,1207,1289,1046,772,613,575,447,357,331,236,310,188,111,49,36,42,39,15,5
Porto Real do Colégio (AL),2226,2241,2367,2114,1698,1281,1055,990,806,722,612,536,557,328,306,252,105,65,50,29,16
Quebrangulo (AL),1355,1465,1470,1376,1120,834,722,593,524,530,359,444,312,231,230,152,97,37,38,-,14
Rio Largo (AL),7361,7048,6687,6748,6194,5358,4790,4127,3400,2683,2077,1673,1498,944,882,563,267,102,72,14,21
Roteiro (AL),1009,848,882,890,742,491,396,341,329,290,190,201,119,100,53,40,31,21,5,-,6
Santa Luzia do Norte (AL),816,758,738,778,652,547,418,331,291,265,205,163,144,89,51,55,45,9,27,6,-
Santana do Ipanema (AL),5539,5034,5240,4662,3788,2916,2648,2355,1824,1578,1346,1247,859,781,517,424,425,204,70,19,9
Santana do Mundaú (AL),1492,1481,1570,1472,1012,750,627,602,486,436,371,305,281,207,175,138,80,40,5,-,4
São Brás (AL),721,794,864,784,620,440,406,350,304,221,259,171,159,139,108,58,72,68,12,-,-
São José da Laje (AL),2837,2585,2413,2372,1956,1495,1369,1086,1023,885,709,587,601,310,321,214,215,49,8,24,11
São José da Tapera (AL),4537,4132,3959,3297,2227,1639,1514,1302,1056,909,898,661,638,491,336,424,113,71,25,12,-
São Luís do Quitunde (AL),4375,3919,3523,3535,3074,2268,1735,1423,1286,1109,857,663,589,403,311,196,149,72,26,9,22
São Miguel dos Campos (AL),6120,6001,6074,6450,5264,4029,3568,3157,2593,2129,1604,1368,974,886,566,317,190,132,33,-,-
São Miguel dos Milagres (AL),633,678,676,676,661,476,373,294,287,233,177,168,118,177,85,59,54,30,-,6,-
São Sebastião (AL),3815,3638,3708,3485,2762,1974,1777,1574,1337,1138,1020,727,710,445,343,313,239,112,2,-,4
Satuba (AL),1464,1351,1332,1338,1315,1120,1059,880,668,529,423,310,233,217,130,88,42,37,13,-,6
Senador Rui Palmeira (AL),1896,1693,1691,1258,1020,744,738,575,443,354,392,329,276,173,112,104,106,52,16,4,3
Tanque d'Arca (AL),714,796,836,833,612,420,372,324,295,253,300,190,202,167,99,67,63,45,3,5,-
Taquarana (AL),1946,2006,2335,2126,1543,1116,1023,911,735,719,587,606,488,281,195,131,101,107,54,23,13
Teotônio Vilela (AL),5133,4734,4801,4652,3640,2658,2356,1969,1598,1444,1224,743,632,508,204,262,156,115,42,10,-
Traipu (AL),3001,2975,3513,3287,2019,1527,1454,1225,1044,841,894,560,782,449,361,127,139,36,20,-,-
União dos Palmares (AL),7482,6908,7129,7043,5566,4222,3611,3193,2683,2433,2131,1535,1534,982,666,650,509,262,54,21,6
Viçosa (AL),3126,3066,3081,3257,2602,1860,1679,1449,1254,1111,845,674,662,505,496,284,67,136,85,16,9
Amparo do São Francisco (SE),264,225,273,248,210,167,144,121,103,107,82,55,70,42,18,19,27,7,-,-,-
Aquidabã (SE),2068,2038,2216,1995,1664,1313,1165,1031,892,803,748,549,571,395,354,212,188,87,46,-,9
Aracaju (SE),41257,40636,45974,53125,50506,42224,37831,34316,28385,23421,18392,13104,9796,7767,5871,4007,2653,1347,624,225,74
Arauá (SE),1135,1177,1285,1195,913,725,637,560,471,367,254,304,254,151,158,92,45,16,13,-,10
Areia Branca (SE),1886,1742,1705,1735,1559,1245,1016,856,642,524,387,406,317,302,186,158,63,59,18,17,-
Barra dos Coqueiros (SE),2106,2019,1936,1962,1827,1637,1428,1256,924,688,586,359,380,253,127,170,90,17,21,20,-
Boquim (SE),2742,2731,2817,2732,2356,2017,1734,1537,1122,987,860,760,528,443,201,243,154,131,63,30,-
Brejo Grande (SE),1025,945,920,811,612,478,413,329,302,271,181,178,180,180,132,90,26,18,8,-,4
Campo do Brito (SE),1659,1633,1589,1744,1435,1173,1080,903,758,625,503,521,452,325,308,236,139,76,16,-,-
Canhoba (SE),493,515,519,429,355,279,266,229,154,140,166,94,97,92,56,19,35,16,9,2,-
Canindé de São Francisco (SE),2613,2332,2355,2045,1861,1431,1187,927,682,542,496,371,332,189,171,86,94,40,-,-,-
Capela (SE),3087,3054,3289,3256,2536,1850,1665,1485,1254,1036,989,698,624,619,484,269,206,73,10,23,11
Carira (SE),1985,1954,2099,1965,1536,1270,1227,1075,816,800,733,538,466,387,331,224,173,104,43,-,12
Carmópolis (SE),1194,1092,1101,1072,891,769,699,663,499,357,218,242,202,112,163,23,49,-,-,6,-
Cedro de São João (SE),528,496,564,525,490,456,424,371,257,253,251,194,196,101,117,77,23,36,12,8,-
Cristinápolis (SE),1948,1800,1811,1787,1409,1132,882,795,570,475,389,401,290,202,132,128,72,24,17,-,4
Cumbe (SE),394,393,407,395,372,304,246,219,146,133,172,102,87,86,52,51,32,46,9,-,-
Divina Pastora (SE),402,376,368,387,331,272,223,209,179,122,93,72,47,76,75,19,15,-,-,-,-
Estância (SE),6528,6718,7081,6972,5624,4517,4270,3732,3090,2374,2023,1509,1390,1053,695,636,412,203,101,44,30
Feira Nova (SE),633,594,615,556,517,383,353,275,225,196,191,107,121,87,53,57,52,32,21,-,-
Frei Paulo (SE),1345,1418,1364,1279,1070,993,849,732,577,521,448,320,312,208,202,160,98,55,15,-,7
Gararu (SE),1410,1318,1367,1340,1131,919,730,639,463,421,420,337,293,194,128,115,87,33,18,-,-
General Maynard (SE),268,263,259,271,235,207,166,128,131,104,69,76,73,29,72,13,19,10,8,-,-
Graccho Cardoso (SE),573,613,655,641,547,405,366,313,279,236,223,156,130,123,86,85,52,21,11,3,-
Ilha das Flores (SE),1083,1095,1029,945,728,608,473,475,303,295,230,238,212,204,130,81,73,48,24,4,3
Indiaroba (SE),1820,1711,1710,1617,1173,918,800,680,517,486,365,368,327,232,114,164,69,53,28,-,-
Itabaiana (SE),8497,8242,8447,8622,7822,6457,5969,4946,3987,3310,2683,2136,1813,1243,965,913,477,171,44,39,29
Itabaianinha (SE),4319,4186,4444,4454,3387,2577,2336,2003,1668,1361,1198,888,790,625,531,346,200,89,30,12,11
Itabi (SE),510,562,611,581,469,341,382,310,279,234,181,205,111,123,89,99,45,23,18,-,-
Itaporanga d'Ajuda (SE),3159,3152,3154,3053,2596,2073,1723,1364,1059,840,777,705,416,545,337,248,150,114,15,3,-
Japaratuba (SE),1787,1690,1750,1679,1335,1048,1019,897,665,599,480,401,350,257,234,187,82,61,35,-,-
Japoatã (SE),1467,1567,1650,1567,1334,978,868,702,522,479,402,449,280,254,192,161,92,38,5,13,-
Lagarto (SE),9238,9227,9543,9133,7634,6590,6084,5223,4257,3716,2956,2576,2227,1545,1516,879,503,310,107,43,27
Laranjeiras (SE),2773,2757,2845,2984,2530,1975,1770,1450,1134,850,684,552,403,279,204,196,68,41,40,25,-
Macambira (SE),623,631,680,594,499,484,358,399,276,255,242,173,117,131,112,100,63,58,5,2,-
Malhada dos Bois (SE),415,358,411,354,288,263,243,188,127,106,115,86,86,63,58,12,8,11,10,-,6
Malhador (SE),1300,1356,1325,1373,1107,916,788,680,571,458,388,304,271,196,175,103,94,39,33,5,-
Maruim (SE),1780,1794,1799,1798,1682,1312,1083,963,728,604,452,416,319,250,164,150,104,44,8,4,-
Moita Bonita (SE),1132,1255,1176,1301,1038,876,688,636,505,493,435,370,295,291,207,140,73,51,39,-,-
Monte Alegre de Sergipe (SE),1510,1495,1468,1359,1161,913,824,604,467,398,340,303,199,196,129,74,85,50,5,7,-
Muribeca (SE),761,856,957,844,660,550,435,405,323,277,211,219,152,190,98,86,33,15,24,6,-
Neópolis (SE),2195,2175,2357,2191,1751,1380,1256,1043,880,696,573,509,432,436,346,147,121,83,12,-,10
Nossa Senhora Aparecida (SE),852,945,1010,916,798,691,593,437,356,392,381,214,208,130,112,88,95,38,5,13,5
Nossa Senhora da Glória (SE),3081,3000,3182,3067,2626,2178,1982,1710,1283,1085,968,725,693,356,326,306,244,63,28,7,-
Nossa Senhora das Dores (SE),2441,2548,2658,2544,2113,1703,1459,1342,1139,923,916,537,553,452,323,212,248,51,33,-,-
Nossa Senhora de Lourdes (SE),672,728,773,667,522,435,483,383,279,235,221,169,134,133,68,42,36,26,9,4,3
Nossa Senhora do Socorro (SE),16375,15680,15240,14350,12487,12204,12428,10531,7362,4962,3484,2228,1456,1206,724,515,247,114,57,6,22
Pacatuba (SE),1497,1384,1536,1538,1024,743,657,578,494,442,360,309,305,238,134,177,47,49,11,12,-
Pedra Mole (SE),251,300,320,270,256,193,185,165,139,125,120,56,82,40,46,38,26,9,9,-,-
Pedrinhas (SE),963,976,992,954,742,569,555,467,357,284,242,237,164,146,88,101,54,38,-,-,-
Pinhão (SE),553,546,652,563,439,394,388,339,256,223,268,147,98,111,85,73,76,24,9,-,-
Pirambu (SE),947,836,913,887,685,568,498,450,306,269,199,183,184,109,110,58,40,12,-,-,-
Poço Redondo (SE),3744,3669,3492,2936,2271,1817,1746,1363,1019,908,837,676,420,361,235,165,204,111,32,15,-
Poço Verde (SE),2200,2201,2445,2144,1718,1446,1408,1160,942,881,913,568,531,450,443,257,150,89,27,-,-
Porto da Folha (SE),3213,3156,3362,3039,2429,1794,1664,1379,1107,932,851,742,433,585,369,330,172,91,15,-,-
Propriá (SE),2851,3053,3323,2957,2418,2051,2156,1921,1488,1025,909,740,779,579,400,369,238,28,92,8,-
Riachão do Dantas (SE),2344,2382,2401,2144,1781,1330,1276,1055,809,680,717,572,576,329,268,191,207,62,79,-,-
Riachuelo (SE),1058,959,976,1044,904,651,658,486,362,299,242,163,167,112,72,75,54,26,18,6,5
Ribeirópolis (SE),1489,1639,1757,1654,1451,1217,1078,991,750,653,562,560,458,336,306,218,168,99,39,14,-
Rosário do Catete (SE),830,829,797,861,728,625,550,411,358,262,199,189,142,86,105,49,20,22,34,-,6
Salgado (SE),2254,2199,2309,2250,1902,1487,1322,1064,768,752,677,513,492,278,218,146,142,83,14,-,7
Santa Luzia do Itanhy (SE),1947,1895,1883,1733,1299,996,797,656,620,501,378,362,270,227,158,98,63,41,24,-,-
Santana do São Francisco (SE),773,767,793,727,601,460,391,295,262,207,189,183,143,120,82,68,30,25,15,5,-
Santa Rosa de Lima (SE),422,428,409,401,370,262,239,211,153,136,151,85,94,76,52,48,29,22,-,7,-
Santo Amaro das Brotas (SE),1191,1136,1277,1347,1112,798,725,648,533,410,342,288,242,215,179,107,58,34,24,4,-
São Cristóvão (SE),7302,7525,7557,7367,6127,5526,5174,4456,3736,2760,1926,1471,1145,908,692,355,323,202,81,-,14
São Domingos (SE),1037,1052,1095,1120,924,744,546,516,405,390,321,299,187,210,146,156,63,35,10,4,-
São Francisco (SE),298,259,270,265,257,202,182,182,135,98,88,79,66,43,35,49,6,10,8,-,-
São Miguel do Aleixo (SE),380,408,447,405,327,231,230,188,157,145,116,114,81,42,60,45,30,29,6,5,-
Simão Dias (SE),3976,4135,4447,3944,3282,2679,2537,2247,1717,1462,1493,1123,1163,806,743,604,337,216,34,11,-
Siriri (SE),845,792,784,801,663,542,478,402,308,287,244,189,170,121,79,103,64,20,12,-,10
Telha (SE),311,311,285,278,290,213,188,177,134,113,95,59,71,33,15,23,30,6,6,-,-
Tobias Barreto (SE),4623,4958,5049,4842,3983,3196,3012,2639,2187,1775,1551,1470,1224,896,771,462,281,148,88,8,8
Tomar do Geru (SE),1645,1711,1704,1613,1164,984,779,703,531,422,432,331,339,209,102,92,46,8,12,15,-
Umbaúba (SE),2433,2285,2403,2308,1929,1457,1268,1102,952,719,514,544,341,346,161,190,157,46,48,11,-
Abaíra (BA),565,773,914,1099,837,590,584,550,530,490,377,361,346,306,239,253,140,69,33,10,-
Abaré (BA),1679,1653,1691,1706,1304,961,814,720,608,472,469,389,327,238,192,149,164,77,32,3,-
Acajutiba (BA),1565,1636,1717,1718,1329,987,845,795,657,549,541,414,369,387,367,162,152,71,34,18,10
Adustina (BA),1669,1647,1866,1594,1290,1003,1001,837,628,559,511,440,415,232,234,149,137,65,8,18,-
Água Fria (BA),1794,1773,2020,1869,1274,928,767,666,611,502,530,578,414,343,333,224,171,130,24,15,-
Érico Cardoso (BA),1191,1485,1419,1445,1044,785,777,702,603,495,543,434,374,367,250,207,101,52,17,10,4
Aiquara (BA),491,599,717,702,476,296,253,318,287,217,214,155,175,129,129,82,40,26,3,6,-
Alagoinhas (BA),11956,12340,13487,15963,14300,10782,9730,8874,6982,5745,4892,3730,3308,2499,1892,1350,1160,785,205,61,55
Alcobaça (BA),2457,2553,2655,2385,1875,1572,1413,1162,1038,907,672,618,551,355,360,153,74,45,30,25,-
Almadina (BA),776,861,1011,990,713,446,432,438,434,359,313,266,247,194,185,82,51,21,32,5,6
Amargosa (BA),2945,3267,3368,3633,2932,2330,2010,1825,1537,1278,1098,923,981,912,824,562,399,224,31,29,-
Amélia Rodrigues (BA),2457,2462,2612,3041,2625,1970,1647,1469,1280,1002,901,694,593,471,401,273,154,50,22,10,-
América Dourada (BA),1949,1987,1944,1929,1547,1172,1019,887,755,601,501,448,412,292,160,147,137,66,6,-,-
Anagé (BA),3171,3795,3679,3788,2866,1893,2019,1533,1701,1132,1072,1066,1098,676,637,468,204,193,55,14,-
Andaraí (BA),1797,1760,1884,1798,1195,843,758,682,613,464,529,371,372,196,207,156,170,71,11,-,7
Andorinha (BA),1627,1667,1812,1761,1360,1217,1124,933,742,508,664,562,551,290,296,309,157,136,11,46,-
Angical (BA),1537,1665,1882,1973,1370,893,865,798,660,638,517,565,460,297,205,222,114,25,5,10,-
Anguera (BA),756,871,980,1131,951,663,573,430,386,329,374,324,321,202,184,139,130,66,12,11,-
Antas (BA),1265,1332,1530,1524,1263,1128,997,887,714,629,586,548,478,358,320,262,145,71,14,8,-
Antônio Cardoso (BA),1175,1424,1609,1452,1029,821,689,560,452,388,427,369,369,299,289,170,212,59,32,5,7
Antônio Gonçalves (BA),1071,1082,1233,1173,884,683,623,501,472,397,412,253,251,214,187,133,70,46,17,8,6
Aporá (BA),1950,1891,1937,1842,1466,1120,1051,901,774,695,604,649,481,409,427,262,153,110,32,10,6
Apuarema (BA),771,945,1085,983,631,408,350,389,376,328,338,155,173,186,94,99,63,35,25,4,6
Aracatu (BA),1354,1609,1733,2225,1538,1111,946,889,817,640,651,612,525,511,317,174,146,66,34,-,15
Araçás (BA),1294,1448,1530,1425,1053,784,648,550,496,438,329,225,213,159,105,87,80,108,21,4,7
Araci (BA),6326,6147,6398,5734,4273,3048,2845,2319,1941,1629,1746,1370,1074,868,747,480,370,170,49,29,21
Aramari (BA),977,1025,1060,1142,1022,666,604,481,434,363,264,334,253,170,145,104,92,90,16,9,6
Arataca (BA),1340,1309,1434,1359,1010,675,551,633,579,530,486,317,404,194,139,129,67,55,7,-,-
Aratuípe (BA),980,1032,1072,1063,761,636,498,416,379,323,291,223,186,187,134,101,40,30,29,-,-
Aurelino Leal (BA),1842,2163,2403,2399,1640,1006,886,906,744,670,634,413,396,399,271,245,28,79,14,10,-
Baianópolis (BA),1233,1348,1562,1642,1155,794,715,685,612,477,475,382,351,246,184,130,104,63,18,-,4
Baixa Grande (BA),2138,2311,2758,2574,1749,1300,1157,1062,945,848,742,709,527,486,427,284,202,109,84,20,9
Banzaê (BA),1280,1291,1347,1344,1032,705,675,619,461,421,421,431,366,217,242,187,76,31,5,6,-
Barra (BA),6006,6162,6272,5753,3757,2599,2265,2197,1898,1487,1303,1207,1086,680,543,510,292,114,64,8,-
Barra da Estiva (BA),2349,2841,3361,3163,2413,1651,1659,1467,1253,1074,835,751,650,441,381,247,99,99,41,-,9
Barra do Choça (BA),3831,4598,5261,5423,4615,3177,2644,2513,2036,1622,1261,1211,1010,570,420,340,170,72,44,-,-
Barra do Mendes (BA),1382,1410,1660,1771,1165,803,784,729,749,613,600,485,363,350,276,215,165,43,41,6,-
Barra do Rocha (BA),839,899,1110,1075,799,482,449,447,450,335,261,230,250,172,111,111,36,13,5,-,-
Barreiras (BA),15366,14751,15378,16034,14096,11995,10838,9313,6792,5104,3621,2620,1944,1571,949,630,494,251,63,15,25
Barro Alto (BA),1270,1369,1403,1397,1045,882,854,685,610,485,424,470,383,283,227,148,124,29,10,-,-
Barrocas (BA),...,...,...,...,...,...,...,...,...,...,...,...,...,...,...,...,...,...,...,...,...
Barro Preto (BA),860,932,1001,1037,933,708,588,470,427,340,261,264,241,220,162,60,59,34,5,-,-
Belmonte (BA),2353,2415,2518,2338,1832,1307,1146,1109,1016,901,692,590,484,490,331,257,133,89,17,13,-
Belo Campo (BA),1677,1914,1989,2171,1664,1225,1219,1079,879,735,729,549,528,478,352,236,130,44,16,15,26
Biritinga (BA),1615,1649,1928,1882,1307,905,858,772,631,529,549,486,385,373,321,264,112,46,23,6,-
Boa Nova (BA),2205,2600,2736,2424,1834,1077,1153,1069,936,763,803,615,715,566,416,179,291,145,10,7,-
Boa Vista do Tupim (BA),2084,2513,2618,2328,1480,1110,1035,962,796,662,773,431,413,377,280,252,169,101,24,-,-
Bom Jesus da Lapa (BA),5929,6493,7168,7007,5196,3731,3485,3272,2786,2009,1789,1454,1381,918,722,580,349,108,30,14,-
Bom Jesus da Serra (BA),1071,1228,1318,1435,1041,665,583,522,481,444,367,335,334,215,161,115,92,67,11,9,9
Boninal (BA),1288,1402,1544,1456,1139,745,690,647,648,492,473,409,413,339,268,214,122,114,47,6,5
Bonito (BA),1934,1740,1653,1513,1252,970,872,690,558,454,352,327,185,172,94,49,46,32,9,-,-
Boquira (BA),2354,2550,2609,2698,1996,1376,1271,1191,1047,812,852,853,839,506,434,298,228,128,45,34,-
Botuporã (BA),1184,1324,1325,1348,1068,810,768,711,577,431,413,399,312,250,204,145,126,93,28,-,6
Brejões (BA),1521,1755,1927,1925,1531,1038,1035,867,777,640,461,382,462,273,263,225,139,61,45,17,-
Brejolândia (BA),713,829,1076,1146,793,594,607,564,470,387,356,368,232,225,188,83,59,63,3,5,-
Brotas de Macaúbas (BA),1272,1362,1592,1507,953,700,726,725,721,547,591,447,498,404,408,253,173,87,33,-,4
Brumado (BA),5620,5802,6899,7390,6206,4698,4680,4063,3378,2736,2493,2106,1926,1321,964,811,487,389,108,70,-
Buerarema (BA),1876,2037,2454,2325,1741,1220,1147,1141,1068,887,728,552,458,578,403,237,141,74,40,11,-
Buritirama (BA),2461,2469,2527,2315,1632,1134,985,821,674,596,569,374,320,308,196,209,128,35,23,21,-
Caatiba (BA),1228,1639,1903,1952,1789,1236,952,983,902,634,529,514,425,250,279,108,84,94,-,8,-
Cabaceiras do Paraguaçu (BA),1878,2034,2187,2013,1375,983,867,744,614,520,469,465,404,337,241,166,168,47,21,9,5
Cachoeira (BA),3072,3029,3261,3885,3241,2354,1980,1787,1579,1240,1022,985,799,669,651,381,264,134,51,17,15
Caculé (BA),1913,1987,2203,2398,1857,1494,1400,1223,1104,897,882,720,707,406,513,246,187,112,58,21,9
Caém (BA),1231,1406,1559,1511,1217,948,862,663,553,469,451,471,408,256,214,123,126,67,27,-,-
Caetanos (BA),1136,1321,1527,1672,1436,1009,893,728,608,496,497,429,369,266,237,267,126,38,21,-,-
Caetité (BA),4374,5148,5569,5162,4184,3324,3099,2704,2514,1959,1824,1232,1237,1081,847,647,435,229,112,37,9
Cafarnaum (BA),1938,1990,2030,1913,1486,1166,1036,866,747,618,475,518,383,321,226,107,152,57,18,6,6
Cairu (BA),1373,1304,1277,1335,1222,1030,847,709,568,413,295,288,256,156,117,90,65,37,20,5,3
Caldeirão Grande (BA),1198,1429,1564,1401,999,722,665,548,521,446,356,449,381,180,217,146,126,34,12,-,-
Camacan (BA),3465,3544,4067,4054,2935,1879,1849,1723,1673,1322,1107,805,641,821,513,358,180,76,24,18,-
Camaçari (BA),17598,16766,17768,20529,18641,14702,13078,11132,9543,7138,4912,3181,2473,1617,1118,700,542,138,85,40,26
Camamu (BA),4548,4391,4619,4193,2796,2097,1858,1862,1649,1380,1036,915,694,607,469,287,119,69,63,10,-
Campo Alegre de Lourdes (BA),3157,3457,3811,3591,2442,1660,1621,1514,1299,1031,1081,689,678,536,436,306,171,96,23,-,8
Campo Formoso (BA),7153,7030,7922,7700,6135,4442,4007,3295,2935,2488,2269,1766,1522,1102,829,693,374,168,90,-,22
Canápolis (BA),1120,1152,1209,1169,863,631,599,553,490,407,340,306,301,191,212,91,58,40,11,-,-
Canarana (BA),2465,2420,2679,2630,1911,1592,1404,1337,1155,889,712,713,503,461,318,185,171,82,-,24,14
Canavieiras (BA),3581,3793,4298,4248,3365,2596,2317,2051,1849,1493,1217,1170,942,849,693,451,290,88,8,23,-
Candeal (BA),964,1010,1103,1284,1036,749,621,474,453,403,451,422,281,261,163,195,97,98,53,-,3
Candeias (BA),7660,7286,8447,9833,8950,6804,5970,5171,4490,3374,2895,1731,1517,1011,745,512,228,100,59,-,-
Candiba (BA),928,1208,1511,1451,1060,815,865,847,811,592,515,361,474,283,195,136,144,45,25,2,13
Cândido Sales (BA),2747,2945,3323,3522,2809,2237,1991,1898,1430,1167,1075,844,774,666,518,296,101,91,54,27,-
Cansanção (BA),3798,3815,3958,3757,2675,2158,1982,1813,1473,1124,1200,1016,911,671,522,413,373,184,90,-,16
Canudos (BA),1564,1565,1642,1668,1187,1027,957,743,564,606,536,448,384,299,174,215,108,30,44,-,-
Capela do Alto Alegre (BA),1040,1240,1444,1461,952,765,793,697,562,551,563,445,420,259,331,131,133,69,15,27,-
Capim Grosso (BA),2417,2655,2935,2953,2308,1774,1566,1308,1162,940,925,784,664,481,397,298,188,99,55,-,-
Caraíbas (BA),1324,1791,2096,2338,1688,1166,987,923,842,750,615,709,540,433,394,249,170,122,26,-,-
Caravelas (BA),2245,2365,2491,2392,1784,1374,1295,1180,1006,897,719,617,528,373,247,245,209,94,41,-,-
Cardeal da Silva (BA),1157,1093,1028,1015,763,474,477,406,363,254,217,209,132,157,119,42,65,43,12,3,6
Carinhanha (BA),3470,3594,3745,3564,2473,1684,1623,1437,1276,1023,838,784,617,479,312,128,121,79,11,14,-
Casa Nova (BA),6254,6354,6805,6379,5373,4363,3633,3216,2542,2059,2064,1796,1469,1047,826,801,399,210,87,22,30
Castro Alves (BA),2489,2925,3198,3210,2474,1733,1594,1373,1111,982,1023,771,650,685,486,398,292,152,6,10,-
Catolândia (BA),276,333,400,454,283,200,176,154,98,124,107,135,95,102,84,32,27,12,-,-,-
Catu (BA),3991,4519,5145,5985,5234,3952,3417,3220,2712,2105,1594,1369,1044,828,769,416,194,163,32,24,17
Caturama (BA),682,1002,1165,1287,872,572,521,528,583,442,348,343,228,218,211,53,76,34,24,7,2
Central (BA),1823,1826,2060,2068,1530,1147,1145,997,832,691,629,548,429,387,308,166,130,46,18,3,9
Chorrochó (BA),1227,1176,1197,1202,927,696,620,550,407,358,382,327,316,214,136,175,106,105,49,-,1
Cícero Dantas (BA),2874,3086,3647,3313,2612,2201,2179,2007,1600,1181,1367,1285,887,934,715,440,364,141,66,34,-
Cipó (BA),1621,1640,1798,1800,1362,943,888,756,680,536,493,449,380,294,246,173,90,88,37,4,6
Coaraci (BA),2444,3234,3352,3574,2874,1798,1642,1396,1550,1238,1010,957,862,707,527,231,239,138,66,13,-
Cocos (BA),1807,2093,2159,2078,1665,1169,1070,999,874,782,622,620,639,235,301,224,118,99,41,-,15
Conceição da Feira (BA),1820,1768,1898,2165,2014,1435,1128,952,783,745,571,603,338,528,319,194,113,120,13,8,-
Conceição do Almeida (BA),1574,1860,2213,2267,1736,1387,1331,1181,941,792,717,604,544,592,515,231,204,160,44,7,12
Conceição do Coité (BA),5759,5895,6698,7101,5618,4195,3933,3052,2677,2137,2368,1844,1718,868,1082,711,388,189,60,18,6
Conceição do Jacuípe (BA),2456,2429,2780,3264,3059,2202,2015,1607,1350,1098,870,887,721,445,428,234,114,125,71,39,-
Conde (BA),2743,2704,2538,2501,1828,1318,1163,1082,838,723,642,508,437,481,300,269,230,45,67,-,10
Condeúba (BA),1831,1814,2167,2263,1552,1083,1035,1077,906,775,787,614,614,470,347,284,233,128,36,31,-
Contendas do Sincorá (BA),362,424,486,633,367,246,282,244,248,204,169,142,125,81,61,90,66,20,7,5,-
Coração de Maria (BA),2402,2769,2847,3020,2488,1678,1484,1169,1082,918,964,672,665,512,377,443,180,87,44,17,-
Cordeiros (BA),788,899,972,1000,765,530,498,464,396,363,314,282,304,188,127,140,94,46,18,5,-
Coribe (BA),1450,1700,1909,2013,1340,936,916,893,786,689,545,613,398,385,254,92,129,67,24,-,9
Coronel João Sá (BA),2419,2498,2611,2234,1739,1515,1405,1119,830,726,690,499,400,338,227,196,92,62,31,16,18
Correntina (BA),3278,3444,3724,3878,2798,2179,1936,1817,1484,1211,1021,963,938,587,587,304,249,117,53,7,7
Cotegipe (BA),1515,1728,1861,1718,1147,729,759,745,668,550,481,345,345,272,192,125,78,92,15,10,-
Cravolândia (BA),475,603,683,676,459,281,288,277,251,202,168,145,134,128,61,56,73,24,17,-,-
Crisópolis (BA),2281,2192,2293,2318,1743,1318,1139,973,787,801,747,656,515,364,409,228,134,78,50,11,-
Cristópolis (BA),1219,1425,1691,1743,1216,826,759,735,569,510,414,431,418,217,226,134,98,18,12,-,-
Cruz das Almas (BA),4665,5068,5884,6650,5495,4475,4016,3597,2915,2224,1852,1464,1336,1162,947,579,249,276,111,68,15
Curaçá (BA),3268,3316,3581,3351,2747,2125,1818,1568,1234,1024,893,1114,742,640,543,428,233,122,66,28,-
Dário Meira (BA),2042,2346,2079,1987,1459,947,812,804,765,635,426,485,393,362,255,82,75,20,11,-,-
Dias d'Ávila (BA),4882,5069,5243,5582,4877,3879,3560,3075,2604,1998,1451,1006,784,442,377,232,133,85,28,6,18
Dom Basílio (BA),910,1031,1218,1218,950,775,751,678,599,431,427,351,319,222,204,136,115,76,17,-,-
Dom Macedo Costa (BA),281,353,436,480,340,273,238,216,204,169,143,118,143,110,87,56,32,30,33,-,6
Elísio Medrado (BA),604,764,896,959,707,511,449,479,413,377,275,315,271,287,191,124,130,69,18,11,10
Encruzilhada (BA),3505,3574,3896,3956,3153,2486,2210,2114,1710,1491,1180,1044,970,666,504,235,155,55,7,-,14
Entre Rios (BA),4629,4642,4467,4690,3738,2829,2418,2143,1705,1479,1268,839,805,575,456,334,227,180,52,27,10
Esplanada (BA),3437,3477,3401,3314,2480,1767,1632,1489,1248,1118,928,700,655,493,424,291,177,140,33,26,-
Euclides da Cunha (BA),5625,5848,6741,6576,4851,3399,3390,3060,2413,2306,2073,1973,1701,1268,984,737,410,303,171,21,34
Eunápolis (BA),9079,8613,9964,10473,8840,6737,5936,5614,4760,3753,2609,2218,1839,1219,1075,646,305,253,132,48,7
Fátima (BA),1930,2184,2299,1906,1598,1382,1301,1079,837,758,682,645,477,424,283,276,100,101,27,8,-
Feira da Mata (BA),628,679,781,772,590,456,397,356,317,269,219,224,180,146,104,41,47,10,11,9,-
Feira de Santana (BA),47184,47553,50816,57300,51972,42943,38429,33287,27273,21383,17195,13195,10469,7850,5721,3921,2625,1172,447,134,80
Filadélfia (BA),1906,2081,2102,2231,1655,1411,1046,851,727,610,642,520,571,246,339,247,76,108,40,-,2
Firmino Alves (BA),477,542,623,667,476,285,299,286,264,246,213,171,104,208,128,94,54,19,-,6,7
Floresta Azul (BA),1091,1207,1426,1547,1011,663,646,668,624,515,482,406,413,291,234,177,125,51,20,7,8
Formosa do Rio Preto (BA),2348,2290,2494,2480,1741,1300,973,924,834,643,679,408,400,248,268,110,74,22,51,-,-
Gandu (BA),2759,2938,3385,3606,2775,1932,1796,1736,1553,1156,864,669,606,566,340,213,124,83,50,8,-
Gavião (BA),408,519,645,566,419,306,312,285,258,214,187,167,140,106,82,69,62,26,20,-,-
Gentio do Ouro (BA),1050,1088,1281,1196,789,601,583,591,545,417,427,356,334,313,264,156,111,38,27,-,5
Glória (BA),1455,1503,1850,1793,1457,1069,1009,842,621,629,515,424,316,393,249,168,151,63,31,11,11
Gongogi (BA),1094,1285,1451,1357,953,553,584,551,500,422,423,365,293,216,213,142,65,30,25,-,-
Governador Mangabeira (BA),1645,1810,2247,2444,1674,1131,1099,1000,841,693,567,506,453,350,339,181,76,78,18,-,13
Guajeru (BA),1123,1353,1463,1525,1247,929,871,803,663,483,512,469,399,296,235,145,158,107,45,9,-
Guanambi (BA),6379,7223,8352,8493,7047,5846,5656,4869,4026,3279,2651,2025,1825,1352,1057,643,484,323,138,51,8
Guaratinga (BA),2419,2821,3318,3047,2155,1488,1386,1344,1206,1158,904,845,734,609,353,261,158,43,48,9,13
Heliópolis (BA),1485,1565,1559,1452,1148,952,866,741,563,534,532,423,378,304,268,151,123,38,22,-,4
Iaçu (BA),3231,3517,3584,3595,2466,1823,1681,1514,1300,1008,1093,791,762,590,436,464,336,215,73,22,-
Ibiassucê (BA),1061,1169,1317,1522,1267,991,973,831,682,600,475,494,422,346,288,141,105,85,44,6,9
Ibicaraí (BA),2829,3002,3383,3473,2658,1971,1672,1641,1579,1295,1030,1133,959,762,651,313,294,91,115,10,-
Ibicoara (BA),1978,2118,1730,1684,1473,1210,1053,813,761,530,429,320,354,251,170,105,110,40,19,7,12
Ibicuí (BA),1408,1662,1827,1875,1341,988,934,869,804,671,591,520,536,365,292,159,121,109,56,-,-
Ibipeba (BA),1493,1596,1819,1873,1443,1191,1105,920,799,656,586,502,402,313,247,148,156,48,43,9,13
Ibipitanga (BA),1314,1460,1431,1730,1285,942,882,749,639,474,548,484,436,341,351,150,98,110,43,11,-
Ibiquera (BA),440,484,598,608,404,256,260,224,221,188,184,172,104,115,77,80,52,23,5,-,-
Ibirapitanga (BA),2761,2818,3227,2879,1915,1156,1139,1141,1098,924,720,582,517,543,293,185,144,95,39,-,-
Ibirapuã (BA),653,703,792,797,597,464,464,463,382,332,319,268,291,199,118,128,65,44,17,-,-
Ibirataia (BA),2303,2576,3365,3334,2484,1626,1376,1380,1417,1038,748,839,636,612,342,338,160,90,59,18,-
Ibitiara (BA),1337,1547,1662,1697,1262,901,887,797,770,602,580,598,405,423,410,275,182,71,31,-,6
Ibititá (BA),1812,2045,2086,2081,1611,1340,1274,1119,870,759,695,597,605,292,273,199,164,27,17,16,23
Ibotirama (BA),2653,2728,2963,3150,2217,1634,1501,1364,1162,947,930,721,731,475,378,284,197,106,8,-,-
Ichu (BA),540,552,670,690,515,400,425,336,285,204,169,194,191,118,94,114,40,26,16,14,-
Igaporã (BA),1292,1524,1745,1764,1423,1006,993,854,764,651,504,497,482,271,322,188,167,89,14,6,-
Igrapiúna (BA),2044,2131,2021,1797,1393,996,853,788,774,572,382,383,322,229,128,80,17,13,28,4,5
Iguaí (BA),2409,2718,3103,2984,2316,1675,1604,1511,1199,1024,944,867,697,802,688,199,214,165,14,-,-
Ilhéus (BA),22061,22395,26101,27136,22641,17460,16132,15006,12792,9959,7706,6409,5286,4126,2989,1691,1109,663,333,95,36
Inhambupe (BA),3683,3510,3512,3355,2776,2111,1847,1502,1267,1136,1019,956,746,647,438,499,235,231,89,30,-
Ipecaetá (BA),1909,2226,2316,2461,1727,1140,984,1001,927,753,577,705,521,467,345,293,238,90,15,-,-
Ipiaú (BA),4112,4387,5054,5714,4247,2805,2659,2663,2525,2126,1562,1337,1250,1079,805,615,346,195,112,27,-
Ipirá (BA),6451,7019,7954,8042,5484,3914,3610,3116,2828,2542,2397,2124,1723,1385,1078,885,598,415,88,76,17
Ipupiara (BA),732,843,921,1016,606,526,549,537,508,400,393,361,360,219,217,182,112,34,25,-,-
Irajuba (BA),704,677,737,762,531,430,374,361,345,248,208,219,123,234,170,117,70,43,-,4,5
Iramaia (BA),1768,2337,2138,2163,1702,1318,1122,673,931,722,408,724,434,378,232,175,203,64,40,21,-
Iraquara (BA),2249,2198,2345,2164,1565,1074,1116,1022,918,715,639,528,475,437,382,257,164,69,16,-,-
Irará (BA),2533,3084,3318,3119,2128,1666,1545,1295,1119,962,1137,713,816,465,475,371,157,165,46,48,-
Irecê (BA),6094,5725,6541,7207,6087,5022,4471,3883,3121,2410,1903,1468,1207,791,556,429,305,181,26,-,9
Itabela (BA),3121,3103,3388,3182,2521,1730,1629,1450,1293,1078,768,714,542,491,269,225,90,89,34,9,19
Itaberaba (BA),5999,6134,7271,7519,5716,4228,3762,3533,2933,2278,2230,1741,1540,1258,977,796,554,297,109,32,36
Itabuna (BA),17350,17950,21121,23687,20434,15445,14550,13759,12416,9723,7183,6322,5371,3969,2931,1838,1414,676,386,94,56
Itacaré (BA),2311,2393,2377,2115,1618,1234,1131,1003,871,717,620,485,439,291,228,110,68,70,19,11,9
Itaeté (BA),1727,1775,1897,1833,1139,817,689,655,621,518,501,420,411,287,242,178,137,100,37,13,9
Itagi (BA),1660,1739,1942,2323,1414,872,749,808,719,643,532,567,305,481,322,200,170,58,33,5,-
Itagibá (BA),1652,1895,2230,2310,1649,1074,974,928,912,744,637,527,500,389,325,173,162,53,51,6,-
Itagimirim (BA),778,796,855,1004,799,521,483,471,406,381,283,211,185,218,142,62,83,38,11,-,-
Itaguaçu da Bahia (BA),1458,1512,1487,1379,975,761,690,558,464,415,394,353,305,178,174,95,74,21,13,2,-
Itaju do Colônia (BA),973,1017,1037,1058,869,640,489,462,413,360,281,276,231,140,115,98,42,42,22,10,4
Itajuípe (BA),2155,2372,2764,2647,2184,1559,1384,1354,1215,1053,929,702,711,544,363,243,243,42,41,6,-
Itamaraju (BA),6790,7204,7990,8125,6199,4443,4146,3855,3441,2844,2380,1694,1602,1318,1010,543,283,182,61,23,12
Itamari (BA),866,944,1089,1116,898,552,392,438,492,352,220,284,247,213,124,130,62,41,12,-,-
Itambé (BA),2979,4388,3749,3687,2441,2500,2076,1835,1467,1291,1093,867,817,655,461,246,106,131,61,-,-
Itanagra (BA),820,910,863,786,575,458,362,315,261,225,192,131,150,110,82,64,40,11,9,-,6
Itanhém (BA),1947,2157,2684,2514,1689,1342,1372,1308,1170,1001,841,854,753,634,335,330,177,164,63,-,-
Itaparica (BA),2017,1939,1942,2295,2062,1602,1441,1250,1048,799,592,543,358,455,261,135,115,32,59,-,-
Itapé (BA),1223,1603,1695,1892,1351,1194,952,947,777,531,620,514,513,325,228,104,86,28,41,10,5
Itapebi (BA),1400,1274,1417,1363,1094,740,668,650,542,483,317,329,213,225,164,100,78,34,21,-,14
Itapetinga (BA),5506,5450,6173,7030,5973,4471,4146,3603,3221,2663,2408,1765,1526,1438,1079,762,412,207,56,32,11
Itapicuru (BA),3364,3600,3189,3327,2594,1671,1557,1426,1044,1145,1004,861,671,681,514,272,221,131,25,7,11
Itapitanga (BA),1034,1117,1254,1347,1032,753,702,564,546,468,361,269,333,191,149,119,81,50,12,-,-
Itaquara (BA),784,907,1068,888,702,530,461,427,387,357,210,239,223,203,154,115,99,64,28,11,6
Itarantim (BA),1584,1642,1933,2054,1584,1267,1111,1061,901,738,759,545,467,513,299,183,125,111,38,5,3
Itatim (BA),1349,1515,1568,1588,1216,924,818,720,560,449,499,330,297,278,272,160,86,55,16,-,-
Itiruçu (BA),1363,1397,1617,1708,1275,931,886,772,717,534,421,463,337,451,263,168,125,70,64,16,7
Itiúba (BA),4230,4239,4559,4198,3112,2298,2122,1804,1515,1311,1388,1149,1025,723,651,614,307,199,100,-,-
Itororó (BA),1829,1947,2418,2585,1824,1168,1072,1153,1076,865,838,733,719,506,393,251,222,73,46,68,13
Ituaçu (BA),1756,1828,2106,2037,1569,1149,1145,1007,957,695,673,556,490,412,288,192,227,124,43,15,-
Ituberá (BA),2846,2898,3176,2980,2276,1643,1564,1411,1191,988,743,707,583,402,313,174,128,69,41,-,-
Iuiu (BA),1267,1265,1413,1365,947,693,728,613,527,355,364,286,283,134,90,49,49,57,5,-,-
Jaborandi (BA),1104,1124,1353,1292,1011,715,616,621,567,337,357,337,256,217,182,70,78,35,13,3,-
Jacaraci (BA),1087,1343,1513,1671,1238,872,899,810,776,594,498,539,526,341,295,258,153,78,14,11,4
Jacobina (BA),7409,8000,9050,9178,7306,5737,5337,4572,3976,3349,3141,2691,1774,1701,1293,886,573,341,128,29,20
Jaguaquara (BA),5255,5198,5545,5729,4283,3338,2911,2733,2409,1870,1579,1294,1098,1189,881,552,449,216,53,11,28
Jaguarari (BA),2722,2695,3153,3020,2480,2176,1967,1715,1390,1194,1013,1051,678,691,442,435,351,133,89,8,9
Jaguaripe (BA),1628,1622,1674,1708,1333,1015,831,714,534,523,413,373,277,288,201,95,101,66,16,6,5
Jandaíra (BA),1389,1337,1286,1235,916,684,533,537,412,335,285,251,231,209,197,69,58,32,23,7,-
Jequié (BA),13566,14845,16368,17718,14955,11504,10062,9451,8241,6673,5374,4221,3686,3460,2836,1723,1395,702,312,80,31
Jeremoabo (BA),3897,4155,4346,4062,3004,2383,2293,1964,1596,1373,1321,1141,942,727,592,426,420,203,41,-,30
Jiquiriçá (BA),1337,1470,1753,1772,1282,955,880,792,705,565,437,374,322,349,211,196,88,74,59,16,-
Jitaúna (BA),1951,3004,2430,2611,1765,1486,1358,1388,1067,852,786,619,591,387,348,227,131,22,22,11,-
João Dourado (BA),2070,2138,2293,2530,1967,1434,1270,1063,908,748,622,586,473,247,273,166,113,34,20,12,-
Juazeiro (BA),19711,18840,18846,19383,19176,15810,14011,11550,9033,6838,5944,4465,3775,2291,1976,1212,868,588,158,69,23
Jucuruçu (BA),1350,1509,1766,1578,1051,694,688,664,619,572,416,508,283,289,170,112,44,13,26,10,14
Jussara (BA),1666,1809,2050,2004,1406,1041,993,803,665,600,514,555,393,276,230,165,121,30,18,-,-
Jussari (BA),749,818,921,954,734,514,433,460,437,311,253,227,222,191,115,111,48,26,32,-,-
Jussiape (BA),604,757,1062,1334,1018,881,826,719,602,501,535,388,331,264,184,242,157,33,26,8,13
Lafaiete Coutinho (BA),294,355,544,593,352,245,240,227,242,212,119,168,147,119,71,99,33,30,11,-,-
Lagoa Real (BA),1393,1451,1611,1533,1198,890,796,701,615,499,499,340,390,230,233,129,166,28,51,11,-
Laje (BA),2010,2205,2478,2421,1885,1428,1338,1202,893,753,633,623,446,428,444,154,102,86,65,-,7
Lajedão (BA),308,325,377,373,257,248,234,203,187,175,134,153,144,97,69,37,28,41,5,6,8
Lajedinho (BA),486,656,578,526,351,298,217,191,201,168,186,131,154,68,82,34,10,16,-,-,-
Lajedo do Tabocal (BA),797,933,996,978,814,586,521,429,385,341,268,274,258,163,144,105,58,38,4,-,8
Lamarão (BA),959,993,1166,1236,1045,721,557,407,360,327,340,366,248,211,176,185,140,73,-,8,5
Lapão (BA),2769,2839,2960,3011,2482,1919,1711,1489,1186,1027,859,677,542,404,374,228,106,55,83,6,-
Lauro de Freitas (BA),11675,11283,11567,13538,12918,10447,9078,8197,7129,5634,4113,2659,1805,1398,976,466,291,161,109,35,64
Lençóis (BA),1160,1062,1125,1069,821,686,567,538,422,289,232,248,199,129,133,68,78,53,31,-,-
Licínio de Almeida (BA),1032,1274,1467,1529,1023,768,816,762,724,570,487,481,483,244,239,170,153,73,37,13,3
Livramento de Nossa Senhora (BA),3526,3860,4508,4730,3610,2813,2700,2288,1929,1627,1447,1328,1029,839,682,435,397,199,48,30,-
Luís Eduardo Magalhães (BA),...,...,...,...,...,...,...,...,...,...,...,...,...,...,...,...,...,...,...,...,...
Macajuba (BA),1274,1313,1578,1414,967,683,631,601,523,466,425,354,334,243,265,157,132,91,11,8,4
Macarani (BA),1509,1664,1734,1751,1251,931,934,885,749,638,516,521,443,405,191,125,132,122,57,23,13
Macaúbas (BA),4268,4742,4937,5106,3774,2761,2692,2342,2116,1667,1614,1425,1216,938,696,644,437,318,76,29,7
Macururé (BA),975,947,965,960,824,665,563,462,369,276,349,292,319,127,121,150,105,86,47,10,-
Madre de Deus (BA),1181,1110,1186,1404,1345,1170,1035,887,714,544,442,300,262,136,139,64,76,19,22,-,-
Maetinga (BA),1210,1378,1489,1737,1417,1117,857,698,668,587,609,447,404,345,267,155,139,119,39,4,-
Maiquinique (BA),761,798,795,892,665,531,469,454,405,321,318,204,217,167,130,87,70,24,9,4,5
Mairi (BA),2024,2288,2554,2455,1605,1178,1134,1124,945,893,859,804,576,462,438,279,307,109,34,7,9
Malhada (BA),1921,2105,2200,2041,1466,1022,930,828,652,545,492,407,309,264,238,93,60,34,3,-,5
Malhada de Pedras (BA),873,920,919,1080,794,620,516,526,387,338,373,280,234,175,156,111,87,27,10,-,-
Manoel Vitorino (BA),1742,1879,2157,2125,1569,1185,970,795,823,677,631,549,474,359,280,230,160,104,65,24,9
Mansidão (BA),1311,1438,1601,1532,940,618,542,575,492,398,387,305,240,236,232,122,51,7,14,-,5
Maracás (BA),2745,3236,3767,4287,3399,2383,1920,1991,1755,1242,928,1049,807,650,608,390,330,140,55,-,-
Maragogipe (BA),3797,4453,4880,5577,4129,2925,2511,2265,2041,1666,1336,1416,1174,1074,944,597,291,169,93,61,18
Maraú (BA),2651,3014,2477,2199,1671,1292,1173,1182,934,713,778,357,380,396,196,105,65,17,22,-,-
Marcionílio Souza (BA),1262,1396,1487,1330,950,675,646,501,488,390,363,268,248,235,181,152,126,50,27,-,-
Mascote (BA),1778,1939,2251,1979,1408,992,886,881,788,725,493,517,463,335,295,164,104,35,20,24,17
Mata de São João (BA),3145,3319,3670,4258,3782,2604,2248,2025,1651,1383,1204,787,783,609,403,385,140,132,41,-,-
Matina (BA),1139,1415,1271,1192,850,665,663,592,511,394,398,241,303,176,156,113,77,52,19,11,4
Medeiros Neto (BA),1983,2259,2451,2313,1785,1465,1451,1381,1102,951,735,1011,756,537,519,217,178,96,29,-,16
Miguel Calmon (BA),2743,3094,3503,3413,2560,2019,1838,1615,1427,1153,1069,953,721,732,672,328,223,129,49,26,-
Milagres (BA),1269,1305,1355,1486,1290,1043,811,619,516,448,441,307,339,241,177,134,164,89,34,-,-
Mirangaba (BA),1568,1715,1838,1797,1256,934,838,726,702,533,656,412,384,295,201,203,99,77,20,-,7
Mirante (BA),907,1444,1556,1553,1448,1100,815,893,652,593,444,547,325,231,102,124,77,26,26,6,4
Monte Santo (BA),6445,7667,7120,6208,4636,3642,3553,2836,2271,2075,2248,2058,1590,1149,1028,657,456,375,85,29,11
Morpará (BA),820,946,1103,1117,621,473,483,537,438,370,362,294,249,280,183,152,96,47,17,9,-
Morro do Chapéu (BA),4147,4154,4430,4040,3009,2325,2162,2007,1721,1364,1187,1002,869,653,545,329,297,201,40,12,-
Mortugaba (BA),1025,1295,1562,1639,1017,740,762,738,645,575,588,470,494,345,297,181,136,38,39,8,5
Mucugê (BA),1398,1775,1661,1650,1304,1083,712,492,668,366,553,345,175,165,214,114,231,41,12,-,-
Mucuri (BA),3388,3454,3340,3285,2638,2196,2058,1813,1547,1137,842,648,576,410,255,237,117,86,18,8,8
Mulungu do Morro (BA),1969,1922,1995,1812,1472,1088,973,860,747,511,504,305,343,169,170,143,101,35,-,-,-
Mundo Novo (BA),2392,2509,2640,2528,1781,1388,1198,1141,1055,829,806,671,669,509,422,326,247,122,40,-,-
Muniz Ferreira (BA),621,669,779,924,758,535,473,423,338,274,224,240,238,128,113,99,62,33,7,3,-
Muquém do São Francisco (BA),1258,1241,1178,1146,823,561,497,472,377,327,262,313,214,152,104,45,67,8,8,-,-
Muritiba (BA),2777,3034,3509,3896,3123,2480,2061,1905,1498,1252,1162,914,831,694,593,454,209,186,47,19,-
Mutuípe (BA),1870,2077,2498,2583,2010,1453,1339,1237,1086,891,796,468,576,566,376,270,158,69,111,9,19
Nazaré (BA),2475,2637,2885,3365,2715,2058,1879,1678,1402,1072,905,697,719,667,532,292,219,124,24,11,9
Nilo Peçanha (BA),1273,1387,1524,1389,1066,751,700,606,545,440,356,311,293,189,138,112,71,62,-,-,-
Nordestina (BA),1378,1394,1489,1423,1054,791,736,649,482,421,459,338,305,274,228,189,99,67,17,7,-
Nova Canaã (BA),1474,1599,1800,1821,1459,1135,900,978,771,657,566,565,543,431,349,207,101,42,20,8,4
Nova Fátima (BA),654,777,889,903,726,556,594,462,382,333,345,198,214,162,200,67,61,13,-,-,-
Nova Ibiá (BA),708,840,893,914,706,511,556,476,303,300,221,195,192,168,75,51,33,4,5,-,13
Nova Itarana (BA),821,836,809,769,592,453,375,335,343,235,204,172,192,115,111,114,62,33,14,7,-
Nova Redenção (BA),1075,982,1133,1139,836,529,500,401,338,274,296,253,227,224,161,71,150,35,5,6,-
Nova Soure (BA),2837,2757,2955,2853,2180,1564,1509,1308,1094,899,1039,856,421,770,476,417,238,170,53,-,10
Nova Viçosa (BA),3852,4072,3896,3663,3118,2391,2115,1924,1625,1264,1066,802,663,611,534,218,98,88,53,-,22
Novo Horizonte (BA),772,861,990,985,707,537,556,478,441,384,346,357,279,221,272,100,98,80,32,6,-
Novo Triunfo (BA),1681,1929,1511,1385,1234,969,932,878,589,487,544,460,434,250,208,177,182,21,11,23,-
Olindina (BA),2785,2728,2873,2873,2231,1728,1607,1215,1128,928,808,795,606,561,377,354,133,108,57,14,-
Oliveira dos Brejinhos (BA),2328,2622,2617,2628,1738,1304,1230,1210,949,805,904,736,681,612,395,435,281,114,71,10,-
Ouriçangas (BA),669,943,984,961,650,467,424,416,354,275,231,229,207,226,206,122,52,59,24,14,10
Ourolândia (BA),1787,1843,2080,2011,1551,1181,998,804,684,558,633,299,332,197,170,136,45,18,29,-,-
Palmas de Monte Alto (BA),1948,2398,2687,2486,1794,1379,1334,1262,1006,861,710,584,511,403,315,219,90,84,28,-,-
Palmeiras (BA),875,835,863,816,684,543,492,412,328,305,252,264,185,212,188,116,72,62,5,9,-
Paramirim (BA),1418,2030,2058,2291,1707,1422,1405,1047,978,903,825,634,532,431,423,292,288,198,28,12,-
Paratinga (BA),3032,3733,4033,3634,2259,1603,1528,1416,1214,1015,1041,756,550,646,516,320,274,73,36,-,-
Paripiranga (BA),2848,2990,3121,2599,2282,1858,1867,1572,1229,1116,993,1019,870,587,606,384,315,218,85,32,-
Pau Brasil (BA),1467,1509,1639,1654,1207,866,752,699,650,542,504,372,316,326,214,130,126,52,19,4,-
Paulo Afonso (BA),9650,9423,10450,11003,10378,8140,7026,6193,4885,4548,3992,3236,2416,1829,1302,1181,527,213,72,23,12
Pé de Serra (BA),1388,1590,1764,1557,1249,914,963,706,617,465,543,443,453,262,260,149,97,81,27,3,-
Pedrão (BA),674,779,825,862,710,486,364,345,252,335,231,237,234,201,148,125,62,71,31,7,-
Pedro Alexandre (BA),2325,2860,2181,1901,1605,1596,1104,712,712,655,683,341,282,315,183,99,42,14,-,-,-
Piatã (BA),1890,2024,2266,2311,1657,1162,1054,995,1023,849,640,780,616,505,503,272,279,81,60,9,-
Pilão Arcado (BA),3739,3995,4367,4004,2648,1877,1573,1489,1238,1162,1157,838,676,720,479,319,272,87,46,8,19
Pindaí (BA),1392,1725,1863,1998,1471,1080,989,893,790,660,621,476,458,321,324,172,139,84,31,8,-
Pindobaçu (BA),2248,2236,2446,2437,1997,1705,1475,1202,1032,918,851,633,536,298,244,303,196,65,28,9,10
Pintadas (BA),1184,1188,1267,1322,1084,739,721,521,387,450,467,428,309,215,207,148,174,89,23,1,3
Piraí do Norte (BA),1322,1377,1586,1494,1074,718,624,647,517,445,326,202,313,245,215,53,50,22,11,-,-
Piripá (BA),1791,1954,1825,1835,1419,1175,1138,954,746,600,561,533,495,340,306,166,138,122,12,18,-
Piritiba (BA),1954,2157,2411,2412,1628,1268,1069,1071,861,775,831,560,507,494,334,329,224,93,34,25,-
Planaltino (BA),774,867,1007,971,698,512,496,431,420,315,290,307,223,233,175,120,69,35,20,-,-
Planalto (BA),2234,2364,2537,2683,2059,1495,1402,1327,1120,858,774,762,682,485,448,232,97,134,14,-,-
Poções (BA),4492,4646,5207,5505,3994,2895,2643,2554,2280,2008,1672,1445,1406,1099,865,693,400,257,88,40,25
Pojuca (BA),2524,2656,2982,3254,2860,2273,2110,1781,1370,1136,904,586,587,454,236,190,156,64,48,21,11
Ponto Novo (BA),1920,2153,2266,2037,1627,1297,1178,892,657,592,524,700,375,382,271,124,107,72,-,13,-
Porto Seguro (BA),12777,10650,10633,11292,11365,9046,7536,6295,4855,3451,2724,1562,1322,857,543,399,174,176,65,-,-
Potiraguá (BA),1654,2055,1964,1739,1424,945,947,817,690,546,455,398,373,215,188,55,49,41,23,-,-
Prado (BA),3343,3237,3439,3159,2439,1946,1699,1504,1284,1074,833,739,546,523,306,222,89,92,14,10,-
Presidente Dutra (BA),1279,1430,1542,1665,1375,1091,1000,865,725,550,563,438,384,287,287,135,37,58,8,11,-
Presidente Jânio Quadros (BA),1588,1755,1913,2236,1596,1194,995,876,835,677,696,675,679,407,310,293,208,68,23,9,12
Presidente Tancredo Neves (BA),2147,2337,2718,2772,1941,1257,988,1090,878,982,624,466,470,308,213,172,153,105,21,-,-
Queimadas (BA),2613,2975,3107,3075,2151,1525,1526,1319,1059,981,1065,696,688,531,505,361,174,152,85,7,19
Quijingue (BA),3054,3204,3356,2962,2362,1707,1796,1350,1154,1046,1061,993,758,414,353,286,292,140,44,32,11
Quixabeira (BA),1016,983,1220,1163,804,651,575,521,444,394,408,361,313,162,201,99,71,39,25,15,-
Rafael Jambeiro (BA),2347,2641,2858,3030,2043,1398,1246,1086,1027,937,759,826,661,523,373,353,241,173,54,14,10
Remanso (BA),3776,3772,4198,4543,3600,2719,2404,2091,1821,1514,1444,1206,1033,587,607,355,337,168,63,10,8
Retirolândia (BA),1032,1017,1258,1494,1090,768,724,592,560,454,487,403,276,223,206,127,96,47,32,5,-
Riachão das Neves (BA),2398,2757,3002,2950,1981,1318,1170,1198,1016,869,774,638,595,399,304,220,236,57,24,11,-
Riachão do Jacuípe (BA),2816,3168,3738,3816,3003,2360,2237,1793,1690,1438,1321,1171,764,760,667,461,208,134,59,22,6
Riacho de Santana (BA),2860,3240,3535,3321,2630,1979,1962,1703,1483,1092,965,972,969,575,483,326,244,150,126,11,18
Ribeira do Amparo (BA),1521,1961,1867,1520,1124,966,822,698,529,545,478,450,439,273,255,203,143,54,32,14,9
Ribeira do Pombal (BA),5123,5153,5770,5070,4161,3240,3070,2694,2180,1971,1866,1523,1509,866,621,570,497,248,128,10,-
Ribeirão do Largo (BA),1671,1803,1891,1859,1624,1211,1023,867,729,640,644,367,340,259,162,110,52,37,3,4,6
Rio de Contas (BA),1161,1320,1554,1663,1144,889,935,879,814,654,574,579,481,380,336,207,158,119,75,7,6
Rio do Antônio (BA),1367,1560,1724,1734,1312,1049,1047,916,707,620,622,467,484,303,253,168,176,93,30,5,-
Rio do Pires (BA),1002,1234,1388,1478,1173,731,752,662,646,566,500,420,410,316,303,202,123,52,33,5,15
Rio Real (BA),3958,4121,4087,4057,3122,2341,2187,1896,1516,1236,1069,917,870,602,507,329,217,186,31,-,11
Rodelas (BA),742,642,702,709,620,483,489,374,256,257,275,173,177,89,76,83,76,36,-,-,-
Ruy Barbosa (BA),3030,3070,3571,3510,2553,1927,1681,1551,1463,1195,1131,950,949,633,798,392,291,217,74,29,11
Salinas da Margarida (BA),1043,1138,1240,1350,1082,822,639,566,488,367,379,283,217,252,218,153,68,50,19,4,-
Salvador (BA),208419,206311,223746,281938,275499,227702,207978,191230,164468,127716,96704,66360,53826,40021,30777,19871,10975,5991,2371,814,390
Santa Bárbara (BA),1962,1836,1950,2144,1827,1283,1151,979,819,694,641,692,499,483,340,252,228,127,10,-,15
Santa Brígida (BA),1892,2293,2371,2107,1595,1024,994,920,662,668,532,525,667,262,227,248,240,71,39,11,5
Santa Cruz Cabrália (BA),3036,2874,2813,2768,2640,2028,1721,1505,1118,932,663,671,378,352,179,95,35,41,22,-,16
Santa Cruz da Vitória (BA),636,677,858,1043,693,515,440,438,397,307,217,258,147,130,58,85,52,42,28,3,-
Santa Inês (BA),1097,1134,1380,1331,1023,706,680,588,559,442,385,309,288,305,280,164,196,82,43,25,10
Santaluz (BA),3102,3484,3853,3885,3013,2206,2053,1771,1516,1195,1223,1017,747,576,630,280,228,97,59,21,-
Santa Luzia (BA),2025,2016,2328,1889,1390,951,993,837,742,534,543,444,436,354,215,200,99,40,10,12,4
Santa Maria da Vitória (BA),4334,4831,5393,5252,3656,2776,2590,2491,2107,1597,1272,1408,1154,879,665,433,227,110,54,28,4
Santana (BA),2450,2678,2731,2893,2123,1627,1510,1423,1245,1030,976,877,687,682,355,312,296,168,48,28,-
Santanópolis (BA),825,888,1084,1050,821,568,508,402,381,337,353,311,318,223,187,218,106,37,11,10,6
Santa Rita de Cássia (BA),2713,2895,3271,3180,2000,1431,1348,1367,1165,970,718,831,716,432,282,387,212,45,54,-,9
Santa Terezinha (BA),866,1007,1083,1005,758,533,494,399,386,312,317,307,323,254,293,149,125,57,21,5,4
Santo Amaro (BA),5655,5442,6183,7292,6260,4861,4088,3802,3216,2691,2240,1669,1487,1163,1002,444,510,212,161,17,19
Santo Antônio de Jesus (BA),7156,7176,8324,9309,8262,6899,6250,5488,4305,3317,2583,1906,1802,1470,1169,787,555,353,182,75,-
Santo Estêvão (BA),4441,4760,5279,5430,3726,2691,2321,2201,1953,1699,1399,1290,1192,875,670,519,395,225,49,11,19
São Desidério (BA),2349,2410,2428,2392,1832,1362,1157,1048,861,727,556,451,393,376,293,199,110,54,8,-,-
São Domingos (BA),743,739,942,1147,922,620,605,492,425,429,421,306,262,135,155,112,74,55,18,15,-
São Félix (BA),1289,1362,1477,1735,1503,1142,917,887,747,593,450,368,356,266,235,200,120,37,10,5,-
São Félix do Coribe (BA),1182,1319,1510,1544,1080,820,804,721,632,476,425,279,280,251,171,99,117,39,5,-,4
São Felipe (BA),1812,2055,2184,2601,1953,1559,1347,1134,1005,825,756,599,711,520,509,244,241,120,35,10,7
São Francisco do Conde (BA),2930,2735,2878,3326,3101,2289,1995,1626,1368,1020,794,679,545,332,304,134,146,36,33,-,10
São Gabriel (BA),2046,2259,2413,2395,1868,1369,1147,1049,844,719,624,698,378,334,251,183,81,6,15,8,-
São Gonçalo dos Campos (BA),2682,2644,3080,3353,2782,2173,1884,1594,1248,1055,903,850,819,695,463,357,191,139,46,23,18
São José da Vitória (BA),710,783,848,785,513,376,359,308,288,238,207,186,191,128,128,73,51,38,-,-,-
São José do Jacuípe (BA),895,984,1203,1244,798,650,570,540,430,355,362,304,281,172,137,156,92,38,21,-,-
São Miguel das Matas (BA),970,1091,1138,1116,907,757,628,621,501,418,386,308,318,307,261,153,78,28,24,11,-
São Sebastião do Passé (BA),3943,3930,4450,4975,4624,3429,2809,2560,2222,1827,1178,1187,848,730,515,283,218,127,60,36,9
Sapeaçu (BA),1484,1684,2147,2089,1480,1240,1094,931,791,654,672,409,486,388,411,240,88,81,66,14,-
Sátiro Dias (BA),2061,2003,2146,1963,1624,1152,1002,852,712,691,766,527,447,435,334,232,163,80,43,17,-
Saubara (BA),909,917,1091,1212,1076,821,713,652,576,461,372,325,312,275,190,109,98,54,25,5,-
Saúde (BA),1106,1143,1383,1430,1003,800,698,590,578,518,493,440,361,263,247,194,121,90,19,11,-
Seabra (BA),4567,4445,4694,4711,3638,2890,2520,2201,2007,1454,1366,1267,1116,722,804,361,362,244,35,17,-
Sebastião Laranjeiras (BA),967,1186,1272,1101,746,602,665,537,463,387,319,285,269,172,146,54,42,45,25,-,-
Senhor do Bonfim (BA),6615,6656,7116,7764,6791,5485,4991,4172,3653,3017,2577,2400,1874,1442,1170,972,541,326,129,10,22
Serra do Ramalho (BA),3983,4477,4670,4277,2706,1997,1867,1677,1370,1146,1169,921,849,621,351,167,172,102,22,37,19
Sento Sé (BA),4010,4058,4142,4046,3162,2402,2026,1778,1507,1213,962,832,732,522,390,357,162,89,66,-,6
Serra Dourada (BA),1758,2000,2214,2792,1715,1100,1082,1026,905,733,763,531,567,378,319,251,112,41,45,16,-
Serra Preta (BA),1642,1957,2228,2273,1619,1060,998,773,751,688,668,772,598,491,555,324,175,109,13,18,15
Serrinha (BA),8718,8812,10222,10782,8674,6393,5601,4623,3887,3087,3155,2267,2103,1492,1364,926,610,295,152,32,11
Serrolândia (BA),1100,1301,1563,1500,1087,864,771,712,632,532,478,610,430,304,331,136,118,78,41,15,13
Simões Filho (BA),10471,10174,10424,11646,10642,8553,7254,6157,5213,3965,3208,2021,1638,1083,724,428,284,90,53,23,15
Sítio do Mato (BA),1469,1692,1680,1559,997,665,669,651,524,410,343,276,256,189,166,81,66,42,17,-,-
Sítio do Quinto (BA),1913,2060,2081,1736,1449,1438,1229,1102,838,753,641,496,449,275,209,120,168,43,22,9,-
Sobradinho (BA),2286,2141,2471,2748,2396,1603,1386,1153,1063,1001,788,779,592,286,248,236,94,54,-,-,-
Souto Soares (BA),1872,1767,1901,1821,1350,1029,908,791,691,522,389,562,365,290,223,135,136,31,11,-,-
Tabocas do Brejo Velho (BA),1362,1524,1615,1546,1067,861,789,735,589,465,410,406,403,293,216,170,74,68,16,6,5
Tanhaçu (BA),1742,2128,2422,2555,1984,1458,1430,1065,1114,747,679,751,709,570,395,303,287,170,19,30,-
Tanque Novo (BA),1663,1729,1764,1809,1422,1134,1093,913,771,708,698,481,495,316,369,234,69,79,13,11,-
Tanquinho (BA),670,666,776,968,732,586,474,441,406,313,337,253,184,186,152,116,126,45,9,15,5
Taperoá (BA),1927,2009,2179,2048,1538,1048,910,901,755,567,481,398,360,302,193,118,69,89,34,7,-
Tapiramutá (BA),2132,2349,2383,2030,1487,1242,1032,1024,765,589,512,417,358,252,178,171,63,47,21,6,3
Teixeira de Freitas (BA),11181,11552,12208,12762,10658,8698,8090,7319,6016,4932,3721,2888,2352,1873,1339,888,536,269,90,66,49
Teodoro Sampaio (BA),806,946,1061,1091,922,657,595,519,319,328,347,286,261,225,164,141,97,82,24,10,4
Teofilândia (BA),2463,2575,2762,2576,1949,1400,1347,1094,853,688,705,573,471,285,200,232,133,82,39,6,-
Teolândia (BA),1654,1696,1838,1722,1143,841,764,703,596,558,359,317,318,198,215,111,48,28,17,14,-
Terra Nova (BA),1373,1377,1415,1612,1383,957,831,734,671,502,496,334,350,309,249,153,106,5,4,9,5
Tremedal (BA),1939,2330,2509,2659,1763,1281,1254,1186,1107,897,782,917,850,512,449,358,180,101,40,52,33
Tucano (BA),5345,5940,6345,5970,4662,3648,3341,2837,2371,1948,1966,1566,1445,990,998,765,474,239,55,33,10
Uauá (BA),2332,2908,3211,3276,2573,1653,1694,1461,1234,1005,974,1233,870,701,513,371,212,196,64,24,10
Ubaíra (BA),1999,2087,2966,3016,1950,1173,1174,1142,1148,858,842,544,665,520,463,359,154,63,84,19,-
Ubaitaba (BA),2472,2834,3064,3134,2249,1573,1401,1326,1215,1000,793,698,603,553,360,310,177,58,16,18,-
Ubatã (BA),2154,2260,2816,2791,2185,1281,1141,1211,1171,958,798,682,666,625,488,284,159,96,9,9,18
Uibaí (BA),1282,1314,1636,1676,1257,1006,1001,855,653,563,545,489,429,282,224,175,142,65,19,-,-
Umburanas (BA),1581,1727,1871,1872,1415,1113,948,767,642,477,492,319,369,186,187,66,82,8,18,-,-
Una (BA),3478,3702,4107,3907,3061,2147,1936,1894,1667,1377,1075,884,713,511,360,236,98,48,28,16,16
Urandi (BA),1578,1793,2046,2048,1474,1065,1045,924,842,689,556,555,388,348,329,149,143,79,12,6,7
Uruçuca (BA),1980,2236,2608,2621,1957,1265,1187,1148,1133,921,751,686,553,464,347,243,130,58,27,8,-
Utinga (BA),2250,2025,2092,1962,1610,1221,1010,947,786,617,569,396,354,382,237,215,98,76,10,15,18
Valença (BA),7904,8736,9141,9612,7653,5971,5430,4901,4171,3229,2534,2128,1859,1467,1234,716,376,224,114,69,40
Valente (BA),1822,1718,2221,2371,2005,1552,1406,1182,900,780,740,677,544,384,363,197,171,71,33,7,-
Várzea da Roça (BA),1424,1552,1748,1655,1216,842,814,767,668,525,561,473,411,286,330,121,110,108,16,-,6
Várzea do Poço (BA),625,768,900,913,603,490,492,444,430,354,327,300,231,192,168,83,138,40,16,-,-
Várzea Nova (BA),1563,1681,1857,1738,1300,980,874,793,660,540,570,465,381,240,226,130,72,48,23,7,5
Varzedo (BA),801,818,986,1045,854,655,587,461,401,365,337,353,314,229,180,116,98,38,23,6,6
Vera Cruz (BA),3360,2973,3049,3431,3118,2609,2228,1954,1601,1294,1018,826,735,580,537,194,92,120,20,11,-
Vereda (BA),805,843,949,809,584,501,488,462,365,338,315,224,261,158,215,46,30,50,8,-,-
Vitória da Conquista (BA),25195,25265,27598,31162,27481,21891,20080,18197,15001,11750,10249,7610,6800,5040,3919,2492,1511,855,252,86,60
Wagner (BA),1106,1124,1109,1100,815,615,529,460,410,305,320,231,284,187,127,112,83,35,15,-,9
Wanderley (BA),1320,1625,1874,1856,1247,984,808,798,661,578,492,395,349,286,140,120,88,25,3,-,-
Wenceslau Guimarães (BA),2771,3001,3239,2994,2334,1704,1493,1392,1126,947,912,408,461,498,293,151,128,44,9,20,-
Xique-Xique (BA),5495,5664,6078,5750,3891,2788,2517,2386,2076,1680,1416,1372,1130,889,674,408,267,141,78,10,8
Abadia dos Dourados (MG),546,514,513,569,523,531,569,499,407,358,375,301,248,223,115,100,45,10,1,-,-
Abaeté (MG),1913,1950,2154,2173,1764,1724,1835,1828,1520,1280,903,975,779,558,407,268,216,102,10,-,-
Abre Campo (MG),1188,1321,1380,1479,1161,940,967,920,841,674,592,412,489,326,271,190,132,43,22,-,-
Acaiaca (MG),330,369,412,404,363,320,250,289,226,167,156,136,98,128,90,75,44,24,7,-,-
Açucena (MG),1201,1213,1305,1269,942,799,676,661,538,513,423,487,496,296,297,183,124,53,7,-,6
Água Boa (MG),2383,2464,2422,1843,1508,1122,1223,972,857,754,536,524,466,391,240,75,86,43,24,24,-
Água Comprida (MG),159,204,204,195,215,172,162,112,147,114,128,72,71,46,26,24,36,6,-,-,-
Aguanil (MG),301,291,320,318,295,252,277,259,248,233,170,139,162,86,104,59,25,23,-,-,-
Águas Formosas (MG),1791,1994,2134,2173,1540,1191,1103,1012,882,792,639,767,560,496,262,243,131,107,28,-,-
Águas Vermelhas (MG),1294,1432,1561,1434,1017,794,774,688,610,530,421,396,324,230,179,82,59,35,18,-,-
Aimorés (MG),2102,2201,2430,2470,2193,1885,1840,1742,1559,1401,1141,951,857,866,647,428,213,115,28,27,9
Aiuruoca (MG),542,590,555,580,504,480,517,500,452,370,275,290,229,221,172,92,51,45,4,-,-
Alagoa (MG),245,270,240,269,177,163,216,247,185,182,144,101,110,101,78,54,18,-,-,-,-
Albertina (MG),280,247,244,260,264,253,207,181,230,164,100,146,103,64,45,21,23,6,3,-,-
Além Paraíba (MG),2807,2875,2839,3041,2842,2505,2568,2704,2520,1957,1645,1145,1189,1059,778,588,259,230,20,25,13
Alfenas (MG),5807,6023,6458,6840,6459,5146,5091,5089,4712,3854,3099,2255,1822,1582,1199,787,450,150,113,20,-
Alfredo Vasconcelos (MG),505,451,478,521,457,479,336,354,340,256,312,206,70,145,54,88,26,16,7,-,-
Almenara (MG),3192,3404,4200,4295,3217,2490,2395,2296,1931,1683,1378,1307,1117,931,653,425,226,70,109,32,34
Alpercata (MG),678,691,748,750,659,486,426,490,405,345,277,261,213,167,149,103,63,41,9,5,-
Alpinópolis (MG),1636,1671,1682,1653,1389,1309,1402,1324,1135,958,679,594,530,345,319,161,165,69,10,-,-
Alterosa (MG),1124,1145,1273,1232,1091,990,1023,962,837,717,580,537,421,387,303,168,126,44,6,5,5
Alto Caparaó (MG),488,439,477,491,416,396,359,334,276,242,190,135,146,96,92,61,8,15,6,-,6
Alto Rio Doce (MG),1143,1349,1489,1465,1189,944,983,884,802,700,577,593,481,430,386,204,130,71,30,3,4
Alvarenga (MG),434,496,619,644,407,325,308,379,331,255,224,191,186,163,111,50,58,12,8,11,-
Alvinópolis (MG),1391,1453,1549,1582,1362,1074,1083,1160,933,805,637,636,570,454,325,270,191,99,11,4,-
Alvorada de Minas (MG),410,435,440,372,293,245,231,153,194,160,107,122,85,87,77,84,22,3,-,6,-
Amparo do Serra (MG),494,543,583,582,456,361,385,340,337,245,216,215,221,147,105,128,80,32,8,-,-
Andradas (MG),2514,2673,2823,3062,2980,2756,2722,2617,2299,1978,1583,1227,1121,1018,790,425,246,115,11,9,-
Cachoeira de Pajeú (MG),930,948,1056,980,716,558,530,506,430,382,325,286,280,222,154,105,76,21,6,12,-
Andrelândia (MG),949,1054,1082,1195,1050,940,893,938,844,742,543,546,430,439,282,212,116,37,18,-,-
Angelândia (MG),1058,1039,1040,926,640,479,433,376,345,273,149,248,181,114,50,59,23,7,-,9,18
Antônio Carlos (MG),955,1064,1026,1055,1000,901,884,853,707,532,536,379,331,233,195,80,89,33,10,7,-
Antônio Dias (MG),1066,1169,1098,1097,915,732,741,669,553,450,341,340,299,192,157,92,97,10,19,7,-
Antônio Prado de Minas (MG),117,156,147,170,137,133,158,136,116,104,89,88,76,53,60,13,34,6,-,-,-
Araçaí (MG),203,200,200,263,194,154,184,153,127,107,81,67,82,36,36,34,17,7,-,-,-
Aracitaba (MG),144,142,195,199,157,110,163,133,179,202,79,119,72,71,71,24,24,3,-,-,-
Araçuaí (MG),3474,3949,4267,4403,3137,2477,2296,2163,1806,1430,1253,1243,1206,824,754,411,241,222,108,48,-
Araguari (MG),8089,8545,9556,9708,9544,8443,8577,8229,6887,5763,5057,3630,3254,2485,1679,1155,872,324,106,40,31
Arantina (MG),261,244,243,276,230,203,243,229,196,171,167,95,124,78,46,46,42,12,-,-,-
Araponga (MG),859,869,938,950,802,598,504,491,388,356,254,256,214,181,95,119,25,4,13,-,-
Araporã (MG),523,512,508,526,505,487,450,393,332,289,243,159,149,100,50,53,13,8,9,-,-
Arapuá (MG),214,216,212,258,198,240,176,207,175,216,163,127,135,85,70,44,12,21,2,-,-
Araújos (MG),601,532,637,598,551,507,522,495,450,319,226,187,219,123,137,66,23,10,6,8,-
Araxá (MG),6209,6916,7459,7969,7106,6059,6308,6439,5885,4791,3676,2822,2312,1834,1425,910,503,282,56,19,18
Arceburgo (MG),601,663,770,780,677,577,634,567,554,470,370,347,320,252,231,115,74,15,18,-,-
Arcos (MG),2423,2733,3074,3472,3107,2613,2804,2753,2379,1935,1346,1320,879,703,449,473,155,53,17,-,-
Areado (MG),924,1112,1204,1230,1064,855,945,895,825,642,617,466,483,328,251,235,98,34,20,-,-
Argirita (MG),257,254,324,347,334,129,173,219,242,178,151,135,140,73,92,54,43,16,10,-,-
Aricanduva (MG),456,563,551,496,343,293,297,243,205,142,196,178,95,66,68,33,16,8,6,-,-
Arinos (MG),1973,2099,2246,2218,1466,1128,1112,1061,957,805,612,583,501,370,320,126,85,39,8,-,-
Astolfo Dutra (MG),889,991,1061,1097,1035,920,999,874,826,641,522,541,388,358,295,165,126,44,27,7,-
Ataléia (MG),1629,1859,2156,2042,1276,1107,1027,908,928,781,650,637,561,403,289,209,180,64,30,4,6
Augusto de Lima (MG),491,573,595,543,430,365,348,366,277,237,233,223,165,106,95,71,11,31,-,-,-
Baependi (MG),1355,1603,1690,1728,1471,1328,1314,1351,1163,1052,881,609,606,466,424,204,161,79,9,16,13
Baldim (MG),701,814,891,875,645,513,563,567,485,382,364,298,282,279,202,181,73,24,16,-,-
Bambuí (MG),1590,1698,1843,1845,1574,1633,1756,1882,1615,1354,1242,934,928,696,488,399,122,90,8,-,-
Bandeira (MG),460,504,661,643,413,345,382,327,276,264,206,268,186,121,117,39,61,26,11,3,4
Bandeira do Sul (MG),438,474,465,455,412,398,415,378,351,253,217,192,159,95,61,90,29,6,11,-,-
Barão de Cocais (MG),2197,2317,2506,2485,2164,1833,1795,1902,1653,1237,892,596,449,539,400,260,120,45,-,-,-
Barão do Monte Alto (MG),486,618,651,607,511,396,438,416,383,330,277,248,197,228,224,118,51,30,17,-,6
Barbacena (MG),9229,9870,10318,10653,10173,9123,9214,9414,8548,6736,5754,3935,3339,2970,2157,1306,931,295,133,21,8
Barra Longa (MG),574,681,763,842,653,468,466,515,467,432,306,336,238,295,194,167,106,25,20,6,-
Barroso (MG),1627,1631,1684,1881,1751,1475,1533,1506,1261,971,758,713,445,523,282,148,95,38,29,8,-
Bela Vista de Minas (MG),938,904,967,1090,992,757,789,758,604,429,383,336,293,273,142,137,38,16,-,-,-
Belmiro Braga (MG),289,355,317,290,291,280,303,244,214,156,193,116,117,79,85,43,31,22,-,-,-
Belo Horizonte (MG),178346,175127,190048,221922,231942,198002,183809,179979,159919,130530,104387,79942,65471,50732,39329,24243,13944,7507,2437,611,299
Belo Oriente (MG),2096,1994,2060,2204,1964,1620,1450,1285,1092,975,615,626,494,378,276,144,161,52,19,11,-
Belo Vale (MG),571,617,738,767,621,566,522,580,456,521,417,301,341,184,247,104,71,17,11,-,-
Berilo (MG),1330,1550,1790,1778,1262,897,776,717,566,525,404,378,323,284,150,127,76,42,4,-,-
Bertópolis (MG),541,522,528,529,368,288,263,252,196,184,189,154,165,104,35,42,34,12,24,6,-
Berizal (MG),400,447,544,522,331,244,257,232,229,171,162,115,99,77,55,41,31,5,9,-,-
Betim (MG),32802,32284,32139,33260,31657,27504,26063,23738,20479,14850,9792,6893,5176,4204,2656,1585,754,553,117,98,72
Bias Fortes (MG),365,376,414,432,388,332,297,318,280,262,195,226,168,117,93,76,26,12,16,-,-
Bicas (MG),965,1043,1080,1158,1033,869,965,1022,886,790,739,509,477,430,321,273,141,48,33,11,-
Biquinhas (MG),196,231,284,252,184,202,226,237,133,177,136,174,124,113,76,56,16,5,-,-,-
Boa Esperança (MG),3491,3657,3954,3808,3159,2742,2623,2766,2491,2008,1427,1376,1073,870,634,475,315,149,45,11,-
Bocaina de Minas (MG),416,463,497,430,400,407,425,414,330,280,224,211,206,120,95,57,26,14,5,-,-
Bocaiúva (MG),4350,4699,5340,4766,4075,3236,3141,2893,2476,1817,1552,1244,1194,732,543,365,215,122,38,9,-
Bom Despacho (MG),3358,3824,3983,3951,3447,3105,3281,3269,2680,2221,1670,1415,1337,843,774,367,274,106,38,-,-
Bom Jardim de Minas (MG),552,549,580,641,564,457,523,529,463,371,296,278,226,257,186,103,45,23,-,-,-
Bom Jesus da Penha (MG),304,319,311,288,275,262,312,287,270,189,166,155,137,64,77,44,25,25,13,-,-
Bom Jesus do Amparo (MG),435,487,530,492,425,280,346,341,288,244,214,184,152,143,114,96,31,9,5,-,-
Bom Jesus do Galho (MG),1380,1550,1810,1806,1379,1122,1007,992,905,773,713,644,557,563,391,307,144,99,24,8,-
Bom Repouso (MG),1020,970,1166,1140,1044,891,853,880,671,615,439,368,324,163,134,113,47,12,6,-,-
Bom Sucesso (MG),1457,1601,1692,1748,1455,1240,1170,1213,1188,955,783,630,607,443,296,254,233,90,10,-,-
Bonfim (MG),472,516,540,588,575,523,548,496,454,415,419,328,281,279,210,109,59,48,5,-,-
Bonfinópolis de Minas (MG),600,724,751,761,553,485,453,418,374,288,294,196,170,121,128,79,11,25,8,5,-
Bonito de Minas (MG),1024,991,1045,1039,572,493,417,382,351,330,293,209,202,231,96,79,57,49,4,-,-
Borda da Mata (MG),1032,1160,1224,1288,1119,1112,1146,1217,1114,903,729,572,556,455,334,239,131,89,15,4,-
Botelhos (MG),1314,1337,1370,1427,1284,1224,1085,1135,1026,863,693,553,546,432,345,198,180,77,11,-,-
Botumirim (MG),810,904,982,871,591,372,358,391,333,316,221,185,198,110,92,45,27,17,8,3,-
Brasilândia de Minas (MG),1371,1415,1334,1294,989,852,840,733,627,552,366,339,244,213,123,112,35,8,8,7,12
Brasília de Minas (MG),2750,3735,3912,4213,2722,2100,1816,1857,1532,1477,1240,1041,935,721,403,328,239,116,59,-,-
Brás Pires (MG),439,570,592,575,366,321,325,383,258,234,239,206,207,153,121,57,56,3,3,-,-
Braúnas (MG),493,512,582,552,382,342,365,336,268,272,197,262,258,199,141,154,53,41,-,-,-
Brazópolis (MG),1311,1432,1424,1494,1368,1178,1029,977,924,825,645,677,552,467,379,264,75,92,44,-,8
Brumadinho (MG),2405,2519,2490,2498,2448,2242,2294,2163,1687,1359,1194,854,706,679,512,343,123,84,8,7,-
Bueno Brandão (MG),856,888,1000,1019,927,952,826,849,750,637,612,405,390,282,280,142,59,44,6,9,-
Buenópolis (MG),990,1138,1298,1135,926,708,662,622,526,513,474,380,307,306,255,154,82,31,4,3,-
Bugre (MG),365,400,433,436,322,264,289,260,212,187,112,201,138,142,98,41,30,15,-,4,-
Buritis (MG),2211,2384,2348,2367,1902,1523,1434,1348,1095,955,794,551,519,380,284,150,42,73,24,12,-
Buritizeiro (MG),2951,3040,3283,3157,2517,1840,1689,1586,1337,1161,964,624,677,355,387,155,70,66,37,-,9
Cabeceira Grande (MG),628,664,665,584,497,485,490,394,347,289,204,181,208,129,80,37,21,14,3,-,-
Cabo Verde (MG),1275,1258,1269,1448,1263,1164,1056,973,930,722,608,432,382,400,242,163,87,49,6,-,-
Cachoeira da Prata (MG),281,309,351,348,333,306,280,309,270,174,232,127,130,114,91,56,24,23,21,-,-
Cachoeira de Minas (MG),949,877,982,985,956,759,801,840,734,594,555,401,354,278,238,124,88,40,-,-,-
Cachoeira Dourada (MG),148,212,231,216,215,168,186,187,139,116,59,102,76,69,75,63,10,17,10,-,6
Caetanópolis (MG),710,861,902,857,660,656,718,714,599,445,310,311,273,198,171,104,50,19,9,-,4
Caeté (MG),3126,3107,3478,3777,3582,2806,2721,2850,2388,1938,1720,1205,1098,971,688,438,235,136,25,10,-
Caiana (MG),416,424,431,446,344,361,319,310,297,230,153,188,155,95,89,66,19,16,4,3,-
Cajuri (MG),366,379,425,491,412,317,272,269,285,210,149,169,153,111,76,50,20,32,-,-,3
Caldas (MG),916,1010,1094,1096,987,963,1065,1043,894,766,656,609,521,379,390,203,115,59,-,-,-
Camacho (MG),294,303,379,390,343,260,264,239,219,180,184,132,107,91,47,54,29,-,18,-,-
Camanducaia (MG),1812,1962,1917,2073,1949,1753,1781,1577,1354,1060,950,667,611,400,277,320,54,9,12,-,-
Cambuí (MG),1811,1892,2019,2153,2020,1861,1836,1779,1586,1353,1108,955,876,611,609,227,192,56,25,-,-
Cambuquira (MG),1105,1166,1190,1101,995,902,867,943,884,719,607,495,489,341,387,151,114,44,38,-,-
Campanário (MG),328,420,442,321,266,295,230,213,175,144,138,90,119,51,85,48,35,9,6,-,4
Campanha (MG),1323,1358,1393,1341,1144,1014,1032,1095,951,807,604,452,434,407,330,159,119,87,33,9,5
Campestre (MG),1739,1940,1755,1911,1876,1646,1731,1520,1580,1306,1008,722,579,411,344,259,133,62,32,-,-
Campina Verde (MG),1464,1608,1903,1814,1525,1413,1444,1471,1251,1059,937,791,752,576,405,312,179,128,55,12,-
Campo Azul (MG),362,447,491,398,243,230,180,193,213,162,111,122,155,119,72,37,22,7,-,11,-
Campo Belo (MG),3879,3920,4450,4823,4409,3876,3536,3660,3617,3024,2518,1779,1660,1443,1086,925,400,137,37,8,-
Campo do Meio (MG),967,1141,1115,1145,1017,864,875,818,859,640,481,363,282,370,196,150,90,54,6,-,5
Campo Florido (MG),522,566,447,508,486,415,485,370,422,298,287,150,229,99,71,37,37,11,2,4,-
Campos Altos (MG),1236,1286,1384,1327,1193,1030,991,896,784,681,464,458,380,245,207,160,68,13,6,-,10
Campos Gerais (MG),2625,2685,2679,2690,2520,2211,2051,1844,1656,1294,1133,866,596,694,333,282,303,60,12,7,-
Canaã (MG),370,457,557,534,414,322,329,327,301,265,191,180,158,161,98,49,46,24,6,-,-
Canápolis (MG),894,972,1029,1005,1003,915,943,836,659,559,419,411,298,273,192,119,69,14,18,5,-
Cana Verde (MG),433,465,546,576,504,429,366,401,397,346,257,231,222,171,159,92,33,29,5,4,-
Candeias (MG),1085,1177,1303,1283,1252,1129,1142,1078,1034,890,683,592,491,511,386,254,117,32,22,-,-
Cantagalo (MG),387,446,473,498,306,243,222,218,199,190,156,111,108,95,56,36,56,19,15,4,-
Caparaó (MG),567,535,542,545,483,430,405,323,272,241,164,140,115,83,73,45,28,9,-,-,-
Capela Nova (MG),403,379,436,456,445,376,412,383,302,281,221,194,168,198,140,105,28,26,5,3,3
Capelinha (MG),3800,3852,4079,3794,2807,2178,2026,1893,1639,1269,854,960,703,527,303,286,122,89,39,-,10
Capetinga (MG),668,717,699,712,673,534,540,471,493,449,389,290,249,212,191,73,55,5,5,-,-
Capim Branco (MG),754,779,784,776,746,552,618,647,508,423,300,231,257,173,151,140,41,11,9,-,-
Capinópolis (MG),1128,1256,1349,1310,1252,1183,1233,1154,907,750,705,572,535,391,250,230,90,72,31,-,5
Capitão Andrade (MG),345,448,474,492,323,245,250,289,240,220,196,190,179,139,112,84,40,22,13,6,-
Capitão Enéas (MG),1583,1721,1698,1511,1090,905,876,806,675,514,414,370,366,164,129,107,99,59,17,9,-
Capitólio (MG),625,618,617,710,721,671,616,631,577,478,460,195,246,209,126,150,57,19,11,-,-
Caputira (MG),943,872,969,997,829,678,605,576,501,410,312,288,269,192,179,146,44,9,10,5,-
Caraí (MG),2407,2514,2909,2695,1686,1237,1171,1106,1004,886,763,613,580,520,452,265,113,50,10,-,-
Caranaíba (MG),313,377,358,395,292,298,207,296,205,176,121,134,135,107,53,23,38,16,-,6,-
Carandaí (MG),1829,2074,2038,2085,1861,1640,1713,1694,1538,1136,966,667,572,458,328,218,128,77,10,-,24
Carangola (MG),2732,2845,2908,2934,2710,2318,2374,2361,2177,1929,1506,1227,1014,978,911,518,250,157,43,6,22
Caratinga (MG),7038,7156,7732,8275,7420,6128,5809,5538,4847,4128,3298,2580,2364,2039,1393,1112,448,292,153,39,-
Carbonita (MG),898,1073,1165,1060,698,552,581,589,461,376,411,226,270,222,161,130,53,34,7,-,-
Careaçu (MG),519,502,514,576,516,491,444,423,395,328,267,225,175,168,154,67,15,15,10,-,6
Carlos Chagas (MG),1998,2127,2134,2690,1842,1586,1505,1394,1245,1212,912,883,918,568,472,233,82,102,45,35,11
Carmésia (MG),232,205,254,229,199,169,141,158,108,122,77,90,72,59,41,36,13,25,15,2,-
Carmo da Cachoeira (MG),1256,1253,1174,1201,1001,911,837,875,726,596,448,360,321,234,185,122,70,30,-,-,-
Carmo da Mata (MG),893,904,895,987,920,776,797,766,685,575,478,407,390,294,327,176,57,50,23,-,-
Carmo de Minas (MG),1348,1296,1254,1362,1174,1006,925,866,765,626,451,403,313,277,211,137,79,36,14,-,3
Carmo do Cajuru (MG),1668,1561,1575,1668,1627,1462,1441,1294,1076,836,783,560,549,370,349,197,99,17,15,11,-
Carmo do Paranaíba (MG),2471,2697,2661,2906,2627,2438,2446,2296,2025,1643,1401,1005,789,827,503,419,186,76,44,-,-
Carmo do Rio Claro (MG),1661,1791,1889,1981,1799,1542,1519,1504,1331,1087,934,648,549,560,362,320,140,61,47,7,-
Carmópolis de Minas (MG),1306,1340,1357,1420,1301,1153,1166,1039,892,704,606,517,494,419,329,150,81,36,22,17,-
Carneirinho (MG),714,757,891,898,758,699,667,657,588,536,454,340,258,271,227,94,70,27,-,3,-
Carrancas (MG),337,387,416,392,270,255,255,319,257,214,183,163,141,110,78,70,27,8,-,-,5
Carvalhópolis (MG),291,231,258,260,228,217,251,226,243,149,168,124,107,104,98,88,14,32,-,-,-
Carvalhos (MG),348,456,442,440,342,329,359,388,316,265,264,182,200,126,140,35,66,31,5,-,-
Casa Grande (MG),189,222,186,180,196,169,199,200,121,94,139,90,86,75,51,39,8,12,9,-,-
Cascalho Rico (MG),214,235,215,225,238,243,205,207,146,137,143,125,116,81,54,2,22,14,-,-,-
Cássia (MG),1471,1597,1611,1688,1470,1320,1227,1239,1211,1068,805,705,586,462,327,326,60,99,6,-,-
Conceição da Barra de Minas (MG),353,363,391,414,401,322,327,274,241,189,199,138,158,87,69,45,39,8,3,-,-
Cataguases (MG),4925,5355,5761,6021,5433,4757,5020,5244,4699,3787,3166,2517,2083,1907,1454,966,585,164,105,10,22
Catas Altas (MG),451,421,433,417,425,344,351,316,255,191,157,139,103,97,76,35,23,7,-,-,-
Catas Altas da Noruega (MG),303,357,372,390,309,231,213,185,200,142,141,119,91,85,70,32,31,17,-,-,-
Catuji (MG),885,1078,1149,1109,679,461,370,366,382,295,239,201,164,152,84,76,59,19,12,7,-
Catuti (MG),561,697,777,663,408,336,376,338,257,224,169,164,142,86,56,32,31,10,10,-,-
Caxambu (MG),1712,2037,2112,2227,1900,1684,1668,1637,1563,1218,1201,688,722,604,499,350,143,107,46,-,11
Cedro do Abaeté (MG),87,127,122,120,68,77,90,118,100,83,65,23,74,56,27,23,14,14,-,-,-
Central de Minas (MG),510,548,637,722,568,419,429,456,398,327,312,269,322,250,156,151,33,34,6,-,-
Centralina (MG),782,902,999,892,971,865,826,834,665,557,410,443,400,257,214,139,52,17,10,-,-
Chácara (MG),232,241,198,199,170,183,170,188,139,124,136,77,104,77,56,37,19,20,-,-,-
Chalé (MG),569,521,600,637,487,431,409,362,341,298,204,189,149,165,149,72,40,21,19,-,-
Chapada do Norte (MG),1798,1991,2165,2043,1443,989,810,784,640,592,522,383,408,258,215,82,60,30,5,7,-
Chapada Gaúcha (MG),901,1029,1025,924,563,414,398,406,333,302,244,194,206,103,80,76,25,36,6,5,-
Chiador (MG),236,273,248,264,290,210,231,218,184,174,163,135,85,112,95,51,23,22,6,-,-
Cipotânea (MG),571,598,675,756,521,413,444,472,363,243,228,280,194,225,166,96,68,28,-,4,-
Claraval (MG),350,423,475,535,362,290,292,290,308,256,269,138,149,113,62,13,-,2,7,-,5
Claro dos Poções (MG),698,896,971,978,767,609,584,504,438,389,320,311,270,176,147,66,37,18,6,7,-
Cláudio (MG),2090,2175,2175,2225,2245,1918,1747,1743,1411,1128,955,640,634,491,432,250,139,89,35,-,-
Coimbra (MG),558,545,576,600,574,492,525,494,425,345,327,208,250,203,221,83,63,28,5,-,-
Coluna (MG),996,1102,1181,1109,910,646,568,485,422,412,331,298,288,239,141,104,84,36,10,8,-
Comendador Gomes (MG),216,252,303,292,232,197,263,270,176,156,119,102,67,91,54,37,11,3,-,-,-
Comercinho (MG),952,1113,1317,1268,857,629,559,570,520,512,450,416,367,227,235,111,79,14,-,-,9
Conceição da Aparecida (MG),717,789,933,926,837,715,686,717,638,545,427,366,295,270,217,152,89,42,5,5,-
Conceição das Pedras (MG),229,227,273,280,229,245,228,193,166,145,113,95,76,77,61,50,18,5,5,-,-
Conceição das Alagoas (MG),1672,1586,1573,1583,1598,1488,1476,1381,1114,919,861,444,395,495,279,151,94,47,-,-,-
Conceição de Ipanema (MG),320,360,423,449,340,337,327,304,254,240,149,253,219,137,154,40,40,12,9,9,-
Conceição do Mato Dentro (MG),1964,2147,2273,2023,1403,1128,1103,1121,960,844,766,594,652,566,373,312,243,80,57,27,-
Conceição do Pará (MG),399,433,481,508,413,358,349,351,273,255,190,208,172,139,104,106,33,16,5,-,-
Conceição do Rio Verde (MG),1246,1203,1196,1268,1026,903,901,901,740,628,527,442,438,278,206,195,93,44,33,5,-
Conceição dos Ouros (MG),823,830,856,896,785,722,707,690,606,469,450,260,248,208,177,95,61,38,4,4,-
Cônego Marinho (MG),681,784,871,855,540,366,356,326,305,280,275,240,229,113,98,69,49,22,5,5,8
Confins (MG),475,511,430,461,491,442,413,373,339,233,173,145,134,95,44,44,66,11,-,-,-
Congonhal (MG),710,722,726,833,756,758,762,720,611,502,383,365,332,172,180,124,54,8,8,-,-
Congonhas (MG),3670,4103,4152,4276,3754,3184,3343,3487,3068,2218,1580,1333,1086,799,570,337,174,51,62,9,-
Congonhas do Norte (MG),519,604,595,557,428,296,264,255,196,254,241,134,194,141,112,40,41,14,6,6,-
Conquista (MG),466,591,569,578,541,448,455,476,494,376,284,249,179,166,104,85,29,11,-,-,-
Conselheiro Lafaiete (MG),8428,9116,9744,10573,9330,7808,8059,8487,7936,6232,4688,3638,2813,2262,1626,1108,521,321,79,68,-
Conselheiro Pena (MG),1948,2110,2238,2247,1889,1636,1445,1448,1288,1130,737,1091,750,623,526,298,222,58,50,-,-
Consolação (MG),187,141,102,192,100,126,138,130,109,72,84,80,67,75,56,35,28,14,-,-,-
Contagem (MG),48873,48083,50046,55827,57215,49512,46323,43032,37702,29743,22505,15772,12363,8891,6127,3068,1834,917,287,58,32
Coqueiral (MG),900,938,994,990,794,718,642,699,644,547,397,339,331,239,147,176,69,39,9,-,-
Coração de Jesus (MG),2631,2995,3413,3175,2160,1653,1691,1602,1288,1107,888,902,692,594,424,247,193,61,6,-,7
Cordisburgo (MG),693,819,906,943,748,614,626,575,515,434,353,342,290,209,194,143,79,26,-,-,13
Cordislândia (MG),321,347,350,327,263,263,245,234,221,187,163,105,104,83,60,20,57,4,6,-,-
Corinto (MG),2253,2370,2524,2673,2091,1702,1651,1789,1580,1285,1073,815,798,698,573,361,204,97,9,-,-
Coroaci (MG),1079,1154,1173,1240,1007,705,749,615,519,438,357,439,417,343,310,111,97,28,17,4,-
Coromandel (MG),2360,2475,2517,2595,2353,2314,2356,2219,1897,1612,1280,1076,785,665,551,235,79,73,-,10,-
Coronel Fabriciano (MG),8911,8746,9594,10367,9652,8094,7816,7745,6775,5270,4028,2894,2662,1952,1331,865,428,219,55,40,9
Coronel Murta (MG),906,1019,1111,1181,754,589,536,569,485,406,303,284,308,228,190,107,108,28,11,6,5
Coronel Pacheco (MG),222,242,274,262,266,208,219,230,220,157,108,141,91,109,75,50,20,6,-,-,-
Coronel Xavier Chaves (MG),232,284,263,310,322,257,251,271,205,159,172,128,110,98,64,28,22,2,-,7,-
Córrego Danta (MG),267,296,303,353,295,269,259,281,233,237,206,213,171,104,98,41,30,7,7,-,4
Córrego do Bom Jesus (MG),266,289,386,387,293,216,283,288,263,228,245,202,201,166,114,50,48,23,-,-,-
Córrego Fundo (MG),418,455,460,537,490,439,443,410,327,274,214,200,179,128,108,40,34,18,6,-,-
Córrego Novo (MG),290,346,419,432,298,212,213,247,232,190,149,155,144,123,67,70,23,8,20,-,-
Couto de Magalhães de Minas (MG),411,492,483,445,336,290,270,242,230,160,145,121,139,64,67,37,15,42,12,7,-
Crisólita (MG),604,659,694,573,402,342,314,283,220,229,226,183,232,122,89,55,35,15,15,6,-
Cristais (MG),780,734,891,987,834,743,708,664,620,548,417,447,337,305,157,184,129,19,5,10,-
Cristália (MG),789,796,816,713,474,349,301,271,225,200,176,120,97,108,97,32,15,4,-,-,-
Cristiano Otoni (MG),441,462,440,499,498,363,375,360,293,269,227,166,215,81,50,74,62,18,-,9,3
Cristina (MG),898,952,1038,1030,904,822,810,793,606,511,468,422,361,279,220,116,69,36,3,-,-
Crucilândia (MG),340,340,397,442,412,377,346,346,275,238,192,181,183,129,141,61,49,19,9,-,-
Cruzeiro da Fortaleza (MG),387,335,376,279,355,355,311,294,204,162,176,126,118,70,82,35,46,3,-,-,5
Cruzília (MG),1298,1417,1326,1247,1047,1033,1113,1035,939,741,626,493,480,411,274,151,90,27,13,4,-
Cuparaque (MG),413,409,476,494,364,345,303,277,259,215,162,172,164,84,104,54,17,34,22,-,-
Curral de Dentro (MG),738,737,744,699,491,408,381,353,330,251,197,185,165,105,74,79,26,10,-,-,-
Curvelo (MG),6126,6705,6932,6902,5860,5196,5348,5160,4196,3387,2820,2275,1974,1694,1246,880,453,261,47,49,-
Datas (MG),499,636,640,545,424,340,343,326,268,201,144,160,131,147,160,47,13,8,-,7,-
Delfim Moreira (MG),758,723,763,838,659,634,657,634,514,351,338,325,284,199,159,105,78,3,11,-,-
Delfinópolis (MG),583,653,610,627,514,529,480,490,414,415,303,266,257,158,111,63,65,22,17,-,-
Delta (MG),520,486,497,538,560,484,398,359,294,249,210,150,118,82,44,58,8,6,4,-,-
Descoberto (MG),370,382,423,425,350,331,324,347,301,279,178,198,169,164,147,54,50,34,-,5,-
Desterro de Entre Rios (MG),494,575,664,684,511,447,488,515,460,397,271,378,301,268,168,114,26,20,25,-,-
Desterro do Melo (MG),256,331,372,313,274,207,229,243,210,184,141,162,121,82,66,44,29,8,-,-,-
Diamantina (MG),4274,4890,5415,5204,4027,3065,3119,3124,2482,1897,1624,1279,1145,1018,790,513,178,146,58,-,10
Diogo de Vasconcelos (MG),384,421,443,367,294,244,259,227,234,181,185,127,121,168,126,78,51,46,11,5,-
Dionísio (MG),898,949,1084,1192,893,727,737,651,580,464,432,405,372,256,262,119,96,54,17,3,-
Divinésia (MG),253,349,354,291,279,216,189,271,219,163,98,99,109,115,106,50,20,8,-,-,-
Divino (MG),1803,1867,1936,1921,1616,1375,1369,1291,1103,942,735,584,484,536,433,217,140,36,32,-,-
Divino das Laranjeiras (MG),391,459,536,561,416,348,361,331,280,248,242,185,179,152,126,72,41,17,10,9,-
Divinolândia de Minas (MG),696,807,824,713,501,379,406,439,330,285,203,206,203,149,133,89,52,11,7,-,-
Divinópolis (MG),14676,15764,17201,17837,17845,15299,15267,15864,13611,10609,8246,6255,5346,3821,2923,1670,983,498,169,61,18
Divisa Alegre (MG),565,612,607,555,439,350,333,308,228,196,202,97,133,39,76,19,41,15,-,-,-
Divisa Nova (MG),529,563,597,531,461,402,376,390,335,275,220,215,211,141,116,77,66,29,5,-,-
Divisópolis (MG),603,710,826,763,574,463,457,409,338,286,268,204,186,127,116,93,32,13,10,2,-
Dom Bosco (MG),405,467,477,448,339,301,275,286,232,209,175,113,101,93,54,40,20,19,-,-,-
Dom Cavati (MG),473,506,557,547,477,386,342,362,321,302,246,239,222,168,162,71,43,31,17,-,-
Dom Joaquim (MG),453,530,531,455,354,291,273,279,259,229,203,196,163,150,115,89,65,26,28,4,5
Dom Silvério (MG),376,436,491,501,407,377,385,388,342,268,264,232,259,153,175,73,63,22,16,-,-
Dom Viçoso (MG),248,269,287,345,317,226,237,232,198,170,147,108,116,91,49,79,5,4,-,6,-
Dona Euzébia (MG),494,513,475,508,472,421,431,458,359,255,182,221,163,161,121,88,20,11,8,-,-
Dores de Campos (MG),678,746,646,732,703,696,758,731,610,473,424,349,253,207,123,86,81,43,4,-,5
Dores de Guanhães (MG),520,564,620,575,402,346,378,358,306,253,220,193,230,184,91,54,59,13,13,-,-
Dores do Indaiá (MG),1143,1292,1180,1327,1132,1032,1098,1094,882,830,787,567,581,569,364,251,147,71,30,10,-
Dores do Turvo (MG),406,533,619,644,357,310,295,348,318,266,199,205,183,157,131,54,52,4,21,-,-
Doresópolis (MG),108,108,118,120,124,115,104,107,103,89,77,59,38,29,19,28,3,-,-,-,-
Douradoquara (MG),114,166,171,152,147,138,153,129,94,128,115,90,80,45,25,28,10,-,-,-,-
Durandé (MG),797,764,851,834,636,506,445,476,390,320,232,191,222,164,84,58,27,8,-,-,-
Elói Mendes (MG),1984,2056,1995,2125,1964,1738,1662,1736,1562,1244,1082,769,596,568,487,214,102,41,12,9,-
Engenheiro Caldas (MG),1006,922,995,1014,822,664,662,616,516,408,406,288,323,249,201,157,47,42,6,-,3
Engenheiro Navarro (MG),714,818,873,825,685,460,464,453,417,310,218,299,190,138,102,63,44,5,2,4,-
Entre Folhas (MG),467,462,497,597,476,341,309,366,282,236,223,159,207,165,109,59,66,22,4,7,-
Entre Rios de Minas (MG),1108,1171,1191,1382,1222,1039,1006,916,821,715,638,508,443,323,278,148,107,68,23,7,-
Ervália (MG),1442,1728,1897,1970,1534,1337,1134,1205,964,900,784,572,518,463,388,146,159,80,20,-,10
Esmeraldas (MG),5660,5354,4872,4523,4316,4061,3855,3562,2824,2145,1517,1266,1053,836,617,342,174,86,19,-,8
Espera Feliz (MG),2014,1955,2073,2221,1822,1610,1557,1449,1375,1098,781,689,573,471,357,236,154,78,14,-,-
Espinosa (MG),2969,3904,3968,4024,2679,2076,1999,1874,1623,1334,1065,950,712,729,489,246,173,100,52,3,8
Espírito Santo do Dourado (MG),344,329,327,373,313,351,363,323,285,257,227,189,141,135,112,48,40,4,-,-,-
Estiva (MG),791,907,996,991,900,844,861,813,716,563,439,465,350,287,229,123,39,30,-,4,18
Estrela Dalva (MG),193,277,272,251,219,186,200,191,173,145,117,109,78,72,69,42,62,11,8,-,-
Estrela do Indaiá (MG),277,294,358,344,275,245,264,268,218,222,202,152,163,139,81,47,13,10,16,6,5
Estrela do Sul (MG),587,621,649,652,610,529,560,578,458,374,319,234,245,182,134,66,47,33,5,-,-
Eugenópolis (MG),749,764,946,976,872,739,709,687,647,572,426,434,321,325,287,161,69,44,22,15,-
Ewbank da Câmara (MG),348,347,349,352,315,303,305,290,231,177,148,112,100,93,83,25,21,8,-,-,-
Extrema (MG),1634,1682,1862,1843,1780,1568,1526,1442,1344,960,832,808,689,437,452,231,74,41,9,4,-
Fama (MG),160,210,211,210,186,167,189,187,153,158,110,94,106,63,48,45,49,8,-,-,-
Faria Lemos (MG),338,370,329,332,299,262,253,232,232,200,143,124,158,95,99,59,50,28,4,-,-
Felício dos Santos (MG),622,722,750,682,421,321,387,350,252,222,204,204,189,124,103,91,29,36,16,4,-
São Gonçalo do Rio Preto (MG),307,336,392,328,256,184,182,190,135,140,116,142,85,54,66,15,31,4,-,-,-
Felisburgo (MG),650,730,753,717,502,381,417,351,279,246,255,269,336,175,90,66,48,16,8,-,-
Felixlândia (MG),1206,1296,1345,1300,1145,949,932,925,792,668,590,399,392,310,260,167,47,48,8,5,-
Fernandes Tourinho (MG),227,266,288,257,194,159,160,181,143,132,103,105,104,97,64,48,28,7,-,-,-
Ferros (MG),1128,1199,1310,1244,983,822,813,856,618,569,506,473,505,458,413,204,149,49,31,-,-
Fervedouro (MG),997,1045,1002,1080,922,746,706,608,579,455,357,330,292,200,145,92,58,44,14,-,-
Florestal (MG),483,564,542,501,494,437,441,456,378,277,289,198,159,169,115,55,47,29,3,5,6
Formiga (MG),4794,5236,5748,6064,5497,4757,5164,5171,4481,3758,3174,2347,2105,1698,1286,784,571,229,42,-,-
Formoso (MG),687,858,846,756,519,425,406,419,351,292,252,187,199,132,110,37,26,5,10,6,-
Fortaleza de Minas (MG),337,350,369,369,318,265,298,302,284,193,209,175,138,93,63,38,37,29,-,-,-
Fortuna de Minas (MG),218,253,249,250,235,189,187,180,134,126,91,104,77,58,43,17,19,-,7,-,-
Francisco Badaró (MG),909,1085,1356,1383,973,633,586,594,507,469,394,368,259,294,211,121,138,19,6,4,-
Francisco Dumont (MG),488,534,559,503,386,308,270,281,242,217,161,126,121,97,62,70,30,16,7,5,5
Francisco Sá (MG),2410,2714,2771,2905,2185,1663,1661,1490,1226,1067,1067,676,695,475,349,147,103,117,-,8,14
Franciscópolis (MG),741,1014,1105,891,660,406,361,487,309,302,207,194,202,169,80,72,92,26,4,-,-
Frei Gaspar (MG),662,729,816,695,440,370,342,380,268,268,247,191,157,204,137,107,38,33,10,9,-
Frei Inocêncio (MG),845,955,854,891,773,654,607,511,414,342,290,288,242,200,133,77,52,30,18,-,-
Frei Lagonegro (MG),310,354,423,394,308,206,186,153,151,161,84,117,124,89,42,41,23,17,-,8,-
Fronteira (MG),750,862,884,913,842,711,722,670,599,508,518,266,278,180,148,104,47,10,-,-,11
Fronteira dos Vales (MG),461,548,609,660,366,288,365,267,223,221,173,178,162,169,97,44,28,37,6,-,-
Fruta de Leite (MG),831,844,925,918,545,332,330,297,312,313,258,241,231,147,120,59,37,13,5,20,-
Frutal (MG),3576,4043,4342,4440,4169,3694,3838,3681,3364,2666,2210,1805,1519,1200,908,606,260,186,51,-,8
Funilândia (MG),328,332,386,358,306,223,270,224,183,124,102,142,99,71,69,22,33,6,4,-,-
Galiléia (MG),738,713,681,758,686,525,497,443,403,393,316,300,238,174,163,99,61,41,12,-,-
Gameleiras (MG),511,666,762,661,449,336,324,320,289,231,165,186,114,99,78,36,22,13,-,-,-
Glaucilândia (MG),251,259,325,331,251,210,181,175,146,143,132,99,102,59,61,25,7,11,-,-,-
Goiabeira (MG),219,289,294,265,233,207,180,194,168,137,92,115,114,67,43,31,34,29,4,-,-
Goianá (MG),255,306,319,292,265,198,250,265,208,182,195,114,84,154,101,85,24,8,7,11,-
Gonçalves (MG),383,336,415,340,352,309,337,318,269,203,233,188,122,132,76,29,56,13,-,6,5
Gonzaga (MG),640,689,714,730,464,340,323,332,294,251,230,150,135,137,130,67,54,13,16,3,-
Gouveia (MG),1027,1273,1462,1390,1211,789,841,720,695,549,443,366,344,316,183,137,136,64,47,10,3
Governador Valadares (MG),22741,22688,24379,26995,24567,19901,19414,18399,15486,12761,10073,8299,6947,5734,4084,2303,1214,714,322,88,22
Grão Mogol (MG),1711,1927,1688,1756,1257,977,932,792,643,569,463,426,333,277,197,132,101,27,13,3,-
Grupiara (MG),85,91,155,160,125,93,93,117,63,106,83,52,62,55,18,-,2,7,8,-,-
Guanhães (MG),2858,3091,3049,2949,2512,1949,1976,1855,1645,1382,1147,848,840,580,392,295,294,133,22,10,-
Guapé (MG),1291,1254,1322,1369,1217,1139,1087,1026,907,726,525,508,425,288,281,155,53,21,21,5,-
Guaraciaba (MG),824,814,1126,1193,940,712,674,670,663,500,395,358,452,351,291,142,112,29,7,-,9
Guaraciama (MG),400,464,615,545,380,297,316,297,252,225,196,147,100,111,72,22,15,15,-,-,-
Guaranésia (MG),1701,1800,1803,1806,1621,1461,1373,1387,1263,991,806,650,727,321,408,271,152,62,25,-,-
Guarani (MG),697,769,805,787,621,625,678,687,552,455,407,321,286,272,229,150,112,44,22,-,-
Guarará (MG),372,402,368,426,352,290,314,308,283,250,183,149,117,133,87,64,31,30,7,-,-
Guarda-Mor (MG),629,739,695,658,548,634,634,503,439,296,258,227,172,127,45,33,24,19,-,-,-
Guaxupé (MG),3832,4209,4474,4674,4103,3682,3543,3638,3383,2733,2372,1563,1316,1298,829,701,445,162,27,52,-
Guidoval (MG),615,762,660,710,667,530,553,578,502,382,282,308,271,278,235,146,26,18,13,9,-
Guimarânia (MG),561,592,598,610,562,493,514,480,423,368,318,257,220,120,110,68,46,29,10,6,-
Guiricema (MG),712,751,845,883,743,630,636,725,634,517,488,387,349,374,264,168,155,37,31,14,-
Gurinhatã (MG),549,575,592,584,576,557,533,501,443,406,373,322,316,222,153,71,60,25,20,5,-
Heliodora (MG),483,529,586,530,464,390,425,427,394,325,262,228,147,182,146,59,75,6,-,-,-
Iapu (MG),943,946,983,1029,858,736,701,606,527,504,394,380,355,278,232,139,82,12,12,-,-
Ibertioga (MG),440,497,479,484,493,432,418,358,300,245,212,239,167,114,97,57,59,30,18,-,-
Ibiá (MG),1832,1918,2080,2035,1769,1616,1596,1772,1587,1212,809,815,612,583,354,210,153,45,21,10,16
Ibiaí (MG),791,923,1037,850,597,462,439,441,378,314,248,178,191,143,181,25,15,11,27,-,-
Ibiracatu (MG),754,799,903,795,495,330,368,357,326,257,255,220,183,190,128,72,44,52,-,-,6
Ibiraci (MG),938,1095,1133,1041,814,890,724,792,620,530,435,424,276,241,110,51,73,31,11,-,-
Ibirité (MG),15357,14550,13843,14195,13884,12269,11408,10030,8403,6099,4318,2758,2267,1540,1094,689,218,60,27,17,18
Ibitiúra de Minas (MG),269,275,277,312,263,262,264,237,236,209,164,147,106,101,74,36,34,24,11,-,-
Ibituruna (MG),285,262,294,264,235,227,177,181,163,96,138,173,69,90,24,39,21,9,9,-,-
Icaraí de Minas (MG),994,1296,1316,1323,891,516,429,519,403,367,290,267,203,206,161,104,30,8,-,-,-
Igarapé (MG),2637,2621,2689,2642,2378,2180,1911,1843,1434,1164,983,645,706,330,344,190,55,67,10,8,-
Igaratinga (MG),676,714,709,700,725,635,601,578,466,380,311,254,211,139,113,58,47,35,-,-,4
Iguatama (MG),589,771,844,867,643,615,655,704,609,464,355,375,239,208,149,108,45,16,12,-,-
Ijaci (MG),451,471,477,538,459,414,410,397,322,252,236,172,142,117,115,40,31,9,11,-,-
Ilicínea (MG),1031,1032,1039,1014,895,825,817,779,683,610,448,333,250,302,189,143,98,31,14,-,-
Imbé de Minas (MG),615,636,731,685,545,448,400,348,317,266,225,182,161,133,95,72,40,5,5,2,-
Inconfidentes (MG),554,493,552,627,579,582,522,482,470,362,328,272,245,147,116,92,40,9,7,-,-
Indaiabira (MG),861,932,908,840,622,488,444,409,389,314,274,268,257,145,120,72,43,24,6,4,6
Indianópolis (MG),548,563,574,557,517,464,428,414,300,238,193,177,146,108,45,45,35,9,17,-,9
Ingaí (MG),229,241,215,236,238,201,205,185,135,142,104,81,70,76,65,37,29,6,-,-,-
Inhapim (MG),2239,2331,2539,2719,2192,1839,1778,1682,1423,1233,967,996,988,693,529,405,235,87,20,-,-
Inhaúma (MG),495,511,544,556,490,393,402,370,335,290,127,218,137,129,113,43,18,20,4,-,-
Inimutaba (MG),580,655,615,641,534,421,421,440,413,309,246,277,171,171,132,152,32,29,27,5,-
Ipaba (MG),1619,1633,1685,1493,1475,1173,1076,939,796,659,457,396,376,281,221,141,73,24,15,-,-
Ipanema (MG),1333,1440,1602,1722,1402,1190,1142,1111,983,963,757,604,605,479,436,215,202,78,10,11,-
Ipatinga (MG),18703,18975,20683,24341,22780,17883,16807,16144,15557,13222,8397,6061,4856,3260,2295,1101,866,390,147,19,10
Ipiaçu (MG),301,373,396,366,323,293,336,313,263,230,188,198,123,144,68,49,28,22,5,7,-
Ipuiúna (MG),708,795,792,839,820,796,776,744,646,464,393,384,282,178,151,79,80,25,6,-,-
Iraí de Minas (MG),572,557,548,574,548,553,524,463,383,305,232,237,146,125,65,34,33,-,-,4,-
Itabira (MG),8423,9022,10075,10760,9830,8018,7937,7729,6547,5277,3767,3219,2510,1926,1544,885,520,215,84,22,12
Itabirinha (MG),870,854,1047,1151,962,731,617,657,514,513,399,369,327,341,189,106,72,56,18,4,11
Itabirito (MG),3251,3362,3714,3836,3666,3066,2943,3056,2606,2181,1598,1278,1067,816,647,564,138,52,61,-,-
Itacambira (MG),448,507,576,627,462,268,258,260,220,190,211,170,178,73,57,18,31,-,4,-,-
Itacarambi (MG),2283,2230,2229,2161,1569,1166,1122,918,778,628,565,509,390,352,134,274,102,29,-,16,-
Itaguara (MG),934,968,963,1041,1016,936,908,901,749,634,541,407,356,375,232,165,119,47,3,7,-
Itaipé (MG),1400,1280,1432,1367,1072,745,574,503,472,406,346,317,325,183,177,93,118,27,3,7,-
Itajubá (MG),7134,7546,7921,8452,7603,6539,6339,6562,6031,4673,3811,2947,2609,2059,1815,1084,547,381,74,9,-
Itamarandiba (MG),3361,3550,3825,3616,2565,1947,1831,1805,1444,1161,1093,850,713,603,512,270,164,72,-,-,18
Itamarati de Minas (MG),266,383,391,235,272,255,317,300,288,188,205,163,169,130,117,59,17,24,7,5,-
Itambacuri (MG),2426,2508,2794,2531,1910,1463,1382,1411,1160,854,818,766,794,652,507,248,237,130,47,17,13
Itambé do Mato Dentro (MG),205,247,263,286,224,181,167,195,143,135,84,123,78,77,70,48,21,18,18,-,-
Itamogi (MG),965,951,1088,1123,873,742,747,837,768,632,538,333,366,265,253,146,63,31,-,-,3
Itamonte (MG),1022,1098,1132,1244,1076,941,904,968,845,705,523,455,355,340,259,170,94,44,13,4,5
Itanhandu (MG),993,1224,1106,1281,1157,1027,1032,1051,921,694,586,538,416,330,185,175,135,54,10,-,-
Itanhomi (MG),983,1120,1284,1242,919,820,777,797,643,569,522,481,388,374,252,171,94,95,25,16,-
Itaobim (MG),2247,2296,2536,2490,1928,1296,1366,1306,1131,1002,788,789,673,494,332,321,155,76,22,23,-
Itapagipe (MG),913,1016,1062,1087,990,975,1006,940,837,693,573,460,507,264,184,151,86,45,31,11,-
Itapecerica (MG),1576,1813,2015,2022,1728,1601,1621,1543,1406,1179,1110,889,811,664,519,356,157,152,65,8,-
Itapeva (MG),582,657,737,720,628,637,568,546,474,439,329,320,230,201,145,83,31,26,7,-,-
Itatiaiuçu (MG),846,841,851,830,778,717,669,614,505,453,386,291,247,186,125,101,43,22,4,7,-
Itaú de Minas (MG),1118,1225,1307,1295,1134,995,1173,1153,1053,793,728,433,398,391,290,131,41,22,5,6,-
Itaúna (MG),6355,6837,6998,7494,7074,6218,6409,6493,5608,4377,3425,2737,2275,1663,1275,876,361,304,58,12,12
Itaverava (MG),574,661,736,729,597,472,443,415,383,288,201,250,168,189,118,93,28,27,9,7,-
Itinga (MG),1504,1559,1742,1649,1227,843,790,731,656,606,482,577,470,380,279,184,110,55,40,5,4
Itueta (MG),459,524,490,554,492,437,398,406,343,318,228,287,196,183,119,77,88,29,10,4,-
Ituiutaba (MG),6770,7357,7836,7793,7878,7097,7236,6962,6081,5197,4657,3606,3260,2713,2123,1231,637,399,152,64,42
Itumirim (MG),562,603,605,654,589,502,524,466,399,331,294,214,194,162,140,67,42,25,15,3,-
Iturama (MG),2633,2590,2752,2874,2792,2588,2388,2234,1907,1511,1153,1010,751,622,431,240,200,118,11,9,-
Itutinga (MG),331,414,411,391,326,307,372,330,283,220,175,180,136,95,67,55,29,15,3,-,-
Jaboticatubas (MG),1216,1291,1424,1437,1281,1026,962,900,756,639,552,486,431,414,393,181,82,27,26,6,-
Jacinto (MG),1070,1263,1399,1394,986,838,794,780,627,598,544,446,419,290,220,168,154,46,44,7,-
Jacuí (MG),647,627,712,749,648,546,508,525,515,450,312,329,266,177,167,108,51,46,-,4,3
Jacutinga (MG),1533,1707,1833,1867,1731,1605,1591,1398,1264,996,844,601,558,537,402,301,132,97,7,-,-
Jaguaraçu (MG),240,269,292,340,284,204,199,200,202,152,111,98,64,74,50,39,23,11,-,2,-
Jaíba (MG),3367,3478,3628,3609,2606,1919,1802,1527,1311,1136,889,717,456,399,242,111,68,22,-,-,-
Jampruca (MG),467,541,555,482,414,315,293,280,239,195,174,172,166,160,126,70,46,18,4,-,-
Janaúba (MG),6620,6981,7345,7552,6043,4624,4366,3954,3398,2720,2031,1817,1426,978,610,585,325,198,69,9,-
Januária (MG),6885,7609,8231,8174,5340,3790,3671,3771,3299,2711,2293,1912,1899,1303,1104,736,507,288,72,10,-
Japaraíba (MG),329,325,361,391,360,295,275,243,208,192,172,70,90,50,53,41,18,-,-,-,-
Japonvar (MG),918,1083,1108,1010,604,443,453,460,416,374,270,297,219,172,156,78,44,17,-,-,-
Jeceaba (MG),492,497,539,672,594,420,488,434,401,343,307,205,249,159,145,60,64,27,14,-,-
Jenipapo de Minas (MG),720,852,913,879,538,368,363,338,287,252,243,185,184,133,109,48,42,22,3,3,7
Jequeri (MG),1186,1346,1511,1572,1179,932,888,843,786,678,535,594,442,443,329,199,115,74,5,-,-
Jequitaí (MG),834,1068,1157,1010,719,579,599,541,486,396,352,233,212,236,124,106,50,26,20,-,-
Jequitibá (MG),442,544,608,603,405,390,376,323,251,249,178,206,181,184,110,52,34,17,4,14,-
Jequitinhonha (MG),2223,2295,2500,2690,1953,1480,1466,1333,1307,1030,911,925,811,726,420,397,249,92,85,8,-
Jesuânia (MG),413,464,462,482,410,351,334,357,329,273,215,200,141,150,118,82,28,14,-,-,-
Joaíma (MG),1654,1725,1739,1642,1125,955,863,830,728,638,670,738,443,377,255,72,171,25,21,10,-
Joanésia (MG),595,613,680,790,584,566,471,501,323,311,280,293,237,204,169,78,57,33,17,-,-
João Monlevade (MG),5631,5542,6130,6863,6211,5096,5317,5650,4787,3813,3188,2437,2038,1508,1104,738,365,177,66,19,11
João Pinheiro (MG),4322,4587,4568,4466,3694,3224,3151,2954,2390,2015,1590,1394,1028,795,576,366,170,58,20,-,-
Joaquim Felício (MG),389,453,555,414,309,231,291,201,186,154,190,156,95,58,91,35,39,22,-,-,4
Jordânia (MG),1011,1125,1223,1104,767,613,583,620,524,444,410,357,410,227,136,117,69,79,35,-,12
José Gonçalves de Minas (MG),606,649,693,612,457,288,260,218,194,185,138,123,91,76,61,30,11,4,-,-,-
José Raydan (MG),345,403,404,439,249,224,221,222,148,195,174,127,168,107,62,68,45,20,14,12,-
Josenópolis (MG),564,564,619,538,315,194,195,228,204,202,162,111,95,87,55,60,35,15,-,4,6
Nova União (MG),486,522,569,627,514,444,383,362,314,263,218,170,195,125,117,76,22,-,16,-,4
Juatuba (MG),1744,1751,1754,1731,1583,1376,1261,1218,1027,807,582,500,386,265,214,92,73,11,8,5,-
Juiz de Fora (MG),35027,37028,39179,42608,41472,35182,36171,37571,34701,28977,23353,17253,14459,11906,9876,5927,3656,1594,654,135,68
Juramento (MG),391,411,456,453,405,291,239,233,197,185,169,131,61,119,71,53,15,15,3,3,-
Juruaia (MG),754,800,792,790,698,576,578,554,475,400,345,251,217,177,159,76,20,8,10,-,-
Juvenília (MG),786,893,999,970,590,446,439,392,367,282,246,203,182,139,87,47,51,15,7,3,4
Ladainha (MG),1935,1945,2178,2044,1317,838,850,845,682,646,579,506,457,375,239,203,110,60,16,7,-
Lagamar (MG),636,636,744,771,648,653,609,560,541,458,425,280,286,201,123,65,55,15,5,-,-
Lagoa da Prata (MG),3587,3775,3735,3768,3602,3321,3296,3157,2675,2048,1561,1213,1071,756,590,343,170,52,30,8,-
Lagoa dos Patos (MG),449,542,569,576,440,266,275,263,200,195,192,103,132,90,86,27,24,13,11,-,-
Lagoa Dourada (MG),1134,1053,1096,1182,1198,1010,830,890,757,511,419,427,290,257,222,142,49,16,3,-,-
Lagoa Formosa (MG),1256,1484,1491,1649,1391,1387,1368,1249,1080,972,846,633,464,552,258,175,126,94,8,-,-
Lagoa Grande (MG),770,791,813,823,691,677,606,572,430,377,309,283,173,118,47,62,40,7,16,-,5
Lagoa Santa (MG),3559,3553,3723,3862,3577,3200,3032,3101,2731,1917,1555,1074,874,823,471,418,265,94,18,24,-
Lajinha (MG),1962,1858,2302,2135,1887,1494,1329,1245,1119,982,816,544,602,389,292,310,161,77,9,14,-
Lambari (MG),1509,1625,1622,1717,1521,1299,1463,1436,1230,1044,917,733,638,512,386,349,172,30,44,2,-
Lamim (MG),310,298,359,406,343,274,235,220,199,187,127,182,131,117,61,50,9,63,10,5,-
Laranjal (MG),411,487,501,619,590,388,450,451,464,324,400,275,245,266,154,127,39,35,9,-,-
Lassance (MG),753,756,778,686,524,410,442,451,378,343,214,240,190,159,109,49,39,22,6,-,4
Lavras (MG),6381,6791,7320,7736,7356,6012,6235,6267,5711,4779,3745,2626,2247,2007,1535,971,653,260,79,44,17
Leandro Ferreira (MG),265,295,326,299,279,260,243,244,212,177,117,117,140,71,99,45,21,17,-,-,-
Leme do Prado (MG),498,575,653,627,449,334,312,274,227,192,157,103,138,59,59,44,21,14,-,-,-
Leopoldina (MG),3989,4293,4591,4896,4412,3834,3690,3716,3276,2906,2404,2156,1714,1526,1169,862,386,169,84,11,12
Liberdade (MG),454,472,550,549,553,449,453,414,354,292,324,202,260,168,127,85,28,32,8,5,13
Lima Duarte (MG),1287,1384,1393,1419,1301,1189,1227,1281,1081,870,671,699,546,493,364,316,106,44,37,-,-
Limeira do Oeste (MG),520,562,642,659,530,478,511,507,413,308,253,205,229,126,96,105,25,-,-,-,-
Lontra (MG),807,898,913,977,620,452,452,441,399,352,291,278,226,218,170,98,27,21,-,-,-
Luisburgo (MG),665,677,717,719,545,500,474,441,350,267,221,199,188,118,86,53,43,26,7,-,-
Luislândia (MG),707,763,796,802,520,370,384,313,284,251,175,235,192,128,94,57,23,23,4,-,-
Luminárias (MG),497,502,486,522,463,403,429,421,378,293,300,212,203,114,105,82,47,25,-,-,-
Luz (MG),1376,1570,1656,1611,1441,1314,1347,1312,1142,949,829,664,551,372,289,190,107,94,19,-,-
Machacalis (MG),605,703,819,870,597,480,401,405,335,351,274,303,198,208,158,121,39,42,4,-,4
Machado (MG),3286,3307,3401,3602,3215,2830,2698,2670,2264,1940,1494,1095,997,698,667,385,182,107,32,-,6
Madre de Deus de Minas (MG),416,477,450,468,389,338,359,418,308,244,222,161,172,112,98,51,36,11,4,-,-
Malacacheta (MG),2148,2743,2394,2219,1612,1416,1132,1128,941,891,688,667,519,506,376,220,186,57,43,10,22
Mamonas (MG),479,593,688,660,459,373,411,438,395,301,282,311,243,174,107,88,69,48,15,-,5
Manga (MG),2692,2738,2908,2876,1957,1449,1206,1185,1012,807,741,525,490,472,312,265,148,115,31,17,13
Manhuaçu (MG),6751,6513,6867,7085,6473,5506,5297,4957,4213,3314,2621,1887,1747,1433,1218,615,341,182,57,17,28
Manhumirim (MG),2020,1915,1985,2032,1822,1413,1440,1464,1248,1106,812,672,619,527,432,226,190,55,40,8,-
Mantena (MG),2240,2308,2792,3048,2487,2033,1945,1797,1653,1434,1103,992,935,763,462,415,246,155,27,26,11
Maravilhas (MG),583,659,593,588,550,568,511,488,359,310,273,181,173,139,87,77,66,16,4,6,-
Mar de Espanha (MG),909,893,965,975,798,718,807,802,721,615,555,435,349,384,311,170,89,47,25,-,-
Maria da Fé (MG),1410,1529,1540,1458,1237,1175,1131,1082,960,733,541,561,359,346,277,110,100,49,-,-,9
Mariana (MG),4616,4761,5047,5227,4619,3653,3642,3519,2882,2303,1765,1345,1128,761,653,372,190,187,18,10,12
Marilac (MG),503,482,524,492,359,314,284,245,213,181,175,141,113,126,114,76,49,22,5,6,-
Mário Campos (MG),1140,1184,1160,1099,1010,900,850,810,629,465,343,255,202,191,150,101,34,5,-,-,6
Maripá de Minas (MG),185,211,216,237,196,198,195,213,181,162,143,100,114,70,59,33,47,21,13,-,-
Marliéria (MG),361,381,410,456,384,293,283,264,233,161,197,141,125,135,113,72,27,8,-,-,-
Marmelópolis (MG),298,367,391,342,249,219,264,273,198,169,114,124,108,71,48,41,17,-,-,-,-
Martinho Campos (MG),1051,1176,1167,1139,996,912,945,856,713,599,587,348,408,363,236,176,92,37,5,5,5
Martins Soares (MG),562,598,620,611,508,469,430,389,319,300,202,175,165,132,87,79,28,6,6,-,-
Mata Verde (MG),815,796,832,834,612,514,462,400,325,312,282,248,219,153,144,57,29,33,10,8,-
Materlândia (MG),500,564,560,553,416,323,288,266,237,179,125,232,155,202,111,59,53,12,12,-,-
Mateus Leme (MG),2311,2328,2463,2585,2319,1960,1839,1781,1487,1249,983,879,589,583,430,160,95,73,30,-,-
Matias Barbosa (MG),1019,1091,1079,1126,1046,969,1026,982,891,764,598,437,418,314,292,158,67,24,-,14,7
Matias Cardoso (MG),1122,1189,1256,1136,681,500,488,450,405,306,257,210,158,194,103,50,40,38,12,6,-
Matipó (MG),1729,1832,1924,1721,1459,1319,1156,1066,963,712,545,473,532,361,207,154,92,42,5,-,-
Mato Verde (MG),1157,1392,1540,1539,1215,964,1018,850,762,608,462,483,360,298,241,88,109,68,26,5,-
Matozinhos (MG),2866,2980,3033,3240,3082,2539,2418,2353,1851,1444,1205,854,844,522,406,215,176,125,-,11,-
Matutina (MG),280,311,329,360,311,269,282,278,255,227,180,227,171,146,56,91,32,33,-,-,-
Medeiros (MG),291,275,276,271,245,270,252,256,208,172,138,125,85,89,33,19,17,8,8,-,-
Medina (MG),2154,2296,2505,2535,1843,1451,1276,1225,1095,1047,895,831,786,579,482,304,137,123,50,18,9
Mendes Pimentel (MG),560,552,658,718,549,482,433,389,317,317,239,298,211,210,133,84,70,38,23,-,5
Mercês (MG),825,897,1007,973,812,729,715,687,637,533,533,383,428,279,266,167,139,43,5,-,3
Mesquita (MG),591,637,671,777,652,516,433,431,372,355,301,238,182,220,175,115,84,11,5,5,-
Minas Novas (MG),4170,4083,4528,4098,2875,1807,1721,1656,1372,1180,920,813,762,413,308,260,90,60,5,-,12
Minduri (MG),319,399,402,376,316,273,282,290,237,220,137,187,134,74,72,59,41,16,-,-,-
Mirabela (MG),1294,1490,1580,1458,1143,862,766,736,611,574,488,419,320,304,199,178,71,33,25,-,-
Miradouro (MG),884,933,1000,1003,901,722,697,684,610,489,362,357,366,252,234,152,68,56,-,-,-
Miraí (MG),1074,1225,1241,1161,1070,932,917,830,837,730,581,429,380,389,277,202,95,63,31,-,14
Miravânia (MG),498,509,575,606,333,246,243,223,228,176,152,139,116,110,86,64,22,8,-,5,-
Moeda (MG),385,357,410,438,336,304,319,393,293,235,218,144,162,181,145,66,45,30,7,-,-
Moema (MG),540,553,650,613,648,569,550,481,391,355,315,259,242,96,142,66,23,13,4,3,-
Monjolos (MG),271,269,332,255,221,206,162,145,140,119,114,103,59,55,74,32,9,13,-,-,-
Monsenhor Paulo (MG),655,699,709,813,621,602,551,638,572,436,330,264,220,177,132,97,59,40,-,-,-
Montalvânia (MG),1681,1877,2036,2040,1337,981,971,927,810,690,606,547,421,450,362,82,107,85,21,-,-
Monte Alegre de Minas (MG),1501,1635,1690,1707,1586,1419,1466,1340,1164,929,743,805,664,486,345,259,165,61,9,7,24
Monte Azul (MG),1976,2527,2980,2876,1983,1531,1670,1585,1349,1135,1069,834,723,546,494,239,137,108,51,20,-
Monte Belo (MG),1161,1177,1246,1204,1152,1026,1014,991,850,688,625,520,475,378,303,198,76,41,5,4,6
Monte Carmelo (MG),4020,4023,4191,4415,4375,3900,3792,3584,2919,2258,1633,1551,1169,812,563,277,264,123,22,-,7
Monte Formoso (MG),619,560,600,504,314,261,251,206,201,183,179,160,120,83,58,79,16,13,-,-,4
Monte Santo de Minas (MG),1811,1863,1998,2014,1810,1556,1628,1512,1420,1223,920,895,713,698,484,315,199,105,48,-,-
Montes Claros (MG),29344,29937,32785,36059,32836,26044,23802,21656,18486,14996,12153,8562,7400,4818,3496,2155,1196,886,211,90,34
Monte Sião (MG),1449,1619,1720,1859,1717,1500,1575,1447,1284,1010,664,693,572,372,353,170,89,83,19,-,-
Montezuma (MG),802,776,846,786,538,426,426,373,343,270,282,160,161,159,98,75,32,5,8,7,-
Morada Nova de Minas (MG),730,774,806,708,584,631,638,636,468,377,306,269,235,186,121,83,25,25,3,-,-
Morro da Garça (MG),299,349,371,324,288,234,232,200,169,117,122,108,81,57,82,7,31,1,-,-,-
Morro do Pilar (MG),308,382,402,396,278,227,235,271,219,189,165,156,143,119,115,49,45,28,9,-,-
Munhoz (MG),670,647,692,703,610,536,498,505,419,312,310,230,126,182,111,39,41,20,-,4,-
Muriaé (MG),7483,7778,8809,9475,8439,6763,7168,7035,6630,5389,4151,3321,2791,2482,2019,1103,773,311,116,51,15
Mutum (MG),2588,2515,2817,3199,2450,2100,1866,1716,1480,1344,1059,1117,814,725,462,332,147,90,41,35,-
Muzambinho (MG),1713,1738,1942,1970,1829,1591,1518,1618,1504,1162,1040,653,694,568,380,393,187,72,17,-,-
Nacip Raydan (MG),320,349,370,327,245,197,198,174,147,135,133,126,150,90,61,60,28,6,5,-,-
Nanuque (MG),3664,3909,4513,4721,3821,2992,3017,2709,2463,2047,1726,1664,1398,1045,766,479,339,221,108,17,-
Naque (MG),583,650,658,606,499,409,375,379,292,270,226,151,167,113,86,52,61,18,6,-,-
Natalândia (MG),327,393,389,369,288,253,258,240,161,146,137,86,102,62,23,20,33,6,-,-,-
Natércia (MG),343,337,423,398,357,343,362,406,338,300,193,234,161,166,129,91,33,23,6,-,-
Nazareno (MG),699,674,660,706,664,586,544,534,466,371,347,244,255,204,113,83,57,10,23,-,-
Nepomuceno (MG),2209,2217,2501,2623,2334,1828,1733,1731,1704,1455,986,1001,680,683,402,371,180,143,30,4,6
Ninheira (MG),967,1085,1049,1209,884,644,573,570,430,419,331,330,234,249,189,100,55,19,11,3,4
Nova Belém (MG),528,481,518,511,472,373,335,301,225,195,145,138,101,72,51,39,6,-,4,-,-
Nova Era (MG),1513,1684,1975,1892,1749,1322,1330,1363,1182,870,705,598,361,509,320,260,40,66,16,-,-
Nova Lima (MG),5319,5463,5924,6564,6655,5418,5158,5224,4616,3707,3041,2096,1702,1221,899,637,392,213,111,28,-
Nova Módica (MG),408,424,479,466,337,251,275,252,215,177,183,173,129,144,78,39,24,46,-,-,-
Nova Ponte (MG),934,916,956,908,862,866,816,755,638,453,374,306,289,146,144,71,38,16,4,-,-
Nova Porteirinha (MG),845,857,929,877,765,624,506,474,346,276,249,225,181,76,72,17,35,23,7,-,5
Nova Resende (MG),1288,1299,1369,1471,1294,1143,1110,1053,910,769,570,435,375,335,267,196,93,71,5,-,-
Nova Serrana (MG),3787,3515,3627,4391,4588,3750,3188,2815,2235,1696,1344,775,726,408,293,191,77,30,-,-,10
Novo Cruzeiro (MG),3681,3809,4046,3803,2528,1832,1679,1657,1384,1308,1053,920,826,722,468,320,244,102,54,15,-
Novo Oriente de Minas (MG),1076,1133,1264,1208,851,565,511,496,452,483,385,416,339,287,186,185,88,37,11,-,-
Novorizonte (MG),456,526,575,538,360,254,295,249,210,251,166,203,169,137,99,48,41,21,-,11,-
Olaria (MG),197,196,214,207,198,181,194,172,140,136,103,91,98,70,59,28,4,6,5,-,6
Olhos-d'Água (MG),490,504,594,533,385,257,274,272,214,189,172,95,134,59,52,39,15,5,-,-,-
Olímpio Noronha (MG),215,188,177,245,204,162,151,158,157,130,95,88,69,77,69,28,35,-,-,-,-
Oliveira (MG),3172,3272,3410,3636,3457,3003,2919,2832,2570,2065,1618,1369,1205,924,856,474,266,155,40,8,-
Oliveira Fortes (MG),181,189,197,219,148,187,159,159,138,138,76,111,82,51,28,31,25,25,-,-,-
Onça de Pitangui (MG),291,264,248,310,358,228,219,179,170,125,149,86,125,110,55,52,15,-,-,-,-
Oratórios (MG),468,438,466,522,414,290,308,281,268,223,148,181,139,133,114,70,34,4,-,-,-
Orizânia (MG),733,703,703,692,627,564,433,407,339,300,211,208,145,145,110,79,28,19,-,5,5
Ouro Branco (MG),2646,3090,3574,3510,2797,2049,2254,2630,2603,1865,1108,755,493,416,289,177,75,34,10,8,-
Ouro Fino (MG),2393,2402,2642,2806,2604,2354,2292,2233,1961,1695,1467,1178,1014,826,722,402,252,106,67,-,-
Ouro Preto (MG),6032,6179,6520,6785,6486,5347,5226,5074,4399,3560,2921,2081,1780,1503,1083,663,398,170,62,9,-
Ouro Verde de Minas (MG),660,704,810,749,554,375,337,324,301,254,193,275,197,159,124,94,69,20,12,5,9
Padre Carvalho (MG),639,739,795,651,395,312,258,274,250,243,173,123,120,80,56,70,31,17,-,-,-
Padre Paraíso (MG),2017,1976,2166,2103,1465,1084,984,1000,830,770,717,589,488,499,371,204,106,45,27,24,9
Paineiras (MG),369,437,442,462,377,384,404,381,332,265,243,228,210,118,97,67,47,32,-,-,-
Pains (MG),624,664,718,711,666,610,625,674,547,450,387,273,277,207,160,116,58,18,-,13,-
Pai Pedro (MG),638,741,757,746,501,395,357,329,290,297,171,191,182,85,87,48,8,4,-,4,-
Paiva (MG),112,144,116,165,146,120,113,138,120,88,72,63,58,48,63,23,23,9,-,-,-
Palma (MG),487,491,645,682,464,464,426,508,419,382,406,263,235,244,160,158,65,49,13,-,-
Palmópolis (MG),700,1178,1204,1231,875,503,495,441,480,422,337,297,219,244,174,34,24,24,3,-,-
Papagaios (MG),1431,1388,1283,1179,1182,1111,1063,969,685,541,408,288,308,206,174,120,52,29,19,12,23
Paracatu (MG),8299,8525,8581,8175,7159,6277,5679,5502,4277,3436,2404,1976,1648,1130,790,629,420,173,104,9,22
Pará de Minas (MG),6590,6922,7052,7197,6930,6043,5986,5884,5083,3937,3070,2276,1938,1526,1110,705,476,208,74,-,-
Paraguaçu (MG),1555,1749,1959,1811,1604,1439,1408,1473,1223,1035,966,649,613,486,461,258,166,79,8,-,-
Paraisópolis (MG),1528,1532,1636,1680,1498,1436,1404,1328,1144,854,753,747,503,619,261,261,197,84,33,-,-
Paraopeba (MG),1988,2164,2163,2119,1877,1625,1808,1595,1244,965,727,679,447,381,265,155,109,57,16,-,-
Passabém (MG),140,191,206,200,196,113,86,106,101,103,114,68,83,64,53,43,45,18,15,-,-
Passa Quatro (MG),1273,1352,1376,1474,1349,1192,1163,1104,1023,871,667,522,364,443,322,193,126,41,-,-,-
Passa Tempo (MG),643,672,838,710,664,693,694,639,563,447,474,386,324,277,221,103,87,35,6,-,4
Passa Vinte (MG),169,200,212,201,189,155,193,170,128,137,66,121,75,65,38,14,24,-,7,-,-
Passos (MG),8285,8707,9027,9320,8721,7860,7920,7458,6827,5716,5042,3162,2852,2375,1709,1112,557,441,68,31,21
Patis (MG),570,681,705,640,415,322,319,285,216,218,180,196,129,122,85,34,22,15,10,-,-
Patos de Minas (MG),10137,11253,11599,12439,11205,10748,10575,9991,8790,7058,5676,4068,3457,2698,1843,1257,696,383,104,49,30
Patrocínio (MG),7165,6968,7417,7261,6875,6047,6285,5862,4691,3757,2948,2205,2108,1482,1064,620,313,122,47,35,6
Patrocínio do Muriaé (MG),391,371,454,484,420,319,345,341,316,256,230,254,163,170,143,99,34,48,16,4,2
Paula Cândido (MG),879,888,970,997,783,623,722,648,519,419,351,277,304,272,187,125,117,24,3,-,-
Paulistas (MG),537,577,648,572,391,304,283,292,233,220,216,169,167,192,114,77,90,14,11,6,-
Pavão (MG),840,961,1092,1055,785,570,454,499,454,423,360,380,315,268,166,105,116,33,31,5,-
Peçanha (MG),1803,2031,2109,2036,1438,1068,1036,999,785,736,529,696,525,585,328,147,172,129,21,10,-
Pedra Azul (MG),2492,2672,2969,2769,2029,1649,1544,1478,1191,998,1024,688,695,500,340,290,126,116,28,-,9
Pedra Bonita (MG),776,978,1052,1008,699,499,369,399,440,306,226,128,139,142,69,22,29,7,-,-,-
Pedra do Anta (MG),315,376,406,405,324,274,249,242,231,218,180,184,153,142,71,79,42,18,14,2,-
Pedra do Indaiá (MG),273,311,329,334,329,292,337,292,255,223,182,201,140,144,78,71,22,1,-,-,-
Pedra Dourada (MG),187,190,180,184,176,148,128,116,102,100,87,43,59,43,21,26,20,7,5,-,-
Pedralva (MG),1246,1185,1186,1165,980,925,959,919,726,616,598,343,370,294,235,111,89,35,20,5,-
Pedras de Maria da Cruz (MG),1017,1182,1262,1099,749,525,538,512,428,342,254,286,214,182,137,75,29,12,11,16,-
Pedrinópolis (MG),285,290,291,296,318,273,278,269,199,199,193,100,115,108,77,36,18,11,5,-,-
Pedro Leopoldo (MG),4836,4954,5252,5581,5141,4312,4426,4331,3898,2989,2273,1545,1499,985,777,608,312,155,64,9,9
Pedro Teixeira (MG),150,156,159,175,168,163,144,141,117,96,61,81,72,38,-,28,16,12,10,-,-
Pequeri (MG),240,286,295,306,258,204,238,212,195,179,134,105,102,89,70,33,38,32,-,-,-
Pequi (MG),347,351,358,260,338,359,326,278,223,166,127,110,132,131,102,68,29,12,-,-,-
Perdigão (MG),503,477,511,557,513,509,485,446,350,276,245,230,219,118,113,63,76,11,-,-,5
Perdizes (MG),1167,1197,1190,1191,1178,1092,1064,963,821,670,532,393,367,206,140,103,58,21,6,4,-
Perdões (MG),1611,1635,1707,1805,1678,1387,1475,1403,1336,1124,875,689,543,574,342,309,132,54,31,26,-
Periquito (MG),878,820,834,865,693,500,497,465,362,331,237,221,193,266,94,98,45,13,17,10,5
Pescador (MG),427,447,545,444,320,266,250,228,156,206,147,133,153,119,94,44,25,19,8,6,-
Piau (MG),205,267,267,281,256,226,232,242,194,165,136,146,151,72,60,65,19,13,11,-,-
Piedade de Caratinga (MG),604,608,606,553,529,403,407,347,287,234,141,180,147,122,71,55,26,13,6,8,-
Piedade de Ponte Nova (MG),396,440,487,427,345,290,276,268,198,204,132,139,120,105,58,58,37,31,16,-,2
Piedade do Rio Grande (MG),343,462,502,446,438,321,382,409,343,325,187,275,136,219,115,83,62,10,4,-,-
Piedade dos Gerais (MG),340,374,360,405,386,350,314,303,257,230,241,177,202,104,111,74,20,26,-,-,-
Pimenta (MG),640,738,701,704,732,674,672,678,544,440,335,247,213,184,121,83,42,61,10,5,-
Pingo-d'Água (MG),352,366,445,494,344,264,243,251,233,200,172,130,122,73,66,28,11,22,4,-,-
Pintópolis (MG),806,907,965,980,556,375,325,363,328,257,262,251,169,158,129,63,44,3,-,5,4
Piracema (MG),528,599,605,610,511,471,507,508,392,338,296,287,199,264,193,112,45,27,18,-,-
Pirajuba (MG),220,247,247,251,209,235,198,195,180,158,160,90,103,84,60,59,33,9,-,3,-
Piranga (MG),1817,1897,2162,1865,1437,1148,1102,1013,914,749,607,661,450,573,410,219,114,89,30,-,-
Piranguçu (MG),433,442,467,474,462,388,361,376,317,270,188,224,148,144,155,82,32,5,6,-,-
Piranguinho (MG),724,745,694,710,650,574,563,569,462,365,340,249,258,192,124,74,43,52,11,-,-
Pirapetinga (MG),863,911,912,936,910,808,767,776,723,602,436,354,305,255,233,136,54,37,5,10,-
Pirapora (MG),4949,5350,5955,6067,4797,3729,3666,3553,3103,2435,1750,1376,1101,811,742,406,285,169,36,9,11
Piraúba (MG),862,923,1058,1141,959,815,870,903,743,610,521,385,397,369,273,147,108,38,18,-,-
Pitangui (MG),2055,2220,2130,2149,2024,1858,1783,1703,1402,1137,892,741,674,479,361,304,202,105,44,6,-
Piumhi (MG),2302,2417,2628,2772,2587,2263,2214,2350,2108,1728,1245,1131,926,767,654,427,159,81,24,-,-
Planura (MG),687,726,885,847,810,676,674,642,568,461,382,278,245,180,100,44,52,28,12,-,-
Poço Fundo (MG),1179,1147,1345,1313,1182,1256,1342,1311,1045,997,785,587,452,432,326,282,91,64,4,-,7
Poços de Caldas (MG),10753,10811,11678,13045,12616,11167,10584,10355,9807,8829,7230,4907,4511,3306,2639,1798,925,503,122,23,19
Pocrane (MG),748,883,1012,1130,790,615,646,636,582,560,423,466,400,340,260,181,92,55,27,-,6
Pompéu (MG),2685,2805,2815,2611,2309,2030,2111,1965,1615,1193,901,924,753,535,387,252,131,47,20,-,-
Ponte Nova (MG),4501,4887,5182,5694,5059,4217,4296,4394,3792,3218,2361,2034,1642,1347,1063,842,476,194,84,10,10
Ponto Chique (MG),381,438,458,488,354,223,226,197,191,166,152,102,106,48,54,33,24,7,-,4,-
Ponto dos Volantes (MG),1308,1225,1311,1161,839,664,629,545,457,447,407,427,383,282,151,147,77,49,14,-,6
Porteirinha (MG),3520,3977,4340,4961,3774,2559,2635,2441,2023,1831,1695,1157,978,597,634,382,222,94,61,8,-
Porto Firme (MG),790,802,932,1130,890,701,656,661,656,455,359,347,334,302,185,182,66,20,7,-,-
Poté (MG),1503,1659,1797,1767,1239,912,894,773,733,628,505,570,501,453,399,220,125,58,18,26,-
Pouso Alegre (MG),9245,9423,9666,10372,9742,8943,8917,8853,7895,6418,4994,3330,2841,2337,1669,1164,527,322,95,7,15
Pouso Alto (MG),538,632,596,594,548,506,542,544,496,445,347,232,281,192,117,111,65,15,4,7,-
Prados (MG),652,643,663,724,699,633,694,631,490,511,356,260,256,219,114,107,37,14,-,-,-
Prata (MG),2037,2191,2231,2338,2169,2064,1964,1782,1497,1266,915,920,649,540,409,314,167,71,31,21,-
Pratápolis (MG),714,785,797,768,749,663,679,695,690,595,429,455,370,306,230,166,85,17,8,16,-
Pratinha (MG),275,234,251,283,273,210,209,254,195,165,176,144,131,61,51,38,6,13,-,-,-
Presidente Bernardes (MG),558,582,592,596,470,365,381,395,326,277,268,248,208,229,153,91,75,30,3,-,-
Presidente Juscelino (MG),403,450,608,543,354,310,320,242,223,182,207,191,148,104,46,64,43,13,-,6,-
Presidente Kubitschek (MG),303,322,336,366,286,183,189,152,155,142,84,119,81,82,82,38,6,17,7,-,-
Presidente Olegário (MG),1661,1658,1821,1783,1610,1523,1406,1251,1087,918,769,689,560,429,253,177,97,66,23,-,-
Alto Jequitibá (MG),781,785,890,837,768,624,644,638,552,472,314,250,233,246,173,148,58,15,26,5,-
Prudente de Morais (MG),788,901,961,836,758,627,618,661,532,367,270,274,216,163,99,87,63,6,-,5,-
Quartel Geral (MG),280,310,278,254,236,237,209,235,163,169,158,109,123,134,79,33,39,23,10,-,2
Queluzito (MG),137,146,139,134,167,147,147,160,110,109,90,85,86,39,43,31,12,9,-,-,-
Raposos (MG),1249,1398,1414,1564,1526,1193,1097,1088,982,757,587,434,313,231,227,123,97,10,-,-,-
Raul Soares (MG),1976,2035,2391,2522,2050,1749,1784,1719,1461,1297,1020,977,963,792,698,420,242,150,6,13,22
Recreio (MG),714,822,988,990,797,652,619,749,682,613,558,492,393,413,325,211,81,62,18,5,5
Reduto (MG),606,673,626,663,580,425,394,428,361,291,182,189,143,157,143,68,41,14,8,-,-
Resende Costa (MG),854,920,977,971,827,788,808,809,737,560,407,446,370,319,245,171,81,32,9,-,5
Resplendor (MG),1424,1474,1584,1721,1504,1300,1165,1180,965,929,832,736,701,475,440,183,183,111,40,13,15
Ressaquinha (MG),428,464,397,419,387,381,375,332,266,229,244,173,147,108,101,70,16,20,-,-,-
Riachinho (MG),850,984,996,1043,675,549,492,469,441,350,282,247,198,170,103,91,9,17,7,-,-
Riacho dos Machados (MG),1031,1176,1207,1172,828,578,590,536,475,407,359,277,265,135,158,53,70,21,18,-,2
Ribeirão das Neves (MG),27615,25667,25715,27253,26877,22408,19972,17708,15663,12394,8609,5601,4218,2871,1831,1326,568,356,88,49,57
Ribeirão Vermelho (MG),249,279,318,377,293,232,218,291,305,241,165,127,134,155,86,63,35,46,7,-,-
Rio Acima (MG),756,706,815,802,769,626,597,554,459,383,299,234,198,183,139,47,62,15,9,5,-
Rio Casca (MG),1354,1473,1633,1666,1442,1036,973,1055,955,798,656,504,520,394,327,251,123,53,31,11,5
Rio Doce (MG),202,219,236,211,156,141,174,188,143,107,101,91,73,94,76,42,39,17,2,5,-
Rio do Prado (MG),511,614,686,618,422,358,349,306,299,244,160,240,165,173,113,76,22,24,-,-,10
Rio Espera (MG),619,679,730,645,567,492,512,479,354,305,288,354,277,236,182,115,63,29,7,9,-
Rio Manso (MG),394,374,457,466,420,366,349,331,278,257,222,216,145,146,104,85,24,7,-,5,-
Rio Novo (MG),712,771,787,767,659,644,656,696,572,443,364,418,281,273,259,131,68,43,4,-,1
Rio Paranaíba (MG),968,1083,1059,1190,1172,1089,1044,923,767,603,448,444,351,240,170,75,52,46,7,3,-
Rio Pardo de Minas (MG),3444,3271,3485,3336,2429,1871,1716,1567,1301,1096,895,860,632,514,368,275,104,59,9,-,6
Rio Piracicaba (MG),1192,1347,1326,1464,1315,1094,1111,1071,941,710,590,551,431,371,240,195,91,71,6,16,5
Rio Pomba (MG),1270,1480,1566,1577,1244,1216,1216,1201,1081,917,770,629,633,505,513,228,211,79,24,-,-
Rio Preto (MG),429,417,442,495,444,400,411,383,333,273,261,214,183,162,120,86,52,10,21,6,-
Rio Vermelho (MG),1775,1808,1993,1696,1139,886,829,843,680,641,581,447,561,372,273,207,129,42,4,-,-
Ritápolis (MG),431,524,457,456,473,408,437,393,375,332,278,234,190,168,134,64,41,24,4,-,-
Rochedo de Minas (MG),182,184,193,161,130,202,139,131,132,105,55,82,79,33,54,26,17,-,-,-,2
Rodeiro (MG),484,474,456,572,481,506,431,457,328,266,269,148,139,153,83,55,48,11,10,4,-
Romaria (MG),360,377,344,370,339,300,326,297,234,200,137,141,122,60,96,15,12,7,-,-,-
Rosário da Limeira (MG),335,431,429,438,383,282,283,260,206,202,130,145,132,72,68,38,28,4,4,-,-
Rubelita (MG),959,1116,1242,1281,858,640,638,594,529,519,441,372,380,197,182,94,78,51,26,-,4
Rubim (MG),794,1064,1146,1010,773,635,666,594,503,459,378,449,382,280,200,168,87,53,18,6,-
Sabará (MG),11515,11290,11219,12167,12043,10026,9348,8947,7419,5735,4860,2888,2653,2119,1422,811,541,196,135,9,10
Sabinópolis (MG),1663,1797,1845,1763,1330,1136,998,1041,912,683,711,520,585,409,303,277,172,94,13,11,6
Sacramento (MG),1741,1950,2022,2112,1937,1719,1613,1663,1379,1193,886,897,642,601,395,234,221,88,33,8,-
Salinas (MG),3325,3561,4029,4373,3412,2730,2481,2267,2046,1838,1590,1288,1192,887,766,444,239,217,9,25,-
Salto da Divisa (MG),611,779,862,794,572,447,431,425,371,296,258,189,202,203,124,83,90,17,20,5,-
Santa Bárbara (MG),2250,2569,2665,2561,2381,1843,1809,1908,1518,1212,784,806,537,527,415,161,161,64,9,-,-
Santa Bárbara do Leste (MG),768,724,759,821,668,593,624,433,397,349,281,234,211,165,176,72,36,21,18,-,-
Santa Bárbara do Monte Verde (MG),200,241,214,136,193,218,186,175,143,113,107,135,137,51,51,36,16,13,-,-,-
Santa Bárbara do Tugúrio (MG),405,469,476,455,452,382,348,372,282,277,223,183,155,126,108,58,42,15,-,-,-
Santa Cruz de Minas (MG),622,706,687,719,649,623,604,570,492,356,279,214,175,126,100,57,38,19,5,-,-
Santa Cruz de Salinas (MG),530,573,583,551,343,278,274,255,257,284,165,170,189,129,86,39,47,15,22,6,4
Santa Cruz do Escalvado (MG),453,511,566,591,437,348,342,325,294,259,240,212,229,196,174,119,60,15,8,-,-
Santa Efigênia de Minas (MG),520,609,589,635,431,338,282,246,240,185,232,118,183,123,85,52,17,21,9,9,-
Santa Fé de Minas (MG),496,523,510,489,334,265,269,271,219,177,99,170,134,83,86,35,17,-,15,-,-
Santa Helena de Minas (MG),667,664,751,730,486,333,328,287,251,246,193,230,181,129,89,89,39,28,25,7,-
Santa Juliana (MG),641,748,753,774,755,715,657,689,576,444,347,303,220,169,142,84,41,18,3,-,-
Santa Luzia (MG),19542,18198,18776,19892,19541,16691,14921,13485,12064,9425,7319,4731,3655,2755,1907,982,604,327,48,18,21
Santa Margarida (MG),1434,1374,1518,1519,1410,1042,999,952,782,650,427,412,329,355,312,119,43,60,17,-,-
Santa Maria de Itabira (MG),1069,1155,1155,1085,893,786,708,667,503,450,354,347,318,272,249,180,89,42,18,4,3
Santa Maria do Salto (MG),452,621,702,664,431,346,360,324,293,252,220,168,152,169,78,86,96,19,6,-,-
Santa Maria do Suaçuí (MG),1596,1646,1761,1688,1204,922,866,840,724,600,506,491,422,409,260,217,84,71,28,14,-
Santana da Vargem (MG),722,716,758,799,710,653,573,527,517,408,347,215,172,158,87,108,25,21,5,-,-
Santana de Cataguases (MG),272,325,252,266,200,274,302,232,234,173,173,173,140,105,124,82,15,4,9,6,-
Santana de Pirapama (MG),748,799,921,927,777,584,566,539,471,435,464,253,379,253,222,175,46,42,10,-,6
Santana do Deserto (MG),315,353,372,366,312,300,313,285,232,178,179,156,113,112,99,58,21,5,4,-,-
Santana do Garambéu (MG),163,163,226,235,195,112,116,122,131,113,98,97,58,60,39,27,18,-,-,-,8
Santana do Jacaré (MG),365,407,439,410,379,352,289,310,286,229,199,163,208,106,98,56,85,12,10,6,-
Santana do Manhuaçu (MG),915,870,982,979,805,671,610,507,490,392,328,267,239,217,153,87,52,39,4,-,-
Santana do Paraíso (MG),2031,1917,1920,1997,1882,1483,1346,1256,1094,898,684,423,416,296,192,169,78,47,-,26,-
Santana do Riacho (MG),333,387,398,433,331,264,252,235,196,183,170,120,89,150,104,64,17,6,6,-,-
Santana dos Montes (MG),361,381,402,385,322,310,304,277,225,211,167,177,119,133,76,62,21,6,-,3,3
Santa Rita de Caldas (MG),636,721,783,827,871,762,782,683,635,616,535,415,378,376,208,176,55,28,10,-,3
Santa Rita de Jacutinga (MG),407,429,445,458,419,386,390,393,345,280,275,233,238,171,190,64,54,34,-,1,7
Santa Rita de Minas (MG),558,624,591,620,530,479,424,410,362,276,207,208,165,123,88,48,42,22,8,10,-
Santa Rita de Ibitipoca (MG),355,337,415,381,335,318,282,255,239,208,201,112,109,134,99,46,14,7,-,-,-
Santa Rita do Itueto (MG),591,576,641,685,589,482,433,385,345,297,229,249,161,150,130,79,18,15,-,2,5
Santa Rita do Sapucaí (MG),2844,2837,2913,3177,2895,2581,2498,2365,2055,1655,1251,1147,930,685,464,522,216,168,50,-,10
Santa Rosa da Serra (MG),300,263,307,332,251,235,232,316,192,164,153,89,81,83,32,44,31,2,-,6,-
Santa Vitória (MG),1259,1395,1434,1480,1522,1430,1369,1207,1035,923,810,680,521,509,326,222,148,67,13,-,14
Santo Antônio do Amparo (MG),1555,1615,1673,1755,1519,1140,1137,1092,1113,876,660,538,376,437,198,205,93,70,43,15,-
Santo Antônio do Aventureiro (MG),255,292,360,332,286,286,269,270,246,207,244,170,125,69,87,49,37,17,6,-,-
Santo Antônio do Grama (MG),379,463,477,443,367,302,306,268,264,199,173,187,165,129,91,56,52,51,5,-,-
Santo Antônio do Itambé (MG),590,581,608,547,383,253,243,242,188,200,153,158,170,89,82,55,17,12,9,10,-
Santo Antônio do Jacinto (MG),1097,1297,1541,1624,1095,761,687,749,624,580,435,462,381,269,201,123,115,61,21,4,16
Santo Antônio do Monte (MG),2110,2199,2166,2165,2318,1956,1864,1899,1593,1222,907,890,608,662,448,251,121,43,38,13,-
Santo Antônio do Retiro (MG),829,806,905,836,580,409,358,363,314,302,204,231,211,123,85,60,21,7,7,5,-
Santo Antônio do Rio Abaixo (MG),157,180,208,205,92,181,116,144,107,75,82,37,68,52,46,36,34,-,3,-,-
Santo Hipólito (MG),351,410,429,362,252,217,195,219,207,206,137,101,150,90,65,63,28,-,4,-,-
Santos Dumont (MG),4037,4160,4223,4564,4072,3451,3570,3866,3399,2594,2351,1620,1504,1225,971,643,301,127,67,44,-
São Bento Abade (MG),479,398,416,377,330,314,300,251,199,155,134,114,94,70,44,29,14,10,10,-,-
São Brás do Suaçuí (MG),265,254,311,299,283,215,260,263,238,170,148,137,126,145,43,70,32,10,14,-,-
São Domingos das Dores (MG),592,576,636,670,502,435,344,341,275,197,135,136,119,85,50,65,20,14,-,-,-
São Domingos do Prata (MG),1420,1565,1841,1735,1434,1161,1200,1289,1142,919,864,706,699,508,576,286,164,88,28,18,-
São Félix de Minas (MG),323,352,362,389,345,252,252,196,158,121,191,101,160,91,54,64,18,24,-,-,-
São Francisco (MG),6373,7232,7013,6594,4580,3141,2988,2706,2299,2267,1771,1529,1421,923,703,435,263,183,93,22,16
São Francisco de Paula (MG),561,612,665,734,678,509,460,454,414,329,206,264,166,183,125,84,64,15,10,-,-
São Francisco de Sales (MG),424,476,517,578,478,436,407,435,353,252,226,185,188,124,83,73,34,-,-,5,-
São Francisco do Glória (MG),530,514,583,582,523,422,416,396,328,293,219,212,179,178,130,59,92,35,-,5,-
São Geraldo (MG),622,669,689,730,678,549,569,574,470,411,350,305,346,232,245,151,57,32,21,10,6
São Geraldo da Piedade (MG),520,564,686,660,403,305,279,285,232,221,147,206,177,119,61,75,39,36,-,-,-
São Geraldo do Baixio (MG),255,280,328,308,230,228,191,223,157,135,113,101,143,64,43,35,19,5,6,-,-
São Gonçalo do Abaeté (MG),527,587,620,533,461,369,387,376,349,282,214,208,149,168,95,64,18,20,6,-,-
São Gonçalo do Pará (MG),645,673,723,729,753,629,647,574,503,412,443,277,331,238,140,135,89,19,4,-,6
São Gonçalo do Rio Abaixo (MG),842,815,862,937,857,680,615,567,487,356,366,278,245,189,123,81,82,70,11,-,-
São Gonçalo do Sapucaí (MG),2027,2218,2241,2254,1923,1659,1703,1662,1405,1283,1008,748,670,530,503,184,163,82,35,-,10
São Gotardo (MG),2561,2669,2636,2853,2721,2486,2262,2026,1802,1353,1224,724,762,538,399,253,194,99,48,20,-
São João Batista do Glória (MG),568,584,554,639,549,536,520,449,434,334,291,222,164,141,103,92,34,42,9,5,-
São João da Lagoa (MG),460,558,515,478,391,277,278,275,237,213,186,128,143,97,85,45,26,7,-,-,-
São João da Mata (MG),204,253,272,253,209,237,221,226,204,164,135,109,86,72,34,33,30,10,-,-,-
São João da Ponte (MG),2996,3234,3558,3319,2121,1562,1495,1436,1235,1144,935,874,677,567,304,281,184,46,22,18,20
São João das Missões (MG),1578,1658,1302,1280,871,718,554,505,414,310,256,299,255,162,133,71,52,36,13,6,-
São João del Rei (MG),5896,6320,6610,7076,7090,6260,6449,6624,6064,4731,3406,3411,2476,2388,1731,1076,574,293,87,34,20
São João do Manhuaçu (MG),957,939,990,971,824,666,686,618,503,379,310,222,225,147,136,83,20,19,13,-,8
São João do Manteninha (MG),351,366,452,418,359,357,320,317,259,215,219,144,155,208,107,51,78,24,6,-,-
São João do Oriente (MG),736,911,919,864,783,630,586,552,463,421,382,275,352,181,195,110,86,30,16,-,-
São João do Pacuí (MG),386,437,477,443,294,237,213,223,161,174,127,97,127,81,83,44,18,33,-,9,-
São João do Paraíso (MG),2122,2512,2734,2685,1826,1290,1291,1194,1107,982,712,771,614,395,357,247,83,69,10,10,-
São João Evangelista (MG),1603,1737,1868,1763,1274,928,991,912,823,684,613,564,579,392,321,194,153,82,46,-,-
São João Nepomuceno (MG),1938,2057,2139,2155,1825,1682,1893,1888,1730,1382,1149,851,751,806,653,314,256,257,26,33,-
São Joaquim de Bicas (MG),2092,1916,1899,2016,1859,1496,1319,1202,1080,847,681,501,406,356,236,125,41,46,10,10,15
São José da Barra (MG),511,584,645,646,487,454,494,486,452,376,299,165,123,144,78,58,32,10,-,9,-
São José da Lapa (MG),1551,1524,1531,1511,1446,1326,1264,1148,1014,775,496,423,253,310,149,157,64,45,7,5,-
São José da Safira (MG),461,477,521,486,316,294,251,225,177,151,138,77,105,98,62,45,4,6,-,-,-
São José da Varginha (MG),325,323,336,282,332,264,249,254,191,141,108,126,96,79,56,39,14,5,5,-,-
São José do Alegre (MG),350,338,351,340,317,270,291,346,236,202,169,140,137,121,88,57,28,19,3,-,-
São José do Divino (MG),399,433,485,436,330,273,242,220,201,158,166,145,132,92,34,89,28,-,-,-,-
São José do Goiabal (MG),518,626,640,651,513,395,397,441,383,275,263,205,204,175,136,57,97,21,6,6,-
São José do Jacuri (MG),661,774,841,784,565,460,459,375,317,285,271,231,242,199,135,99,37,31,18,4,-
São José do Mantimento (MG),233,215,288,248,205,177,139,176,136,105,98,81,99,53,44,44,34,4,-,-,-
São Lourenço (MG),3017,3062,3243,3697,3275,2709,2806,2909,2754,2170,1587,1437,1128,1057,935,605,338,163,27,9,-
São Miguel do Anta (MG),529,656,700,684,521,476,466,455,423,361,283,225,238,221,196,77,94,28,8,-,-
São Pedro da União (MG),462,475,553,482,436,396,396,447,388,431,296,238,195,150,147,76,31,3,15,-,-
São Pedro dos Ferros (MG),822,928,1021,1009,797,588,635,624,551,464,386,316,271,326,200,136,97,55,4,10,-
São Pedro do Suaçuí (MG),577,639,739,718,500,344,333,323,293,282,302,259,234,206,152,82,51,27,11,9,-
São Romão (MG),967,1010,999,963,687,488,448,474,377,313,264,180,228,132,101,59,41,29,12,6,5
São Roque de Minas (MG),527,509,516,563,524,534,561,505,444,396,302,278,202,171,140,72,61,9,11,-,-
São Sebastião da Bela Vista (MG),403,385,421,419,412,332,309,320,303,244,198,154,146,90,89,46,26,8,6,-,-
São Sebastião da Vargem Alegre (MG),274,260,275,252,236,171,216,175,156,168,103,100,69,77,45,21,23,5,5,-,-
São Sebastião do Anta (MG),572,518,581,610,476,366,316,296,238,206,140,111,76,120,77,44,29,-,3,-,-
São Sebastião do Maranhão (MG),1381,1367,1551,1377,904,629,662,600,496,542,473,424,346,331,215,177,86,30,6,-,8
São Sebastião do Oeste (MG),360,389,422,386,407,351,396,375,318,295,230,198,134,209,104,54,13,8,-,7,-
São Sebastião do Paraíso (MG),5178,5097,5279,5805,5300,4419,4348,4368,4051,3442,2696,2226,1881,1577,1357,648,436,150,77,-,-
São Sebastião do Rio Preto (MG),142,132,167,169,181,180,140,172,110,46,46,57,86,66,61,12,-,3,9,-,-
São Sebastião do Rio Verde (MG),132,158,182,172,154,133,144,181,148,128,100,69,85,51,68,58,13,-,-,-,-
São Tiago (MG),856,933,957,989,911,728,735,801,670,542,479,406,437,244,317,133,80,16,12,-,-
São Tomás de Aquino (MG),676,678,747,723,668,497,453,464,479,413,388,280,266,204,175,83,57,36,9,7,-
São Tomé das Letras (MG),691,637,641,542,516,554,534,513,409,315,217,182,169,126,90,42,19,7,-,-,-
São Vicente de Minas (MG),571,645,587,608,507,451,454,463,406,322,244,239,188,170,151,73,51,19,14,-,-
Sapucaí-Mirim (MG),607,552,537,516,508,442,405,390,323,265,197,219,154,119,124,59,15,16,7,-,-
Sardoá (MG),546,547,597,608,441,309,293,316,251,180,113,184,165,83,59,35,21,23,4,-,-
Sarzedo (MG),1839,1779,1841,1948,1748,1624,1445,1343,987,831,602,408,334,201,146,103,42,43,5,5,-
Setubinha (MG),1333,1325,1312,1117,726,483,447,457,431,370,299,291,199,188,113,101,74,10,11,4,-
Sem-Peixe (MG),215,313,346,367,223,171,172,209,175,163,174,164,139,142,80,59,38,5,8,7,-
Senador Amaral (MG),546,516,553,566,472,464,417,380,285,260,177,161,163,85,51,26,6,-,-,-,-
Senador Cortes (MG),184,194,168,183,173,148,145,144,122,103,122,50,73,67,56,37,22,4,-,4,-
Senador Firmino (MG),479,647,732,734,487,390,430,505,394,332,314,277,249,236,178,102,86,3,9,9,5
Senador José Bento (MG),137,166,168,202,164,178,266,238,202,160,89,158,130,66,69,30,12,5,12,-,-
Senador Modestino Gonçalves (MG),497,654,717,639,428,296,300,295,223,241,161,245,175,103,85,97,21,1,-,8,3
Senhora de Oliveira (MG),500,549,551,613,517,397,405,398,283,267,190,244,220,160,144,112,53,30,9,-,-
Senhora do Porto (MG),326,347,357,362,291,215,191,203,162,191,140,171,213,116,92,50,32,43,18,-,-
Senhora dos Remédios (MG),785,883,1057,1100,1148,801,777,710,616,509,514,393,324,203,246,110,78,10,3,7,1
Sericita (MG),707,724,807,857,697,521,501,449,357,318,249,210,225,136,100,71,46,15,-,-,-
Seritinga (MG),148,154,175,167,141,140,86,136,99,104,92,69,43,60,72,30,13,9,-,-,-
Serra Azul de Minas (MG),556,571,545,479,330,267,231,223,196,227,138,109,132,74,48,62,33,18,-,-,-
Serra da Saudade (MG),76,112,66,59,65,111,61,60,46,56,25,11,32,31,39,18,5,-,-,-,-
Serra dos Aimorés (MG),804,824,894,914,694,529,502,535,451,406,326,294,283,249,143,164,95,59,6,10,-
Serra do Salitre (MG),909,1011,985,903,878,827,842,703,599,432,336,299,227,170,113,88,41,20,7,-,-
Serrania (MG),711,741,781,761,733,532,536,562,404,379,301,256,220,240,150,129,45,16,-,-,6
Serranópolis de Minas (MG),374,447,449,494,346,250,257,264,246,191,163,143,163,51,102,42,43,4,9,-,-
Serranos (MG),169,208,220,225,159,146,131,161,119,98,92,85,100,53,39,26,32,8,-,-,-
Serro (MG),2484,2553,2705,2404,1722,1354,1344,1289,1035,816,818,455,526,552,468,246,153,70,9,10,-
Sete Lagoas (MG),16330,17359,18370,19143,17767,15390,15444,14878,12826,10023,7750,5718,4591,3509,2632,1545,822,579,137,33,25
Silveirânia (MG),181,217,211,232,167,145,147,166,148,93,91,63,116,60,60,12,25,4,-,-,-
Silvianópolis (MG),460,503,522,470,476,447,447,447,370,339,357,242,238,185,150,90,64,22,16,9,-
Simão Pereira (MG),226,233,174,273,223,165,177,225,191,112,117,119,83,48,45,37,17,8,-,5,-
Simonésia (MG),1724,1804,1883,1963,1728,1312,1112,1032,910,773,585,577,423,425,202,176,96,115,28,-,7
Sobrália (MG),558,629,739,717,482,397,362,405,359,314,224,294,221,222,206,77,40,24,7,6,-
Soledade de Minas (MG),393,466,504,514,480,342,375,378,338,289,200,259,267,190,101,34,19,3,-,4,-
Tabuleiro (MG),366,424,464,440,350,300,326,343,299,248,215,176,144,197,121,78,60,17,4,-,-
Taiobeiras (MG),2811,3010,3037,3249,2450,2055,1903,1768,1577,1285,969,827,763,586,497,228,117,144,45,18,9
Taparuba (MG),208,276,332,368,274,195,227,236,195,170,195,104,141,105,41,53,66,21,18,-,-
Tapira (MG),271,316,319,336,273,259,274,279,254,183,120,117,96,84,46,52,23,17,8,-,-
Tapiraí (MG),162,158,172,167,138,137,178,160,139,109,73,95,83,52,52,16,5,5,-,-,-
Taquaraçu de Minas (MG),363,313,342,354,362,261,294,232,193,152,193,134,135,63,58,54,20,6,-,-,-
Tarumirim (MG),1180,1285,1615,1717,1179,870,826,891,789,778,706,644,571,524,430,234,125,66,35,23,-
Teixeiras (MG),906,1064,1110,1086,930,835,835,787,724,611,479,408,337,396,301,141,83,68,33,12,4
Teófilo Otoni (MG),11775,11989,13524,14507,12140,9956,9333,8968,7710,6345,5384,4496,3831,3532,2385,1608,1055,525,260,61,39
Timóteo (MG),5955,6484,6888,7699,6796,5595,6233,6252,5187,3974,2846,2135,1789,1558,1073,588,226,127,37,24,12
Tiradentes (MG),525,509,502,580,539,477,467,484,444,343,224,184,167,117,89,65,25,18,-,-,-
Tiros (MG),534,574,688,731,647,593,531,574,538,479,342,378,285,226,228,119,54,46,4,-,-
Tocantins (MG),1274,1399,1338,1448,1390,1126,1201,1117,966,783,778,492,510,457,348,235,51,71,21,-,-
Tocos do Moji (MG),279,366,326,371,335,332,321,352,269,198,212,122,117,73,48,61,30,4,4,-,-
Toledo (MG),468,492,471,509,437,421,421,346,321,287,244,230,198,143,115,48,48,21,-,2,-
Tombos (MG),879,1047,992,1189,921,874,880,868,815,652,515,473,434,372,271,237,135,66,20,8,4
Três Corações (MG),6369,6263,6254,6809,6158,5065,5006,4869,4477,3548,2732,2213,1741,1429,935,700,455,190,44,23,11
Três Marias (MG),2310,2392,2393,2586,2225,1941,1909,1837,1560,1297,850,753,575,306,216,237,90,56,23,-,12
Três Pontas (MG),4890,4826,4804,5299,4925,4137,3899,3727,3504,2780,2218,1545,1236,1274,850,547,286,168,60,11,39
Tumiritinga (MG),596,600,611,638,507,376,388,378,303,250,256,270,224,132,127,88,51,15,21,-,-
Tupaciguara (MG),1843,2002,2126,2060,1843,1802,1812,1795,1481,1272,1177,960,914,697,522,412,225,129,26,19,-
Turmalina (MG),1611,1813,2074,2027,1349,1000,1070,951,828,657,529,470,345,353,231,154,119,53,21,-,-
Turvolândia (MG),386,404,403,393,371,339,322,323,282,239,203,158,144,116,71,41,32,11,4,-,-
Ubá (MG),7769,7450,7760,8320,8061,7013,6943,6799,6004,4694,3693,2716,2338,2020,1711,885,469,258,109,50,2
Ubaí (MG),1279,1396,1432,1385,891,641,605,565,498,482,414,327,302,196,188,88,54,10,14,3,4
Ubaporanga (MG),1057,1265,1341,1322,1142,837,834,911,696,540,478,319,398,236,253,145,79,21,8,13,7
Uberaba (MG),19002,20579,22430,24909,23722,20051,20286,20049,18432,15197,12163,9643,8353,6614,4753,2962,1703,1003,439,32,44
Uberlândia (MG),41369,43464,46229,49675,51629,45348,43031,41736,35800,28488,21481,15351,12601,9728,6826,4627,2109,1165,396,91,69
Umburatiba (MG),349,316,375,329,273,144,130,148,156,137,92,94,104,77,75,30,22,4,15,-,-
Unaí (MG),6624,7018,7419,7734,6911,6161,5581,5245,4371,3531,2434,2166,1859,1129,840,496,319,138,21,11,26
União de Minas (MG),426,446,438,440,438,427,392,325,299,228,209,169,125,113,78,53,9,18,5,-,-
Uruana de Minas (MG),309,377,394,385,255,227,223,211,167,176,155,95,109,83,52,27,18,-,-,-,-
Urucânia (MG),1025,1149,1183,1144,968,815,735,702,570,465,399,324,257,271,143,106,59,44,15,-,-
Urucuia (MG),1268,1257,1155,1241,895,665,572,470,434,341,303,306,223,198,175,38,58,12,4,-,-
Vargem Alegre (MG),610,628,723,729,624,488,412,426,370,333,257,242,253,142,142,74,43,47,-,-,-
Vargem Bonita (MG),145,177,213,234,155,153,182,182,178,147,110,97,77,63,39,25,5,15,8,-,8
Vargem Grande do Rio Pardo (MG),523,560,574,516,366,329,301,249,219,203,139,113,124,83,78,43,24,12,-,-,-
Varginha (MG),9220,9409,10148,11124,10730,8908,8659,8839,8277,6639,4747,3522,2851,2180,1789,925,664,281,65,11,11
Varjão de Minas (MG),494,556,532,445,428,425,396,370,268,204,131,154,79,115,63,15,9,3,6,-,8
Várzea da Palma (MG),3186,3583,3906,3732,3023,2376,2258,2310,1871,1461,1268,656,599,613,415,208,84,80,11,-,-
Varzelândia (MG),2285,2531,2791,2511,1475,1060,1060,969,868,756,669,531,528,435,270,233,116,58,-,22,-
Vazante (MG),1654,1820,1937,1985,1701,1655,1687,1542,1298,1003,675,696,562,249,203,143,84,34,-,-,-
Verdelândia (MG),1003,1100,947,874,637,438,412,364,285,219,193,248,165,130,71,29,35,24,-,-,3
Veredinha (MG),504,643,712,670,424,346,327,315,266,258,197,162,127,125,99,35,23,21,-,-,3
Veríssimo (MG),266,271,222,241,256,257,245,198,182,160,124,143,87,106,114,37,25,18,7,-,-
Vermelho Novo (MG),445,426,498,486,432,380,317,319,250,214,180,166,143,108,75,72,25,18,13,-,6
Vespasiano (MG),8461,7844,7641,8414,8183,6777,6278,5688,4871,3679,2693,1884,1461,1032,641,455,264,55,58,21,23
Viçosa (MG),5424,5532,6225,6962,6912,5732,5002,5020,4513,3645,2623,1968,1499,1465,1068,701,268,205,52,11,27
Vieiras (MG),314,381,416,397,317,287,298,288,302,216,130,173,136,106,90,63,13,5,8,11,-
Mathias Lobato (MG),389,456,477,441,274,219,226,245,219,170,135,97,105,49,45,43,17,16,8,5,6
Virgem da Lapa (MG),1255,1515,1775,1904,1083,878,794,842,725,581,486,509,483,326,194,181,78,46,7,11,-
Virgínia (MG),744,775,867,937,751,637,596,648,591,477,426,319,256,260,224,103,61,10,5,5,7
Virginópolis (MG),1015,1225,1306,1209,886,681,682,753,629,501,355,387,348,287,251,158,104,41,8,-,-
Virgolândia (MG),559,673,720,757,435,360,336,368,312,276,243,206,207,277,156,106,58,54,-,9,-
Visconde do Rio Branco (MG),2696,2946,3060,3263,2931,2456,2605,2576,2174,1799,1493,1076,1000,931,547,533,337,121,32,23,-
Volta Grande (MG),446,478,465,528,412,352,348,353,282,259,217,183,138,174,131,83,40,18,12,-,-
Wenceslau Braz (MG),212,243,236,251,197,212,214,152,177,147,116,99,92,83,63,41,30,14,18,-,-
Afonso Cláudio (ES),2759,3089,3406,3508,3136,2613,2320,2205,1943,1653,1287,1201,974,752,572,433,217,131,25,8,-
Águia Branca (ES),830,953,990,1087,836,833,756,640,599,496,376,358,250,246,217,61,42,21,9,-,-
Água Doce do Norte (ES),1197,1255,1465,1520,1183,1008,848,795,735,616,463,441,391,321,275,181,100,35,6,-,-
Alegre (ES),2787,3021,3291,3274,2769,2200,2313,2309,1976,1697,1235,1154,1073,866,705,473,327,167,69,7,-
Alfredo Chaves (ES),1051,1213,1285,1399,1272,1122,1070,1032,918,738,568,516,416,327,289,180,119,75,3,15,8
Alto Rio Novo (ES),641,619,834,834,704,551,508,437,408,321,337,147,217,174,125,44,36,22,-,-,6
Anchieta (ES),1646,1763,2081,2119,1836,1608,1444,1376,1304,1007,837,569,462,457,387,113,94,79,17,-,17
Apiacá (ES),633,713,760,765,670,541,555,543,457,424,350,271,265,264,188,97,56,50,14,-,-
Aracruz (ES),6440,6755,7276,7336,6459,5321,4860,4663,4124,3400,2243,1470,1432,973,701,570,365,192,18,20,20
Atílio Vivácqua (ES),746,758,872,881,800,629,600,602,525,461,343,275,212,229,174,121,49,41,6,4,-
Baixo Guandu (ES),2557,2658,2651,2879,2576,2191,2098,2017,1679,1459,1149,923,905,768,452,457,237,132,9,22,-
Barra de São Francisco (ES),3425,3495,4064,3967,3507,2978,2815,2753,2269,1839,1531,1303,1180,975,634,399,263,130,46,23,-
Boa Esperança (ES),1298,1438,1525,1514,1239,1086,1008,1023,848,665,490,396,357,304,198,189,62,25,-,9,5
Bom Jesus do Norte (ES),787,732,860,891,838,669,723,661,702,529,402,322,277,296,277,153,70,24,13,-,-
Brejetuba (ES),1458,1262,1359,1500,1309,985,797,724,592,475,342,278,194,185,105,58,53,-,7,-,4
Cachoeiro de Itapemirim (ES),15465,16284,17427,17434,16269,13533,14139,14116,12211,10006,7563,5283,4663,3913,2986,1917,997,479,154,30,10
Cariacica (ES),31606,30962,33149,34962,32918,28085,26451,24559,21383,16981,12279,9026,7376,5475,4385,2332,1332,713,212,45,54
Castelo (ES),2684,2794,3099,3283,3031,2627,2765,2532,2226,1757,1295,1249,987,902,626,517,165,134,66,18,-
Colatina (ES),9122,9776,11008,11460,10617,9382,9568,8878,7798,6169,4563,3696,3252,2734,1828,1331,735,576,146,61,11
Conceição da Barra (ES),2919,3024,3153,3046,2518,2013,1923,1676,1434,1190,934,704,653,503,335,235,139,66,9,10,11
Conceição do Castelo (ES),980,985,1168,1179,1026,878,845,778,700,574,447,336,307,259,202,90,119,21,6,6,4
Divino de São Lourenço (ES),532,503,577,487,407,392,364,346,289,244,161,137,83,111,98,44,15,17,5,4,-
Domingos Martins (ES),2694,2876,3167,3204,2915,2650,2430,2294,1830,1514,1210,993,822,685,588,387,164,86,49,-,-
Dores do Rio Preto (ES),594,594,671,673,525,454,516,473,361,325,239,203,175,146,145,47,31,16,-,-,-
Ecoporanga (ES),2288,2259,2626,2674,2264,1963,1665,1594,1376,1191,1012,678,780,556,432,246,242,72,36,14,11
Fundão (ES),1197,1166,1278,1327,1219,1047,1010,940,865,727,486,433,370,301,260,196,77,55,45,6,4
Governador Lindenberg (ES),...,...,...,...,...,...,...,...,...,...,...,...,...,...,...,...,...,...,...,...,...
Guaçuí (ES),2442,2448,2627,2736,2324,1855,1795,1772,1601,1442,1010,880,961,630,428,249,151,58,51,33,-
Guarapari (ES),8436,8239,8748,9576,8714,7444,7100,6619,5823,4704,3487,2710,2460,1539,1378,727,441,148,91,16,-
Ibatiba (ES),1982,1886,2082,2200,1922,1633,1363,1251,1082,934,687,629,495,376,377,125,66,81,31,8,-
Ibiraçu (ES),873,1008,1044,1096,1039,812,779,701,605,520,446,283,245,237,215,140,39,33,22,6,-
Ibitirama (ES),1061,968,1078,1108,877,735,623,568,532,434,291,246,204,187,168,63,28,24,9,6,-
Iconha (ES),862,1005,1100,1119,1094,935,958,949,859,651,446,434,325,282,164,177,56,32,21,13,-
Irupi (ES),1121,1046,1137,1141,1128,844,755,709,509,466,386,284,237,246,130,114,57,27,10,6,-
Itaguaçu (ES),1146,1257,1423,1484,1288,1129,1114,1042,976,818,591,503,539,439,326,199,91,102,16,8,3
Itapemirim (ES),2779,2782,3123,2995,2802,2274,2075,1994,1721,1391,1139,771,672,626,479,259,121,105,-,-,13
Itarana (ES),978,1013,1059,1176,1064,910,906,772,728,593,485,457,367,340,260,166,78,54,13,5,-
Iúna (ES),2642,2532,2961,2885,2568,2097,1945,1837,1570,1237,859,827,678,542,428,289,136,70,9,-,-
Jaguaré (ES),2096,2062,2299,2351,2009,1602,1435,1317,1148,865,613,496,359,384,180,229,68,14,13,-,-
Jerônimo Monteiro (ES),883,969,1029,1005,892,758,799,728,616,501,391,384,291,375,290,104,104,52,17,-,-
João Neiva (ES),1141,1367,1446,1582,1498,1247,1173,1148,1107,867,602,475,440,418,359,186,127,72,39,7,-
Laranja da Terra (ES),799,939,1024,1105,961,903,871,827,657,556,545,537,333,364,212,121,125,45,10,-,-
Linhares (ES),11223,11661,12210,12396,11412,9330,8761,7880,6952,5670,3944,3261,2486,2108,1462,832,554,283,138,25,29
Mantenópolis (ES),1196,1137,1340,1368,1123,930,822,833,737,582,468,438,370,330,240,151,87,36,10,3,-
Marataízes (ES),2934,2948,3169,3234,3007,2489,2291,2315,1980,1639,1165,916,798,675,489,287,174,74,18,-,-
Marechal Floriano (ES),1082,1163,1234,1228,1177,1062,973,900,787,591,453,359,393,254,227,108,92,69,30,6,-
Marilândia (ES),707,830,932,1010,863,824,839,801,702,550,478,328,300,301,192,164,62,35,6,-,-
Mimoso do Sul (ES),2127,2419,2692,2711,2521,1815,1883,2252,1735,1429,1003,950,761,691,590,264,179,111,56,2,7
Montanha (ES),1496,1691,1848,1942,1556,1297,1253,1191,968,850,757,597,532,452,389,219,106,94,10,14,-
Mucurici (ES),558,614,700,694,520,380,403,393,364,258,232,222,176,144,109,57,46,15,11,-,5
Muniz Freire (ES),2003,2021,2271,2244,1847,1489,1420,1291,1091,881,724,618,451,505,367,170,178,69,49,-,-
Muqui (ES),1120,1248,1429,1440,1202,1027,1016,970,849,710,514,538,459,415,319,194,143,42,21,7,6
Nova Venécia (ES),4095,4301,4576,4513,3948,3587,3412,3190,2674,2212,1592,1233,1189,884,694,464,257,146,39,8,-
Pancas (ES),1995,1984,2274,2267,1991,1588,1513,1347,1236,1000,844,615,594,437,347,123,167,46,35,-,-
Pedro Canário (ES),2375,2425,2501,2592,2152,1665,1600,1454,1263,996,777,603,401,474,316,141,85,111,21,9,-
Pinheiros (ES),1924,2031,2305,2443,2115,1639,1559,1376,1279,1038,839,763,549,593,350,223,183,74,28,9,-
Piúma (ES),1469,1542,1556,1535,1425,1220,1184,1137,948,705,595,469,430,309,157,170,68,48,10,10,-
Ponto Belo (ES),535,605,647,703,567,472,425,426,370,329,215,266,195,194,130,96,44,27,13,5,-
Presidente Kennedy (ES),891,965,1031,1101,888,720,623,662,522,503,464,287,287,222,157,104,73,28,17,10,-
Rio Bananal (ES),1475,1489,1645,1864,1660,1428,1339,1236,1037,785,518,520,343,416,313,158,53,33,-,-,12
Rio Novo do Sul (ES),928,1004,1140,1226,1070,826,830,860,736,628,449,379,362,317,176,125,119,60,23,12,-
Santa Leopoldina (ES),1149,1190,1285,1296,1117,970,932,947,761,638,448,430,406,348,257,145,79,41,18,7,-
Santa Maria de Jetibá (ES),2944,2999,3212,3168,2817,2410,2183,1900,1661,1380,1169,763,729,539,474,241,134,43,9,-,-
Santa Teresa (ES),1604,1719,2091,2111,1840,1630,1655,1566,1345,1146,878,797,633,540,408,332,124,136,56,11,-
São Domingos do Norte (ES),599,737,787,813,681,576,603,562,533,419,292,269,201,225,150,99,78,22,29,11,-
São Gabriel da Palha (ES),2246,2403,2762,2890,2759,2185,2109,1965,1722,1405,1047,764,692,587,522,289,170,62,-,8,-
São José do Calçado (ES),847,918,1004,993,884,740,772,747,701,604,417,444,393,353,240,175,164,55,17,7,7
São Mateus (ES),9299,9671,10162,10346,9001,7389,6915,6762,5642,4344,3026,2202,1883,1507,1128,544,392,143,77,27,-
São Roque do Canaã (ES),855,904,985,1002,914,870,910,805,712,578,431,357,348,261,202,154,71,29,7,-,-
Serra (ES),33238,31617,34229,35718,32864,28047,26527,25232,21997,16837,11120,7316,5430,4596,3018,1603,894,612,214,43,30
Sooretama (ES),2175,2014,2096,2078,1991,1537,1325,1130,984,815,502,500,412,251,235,125,81,-,17,-,-
Vargem Alta (ES),1768,1690,1823,1822,1682,1409,1442,1279,1033,849,563,552,473,357,298,174,119,33,10,-,-
Venda Nova do Imigrante (ES),1376,1495,1669,1669,1645,1396,1389,1281,1070,858,687,405,488,228,253,161,89,6,-,-,-
Viana (ES),5110,5173,5724,6047,5464,4623,4378,4148,3590,2770,1906,1238,1080,855,613,416,186,99,26,-,7
Vila Pavão (ES),738,844,911,880,784,691,661,611,502,374,332,251,236,195,92,110,80,34,-,3,-
Vila Valério (ES),1281,1368,1557,1450,1445,1217,1064,982,893,639,504,341,324,327,227,138,59,34,15,3,8
Vila Velha (ES),28998,28888,31929,35197,33904,29110,28883,28910,25589,20365,15238,11058,9351,7257,5409,3056,1624,822,263,73,41
Vitória (ES),22436,22464,25984,30689,29747,23644,22830,23676,22261,18587,13783,10059,8036,6714,5104,2851,1877,988,451,77,46
Angra dos Reis (RJ),12165,11390,11251,12313,11714,10022,9747,9553,8609,6615,5065,3447,2531,1922,1419,725,448,257,44,-,10
Aperibé (RJ),565,637,714,816,669,550,632,704,567,487,393,328,278,216,218,124,76,25,12,6,-
Araruama (RJ),7694,7710,7863,8054,7380,6357,6281,6158,5412,4500,3483,3351,2636,2194,1575,1114,565,308,121,39,9
Areal (RJ),900,947,980,925,896,762,799,708,710,565,461,335,304,198,204,95,52,33,17,4,5
Armação dos Búzios (RJ),1863,1736,1664,1715,1767,1635,1730,1591,1330,944,661,532,292,378,135,117,60,43,10,-,-
Arraial do Cabo (RJ),2179,2040,2092,2145,2143,1876,1995,2168,1759,1332,1041,946,761,635,468,195,68,18,9,7,-
Barra do Piraí (RJ),7455,7149,7514,8111,7921,6755,6893,7278,6628,5671,4636,3171,2698,2462,1883,1108,725,291,138,16,-
Barra Mansa (RJ),14511,14351,15428,16441,15649,13634,13629,14419,12680,10530,8064,6159,4990,4148,2684,1982,817,441,125,25,46
Belford Roxo (RJ),45547,43079,40984,42765,40910,36847,35614,32604,28615,23958,18595,13579,10988,8093,6133,3437,1652,734,218,78,43
Bom Jardim (RJ),1954,1970,2091,2173,2125,1864,1761,1779,1512,1305,1024,777,646,595,507,273,162,96,38,-,-
Bom Jesus do Itabapoana (RJ),2735,2879,3063,3204,3003,2527,2581,2536,2345,1889,1442,1398,1197,1007,764,501,366,140,74,5,-
Cabo Frio (RJ),12762,12554,12120,12494,11506,10096,10116,10559,8805,6812,5163,4242,3448,2577,1737,977,490,256,51,31,32
Cachoeiras de Macacu (RJ),4358,4569,4557,4656,4561,4056,3903,3755,2935,2661,2295,1715,1291,1214,875,539,328,202,47,6,19
Cambuci (RJ),1120,1113,1242,1389,1251,1083,1123,1090,1022,868,783,581,521,481,423,304,177,67,26,6,-
Carapebus (RJ),785,766,763,842,751,827,693,675,559,455,428,264,226,230,138,140,62,37,20,-,6
Comendador Levy Gasparian (RJ),689,683,718,746,715,592,654,648,574,453,408,272,240,209,165,86,44,24,-,3,-
Campos dos Goytacazes (RJ),35950,37047,38152,40859,37073,30577,30885,31974,27890,22523,18696,14600,12445,10577,8092,4809,2605,1498,648,206,62
Cantagalo (RJ),1701,1781,1866,1918,1777,1529,1593,1516,1295,1047,926,755,589,564,424,230,181,79,57,8,-
Cardoso Moreira (RJ),942,1083,1186,1216,1148,951,857,901,726,671,675,536,459,448,329,232,120,65,44,7,-
Carmo (RJ),1281,1259,1378,1393,1377,1170,1220,1151,1076,935,705,564,521,428,368,230,125,70,28,-,9
Casimiro de Abreu (RJ),1922,2049,2046,2275,2087,1804,1771,1683,1526,1221,894,838,669,433,440,208,146,106,27,6,-
Conceição de Macabu (RJ),1758,1811,1820,1792,1717,1477,1593,1486,1180,923,800,603,631,370,412,135,158,98,-,17,-
Cordeiro (RJ),1580,1591,1659,1777,1713,1387,1494,1498,1294,1099,841,720,524,525,310,276,180,95,29,9,-
Duas Barras (RJ),947,948,1038,1006,945,850,755,875,702,523,368,366,250,260,237,146,64,47,5,3,-
Duque de Caxias (RJ),78025,74569,71569,74470,72056,64374,62676,59828,53655,43884,34012,25238,20909,16246,11800,6748,3045,1676,436,118,121
Engenheiro Paulo de Frontin (RJ),942,960,1041,1121,1077,889,927,987,952,620,589,526,447,311,379,253,70,33,25,16,-
Guapimirim (RJ),3750,3910,3741,3769,3593,3100,2889,2858,2391,1968,1640,1172,962,901,592,391,191,76,25,24,8
Iguaba Grande (RJ),1349,1330,1234,1411,1245,1134,1125,1202,985,864,795,653,597,439,415,154,68,45,11,32,-
Itaboraí (RJ),18305,17592,17489,18115,18386,16123,15454,14361,12706,10608,8297,6064,4687,3689,2583,1525,812,329,255,68,32
Itaguaí (RJ),8345,7782,7778,8225,7928,6732,6420,6110,5692,4620,3712,2568,1929,1727,1084,633,392,229,56,26,15
Italva (RJ),852,945,1100,1162,1086,820,969,1045,858,870,679,600,403,334,338,303,146,63,46,-,-
Itaocara (RJ),1579,1754,1964,2110,1944,1757,1775,1866,1600,1348,1284,926,886,744,657,327,347,116,10,9,-
Itaperuna (RJ),6958,6980,7599,8446,8135,6854,6950,7039,5911,5206,4073,3195,2985,2119,1769,1213,691,411,139,38,8
Itatiaia (RJ),2361,2323,2290,2469,2399,2159,1940,1967,1645,1402,1055,892,559,521,409,146,58,121,11,12,-
Japeri (RJ),9167,9100,8388,8555,8189,6977,6570,5730,4905,4066,3206,2360,1955,1525,1170,824,373,148,34,26,8
Laje do Muriaé (RJ),700,691,708,785,680,603,615,600,488,459,363,310,233,244,167,144,61,17,22,13,6
Macaé (RJ),12229,12281,12363,13237,12469,10880,10738,11742,10227,7632,5512,3773,3166,2249,1608,1054,676,458,117,50,-
Macuco (RJ),416,391,442,531,475,418,365,309,291,301,241,214,133,121,100,102,18,12,5,3,-
Magé (RJ),20987,20474,19725,20186,18684,16805,16085,15204,13240,11093,8880,6928,5720,4488,3378,1975,1219,530,161,6,61
Mangaratiba (RJ),2309,2235,2261,2306,2159,2002,1957,1925,1674,1360,1209,942,846,660,442,370,146,71,27,-,-
Maricá (RJ),6411,6629,6596,7025,6600,6003,5816,6216,5728,4823,3676,3275,2583,2116,1484,999,384,230,90,26,27
Mendes (RJ),1327,1343,1436,1544,1464,1325,1353,1431,1361,1106,869,648,627,537,359,332,146,81,-,-,-
Mesquita (RJ),...,...,...,...,...,...,...,...,...,...,...,...,...,...,...,...,...,...,...,...,...
Miguel Pereira (RJ),2028,2024,2120,2116,1857,1730,1780,1909,1698,1435,1259,934,821,772,692,394,213,57,43,14,5
Miracema (RJ),2390,2478,2566,2731,2415,1983,1988,2027,1736,1466,1226,999,877,827,566,324,169,203,84,10,-
Natividade (RJ),1244,1242,1410,1534,1317,1061,1111,1137,1004,878,616,584,504,565,380,199,186,117,32,4,-
Nilópolis (RJ),12620,12140,12593,14043,13835,12623,11786,12272,11542,9876,8012,6009,5116,4259,3230,1919,1194,484,69,43,46
Niterói (RJ),30567,31124,32911,39047,41114,35499,34096,37271,35530,31719,26744,20611,18355,15109,12743,7871,5396,2574,827,287,57
Nova Friburgo (RJ),13481,13517,14402,15800,15642,13839,14249,14260,12856,11081,8925,7065,5565,4373,3268,2557,1490,715,259,57,17
Nova Iguaçu (RJ),90619,87311,83138,87847,85436,77277,74679,71262,62905,51899,42277,30897,26194,19181,14194,8489,4321,1780,545,183,164
Paracambi (RJ),3262,3411,3458,3670,3433,3296,3402,3490,2924,2488,2073,1568,1243,1151,759,439,249,88,50,-,21
Paraíba do Sul (RJ),3248,3129,3254,3502,3188,2868,2985,2995,2672,2214,1819,1348,1200,1064,890,521,271,182,48,13,-
Paraty (RJ),3154,2967,2920,2940,2911,2386,2238,2201,2034,1583,1143,896,675,578,382,307,149,37,37,-,6
Paty do Alferes (RJ),2412,2454,2522,2455,2114,1934,1931,1947,1615,1240,1151,684,763,638,495,282,120,119,38,-,15
Petrópolis (RJ),23344,23763,23592,25096,24856,22198,22894,23047,20403,17963,15558,11420,9683,8166,6551,4309,2228,993,298,112,63
Pinheiral (RJ),1689,1713,1802,2055,1822,1449,1449,1608,1565,1204,878,615,555,321,331,242,96,59,28,-,-
Piraí (RJ),1930,1975,2016,2081,2001,1720,1752,1834,1576,1367,990,772,589,574,379,327,122,94,7,13,-
Porciúncula (RJ),1381,1480,1555,1519,1440,1135,1210,1219,1075,841,677,533,489,523,299,388,207,84,33,6,-
Porto Real (RJ),1207,1226,1178,1178,1198,1021,1000,924,841,644,458,377,305,230,137,89,57,25,-,-,-
Quatis (RJ),973,966,1002,1104,1020,814,857,839,731,630,447,420,259,275,175,93,65,51,4,5,-
Queimados (RJ),12846,12516,11895,12128,11790,10426,9695,8836,7864,6250,5217,3522,3210,2079,1718,1045,527,282,81,21,45
Quissamã (RJ),1300,1333,1390,1391,1100,1017,1095,1042,902,711,599,462,467,303,238,206,81,26,11,-,-
Resende (RJ),9294,9221,9611,10308,9664,8953,8612,8385,7536,6073,4702,3635,2886,2047,1665,1036,478,305,107,31,-
Rio Bonito (RJ),4386,4150,4507,5009,4751,4071,3891,3744,3413,2857,2359,1657,1343,1358,983,505,387,195,82,34,10
Rio Claro (RJ),1624,1461,1363,1592,1576,1301,1258,1203,1037,885,648,623,651,239,237,289,191,35,-,14,-
Rio das Flores (RJ),703,722,702,712,696,584,565,597,465,427,349,318,256,188,165,55,91,12,14,4,-
Rio das Ostras (RJ),3501,3295,3463,3673,3294,2968,2982,3039,2456,1994,1526,1195,1126,716,561,341,164,80,34,-,11
Rio de Janeiro (RJ),447395,433908,442343,505300,517594,472689,445077,458990,435749,383875,318758,244403,216446,187716,152511,99935,54925,28034,9017,2336,903
Santa Maria Madalena (RJ),892,918,959,1018,923,791,755,727,679,586,499,428,310,359,227,177,116,82,27,5,-
Santo Antônio de Pádua (RJ),3060,3287,3376,3602,3485,2987,3033,2999,2644,2166,1843,1596,1425,1018,848,617,373,204,104,17,8
São Francisco de Itabapoana (RJ),3767,4343,4456,4305,3756,3138,2970,3055,2447,2080,1627,1363,1250,1031,641,569,378,173,110,8,8
São Fidélis (RJ),2829,3012,3233,3495,3145,2628,2764,2815,2425,2048,1742,1629,1374,1185,1172,594,385,190,69,43,11
São Gonçalo (RJ),74003,73166,73286,80692,82892,75794,73340,74512,66487,56759,44649,33536,28137,20952,16056,8643,5067,2181,622,208,137
São João da Barra (RJ),2345,2523,2618,2610,2347,2117,2231,2197,1883,1467,1238,1181,956,770,465,337,265,96,18,8,9
São João de Meriti (RJ),42433,39970,39232,42727,41938,37450,35579,35228,32339,26833,21902,14911,13164,10275,7401,4590,2006,1015,353,97,33
São José de Ubá (RJ),503,542,584,612,621,543,535,509,417,338,265,302,208,143,133,58,61,29,-,10,-
São José do Vale do Rio Preto (RJ),1933,1928,1781,1801,1742,1670,1656,1447,1249,1033,829,652,429,494,253,212,100,55,14,-,-
São Pedro da Aldeia (RJ),6376,6247,5855,5947,5555,5379,5416,5089,4227,3342,2874,1910,1943,1073,1055,483,204,147,68,17,20
São Sebastião do Alto (RJ),647,754,810,790,667,621,663,675,555,468,454,265,338,225,149,153,78,74,10,5,-
Sapucaia (RJ),1400,1540,1545,1509,1445,1252,1379,1376,1283,1055,833,604,552,451,333,338,118,114,-,22,9
Saquarema (RJ),4886,4950,4808,5000,4553,4015,3996,4124,3534,2891,2451,1970,1569,1462,1195,493,322,144,60,28,9
Seropédica (RJ),6433,6497,6367,6292,6082,5275,5134,4882,4375,3670,2655,2125,1750,1375,1135,683,303,175,47,-,7
Silva Jardim (RJ),2338,2165,2098,2213,2012,1715,1593,1434,1259,1002,857,604,548,533,538,191,109,57,-,-,-
Sumidouro (RJ),1247,1328,1437,1439,1351,1222,1199,1166,950,727,558,411,361,300,264,112,74,24,-,-,6
Tanguá (RJ),2516,2451,2460,2599,2658,2322,2031,1905,1623,1315,1146,891,669,591,358,228,141,107,16,30,-
Teresópolis (RJ),12276,12232,12375,12771,12375,11148,11022,10749,9758,8106,6638,4854,3964,3805,2828,1516,1011,445,149,21,38
Trajano de Moraes (RJ),757,900,1054,1049,846,702,756,847,627,561,455,423,355,311,294,119,78,36,38,4,-
Três Rios (RJ),6198,6170,6378,6723,6402,5589,5667,5666,5175,4422,3584,2665,2510,1641,1394,926,401,257,150,23,34
Valença (RJ),5651,5538,5869,6088,5556,4822,4855,5261,4760,3978,3373,2631,2397,1884,1458,1083,586,366,99,49,5
Varre-Sai (RJ),736,728,851,848,752,619,584,547,492,403,324,225,168,226,138,90,63,22,31,-,7
Vassouras (RJ),2869,2788,2820,2907,2653,2348,2419,2396,2212,1825,1423,1268,948,890,832,354,215,174,101,-,9
Volta Redonda (RJ),19143,19570,21260,23750,21567,18093,18511,20923,20058,16511,11926,8559,6587,6178,4646,2632,1417,495,151,75,10
Adamantina (SP),2140,2549,2979,3207,2705,2408,2561,2627,2354,2085,1598,1614,1370,1295,848,590,311,214,42,-,-
Adolfo (SP),237,299,386,370,296,253,291,316,265,207,204,131,141,90,102,35,27,20,13,-,-
Aguaí (SP),2441,2620,2655,2868,2530,2200,2144,2145,1907,1593,1369,861,800,800,585,363,202,93,9,11,-
Águas da Prata (SP),462,578,631,686,561,509,495,566,523,411,354,262,294,271,251,127,113,32,-,5,-
Águas de Lindóia (SP),1263,1329,1484,1538,1447,1290,1288,1230,1106,898,849,507,594,495,396,276,99,64,17,12,8
Águas de Santa Bárbara (SP),483,479,520,450,397,421,415,369,328,298,237,208,199,201,72,69,49,29,-,-,-
Águas de São Pedro (SP),94,132,124,177,202,106,83,149,136,103,126,82,109,79,51,44,65,12,-,7,2
Agudos (SP),2933,3137,3381,3439,3090,2618,2495,2337,2077,1758,1428,937,863,733,611,381,141,116,10,-,-
Alambari (SP),351,342,396,388,366,271,238,226,229,219,155,122,94,106,80,11,41,15,-,-,-
Alfredo Marcondes (SP),263,286,299,326,320,281,274,256,229,205,194,188,164,163,140,62,27,17,4,-,-
Altair (SP),308,364,286,401,343,324,300,238,190,174,123,173,89,122,54,38,17,-,5,5,-
Altinópolis (SP),1290,1339,1485,1554,1375,1137,1131,1136,1063,910,772,579,521,434,334,219,95,92,15,-,-
Alto Alegre (SP),259,328,383,373,316,286,290,353,287,261,260,222,239,115,172,72,27,17,-,-,-
Alumínio (SP),1481,1540,1492,1557,1516,1446,1320,1212,931,746,548,499,367,242,193,108,15,14,5,6,14
Álvares Florence (SP),271,296,375,370,284,270,346,353,309,276,284,220,203,189,164,67,21,15,3,-,-
Álvares Machado (SP),2021,2155,2172,2118,1948,1864,1881,1718,1439,1249,982,895,743,482,392,302,180,98,-,22,-
Álvaro de Carvalho (SP),323,306,351,367,560,465,363,295,263,198,171,106,111,76,62,45,21,26,-,-,-
Alvinlândia (SP),270,250,283,300,283,207,200,173,168,145,161,100,104,66,56,38,16,7,10,-,-
Americana (SP),12945,14302,15817,17171,16263,15177,15339,15578,14181,11642,8750,6872,5814,4764,3621,2353,1212,560,182,45,5
Américo Brasiliense (SP),2719,2747,2873,2919,3026,2636,2547,2168,1791,1365,1076,773,624,369,290,196,88,53,10,16,-
Américo de Campos (SP),387,416,501,526,444,361,399,449,410,343,297,310,219,186,218,69,37,18,-,4,-
Amparo (SP),4421,4920,5427,5789,5281,4997,4693,4631,4368,3638,2943,2290,2225,1596,1366,816,542,349,69,21,22
Analândia (SP),279,346,349,370,301,302,236,263,219,223,196,117,91,123,63,45,36,22,-,-,-
Andradina (SP),4040,4465,4850,5007,4860,4507,4351,4338,3753,3226,2727,2539,1911,1702,1199,806,550,177,105,39,9
Angatuba (SP),1636,1855,1916,1858,1632,1491,1519,1515,1264,1142,876,711,505,517,304,296,145,71,22,12,10
Anhembi (SP),441,411,473,419,399,341,321,326,301,241,189,165,159,129,95,70,50,5,-,-,-
Anhumas (SP),291,290,338,349,304,236,292,252,207,180,172,124,147,62,82,42,26,11,5,-,-
Aparecida (SP),2746,3077,3313,3642,3272,2857,2758,2689,2518,1964,1659,1161,981,864,609,415,206,126,9,39,-
Aparecida d'Oeste (SP),348,384,429,442,393,367,394,355,315,306,257,226,259,144,93,119,73,20,3,7,-
Apiaí (SP),3146,3032,3108,3049,2417,2194,1911,1756,1473,1239,1028,814,657,534,472,185,77,57,13,-,-
Araçariguama (SP),1164,1232,1155,1144,1121,973,905,828,670,549,464,240,240,176,121,101,28,30,6,5,3
Araçatuba (SP),12308,13005,14443,15870,15163,13928,13771,13832,12352,10454,8880,6483,5913,4711,3614,2215,1325,770,171,47,-
Araçoiaba da Serra (SP),1787,1711,1898,1964,1736,1630,1483,1507,1262,1087,1012,887,683,673,342,203,138,72,27,10,-
Aramina (SP),346,404,463,458,405,335,373,388,335,275,264,175,208,133,84,45,44,28,-,-,-
Arandu (SP),574,634,672,650,559,493,398,422,384,305,254,201,174,140,105,33,52,10,1,4,-
Arapeí (SP),234,247,278,254,186,179,199,222,147,128,109,100,104,78,78,41,18,16,-,-,-
Araraquara (SP),12470,14032,15615,17416,16917,14711,14441,14733,13399,11547,9264,7074,6137,5152,4309,2637,1625,703,234,46,9
Araras (SP),8098,8800,9755,10439,9413,8451,8392,8381,7620,6073,4971,3664,3265,2502,2092,1206,670,220,144,10,30
Arco-Íris (SP),142,200,228,217,178,149,166,138,149,114,115,106,118,49,32,45,12,5,-,-,-
Arealva (SP),540,566,600,641,588,523,496,574,518,417,412,313,309,287,252,71,64,51,15,5,4
Areias (SP),379,367,385,354,307,275,272,254,207,170,146,110,123,80,60,53,31,27,-,-,-
Areiópolis (SP),1106,1096,1173,1063,958,978,879,683,560,456,365,277,223,223,117,78,42,12,-,-,6
Ariranha (SP),560,601,700,638,653,623,603,534,511,478,371,276,288,219,237,114,38,20,14,-,-
Artur Nogueira (SP),3081,3061,3186,3502,3204,3069,2785,2577,2157,1735,1419,930,702,723,586,247,107,53,-,-,-
Arujá (SP),6047,5852,6183,6381,5830,5015,4705,4584,4108,3413,2301,1482,998,950,727,370,155,49,36,-,-
Aspásia (SP),132,151,172,220,171,84,162,120,143,96,123,61,86,56,34,16,11,6,12,5,-
Assis (SP),6378,6840,7637,8118,7932,6943,6880,6972,6312,5270,4183,3644,2788,2811,1998,1336,669,413,116,11,-
Atibaia (SP),9512,9635,10943,11350,10552,9107,8383,8534,7562,6367,4927,3752,3047,2817,2202,1415,725,378,49,19,24
Auriflama (SP),901,1176,1264,1265,1214,1010,1060,1105,932,773,636,595,559,383,324,160,86,59,6,5,-
Avaí (SP),400,461,481,428,382,337,332,333,310,265,198,165,164,114,107,78,31,10,-,-,-
Avanhandava (SP),850,911,893,847,668,759,695,664,578,446,383,296,259,228,154,104,52,34,9,-,-
Avaré (SP),6321,6570,7241,7530,7375,6443,5845,5721,5140,4371,3337,2843,2351,1945,1454,1003,485,326,99,40,32
Bady Bassitt (SP),1027,952,987,993,1066,1088,1020,920,817,674,525,388,382,278,243,88,71,25,6,-,-
Balbinos (SP),87,116,149,127,93,75,99,93,98,96,56,43,53,60,34,12,14,9,-,-,-
Bálsamo (SP),488,541,605,653,604,565,618,615,511,461,377,339,344,208,137,115,106,40,-,4,9
Bananal (SP),870,889,865,920,880,726,742,715,617,503,476,390,339,264,203,176,97,32,4,4,-
Barão de Antonina (SP),248,232,304,265,226,170,171,209,201,166,137,115,93,107,64,55,21,4,6,-,-
Barbosa (SP),569,584,566,549,499,441,456,400,357,307,264,218,208,168,98,69,52,24,4,-,4
Bariri (SP),2331,2195,2423,2568,2272,2080,2046,2171,1999,1680,1391,1135,982,1061,815,490,331,191,64,-,-
Barra Bonita (SP),2529,2804,3131,3422,3390,2998,3083,2892,2597,2017,1752,1269,1139,926,773,353,228,143,32,9,-
Barra do Chapéu (SP),521,549,582,538,437,344,298,306,279,206,197,141,144,124,67,64,28,17,1,-,4
Barra do Turvo (SP),950,962,1000,868,678,518,465,453,421,411,344,295,301,171,124,68,21,47,11,-,-
Barretos (SP),7614,8575,9860,10216,9222,8006,7914,8175,7138,6022,5281,4055,3536,3100,2230,1467,867,431,147,57,-
Barrinha (SP),2603,2415,2601,2656,2550,2125,1967,1823,1453,1085,874,551,496,418,223,205,80,58,17,6,-
Barueri (SP),21809,20551,20956,22231,22290,19627,18371,16338,13731,10748,7573,4682,3236,2428,1905,981,505,201,67,11,41
Bastos (SP),1805,1887,2001,2005,1881,1670,1741,1595,1362,1088,815,765,716,428,393,240,99,86,11,-,-
Batatais (SP),4015,4429,4537,4832,4685,3827,3792,3880,3691,3208,2573,1888,1644,1534,1177,721,383,226,60,10,-
Bauru (SP),25081,25758,27441,30763,29861,26649,25161,24887,22391,18840,14748,11643,10143,8114,6635,4223,2200,1112,239,127,48
Bebedouro (SP),6069,6520,7101,7413,6697,6007,5839,5504,5098,4304,3389,2965,2241,2019,1728,1116,459,228,56,49,12
Bento de Abreu (SP),202,200,229,224,197,203,213,175,152,122,60,126,86,67,73,25,15,21,4,-,-
Bernardino de Campos (SP),845,916,1031,925,865,748,744,774,666,620,532,502,437,418,283,205,129,60,11,9,-
Bertioga (SP),3367,2916,2882,2939,3256,3014,2624,2348,1787,1386,1051,769,678,395,345,191,53,21,17,-,-
Bilac (SP),400,446,478,559,531,509,477,439,431,391,357,231,262,220,157,118,51,32,-,-,-
Birigui (SP),7019,7511,8038,8907,8921,8584,8273,7633,6679,5601,4601,3513,2891,2246,1843,1169,516,244,98,5,8
Biritiba Mirim (SP),2605,2530,2586,2606,2177,2108,1834,1732,1386,1154,1177,721,724,556,383,178,98,87,11,-,-
Boa Esperança do Sul (SP),1269,1257,1243,1254,1166,1026,983,910,765,665,480,447,367,288,214,126,49,50,15,-,-
Bocaina (SP),782,769,863,923,892,756,685,705,619,538,429,361,343,254,194,180,98,29,17,-,6
Bofete (SP),691,756,728,724,628,570,515,498,458,333,329,311,254,218,161,111,78,7,15,-,-
Boituva (SP),3006,3098,3403,3537,3371,2971,2866,2608,2233,1820,1594,1008,882,809,439,377,210,72,46,18,-
Bom Jesus dos Perdões (SP),1284,1309,1260,1376,1189,1181,1013,1073,857,621,593,429,365,265,236,177,54,20,10,-,-
Bom Sucesso de Itararé (SP),459,407,355,331,292,285,220,204,159,127,71,109,75,46,49,22,9,11,-,-,-
Borá (SP),138,69,48,35,87,76,71,33,62,46,27,17,3,41,35,5,-,-,2,-,-
Boracéia (SP),296,335,377,342,337,264,263,276,273,252,178,154,97,102,122,25,27,18,-,-,-
Borborema (SP),979,992,1161,1297,1123,1049,999,1024,949,766,598,575,497,431,342,200,122,53,25,10,-
Borebi (SP),209,190,192,177,188,176,95,139,106,106,108,56,53,55,52,23,7,-,-,-,-
Botucatu (SP),8661,8968,9759,10700,9961,8734,8041,8083,7525,6441,5322,3970,3309,3133,2570,1527,926,437,204,36,-
Bragança Paulista (SP),10180,10808,11400,12452,11796,10373,9513,9424,8787,7170,5946,4596,3565,3376,2629,1419,930,427,191,13,36
Braúna (SP),304,368,366,427,398,346,307,317,302,258,179,186,181,193,98,39,78,23,11,1,-
Brejo Alegre (SP),208,201,217,219,226,186,173,155,165,136,117,73,55,40,52,60,20,5,-,-,-
Brodowski (SP),1466,1575,1599,1547,1515,1296,1392,1388,1175,954,707,737,593,407,301,261,129,55,33,-,10
Brotas (SP),1621,1719,1667,1833,1699,1486,1447,1393,1246,1012,882,703,712,477,401,323,182,64,18,-,-
Buri (SP),1936,1865,1963,1829,1639,1436,1267,1209,1080,799,713,483,425,409,253,174,129,20,-,-,-
Buritama (SP),1002,1151,1310,1238,1202,1149,1098,1110,948,808,651,665,523,366,256,196,77,58,47,-,-
Buritizal (SP),278,311,308,316,328,293,285,267,274,194,179,145,163,137,81,36,50,20,5,5,-
Cabrália Paulista (SP),445,497,504,435,394,398,360,320,278,235,180,168,125,130,69,69,27,16,7,-,-
Cabreúva (SP),3599,3428,3343,3382,3319,3132,2764,2459,1909,1568,1185,990,697,520,433,169,130,56,-,10,7
Caçapava (SP),6491,6771,7269,7945,7404,6522,5988,5870,5212,4336,3616,2461,1952,1615,1227,727,360,227,127,10,-
Cachoeira Paulista (SP),2253,2379,2639,2787,2551,2058,1983,2113,1870,1554,1128,1173,831,658,583,340,205,91,9,-,-
Caconde (SP),1805,1938,1894,1746,1518,1290,1304,1326,1150,981,965,596,438,518,391,244,163,62,31,12,6
Cafelândia (SP),1252,1333,1487,1499,1420,1170,1107,1124,1065,958,789,581,541,536,395,247,201,57,31,-,-
Caiabu (SP),334,375,398,360,310,316,353,328,251,208,183,160,195,88,112,58,34,9,6,-,-
Caieiras (SP),6941,6963,7193,7317,6765,6255,6359,5838,4887,3873,3068,1766,1236,1132,713,471,288,107,49,-,-
Caiuá (SP),359,351,462,442,326,329,315,347,223,232,193,159,158,105,85,63,20,23,-,-,-
Cajamar (SP),5335,5114,5160,5241,5169,4947,4486,3881,3275,2370,1776,1346,938,733,411,365,152,53,9,-,-
Cajati (SP),3373,3319,3332,3265,2758,2266,2048,1864,1552,1337,1035,911,745,556,435,280,86,14,40,-,11
Cajobi (SP),644,823,928,929,741,701,739,758,599,509,451,346,311,271,209,135,59,22,-,-,-
Cajuru (SP),1883,2013,2062,2161,1787,1656,1597,1622,1334,1072,822,782,704,668,419,228,199,15,54,8,-
Campina do Monte Alegre (SP),502,509,544,521,456,411,372,385,286,266,234,157,177,139,101,70,65,5,5,-,4
Campinas (SP),75060,75460,82089,90413,94478,85952,81871,78379,71281,59602,46917,35338,30023,22219,17395,11727,6334,3249,1200,279,131
Campo Limpo Paulista (SP),5806,6106,6377,6783,6092,5473,5048,4997,4477,3769,2735,1787,1260,1243,859,576,183,75,41,27,10
Campos do Jordão (SP),4509,4450,4368,4426,4332,3994,3684,3336,2834,2288,1767,1239,1000,820,630,298,126,86,53,12,-
Campos Novos Paulista (SP),371,377,381,409,336,302,323,301,250,225,201,235,135,128,98,37,30,30,11,-,-
Cananéia (SP),1365,1327,1316,1222,1177,931,797,799,702,587,500,454,278,344,218,118,66,79,6,-,12
Canas (SP),374,335,383,391,312,267,315,256,247,178,171,110,95,85,45,18,16,17,-,-,-
Cândido Mota (SP),2392,2529,2930,2677,2496,2299,2388,2231,1991,1653,1230,1231,991,867,560,496,152,99,46,8,13
Cândido Rodrigues (SP),157,171,236,214,195,180,200,220,191,137,164,141,140,96,83,38,31,19,-,-,-
Canitar (SP),386,353,361,377,339,277,269,241,171,184,137,91,120,61,36,46,22,6,4,-,-
Capão Bonito (SP),4878,4923,5065,4829,4274,3735,3415,3206,2699,2319,1788,1697,1255,1043,855,352,245,88,66,-,-
Capela do Alto (SP),1484,1461,1554,1401,1305,1165,1138,1010,849,693,563,448,422,277,238,119,96,10,9,5,-
Capivari (SP),3617,3855,4010,4176,4015,3518,3396,3074,2633,2231,1743,1349,1170,942,797,566,219,112,28,-,17
Caraguatatuba (SP),7661,7493,7676,7946,7643,7021,6239,5537,4958,4264,3368,2796,2101,1689,1135,919,264,141,63,6,-
Carapicuíba (SP),34613,32217,33534,37430,37235,32472,28965,25264,22391,19191,14496,9599,6812,4238,3138,1505,899,342,191,21,42
Cardoso (SP),803,983,1143,1108,951,776,808,849,779,654,598,601,520,364,293,181,115,71,6,2,-
Casa Branca (SP),2047,2258,2355,2587,2458,2033,2043,2004,1780,1569,1216,1101,853,873,795,422,234,64,84,24,-
Cássia dos Coqueiros (SP),229,290,291,275,223,200,213,219,194,172,134,102,102,83,79,37,25,4,-,-,-
Castilho (SP),1200,1395,1485,1419,1357,1171,1103,1086,954,942,692,626,531,400,261,211,72,37,5,-,-
Catanduva (SP),7439,8246,9112,10031,9317,8384,8453,8182,7542,6539,5228,4284,3892,3309,2695,1701,948,436,64,45,-
Catiguá (SP),520,525,580,630,590,574,577,496,446,411,260,239,197,197,138,97,46,10,17,6,-
Cedral (SP),449,486,525,601,598,510,544,481,485,385,334,316,301,237,181,112,99,45,11,-,-
Cerqueira César (SP),1278,1379,1496,1411,1290,1175,1154,1118,974,851,789,577,470,459,365,173,129,38,6,12,-
Cerquilho (SP),2412,2358,2750,2917,2849,2522,2471,2323,2132,1765,1325,997,929,630,568,305,145,82,29,-,-
Cesário Lange (SP),1120,1130,1136,1192,1268,1216,1025,957,785,723,618,480,455,256,227,183,74,33,6,-,-
Charqueada (SP),1142,1240,1320,1325,1151,1108,993,954,811,725,599,416,397,355,226,143,65,57,4,5,-
Clementina (SP),439,492,603,532,465,425,399,422,412,295,224,195,144,163,74,62,30,19,8,-,-
Colina (SP),1346,1434,1706,1716,1425,1275,1275,1279,1141,933,717,656,528,453,402,211,89,68,9,-,-
Colômbia (SP),520,619,663,624,539,502,451,456,352,311,277,205,190,95,71,40,21,14,3,-,-
Conchal (SP),2300,2307,2402,2370,2027,1831,1778,1661,1421,1138,934,737,572,469,316,205,75,90,43,-,-
Conchas (SP),1219,1237,1417,1373,1261,1140,1130,1130,1007,789,658,648,515,473,370,267,158,99,9,-,4
Cordeirópolis (SP),1544,1539,1617,1622,1681,1571,1464,1386,1208,954,824,542,464,472,328,183,104,88,-,-,-
Coroados (SP),350,409,433,403,410,352,332,341,294,268,212,161,149,126,95,40,31,11,-,-,-
Coronel Macedo (SP),543,584,615,521,438,413,437,422,362,288,268,170,165,164,81,80,21,9,8,-,-
Corumbataí (SP),326,329,405,409,323,294,239,305,238,175,191,108,104,100,90,46,52,40,19,-,-
Cosmópolis (SP),3736,4050,4290,4378,4245,3826,3747,3637,3096,2476,1894,1477,1321,706,694,456,213,96,10,-,8
Cosmorama (SP),472,560,604,659,545,511,548,544,510,476,381,448,384,247,217,160,65,36,5,-,-
Cotia (SP),14522,14246,14839,16097,14731,13025,12410,11707,10717,8184,5982,3903,3080,2078,1745,857,505,288,43,11,18
Cravinhos (SP),2522,2607,2730,2846,2613,2385,2264,2210,1940,1567,1265,887,849,644,513,365,139,39,27,-,-
Cristais Paulista (SP),602,623,720,710,594,469,463,508,481,347,251,217,173,155,122,88,40,16,-,-,-
Cruzália (SP),203,198,240,274,243,183,197,235,195,156,88,117,94,66,33,38,36,8,-,6,-
Cruzeiro (SP),6278,6512,6837,7486,6728,5723,5541,5750,5247,4404,3599,2457,2213,1781,1154,912,501,242,102,18,7
Cubatão (SP),10454,10106,10516,11085,10957,9965,9775,8956,7337,5765,4214,2897,2378,1583,1125,550,372,196,54,13,11
Cunha (SP),2102,2449,2396,2329,2010,1779,1802,1619,1320,1128,970,973,732,610,496,227,117,26,5,-,-
Descalvado (SP),2251,2399,2733,2989,2541,2320,2210,2176,1965,1687,1345,1125,841,898,672,371,216,131,33,17,-
Diadema (SP),35034,32508,34022,37208,38145,35543,32729,27759,23715,19018,13788,9242,7029,4554,3440,1812,887,360,207,23,41
Dirce Reis (SP),92,140,168,97,156,154,100,89,106,84,76,100,123,74,16,25,19,5,-,-,-
Divinolândia (SP),883,1085,1113,1164,968,926,955,909,869,759,590,430,393,397,293,126,76,64,16,-,-
Dobrada (SP),653,693,672,740,763,618,551,535,408,348,262,225,166,122,113,99,27,13,-,-,-
Dois Córregos (SP),1850,1975,1987,2182,1999,1835,1666,1632,1411,1265,1047,850,710,803,563,383,227,105,32,-,-
Dolcinópolis (SP),142,170,194,158,196,167,148,163,164,129,122,139,98,85,29,28,-,11,9,-,-
Dourado (SP),613,737,717,807,759,678,650,656,602,521,496,254,346,255,221,121,101,47,19,5,-
Dracena (SP),2622,3053,3405,3859,3288,3011,3034,3158,2982,2531,2218,1762,1729,1398,1256,650,361,129,35,20,-
Duartina (SP),888,1050,1131,1211,1036,932,942,883,815,729,563,542,543,366,414,203,150,54,15,8,-
Dumont (SP),541,535,629,655,542,525,524,505,439,379,268,197,173,162,115,83,6,17,12,-,-
Echaporã (SP),629,630,685,693,571,566,500,527,387,341,314,228,247,187,146,84,67,25,-,-,-
Eldorado (SP),1760,1681,1587,1534,1225,966,956,834,685,612,510,485,421,315,232,174,85,38,21,13,-
Elias Fausto (SP),1372,1365,1401,1485,1368,1195,1146,973,853,663,541,381,328,319,262,141,42,16,28,-,8
Elisiário (SP),195,207,203,245,240,237,184,183,163,164,120,112,122,66,73,23,10,14,-,-,16
Embaúba (SP),170,187,230,233,213,187,224,190,180,159,142,69,99,68,81,4,33,10,-,-,-
Embu das Artes (SP),22626,20502,21098,22975,22705,19707,17753,14939,13157,10742,8014,5068,3289,2181,1390,724,433,183,82,28,67
Embu-Guaçu (SP),5803,5673,5866,6085,5621,4908,4414,4107,3607,2894,2451,1625,1213,1105,744,472,136,137,23,9,23
Emilianópolis (SP),186,245,254,270,225,234,247,241,174,171,127,165,105,104,53,36,36,9,-,10,-
Engenheiro Coelho (SP),1004,926,939,1178,1143,958,814,739,542,449,345,342,258,162,126,37,60,11,-,-,-
Espírito Santo do Pinhal (SP),3225,3265,3559,3759,3524,3274,3229,3090,2840,2374,2058,1528,1414,1222,1074,499,344,162,12,28,-
Espírito Santo do Turvo (SP),353,395,428,352,312,298,300,301,227,185,162,105,115,43,67,21,13,-,-,-,-
Estrela d'Oeste (SP),576,618,751,779,725,670,601,652,588,443,454,315,323,261,195,128,72,58,31,8,8
Estrela do Norte (SP),232,255,277,256,210,199,211,229,159,117,113,78,96,65,74,35,11,9,-,-,-
Euclides da Cunha Paulista (SP),1098,1135,1147,1058,883,870,765,707,520,455,339,388,307,232,132,92,51,28,7,-,-
Fartura (SP),1226,1322,1549,1487,1283,1107,1108,1129,975,803,632,690,524,462,222,185,157,109,24,16,-
Fernandópolis (SP),4363,4728,5261,5812,5586,4773,4692,4830,4513,3730,3141,2819,2472,1798,1364,799,562,264,109,31,-
Fernando Prestes (SP),334,397,479,473,441,415,419,390,370,318,323,289,243,192,182,78,53,16,22,-,-
Fernão (SP),118,120,138,121,121,109,98,76,88,79,68,89,68,44,60,8,18,4,5,-,-
Ferraz de Vasconcelos (SP),15750,15048,14956,14867,13762,13009,12371,10824,9238,7128,5088,3514,2734,1527,1318,626,451,111,37,7,11
Flora Rica (SP),142,201,232,217,159,144,165,146,184,119,101,103,91,83,46,9,23,-,12,-,-
Floreal (SP),185,246,242,268,246,227,249,244,228,210,186,162,164,122,125,48,38,23,6,-,5
Flórida Paulista (SP),864,963,1035,1008,917,787,850,839,721,588,569,485,454,369,240,237,113,44,17,-,7
Florínea (SP),257,301,269,326,263,247,253,213,184,188,175,116,93,94,68,31,27,15,6,-,-
Franca (SP),25863,26312,27077,27285,26254,24368,23865,22998,20091,16442,13463,9584,7795,6446,4645,2594,1623,704,287,13,28
Francisco Morato (SP),16023,15022,15200,14933,13000,11187,10692,9471,8550,6824,4617,2902,1880,1498,922,556,345,85,3,14,14
Franco da Rocha (SP),10567,10181,10591,12071,11614,9907,8670,7697,7039,6044,4618,2847,2070,1658,1058,929,302,168,64,28,-
Gabriel Monteiro (SP),166,206,221,261,209,239,229,222,191,148,123,144,102,109,75,8,38,24,10,-,-
Gália (SP),646,690,762,771,717,569,539,516,513,447,377,372,264,248,195,131,42,35,15,5,-
Garça (SP),3493,3575,4001,4157,4003,3317,3098,3110,2862,2533,2133,1621,1747,1101,1228,578,394,160,51,-,-
Gastão Vidigal (SP),262,256,324,387,330,268,288,253,231,199,206,174,152,81,67,56,25,16,11,-,-
Gavião Peixoto (SP),368,404,463,418,395,358,341,328,213,189,163,117,155,80,46,57,28,-,3,-,-
General Salgado (SP),754,884,1024,1045,853,802,891,899,749,656,571,442,387,344,288,120,85,17,9,4,-
Getulina (SP),809,871,892,949,1099,914,765,736,636,584,464,394,423,269,219,193,75,34,24,16,4
Glicério (SP),367,383,382,438,369,377,347,314,284,257,254,137,175,134,89,76,36,-,9,-,-
Guaiçara (SP),871,855,960,878,795,776,737,698,584,487,441,261,262,258,153,95,47,35,15,-,4
Guaimbê (SP),493,480,548,545,438,372,354,367,337,269,252,225,177,102,105,72,30,20,12,9,-
Guaíra (SP),2806,2911,3243,3527,3169,2960,2870,2644,2345,1979,1814,1173,1096,757,636,403,175,46,25,20,10
Guapiaçu (SP),1012,1138,1241,1301,1335,1288,1215,1150,946,836,634,602,493,335,246,125,81,91,16,-,-
Guapiara (SP),2097,2226,2341,2140,1642,1514,1437,1347,1069,849,770,648,610,416,384,124,99,-,7,7,-
Guará (SP),1850,1777,1767,1888,1927,1555,1451,1348,1203,1028,889,604,557,384,297,219,122,42,8,-,-
Guaraçaí (SP),658,683,813,807,756,717,698,685,599,518,396,439,331,319,176,164,80,50,5,-,-
Guaraci (SP),715,813,923,860,795,654,702,653,532,472,418,335,285,256,198,118,43,52,22,-,-
Guarani d'Oeste (SP),131,154,196,178,178,123,160,154,152,113,92,83,110,72,66,33,6,6,-,-,-
Guarantã (SP),640,610,683,647,567,462,440,422,401,382,236,257,182,163,99,48,53,21,6,-,4
Guararapes (SP),2087,2379,2666,2829,2450,2278,2331,2366,1964,1616,1342,1181,980,907,627,424,245,104,56,-,11
Guararema (SP),2034,2148,2180,2169,2076,1770,1658,1589,1378,1230,1007,729,568,490,383,238,175,73,4,6,-
Guaratinguetá (SP),8416,8933,9664,10130,9416,8542,8051,8406,7539,6082,5018,3999,3138,2546,2211,1113,546,302,136,13,18
Guareí (SP),991,1006,952,980,897,859,769,741,624,532,448,362,311,304,200,108,72,35,6,-,-
Guariba (SP),2933,3070,3191,3400,2993,2586,2565,2372,1996,1576,1076,956,844,627,402,279,157,51,11,-,-
Guarujá (SP),26435,25355,25944,26874,26008,24061,22689,20848,17522,13858,10364,7681,6435,4000,3154,1951,985,502,79,13,55
Guarulhos (SP),109400,101449,102980,107716,106810,102152,95698,84558,71789,56921,42806,29416,22330,15453,11026,6627,3238,1620,412,115,202
Guatapará (SP),572,644,675,650,541,485,460,446,441,369,341,156,189,112,161,75,30,17,8,-,-
Guzolândia (SP),370,375,415,447,375,321,318,311,297,236,179,188,151,118,105,40,25,24,-,-,-
Herculândia (SP),708,757,732,794,698,637,653,577,546,368,348,277,271,227,193,105,45,26,22,4,5
Holambra (SP),636,598,636,815,797,703,600,544,481,388,285,232,130,155,101,70,21,15,-,-,5
Hortolândia (SP),15352,15574,15601,15546,15052,13953,13420,12246,10333,7961,5704,3653,2838,2071,1509,834,464,292,64,47,9
Iacanga (SP),637,681,688,813,773,692,604,590,493,499,406,357,226,315,237,105,105,47,8,5,-
Iacri (SP),520,571,671,655,560,492,555,552,482,375,307,259,235,221,168,83,37,29,5,-,7
Iaras (SP),357,295,341,340,264,242,202,203,213,157,145,83,82,55,22,30,13,11,-,-,-
Ibaté (SP),2613,2550,2849,2684,2541,2318,2172,2017,1703,1289,915,835,726,490,371,194,108,36,52,-,-
Ibirá (SP),657,729,845,868,771,686,710,701,702,528,445,450,407,308,260,181,123,55,11,6,5
Ibirarema (SP),502,522,523,503,457,431,496,386,359,276,275,286,220,165,100,84,63,41,-,12,-
Ibitinga (SP),3494,3724,4385,4653,4223,3814,3633,3701,3203,2631,2020,2012,1608,1255,1085,597,272,226,73,12,-
Ibiúna (SP),6566,6416,6845,6961,5915,5322,4828,4745,3858,2944,3030,2007,2051,1168,969,397,237,97,12,8,7
Icém (SP),578,570,687,659,614,533,494,498,462,404,339,222,255,139,130,81,59,28,20,-,-
Iepê (SP),595,649,665,686,562,536,559,543,457,393,308,329,295,238,196,109,88,39,10,-,-
Igaraçu do Tietê (SP),1967,2047,2295,2344,2155,2027,1995,1896,1502,1110,865,604,647,451,327,218,87,54,22,-,-
Igarapava (SP),2030,2137,2356,2445,2405,2053,2052,2047,1798,1422,1250,994,873,781,514,383,214,120,41,10,-
Igaratá (SP),804,790,832,839,726,660,645,604,554,480,347,280,253,185,140,88,37,15,8,4,-
Iguape (SP),2638,2619,2731,2856,2440,2085,1864,1853,1667,1383,1219,1097,1025,705,614,371,168,49,43,-,-
Ilhabela (SP),2076,1952,1997,2231,2197,1978,1799,1627,1266,1015,772,598,441,349,214,158,110,33,5,5,14
Ilha Comprida (SP),548,633,669,643,563,498,437,496,462,432,374,273,218,222,159,47,5,14,11,-,-
Ilha Solteira (SP),1725,1930,2080,2357,2341,2152,1952,1828,1755,1524,1238,1112,827,507,289,217,93,51,9,8,-
Indaiatuba (SP),12482,12821,13736,14538,14162,12711,12421,11880,10346,8541,6863,4419,3975,3058,2473,1390,712,363,130,8,21
Indiana (SP),380,423,506,439,438,391,383,368,307,259,233,227,178,147,82,102,51,13,-,-,5
Indiaporã (SP),259,306,357,395,324,295,293,272,314,236,268,185,183,112,128,27,70,19,14,-,-
Inúbia Paulista (SP),263,262,326,299,284,261,266,248,208,191,171,111,94,136,63,36,57,28,13,-,-
Ipaussu (SP),1133,1116,1166,1209,1116,993,916,941,823,698,588,482,398,362,322,132,74,72,5,6,-
Iperó (SP),1714,1756,1917,1953,1848,1612,1385,1429,1233,976,741,479,403,308,311,127,93,76,24,-,-
Ipeúna (SP),385,434,399,436,411,357,339,326,266,228,174,156,159,90,95,37,38,5,-,-,5
Ipiguá (SP),292,304,313,298,318,283,269,269,221,203,180,151,109,99,90,53,21,-,3,-,-
Iporanga (SP),546,515,544,511,406,334,260,291,199,203,153,153,171,98,82,58,6,21,11,-,-
Ipuã (SP),1053,1035,1149,1202,1169,1071,952,891,779,654,552,362,301,294,202,101,55,39,9,-,-
Iracemápolis (SP),1234,1264,1427,1555,1390,1303,1325,1368,1183,869,664,542,445,321,323,168,123,41,10,-,-
Irapuã (SP),529,528,617,658,617,481,494,479,460,416,349,251,211,227,153,110,51,11,9,-,6
Irapuru (SP),490,571,683,663,610,477,510,529,493,478,346,434,383,269,230,150,85,32,25,-,-
Itaberá (SP),1933,1947,1985,1967,1520,1415,1485,1361,1174,979,677,755,558,417,432,244,46,7,9,-,-
Itaí (SP),2059,1984,2181,2210,1972,1655,1597,1580,1325,1161,891,639,539,531,333,180,89,91,3,19,-
Itajobi (SP),954,1064,1201,1279,1222,1081,1100,1086,1006,943,789,655,482,513,461,258,124,46,23,5,4
Itaju (SP),191,199,236,257,194,181,179,172,202,223,146,129,99,77,47,70,16,15,6,-,-
Itanhaém (SP),7027,6771,7001,7368,6434,5603,4953,4888,4687,4004,3378,2806,2517,1732,1417,734,339,264,45,-,28
Itaoca (SP),365,337,362,358,231,221,186,191,167,149,117,154,112,103,80,30,35,23,4,-,-
Itapecerica da Serra (SP),14257,13288,13465,14082,13168,12128,11173,9471,8151,6699,4509,3250,2303,1451,904,740,350,190,58,11,37
Itapetininga (SP),11612,11651,12258,13011,11797,10163,9252,9308,8451,6835,5341,4333,3413,3016,2429,1442,834,289,94,19,12
Itapeva (SP),8709,8733,8597,8675,7660,6401,6274,6099,5040,4131,3217,2439,2443,1657,1440,659,394,192,79,27,-
Itapevi (SP),19045,17708,17533,17555,16224,14714,13758,11712,9913,7808,5894,3551,2678,1813,1292,634,301,206,66,12,15
Itapira (SP),4673,5150,5635,5918,5457,4918,5071,4845,4543,3908,3288,2530,2181,1846,1387,1049,494,368,81,35,-
Itapirapuã Paulista (SP),434,398,411,412,312,270,225,172,175,151,170,112,117,76,69,22,21,26,-,5,-
Itápolis (SP),2724,3086,3475,3555,3204,3026,3006,2891,2528,2143,1966,1517,1445,1165,898,639,239,189,27,11,16
Itaporanga (SP),1290,1298,1552,1591,1254,962,945,1001,977,806,674,514,448,423,309,164,97,34,15,-,-
Itapuí (SP),888,903,925,1040,892,843,785,764,712,581,471,328,374,281,256,180,69,56,16,7,-
Itapura (SP),359,369,374,358,349,323,286,233,227,198,202,141,126,98,67,38,56,20,9,5,-
Itaquaquecetuba (SP),32173,30688,30318,29365,26254,24177,23529,20583,17244,12998,9096,5716,4003,2862,1992,1036,537,201,92,-,77
Itararé (SP),4755,5010,4823,4695,3949,3672,3344,3260,2833,2391,1833,1605,1291,1107,859,583,286,210,38,9,-
Itariri (SP),1501,1578,1628,1467,1274,1004,943,896,716,572,515,554,382,371,193,128,71,57,6,-,4
Itatiba (SP),6622,6695,7557,7944,7812,6940,6823,6481,5749,4583,3739,2723,2291,2010,1451,901,587,233,28,28,-
Itatinga (SP),1680,1588,1663,1580,1387,1259,1267,1064,936,758,544,476,362,340,227,158,97,38,19,-,3
Itirapina (SP),990,1120,1113,1148,1459,1340,1142,983,770,625,478,448,398,287,277,167,61,24,6,-,-
Itirapuã (SP),526,546,533,529,487,410,364,354,353,320,273,180,171,143,100,79,12,16,16,-,-
Itobi (SP),641,679,762,784,684,530,524,566,485,422,290,314,206,213,177,81,79,29,-,-,-
Itu (SP),12180,12242,12744,13769,13008,11604,11107,10468,9314,7393,5682,4305,3657,2832,2479,1422,526,434,142,11,47
Itupeva (SP),2416,2466,2580,2773,2586,2353,2170,2114,1779,1412,1006,773,631,426,314,179,125,47,16,-,-
Ituverava (SP),2840,2954,3278,3736,3338,2749,2633,2699,2540,2185,1764,1601,1403,909,695,465,325,122,31,-,-
Jaborandi (SP),493,542,652,610,567,528,534,479,414,351,326,228,236,197,83,81,72,18,7,6,-
Jaboticabal (SP),5265,5589,6136,6555,6213,5411,5248,5124,4763,3998,3233,2598,2034,1900,1551,821,577,303,45,33,11
Jacareí (SP),16857,16975,17599,18846,18256,16655,15890,15301,13219,11510,8957,6435,5128,3580,2578,1757,1040,511,153,25,18
Jaci (SP),326,313,427,409,410,352,350,352,268,235,166,153,160,82,66,37,50,18,6,-,-
Jacupiranga (SP),1732,1871,1806,1828,1582,1280,1246,1180,939,810,701,541,507,371,324,159,101,19,44,-,-
Jaguariúna (SP),2476,2512,2701,2948,2980,2642,2433,2341,2129,1690,1172,1108,690,734,456,360,126,83,17,-,-
Jales (SP),3185,3527,4008,4562,4170,3649,3679,3654,3325,2814,2325,2068,1686,1364,956,538,434,177,57,7,-
Jambeiro (SP),354,384,383,381,350,328,309,299,246,191,159,204,143,103,54,56,13,31,4,-,-
Jandira (SP),9872,9159,9477,9961,9576,8742,8276,7036,6076,4672,3156,2124,1401,887,652,361,221,99,23,28,9
Jardinópolis (SP),2756,2938,2956,3056,2720,2424,2364,2254,2092,1803,1497,1002,790,863,667,272,201,63,-,12,-
Jarinu (SP),1594,1687,1725,1879,1622,1413,1323,1190,964,956,766,542,428,371,303,133,105,23,7,5,4
Jaú (SP),8404,8752,9588,10955,10253,9083,8738,8858,8253,6981,5317,4173,3625,3348,2437,1709,1024,376,155,51,25
Jeriquara (SP),315,333,332,358,323,277,307,151,201,148,156,88,108,76,48,18,26,10,5,-,-
Joanópolis (SP),755,935,1000,1022,872,814,771,799,707,619,552,378,360,294,184,192,106,39,11,-,-
João Ramalho (SP),330,402,441,376,340,304,333,291,226,165,149,110,126,110,54,36,15,34,-,-,-
José Bonifácio (SP),2356,2489,2685,2755,2592,2256,2255,2218,2021,1588,1286,1189,899,831,586,395,185,89,24,15,-
Júlio Mesquita (SP),403,419,426,432,347,287,300,264,239,208,213,139,121,88,135,95,35,5,10,-,-
Jumirim (SP),159,195,239,201,204,176,214,179,134,97,104,54,64,53,65,44,14,-,-,-,-
Jundiaí (SP),23667,24440,27404,30910,30068,27098,26370,25957,24146,19906,16397,12333,10979,8534,6819,4181,2543,1115,390,98,43
Junqueirópolis (SP),1061,1327,1415,1463,1500,1328,1336,1266,1170,1009,854,817,721,640,478,364,109,102,36,8,-
Juquiá (SP),2273,2170,2243,2186,1842,1484,1456,1277,1160,1003,893,633,667,382,431,230,130,48,8,-,-
Juquitiba (SP),2968,2856,2941,2699,2470,2289,2038,1828,1465,1181,957,874,582,601,310,224,95,32,18,16,13
Lagoinha (SP),408,468,487,483,396,357,358,342,272,242,245,233,219,151,148,97,26,22,2,-,-
Laranjal Paulista (SP),1722,1821,2097,2183,1938,1721,1638,1672,1473,1277,984,936,756,654,669,365,177,51,11,-,-
Lavínia (SP),413,441,468,473,410,378,432,375,322,289,223,243,205,169,110,62,53,32,18,14,-
Lavrinhas (SP),640,603,661,621,559,515,469,427,378,293,198,198,147,125,92,58,7,17,-,-,-
Leme (SP),7327,7545,8018,8319,7556,6659,6415,6053,5228,4485,3324,2922,2294,1709,1363,895,302,259,73,-,10
Lençóis Paulista (SP),4972,4996,5434,5675,5239,4496,4455,4290,3711,2992,2358,1727,1288,1359,901,570,312,182,66,10,8
Limeira (SP),20552,20838,23378,24736,22828,20940,20688,19819,18476,14820,11273,8532,7083,5596,4528,2621,1520,589,188,9,32
Lindóia (SP),424,438,456,502,466,460,414,385,324,340,205,268,209,151,136,75,27,43,3,5,-
Lins (SP),5007,5095,5611,6416,5933,5141,4927,5008,4705,4030,3477,2375,2255,2191,1693,1095,555,340,59,30,9
Lorena (SP),6564,7071,7649,7878,7251,6089,5774,5922,5355,4414,3744,2953,2351,1701,1323,1066,515,256,55,47,12
Lourdes (SP),144,240,163,169,168,166,161,149,138,117,93,94,80,52,33,24,10,5,-,-,-
Louveira (SP),2121,2136,2156,2500,2635,2269,2097,1820,1557,1259,1006,583,586,413,304,207,204,18,31,-,-
Lucélia (SP),1342,1496,1613,1657,1718,1542,1428,1361,1198,1021,992,721,668,558,401,256,242,47,44,11,-
Lucianópolis (SP),174,194,199,235,202,157,134,111,165,140,130,93,61,52,30,30,32,16,-,-,-
Luís Antônio (SP),748,790,773,726,635,572,609,612,479,340,294,135,173,97,54,69,26,15,8,-,5
Luiziânia (SP),353,360,400,423,336,299,327,341,291,217,186,194,163,145,130,36,41,25,-,6,-
Lupércio (SP),432,390,422,477,381,306,310,307,258,222,136,128,122,125,116,47,32,19,-,-,-
Lutécia (SP),198,290,234,331,227,224,180,255,142,202,154,116,88,92,95,25,22,5,17,-,-
Macatuba (SP),1440,1526,1647,1680,1371,1262,1312,1260,1024,755,650,441,612,203,271,168,97,8,9,6,10
Macaubal (SP),459,520,617,704,587,542,566,580,516,460,419,375,376,215,234,116,57,32,-,10,-
Macedônia (SP),221,304,324,415,332,247,278,271,287,257,182,195,152,92,122,47,27,22,7,-,-
Magda (SP),200,273,316,327,308,270,293,246,243,207,191,220,166,91,90,19,24,3,-,-,-
Mairinque (SP),3907,3903,4036,4028,3771,3477,3455,3141,2591,2071,1649,1242,878,745,498,295,214,62,-,-,12
Mairiporã (SP),5728,5661,5936,6005,5750,4992,4774,4632,4111,3402,2841,1819,1428,1244,870,493,293,94,9,17,12
Manduri (SP),666,754,814,778,692,622,589,650,504,480,465,344,288,250,144,128,53,17,24,5,4
Marabá Paulista (SP),333,364,413,367,295,284,366,252,206,204,173,156,119,127,55,26,9,29,8,-,-
Maracaí (SP),1053,1138,1295,1282,1171,1074,1088,1008,853,718,560,527,397,288,198,188,99,46,21,-,-
Marapoama (SP),179,168,207,211,178,181,157,181,159,144,121,92,74,63,36,39,30,14,5,-,-
Mariápolis (SP),266,360,359,367,278,252,259,342,242,211,178,181,190,111,82,98,60,13,-,-,6
Marília (SP),15956,16397,17228,18743,18557,16984,15697,15363,13842,11399,9030,7480,6002,5493,3926,2746,1548,658,206,51,35
Marinópolis (SP),181,202,207,195,175,191,179,173,172,108,74,94,98,55,28,48,15,-,-,-,-
Martinópolis (SP),1754,1911,2020,2138,1977,1777,1833,1747,1495,1213,1023,892,782,647,563,243,227,69,23,12,-
Matão (SP),5809,6245,7184,7195,6599,5807,5952,5892,5177,4273,3085,2396,1966,1509,1206,731,416,221,62,19,9
Mauá (SP),35822,34512,36681,37212,35506,33299,32210,29244,24621,19821,14735,9337,7489,5375,3786,1978,1045,481,155,39,44
Mendonça (SP),242,260,343,339,283,232,316,284,273,235,183,205,186,125,126,88,32,-,7,-,-
Meridiano (SP),300,317,371,365,332,310,309,322,284,232,184,191,198,103,79,87,15,12,14,-,-
Mesópolis (SP),159,167,158,190,158,143,146,148,126,101,61,122,106,33,57,29,16,10,-,-,-
Miguelópolis (SP),1738,1773,1734,1909,1849,1565,1512,1394,1263,1024,963,666,535,425,326,112,105,106,10,-,11
Mineiros do Tietê (SP),996,1066,1093,1177,1028,888,890,842,781,619,492,321,326,324,223,193,65,41,28,18,-
Miracatu (SP),2579,2544,2491,2335,2025,1696,1606,1438,1246,1035,883,744,648,432,326,180,111,64,-,-,-
Mira Estrela (SP),176,193,231,262,205,212,202,180,193,178,139,122,111,58,49,55,19,10,-,-,-
Mirandópolis (SP),1606,1872,2167,2200,2528,2440,2240,2184,1712,1514,1330,1043,961,761,597,417,246,74,33,-,11
Mirante do Paranapanema (SP),1297,1452,1634,1649,1325,1124,1200,1215,874,1013,731,769,566,562,333,253,124,52,29,12,-
Mirassol (SP),3526,3838,4150,4422,4347,4121,4179,3936,3407,2828,2419,1791,1528,1485,1056,668,375,169,62,19,-
Mirassolândia (SP),300,308,337,335,347,293,307,283,256,203,198,153,130,112,86,71,-,13,-,-,9
Mococa (SP),5129,5643,6190,6701,5838,5029,4853,4913,4713,3927,3406,2414,2201,1635,1358,879,416,236,53,39,-
Mogi das Cruzes (SP),31887,30801,32283,33170,30840,27968,26815,25726,22447,17965,14373,10308,8950,6233,4541,3161,1650,773,191,45,112
Mogi Guaçu (SP),10123,10928,12065,12579,11331,10047,10020,9946,8909,7432,5756,4631,3706,2522,1877,1239,743,269,105,-,-
Mogi Mirim (SP),6164,6780,7405,8017,7222,6664,6552,6650,5970,4921,4306,2764,2378,2037,1658,934,666,299,51,29,-
Mombuca (SP),297,330,363,291,277,240,266,229,169,137,118,108,105,51,52,31,19,24,-,-,-
Monções (SP),128,139,193,173,159,156,156,173,138,128,124,95,76,106,41,51,11,4,4,-,-
Mongaguá (SP),3412,3165,3439,3391,3202,2829,2505,2396,2255,1930,1708,1373,1211,870,776,429,169,30,8,-,-
Monte Alegre do Sul (SP),438,489,545,573,539,497,500,515,452,359,291,289,228,238,175,105,67,14,8,-,-
Monte Alto (SP),3177,3483,3805,4202,3757,3486,3530,3462,3143,2670,2296,1525,1607,1171,1198,595,260,205,23,10,9
Monte Aprazível (SP),1050,1334,1512,1632,1547,1353,1498,1469,1374,1180,963,919,854,603,540,316,175,53,34,-,8
Monte Azul Paulista (SP),1601,1767,1947,1961,1623,1608,1584,1495,1282,1055,795,794,695,447,380,276,156,82,-,5,-
Monte Castelo (SP),267,332,372,400,310,251,326,303,276,265,212,187,161,155,150,58,46,9,5,3,-
Monteiro Lobato (SP),295,338,387,376,309,262,266,287,243,181,116,169,135,85,92,41,24,4,-,5,-
Monte Mor (SP),3729,3674,3828,3845,3736,3380,2971,2689,2360,1917,1457,1201,896,606,530,322,164,35,-,-,-
Morro Agudo (SP),2438,2466,2605,2628,2539,2248,2053,1897,1550,1240,1130,743,533,560,359,259,110,58,6,6,-
Morungaba (SP),913,860,925,1005,1001,879,776,730,619,567,440,379,311,160,165,103,45,20,9,4,-
Motuca (SP),316,365,427,425,370,302,302,290,279,211,145,126,107,78,36,45,22,20,-,-,5
Murutinga do Sul (SP),270,280,319,321,279,289,310,324,256,278,227,212,191,132,120,77,27,54,5,-,-
Nantes (SP),208,235,247,237,202,187,202,141,134,106,80,97,52,70,38,-,16,10,6,-,-
Narandiba (SP),327,370,366,399,345,290,332,259,240,169,176,99,105,122,51,50,34,9,-,-,-
Natividade da Serra (SP),671,653,673,673,523,468,490,473,378,406,273,341,284,246,155,124,76,28,9,4,5
Nazaré Paulista (SP),1354,1365,1496,1367,1278,1159,1069,1165,822,651,641,542,590,367,334,144,80,31,26,5,-
Neves Paulista (SP),526,633,718,821,758,672,717,705,618,547,466,425,402,333,267,169,68,43,10,8,-
Nhandeara (SP),548,686,806,930,815,733,790,796,803,678,606,535,490,330,309,184,107,42,7,-,-
Nipoã (SP),224,258,334,303,291,248,281,236,218,184,174,149,100,108,66,40,29,14,10,-,-
Nova Aliança (SP),350,356,380,407,411,355,371,356,340,286,253,180,235,137,114,132,49,31,15,10,-
Nova Campina (SP),968,904,810,814,654,596,553,501,338,280,206,215,201,94,71,61,18,10,-,-,-
Nova Canaã Paulista (SP),169,171,212,212,185,158,156,199,182,173,153,137,119,74,78,41,35,15,15,-,-
Nova Castilho (SP),74,77,127,96,73,91,93,69,81,28,45,55,63,31,19,15,5,-,-,-,1
Nova Europa (SP),628,631,696,759,721,657,557,550,469,410,288,271,196,177,88,90,82,33,-,4,-
Nova Granada (SP),1356,1455,1554,1600,1595,1309,1299,1305,1147,925,915,597,675,430,317,292,164,70,14,-,-
Nova Guataporanga (SP),154,140,205,192,170,137,126,155,171,119,99,82,98,99,67,29,23,15,6,-,-
Nova Independência (SP),151,193,188,186,176,147,146,156,156,122,100,79,80,55,54,31,40,-,-,-,3
Novais (SP),282,344,296,289,275,279,258,216,181,150,143,129,127,103,65,58,18,12,-,-,-
Nova Luzitânia (SP),221,208,255,266,270,246,206,198,190,144,160,83,131,71,18,57,19,-,5,-,-
Nova Odessa (SP),3445,3657,3842,4072,3846,3620,3648,3515,3095,2507,2086,1229,1162,952,678,436,160,118,2,-,-
Novo Horizonte (SP),2417,2600,2937,2935,2731,2490,2539,2496,2341,1995,1557,1396,1268,957,816,453,321,142,31,11,-
Nuporanga (SP),475,559,642,566,490,488,528,494,478,352,274,241,240,171,135,105,32,21,10,7,-
Ocauçu (SP),351,374,421,408,336,296,306,315,288,240,177,179,134,152,73,54,49,8,4,-,-
Óleo (SP),247,275,281,270,229,215,198,208,229,160,166,122,136,89,64,37,28,29,11,-,-
Olímpia (SP),3263,3816,4374,4437,3974,3580,3612,3344,3175,2729,2429,1824,1501,1417,1171,634,481,175,58,19,-
Onda Verde (SP),318,288,292,356,346,263,283,229,221,169,192,112,98,84,68,66,15,12,-,-,-
Oriente (SP),414,472,598,586,451,410,450,492,391,329,239,267,210,210,148,117,57,35,6,3,-
Orindiúva (SP),377,412,432,354,421,397,388,308,259,206,129,147,114,92,64,26,5,19,5,6,-
Orlândia (SP),2898,3134,3418,3558,3224,2944,3037,2879,2572,2055,1743,1293,1088,804,584,303,283,118,58,-,11
Osasco (SP),59634,56579,60375,66068,66157,60858,57001,51944,45125,35925,28813,19165,15724,11672,8210,5117,2633,1103,330,28,132
Oscar Bressane (SP),156,202,230,232,239,199,166,175,144,162,179,145,99,87,68,39,14,4,5,8,-
Osvaldo Cruz (SP),2029,2214,2530,2778,2450,2230,2176,2220,2175,1845,1516,1422,1188,1015,856,487,341,102,65,9,-
Ourinhos (SP),7750,8182,8716,9289,8398,7452,7414,7199,6435,5585,4683,3489,2687,2565,1767,1105,709,319,88,27,9
Ouroeste (SP),451,519,592,668,567,461,471,466,422,356,296,282,213,214,129,88,56,25,7,-,8
Ouro Verde (SP),598,637,782,726,573,542,563,519,437,355,272,311,220,245,189,104,43,29,4,-,-
Pacaembu (SP),800,909,994,1105,1268,1006,1022,982,875,646,579,569,562,447,355,236,81,67,15,-,-
Palestina (SP),574,631,771,859,718,634,663,704,639,560,486,478,444,323,233,192,126,41,19,5,-
Palmares Paulista (SP),848,848,850,824,846,762,730,657,521,392,256,301,216,154,127,31,49,16,9,-,-
Palmeira d'Oeste (SP),743,771,871,900,869,721,775,829,730,597,566,507,494,360,257,157,98,44,33,-,-
Palmital (SP),1651,1604,1795,1782,1779,1600,1564,1499,1416,1258,1254,816,708,737,521,380,191,65,59,21,-
Panorama (SP),1308,1370,1352,1345,1254,1217,1065,889,817,665,648,484,412,298,227,144,91,38,22,5,-
Paraguaçu Paulista (SP),3477,3721,3807,3981,3405,3209,3113,3001,2508,2063,1908,1371,1171,1080,864,517,245,111,29,17,20
Paraibuna (SP),1609,1681,1804,1614,1509,1335,1275,1273,1065,862,686,681,480,433,318,207,111,52,6,4,4
Paraíso (SP),441,489,485,515,428,439,443,426,389,299,244,225,174,158,140,73,38,16,-,6,-
Paranapanema (SP),1618,1589,1541,1638,1431,1250,1168,1149,983,781,588,479,408,339,246,152,85,38,27,-,-
Paranapuã (SP),305,281,294,335,350,273,256,251,261,202,185,177,171,94,87,36,38,29,6,-,-
Parapuã (SP),808,911,1025,1017,887,813,780,861,769,644,592,461,432,437,346,186,73,48,14,-,-
Pardinho (SP),495,467,450,437,467,413,382,330,240,251,178,198,156,96,75,42,36,18,-,-,-
Pariquera-Açu (SP),1770,1785,1866,1965,1731,1306,1218,1231,1001,814,727,549,584,400,288,213,98,61,37,-,5
Parisi (SP),136,138,177,170,158,117,204,193,155,117,126,63,49,29,49,29,21,11,2,4,-
Patrocínio Paulista (SP),1037,1114,1074,1135,1037,890,926,809,754,622,528,389,339,287,258,120,69,15,14,-,-
Paulicéia (SP),524,571,553,513,462,448,410,341,294,273,277,150,147,154,76,54,28,14,12,-,-
Paulínia (SP),4251,4388,4874,5260,5290,4754,4459,4239,3602,3054,2282,1452,1058,902,624,446,241,126,25,-,-
Paulistânia (SP),160,173,204,166,196,124,152,93,98,137,115,85,75,60,31,5,14,4,-,-,-
Paulo de Faria (SP),703,771,829,825,689,648,652,668,552,450,354,393,273,255,159,101,92,37,14,7,-
Pederneiras (SP),3365,3465,3478,3622,3423,3075,2753,2721,2320,1970,1569,1251,1079,943,694,424,289,132,30,11,-
Pedra Bela (SP),473,480,550,537,499,443,378,363,350,352,288,226,215,161,126,97,50,20,-,-,-
Pedranópolis (SP),161,187,236,280,221,181,186,207,221,186,148,124,70,145,91,66,17,7,-,-,-
Pedregulho (SP),1294,1433,1639,1568,1409,1115,1039,1075,1020,804,734,497,489,330,286,125,83,30,18,5,-
Pedreira (SP),2732,2880,3270,3408,3375,3000,2913,2867,2425,2022,1623,1250,961,1038,686,432,222,88,18,10,-
Pedrinhas Paulista (SP),238,272,278,243,228,252,241,226,214,139,137,95,93,65,67,53,17,2,-,-,-
Pedro de Toledo (SP),982,1014,977,963,753,680,613,574,508,442,356,386,366,180,200,127,26,31,10,-,-
Penápolis (SP),4038,4554,4800,5343,4819,4207,4081,4179,3892,3271,2651,2358,1865,1655,1246,911,533,146,54,15,17
Pereira Barreto (SP),1975,2218,2462,2296,2226,1998,2036,1846,1521,1378,1246,1035,893,661,517,392,195,98,15,19,-
Pereiras (SP),499,533,591,607,488,484,432,421,392,369,291,284,225,226,142,94,92,44,-,11,-
Peruíbe (SP),5233,4845,5242,5091,4569,3920,3532,3380,3131,2765,2230,1956,1664,1503,1217,662,321,145,44,-,-
Piacatu (SP),334,376,454,460,384,351,335,374,298,251,231,214,179,156,82,68,45,26,-,7,-
Piedade (SP),4640,4652,4948,5060,4540,4182,3841,3884,3282,2515,2192,1767,1388,1327,855,560,254,103,110,11,20
Pilar do Sul (SP),2404,2419,2544,2500,2146,2019,1869,1673,1480,1106,896,871,693,546,399,213,96,34,40,-,-
Pindamonhangaba (SP),11603,11736,12643,13534,12143,10319,9642,9581,8748,7419,5676,3730,3205,2054,1645,1225,672,378,61,9,2
Pindorama (SP),860,969,1112,1202,1137,1073,1019,947,876,802,800,498,512,501,347,232,137,59,11,12,3
Pinhalzinho (SP),887,957,1005,1020,953,810,735,814,772,650,573,499,395,350,244,190,78,44,5,5,-
Piquerobi (SP),230,309,328,327,260,275,300,291,229,167,146,202,149,87,66,48,32,24,4,4,-
Piquete (SP),1117,1353,1519,1421,1292,1124,1129,1213,1130,859,748,639,432,462,326,244,128,44,21,-,-
Piracaia (SP),2145,2093,2241,2160,2208,1989,1786,1681,1508,1233,1035,847,794,521,599,223,122,122,40,-,-
Piracicaba (SP),26642,26993,29390,32717,30943,27338,25876,26087,23300,19943,16059,11561,9939,7855,6580,3967,2402,1111,342,76,38
Piraju (SP),2230,2383,2663,2724,2342,1987,2026,2088,1946,1666,1387,1109,1066,902,665,359,256,73,25,-,-
Pirajuí (SP),1365,1502,1664,1985,2118,1744,1563,1597,1424,1139,853,713,713,600,562,313,154,50,24,12,-
Pirangi (SP),690,779,841,941,837,778,810,738,719,615,566,405,383,323,274,205,94,23,16,-,-
Pirapora do Bom Jesus (SP),1577,1360,1266,1271,1243,1103,1018,856,641,571,428,328,247,161,115,126,39,29,-,17,-
Pirapozinho (SP),1881,1994,2162,1999,1925,1806,1971,1700,1459,1169,955,806,748,528,485,318,99,77,22,-,-
Pirassununga (SP),5114,5288,5706,6303,5693,5073,5013,5298,4439,3686,3193,2706,2004,1925,1524,1052,557,230,51,9,-
Piratininga (SP),838,804,1019,1083,983,814,704,759,742,653,590,321,346,341,303,150,74,55,6,-,-
Pitangueiras (SP),3294,3091,3092,3208,2905,2649,2645,2273,1837,1395,1225,980,867,656,468,338,152,71,-,-,10
Planalto (SP),304,341,320,359,326,279,295,300,251,213,190,103,151,60,86,48,33,6,6,-,-
Platina (SP),272,253,281,293,264,210,202,200,194,147,154,77,111,71,47,51,19,21,-,-,-
Poá (SP),9412,9268,10012,10002,8976,8104,7936,7497,6604,5323,3884,2721,2011,1564,1138,754,357,176,35,-,27
Poloni (SP),295,325,361,416,360,360,329,305,347,278,276,272,233,217,140,155,65,32,7,-,-
Pompéia (SP),1428,1380,1637,1881,1879,1425,1344,1357,1272,1027,872,702,546,483,378,234,174,91,39,21,-
Pongaí (SP),224,260,339,371,365,264,180,293,281,219,215,143,209,87,111,52,45,35,-,-,-
Pontal (SP),3083,2956,2980,3074,3019,2707,2539,2232,1820,1405,998,825,767,464,387,170,112,76,56,12,-
Pontalinda (SP),269,336,384,350,378,269,290,205,222,180,187,106,116,89,72,35,22,20,10,-,-
Pontes Gestal (SP),185,214,228,223,196,178,142,175,188,157,137,134,104,97,80,53,35,-,13,-,-
Populina (SP),315,367,436,409,357,296,289,324,355,272,244,191,168,193,119,68,30,12,2,4,-
Porangaba (SP),549,561,626,687,512,468,505,480,453,369,367,271,265,176,163,104,59,34,3,-,-
Porto Feliz (SP),4024,3972,4482,4752,4220,3655,3581,3555,3062,2391,1971,1556,1294,1048,962,520,318,115,28,-,8
Porto Ferreira (SP),3800,4095,4391,4678,4360,3900,3942,3810,3216,2625,2292,1572,1432,1346,1005,539,306,105,9,14,-
Potim (SP),1408,1371,1456,1515,1340,1225,1106,1011,845,605,532,398,243,248,148,90,49,14,-,-,-
Potirendaba (SP),852,980,1059,1220,1232,1010,1115,1135,965,837,694,617,539,531,399,250,152,30,35,5,-
Pracinha (SP),113,130,143,121,108,116,92,102,87,86,44,64,39,47,50,43,26,20,-,-,-
Pradópolis (SP),1054,1114,1277,1413,1273,1103,1059,1004,928,734,530,446,336,245,190,111,65,20,5,5,-
Praia Grande (SP),18402,17618,17996,19162,18058,15973,14723,13965,12806,11009,8384,7243,6114,4481,4076,2022,979,432,105,10,24
Pratânia (SP),396,389,414,428,352,332,286,296,224,210,169,113,115,82,64,56,15,10,-,-,-
Presidente Alves (SP),335,351,460,465,374,326,301,303,285,250,206,166,140,98,114,93,21,24,5,-,-
Presidente Bernardes (SP),981,1187,1247,1302,1280,1267,1239,1210,934,776,769,603,577,437,391,240,96,92,27,7,-
Presidente Epitácio (SP),3342,3577,3945,4026,3609,3198,3182,2978,2573,2080,1580,1493,1224,923,653,451,275,150,20,20,-
Presidente Prudente (SP),14416,15426,16688,18009,17419,15788,15642,15160,13481,11231,9042,7393,5954,5150,3738,2545,1276,577,228,24,-
Presidente Venceslau (SP),2699,2835,3168,3400,3578,3168,3069,3166,2520,2245,1960,1293,1245,1129,795,530,294,166,67,9,11
Promissão (SP),2519,2766,2882,2998,2847,2492,2407,2323,2047,1688,1458,1332,1173,754,646,378,270,69,56,-,-
Quadra (SP),194,226,250,323,202,215,228,192,173,154,140,125,89,74,24,16,-,26,-,-,-
Quatá (SP),960,1072,1175,1141,1062,971,944,857,746,629,420,455,410,278,262,144,71,46,9,-,3
Queiroz (SP),214,205,181,247,209,156,171,160,125,97,118,67,51,62,32,39,24,3,3,3,3
Queluz (SP),881,950,909,893,873,737,716,625,579,473,361,297,265,198,146,106,61,34,4,5,-
Quintana (SP),432,458,507,579,489,449,424,365,340,287,270,191,150,168,135,108,61,17,9,4,-
Rafard (SP),665,761,813,828,751,704,682,693,502,423,349,292,240,240,225,111,44,29,8,-,-
Rancharia (SP),2334,2533,2769,2888,2489,2168,2299,2327,1905,1506,1439,995,1022,786,524,457,179,110,42,-,-
Redenção da Serra (SP),359,378,379,397,315,313,283,265,257,222,184,165,222,85,102,88,26,7,-,-,-
Regente Feijó (SP),1344,1451,1561,1631,1512,1360,1343,1415,1157,973,642,780,604,446,347,281,83,38,7,8,15
Reginópolis (SP),349,369,435,460,430,367,324,325,309,295,208,228,191,145,124,101,60,22,-,-,-
Registro (SP),5416,5413,5897,5838,5094,4222,3913,3720,3104,2637,2263,1703,1405,1204,781,605,316,167,30,15,9
Restinga (SP),610,526,636,580,519,442,440,418,382,266,184,159,154,108,53,61,22,18,6,-,-
Ribeira (SP),345,362,394,339,267,241,208,225,171,173,183,159,101,157,88,50,26,12,6,-,-
Ribeirão Bonito (SP),998,1030,1119,1122,1015,943,892,787,705,599,459,365,362,288,262,164,89,42,5,-,-
Ribeirão Branco (SP),2865,2698,2600,2312,1870,1669,1427,1314,1014,842,721,608,495,297,309,98,91,1,-,-,-
Ribeirão Corrente (SP),403,361,397,385,376,344,260,265,232,195,217,97,134,92,63,38,7,8,6,-,-
Ribeirão do Sul (SP),379,356,429,391,387,357,380,295,315,263,272,177,105,170,98,58,42,7,15,-,-
Ribeirão dos Índios (SP),188,161,153,200,138,140,213,153,247,133,96,152,87,44,36,19,20,31,4,5,-
Ribeirão Grande (SP),728,723,840,847,688,606,559,480,371,315,369,269,221,154,134,42,35,7,2,-,-
Ribeirão Pires (SP),8828,8670,9840,10799,10508,9170,8614,8096,7505,6522,5370,3017,2622,1799,1525,925,489,157,42,-,10
Ribeirão Preto (SP),38295,40806,44948,49403,47492,41985,39775,39661,36758,30849,24357,19400,15827,12716,10231,5989,3627,1855,719,184,45
Riversul (SP),613,744,748,788,583,487,433,488,452,386,307,275,297,235,133,110,70,29,8,-,6
Rifaina (SP),246,261,303,363,309,231,274,258,237,188,118,175,134,72,50,68,25,6,6,-,-
Rincão (SP),959,1038,999,1054,938,854,795,754,662,527,481,322,261,268,223,97,54,40,-,-,4
Rinópolis (SP),686,764,905,951,869,766,701,707,709,631,509,473,433,449,384,177,82,45,9,5,-
Rio Claro (SP),12951,13586,14453,16075,15690,13748,13033,13389,12013,9699,8450,6053,5430,4586,3903,2659,1553,715,185,26,21
Rio das Pedras (SP),2056,2133,2390,2456,2268,2093,1965,1801,1491,1250,1056,665,532,564,315,227,144,76,-,11,-
Rio Grande da Serra (SP),3931,3750,3710,4007,3979,3473,3077,2742,2224,1846,1252,1108,844,401,418,121,122,74,-,-,11
Riolândia (SP),639,685,798,758,942,794,756,645,517,475,399,344,254,213,176,75,52,27,4,6,-
Rosana (SP),2571,2600,2577,2514,2202,2104,2104,1851,1608,1275,958,650,464,339,142,185,49,24,12,-,-
Roseira (SP),795,823,860,945,854,686,699,670,594,461,290,279,179,175,143,80,37,4,-,-,3
Rubiácea (SP),182,206,249,221,184,194,187,201,166,104,105,78,72,80,35,42,12,15,-,-,4
Rubinéia (SP),184,199,245,266,185,159,174,207,186,171,107,145,135,97,95,36,17,3,-,5,-
Sabino (SP),339,439,468,472,418,362,331,350,347,295,275,200,211,162,160,44,51,16,5,-,6
Sagres (SP),221,207,231,240,219,174,183,132,144,174,100,124,94,70,67,29,4,26,-,-,-
Sales (SP),346,390,422,475,378,358,339,346,293,277,266,157,155,133,100,75,20,20,12,-,-
Sales Oliveira (SP),766,808,892,884,831,698,740,701,672,541,512,301,274,257,222,109,70,30,17,-,-
Salesópolis (SP),1391,1339,1494,1372,1255,1178,1125,1066,891,682,644,475,510,325,286,187,117,15,5,-,-
Salmourão (SP),354,394,418,423,366,327,312,273,288,262,255,183,182,118,125,38,47,30,6,-,-
Saltinho (SP),384,418,520,582,551,496,412,438,437,384,441,162,198,118,121,72,49,17,-,-,-
Salto (SP),8156,8718,9261,9385,8471,7661,8026,7694,6525,5016,4026,2675,2465,1944,1553,875,404,217,57,11,17
Salto de Pirapora (SP),3387,3451,3588,3666,3178,2761,2670,2604,2308,1786,1614,1042,957,871,532,315,189,85,47,21,-
Salto Grande (SP),724,728,786,835,743,648,610,597,511,480,378,343,361,240,255,120,44,32,9,-,-
Sandovalina (SP),328,332,278,323,292,328,203,225,176,157,116,86,81,62,45,51,6,-,-,-,-
Santa Adélia (SP),1080,1147,1119,1208,1264,1148,1045,987,915,782,685,470,397,449,326,236,117,52,12,9,-
Santa Albertina (SP),332,418,488,494,414,371,383,407,415,354,315,303,262,228,144,139,84,27,8,-,-
Santa Bárbara d'Oeste (SP),13190,14927,16481,17023,15814,14476,14790,14381,13129,10134,7332,5140,4521,3471,2751,1341,754,302,89,32,-
Santa Branca (SP),1120,1161,1233,1207,1173,1148,1043,1053,870,687,631,451,409,298,254,132,87,27,14,12,-
Santa Clara d'Oeste (SP),159,172,210,179,170,143,149,152,146,122,86,109,100,98,64,11,28,-,14,11,-
Santa Cruz da Conceição (SP),268,298,346,377,259,268,256,278,247,196,186,106,71,163,110,77,15,7,4,-,-
Santa Cruz da Esperança (SP),156,192,197,179,149,135,118,118,104,87,107,85,68,43,23,25,3,-,-,-,7
Santa Cruz das Palmeiras (SP),2268,2365,2304,2545,2391,2147,2084,1928,1714,1442,1118,941,690,643,463,266,179,59,9,-,-
Santa Cruz do Rio Pardo (SP),3470,3603,3663,4028,3350,3146,3089,3081,2729,2407,2143,1551,1358,1220,866,512,444,176,47,36,-
Santa Ernestina (SP),486,558,561,605,641,517,537,458,323,259,234,132,163,83,78,39,49,13,-,-,6
Santa Fé do Sul (SP),1811,1982,2328,2528,2388,2041,2011,1968,1778,1644,1429,1259,1060,816,603,430,265,139,11,21,-
Santa Gertrudes (SP),1554,1431,1385,1523,1719,1534,1392,1216,970,750,652,442,450,261,264,158,128,53,24,-,-
Santa Isabel (SP),4210,4173,4472,4502,4009,3618,3613,3235,2911,2278,1864,1454,1102,954,655,340,209,106,34,-,-
Santa Lúcia (SP),798,746,809,785,772,702,658,565,488,373,326,248,191,155,102,75,43,10,-,7,-
Santa Maria da Serra (SP),436,472,502,477,403,368,364,361,275,224,153,193,132,126,95,70,20,-,-,-,2
Santa Mercedes (SP),214,255,277,292,213,190,194,230,174,132,125,106,147,89,81,45,16,16,6,-,-
Santana da Ponte Pensa (SP),108,123,167,167,131,117,102,149,139,132,137,105,70,92,78,42,21,15,-,-,-
Santana de Parnaíba (SP),7596,7614,8096,8333,7077,5902,5881,6114,5498,4449,3173,1643,1207,911,638,398,168,84,17,9,21
Santa Rita d'Oeste (SP),139,210,236,239,182,145,187,184,209,221,161,174,99,155,59,76,5,-,13,-,-
Santa Rita do Passa Quatro (SP),1681,1904,2196,2375,2126,1910,1958,2063,1803,1624,1266,1320,1237,886,753,525,286,163,54,10,-
Santa Rosa de Viterbo (SP),1747,1924,2055,2084,1783,1686,1668,1703,1420,1163,997,836,727,586,514,261,185,78,18,-,-
Santa Salete (SP),69,94,117,118,103,59,112,114,98,94,82,77,60,67,65,31,13,7,-,-,-
Santo Anastácio (SP),1621,1813,1903,1926,1656,1562,1704,1622,1316,1102,1043,808,726,754,474,381,224,88,26,-,-
Santo André (SP),47685,49075,55090,61561,60253,54767,52119,52762,48168,41595,33428,25644,21478,17091,13120,8444,4284,1877,658,144,87
Santo Antônio da Alegria (SP),448,453,597,614,479,402,410,431,371,347,291,280,199,148,157,73,26,24,14,1,-
Santo Antônio de Posse (SP),1667,1597,1686,1772,1737,1558,1476,1407,1169,958,789,554,529,452,420,152,160,27,-,14,-
Santo Antônio do Aracanguá (SP),528,664,691,656,655,614,575,592,461,346,330,180,180,181,111,93,30,13,9,6,14
Santo Antônio do Jardim (SP),479,515,576,588,551,461,466,454,432,360,302,238,212,173,124,106,84,21,6,6,-
Santo Antônio do Pinhal (SP),657,600,653,613,564,497,492,555,414,271,229,266,232,127,47,73,30,4,4,-,-
Santo Expedito (SP),225,179,238,224,208,166,238,174,155,142,112,105,122,96,48,41,37,15,-,-,-
Santópolis do Aguapeí (SP),309,358,419,381,364,287,283,269,253,171,149,167,104,129,88,38,12,29,6,-,-
Santos (SP),26132,26155,29720,36279,36504,32077,30707,32247,30965,28103,24325,19569,18019,16471,13940,8309,4874,2688,642,134,124
São Bento do Sapucaí (SP),849,897,945,943,904,819,818,794,686,541,517,433,346,315,239,180,84,45,-,-,-
São Bernardo do Campo (SP),59131,59437,63691,69147,68063,63407,62176,59507,52008,42914,32898,22376,17215,12151,8973,5267,2945,1264,409,84,114
São Caetano do Sul (SP),7342,8025,9687,11958,12128,10790,10090,11519,11037,9930,8734,6490,6171,5282,4695,3369,1801,734,265,104,9
São Carlos (SP),14597,15198,16650,18476,18400,16728,15373,15485,13993,11505,9326,6932,6113,5005,4138,2453,1448,809,281,37,52
São Francisco (SP),194,241,264,266,213,216,224,214,163,158,163,150,111,118,99,50,5,14,-,-,-
São João da Boa Vista (SP),5613,5915,6581,7304,6997,6234,6095,6155,5620,4792,4011,2801,2749,2352,2046,1044,661,306,85,17,9
São João das Duas Pontes (SP),227,216,232,248,232,205,210,213,186,131,105,147,80,111,55,22,7,6,17,9,-
São João de Iracema (SP),110,136,163,158,153,141,134,120,97,113,83,76,86,34,24,26,17,-,-,-,-
São João do Pau d'Alho (SP),153,155,195,207,140,136,149,149,114,126,129,111,128,111,87,67,22,2,-,-,-
São Joaquim da Barra (SP),3272,3486,3688,4201,3965,3559,3218,3227,2874,2397,2009,1564,1336,1012,766,573,264,119,23,23,11
São José da Bela Vista (SP),861,833,776,781,742,748,595,515,478,391,378,293,190,198,108,98,58,27,5,-,-
São José do Barreiro (SP),383,370,455,429,375,317,283,301,256,201,174,126,141,149,100,67,7,2,5,2,-
São José do Rio Pardo (SP),3740,4613,4941,4960,4232,3638,3662,3787,3652,3102,2371,1783,1578,1403,1218,707,444,157,68,12,10
São José do Rio Preto (SP),24995,26989,30125,33398,33493,30242,29441,30038,26941,22190,17873,14631,12370,9407,7698,4618,2381,1247,315,95,36
São José dos Campos (SP),47665,48464,52353,55918,52848,46231,43962,43835,39375,32780,24198,16192,11855,8645,6681,4154,2561,1207,270,79,40
São Lourenço da Serra (SP),1271,1253,1281,1269,1110,1083,954,862,747,617,484,367,271,270,197,66,62,35,-,-,-
São Luiz do Paraitinga (SP),852,1004,966,1021,796,857,761,763,674,526,485,463,431,289,258,143,91,36,13,-,-
São Manuel (SP),3233,3257,3439,3571,3394,3013,2819,2653,2357,2028,1534,1371,1137,1035,686,438,342,143,83,11,-
São Miguel Arcanjo (SP),3150,3294,3437,3290,2683,2283,2420,2165,1899,1413,1240,1042,913,573,484,281,165,66,-,-,-
São Paulo (SP),880439,827791,885453,992802,1022482,946536,877202,822164,734132,617897,491139,364501,302554,238133,197599,122219,65143,32871,10510,2288,1690
São Pedro (SP),2346,2407,2503,2750,2530,2173,1978,1984,1771,1586,1527,994,1006,757,691,406,304,141,30,-,14
São Pedro do Turvo (SP),639,636,641,717,591,506,516,495,425,368,354,282,242,151,157,111,39,15,4,-,-
São Roque (SP),5777,5680,6330,6707,6316,5268,5145,5036,4659,3806,3494,1978,2032,1553,1356,724,507,166,80,10,13
São Sebastião (SP),5708,5491,5670,6083,6172,5516,5037,4257,3695,2974,2094,1666,1254,851,691,500,196,108,30,20,24
São Sebastião da Grama (SP),1039,1062,1209,1254,1052,994,969,978,856,701,635,411,377,342,307,139,83,36,11,-,-
São Simão (SP),1124,1155,1373,1391,1154,984,1054,1033,872,742,651,551,425,441,322,237,90,62,14,-,-
São Vicente (SP),27707,26978,27502,30248,28916,26036,24307,23209,20852,17885,13795,10251,8711,6147,5156,3302,1516,766,182,54,32
Sarapuí (SP),764,773,780,823,690,579,529,552,457,375,308,315,243,230,176,144,38,25,3,-,-
Sarutaiá (SP),335,363,382,410,290,239,267,268,230,191,178,142,142,94,86,51,32,33,6,-,-
Sebastianópolis do Sul (SP),136,204,231,239,183,191,168,217,174,201,123,158,165,48,72,28,6,-,-,3,-
Serra Azul (SP),824,745,797,753,664,579,536,513,462,407,321,203,183,190,119,91,31,21,2,5,-
Serrana (SP),3383,3317,3247,3383,3171,2989,2757,2572,2052,1539,1244,861,757,478,406,256,112,44,25,-,11
Serra Negra (SP),1745,1809,2046,2162,2099,1939,1763,1767,1659,1420,1263,905,901,776,766,365,303,101,63,-,-
Sertãozinho (SP),7932,8281,9265,9740,9412,8038,7722,7478,6643,5352,4162,3050,2525,1914,1424,895,375,357,92,7,-
Sete Barras (SP),1499,1474,1581,1582,1375,952,946,749,738,709,607,494,395,334,241,117,58,44,8,-,5
Severínia (SP),1352,1296,1337,1410,1247,1138,1208,1041,872,679,523,428,351,267,214,122,83,31,6,-,-
Silveiras (SP),516,494,579,531,484,418,385,366,331,245,288,169,175,144,135,55,43,10,10,-,-
Socorro (SP),2275,2525,2866,3038,2805,2458,2435,2409,2276,2017,1853,1388,1235,1155,960,509,276,151,46,12,16
Sorocaba (SP),42553,43195,46293,49218,46825,41512,39621,39552,35240,28517,21771,16240,13357,10972,8482,5347,2764,1479,432,56,41
Sud Mennucci (SP),633,706,713,701,659,678,588,555,508,380,350,242,207,143,135,88,34,26,14,-,5
Sumaré (SP),18513,18785,19323,20184,19650,18049,17133,15321,13571,10960,8047,5269,3983,3101,2308,1550,669,249,43,15,-
Suzano (SP),24008,22779,23681,24113,21940,19864,18821,17307,14890,12231,8622,6624,5217,3122,2746,1456,704,382,115,38,30
Suzanápolis (SP),219,240,258,272,260,196,214,213,185,131,152,97,103,75,102,44,16,13,-,-,-
Tabapuã (SP),737,853,873,990,842,800,858,843,718,617,474,485,408,373,276,198,80,57,7,5,-
Tabatinga (SP),1099,1138,1298,1310,1164,1034,1023,971,851,726,489,527,383,404,255,180,91,42,5,-,-
Taboão da Serra (SP),19368,18067,19258,21191,20332,18682,17404,15673,13470,10527,7702,5559,4039,2562,1779,1146,559,186,80,19,42
Taciba (SP),436,519,518,495,443,414,443,404,333,258,220,179,184,152,133,49,16,25,-,-,-
Taguaí (SP),630,630,787,841,699,571,532,543,462,427,354,288,254,146,117,117,47,18,-,5,-
Taiaçu (SP),531,537,534,481,453,453,459,398,352,278,208,257,189,219,149,48,48,20,4,-,-
Taiúva (SP),384,465,531,508,435,405,401,394,379,347,270,223,227,201,141,110,48,25,8,4,-
Tambaú (SP),1864,2029,2205,2182,1921,1663,1678,1704,1514,1249,1008,867,753,574,514,257,194,66,17,-,-
Tanabi (SP),1462,1623,2000,2145,1923,1661,1748,1849,1691,1376,1204,1016,847,755,549,320,212,148,40,17,-
Tapiraí (SP),1022,930,909,871,770,606,608,552,480,375,373,319,284,158,109,126,41,24,14,-,-
Tapiratiba (SP),1143,1297,1273,1266,1085,958,1070,999,878,673,468,518,420,336,252,166,86,38,16,-,-
Taquaral (SP),226,230,285,255,250,208,213,210,217,144,130,72,78,87,37,39,18,19,4,-,-
Taquaritinga (SP),4281,4354,4779,5135,4925,4314,4067,3981,3423,2844,2352,1979,1573,1488,1252,549,471,243,34,-,22
Taquarituba (SP),2079,2055,2170,2194,1916,1688,1668,1717,1470,1271,957,743,574,632,390,261,95,83,12,8,-
Taquarivaí (SP),571,511,537,483,420,349,323,304,235,203,141,112,109,79,47,21,15,9,4,-,-
Tarabai (SP),534,576,576,573,485,488,475,469,351,264,215,204,211,135,100,61,43,13,8,-,5
Tarumã (SP),937,1061,1069,1110,1019,1012,895,925,656,524,413,330,287,195,150,80,42,29,6,-,3
Tatuí (SP),8349,8715,9144,9379,8714,7505,7037,6934,6099,5070,4237,3344,2886,2108,1844,1147,546,236,108,20,9
Taubaté (SP),20682,20860,22371,24517,23387,20684,19983,19304,17161,14293,11881,7762,6469,5489,4451,2415,1399,783,209,39,25
Tejupá (SP),601,521,572,572,507,381,354,370,323,301,246,208,161,82,81,15,16,25,-,-,-
Teodoro Sampaio (SP),2051,1971,2051,2068,1947,1643,1654,1416,1132,957,831,636,547,405,258,198,184,29,11,-,15
Terra Roxa (SP),641,724,794,717,620,588,617,604,551,439,314,298,258,209,183,63,74,45,13,-,-
Tietê (SP),2533,2642,2809,3068,2848,2610,2516,2434,2199,1793,1496,1190,1052,873,680,503,283,114,66,-,-
Timburi (SP),206,231,273,277,170,180,183,233,194,167,117,134,110,97,61,57,15,4,15,2,5
Torre de Pedra (SP),174,199,187,184,166,154,140,164,132,123,100,104,122,47,63,44,20,20,2,-,-
Torrinha (SP),633,764,806,789,732,721,663,651,560,517,483,338,369,263,236,177,74,41,16,5,-
Trabiju (SP),118,146,142,136,119,113,98,98,88,66,51,60,55,33,37,14,6,-,-,-,-
Tremembé (SP),2983,2916,3330,3423,3689,3054,2923,2956,2450,1999,1515,1034,859,612,543,297,122,61,35,9,14
Três Fronteiras (SP),368,385,436,514,402,357,373,366,369,309,316,209,243,177,157,106,20,28,20,4,-
Tuiuti (SP),347,362,508,484,483,406,367,328,303,322,292,254,173,187,118,99,32,6,11,-,-
Tupã (SP),4342,4722,5434,6016,5545,4814,4694,4743,4490,3777,3267,2867,2584,2134,1740,1001,674,320,130,38,-
Tupi Paulista (SP),771,934,1139,1183,1025,851,950,1020,996,872,791,630,647,532,409,309,149,69,3,6,-
Turiúba (SP),100,146,158,170,136,118,129,154,129,141,130,106,99,76,34,21,24,18,6,-,-
Turmalina (SP),139,171,234,187,147,149,186,212,180,141,162,125,83,114,68,33,21,9,5,-,-
Ubarana (SP),427,439,404,428,425,347,337,273,240,236,182,139,116,82,91,36,15,-,-,3,-
Ubatuba (SP),7106,6891,6966,6768,6413,5930,5481,5088,4245,3350,2615,1788,1533,1015,782,535,172,94,57,12,20
Ubirajara (SP),367,384,431,432,358,289,308,252,250,249,176,158,178,115,116,65,8,19,-,-,-
Uchoa (SP),613,695,827,774,734,674,722,698,647,531,484,347,324,383,264,146,86,71,9,-,5
União Paulista (SP),95,125,107,124,89,102,109,104,89,93,67,67,39,68,18,17,20,16,4,-,-
Urânia (SP),610,656,738,859,759,677,675,616,613,539,479,410,342,343,233,119,93,45,5,14,-
Uru (SP),77,117,168,115,97,96,71,145,78,108,76,60,71,37,40,21,18,10,-,-,-
Urupês (SP),764,871,1024,1085,966,879,930,882,818,745,511,654,505,448,383,193,106,65,5,-,-
Valentim Gentil (SP),663,634,759,923,888,707,665,661,635,467,325,375,317,211,162,107,53,31,21,-,-
Valinhos (SP),5938,6314,7175,7817,7802,7218,7400,7063,6153,5154,3872,3198,2648,1849,1596,978,478,247,46,13,13
Valparaíso (SP),1555,1633,1760,1741,1853,1580,1551,1500,1200,928,720,687,561,457,345,242,152,81,27,-,-
Vargem (SP),601,547,697,699,598,573,486,465,425,393,375,275,242,200,197,105,65,19,10,3,-
Vargem Grande do Sul (SP),3071,3077,3353,3498,3255,2796,2932,2801,2524,2087,1617,1412,1170,878,860,498,334,111,14,15,-
Vargem Grande Paulista (SP),3257,3192,3461,3540,3256,2785,2680,2633,2231,1720,1238,871,645,485,316,183,165,13,-,13,-
Várzea Paulista (SP),9016,9026,9321,9807,9156,8363,7962,7543,6635,5099,3753,2180,1821,1232,856,507,379,81,29,-,34
Vera Cruz (SP),907,969,995,1024,1000,857,855,790,692,548,571,426,400,362,300,183,109,65,22,5,4
Vinhedo (SP),3463,3694,4255,4866,4518,3983,3796,3855,3672,2948,2263,1704,1205,1134,821,587,244,165,41,-,-
Viradouro (SP),1406,1541,1573,1622,1375,1282,1193,1190,1039,822,743,556,530,389,332,221,90,57,-,-,-
Vista Alegre do Alto (SP),360,375,404,469,443,393,392,351,325,296,257,169,187,133,140,47,10,4,-,-,-
Vitória Brasil (SP),112,127,159,199,170,126,133,113,122,83,67,77,66,61,22,26,6,3,2,-,-
Votorantim (SP),9267,8953,9351,9920,9445,8181,7724,7370,6515,5300,4187,3012,2333,1582,1246,940,373,121,26,48,31
Votuporanga (SP),4916,5773,6648,7080,6741,6008,6193,6071,5648,4728,3966,3211,2722,2219,1662,1188,493,258,53,47,16
Zacarias (SP),127,159,176,190,151,154,154,144,142,116,105,85,69,74,62,17,12,11,-,-,-
Chavantes (SP),1126,1077,1129,1224,1112,1013,890,879,760,717,608,446,422,282,230,137,79,47,5,5,6
Estiva Gerbi (SP),804,837,900,916,804,757,720,711,626,463,382,226,248,179,128,76,25,50,-,-,4
Abatiá (PR),737,853,833,823,713,577,617,634,497,411,367,340,257,249,147,96,61,29,8,5,5
Adrianópolis (PR),749,782,821,829,481,411,424,432,388,322,291,265,260,209,161,95,69,32,5,-,5
Agudos do Sul (PR),782,809,753,685,600,571,533,536,414,327,298,233,198,208,121,78,34,37,-,-,4
Almirante Tamandaré (PR),10688,10054,9307,9311,8398,7888,7366,6563,5308,4073,2903,2231,1652,1038,695,486,176,107,26,8,-
Altamira do Paraná (PR),704,767,683,847,693,556,496,464,399,363,217,255,247,154,95,45,43,6,-,3,-
Altônia (PR),1493,1627,1795,1794,1495,1303,1562,1385,1300,1147,1181,779,812,673,414,206,135,91,30,8,-
Alto Paraná (PR),1097,1269,1219,1192,1074,1070,1040,915,822,705,448,536,400,354,247,178,84,52,10,5,-
Alto Piquiri (PR),961,1085,1117,1088,926,818,848,745,633,502,471,389,430,280,215,131,91,22,9,-,-
Alvorada do Sul (PR),842,854,880,921,770,664,732,681,564,526,404,380,319,222,231,117,105,30,-,8,3
Amaporã (PR),448,496,539,461,405,371,387,353,279,209,163,107,144,113,100,33,25,9,9,3,-
Ampére (PR),1595,1621,1593,1515,1364,1276,1197,1198,972,754,632,559,479,398,244,115,45,61,1,-,5
Anahy (PR),275,299,295,274,277,217,228,182,182,173,181,108,103,82,69,15,11,30,-,9,-
Andirá (PR),1977,1949,1987,2233,2028,1628,1742,1640,1234,1336,976,735,730,494,427,320,99,81,28,19,-
Ângulo (PR),202,269,307,296,221,211,230,233,187,145,127,114,103,62,65,42,19,-,8,-,-
Antonina (PR),1877,2018,2058,1847,1610,1235,1346,1363,1132,971,924,649,676,549,407,265,105,101,30,11,-
Antônio Olinto (PR),645,742,786,738,596,535,559,529,435,402,395,227,276,232,146,87,41,21,7,7,-
Apucarana (PR),9042,9787,10276,10490,9882,8747,8822,8187,7235,6149,5082,4217,3232,2654,1866,1133,498,369,127,23,8
Arapongas (PR),7071,7241,7744,8002,8046,7468,7316,6777,5767,4832,4122,3051,2644,2054,1469,1021,329,357,81,24,11
Arapoti (PR),2621,2716,2497,2440,2087,2060,1943,1789,1444,1063,888,668,484,522,292,201,139,30,-,-,-
Arapuã (PR),361,446,451,450,282,289,326,271,268,199,210,185,146,113,99,32,33,3,-,3,5
Araruna (PR),1158,1272,1228,1185,1140,1063,1184,1026,799,721,484,560,396,315,218,224,86,23,-,-,-
Araucária (PR),10077,9972,9531,9439,9463,8804,8206,7246,6004,4725,3386,2234,1819,1357,935,514,387,118,8,13,21
Ariranha do Ivaí (PR),200,284,310,342,221,212,216,191,163,173,161,97,126,67,59,35,25,-,-,-,-
Assaí (PR),1468,1657,1954,1888,1397,1376,1354,1254,1125,1003,847,769,650,471,383,191,82,101,70,4,-
Assis Chateaubriand (PR),2480,2973,3074,2988,2778,2629,2764,2576,2194,1985,1709,1474,1305,864,746,463,150,93,72,-,-
Astorga (PR),1725,2106,2222,2249,1948,1879,1942,1867,1610,1442,1037,1044,705,755,473,350,171,73,26,13,-
Atalaia (PR),304,362,334,381,333,343,340,335,246,232,202,170,102,146,118,38,24,5,-,-,-
Balsa Nova (PR),972,998,1047,1004,911,909,866,765,651,484,403,325,313,165,143,112,54,18,8,5,-
Bandeirantes (PR),2997,3121,3421,3427,2885,2546,2628,2549,2186,1824,1633,1160,941,933,789,310,201,114,68,-,-
Barbosa Ferraz (PR),1123,1401,1609,1459,1021,997,1021,977,810,744,621,630,579,439,373,132,99,52,17,6,-
Barracão (PR),921,1012,1040,1007,718,680,640,704,589,507,435,262,271,172,185,64,53,3,-,7,-
Barra do Jacaré (PR),170,260,262,279,224,161,187,245,205,132,194,131,81,71,61,22,30,3,4,3,-
Bela Vista da Caroba (PR),443,458,536,485,266,302,310,341,279,238,252,151,119,146,107,45,7,19,-,-,-
Bela Vista do Paraíso (PR),1270,1365,1431,1380,1224,1116,1156,1106,1000,816,783,569,568,463,326,266,116,55,17,4,-
Bituruna (PR),1931,1745,1778,1911,1433,1235,1137,1080,862,753,557,520,404,250,191,132,41,15,-,-,18
Boa Esperança (PR),369,459,515,541,413,430,450,427,341,269,214,211,197,121,64,57,51,22,10,-,-
Boa Esperança do Iguaçu (PR),318,320,315,354,275,253,240,204,190,160,160,69,93,75,53,16,12,-,-,-,-
Boa Ventura de São Roque (PR),769,893,831,729,610,513,451,468,422,356,199,163,161,115,65,19,3,7,4,-,-
Boa Vista da Aparecida (PR),839,872,881,913,679,643,574,498,488,461,410,365,286,204,160,69,56,14,11,-,-
Bocaiúva do Sul (PR),997,961,929,936,792,730,632,554,530,453,381,310,286,208,153,130,28,30,-,6,5
Bom Jesus do Sul (PR),425,370,454,568,334,254,248,253,250,234,210,198,142,100,81,17,10,3,-,4,-
Bom Sucesso (PR),577,638,608,593,491,448,523,437,354,285,266,274,204,195,127,94,41,13,-,5,-
Bom Sucesso do Sul (PR),258,362,332,303,244,227,275,268,241,212,200,134,81,99,81,28,38,3,5,-,-
Borrazópolis (PR),703,886,942,902,695,713,684,717,645,538,507,377,326,337,229,119,87,39,7,-,-
Braganey (PR),538,616,669,627,496,446,503,462,389,317,253,241,232,154,103,68,44,16,12,4,-
Brasilândia do Sul (PR),326,391,416,380,300,304,339,290,222,189,190,122,154,117,65,34,26,11,-,7,5
Cafeara (PR),186,229,266,256,185,189,212,203,144,128,91,106,107,56,58,43,20,6,-,-,-
Cafelândia (PR),1139,1107,1080,1057,1089,1158,1083,917,687,483,396,297,218,194,117,63,29,20,9,-,-
Cafezal do Sul (PR),393,402,435,420,363,391,345,338,301,237,232,161,186,169,138,87,22,29,-,-,-
Califórnia (PR),634,704,768,761,586,563,677,570,532,387,370,325,314,183,173,76,26,29,-,-,-
Cambará (PR),1799,2006,2216,2108,1923,1712,1775,1772,1462,1315,1089,938,757,749,431,327,175,150,36,-,-
Cambé (PR),7886,7977,8330,8493,8349,7552,7630,6873,5781,4935,3863,3166,2657,1713,1230,900,518,248,37,26,21
Cambira (PR),508,618,632,650,574,495,524,526,448,409,314,282,213,209,121,76,49,29,7,2,2
Campina da Lagoa (PR),1445,1803,1935,1521,1279,1360,1270,1155,1072,930,948,606,561,459,425,139,73,38,-,-,-
Campina do Simão (PR),539,481,486,473,368,337,325,304,304,218,165,135,81,91,28,28,2,-,-,-,-
Campina Grande do Sul (PR),3933,3726,3668,3636,3375,3116,2934,2556,2125,1611,1222,844,641,535,324,193,105,-,9,-,12
Campo Bonito (PR),577,626,542,517,430,383,408,345,279,239,201,169,182,132,51,29,18,-,-,-,-
Campo do Tenente (PR),780,723,695,642,615,500,483,428,336,277,236,161,143,140,64,48,47,10,-,-,7
Campo Largo (PR),8871,9294,8972,9198,8969,8368,7867,7192,5807,4828,3991,2732,2433,1656,1208,883,329,116,33,23,11
Campo Magro (PR),2309,2209,2125,2130,1953,1845,1712,1500,1287,905,794,463,476,271,221,103,55,20,15,16,-
Campo Mourão (PR),7216,7810,8218,7989,6967,6469,6590,6384,5450,4419,3566,2749,2262,1656,1355,729,314,224,69,40,-
Cândido de Abreu (PR),2128,2109,2150,1987,1586,1313,1251,1214,1083,898,810,673,530,445,328,142,91,54,-,3,-
Candói (PR),1714,1667,1504,1541,1282,1209,1078,973,811,636,518,401,301,235,107,87,95,19,-,-,7
Cantagalo (PR),1519,1520,1394,1292,1112,994,930,842,728,677,495,357,323,257,184,111,35,29,6,5,-
Capanema (PR),1473,1737,1748,1752,1418,1299,1440,1378,1218,1065,1108,696,668,471,345,261,128,34,-,-,-
Capitão Leônidas Marques (PR),1311,1429,1463,1539,1286,1134,1081,987,888,772,675,581,455,260,222,178,81,24,11,-,-
Carambeí (PR),1660,1728,1495,1511,1517,1421,1226,1081,822,659,474,402,257,268,184,80,51,18,-,-,6
Carlópolis (PR),1208,1193,1381,1460,1048,910,933,965,895,725,708,422,501,373,282,180,63,35,14,8,-
Cascavel (PR),23470,25216,25123,24835,22955,21652,21388,19537,16094,13044,10048,6705,5477,3914,2954,1650,929,306,37,22,13
Castro (PR),7359,6847,6609,6763,5902,5251,4706,4449,3495,3028,2551,1970,1651,1220,687,518,361,162,24,12,15
Catanduvas (PR),1019,1220,1165,1166,919,852,741,712,554,455,398,380,319,213,119,110,46,22,6,-,5
Centenário do Sul (PR),988,1119,1232,1153,953,903,927,858,692,649,552,440,357,418,282,145,98,42,5,-,4
Cerro Azul (PR),1944,1844,1900,1864,1390,1131,1042,1010,843,787,670,485,428,413,248,181,117,39,-,7,9
Céu Azul (PR),883,979,1048,947,868,860,857,830,631,612,449,444,326,276,181,120,75,47,-,6,6
Chopinzinho (PR),1961,2194,2223,2123,1691,1620,1605,1488,1260,1081,912,679,578,437,330,226,87,16,28,4,-
Cianorte (PR),4812,5180,5339,5158,5054,5002,5011,4498,3735,3161,2991,1743,1805,1493,1046,707,357,248,33,10,17
Cidade Gaúcha (PR),876,982,948,938,884,788,776,716,558,457,364,323,310,255,160,95,59,42,-,-,-
Clevelândia (PR),2041,2002,1931,1830,1419,1345,1398,1397,1086,891,727,602,552,488,209,237,92,60,13,10,7
Colombo (PR),20591,19847,18737,18767,18266,17174,15759,13648,11301,8856,6843,4244,3613,2244,1665,1014,453,235,26,24,22
Colorado (PR),1679,1775,1991,2030,1848,1732,1772,1706,1481,1188,865,832,683,510,404,287,137,37,-,-,-
Congonhinhas (PR),683,841,845,778,566,554,583,540,463,398,315,332,309,234,225,108,39,37,-,-,-
Conselheiro Mairinck (PR),355,350,347,344,264,249,237,214,195,194,154,154,161,76,126,36,7,-,-,-,-
Contenda (PR),1360,1227,1343,1317,1304,1087,1043,935,780,711,611,416,361,263,202,153,84,31,13,-,-
Corbélia (PR),1383,1618,1654,1547,1205,1235,1339,1238,1068,821,673,560,437,465,261,176,96,17,-,9,-
Cornélio Procópio (PR),3575,3947,4325,4568,4101,3650,3644,3602,3357,2925,2576,1657,1575,1219,913,656,323,170,59,18,-
Coronel Domingos Soares (PR),923,946,828,728,553,587,498,442,366,288,253,228,172,99,40,38,8,7,-,-,-
Coronel Vivida (PR),2114,2426,2402,2340,1887,1661,1732,1676,1584,1285,1013,883,745,614,418,233,189,69,17,11,8
Corumbataí do Sul (PR),375,496,608,611,410,308,341,332,310,234,244,215,181,123,90,28,16,24,-,-,-
Cruzeiro do Iguaçu (PR),432,474,484,464,343,323,337,312,258,219,168,165,144,109,65,32,40,15,-,9,-
Cruzeiro do Oeste (PR),1596,1840,1826,1962,1824,1603,1600,1501,1336,997,949,819,698,634,466,323,147,69,20,-,12
Cruzeiro do Sul (PR),377,458,484,483,403,387,381,352,322,268,168,204,104,167,113,25,31,13,14,5,-
Cruz Machado (PR),1980,1865,1937,1795,1564,1328,1247,1205,994,811,609,673,543,379,329,194,101,68,36,-,9
Cruzmaltina (PR),257,349,327,330,258,256,258,292,225,181,163,144,163,77,64,35,34,34,11,-,-
Curitiba (PR),128386,130531,136005,153477,158839,143847,136006,129794,112816,95448,73976,54571,43404,33616,25392,16735,8754,4365,1033,162,157
Curiúva (PR),1278,1398,1440,1329,1028,958,894,911,749,625,540,495,404,322,253,128,103,36,13,-,-
Diamante do Norte (PR),527,550,605,634,510,483,471,460,390,300,319,233,253,158,89,74,32,4,7,-,-
Diamante do Sul (PR),433,456,453,382,296,265,234,238,160,146,127,145,135,71,43,26,27,22,-,-,-
Diamante D'Oeste (PR),451,525,522,546,430,341,369,330,277,239,185,232,151,109,82,40,9,32,-,8,-
Dois Vizinhos (PR),3003,3316,3277,3156,2769,2659,2766,2502,2089,1692,1316,969,873,597,537,241,156,15,38,16,-
Douradina (PR),505,507,614,628,526,491,482,439,422,315,277,221,267,165,148,81,44,21,-,-,7
Doutor Camargo (PR),411,476,478,470,406,415,518,496,396,332,311,271,309,138,143,101,82,15,3,5,-
Enéas Marques (PR),536,612,660,727,484,423,465,510,442,356,270,269,217,167,106,80,17,33,8,-,-
Engenheiro Beltrão (PR),1274,1339,1333,1342,1153,1145,1166,1109,895,782,616,531,444,366,243,148,125,58,14,-,-
Esperança Nova (PR),151,173,206,218,193,196,173,162,133,137,117,125,123,63,50,34,33,15,5,-,-
Entre Rios do Oeste (PR),252,282,287,361,287,377,206,272,216,198,173,146,140,57,33,20,17,4,-,-,-
Espigão Alto do Iguaçu (PR),578,593,626,586,409,358,352,352,318,263,214,262,153,146,69,59,32,7,12,-,-
Farol (PR),368,426,421,411,330,309,307,286,265,197,163,135,114,99,36,40,24,25,7,-,-
Faxinal (PR),1426,1628,1609,1490,1238,1169,1224,1123,912,800,702,617,489,473,371,221,58,50,-,-,8
Fazenda Rio Grande (PR),7884,7248,6528,6164,6118,5836,5601,4839,3785,2883,2012,1310,970,735,545,257,76,61,11,-,14
Fênix (PR),415,550,480,482,381,376,402,341,288,252,214,200,179,145,120,82,23,-,-,12,-
Fernandes Pinheiro (PR),738,740,682,664,542,515,490,425,344,308,268,165,148,146,107,43,30,13,-,-,-
Figueira (PR),853,961,976,878,720,741,662,621,531,512,432,312,344,198,141,119,27,5,5,-,-
Floraí (PR),335,452,442,454,431,367,401,430,350,341,286,284,233,155,127,123,37,26,11,-,-
Flor da Serra do Sul (PR),516,589,594,508,350,405,393,397,307,295,231,151,105,81,56,45,30,5,-,-,-
Floresta (PR),391,450,486,485,432,409,415,364,409,308,234,189,188,132,95,74,19,21,10,9,-
Florestópolis (PR),1096,1189,1284,1271,1101,978,1027,913,760,608,503,393,386,260,180,141,62,35,4,-,-
Flórida (PR),198,207,174,215,233,188,228,209,164,115,124,125,69,93,44,17,19,6,6,-,-
Formosa do Oeste (PR),600,728,796,793,658,616,714,730,606,544,477,374,403,271,201,108,75,39,21,-,-
Foz do Iguaçu (PR),27930,28686,27958,26698,25201,23972,22608,20055,16369,12291,8836,5975,4595,3102,2265,1043,596,230,43,42,48
Francisco Alves (PR),560,695,689,666,457,461,547,494,417,386,404,287,291,216,167,111,55,36,7,4,5
Francisco Beltrão (PR),6119,6660,6949,6718,5615,5176,5581,5437,4632,3774,3039,2205,1772,1305,882,700,347,152,60,-,9
Foz do Jordão (PR),810,840,728,650,573,541,442,405,306,282,231,179,142,102,71,56,13,4,3,-,-
General Carneiro (PR),1858,1686,1535,1378,1279,1188,1008,928,727,570,459,423,300,246,178,55,60,18,3,-,-
Godoy Moreira (PR),302,380,375,383,299,272,298,288,274,174,207,156,164,102,77,38,34,10,-,-,4
Goioerê (PR),2530,2774,2985,3071,2500,2305,2350,2372,1918,1600,1240,1184,905,835,618,319,133,74,37,-,-
Goioxim (PR),1010,1024,990,972,730,580,541,494,413,365,296,259,138,141,80,50,24,4,-,6,-
Grandes Rios (PR),763,795,918,848,657,573,577,561,450,398,311,322,239,194,93,93,52,19,6,-,-
Guaíra (PR),2511,2728,3046,2939,2503,2272,2268,2078,1755,1547,1364,997,884,651,437,341,161,112,34,30,-
Guairaçá (PR),528,571,611,622,511,435,451,468,389,303,192,263,203,141,113,68,16,4,8,-,-
Guamiranga (PR),781,773,796,669,547,557,571,534,468,366,261,194,222,191,132,55,30,4,-,-,-
Guapirama (PR),363,409,483,429,324,280,344,310,245,210,186,116,120,87,75,53,20,7,6,-,-
Guaporema (PR),208,246,210,227,149,155,177,184,133,73,74,89,69,81,75,41,22,18,12,-,-
Guaraci (PR),405,450,476,461,375,379,391,347,286,264,247,237,225,126,82,74,76,18,-,-,-
Guaraniaçu (PR),1623,1926,1797,1874,1405,1255,1270,1117,998,914,790,709,474,488,372,129,22,29,8,-,-
Guarapuava (PR),16855,16490,15688,15384,14435,12716,12586,11856,9783,7795,6407,4521,3593,3023,2077,1098,549,232,41,19,13
Guaraqueçaba (PR),942,974,953,909,744,606,549,438,456,358,347,260,280,132,140,121,64,3,7,5,-
Guaratuba (PR),2900,3109,2941,2718,2405,2197,2039,1949,1620,1380,1014,1002,679,577,313,266,110,38,-,-,-
Honório Serpa (PR),784,882,839,775,633,525,468,459,367,326,262,185,181,88,58,40,11,4,-,-,9
Ibaiti (PR),2468,2664,2696,2627,2228,1920,1917,1940,1604,1395,1116,1092,786,784,540,276,223,163,9,-,-
Ibema (PR),657,732,640,591,519,488,468,365,314,247,193,227,194,73,86,40,25,14,-,-,-
Ibiporã (PR),3771,3764,3983,4112,3880,3343,3345,3223,2824,2494,1952,1419,1189,1089,716,506,278,203,55,8,-
Icaraíma (PR),892,944,992,932,789,782,768,682,638,527,508,422,378,288,256,142,58,27,9,-,13
Iguaraçu (PR),277,351,385,340,307,288,294,260,206,216,169,136,138,99,66,34,5,14,13,-,-
Iguatu (PR),194,208,226,237,182,167,182,171,139,95,108,103,79,84,46,10,9,11,-,5,-
Imbaú (PR),1085,1018,967,909,848,794,649,603,521,451,407,319,291,225,180,85,74,25,10,12,-
Imbituva (PR),2618,2620,2352,2397,2278,2176,2055,1737,1519,1170,1086,634,631,449,323,245,98,71,24,-,13
Inácio Martins (PR),1433,1373,1127,1078,1003,935,782,666,585,487,332,380,290,196,106,102,55,12,-,-,21
Inajá (PR),290,276,279,275,259,275,236,175,179,152,113,137,95,85,36,31,13,3,-,7,-
Indianópolis (PR),300,357,414,335,332,306,330,339,268,278,240,164,158,161,130,64,26,10,-,-,-
Ipiranga (PR),1467,1486,1462,1390,1228,1055,975,917,733,621,498,431,350,256,200,117,80,36,5,-,-
Iporã (PR),1306,1558,1617,1541,1340,1166,1192,1186,1084,898,738,652,791,400,491,258,102,77,45,3,-
Iracema do Oeste (PR),235,257,285,280,242,204,275,247,179,124,135,127,108,114,76,36,21,6,-,-,-
Irati (PR),4763,5047,5120,5003,4538,4184,4248,3949,3414,2946,2297,1898,1697,1170,985,617,287,159,22,8,-
Iretama (PR),1080,1111,1235,1274,924,840,790,765,602,576,493,423,414,305,248,156,67,11,15,5,-
Itaguajé (PR),439,473,531,523,374,353,320,335,329,218,149,219,133,165,100,62,17,17,-,11,3
Itaipulândia (PR),654,691,704,761,649,638,567,502,424,327,262,184,146,137,131,37,10,6,6,-,-
Itambaracá (PR),641,676,713,718,607,524,538,495,431,413,311,295,211,199,135,131,37,15,-,-,-
Itambé (PR),455,542,517,578,529,472,491,445,380,367,305,207,179,192,141,76,41,23,16,-,-
Itapejara d'Oeste (PR),754,881,901,885,686,626,672,750,601,571,444,397,358,241,155,123,64,42,5,-,6
Itaperuçu (PR),2455,2347,2074,2070,2069,1812,1549,1217,918,747,625,493,320,250,127,151,103,-,16,-,-
Itaúna do Sul (PR),420,465,510,449,329,323,311,294,243,220,162,189,205,80,105,54,38,39,11,-,-
Ivaí (PR),1300,1248,1305,1259,1090,939,813,763,659,543,439,447,397,221,204,163,71,34,4,-,-
Ivaiporã (PR),2537,3055,3144,3206,2535,2357,2465,2383,2194,1796,1479,1365,1182,967,612,490,345,95,42,21,-
Ivaté (PR),579,655,693,680,611,551,564,514,423,352,270,256,286,190,167,85,24,13,4,3,4
Ivatuba (PR),185,222,271,447,242,171,216,190,160,167,104,110,128,59,85,21,10,5,-,-,4
Jaboti (PR),425,407,460,446,422,360,346,345,300,216,203,179,145,139,101,38,28,30,-,-,-
Jacarezinho (PR),3490,3813,4042,3937,3524,3134,2983,2958,2537,2160,1776,1450,1143,946,777,450,310,146,36,12,-
Jaguapitã (PR),893,996,1078,1084,913,852,919,812,712,597,485,382,332,338,283,117,94,33,9,4,-
Jaguariaíva (PR),3157,3281,3265,3240,2837,2494,2355,2271,1981,1569,1112,987,747,603,467,246,101,29,9,29,-
Jandaia do Sul (PR),1522,1730,1790,1853,1581,1490,1598,1569,1362,1094,1003,806,709,613,459,289,153,46,9,-,-
Janiópolis (PR),647,820,861,794,563,612,626,614,515,458,359,346,290,209,186,87,63,22,9,3,-
Japira (PR),420,457,525,521,390,360,359,345,330,250,224,215,149,144,113,59,32,8,-,-,-
Japurá (PR),564,622,715,699,626,564,651,651,543,481,409,303,290,250,179,129,46,33,-,-,-
Jardim Alegre (PR),1047,1441,1458,1432,1080,940,960,924,897,769,675,596,526,339,265,183,96,31,9,4,-
Jardim Olinda (PR),153,166,178,135,110,133,143,113,84,58,42,62,24,50,53,3,12,4,-,-,-
Jataizinho (PR),1156,1190,1101,1107,1015,908,891,756,702,590,439,438,346,232,219,123,66,26,21,-,-
Jesuítas (PR),703,814,827,911,745,748,830,766,625,549,551,471,500,302,227,162,66,26,5,-,4
Joaquim Távora (PR),768,828,966,949,796,650,678,718,626,542,530,398,393,275,266,139,82,43,10,5,-
Jundiaí do Sul (PR),337,352,371,329,306,249,285,249,243,198,172,167,113,116,59,86,6,17,-,4,-
Juranda (PR),745,830,830,808,729,638,754,635,497,404,331,268,238,189,99,76,53,10,-,-,-
Jussara (PR),541,626,606,570,552,518,555,497,394,306,306,206,191,170,109,87,38,27,-,-,-
Kaloré (PR),339,451,477,439,362,360,388,388,338,293,261,232,233,190,128,83,57,12,13,-,-
Lapa (PR),4028,4034,4250,4373,3812,3412,3325,3059,2671,2195,1834,1286,1173,900,661,383,245,189,10,-,-
Laranjal (PR),914,1033,938,792,639,466,451,448,354,355,211,230,176,94,54,17,-,8,-,3,7
Laranjeiras do Sul (PR),3130,3348,3196,3008,2477,2312,2305,2165,1834,1539,1196,965,827,682,388,356,167,75,40,-,14
Leópolis (PR),399,404,455,454,378,316,325,306,291,292,266,104,114,121,113,56,17,13,9,7,-
Lidianópolis (PR),324,436,487,480,366,346,420,350,317,262,252,209,180,141,107,50,48,3,5,-,-
Lindoeste (PR),582,748,719,678,518,439,432,401,350,324,289,224,191,137,97,70,-,13,6,6,-
Loanda (PR),1653,1774,1934,1955,1632,1595,1612,1462,1257,993,866,717,594,560,285,220,243,126,40,30,-
Lobato (PR),339,356,389,413,359,340,418,301,294,210,145,139,131,88,83,32,20,8,-,-,-
Londrina (PR),37346,38661,40260,43290,41808,36065,36646,35509,30947,26825,21244,16889,14104,10351,7873,4785,2655,1326,385,49,46
Luiziana (PR),728,819,885,841,626,600,583,524,422,370,227,319,189,183,95,67,39,21,-,-,2
Lunardelli (PR),471,505,577,583,448,396,427,415,401,285,223,313,166,217,83,81,58,19,-,-,-
Lupionópolis (PR),368,384,381,354,358,325,370,345,234,231,245,155,187,122,123,66,46,23,6,-,-
Mallet (PR),1084,1278,1241,1264,1049,905,903,947,862,677,518,475,356,394,298,178,119,43,5,5,-
Mamborê (PR),1399,1430,1513,1541,1297,1186,1271,1198,1005,784,661,525,438,328,289,138,94,37,11,-,10
Mandaguaçu (PR),1436,1629,1659,1576,1468,1419,1401,1373,1109,890,795,506,521,394,340,145,77,41,38,12,-
Mandaguari (PR),2582,2726,2941,2877,2696,2576,2621,2481,2164,1796,1545,1156,995,891,675,382,205,60,10,7,8
Mandirituba (PR),1907,1869,1781,1744,1563,1434,1395,1215,1032,840,726,555,495,395,329,129,74,49,9,-,-
Manfrinópolis (PR),390,465,482,435,264,231,174,264,197,227,154,145,165,135,29,30,-,15,-,-,-
Mangueirinha (PR),2129,2124,2023,1952,1603,1385,1271,1207,942,838,633,540,427,240,176,189,44,27,9,-,-
Manoel Ribas (PR),1264,1386,1414,1401,1084,971,1012,912,842,647,588,416,353,285,291,108,60,27,-,5,-
Marechal Cândido Rondon (PR),3244,3739,3852,3969,3551,3314,3419,3352,2676,2346,2012,1556,1301,1077,692,528,261,93,25,-,-
Maria Helena (PR),513,620,625,548,516,478,535,459,401,332,280,246,260,216,201,79,54,14,8,-,-
Marialva (PR),2288,2427,2771,2853,2584,2418,2372,2142,1944,1724,1473,1063,765,726,509,327,236,60,18,2,-
Marilândia do Sul (PR),834,860,871,919,808,709,769,640,595,457,365,327,319,240,100,146,72,36,-,-,4
Marilena (PR),617,732,662,691,555,547,512,485,402,336,318,249,230,156,109,76,50,10,11,7,-
Mariluz (PR),969,1095,1138,1017,849,797,836,720,487,454,423,417,405,276,188,134,50,23,10,4,4
Maringá (PR),21323,23618,25820,27632,26513,24083,25215,24042,21133,17967,14002,11429,8714,6395,4931,3252,1472,775,256,54,26
Mariópolis (PR),495,607,600,581,475,434,456,443,423,342,381,204,217,120,114,47,63,8,-,-,7
Maripá (PR),448,468,568,541,457,487,475,480,388,310,309,284,186,204,150,49,38,31,7,8,-
Marmeleiro (PR),1285,1434,1519,1347,1025,955,1018,997,899,785,660,515,459,321,207,160,57,17,-,5,-
Marquinho (PR),672,684,700,671,474,396,367,343,309,275,217,201,122,96,39,46,35,9,-,-,4
Marumbi (PR),379,469,467,404,402,318,333,368,319,230,204,187,161,147,121,75,15,13,-,-,-
Matelândia (PR),1273,1392,1445,1500,1269,1222,1115,1056,897,792,573,576,450,296,248,127,67,25,16,5,-
Matinhos (PR),2521,2612,2470,2394,2082,1924,2002,1833,1572,1312,980,809,649,409,289,167,126,19,-,14,-
Mato Rico (PR),413,506,589,470,328,350,291,323,288,219,184,155,107,122,71,45,27,8,-,-,-
Mauá da Serra (PR),731,717,742,716,606,571,537,437,329,279,211,194,162,92,73,54,20,-,-,-,-
Medianeira (PR),3330,3658,3813,3808,3429,3251,3289,3162,2453,2090,1503,1235,963,765,483,391,120,74,10,-,-
Mercedes (PR),383,411,408,415,362,388,419,359,289,250,179,237,193,132,91,48,24,19,-,-,-
Mirador (PR),207,308,279,229,202,187,214,172,141,117,98,93,93,55,44,22,27,5,6,-,-
Miraselva (PR),147,171,192,197,161,156,152,117,140,111,114,74,72,45,50,28,33,-,-,-,-
Missal (PR),815,940,1032,1026,856,800,882,761,655,594,587,512,399,223,124,88,92,42,-,5,-
Moreira Sales (PR),1169,1245,1380,1286,978,924,1016,1062,884,737,535,531,455,506,380,172,104,31,-,-,-
Morretes (PR),1533,1585,1528,1466,1337,1219,1075,997,916,783,709,541,536,381,286,221,87,45,21,10,-
Munhoz de Melo (PR),287,335,335,286,223,251,293,272,187,178,205,136,167,80,101,35,22,3,5,-,-
Nossa Senhora das Graças (PR),351,391,375,345,301,292,324,336,248,189,121,151,97,125,77,73,18,7,12,-,-
Nova Aliança do Ivaí (PR),134,159,134,115,113,109,125,102,76,56,54,39,32,19,9,31,31,-,-,-,-
Nova América da Colina (PR),320,343,393,380,333,279,269,259,204,200,145,131,131,58,62,22,49,2,4,2,-
Nova Aurora (PR),1067,1348,1329,1302,1116,1079,1217,1059,868,755,626,549,529,299,241,156,69,6,25,-,-
Nova Cantu (PR),929,1257,1106,1031,748,771,758,743,575,470,410,283,253,238,187,99,38,18,-,-,-
Nova Esperança (PR),2173,2335,2380,2413,2167,2045,2176,2000,1663,1488,1075,1051,726,818,536,336,232,106,10,-,-
Nova Esperança do Sudoeste (PR),521,567,571,535,398,361,400,382,347,275,240,177,186,133,56,44,15,38,7,4,-
Nova Fátima (PR),765,820,796,811,764,613,591,614,507,449,425,266,257,247,126,117,94,33,10,-,-
Nova Laranjeiras (PR),1306,1518,1366,1256,968,669,775,792,717,669,407,390,403,291,186,94,26,15,-,-,-
Nova Londrina (PR),1218,1313,1300,1367,1173,1053,1049,1016,799,615,521,510,390,350,247,114,77,35,8,10,4
Nova Olímpia (PR),403,474,462,441,433,427,433,365,312,291,264,245,221,203,145,118,23,17,3,-,-
Nova Santa Bárbara (PR),350,396,367,342,246,274,286,247,191,184,138,183,146,99,47,24,73,13,-,5,-
Nova Santa Rosa (PR),517,664,684,639,535,547,572,557,472,399,380,280,317,218,172,97,51,25,-,-,-
Nova Prata do Iguaçu (PR),940,1030,1110,1105,834,812,775,796,619,511,488,443,314,239,191,108,55,11,16,-,-
Nova Tebas (PR),880,1045,1147,1137,792,663,587,611,485,488,350,381,284,273,175,78,51,35,8,7,-
Novo Itacolomi (PR),226,250,271,278,220,209,221,247,197,147,160,94,82,123,79,45,16,-,-,-,-
Ortigueira (PR),2653,2732,2744,2758,2292,1880,1728,1585,1342,1207,1036,988,799,597,418,205,150,89,-,14,-
Ourizona (PR),221,289,337,346,267,222,269,281,216,201,197,119,136,127,67,56,31,5,9,-,-
Ouro Verde do Oeste (PR),464,572,593,530,465,442,417,391,357,285,213,228,189,145,77,72,17,11,5,-,-
Paiçandu (PR),2941,3066,3017,2964,2832,2781,2700,2391,1916,1601,1367,910,784,596,462,271,94,28,23,12,7
Palmas (PR),4367,4164,3797,3501,3239,2966,2617,2330,1923,1559,1253,860,738,581,428,261,127,79,30,-,-
Palmeira (PR),3012,3177,3160,3109,2679,2451,2494,2347,1939,1532,1407,831,902,659,512,326,183,101,26,-,-
Palmital (PR),1896,2059,2039,1893,1455,1643,1077,877,875,766,613,581,448,292,228,113,103,-,-,-,-
Palotina (PR),2108,2451,2468,2506,2274,2117,2177,2099,1649,1514,1203,1037,749,553,477,155,128,79,18,-,9
Paraíso do Norte (PR),835,926,957,902,804,802,828,708,596,491,440,345,367,264,193,170,69,38,-,-,4
Paranacity (PR),837,916,956,907,755,741,788,736,559,395,318,301,338,203,160,80,60,33,23,-,3
Paranaguá (PR),13733,13369,12928,12711,11671,10884,10463,9663,7637,6350,4903,3926,3398,2244,1542,1067,432,265,90,20,43
Paranapoema (PR),211,273,250,266,213,189,200,187,145,97,73,80,74,41,18,48,14,6,8,-,-
Paranavaí (PR),6221,6762,7122,7353,6499,5908,6257,6027,5066,4110,3532,2925,2663,1957,1633,865,465,265,91,18,12
Pato Bragado (PR),291,351,401,419,337,329,325,304,271,215,206,172,159,113,109,56,34,-,-,-,-
Pato Branco (PR),5750,5953,6134,6267,5409,5032,5275,5066,4527,3569,2837,1872,1704,980,880,404,389,134,44,8,-
Paula Freitas (PR),435,509,511,516,417,377,407,380,295,255,219,197,176,141,65,95,45,20,-,-,-
Paulo Frontin (PR),560,669,648,619,534,486,510,455,428,389,307,277,183,183,186,90,21,14,-,-,7
Peabiru (PR),1252,1373,1345,1353,1057,1017,1007,999,890,703,545,557,436,385,274,173,74,24,17,-,5
Perobal (PR),419,461,523,503,413,457,436,408,334,264,236,231,181,181,120,57,30,33,3,-,-
Pérola (PR),619,742,865,926,753,643,648,668,649,513,482,449,438,317,296,176,49,34,3,11,-
Pérola d'Oeste (PR),635,709,770,769,490,434,572,577,517,445,359,309,247,187,179,81,43,22,2,7,-
Piên (PR),1016,1003,1078,1080,969,861,788,677,632,507,356,315,178,194,134,42,83,22,-,-,-
Pinhais (PR),10310,9882,9839,10444,10694,9826,9035,7861,6541,5518,4285,2741,2026,1668,1089,640,375,129,74,-,7
Pinhalão (PR),514,571,698,685,542,439,435,449,396,335,298,189,198,175,132,88,28,27,10,4,5
Pinhal de São Bento (PR),249,288,311,283,160,159,173,199,175,133,125,86,75,52,45,30,9,6,3,-,-
Pinhão (PR),3769,3473,3173,2918,2534,2195,2066,1882,1554,1377,973,775,629,480,261,178,82,36,25,22,6
Piraí do Sul (PR),2158,2192,2218,2184,1888,1753,1579,1502,1265,1079,828,854,696,518,514,232,88,71,12,15,-
Piraquara (PR),8815,8196,7293,6974,7244,7311,6669,5427,4224,3125,2374,1750,1197,944,712,304,225,44,38,-,20
Pitanga (PR),3651,4021,4019,3915,3009,2757,2659,2562,2094,1685,1547,1156,1020,827,496,324,117,129,-,-,-
Pitangueiras (PR),216,230,242,219,203,203,210,183,151,119,102,109,70,90,21,23,12,8,7,-,-
Planaltina do Paraná (PR),332,405,446,377,301,306,330,286,238,196,168,134,163,137,79,48,32,6,9,-,-
Planalto (PR),1128,1366,1398,1386,1071,1034,1076,1139,899,781,704,613,549,403,312,154,53,46,5,5,-
Ponta Grossa (PR),27080,26791,26272,26814,25712,22598,21147,20521,17856,14814,11877,9249,7253,6097,4268,2840,1450,713,192,56,17
Pontal do Paraná (PR),1430,1503,1415,1356,1185,1122,1111,1121,980,784,638,519,428,356,242,96,22,15,-,-,-
Porecatu (PR),1301,1482,1542,1567,1456,1337,1269,1099,957,842,781,686,496,466,215,236,97,23,21,9,-
Porto Amazonas (PR),417,430,451,477,362,301,314,337,243,211,192,131,87,93,62,67,48,8,-,-,5
Porto Barreiro (PR),439,495,462,464,351,298,290,283,289,201,213,135,115,53,38,49,17,8,6,-,-
Porto Rico (PR),199,269,283,235,202,154,229,191,158,108,153,99,114,72,28,35,10,11,-,-,-
Porto Vitória (PR),409,470,448,396,357,315,309,283,222,197,156,143,160,71,37,37,29,5,7,-,-
Prado Ferreira (PR),270,283,323,287,293,244,299,246,186,167,143,151,106,72,51,16,10,2,-,-,4
Pranchita (PR),531,574,670,623,498,480,495,466,420,334,363,199,218,147,98,65,55,24,-,-,-
Presidente Castelo Branco (PR),403,430,426,391,418,382,360,333,248,220,211,120,131,86,55,52,35,5,-,-,-
Primeiro de Maio (PR),827,959,1042,1065,781,793,850,819,746,644,515,418,391,339,289,126,74,40,4,5,-
Prudentópolis (PR),4503,4598,4769,4926,4092,3553,3358,3251,2813,2445,2153,1652,1293,1234,794,495,209,208,-,-,-
Quarto Centenário (PR),446,547,618,538,430,432,488,423,316,223,167,186,163,146,102,60,21,10,12,5,-
Quatiguá (PR),498,583,617,622,569,553,539,559,499,364,395,211,254,144,157,113,46,14,5,-,-
Quatro Barras (PR),1706,1681,1670,1649,1566,1450,1424,1297,956,762,583,468,301,309,215,31,52,35,5,-,-
Quatro Pontes (PR),280,295,358,325,238,283,307,310,258,197,203,123,167,109,76,51,41,16,9,-,-
Quedas do Iguaçu (PR),3076,3099,3072,2847,2404,2181,2004,1875,1625,1331,1085,863,582,564,344,228,131,15,18,13,7
Querência do Norte (PR),1134,1275,1284,1217,936,920,884,854,631,527,417,426,282,292,177,95,63,14,10,-,-
Quinta do Sol (PR),545,637,593,566,470,425,470,415,306,302,248,209,186,156,88,71,32,15,14,10,-
Quitandinha (PR),1428,1623,1616,1635,1331,1126,1150,1002,906,741,695,576,523,378,289,124,73,44,7,5,-
Ramilândia (PR),394,447,468,432,311,254,268,257,179,192,194,129,92,96,73,48,25,8,-,-,-
Rancho Alegre (PR),351,375,407,399,328,283,349,324,252,247,213,186,150,142,101,45,32,13,-,-,-
Rancho Alegre D'Oeste (PR),269,317,328,301,269,274,263,233,189,111,104,127,147,76,62,19,16,9,4,-,-
Realeza (PR),1343,1572,1617,1646,1311,1146,1226,1261,1064,888,742,657,576,341,222,144,145,80,28,13,-
Rebouças (PR),1345,1405,1449,1431,998,1047,1084,980,854,686,612,500,344,391,234,164,74,55,-,-,10
Renascença (PR),659,768,731,703,518,509,540,540,460,394,212,315,235,153,109,79,17,10,7,-,-
Reserva (PR),2863,2525,2666,2623,2104,1901,1595,1498,1258,1060,1164,696,648,570,375,251,100,73,-,-,7
Reserva do Iguaçu (PR),915,909,716,685,593,561,504,450,372,299,236,119,105,97,67,33,4,4,9,-,-
Ribeirão Claro (PR),886,986,1017,1075,914,778,831,736,711,601,485,469,415,323,294,191,97,63,22,5,5
Ribeirão do Pinhal (PR),1448,1464,1511,1408,1181,988,993,1058,841,727,574,545,550,393,308,164,111,50,21,-,6
Rio Azul (PR),1302,1384,1399,1272,1079,964,1023,878,785,658,525,518,368,294,297,140,90,36,-,6,6
Rio Bom (PR),279,320,385,341,226,238,257,279,261,200,162,192,164,144,65,39,33,26,-,-,-
Rio Bonito do Iguaçu (PR),1835,1793,1624,1486,1200,1050,1032,932,680,631,473,368,284,149,123,75,30,17,2,-,6
Rio Branco do Ivaí (PR),429,449,489,418,302,282,243,250,177,188,121,112,127,108,68,41,9,-,3,-,-
Rio Branco do Sul (PR),3395,3270,3158,3240,2866,2481,2212,1923,1572,1394,1097,777,591,609,359,244,108,30,-,-,15
Rio Negro (PR),2750,2789,2894,2980,2741,2450,2112,2103,1789,1496,1197,942,762,630,527,280,113,123,9,10,14
Rolândia (PR),4054,4323,4602,4617,4498,4129,4278,3684,3314,2822,2266,2041,1564,1350,868,494,219,205,53,30,-
Roncador (PR),1228,1332,1527,1452,1166,1100,913,974,827,746,546,537,403,354,254,145,84,29,12,4,-
Rondon (PR),764,823,802,789,760,690,728,662,510,438,336,361,296,178,180,110,44,28,17,11,-
Rosário do Ivaí (PR),578,714,709,702,493,441,450,462,355,308,332,259,255,232,160,82,29,16,9,-,-
Sabáudia (PR),413,523,503,521,470,453,439,428,339,328,248,210,160,167,97,36,63,11,4,-,-
Salgado Filho (PR),569,617,618,581,409,397,376,336,305,275,205,189,180,110,97,45,21,8,-,-,-
Salto do Itararé (PR),454,515,539,568,391,388,363,410,399,343,227,270,225,191,140,44,20,38,24,-,-
Salto do Lontra (PR),1133,1354,1410,1349,999,889,895,921,820,686,638,448,423,342,225,97,89,25,6,7,-
Santa Amélia (PR),447,416,459,472,373,282,311,342,276,245,185,161,122,117,116,44,21,15,4,-,-
Santa Cecília do Pavão (PR),367,419,388,384,259,229,322,337,230,208,189,186,185,148,101,50,44,14,3,-,-
Santa Cruz de Monte Castelo (PR),694,838,897,862,712,624,670,605,573,406,359,366,283,248,218,108,65,41,9,-,-
Santa Fé (PR),702,744,813,810,771,659,748,734,593,520,365,378,323,267,222,132,53,25,10,-,-
Santa Helena (PR),1687,2059,1952,2129,1807,1645,1627,1541,1259,1142,957,926,637,418,288,212,126,65,-,-,14
Santa Inês (PR),177,193,216,205,164,174,160,173,131,103,89,97,66,66,38,25,12,10,-,-,-
Santa Isabel do Ivaí (PR),686,772,878,874,722,648,705,776,585,477,403,429,361,333,312,106,50,30,7,-,-
Santa Izabel do Oeste (PR),1096,1287,1274,1161,808,805,856,884,723,581,567,468,421,317,190,130,111,21,5,-,7
Santa Lúcia (PR),347,369,428,399,325,232,350,283,262,189,191,241,226,127,79,50,9,15,3,3,-
Santa Maria do Oeste (PR),1557,1655,1599,1541,1235,993,833,828,724,668,526,433,371,285,209,92,64,9,10,8,-
Santa Mariana (PR),1097,1275,1223,1273,1057,963,999,985,850,747,746,537,556,382,399,218,119,36,4,5,-
Santa Mônica (PR),316,302,354,321,280,236,228,244,166,143,122,114,118,88,97,36,12,8,4,-,-
Santana do Itararé (PR),541,544,527,585,456,385,424,428,358,301,268,200,176,193,104,82,27,24,10,5,-
Santa Tereza do Oeste (PR),991,1271,1154,1021,952,1019,899,801,598,531,430,319,300,200,181,34,34,8,4,7,-
Santa Terezinha de Itaipu (PR),1729,2053,2010,1943,1691,1579,1647,1358,1170,889,689,463,401,302,215,137,91,-,-,-,-
Santo Antônio da Platina (PR),3581,3684,3942,3979,3485,2984,3058,3008,2609,2278,1791,1456,1157,1125,765,508,346,118,61,9,-
Santo Antônio do Caiuá (PR),264,293,272,238,245,213,256,211,164,149,119,117,94,111,65,31,9,14,8,-,5
Santo Antônio do Paraíso (PR),259,280,305,258,235,236,216,210,202,135,129,98,66,66,37,56,2,-,-,-,-
Santo Antônio do Sudoeste (PR),1931,1894,1944,1841,1340,1141,1304,1345,1122,891,785,628,594,458,361,72,157,39,11,12,-
Santo Inácio (PR),433,490,533,513,416,394,400,414,331,278,194,220,177,134,111,89,36,20,4,-,-
São Carlos do Ivaí (PR),519,620,581,576,502,488,486,453,364,282,247,203,193,147,92,116,22,8,5,-,-
São Jerônimo da Serra (PR),1256,1297,1292,1167,952,823,784,768,656,570,574,397,411,323,254,108,91,21,6,-,-
São João (PR),888,1131,1218,1083,755,730,813,853,790,736,550,457,388,325,269,100,66,38,17,-,-
São João do Caiuá (PR),579,597,579,602,560,469,451,445,371,292,229,281,242,133,119,86,38,10,8,-,-
São João do Ivaí (PR),1047,1211,1308,1304,1051,953,1045,971,835,765,758,431,400,473,284,161,97,62,6,29,5
São João do Triunfo (PR),1341,1425,1421,1302,1059,961,908,832,729,584,444,456,328,331,214,93,24,13,4,5,5
São Jorge d'Oeste (PR),757,959,951,889,728,657,685,747,601,526,401,389,404,194,200,119,68,23,4,6,-
São Jorge do Ivaí (PR),405,487,483,506,400,426,521,472,380,324,314,233,190,191,123,92,32,5,6,-,-
São Jorge do Patrocínio (PR),482,614,640,629,522,479,530,511,446,383,355,275,278,173,173,61,40,8,4,-,-
São José da Boa Vista (PR),682,683,704,721,528,455,516,486,408,369,344,265,275,190,119,152,54,27,-,-,-
São José das Palmeiras (PR),317,448,488,487,316,264,295,256,229,212,220,183,137,89,93,46,9,12,-,-,-
São José dos Pinhais (PR),21463,20820,19833,20255,20372,19173,17948,16194,13199,10488,7873,5368,4130,2837,2239,1233,599,222,19,10,42
São Manoel do Paraná (PR),162,178,228,191,164,145,182,168,138,110,112,75,50,94,34,32,5,4,-,-,-
São Mateus do Sul (PR),3643,3826,3694,3705,3311,3069,2927,2747,2280,1823,1420,1188,1088,746,527,262,179,103,31,-,-
São Miguel do Iguaçu (PR),2193,2618,2541,2649,2188,1974,1927,1951,1606,1209,1108,619,719,360,459,214,49,27,21,-,-
São Pedro do Iguaçu (PR),629,746,782,771,624,497,542,481,437,392,416,289,224,187,118,101,26,10,5,-,-
São Pedro do Ivaí (PR),820,890,983,955,830,743,731,722,579,505,431,371,322,178,176,152,60,25,-,-,-
São Pedro do Paraná (PR),228,255,272,267,267,221,238,196,184,138,138,101,93,73,41,19,5,3,-,-,-
São Sebastião da Amoreira (PR),863,890,989,830,695,614,685,578,499,410,403,269,242,241,171,89,62,18,-,-,-
São Tomé (PR),423,476,522,463,450,384,428,381,326,273,245,176,171,105,100,56,48,13,-,5,-
Sapopema (PR),738,717,789,722,605,483,430,437,357,349,320,215,244,181,133,77,46,21,3,4,-
Sarandi (PR),7084,7110,6930,6909,6682,6562,6351,5368,4480,3794,3078,2174,1672,1233,809,630,327,130,75,-,23
Saudade do Iguaçu (PR),479,530,520,514,404,303,310,302,279,246,186,187,110,102,49,67,8,-,4,8,-
Sengés (PR),2089,2045,1953,1896,1567,1463,1338,1174,1006,794,688,432,416,376,232,209,81,20,-,-,-
Serranópolis do Iguaçu (PR),347,397,396,478,388,374,399,369,307,298,267,242,160,142,74,46,41,10,6,-,-
Sertaneja (PR),516,551,651,633,553,460,488,498,445,386,295,274,244,185,115,125,37,58,6,-,-
Sertanópolis (PR),1257,1395,1374,1450,1321,1170,1237,1175,1018,877,673,596,530,398,302,183,126,56,9,-,-
Siqueira Campos (PR),1438,1410,1459,1521,1414,1186,1208,1145,1124,904,667,721,591,466,301,247,122,66,10,-,-
Sulina (PR),311,365,441,376,285,265,281,294,275,220,163,215,174,87,82,22,49,9,-,4,-
Tamarana (PR),1066,1058,1081,1028,864,770,704,621,545,430,351,344,342,147,148,105,46,44,11,9,-
Tamboara (PR),310,367,416,392,326,307,352,348,288,236,207,165,139,157,109,104,13,9,9,-,-
Tapejara (PR),1235,1274,1250,1270,1211,1152,1141,942,821,608,531,432,404,344,213,144,92,39,10,-,7
Tapira (PR),472,585,599,587,454,386,452,478,420,319,303,306,285,242,198,103,50,20,15,8,-
Teixeira Soares (PR),894,976,836,871,648,654,662,562,494,318,340,275,244,198,148,47,22,2,-,-,-
Telêmaco Borba (PR),6235,5850,6034,6153,5562,4725,4740,4666,4060,3334,2887,1880,1813,1315,895,607,281,156,24,12,9
Terra Boa (PR),1213,1316,1423,1454,1185,1154,1208,1150,901,769,643,563,541,456,357,169,72,48,14,-,4
Terra Rica (PR),1124,1329,1308,1290,1194,1061,1095,1034,838,704,621,556,502,378,282,290,113,55,19,4,-
Terra Roxa (PR),1345,1521,1489,1520,1290,1325,1374,1234,1047,895,748,685,625,483,296,247,93,62,16,5,-
Tibagi (PR),2202,2092,2000,1818,1633,1435,1288,1278,1010,819,711,620,410,470,289,154,96,67,32,10,-
Tijucas do Sul (PR),1337,1340,1286,1198,1052,958,945,850,647,561,512,452,375,300,200,130,82,13,12,-,10
Toledo (PR),8823,9392,9743,9537,9021,8353,8585,8306,6636,5188,3778,3102,2390,2431,1461,781,326,306,34,8,-
Tomazina (PR),737,887,1095,1017,748,656,743,768,661,513,531,361,383,303,253,133,60,37,40,5,-
Três Barras do Paraná (PR),1149,1322,1321,1278,945,817,864,850,725,603,508,434,360,258,242,60,68,13,5,-,-
Tunas do Paraná (PR),485,436,383,374,276,234,197,199,213,171,121,147,148,108,54,38,16,-,-,-,11
Tuneiras do Oeste (PR),838,923,855,857,752,806,705,696,514,417,349,367,319,259,157,80,77,37,4,-,-
Tupãssi (PR),583,693,786,763,640,653,635,622,522,502,372,408,356,140,175,84,32,43,9,-,-
Turvo (PR),1653,1780,1629,1559,1249,1071,1087,973,804,666,568,480,333,262,177,134,80,18,6,-,-
Ubiratã (PR),1730,2116,2322,2198,1798,1677,1866,1822,1476,1203,941,919,901,551,471,369,86,73,62,13,-
Umuarama (PR),7265,7860,8474,9091,8484,7552,7537,6998,6253,5167,4318,3127,2877,2151,1675,1017,453,278,104,9,-
União da Vitória (PR),5006,4787,4654,4799,4352,3912,3784,3603,3020,2486,2026,1632,1535,1092,915,525,257,83,54,-,-
Uniflor (PR),192,224,245,246,237,153,210,163,126,126,120,107,77,67,38,13,-,14,3,-,-
Uraí (PR),929,1059,1118,1171,971,863,848,883,731,715,612,457,436,368,306,193,151,41,17,8,-
Wenceslau Braz (PR),1819,1908,1923,1992,1633,1378,1382,1404,1303,1083,1011,613,648,527,390,288,130,110,17,-,-
Ventania (PR),898,897,864,878,759,623,539,512,413,356,391,224,254,149,105,99,41,5,11,-,6
Vera Cruz do Oeste (PR),877,973,944,1010,674,737,722,673,615,535,417,451,324,254,201,106,78,43,11,-,5
Verê (PR),670,874,896,958,641,572,649,686,588,539,470,326,283,202,162,103,47,41,5,4,5
Alto Paraíso (PR),349,384,448,393,353,313,292,259,233,142,138,136,94,63,97,64,16,-,3,4,-
Doutor Ulysses (PR),745,794,766,631,516,445,411,313,294,258,185,191,187,107,51,70,23,11,-,-,5
Virmond (PR),388,424,417,387,423,301,272,294,225,239,169,138,138,118,66,25,13,17,-,-,-
Vitorino (PR),565,679,561,618,466,458,528,479,403,319,315,222,178,223,105,96,21,36,13,-,-
Xambrê (PR),482,552,676,585,464,451,502,456,407,344,337,312,295,229,193,101,59,40,14,-,-
Abdon Batista (SC),234,274,286,277,197,197,204,205,188,258,112,157,109,45,10,14,5,4,-,-,-
Abelardo Luz (SC),1990,1864,1782,1781,1385,1250,1266,1182,949,814,649,497,336,301,175,113,75,17,9,6,-
Agrolândia (SC),638,752,780,780,641,669,658,578,483,408,405,270,268,185,144,55,55,41,-,-,-
Agronômica (SC),352,414,443,385,304,334,336,418,265,231,197,182,130,95,87,47,29,2,-,-,6
Água Doce (SC),662,703,691,707,548,513,505,504,418,371,314,278,212,175,94,71,33,22,10,5,7
Águas de Chapecó (SC),467,560,630,614,406,365,407,445,430,338,289,234,175,171,114,44,74,13,6,-,-
Águas Frias (SC),202,270,292,213,161,192,190,201,169,160,124,124,103,61,36,16,4,7,-,-,-
Águas Mornas (SC),449,545,528,493,436,454,467,444,315,281,240,195,157,132,131,67,39,12,-,6,-
Alfredo Wagner (SC),815,1010,991,864,602,626,738,728,593,470,383,308,214,223,125,80,66,21,-,-,-
Alto Bela Vista (SC),134,188,211,232,129,132,141,165,148,135,118,131,66,107,71,37,6,8,-,-,-
Anchieta (SC),638,774,860,709,493,473,512,557,498,360,293,301,276,144,114,71,31,25,5,-,-
Angelina (SC),417,567,620,593,416,402,433,483,336,287,321,184,205,213,171,120,80,25,7,-,-
Anita Garibaldi (SC),853,1029,1122,1032,840,707,766,758,669,504,444,423,342,332,257,125,47,15,-,9,-
Anitápolis (SC),266,270,313,259,256,239,257,259,191,192,171,131,135,83,75,84,46,8,-,-,-
Antônio Carlos (SC),538,602,561,590,597,576,541,494,388,345,311,200,203,178,147,63,66,17,18,-,-
Apiúna (SC),829,831,825,877,738,761,622,656,541,457,336,321,237,167,158,67,61,36,-,-,-
Arabutã (SC),269,331,346,436,324,308,298,311,269,262,316,182,163,103,81,77,66,18,-,-,-
Araquari (SC),3048,2865,2569,2225,2236,2134,2004,1765,1306,948,729,518,283,542,218,95,137,15,-,-,8
Araranguá (SC),4835,5095,5570,5807,4599,4255,4488,4540,3815,3054,2532,1754,1518,1039,967,376,360,40,63,-,-
Armazém (SC),536,659,706,672,537,470,521,562,427,376,334,271,256,179,165,81,76,38,6,-,-
Arroio Trinta (SC),255,315,341,330,254,240,281,283,279,248,235,171,115,76,31,15,17,-,-,-,3
Arvoredo (SC),181,214,255,234,195,133,162,195,158,180,96,124,59,55,35,24,2,2,-,-,-
Ascurra (SC),526,623,649,693,565,598,618,552,469,410,331,238,182,163,132,100,80,-,6,-,-
Atalanta (SC),292,337,344,380,215,217,277,283,234,188,188,139,124,81,63,27,33,8,-,-,-
Aurora (SC),467,554,565,574,452,382,440,436,345,282,218,234,217,89,101,58,37,23,-,-,-
Balneário Arroio do Silva (SC),516,558,580,566,467,374,444,483,397,363,349,278,239,186,130,80,22,9,3,-,-
Balneário Camboriú (SC),5935,5926,6205,7180,7442,6647,5971,5946,5368,4474,3416,2678,2008,1643,1182,789,375,159,93,18,-
Balneário Barra do Sul (SC),524,602,587,564,478,378,395,399,399,385,361,302,243,180,135,55,26,29,-,-,3
Balneário Gaivota (SC),504,543,550,555,358,343,387,430,382,318,264,188,252,144,125,62,37,8,-,-,-
Bandeirante (SC),272,334,372,311,176,184,240,229,218,183,155,148,132,91,70,44,15,-,4,-,-
Barra Bonita (SC),176,232,216,187,134,144,152,143,146,123,103,140,68,62,43,25,24,-,-,-,-
Barra Velha (SC),1508,1550,1582,1442,1286,1122,1157,1140,997,839,661,642,602,363,311,241,49,21,17,-,-
Bela Vista do Toldo (SC),563,634,622,641,508,438,467,397,369,268,212,149,127,144,67,59,50,3,3,-,-
Belmonte (SC),208,273,301,264,170,166,201,195,168,149,142,107,69,83,56,17,12,2,-,-,5
Benedito Novo (SC),728,733,799,907,793,758,702,663,606,541,445,362,322,243,225,98,86,37,18,4,-
Biguaçu (SC),4746,5004,4865,4902,4420,4221,4258,3823,3148,2545,1787,1305,993,821,465,418,236,88,32,-,-
Blumenau (SC),21443,22466,23482,24788,24576,23516,23970,23374,19219,15963,11950,7706,6311,4663,3836,2272,1346,654,205,45,22
Bocaina do Sul (SC),271,296,302,315,224,207,226,200,220,147,133,111,105,80,53,58,19,13,-,-,-
Bombinhas (SC),819,897,834,844,797,792,725,709,605,503,394,200,184,180,100,78,33,7,4,-,11
Bom Jardim da Serra (SC),402,432,419,381,308,302,336,306,246,200,188,171,113,119,63,37,32,25,-,-,-
Bom Jesus (SC),208,210,209,230,180,138,135,157,182,100,61,52,49,48,57,18,10,2,-,-,-
Bom Jesus do Oeste (SC),149,191,205,214,160,180,156,146,156,119,115,122,82,51,46,42,14,-,2,-,-
Bom Retiro (SC),857,889,836,812,641,616,583,554,474,411,290,298,238,173,122,81,64,16,8,4,-
Botuverá (SC),244,326,364,325,300,266,339,341,286,206,140,213,165,106,70,40,13,11,-,-,-
Braço do Norte (SC),2362,2685,2615,2505,2143,2080,2260,2027,1535,1222,878,802,508,457,359,196,107,52,10,-,-
Braço do Trombudo (SC),243,262,304,307,256,253,217,248,180,200,195,122,98,110,94,44,44,5,5,-,-
Brunópolis (SC),339,377,349,299,299,249,249,208,202,169,152,129,71,89,60,51,18,12,4,4,-
Brusque (SC),5634,6492,6954,7409,6758,6739,6892,6929,5709,4645,3379,2269,2005,1495,1314,780,416,200,19,13,7
Caçador (SC),6745,6599,6273,6128,5765,5452,5358,5013,3860,3083,2480,2057,1671,1064,931,416,301,60,49,17,-
Caibi (SC),511,610,690,666,422,413,495,479,526,383,304,221,155,197,129,102,38,6,8,-,-
Calmon (SC),527,418,459,348,255,262,254,227,182,139,136,68,73,43,46,20,6,3,-,-,-
Camboriú (SC),4612,4793,4305,4171,3755,3717,3479,3141,2521,2026,1439,1025,879,574,453,261,179,87,20,8,-
Capão Alto (SC),281,287,308,280,219,203,225,218,206,139,141,128,142,94,66,44,19,10,10,-,-
Campo Alegre (SC),1144,1119,1117,1222,1120,964,873,816,737,623,476,393,312,293,190,124,86,21,4,-,-
Campo Belo do Sul (SC),753,811,848,855,699,573,605,542,515,421,365,256,314,194,142,74,52,44,7,-,-
Campo Erê (SC),1169,1243,1251,1049,809,644,702,713,607,517,444,337,308,218,177,98,35,32,-,-,-
Campos Novos (SC),2825,3019,2928,2848,2490,2191,2337,2212,1892,1482,1175,979,639,731,481,293,123,53,12,11,9
Canelinha (SC),821,913,898,867,831,767,738,706,530,470,418,277,234,200,158,96,48,28,3,-,-
Canoinhas (SC),4978,5295,5356,5173,4770,4211,3994,3965,3216,2651,2207,1583,1405,1129,853,474,166,148,56,-,-
Capinzal (SC),1852,1948,1854,1934,2077,1938,1761,1571,1224,969,848,575,436,396,302,173,22,50,8,16,-
Capivari de Baixo (SC),1603,1718,1880,1916,1605,1439,1516,1680,1355,1105,718,642,487,361,198,176,84,65,13,-,-
Catanduvas (SC),937,867,834,836,772,701,706,616,488,394,328,260,230,130,91,73,15,11,-,3,-
Caxambu do Sul (SC),423,501,593,537,343,333,403,364,363,327,321,197,214,103,96,54,61,22,5,-,3
Celso Ramos (SC),237,305,291,316,207,189,194,211,186,166,120,139,89,78,31,33,24,28,-,-,-
Cerro Negro (SC),420,424,456,440,332,281,281,259,235,215,172,170,142,113,55,57,15,31,-,-,-
Chapadão do Lageado (SC),263,319,285,247,194,247,185,213,108,138,132,91,63,49,5,13,5,-,5,-,-
Chapecó (SC),14250,14799,14885,15049,13878,13471,13174,12206,9486,7394,5305,4040,2904,2446,1504,1175,545,322,96,22,16
Cocal do Sul (SC),1115,1336,1427,1511,1207,1109,1259,1221,1053,814,479,403,257,185,174,89,70,6,11,-,-
Concórdia (SC),5304,5376,5694,6126,5799,5340,5442,5299,4428,3799,3004,2197,1901,1194,987,695,340,94,28,12,-
Cordilheira Alta (SC),220,296,312,311,233,224,257,249,227,190,176,126,105,45,51,36,24,10,-,-,-
Coronel Freitas (SC),869,1012,1009,1082,845,782,821,823,672,657,625,433,296,217,223,142,90,23,-,-,-
Coronel Martins (SC),235,273,262,227,181,177,189,196,129,122,92,122,98,52,19,4,10,-,-,-,-
Corupá (SC),970,1033,1134,1142,1060,951,987,901,764,627,505,455,400,321,268,171,88,67,5,-,-
Correia Pinto (SC),1862,1916,1828,1644,1414,1388,1515,1163,987,808,764,527,425,314,210,97,97,60,-,-,7
Criciúma (SC),14618,15965,17676,18159,14735,12832,14375,15356,13063,10037,7242,5011,3878,2995,1975,1355,752,289,85,22,-
Cunha Porã (SC),757,899,915,978,671,704,854,871,711,665,534,445,438,259,258,164,81,19,5,-,-
Cunhataí (SC),138,185,158,170,91,129,157,131,162,99,112,53,70,40,68,29,24,2,3,-,-
Curitibanos (SC),3788,3621,3619,3581,3239,2933,2742,2633,2204,1868,1520,1282,1023,781,583,324,244,65,8,-,4
Descanso (SC),712,855,969,938,588,601,665,711,701,582,450,430,269,267,193,107,66,20,4,-,-
Dionísio Cerqueira (SC),1486,1509,1615,1544,1145,904,997,1044,925,769,603,500,392,286,245,133,102,38,13,-,-
Dona Emma (SC),285,318,341,306,250,273,247,248,189,203,175,129,138,102,71,10,13,10,-,-,-
Doutor Pedrinho (SC),247,252,283,271,241,233,291,227,204,179,184,96,153,92,66,26,32,6,-,-,-
Entre Rios (SC),368,372,331,269,234,162,199,269,145,116,56,94,35,34,37,35,19,9,2,-,-
Ermo (SC),173,213,201,207,163,157,164,160,132,118,81,90,56,64,34,15,26,4,-,-,-
Erval Velho (SC),332,359,406,400,319,331,313,304,312,289,243,202,197,98,90,44,10,15,5,-,-
Faxinal dos Guedes (SC),1051,1146,1150,1052,962,894,873,828,710,558,456,351,259,174,105,92,68,33,4,-,-
Flor do Sertão (SC),140,185,183,149,102,103,100,123,99,110,99,68,77,27,27,20,-,-,-,-,-
Florianópolis (SC),25430,26838,29453,34869,35093,30352,27875,28785,25090,21525,16493,11669,9583,6692,5513,3523,2043,987,313,130,61
Formosa do Sul (SC),253,298,293,242,215,181,200,213,190,188,99,138,101,71,18,13,8,3,-,-,-
Forquilhinha (SC),1831,1923,2019,1871,1692,1580,1612,1612,1211,879,728,378,372,249,139,155,70,17,10,-,-
Fraiburgo (SC),3678,3566,3336,3298,3048,2939,2904,2558,2038,1588,1336,858,680,495,334,182,74,27,-,8,-
Frei Rogério (SC),319,392,321,235,220,245,253,239,177,139,92,98,94,41,46,28,24,8,-,-,-
Galvão (SC),414,464,480,413,309,290,300,319,247,253,146,200,133,92,82,60,19,15,-,-,-
Garopaba (SC),1217,1222,1201,1282,1173,1167,1071,1017,879,687,581,419,424,311,242,158,76,29,3,-,5
Garuva (SC),1369,1298,1188,1157,1032,914,853,801,682,531,449,320,269,221,131,96,55,12,-,-,-
Gaspar (SC),3960,4310,4467,4560,4287,3924,4164,4196,3498,2630,1877,1319,1070,759,595,446,246,85,-,12,10
Governador Celso Ramos (SC),999,1120,1065,1092,1016,1069,1037,972,752,678,524,328,316,230,210,117,35,30,5,-,3
Grão-Pará (SC),490,579,584,592,471,433,508,476,373,337,322,151,161,111,107,43,44,17,6,12,-
Gravatal (SC),916,1078,1043,1084,862,773,868,900,739,572,461,428,322,245,200,151,90,55,11,-,-
Guabiruba (SC),1012,1200,1216,1192,1106,1140,1215,1192,1006,757,554,325,334,259,242,127,53,34,11,-,-
Guaraciaba (SC),825,1015,1084,1059,847,751,879,954,828,688,581,391,359,274,239,150,103,11,-,-,-
Guaramirim (SC),2288,2379,2323,2334,2330,2237,2203,1929,1553,1150,763,732,441,450,342,189,76,34,28,-,13
Guarujá do Sul (SC),363,462,536,407,303,306,379,396,329,274,199,196,191,136,126,59,22,12,-,-,-
Guatambú (SC),513,519,523,504,328,328,322,324,296,294,232,148,133,96,85,17,7,20,-,7,6
Herval d'Oeste (SC),1851,1902,1947,1965,1807,1579,1665,1640,1331,1094,731,817,591,427,268,246,98,45,11,21,8
Ibiam (SC),165,212,197,174,138,123,153,179,141,140,136,45,45,58,19,18,13,7,-,-,8
Ibicaré (SC),254,282,331,335,265,243,255,283,255,247,222,170,144,129,77,45,35,9,-,-,6
Ibirama (SC),1342,1404,1534,1632,1293,1317,1191,1202,1025,896,713,591,448,482,335,247,109,37,5,-,-
Içara (SC),4522,4924,5408,4986,4115,3690,4112,4259,3409,2630,1895,1433,1088,821,651,408,204,57,21,-,-
Ilhota (SC),973,1070,1023,1017,950,877,919,865,716,510,412,346,291,235,174,92,67,37,-,-,-
Imaruí (SC),1057,1216,1347,1297,969,864,892,1004,834,729,772,579,579,442,345,239,141,75,9,11,3
Imbituba (SC),2880,3218,3567,3634,2892,2642,2716,2903,2603,2100,1558,1515,1173,796,666,433,224,157,11,12,-
Imbuia (SC),533,530,574,545,428,412,438,404,335,281,214,174,130,79,85,57,24,3,-,-,-
Indaial (SC),3464,3620,3707,3895,3707,3589,3569,3388,2745,2324,1734,1258,998,852,585,455,239,54,12,-,-
Iomerê (SC),144,217,205,248,159,193,230,239,144,172,148,119,128,87,81,20,14,4,-,-,-
Ipira (SC),405,427,443,497,376,339,351,396,363,307,259,205,221,133,113,96,40,9,-,-,-
Iporã do Oeste (SC),664,795,818,767,545,563,554,706,598,495,362,273,277,178,155,81,19,24,4,-,-
Ipuaçu (SC),885,686,635,660,535,432,415,361,314,264,224,217,140,124,74,60,69,27,-,-,-
Ipumirim (SC),566,640,703,624,536,494,650,540,473,463,338,319,173,228,75,42,29,7,7,-,-
Iraceminha (SC),388,402,468,438,302,305,372,396,294,274,266,220,166,131,80,55,27,7,-,-,-
Irani (SC),895,904,907,899,756,630,649,639,532,510,382,256,223,151,142,77,27,9,14,-,-
Irati (SC),202,239,279,233,146,131,153,175,140,129,118,73,70,38,51,18,-,6,-,-,-
Irineópolis (SC),1044,1015,945,986,837,796,784,658,577,405,435,370,240,270,147,114,63,25,15,-,9
Itá (SC),563,625,669,740,579,509,549,533,496,418,312,233,205,118,94,96,15,4,6,-,-
Itaiópolis (SC),1909,2009,2067,1877,1711,1471,1404,1319,1090,969,829,591,639,391,291,281,125,84,20,-,9
Itajaí (SC),13235,13940,14105,15028,13622,11866,12245,12420,10576,8469,6296,4586,3590,2967,2020,1333,727,328,100,27,15
Itapema (SC),2421,2517,2652,2607,2291,2109,2184,2060,1810,1462,1112,774,704,420,346,225,130,21,23,-,-
Itapiranga (SC),1229,1446,1543,1354,1067,1085,1126,1104,1011,780,639,444,436,268,191,163,55,43,4,9,-
Itapoá (SC),886,897,931,834,740,672,666,651,536,523,443,319,274,220,130,66,22,29,-,-,-
Ituporanga (SC),1761,1994,2087,2010,1602,1483,1637,1602,1212,1029,793,598,600,388,351,166,133,46,-,-,-
Jaborá (SC),334,404,411,393,226,310,338,337,309,243,227,198,175,107,56,69,30,23,4,-,-
Jacinto Machado (SC),945,1049,1086,1102,866,770,857,881,736,618,526,388,351,320,165,134,65,46,6,6,6
Jaguaruna (SC),1192,1396,1480,1471,1140,1058,1087,1106,973,903,715,623,425,375,254,257,123,22,13,-,-
Jaraguá do Sul (SC),8969,9527,9872,10656,11239,10627,10050,9459,7656,5871,4415,2864,2301,1827,1476,924,422,256,46,-,33
Jardinópolis (SC),210,210,213,207,153,135,144,209,158,59,74,62,70,40,38,12,-,-,-,-,-
Joaçaba (SC),1887,2123,2200,2256,2057,1874,1962,2148,1774,1425,1152,915,720,649,432,232,156,70,23,-,10
Joinville (SC),37847,39890,41681,42902,40553,37906,38270,36234,30716,25096,17931,12342,9021,7757,5102,3112,1988,955,220,44,37
José Boiteux (SC),524,507,548,441,325,308,320,344,241,213,175,191,159,92,76,76,27,23,3,-,-
Jupiá (SC),200,230,215,216,189,170,171,161,110,169,71,76,51,93,51,24,23,-,-,-,-
Lacerdópolis (SC),154,154,184,185,192,166,191,181,141,107,125,98,136,66,26,21,31,4,8,4,-
Lages (SC),15135,15595,15692,16010,14164,12455,12345,12131,10275,8470,7147,5288,4180,3334,2628,1469,676,475,164,12,38
Laguna (SC),3810,4277,4507,4693,3845,3461,3552,3603,3115,2816,2628,1956,1848,1130,1091,569,442,174,51,-,-
Lajeado Grande (SC),145,132,206,105,70,131,126,205,108,55,70,59,50,72,14,14,11,-,-,-,-
Laurentino (SC),410,461,482,426,392,387,469,464,359,333,218,209,133,116,87,91,25,-,-,-,-
Lauro Müller (SC),1090,1280,1441,1392,1075,1022,1064,1197,890,745,642,502,472,310,255,121,63,22,21,-,-
Lebon Régis (SC),1498,1428,1241,1172,1030,968,794,792,629,479,451,307,267,250,200,99,53,21,4,-,-
Leoberto Leal (SC),326,401,403,403,302,278,286,298,246,175,116,156,119,95,90,7,31,-,7,-,-
Lindóia do Sul (SC),328,414,468,518,362,340,384,407,349,331,285,205,138,137,106,47,48,8,3,-,-
Lontras (SC),759,787,812,822,686,615,645,622,529,460,432,284,320,218,152,145,62,20,10,-,-
Luiz Alves (SC),715,775,800,769,770,662,644,612,548,421,322,233,200,162,213,97,20,-,6,-,5
Luzerna (SC),418,430,485,521,408,406,466,485,369,360,304,261,186,189,138,49,51,40,7,-,-
Macieira (SC),164,202,218,195,150,191,129,142,123,85,80,73,51,58,17,12,6,4,-,-,-
Mafra (SC),4542,4620,4954,5155,4645,4009,3840,3867,3373,2649,2140,1577,1402,1154,897,623,268,183,30,12,-
Major Gercino (SC),222,278,317,306,262,217,212,236,198,182,164,123,80,132,82,61,52,14,-,4,-
Major Vieira (SC),699,742,708,655,544,523,509,557,433,378,266,252,238,167,81,82,59,13,-,-,-
Maracajá (SC),499,501,597,598,485,420,417,445,432,321,221,169,89,150,100,79,18,-,-,-,-
Maravilha (SC),1493,1804,1885,1739,1445,1438,1615,1557,1259,1014,849,685,562,482,396,141,121,36,-,-,-
Marema (SC),241,248,254,252,176,182,218,222,205,154,123,101,104,53,68,29,15,-,6,-,-
Massaranduba (SC),939,1135,1064,1143,1169,1031,1027,998,854,715,573,510,401,326,249,250,117,40,11,10,-
Matos Costa (SC),392,361,332,373,289,216,235,210,175,152,131,104,82,66,23,36,24,3,-,-,-
Meleiro (SC),565,700,732,698,570,532,598,577,414,387,338,250,254,145,127,112,65,-,13,3,-
Mirim Doce (SC),445,532,353,360,182,267,347,216,206,119,188,70,48,68,66,23,27,-,4,-,-
Modelo (SC),342,396,351,367,303,295,351,305,261,220,183,155,156,104,72,44,10,16,-,-,-
Mondaí (SC),694,847,886,860,628,624,689,693,612,539,419,330,268,228,179,122,77,33,-,-,-
Monte Carlo (SC),1111,1046,896,889,822,766,698,565,455,354,314,206,122,155,84,64,23,9,-,-,-
Monte Castelo (SC),928,879,912,884,747,653,610,553,479,376,278,286,244,214,122,106,54,14,4,8,-
Morro da Fumaça (SC),1335,1494,1613,1515,1383,1182,1259,1203,1014,739,579,370,297,202,173,96,58,22,12,6,-
Morro Grande (SC),239,305,315,274,243,223,249,259,211,153,124,93,58,55,46,31,27,6,7,-,-
Navegantes (SC),4123,4182,4019,3870,3515,3209,3294,3099,2463,1981,1666,1123,951,814,455,310,148,63,14,8,10
Nova Erechim (SC),300,318,352,343,307,282,261,289,247,223,157,121,105,91,83,46,13,-,5,-,-
Nova Itaberaba (SC),407,462,474,412,286,293,343,333,306,242,150,183,134,72,75,50,23,3,8,-,-
Nova Trento (SC),725,820,955,926,816,747,785,911,731,560,453,344,295,264,245,189,53,32,-,-,-
Nova Veneza (SC),989,1159,1152,1113,963,902,983,999,744,601,502,379,299,248,209,147,89,21,12,-,-
Novo Horizonte (SC),280,296,334,310,151,219,300,231,266,189,180,64,105,58,51,46,10,9,-,-,-
Orleans (SC),1729,1869,1997,1957,1766,1709,1655,1696,1310,1075,809,717,560,465,435,164,59,53,6,-,-
Otacílio Costa (SC),1428,1441,1339,1337,1276,1264,1168,1039,898,771,576,454,343,256,207,97,51,42,6,-,-
Ouro (SC),576,643,677,688,613,584,639,617,541,443,299,338,248,179,146,82,67,32,7,-,-
Ouro Verde (SC),170,246,221,267,218,143,235,161,174,109,106,70,93,74,36,20,8,-,-,-,-
Paial (SC),182,229,241,228,121,123,145,169,153,106,74,74,58,50,58,26,10,5,-,-,-
Painel (SC),193,218,218,242,195,188,171,181,150,157,105,118,112,41,50,22,18,6,-,-,-
Palhoça (SC),10457,10880,10507,10385,9555,9233,8947,8534,6735,5420,3723,2622,1973,1422,1081,792,249,177,31,19,-
Palma Sola (SC),931,940,996,840,620,561,588,594,519,396,328,283,249,115,101,80,44,16,6,-,-
Palmeira (SC),184,191,215,223,198,145,159,137,146,128,142,84,118,77,35,12,19,14,-,-,-
Palmitos (SC),1192,1503,1541,1529,1087,1161,1196,1298,1163,1040,818,708,500,508,421,230,58,72,8,-,-
Papanduva (SC),1692,1951,1882,1735,1371,1169,1252,1259,1097,826,733,409,475,320,339,152,113,21,26,-,-
Paraíso (SC),447,510,562,488,348,293,352,327,315,280,188,233,175,129,74,40,25,11,-,-,-
Passo de Torres (SC),428,489,444,424,359,335,406,339,251,238,139,192,116,90,68,50,10,22,-,-,-
Passos Maia (SC),558,617,555,494,377,368,341,296,298,218,165,180,84,94,65,24,25,3,-,-,-
Paulo Lopes (SC),536,613,609,606,506,455,447,448,350,316,253,197,191,139,100,77,61,9,5,6,-
Pedras Grandes (SC),333,408,507,495,365,347,395,400,344,306,257,176,190,129,108,86,55,21,-,-,-
Penha (SC),1624,1671,1710,1779,1540,1474,1385,1352,1119,963,760,662,502,530,326,171,32,45,25,-,8
Peritiba (SC),192,284,373,310,215,197,265,295,241,195,156,127,93,129,99,28,26,5,-,-,-
Petrolândia (SC),550,667,697,631,442,440,494,500,392,360,259,263,245,188,160,63,39,12,4,-,-
Balneário Piçarras (SC),1050,1079,1080,1071,960,817,831,771,750,624,499,369,361,267,210,86,37,38,12,-,-
Pinhalzinho (SC),1082,1230,1245,1197,1029,1016,1074,1044,806,649,487,403,377,299,180,169,37,27,-,-,4
Pinheiro Preto (SC),224,273,263,252,224,201,238,239,182,144,111,109,68,99,37,45,4,11,5,-,-
Piratuba (SC),401,452,496,529,554,503,535,479,458,411,294,207,193,87,65,70,47,25,4,2,-
Planalto Alegre (SC),235,234,324,184,137,149,163,248,209,146,111,94,80,63,24,17,21,-,7,6,-
Pomerode (SC),1466,1700,1870,2148,2038,1930,2005,1789,1579,1279,1107,814,744,665,431,290,195,63,8,7,-
Ponte Alta (SC),575,538,572,580,506,315,338,342,308,290,207,227,145,139,82,59,54,7,4,-,-
Ponte Alta do Norte (SC),381,368,371,331,276,259,234,217,183,137,109,102,75,68,33,47,20,4,6,-,-
Ponte Serrada (SC),1225,1211,1063,1085,892,811,806,728,665,498,484,293,287,204,114,84,75,9,18,-,9
Porto Belo (SC),985,1049,1073,1081,914,877,887,912,688,599,426,289,316,275,136,99,60,33,-,6,-
Porto União (SC),2989,2954,3102,3069,2795,2422,2399,2507,2062,1761,1463,1113,1011,878,558,428,182,106,38,20,-
Pouso Redondo (SC),1088,1239,1229,1318,1125,890,892,850,765,634,601,501,424,344,213,147,91,22,26,6,-
Praia Grande (SC),586,743,764,723,584,535,533,528,475,450,379,288,226,170,133,100,52,15,-,3,-
Presidente Castello Branco (SC),126,223,206,218,142,153,204,113,184,143,96,109,69,89,39,15,20,11,-,-,-
Presidente Getúlio (SC),972,1122,1161,1167,1032,961,955,1044,800,701,577,515,469,270,294,161,84,48,-,-,-
Presidente Nereu (SC),186,229,268,258,150,157,167,172,150,133,88,100,98,48,40,34,17,10,-,-,-
Princesa (SC),229,232,343,290,182,144,169,192,170,161,101,104,109,76,58,46,5,-,-,-,-
Quilombo (SC),976,1191,1152,1044,803,808,873,824,698,574,480,393,292,246,197,89,37,59,-,-,-
Rancho Queimado (SC),216,264,255,230,202,204,203,204,178,130,165,86,87,63,41,41,44,8,15,-,-
Rio das Antas (SC),564,592,604,601,460,454,456,456,396,352,289,265,191,191,154,55,29,15,-,5,-
Rio do Campo (SC),560,699,711,669,498,513,505,487,400,339,318,244,246,120,117,39,42,10,-,-,5
Rio do Oeste (SC),524,575,626,644,546,503,526,564,437,419,335,294,275,143,133,104,40,37,5,-,-
Rio dos Cedros (SC),606,736,760,771,787,656,658,690,624,545,516,397,326,304,247,193,88,22,13,-,-
Rio do Sul (SC),4272,4503,4963,4939,4549,4294,4191,4375,3557,3041,2505,1731,1617,1019,939,551,368,162,55,18,-
Rio Fortuna (SC),293,430,432,442,276,281,365,402,313,264,192,177,131,116,82,80,32,5,7,-,-
Rio Negrinho (SC),4158,3878,3713,3965,3602,3354,3193,2924,2296,1757,1380,1012,873,622,458,246,192,69,7,-,7
Rio Rufino (SC),255,290,261,226,180,183,203,185,140,129,110,70,23,73,34,41,-,-,5,-,7
Riqueza (SC),482,564,521,481,379,367,390,369,329,290,284,223,140,142,112,43,44,-,-,-,5
Rodeio (SC),654,774,920,992,910,825,807,877,795,657,609,390,374,278,234,156,53,55,15,5,-
Romelândia (SC),606,651,800,636,349,347,449,492,487,397,350,267,254,154,103,90,34,8,16,-,-
Salete (SC),681,775,771,794,558,524,551,537,472,420,339,234,179,139,100,58,22,9,-,-,-
Saltinho (SC),426,461,580,470,322,265,276,268,277,227,196,170,93,98,98,35,-,19,18,-,-
Salto Veloso (SC),358,383,419,414,306,318,330,286,248,198,163,164,99,98,68,23,25,9,-,-,-
Sangão (SC),877,927,901,860,737,629,651,628,503,402,296,202,156,138,99,73,30,12,4,2,-
Santa Cecília (SC),1826,1736,1558,1619,1328,1268,1124,1067,784,647,481,482,311,218,148,116,56,14,13,7,-
Santa Helena (SC),218,252,303,267,149,151,211,209,182,160,136,105,87,64,42,40,6,2,4,-,-
Santa Rosa de Lima (SC),161,201,203,193,129,147,181,157,138,125,91,91,48,65,51,15,5,6,-,-,-
Santa Rosa do Sul (SC),713,806,765,723,638,556,676,598,524,441,372,271,245,178,136,75,73,14,6,-,-
Santa Terezinha (SC),903,1002,1040,992,806,655,642,637,458,404,363,299,240,179,97,64,43,15,-,-,-
Santa Terezinha do Progresso (SC),354,360,380,357,253,212,224,249,190,195,177,138,102,93,63,30,29,-,11,-,-
Santiago do Sul (SC),151,178,187,159,118,116,139,148,116,88,77,76,27,62,20,22,12,-,-,-,-
Santo Amaro da Imperatriz (SC),1396,1530,1584,1540,1397,1358,1416,1286,992,791,644,476,418,277,190,210,122,54,19,4,4
São Bernardino (SC),320,373,377,323,252,217,225,201,188,211,162,122,100,31,12,8,6,13,-,-,-
São Bento do Sul (SC),6201,6311,6340,6791,6904,5995,5647,5285,4334,3399,2530,1664,1359,1074,819,401,239,76,42,11,15
São Bonifácio (SC),252,220,261,269,251,231,245,265,204,221,178,183,122,123,99,44,34,15,-,-,-
São Carlos (SC),699,799,911,916,661,671,731,779,719,572,474,448,301,239,163,157,68,43,9,-,4
São Cristóvão do Sul (SC),500,461,458,430,454,428,374,296,304,208,171,128,95,92,56,33,10,-,6,-,-
São Domingos (SC),856,958,901,991,719,682,720,781,708,559,413,390,310,235,204,59,13,35,6,-,-
São Francisco do Sul (SC),2971,3178,3225,3242,2838,2436,2424,2436,2102,1792,1525,1107,1015,762,543,377,234,52,42,-,-
São João do Oeste (SC),417,556,625,561,329,384,457,458,408,425,362,207,146,182,107,80,35,44,5,-,-
São João Batista (SC),1188,1351,1469,1498,1320,1290,1321,1232,976,761,647,500,433,320,298,136,85,37,-,-,-
São João do Itaperiú (SC),282,336,317,302,259,227,251,246,193,166,139,116,115,86,50,42,20,14,-,-,-
São João do Sul (SC),596,696,647,678,540,512,542,547,422,365,276,312,181,176,147,46,66,17,17,-,-
São Joaquim (SC),1934,2055,2326,2256,1786,1831,1968,1879,1544,1280,1005,910,732,491,395,297,127,-,10,-,10
São José (SC),14520,15281,16288,17874,17089,15762,14905,14171,12848,10694,7693,5219,3713,2956,2046,1374,739,231,125,19,13
São José do Cedro (SC),1171,1304,1471,1460,1032,925,1048,1111,944,797,616,524,444,362,195,129,96,38,6,5,-
São José do Cerrito (SC),864,980,1075,986,809,744,778,735,689,569,536,425,410,318,188,163,90,35,-,-,-
São Lourenço do Oeste (SC),1764,1967,2074,1981,1681,1425,1527,1557,1335,1113,802,761,561,423,388,180,75,21,12,-,-
São Ludgero (SC),825,860,955,849,793,799,812,731,500,401,269,230,208,142,94,53,31,22,12,-,-
São Martinho (SC),236,264,314,283,218,219,232,254,226,220,182,161,123,121,78,90,44,9,-,-,-
São Miguel da Boa Vista (SC),149,202,245,201,104,119,146,179,133,115,141,97,49,80,33,9,16,-,-,-,-
São Miguel do Oeste (SC),2638,3004,3334,3251,2683,2458,2662,2758,2382,1874,1493,1046,834,769,511,339,225,54,9,-,-
São Pedro de Alcântara (SC),256,299,289,303,278,296,331,249,207,184,161,178,169,143,124,30,52,16,14,-,4
Saudades (SC),695,830,889,768,607,633,720,722,572,478,318,335,190,249,169,59,49,41,-,-,-
Schroeder (SC),1014,1025,1053,1102,1047,1100,1023,894,632,502,447,233,263,167,148,93,46,12,10,-,-
Seara (SC),1396,1463,1675,1547,1546,1465,1415,1365,1120,903,671,562,496,326,252,138,102,21,21,-,-
Serra Alta (SC),274,362,371,292,210,206,285,308,234,186,153,127,86,114,34,52,24,12,-,-,-
Siderópolis (SC),1006,1087,1227,1225,1047,856,917,1081,957,708,515,400,283,301,215,130,103,25,-,-,-
Sombrio (SC),2196,2357,2349,2292,1999,1904,1978,1823,1509,1201,953,652,566,464,301,169,129,112,-,-,9
Sul Brasil (SC),279,345,366,303,230,198,208,214,234,172,145,158,132,22,75,17,-,3,-,8,6
Taió (SC),1361,1561,1610,1605,1331,1251,1219,1331,1053,911,775,689,495,418,299,161,133,26,28,-,-
Tangará (SC),685,815,874,778,668,641,724,755,556,495,435,406,316,229,126,126,87,39,-,-,-
Tigrinhos (SC),141,212,207,196,119,107,126,151,139,121,73,87,75,65,46,-,13,-,-,-,-
Tijucas (SC),1971,2361,2423,2335,2091,1960,1905,1910,1545,1300,997,668,651,440,405,253,183,52,38,12,-
Timbé do Sul (SC),414,507,558,558,441,389,441,418,328,274,255,238,181,112,67,71,50,13,-,8,-
Timbó (SC),2196,2405,2612,2789,2566,2496,2588,2508,2226,1759,1485,991,852,703,450,413,221,66,33,-,-
Timbó Grande (SC),936,813,706,696,598,599,449,397,288,247,214,157,118,133,77,37,29,-,4,-,3
Três Barras (SC),1988,1875,1932,1802,1620,1376,1248,1175,1008,779,723,491,382,280,262,137,39,7,-,-,-
Treviso (SC),227,254,329,302,249,260,250,291,221,175,129,127,123,59,44,42,47,15,-,-,-
Treze de Maio (SC),571,680,675,649,512,508,588,522,453,353,301,275,157,181,133,92,45,22,-,-,-
Treze Tílias (SC),392,478,526,491,433,360,340,351,257,319,271,151,147,106,101,44,22,40,5,5,-
Trombudo Central (SC),454,536,608,568,485,420,482,501,364,329,296,192,165,147,143,36,27,31,6,5,-
Tubarão (SC),6304,7340,8485,9165,7834,6270,7164,7983,6618,5617,4734,3060,2432,2041,1585,1161,388,202,39,36,13
Tunápolis (SC),363,474,486,498,340,348,374,376,362,272,248,185,144,118,94,59,20,11,5,-,-
Turvo (SC),873,1031,1105,1094,931,857,904,950,737,570,458,402,318,224,182,145,56,27,17,7,-
União do Oeste (SC),283,333,422,325,218,216,284,287,214,197,135,158,119,65,79,47,-,-,9,-,-
Urubici (SC),1019,1084,984,1031,801,709,805,809,643,544,433,373,346,248,215,102,71,26,10,-,-
Urupema (SC),201,229,212,253,220,213,223,190,142,150,160,79,88,55,23,27,46,16,-,-,-
Urussanga (SC),1329,1501,1814,1882,1521,1340,1509,1655,1501,1150,785,766,643,446,350,245,199,80,11,-,-
Vargeão (SC),327,374,350,365,292,293,289,225,230,187,159,164,69,83,80,28,3,3,3,2,-
Vargem (SC),294,313,372,346,287,211,261,219,178,157,182,149,80,100,44,-,18,9,-,-,5
Vargem Bonita (SC),573,569,550,515,472,407,449,391,311,228,202,147,124,88,61,24,34,12,-,-,-
Vidal Ramos (SC),641,665,673,644,523,482,505,513,368,328,264,197,175,116,78,50,53,-,4,-,-
Videira (SC),3935,4011,3871,3934,3856,3782,3766,3560,2743,2125,1708,1254,1030,817,611,275,165,104,21,12,9
Vitor Meireles (SC),572,620,706,571,394,375,387,414,335,270,251,188,112,147,90,43,24,19,-,-,-
Witmarsum (SC),294,317,334,332,242,244,223,265,222,194,175,100,90,106,60,31,16,5,-,-,-
Xanxerê (SC),3390,3716,3742,3726,3227,3122,3137,3038,2575,2026,1542,1221,1068,688,610,290,229,72,10,-,-
Xavantina (SC),286,366,468,412,348,375,325,353,324,323,237,169,135,95,101,50,19,18,-,-,-
Xaxim (SC),2088,2200,2384,2318,1871,1884,1944,1857,1521,1267,1124,690,480,531,374,183,63,48,13,17,-
Zortéa (SC),236,268,252,298,269,232,199,179,147,150,140,80,69,52,27,18,18,-,-,-,-
Aceguá (RS),...,...,...,...,...,...,...,...,...,...,...,...,...,...,...,...,...,...,...,...,...
Água Santa (RS),354,414,409,346,296,305,288,355,301,266,231,140,117,130,105,41,25,5,-,-,-
Agudo (RS),1410,1454,1511,1582,1373,1321,1396,1365,1172,1040,990,671,723,497,435,271,162,72,9,-,-
Ajuricaba (RS),559,605,673,661,567,585,638,633,527,474,405,313,344,270,205,119,95,31,5,-,-
Alecrim (RS),588,739,890,823,473,443,539,646,598,563,573,467,392,265,249,155,66,17,-,-,-
Alegrete (RS),7328,7777,7814,8331,7139,6057,6297,6448,5644,4860,4226,3201,2691,2428,1797,1066,749,350,106,29,-
Alegria (RS),383,483,527,496,361,307,349,436,373,362,323,289,266,142,110,92,28,30,4,6,-
Almirante Tamandaré do Sul (RS),...,...,...,...,...,...,...,...,...,...,...,...,...,...,...,...,...,...,...,...,...
Alpestre (RS),811,976,1201,1134,706,615,697,757,683,631,497,444,321,326,209,134,97,22,5,-,-
Alto Alegre (RS),124,188,161,224,191,83,199,163,110,177,137,92,84,26,74,54,22,13,7,8,-
Alto Feliz (RS),192,207,209,196,220,221,239,235,195,138,142,144,131,139,150,38,18,13,-,7,-
Alvorada (RS),20817,19636,18195,18394,16610,14586,14624,14027,12375,10032,7597,5610,4316,2855,1984,1124,658,325,126,37,40
Amaral Ferrador (RS),464,528,512,500,517,446,447,439,396,337,258,251,184,175,136,70,50,26,4,-,-
Ametista do Sul (RS),783,840,776,732,633,613,583,544,463,368,297,211,201,140,100,77,23,20,11,-,-
André da Rocha (RS),78,81,129,58,80,68,79,104,68,84,65,44,50,40,29,26,18,2,10,-,-
Anta Gorda (RS),369,506,510,539,455,394,461,526,493,449,363,333,302,201,126,173,75,39,10,3,-
Antônio Prado (RS),1003,1043,1119,1095,947,898,1080,1239,977,782,689,577,476,390,239,176,143,37,3,5,-
Arambaré (RS),319,349,368,312,271,272,292,309,260,229,204,219,202,122,94,51,38,6,-,-,-
Araricá (RS),430,421,381,357,303,338,381,349,236,181,158,139,128,85,94,28,23,-,-,-,-
Aratiba (RS),486,599,638,593,490,430,530,577,578,516,460,334,254,264,169,137,56,5,-,-,-
Arroio do Meio (RS),1155,1400,1509,1516,1313,1271,1402,1511,1325,1077,950,560,601,498,340,271,159,53,34,6,-
Arroio do Sal (RS),456,475,510,479,387,344,414,456,369,272,211,286,227,151,125,76,23,12,-,-,-
Arroio do Padre (RS),...,...,...,...,...,...,...,...,...,...,...,...,...,...,...,...,...,...,...,...,...
Arroio dos Ratos (RS),1168,1170,1251,1271,1034,872,977,1032,934,844,638,580,495,363,319,163,119,70,29,5,-
Arroio do Tigre (RS),1022,1136,1235,1179,976,875,875,951,859,777,623,509,389,315,223,141,87,41,3,-,-
Arroio Grande (RS),1637,1635,1654,1805,1414,1317,1461,1492,1290,1200,1010,886,816,491,361,331,215,80,45,-,12
Arvorezinha (RS),858,1043,954,982,846,713,695,763,707,681,505,433,322,287,236,128,65,31,13,-,-
Augusto Pestana (RS),560,622,638,689,580,545,600,671,554,554,544,370,350,282,298,200,64,47,6,-,-
Áurea (RS),288,306,349,347,276,278,271,418,262,240,239,166,126,160,85,45,14,14,5,-,-
Bagé (RS),10265,10627,10723,11304,9301,8470,8480,9201,8264,6861,6431,4568,4110,3816,2819,1758,892,599,180,83,15
Balneário Pinhal (RS),761,749,738,662,521,481,531,504,476,455,367,398,294,247,157,74,25,-,9,3,-
Barão (RS),390,445,479,499,451,375,451,425,363,300,269,288,166,204,132,84,46,19,3,7,-
Barão de Cotegipe (RS),516,605,610,591,481,417,539,568,475,442,380,334,302,210,179,164,81,25,8,-,-
Barão do Triunfo (RS),619,636,663,585,494,547,528,488,444,392,334,347,227,123,112,67,26,22,9,-,-
Barracão (RS),483,531,622,537,354,348,359,376,417,337,287,264,159,230,143,79,43,7,12,-,4
Barra do Guarita (RS),263,300,325,301,204,203,213,217,187,163,151,119,112,82,66,31,21,17,12,-,-
Barra do Quaraí (RS),442,434,427,379,326,314,328,277,249,206,124,138,81,56,35,29,22,12,4,-,-
Barra do Ribeiro (RS),1003,1058,1079,1023,880,827,924,916,793,742,614,519,456,359,316,167,127,27,9,4,4
Barra do Rio Azul (RS),150,199,247,223,173,140,150,201,189,191,167,113,72,67,52,49,15,16,-,-,-
Barra Funda (RS),167,199,192,200,181,175,187,184,176,130,117,146,47,18,15,59,19,9,10,-,-
Barros Cassal (RS),1126,1187,1120,1209,895,775,759,820,711,654,523,480,324,276,236,128,72,36,11,5,-
Benjamin Constant do Sul (RS),371,339,284,275,178,162,169,240,83,123,121,102,107,41,52,20,40,15,2,3,-
Bento Gonçalves (RS),6797,6952,7550,8365,8365,7603,8029,8158,7270,5814,4432,3660,2758,1997,1309,1170,723,375,121,29,9
Boa Vista das Missões (RS),228,232,206,198,164,126,169,176,169,120,132,24,62,65,56,11,46,4,-,-,-
Boa Vista do Buricá (RS),469,574,638,664,457,450,526,542,514,408,390,251,249,174,132,72,32,38,7,-,-
Boa Vista do Cadeado (RS),...,...,...,...,...,...,...,...,...,...,...,...,...,...,...,...,...,...,...,...,...
Boa Vista do Incra (RS),...,...,...,...,...,...,...,...,...,...,...,...,...,...,...,...,...,...,...,...,...
Boa Vista do Sul (RS),124,196,219,231,186,186,240,265,204,192,208,160,92,154,89,56,13,25,-,-,-
Bom Jesus (RS),1246,1134,1198,1090,928,829,784,847,698,708,654,495,438,335,237,208,100,68,11,6,-
Bom Princípio (RS),742,895,810,860,813,736,859,857,705,570,419,332,288,177,193,110,80,43,4,-,-
Bom Progresso (RS),279,310,298,260,198,195,189,262,191,170,118,64,89,68,65,35,19,16,3,-,-
Bom Retiro do Sul (RS),816,969,997,1081,827,792,845,873,807,642,560,390,358,330,214,173,73,35,6,-,-
Boqueirão do Leão (RS),734,823,797,830,605,559,590,560,523,445,298,344,248,193,123,94,47,8,4,-,-
Bossoroca (RS),622,733,796,772,559,486,544,585,553,505,425,356,212,242,182,120,47,9,9,-,-
Bozano (RS),...,...,...,...,...,...,...,...,...,...,...,...,...,...,...,...,...,...,...,...,...
Braga (RS),373,416,422,379,316,274,304,304,242,262,217,166,180,94,111,78,29,11,12,8,-
Brochier (RS),262,311,339,359,278,289,339,338,327,294,252,220,246,173,182,93,53,12,6,-,-
Butiá (RS),1794,1873,1933,2021,1526,1304,1513,1642,1488,1222,1036,696,750,580,376,379,98,66,25,-,-
Caçapava do Sul (RS),2575,2870,3143,3117,2424,2242,2472,2774,2547,2287,1936,1555,1383,1130,946,612,352,146,100,21,12
Cacequi (RS),1261,1455,1500,1507,1092,979,1097,1206,1066,879,647,742,526,573,301,312,113,39,16,-,-
Cachoeira do Sul (RS),6628,6828,7847,8432,6998,5569,6175,6737,6247,5599,4676,4208,3536,2903,2634,1387,904,403,143,9,10
Cachoeirinha (RS),9837,9780,9919,10304,9529,8591,8874,9096,8098,6488,5031,3861,3205,2000,1449,805,302,260,104,11,19
Cacique Doble (RS),391,483,481,451,282,328,351,352,335,299,250,226,192,127,108,64,35,4,10,-,-
Caibaté (RS),546,568,731,688,475,468,547,529,526,454,463,325,375,160,147,94,69,59,13,5,-
Caiçara (RS),443,551,584,521,364,337,404,438,431,378,290,234,144,194,148,66,35,18,-,-,-
Camaquã (RS),5294,5344,5416,5647,5029,4641,4703,4864,4160,3318,2717,2552,1881,1878,1265,765,539,278,75,17,-
Camargo (RS),160,230,224,226,167,146,214,230,164,178,105,142,105,86,58,26,15,17,-,-,5
Cambará do Sul (RS),684,685,674,657,580,543,513,510,463,389,358,200,188,123,119,71,44,24,6,8,-
Campestre da Serra (RS),265,273,242,278,220,233,271,255,249,187,187,143,136,110,62,52,-,-,4,4,-
Campina das Missões (RS),438,538,643,654,505,381,473,559,537,612,489,283,268,242,198,125,47,15,-,6,-
Campinas do Sul (RS),579,748,772,711,516,494,651,679,631,537,467,414,322,307,176,125,93,22,14,-,-
Campo Bom (RS),4633,4865,4997,5303,4920,4531,4846,4836,4040,3198,2380,1583,1351,1015,710,433,186,91,79,10,11
Campo Novo (RS),669,700,710,651,499,449,466,484,455,391,320,226,217,170,126,91,63,21,14,-,-
Campos Borges (RS),303,310,359,366,315,273,237,284,247,252,191,198,115,114,58,116,30,6,10,-,-
Candelária (RS),2475,2430,2432,2554,2314,2232,2218,2209,1927,1840,1807,1220,1169,978,826,570,269,81,34,-,-
Cândido Godói (RS),455,575,651,616,476,472,532,614,572,491,389,340,241,291,198,123,21,19,14,3,-
Candiota (RS),788,840,874,824,613,558,691,738,671,468,347,218,151,117,51,52,46,14,4,-,-
Canela (RS),3361,3219,3180,3280,2984,2679,2854,2732,2308,1823,1284,1165,950,638,616,288,133,80,35,16,-
Canguçu (RS),4026,4082,4179,4598,3888,3807,3728,3932,3529,3300,2769,2625,2044,1850,1389,948,510,179,30,13,21
Canoas (RS),27878,27460,28032,30193,27437,23187,23191,24426,22838,19217,15716,10414,8598,6679,5205,2927,1696,812,131,23,34
Canudos do Vale (RS),...,...,...,...,...,...,...,...,...,...,...,...,...,...,...,...,...,...,...,...,...
Capão Bonito do Sul (RS),...,...,...,...,...,...,...,...,...,...,...,...,...,...,...,...,...,...,...,...,...
Capão da Canoa (RS),3175,3106,3064,3195,2491,2408,2357,2429,2006,1732,1471,870,731,598,386,208,145,49,49,-,27
Capão do Cipó (RS),...,...,...,...,...,...,...,...,...,...,...,...,...,...,...,...,...,...,...,...,...
Capão do Leão (RS),2285,2263,2262,2422,1871,1716,1781,1818,1762,1444,1249,723,678,590,450,223,93,58,29,-,-
Capivari do Sul (RS),294,279,274,270,244,218,314,294,226,193,153,93,96,48,42,39,18,8,4,-,-
Capela de Santana (RS),998,1024,913,968,833,839,794,852,665,538,397,344,299,202,174,115,68,-,-,-,10
Capitão (RS),186,186,236,198,194,195,173,180,218,165,133,151,97,103,81,37,22,9,-,-,-
Carazinho (RS),5043,5275,5619,5852,4936,4229,4595,4482,4384,3625,3216,2102,1946,1676,1022,755,679,340,102,17,-
Caraá (RS),466,505,526,581,414,381,452,486,404,384,445,308,285,316,255,129,36,17,8,5,-
Carlos Barbosa (RS),1419,1558,1730,1798,1822,1711,1869,1899,1663,1301,956,793,603,528,365,285,95,84,29,11,-
Carlos Gomes (RS),114,189,179,158,139,172,171,126,119,120,127,92,93,31,48,18,16,-,-,-,-
Casca (RS),546,640,714,764,568,557,640,673,730,645,509,405,285,273,240,141,81,11,17,-,-
Caseiros (RS),245,257,290,248,182,185,233,208,198,179,164,158,110,70,77,47,15,25,-,-,8
Catuípe (RS),713,787,863,947,749,669,795,767,790,641,536,533,459,348,289,162,97,23,19,-,11
Caxias do Sul (RS),29100,30362,31311,34017,32609,30631,30507,31536,28073,22533,17311,12251,9925,7535,6122,3358,1938,986,229,24,61
Centenário (RS),201,259,274,297,225,222,237,237,229,211,162,163,121,110,81,42,37,7,5,7,-
Cerrito (RS),491,541,567,573,482,466,529,514,452,443,446,378,352,224,222,148,67,23,6,-,-
Cerro Branco (RS),278,343,352,350,319,292,362,316,314,300,230,227,181,162,91,78,59,26,14,3,-
Cerro Grande (RS),196,259,289,255,197,136,194,195,180,170,129,133,80,105,15,33,15,14,-,5,-
Cerro Grande do Sul (RS),775,806,764,801,694,672,652,593,524,471,389,268,264,231,159,107,81,17,5,-,-
Cerro Largo (RS),899,1074,1118,1122,948,818,991,1057,930,832,724,483,450,441,351,196,132,69,29,-,-
Chapada (RS),619,785,904,861,687,633,789,852,748,629,516,492,415,313,303,117,44,30,9,-,-
Charqueadas (RS),2458,2266,2414,2965,2969,2825,2723,2451,2108,1827,1497,1065,854,610,395,242,142,110,31,9,-
Charrua (RS),444,414,379,352,284,240,231,253,214,244,212,123,109,126,73,45,22,15,4,-,-
Chiapetta (RS),367,419,414,444,360,314,376,329,316,266,216,204,148,87,107,64,21,25,-,4,-
Chuí (RS),501,555,529,408,433,420,433,395,347,305,221,194,145,126,97,21,13,19,-,-,6
Chuvisca (RS),381,407,444,471,401,379,379,357,249,253,180,172,174,82,70,61,16,19,8,-,-
Cidreira (RS),852,854,837,777,621,563,610,682,585,527,569,302,390,313,171,141,58,19,3,8,-
Ciríaco (RS),380,485,497,521,387,310,325,383,365,354,311,307,231,119,141,75,43,12,6,-,-
Colinas (RS),133,133,185,125,169,140,243,127,85,184,210,177,146,167,113,59,36,26,4,-,-
Colorado (RS),252,327,352,337,276,282,314,348,262,272,253,206,184,125,124,66,30,47,11,3,-
Condor (RS),530,585,643,592,519,472,495,471,435,416,353,258,222,180,135,69,82,34,-,-,-
Constantina (RS),851,980,1178,1175,862,756,891,889,833,735,651,500,455,324,277,161,81,46,16,7,-
Coqueiro Baixo (RS),...,...,...,...,...,...,...,...,...,...,...,...,...,...,...,...,...,...,...,...,...
Coqueiros do Sul (RS),200,205,225,209,169,197,229,209,203,196,142,145,147,85,51,45,29,3,-,5,-
Coronel Barros (RS),135,160,164,217,200,188,176,173,124,171,173,133,131,139,56,65,22,18,9,-,-
Coronel Bicaco (RS),782,856,864,812,637,573,600,650,524,484,436,323,337,170,143,102,59,72,11,-,-
Coronel Pilar (RS),...,...,...,...,...,...,...,...,...,...,...,...,...,...,...,...,...,...,...,...,...
Cotiporã (RS),217,292,327,360,263,232,312,336,330,267,258,167,214,143,162,160,36,17,-,-,-
Coxilha (RS),282,280,314,280,262,206,258,225,197,180,182,52,80,80,21,38,30,12,-,-,-
Crissiumal (RS),1070,1260,1445,1425,995,936,1069,1126,1057,1037,1058,710,614,484,340,284,135,97,38,-,-
Cristal (RS),637,607,598,585,489,480,521,515,406,369,312,317,245,219,137,86,46,42,14,-,6
Cristal do Sul (RS),229,261,297,279,224,216,187,224,173,173,165,125,127,67,67,26,21,13,-,-,-
Cruz Alta (RS),6253,6394,6667,6963,6072,5171,5147,5387,4983,4109,3626,2705,2251,1932,1552,948,717,250,113,8,5
Cruzaltense (RS),...,...,...,...,...,...,...,...,...,...,...,...,...,...,...,...,...,...,...,...,...
Cruzeiro do Sul (RS),855,978,968,1072,859,902,893,974,842,731,638,549,393,384,210,242,92,67,16,-,-
David Canabarro (RS),359,456,443,409,363,323,361,404,358,330,265,171,148,127,82,91,41,5,4,-,-
Derrubadas (RS),312,363,377,344,245,260,261,277,277,220,207,147,121,110,83,64,28,7,7,-,5
Dezesseis de Novembro (RS),300,324,377,316,191,223,197,250,214,225,150,221,114,145,103,34,16,37,7,-,-
Dilermando de Aguiar (RS),251,288,350,260,219,190,209,218,206,207,160,168,114,167,96,43,42,10,-,3,-
Dois Irmãos (RS),1826,1839,1938,2300,2416,2178,2155,2075,1607,1171,895,586,471,410,252,181,112,10,4,-,9
Dois Irmãos das Missões (RS),212,281,212,238,191,151,148,172,202,121,105,115,59,53,27,62,13,-,4,-,-
Dois Lajeados (RS),167,231,269,290,247,229,243,248,237,204,232,133,134,138,86,49,45,42,-,-,-
Dom Feliciano (RS),1178,1294,1233,1207,1070,1016,1027,1079,824,664,598,571,426,426,318,175,119,51,21,-,-
Dom Pedro de Alcântara (RS),138,255,178,269,188,175,181,207,213,160,152,145,99,116,94,21,25,6,13,-,-
Dom Pedrito (RS),3520,3655,3601,3641,3060,2790,3001,3189,2773,2339,1880,1834,1376,1407,1081,518,390,229,76,39,11
Dona Francisca (RS),308,390,304,342,287,262,291,290,287,227,182,157,208,140,84,66,33,31,-,13,-
Doutor Maurício Cardoso (RS),422,538,513,553,427,398,463,499,436,442,394,323,330,219,158,134,55,15,10,-,-
Doutor Ricardo (RS),170,179,146,156,156,153,141,191,111,96,161,138,131,72,53,40,25,9,-,-,-
Eldorado do Sul (RS),2846,2819,2712,2716,2314,2092,2090,2196,1973,1570,1233,882,623,525,354,182,73,57,11,-,-
Encantado (RS),1271,1464,1557,1670,1432,1396,1473,1561,1396,1221,958,870,710,504,407,316,215,84,22,-,-
Encruzilhada do Sul (RS),2125,2099,2044,2042,1706,1762,1754,1823,1569,1460,1169,1175,908,818,485,455,233,173,33,55,14
Engenho Velho (RS),187,193,251,221,139,116,148,145,139,150,107,80,82,55,72,22,10,18,-,-,-
Entre-Ijuís (RS),741,839,892,931,761,655,690,697,696,630,498,482,372,306,192,159,101,47,13,-,-
Entre Rios do Sul (RS),281,366,357,322,201,229,303,265,245,180,205,145,179,92,79,19,13,10,-,-,-
Erebango (RS),280,309,312,283,220,206,223,230,171,179,179,83,128,55,86,55,11,8,3,-,2
Erechim (RS),7384,7778,7882,8636,8450,7544,7408,7412,6326,5280,3971,3348,2703,2254,1646,1270,598,241,143,38,34
Ernestina (RS),288,308,377,369,309,258,299,320,292,240,189,220,124,146,91,66,19,22,4,-,-
Herval (RS),790,733,778,730,588,637,575,600,565,528,506,358,374,230,164,120,113,78,13,7,-
Erval Grande (RS),451,552,599,594,406,339,379,427,367,327,298,280,177,186,143,80,38,4,-,-,-
Erval Seco (RS),862,862,987,999,668,556,590,655,605,531,428,394,256,239,239,147,73,52,33,-,-
Esmeralda (RS),408,538,492,503,349,331,347,411,385,356,307,286,232,210,136,130,77,11,6,6,-
Esperança do Sul (RS),212,325,439,310,181,192,244,288,276,259,232,226,151,188,95,69,23,34,4,7,-
Espumoso (RS),1197,1332,1479,1616,1274,1177,1176,1296,1161,1052,919,596,580,482,372,182,144,117,32,-,-
Estação (RS),476,533,545,566,492,475,485,506,415,413,320,258,252,200,115,103,50,24,-,-,-
Estância Velha (RS),3128,3226,3378,3374,2929,2955,3355,3253,2679,2071,1464,1074,774,600,477,198,140,57,-,-,-
Esteio (RS),6628,6831,7377,7912,7182,6014,6348,6407,6183,5319,4556,2710,2164,1704,1297,811,340,157,90,8,9
Estrela (RS),2057,2221,2465,2660,2228,1951,2097,2266,2161,1746,1485,929,920,774,624,376,251,141,31,17,-
Estrela Velha (RS),273,352,368,382,320,266,247,257,240,284,210,138,102,92,109,35,11,3,3,-,-
Eugênio de Castro (RS),249,291,303,288,237,219,248,236,221,230,206,164,132,91,74,54,42,17,3,-,7
Fagundes Varela (RS),133,151,164,193,182,153,166,200,208,181,142,139,99,117,122,102,16,3,-,-,-
Farroupilha (RS),4557,4751,4896,5019,4723,4701,5140,5147,4229,3178,2591,1750,1459,1244,799,622,321,142,27,12,-
Faxinal do Soturno (RS),501,547,637,665,581,450,474,513,450,422,350,336,231,256,163,120,97,34,13,-,-
Faxinalzinho (RS),221,311,309,279,176,198,207,204,199,147,204,126,98,97,38,61,38,8,-,2,-
Fazenda Vilanova (RS),237,248,263,228,207,246,206,198,206,164,184,89,108,85,80,38,27,11,-,8,-
Feliz (RS),750,938,1023,1004,937,797,1001,968,910,698,529,464,450,276,209,200,89,46,27,-,-
Flores da Cunha (RS),1679,1824,2045,2273,2103,1776,2107,2201,1956,1492,1061,1009,749,564,403,236,164,36,-,-,-
Floriano Peixoto (RS),177,177,212,214,153,142,170,183,166,172,150,140,118,65,77,25,13,7,-,-,-
Fontoura Xavier (RS),1140,1188,1231,1254,981,768,786,748,703,637,504,489,351,232,248,108,70,26,3,6,-
Formigueiro (RS),501,613,701,715,516,470,536,564,550,492,426,391,312,277,204,181,82,50,17,-,-
Forquetinha (RS),...,...,...,...,...,...,...,...,...,...,...,...,...,...,...,...,...,...,...,...,...
Fortaleza dos Valos (RS),435,488,476,420,407,403,474,427,356,306,234,188,147,130,61,62,39,25,-,-,-
Frederico Westphalen (RS),2259,2485,2558,2653,2201,1953,2085,2067,1980,1650,1423,909,840,648,402,306,210,100,13,16,-
Garibaldi (RS),1867,2224,2365,2490,2407,2122,2346,2431,2359,1899,1653,1002,1108,683,673,348,211,124,17,9,-
Garruchos (RS),313,401,358,380,264,247,280,281,257,233,151,155,122,82,69,22,35,11,9,6,-
Gaurama (RS),431,530,537,569,465,415,484,531,451,410,329,313,303,228,165,131,79,6,14,-,-
General Câmara (RS),713,752,733,799,615,580,640,589,628,528,483,447,349,315,299,144,63,27,24,10,-
Gentil (RS),99,137,153,182,153,131,123,108,121,145,89,92,91,42,48,22,24,11,-,-,-
Getúlio Vargas (RS),1223,1473,1538,1477,1314,1087,1270,1351,1162,1021,842,730,511,600,480,303,86,29,-,12,-
Giruá (RS),1512,1709,1817,1879,1429,1276,1312,1375,1339,1199,975,768,726,476,451,258,195,43,-,10,-
Glorinha (RS),463,496,531,470,377,422,415,405,377,340,332,272,276,175,186,80,44,23,-,-,-
Gramado (RS),2281,2398,2459,2682,2526,2434,2509,2434,2080,1714,1384,1045,925,569,492,323,173,94,29,42,-
Gramado dos Loureiros (RS),251,240,308,281,170,147,170,205,155,150,115,91,95,44,80,4,14,22,-,-,-
Gramado Xavier (RS),380,400,364,392,301,347,270,258,219,134,181,119,115,68,26,45,27,14,5,-,-
Gravataí (RS),21916,21534,21835,23680,21175,17725,17620,17959,17750,15202,11277,8170,5576,4718,2891,2061,1038,372,108,11,11
Guabiju (RS),91,147,150,175,90,54,120,139,190,157,111,81,63,8,86,36,37,7,6,-,-
Guaíba (RS),8890,8637,9025,9375,8149,7346,7140,7647,7263,5816,4469,3265,2237,2032,1316,965,463,157,98,6,11
Guaporé (RS),1531,1642,1779,1716,1646,1524,1621,1689,1536,1278,1014,815,629,605,542,261,128,80,-,27,-
Guarani das Missões (RS),691,733,842,854,585,644,685,691,652,588,492,408,318,313,244,94,65,68,23,-,-
Harmonia (RS),257,314,302,302,271,282,310,313,286,235,201,125,104,153,126,39,39,-,-,-,-
Herveiras (RS),301,335,280,302,224,197,208,198,195,159,118,134,91,79,78,33,14,5,-,-,6
Horizontina (RS),1257,1403,1552,1656,1586,1427,1309,1435,1268,1185,1021,686,512,577,376,300,120,19,-,-,11
Hulha Negra (RS),524,558,553,514,441,331,401,401,349,304,265,194,157,180,77,70,28,11,-,-,-
Humaitá (RS),315,418,508,442,329,339,385,431,422,367,349,232,214,155,121,92,75,22,11,-,-
Ibarama (RS),375,385,434,456,361,341,296,313,328,280,220,211,145,110,84,67,22,17,8,-,-
Ibiaçá (RS),324,435,460,415,309,318,433,467,415,396,310,260,238,132,132,79,65,18,22,5,-
Ibiraiaras (RS),582,615,693,640,560,531,555,567,515,472,465,277,233,145,131,93,52,32,-,6,-
Ibirapuitã (RS),450,489,556,526,324,300,315,394,328,331,272,270,221,159,123,68,15,21,8,-,-
Ibirubá (RS),1313,1487,1591,1726,1545,1366,1349,1465,1378,1261,1110,735,739,532,385,354,190,101,-,-,6
Igrejinha (RS),2318,2490,2496,2558,2399,2325,2463,2300,1866,1440,1103,928,726,472,379,290,141,72,-,-,-
Ijuí (RS),6157,6578,7044,7514,6697,5870,5928,6209,5640,4882,4024,3129,2705,2123,1733,1077,701,332,49,69,-
Ilópolis (RS),312,418,409,420,325,266,273,327,333,280,237,173,182,76,61,75,65,23,-,-,-
Imbé (RS),1094,1100,1149,1195,981,873,844,909,861,806,599,602,465,327,266,112,34,24,-,-,-
Imigrante (RS),179,230,257,307,269,238,283,262,266,282,275,264,222,169,179,110,34,19,2,-,2
Independência (RS),577,621,708,672,523,450,505,561,530,462,431,315,340,194,228,90,41,48,6,6,-
Inhacorá (RS),229,215,265,205,171,139,180,178,162,142,102,120,75,74,48,35,10,29,-,-,-
Ipê (RS),357,370,455,450,354,283,421,428,436,376,380,317,266,211,168,91,78,14,-,-,-
Ipiranga do Sul (RS),112,158,176,173,138,144,166,161,154,147,146,114,63,95,86,9,13,3,-,-,-
Iraí (RS),725,850,879,980,674,626,676,663,594,594,493,422,310,295,254,67,58,72,9,5,4
Itaara (RS),430,435,430,407,362,353,320,360,314,240,206,208,159,139,119,51,24,14,-,7,-
Itacurubi (RS),283,301,317,316,260,230,253,265,262,224,174,185,147,92,86,61,24,11,12,-,-
Itapuca (RS),265,289,263,230,223,181,209,216,158,136,148,76,104,63,59,30,25,14,3,-,-
Itaqui (RS),4124,4102,3852,4113,3386,3083,2955,3032,2715,2186,1639,1332,1022,835,659,309,254,124,23,14,11
Itati (RS),...,...,...,...,...,...,...,...,...,...,...,...,...,...,...,...,...,...,...,...,...
Itatiba do Sul (RS),450,541,640,486,314,300,362,427,360,346,275,196,210,92,132,93,9,15,4,-,-
Ivorá (RS),142,194,224,244,192,146,136,162,189,153,165,151,97,90,74,92,13,31,-,-,-
Ivoti (RS),1126,1303,1390,1489,1400,1423,1447,1397,1216,917,637,451,373,258,163,124,123,60,15,6,-
Jaboticaba (RS),431,430,422,456,309,306,339,309,290,297,215,198,155,142,94,75,13,42,13,-,-
Jacuizinho (RS),...,...,...,...,...,...,...,...,...,...,...,...,...,...,...,...,...,...,...,...,...
Jacutinga (RS),286,399,382,381,275,259,343,335,333,287,268,189,177,104,113,58,41,19,-,-,-
Jaguarão (RS),2450,2661,2558,2780,2326,2141,2219,2331,1955,1848,1789,1242,973,1130,700,443,319,179,38,11,-
Jaguari (RS),838,1080,1075,1107,896,771,896,936,878,750,741,585,548,489,388,273,131,63,42,-,-
Jaquirana (RS),494,492,525,459,364,319,336,308,296,282,233,189,174,115,130,60,11,19,-,8,-
Jari (RS),329,332,359,349,301,271,257,269,247,234,238,129,112,142,66,64,29,20,4,-,-
Jóia (RS),735,803,808,770,635,642,601,683,565,473,346,380,264,199,212,71,64,17,16,-,-
Júlio de Castilhos (RS),1847,1938,2060,1977,1611,1346,1425,1565,1391,1260,950,844,715,499,414,268,138,105,56,8,-
Lagoa Bonita do Sul (RS),...,...,...,...,...,...,...,...,...,...,...,...,...,...,...,...,...,...,...,...,...
Lagoão (RS),616,651,598,575,462,474,419,424,344,290,264,301,166,214,134,114,26,15,6,-,5
Lagoa dos Três Cantos (RS),94,113,130,198,130,93,103,55,145,95,130,100,60,22,47,52,32,18,10,-,-
Lagoa Vermelha (RS),2629,2783,2669,2779,2271,2154,2258,2225,1988,1823,1520,1310,1129,863,586,443,266,81,46,-,9
Lajeado (RS),4868,5414,5614,6266,5671,5228,5451,5476,5019,3912,3236,2130,1716,1695,1023,820,338,209,29,18,-
Lajeado do Bugre (RS),249,230,255,259,213,156,177,155,143,143,141,91,110,57,31,23,7,24,-,-,-
Lavras do Sul (RS),678,684,717,753,592,557,582,637,550,443,457,357,356,303,226,76,63,51,17,10,-
Liberato Salzano (RS),507,665,735,678,411,408,464,511,503,422,371,264,290,99,134,42,35,30,5,-,-
Lindolfo Collor (RS),400,432,383,463,481,467,387,374,288,227,157,96,76,73,48,44,10,-,-,-,7
Linha Nova (RS),92,100,120,110,106,123,140,123,100,95,104,101,81,63,22,47,20,9,7,-,-
Machadinho (RS),458,505,561,568,429,349,373,438,408,368,325,256,208,199,135,53,70,20,-,5,-
Maçambará (RS),511,516,498,495,371,376,425,417,312,295,226,219,116,101,56,49,36,16,-,-,-
Mampituba (RS),254,298,343,314,246,195,262,241,205,165,144,119,116,65,66,45,14,9,6,-,-
Manoel Viana (RS),634,643,681,637,523,453,528,540,507,440,333,311,298,135,149,98,27,49,3,7,-
Maquiné (RS),634,656,632,702,512,520,539,555,475,406,382,313,298,235,201,136,46,44,12,5,-
Maratá (RS),191,184,203,184,156,188,200,168,156,195,118,149,133,97,76,71,27,17,-,-,-
Marau (RS),2265,2399,2408,2543,2742,2376,2504,2362,2071,1738,1384,1087,848,558,456,381,179,48,11,-,-
Marcelino Ramos (RS),479,529,592,534,424,403,423,431,419,365,372,266,284,184,185,104,43,51,15,-,5
Mariana Pimentel (RS),254,323,311,336,237,273,236,307,267,256,213,229,161,131,70,63,44,23,-,-,-
Mariano Moro (RS),166,194,226,238,185,171,191,194,197,178,147,98,73,88,93,12,10,12,-,-,-
Marques de Souza (RS),214,275,376,332,273,236,253,304,300,321,283,297,242,174,185,84,54,28,10,-,-
Mata (RS),425,479,478,534,389,389,411,394,332,353,329,272,212,200,141,118,78,36,6,-,-
Mato Castelhano (RS),192,174,156,288,230,135,173,134,197,197,208,113,103,80,29,14,-,25,4,-,-
Mato Leitão (RS),229,231,269,288,278,257,250,278,213,179,178,152,134,97,64,70,18,26,-,-,-
Mato Queimado (RS),...,...,...,...,...,...,...,...,...,...,...,...,...,...,...,...,...,...,...,...,...
Maximiliano de Almeida (RS),491,551,551,523,384,369,442,414,405,321,279,255,209,169,103,82,62,24,10,7,-
Minas do Leão (RS),679,690,721,750,568,502,565,587,533,439,364,274,222,189,97,81,18,36,6,-,-
Miraguaí (RS),429,474,530,473,304,286,319,372,353,326,278,207,218,165,141,80,60,15,-,-,5
Montauri (RS),96,127,148,141,96,104,127,143,147,125,150,38,82,91,28,22,17,-,1,1,-
Monte Alegre dos Campos (RS),316,297,299,254,190,195,233,219,194,155,158,136,101,111,71,42,51,12,6,-,-
Monte Belo do Sul (RS),124,208,211,243,176,157,187,242,210,231,185,193,120,146,102,76,49,9,11,-,-
Montenegro (RS),4492,4721,4926,5380,4525,4124,4219,4381,4218,3362,2646,2071,1831,1365,1040,690,361,248,84,8,-
Mormaço (RS),190,193,225,234,164,145,157,196,155,182,127,148,139,67,56,26,11,17,3,-,-
Morrinhos do Sul (RS),228,302,337,345,226,241,301,315,253,220,173,194,131,102,59,77,28,-,-,-,-
Morro Redondo (RS),395,436,465,558,405,381,392,447,370,412,384,353,286,280,207,152,45,18,6,6,-
Morro Reuter (RS),335,385,440,455,398,425,454,445,384,295,203,234,133,172,54,93,62,12,-,-,5
Mostardas (RS),1036,1094,1140,954,768,786,931,967,850,757,590,415,452,271,236,140,121,85,57,9,-
Muçum (RS),260,330,375,365,310,327,348,358,330,315,342,263,228,206,150,113,49,54,5,-,-
Muitos Capões (RS),288,264,219,237,184,204,221,215,176,177,144,151,107,103,89,41,32,9,2,-,4
Muliterno (RS),174,169,178,154,120,115,120,150,130,119,105,48,33,73,51,10,16,3,-,-,-
Não-Me-Toque (RS),1072,1146,1282,1378,1156,1137,1132,1170,1016,958,733,629,484,377,365,164,134,72,8,-,-
Nicolau Vergueiro (RS),129,133,143,179,138,109,120,158,135,131,106,76,59,84,45,48,19,-,-,-,-
Nonoai (RS),1270,1334,1428,1369,989,850,884,859,826,662,510,499,405,322,297,169,88,25,14,14,8
Nova Alvorada (RS),215,248,250,253,207,227,218,212,210,162,139,131,75,79,75,31,21,1,3,-,-
Nova Araçá (RS),203,259,268,228,257,227,240,252,221,236,264,171,126,85,65,70,44,19,-,-,-
Nova Bassano (RS),560,569,641,650,678,578,634,673,581,531,481,317,292,239,198,126,65,19,4,-,-
Nova Boa Vista (RS),125,229,173,172,155,141,169,185,184,172,122,103,92,48,52,48,38,10,5,-,-
Nova Bréscia (RS),286,354,377,378,248,249,267,328,345,353,282,307,240,193,200,93,52,12,-,-,-
Nova Candelária (RS),172,219,242,305,211,192,193,191,223,220,235,151,111,62,73,48,27,4,-,-,4
Nova Esperança do Sul (RS),309,357,349,387,320,280,360,329,315,238,195,148,153,108,95,33,34,-,-,-,-
Nova Hartz (RS),1448,1502,1407,1533,1580,1495,1373,1215,939,762,564,379,295,249,102,131,58,29,11,-,-
Nova Pádua (RS),145,155,176,190,177,150,182,245,212,174,143,100,98,88,73,45,33,4,5,-,-
Nova Palma (RS),508,568,609,633,505,408,432,498,401,413,309,294,219,182,140,146,25,17,-,6,-
Nova Petrópolis (RS),1068,1154,1357,1505,1539,1415,1416,1311,1237,1052,1051,611,572,578,490,255,216,29,35,-,-
Nova Prata (RS),1307,1469,1545,1631,1616,1433,1519,1578,1397,1202,984,698,566,543,431,273,75,65,-,12,-
Nova Ramada (RS),180,200,244,271,193,198,201,220,187,173,121,178,115,86,73,40,27,10,-,6,-
Nova Roma do Sul (RS),192,222,217,242,180,190,277,274,231,188,193,126,169,135,93,58,38,7,-,-,-
Nova Santa Rita (RS),1590,1614,1463,1501,1347,1306,1286,1218,1107,890,681,535,415,322,202,160,66,34,13,-,-
Novo Cabrais (RS),282,264,306,336,244,256,288,268,251,240,201,168,131,129,72,74,23,24,8,-,-
Novo Hamburgo (RS),21342,21699,21640,22095,20615,18931,20666,20799,17203,13765,10477,8263,6487,4594,3474,2361,1024,546,144,22,46
Novo Machado (RS),290,360,421,379,321,279,347,383,397,342,286,233,181,205,127,81,58,28,-,-,-
Novo Tiradentes (RS),178,232,256,239,144,160,154,200,160,155,131,110,123,52,59,39,7,7,-,6,-
Novo Xingu (RS),...,...,...,...,...,...,...,...,...,...,...,...,...,...,...,...,...,...,...,...,...
Novo Barreiro (RS),306,331,420,363,261,262,282,266,282,241,166,205,140,141,87,58,21,18,8,9,-
Osório (RS),3070,3247,3418,3632,2954,2672,2783,2902,2510,2231,1929,1335,1035,949,689,407,286,66,16,-,-
Paim Filho (RS),367,449,452,423,295,290,383,385,366,321,280,208,214,164,111,72,35,15,-,-,-
Palmares do Sul (RS),909,984,1041,1008,803,725,805,849,776,700,632,457,418,274,191,148,76,30,25,-,4
Palmeira das Missões (RS),3519,3821,3902,3916,3004,2737,2816,2951,2535,2187,1631,1460,1244,900,675,413,196,192,75,18,-
Palmitinho (RS),540,728,747,698,503,466,500,534,502,462,345,259,224,208,102,56,51,18,-,-,-
Panambi (RS),2756,2778,2990,3092,3017,2667,2618,2491,2273,1988,1568,1219,1008,689,733,387,199,92,35,10,-
Pantano Grande (RS),1035,968,990,1121,860,797,784,849,768,673,591,422,370,319,212,172,25,14,9,-,-
Paraí (RS),422,485,547,538,461,422,487,546,515,428,327,227,186,167,119,75,60,9,-,-,-
Paraíso do Sul (RS),482,550,588,661,531,501,547,534,514,483,332,411,317,262,245,103,70,60,14,4,4
Pareci Novo (RS),222,265,266,296,268,233,234,274,296,212,135,161,125,138,61,33,17,-,6,-,-
Parobé (RS),4712,4756,4308,4265,4084,4203,4200,3908,3006,2124,1680,1028,801,753,429,290,113,74,32,9,-
Passa Sete (RS),434,476,466,434,360,307,374,301,289,293,213,257,147,128,107,26,25,7,-,-,-
Passo do Sobrado (RS),362,445,458,511,429,349,435,464,445,355,329,216,195,256,101,102,82,27,5,-,-
Passo Fundo (RS),14711,15073,15872,17048,15627,12839,12931,13324,11913,10002,7821,5826,4932,3961,3053,1654,1178,479,182,24,8
Paulo Bento (RS),...,...,...,...,...,...,...,...,...,...,...,...,...,...,...,...,...,...,...,...,...
Paverama (RS),564,603,626,687,610,587,568,558,554,480,423,379,286,342,183,166,103,6,12,6,-
Pedras Altas (RS),...,...,...,...,...,...,...,...,...,...,...,...,...,...,...,...,...,...,...,...,...
Pedro Osório (RS),635,663,691,723,573,527,589,592,584,513,541,337,304,314,221,158,63,56,14,10,-
Pejuçara (RS),298,395,416,444,308,304,306,335,304,252,191,157,151,139,87,61,21,16,4,-,-
Pelotas (RS),26365,26366,27465,30823,27019,23601,23397,24799,23283,20476,17633,13650,11768,9422,7799,4805,2606,1291,510,68,11
Picada Café (RS),310,365,405,410,422,401,425,422,343,268,222,180,181,104,126,40,30,19,-,-,-
Pinhal (RS),176,280,252,257,148,161,203,223,176,140,128,92,66,85,66,38,8,4,-,-,-
Pinhal da Serra (RS),...,...,...,...,...,...,...,...,...,...,...,...,...,...,...,...,...,...,...,...,...
Pinhal Grande (RS),431,481,484,460,331,308,355,344,335,285,255,189,150,126,114,55,22,-,-,-,-
Pinheirinho do Vale (RS),362,420,482,442,263,273,257,276,285,296,246,161,139,96,71,39,28,37,12,-,-
Pinheiro Machado (RS),1060,1213,1224,1224,1019,1021,1130,1238,1050,889,812,666,627,524,364,242,162,110,11,5,4
Pirapó (RS),226,322,397,332,187,188,254,239,217,206,206,166,112,122,56,79,24,11,5,-,-
Piratini (RS),1494,1486,1470,1587,1409,1420,1484,1458,1290,1233,1220,987,973,631,579,334,208,96,13,42,-
Planalto (RS),987,1114,1121,1160,832,687,799,831,832,677,629,353,390,340,280,167,41,47,7,8,-
Poço das Antas (RS),116,134,161,175,139,121,129,135,143,146,148,74,107,76,51,76,16,-,-,-,-
Pontão (RS),361,400,397,402,282,288,298,304,271,240,213,128,138,49,55,30,18,25,-,-,5
Ponte Preta (RS),116,208,186,163,145,121,170,176,155,148,157,103,111,72,66,36,16,3,-,-,-
Portão (RS),2234,2287,2311,2348,2139,2016,2063,2165,1704,1482,1123,878,528,610,310,248,148,26,25,-,12
Porto Alegre (RS),104076,102252,107317,125149,123772,106169,99795,108307,102385,90011,73650,57166,47077,39928,32269,21073,11839,5896,1954,335,171
Porto Lucena (RS),399,527,544,570,385,350,438,491,460,474,436,392,218,300,172,123,79,40,-,-,-
Porto Mauá (RS),188,232,256,288,189,144,226,216,222,161,163,139,96,124,72,45,22,11,7,-,-
Porto Vera Cruz (RS),152,231,252,203,128,147,183,187,176,204,167,127,141,66,39,31,25,-,5,-,-
Porto Xavier (RS),965,1104,1077,1129,849,816,762,805,810,655,511,505,404,314,225,116,76,31,11,-,23
Pouso Novo (RS),216,147,245,223,151,125,118,120,150,128,98,95,141,111,84,35,-,4,4,-,-
Presidente Lucena (RS),147,175,205,171,146,161,178,182,149,148,109,48,77,65,44,52,12,-,-,-,-
Progresso (RS),509,703,626,577,449,426,538,507,387,405,324,320,272,175,129,78,65,7,-,-,-
Protásio Alves (RS),123,151,176,184,148,152,184,132,145,171,196,105,103,71,29,8,28,5,-,-,-
Putinga (RS),307,380,413,429,299,252,267,344,346,351,267,272,215,144,197,86,44,16,-,-,-
Quaraí (RS),2160,2240,2131,2144,1912,1768,1746,1871,1429,1293,1191,1061,1066,628,530,478,200,102,40,11,-
Quatro Irmãos (RS),...,...,...,...,...,...,...,...,...,...,...,...,...,...,...,...,...,...,...,...,...
Quevedos (RS),215,263,269,256,187,196,203,206,176,177,102,161,108,67,35,36,27,6,-,-,-
Quinze de Novembro (RS),194,280,304,307,249,234,275,277,260,260,203,210,150,125,113,70,32,34,-,4,-
Redentora (RS),1208,1103,1010,918,632,513,528,559,483,427,337,227,184,271,151,132,79,55,23,5,-
Relvado (RS),105,153,195,206,118,115,119,162,179,174,103,184,157,111,63,84,57,8,-,-,-
Restinga Sêca (RS),1313,1444,1448,1480,1145,1077,1211,1280,1172,1021,841,750,673,542,425,278,171,87,17,25,-
Rio dos Índios (RS),415,505,485,496,289,268,318,365,320,285,252,165,203,117,102,60,16,12,10,5,14
Rio Grande (RS),16091,15714,16261,17960,15595,13353,13059,14404,13556,12397,9621,7606,6043,5307,4353,2483,1525,954,185,66,10
Rio Pardo (RS),3077,3450,3364,3529,2811,2604,2738,2913,2647,2287,1926,1664,1507,1142,923,656,247,202,89,8,-
Riozinho (RS),365,364,350,387,349,286,336,299,268,230,209,166,144,106,102,57,16,37,-,-,-
Roca Sales (RS),552,598,725,830,688,610,653,721,705,669,523,431,419,386,374,192,154,46,5,3,-
Rodeio Bonito (RS),435,514,593,610,453,379,417,469,412,382,262,213,174,175,115,59,72,12,5,-,-
Rolador (RS),...,...,...,...,...,...,...,...,...,...,...,...,...,...,...,...,...,...,...,...,...
Rolante (RS),1487,1654,1648,1571,1513,1438,1513,1428,1081,982,904,673,639,463,317,293,154,74,11,8,-
Ronda Alta (RS),767,901,992,975,762,707,754,722,679,624,552,414,394,282,245,148,80,34,20,-,-
Rondinha (RS),393,471,497,522,410,464,474,484,439,387,370,313,322,213,172,103,45,22,6,-,-
Roque Gonzales (RS),598,690,799,754,507,510,580,568,546,509,388,410,337,235,175,96,59,28,5,5,-
Rosário do Sul (RS),3509,3674,3682,3853,3126,2758,3024,3162,2646,2378,2248,1739,1720,1257,871,619,482,187,84,10,30
Sagrada Família (RS),220,233,281,279,180,172,188,198,186,171,132,102,100,77,66,26,33,-,4,-,-
Saldanha Marinho (RS),191,253,254,309,234,227,259,272,232,233,200,159,132,87,55,53,35,10,-,-,-
Salto do Jacuí (RS),1255,1288,1314,1290,1089,993,989,1013,858,688,534,500,430,270,199,162,62,14,-,-,-
Salvador das Missões (RS),176,197,278,209,148,142,218,236,217,199,147,125,104,107,62,39,41,20,-,-,-
Salvador do Sul (RS),482,544,599,611,576,558,536,590,480,453,360,265,229,220,168,126,61,38,16,-,-
Sananduva (RS),1007,1185,1345,1340,982,957,1097,1294,1154,1091,907,718,522,423,334,201,92,64,24,8,-
Santa Bárbara do Sul (RS),831,978,941,974,761,705,829,872,712,582,506,370,302,253,184,94,61,31,10,7,-
Santa Cecília do Sul (RS),...,...,...,...,...,...,...,...,...,...,...,...,...,...,...,...,...,...,...,...,...
Santa Clara do Sul (RS),266,363,400,463,409,344,335,365,358,363,296,201,203,140,96,102,63,39,-,-,-
Santa Cruz do Sul (RS),8405,8651,9148,9969,9176,8583,8963,9083,8102,6954,5189,4276,3267,3002,2229,1279,822,398,80,51,5
Santa Maria (RS),19603,20088,20874,24000,21925,18927,18101,19777,17591,14548,12396,9358,8374,6223,4713,3803,1911,926,292,140,40
Santa Maria do Herval (RS),395,446,490,548,516,489,528,491,440,393,343,194,176,165,134,45,77,15,5,-,-
Santa Margarida do Sul (RS),...,...,...,...,...,...,...,...,...,...,...,...,...,...,...,...,...,...,...,...,...
Santana da Boa Vista (RS),606,732,700,665,590,641,700,604,571,560,509,450,356,353,268,141,116,31,22,6,-
Sant'Ana do Livramento (RS),8361,8515,8131,8464,7098,6363,6567,7060,6112,5033,4604,3832,3235,2822,1923,1185,867,441,206,-,31
Santa Rosa (RS),5489,5914,6075,6170,5755,5286,5340,5252,4578,3811,3165,2308,1783,1529,1185,726,289,284,58,19,-
Santa Tereza (RS),47,157,181,83,107,96,104,147,132,121,91,153,114,96,84,23,19,13,-,-,-
Santa Vitória do Palmar (RS),2961,3042,2978,3152,2533,2371,2558,2668,2256,2022,1639,1401,1114,966,674,520,230,110,82,13,14
Santiago (RS),4125,4436,4700,5046,4381,3641,4030,3971,3573,3071,2639,2277,1952,1541,1094,822,470,261,93,15,-
Santo Ângelo (RS),6446,6778,7031,7349,6408,5872,5989,5985,5283,4629,3726,2990,2611,1945,1494,1171,685,226,109,11,7
Santo Antônio do Palma (RS),148,183,190,203,167,159,181,153,162,135,147,77,141,54,65,24,10,4,-,4,-
Santo Antônio da Patrulha (RS),2984,3153,3175,3371,2879,2623,2931,2890,2494,2092,1933,1772,1629,995,945,466,378,247,62,6,10
Santo Antônio das Missões (RS),1020,1162,1274,1191,920,896,876,938,831,773,697,587,518,337,316,172,92,75,15,-,-
Santo Antônio do Planalto (RS),174,166,184,164,140,130,159,190,144,121,97,86,95,60,30,34,4,22,-,-,-
Santo Augusto (RS),1146,1331,1407,1446,1167,1095,1091,1122,1018,896,674,596,466,376,255,179,78,60,22,-,-
Santo Cristo (RS),1051,1236,1424,1371,1039,1004,1220,1258,1177,969,798,638,525,468,344,202,113,39,14,-,-
Santo Expedito do Sul (RS),170,228,290,242,181,181,213,218,194,191,180,154,93,35,42,25,29,12,5,-,-
São Borja (RS),5955,6326,6398,6277,5500,4812,4754,4904,4314,3623,3072,2468,2031,1633,1092,825,493,323,38,31,-
São Domingos do Sul (RS),188,245,252,246,182,181,203,241,215,241,213,95,89,61,86,51,15,5,6,11,5
São Francisco de Assis (RS),1613,1816,1911,1954,1477,1365,1533,1514,1438,1331,1061,1010,845,678,655,259,197,88,48,16,-
São Francisco de Paula (RS),1819,1866,1820,1826,1528,1410,1458,1498,1309,1079,926,928,580,695,361,302,192,76,52,-,-
São Gabriel (RS),5289,5425,5337,5772,5173,4460,4530,4715,4404,3686,3238,2836,2405,1912,1331,793,552,290,90,12,-
São Jerônimo (RS),1648,1821,1782,2000,1737,1458,1505,1516,1433,1248,942,947,749,549,403,228,163,117,29,9,-
São João da Urtiga (RS),345,414,427,425,330,331,391,379,352,359,303,311,151,160,89,91,59,11,-,-,-
São João do Polêsine (RS),168,183,227,297,178,130,200,195,224,158,163,109,105,144,116,65,47,36,-,-,-
São Jorge (RS),168,229,252,280,196,183,221,232,222,236,176,122,131,60,71,54,26,4,4,8,-
São José das Missões (RS),238,284,313,300,180,193,218,209,305,140,169,144,121,101,36,16,32,1,-,-,-
São José do Herval (RS),202,286,280,256,210,196,162,125,172,122,146,106,82,95,46,23,12,8,-,-,-
São José do Hortêncio (RS),219,284,283,285,273,275,311,281,271,218,169,105,153,73,76,52,46,8,5,-,-
São José do Inhacorá (RS),140,182,230,210,162,141,158,192,177,189,145,147,93,91,84,29,14,10,8,-,-
São José do Norte (RS),2062,2179,2079,2102,1719,1794,1937,2057,1638,1511,1165,1001,866,669,498,300,124,46,49,-,-
São José do Ouro (RS),518,612,608,601,456,492,572,602,549,466,435,271,270,252,139,108,55,31,14,-,-
São José do Sul (RS),...,...,...,...,...,...,...,...,...,...,...,...,...,...,...,...,...,...,...,...,...
São José dos Ausentes (RS),367,312,314,260,239,233,259,246,200,158,143,94,112,67,43,27,23,7,-,-,-
São Leopoldo (RS),17776,17816,17974,18633,17416,15946,16082,16293,14140,11493,9231,6030,5045,3628,2594,1856,957,418,148,39,31
São Lourenço do Sul (RS),3319,3541,3692,4067,3487,2954,3110,3344,3060,2701,2512,1832,1643,1615,1133,820,550,224,73,8,6
São Luiz Gonzaga (RS),3285,3662,4079,3980,3102,2686,2700,2854,2723,2367,2035,1602,1313,1108,813,608,259,277,87,13,-
São Marcos (RS),1413,1672,1683,1716,1588,1509,1683,1771,1420,1074,870,741,642,438,359,225,64,44,22,16,8
São Martinho (RS),401,506,542,636,443,409,425,521,484,451,356,352,271,167,141,116,66,22,12,-,-
São Martinho da Serra (RS),251,244,256,282,200,208,191,233,233,216,180,194,158,160,91,69,62,8,3,6,-
São Miguel das Missões (RS),719,763,742,742,579,520,569,581,551,460,396,285,268,182,133,68,84,17,12,4,6
São Nicolau (RS),566,698,664,652,403,377,402,458,388,380,387,234,215,223,146,92,74,30,13,-,4
São Paulo das Missões (RS),522,612,709,702,437,421,492,561,591,502,455,247,299,222,213,126,35,29,12,-,-
São Pedro da Serra (RS),259,271,266,255,245,217,261,238,199,138,147,90,82,68,60,39,4,-,4,-,-
São Pedro das Missões (RS),...,...,...,...,...,...,...,...,...,...,...,...,...,...,...,...,...,...,...,...,...
São Pedro do Butiá (RS),185,251,256,261,163,172,238,250,215,190,160,138,132,83,92,43,12,18,-,3,-
São Pedro do Sul (RS),1201,1356,1495,1589,1215,1182,1177,1220,1134,1074,938,870,704,654,452,424,212,72,11,10,-
São Sebastião do Caí (RS),1589,1605,1801,1815,1573,1454,1597,1737,1492,1241,1006,726,722,462,371,198,179,73,43,16,-
São Sepé (RS),1907,2117,2175,2088,1841,1593,1809,2017,1833,1625,1387,1040,915,848,724,406,166,90,32,8,-
São Valentim (RS),280,392,383,392,247,243,278,306,306,289,203,245,161,154,119,61,26,25,-,-,-
São Valentim do Sul (RS),98,147,172,197,124,117,133,159,182,161,171,110,119,77,116,31,11,11,4,-,-
São Valério do Sul (RS),289,257,293,261,192,168,176,152,155,163,129,109,97,66,43,28,26,11,5,5,-
São Vendelino (RS),130,130,137,126,147,92,180,127,80,100,73,85,81,68,55,22,30,11,7,-,-
São Vicente do Sul (RS),798,764,757,802,601,568,637,638,578,503,385,308,270,297,175,135,63,41,7,9,-
Sapiranga (RS),6974,6800,6444,6680,6458,6372,6387,5879,4570,3372,2609,2108,1578,1215,781,490,344,81,21,25,-
Sapucaia do Sul (RS),11391,11266,11467,11970,11396,9847,9821,9873,8971,7675,5986,4438,3344,2030,1513,982,470,155,132,24,-
Sarandi (RS),1434,1645,1656,1711,1572,1395,1411,1467,1245,1147,782,826,584,456,322,267,156,39,23,-,23
Seberi (RS),930,1002,1158,1098,823,723,795,835,846,716,633,438,428,327,255,205,85,34,11,8,-
Sede Nova (RS),267,274,291,322,240,201,202,249,253,214,139,155,123,95,83,67,10,23,-,-,-
Segredo (RS),645,705,633,706,556,481,495,522,445,367,346,301,251,186,119,90,46,11,-,5,-
Selbach (RS),325,411,447,447,323,309,408,465,382,281,271,175,183,144,149,100,30,6,5,-,-
Senador Salgado Filho (RS),218,263,267,299,201,211,271,234,220,183,103,170,104,77,20,57,14,5,10,-,-
Sentinela do Sul (RS),405,428,443,442,330,389,375,376,315,237,215,264,152,237,146,80,25,27,3,3,-
Serafina Corrêa (RS),807,874,913,976,917,875,911,933,807,687,594,455,372,270,220,134,106,18,19,6,-
Sério (RS),180,242,262,236,212,177,197,197,177,148,147,164,115,111,78,42,17,4,-,-,-
Sertão (RS),535,639,691,755,522,465,539,578,550,498,428,311,293,227,206,103,88,20,13,5,-
Sertão Santana (RS),389,475,452,466,384,371,386,420,355,322,290,230,226,161,121,99,48,48,24,-,5
Sete de Setembro (RS),143,155,223,209,169,159,167,189,186,162,131,83,115,81,114,35,18,11,7,-,-
Severiano de Almeida (RS),293,359,362,429,290,267,295,368,303,286,259,157,132,133,129,66,9,11,4,-,-
Silveira Martins (RS),155,185,177,213,157,189,166,202,188,198,159,162,124,70,82,86,32,20,7,-,-
Sinimbu (RS),761,854,928,943,781,716,699,712,649,634,485,555,510,309,253,218,104,67,26,5,-
Sobradinho (RS),1432,1496,1471,1592,1253,1177,1244,1274,1110,1000,746,758,555,504,341,201,103,65,6,-,-
Soledade (RS),2716,2885,2823,3008,2525,2086,2221,2224,1979,1691,1481,1072,859,763,576,351,228,192,19,12,15
Tabaí (RS),263,306,279,331,276,280,269,253,171,250,216,154,120,142,126,66,38,18,4,-,-
Tapejara (RS),1131,1418,1398,1322,1170,1089,1334,1331,1131,898,775,571,444,454,339,164,103,21,15,6,-
Tapera (RS),808,949,977,993,830,798,848,844,751,644,502,426,403,278,222,126,93,38,34,-,-
Tapes (RS),1567,1449,1484,1533,1309,1194,1166,1249,1076,870,873,602,595,477,329,316,122,52,22,-,6
Taquara (RS),4767,4700,4611,5121,4562,4109,4235,4283,3599,2905,2469,2034,1687,1323,1055,634,495,175,9,51,-
Taquari (RS),2082,2295,2200,2468,2057,1950,2074,2126,1856,1632,1355,1006,886,620,559,333,183,178,15,13,-
Taquaruçu do Sul (RS),216,250,281,305,215,174,204,236,215,186,185,116,117,78,74,60,2,6,-,-,-
Tavares (RS),375,415,429,436,320,366,406,445,409,401,337,258,271,170,127,66,72,29,5,6,-
Tenente Portela (RS),1381,1369,1492,1429,1077,905,889,1038,992,865,732,533,449,454,306,221,129,61,12,5,5
Terra de Areia (RS),939,1059,1139,1104,772,799,853,893,769,690,517,509,429,359,297,163,107,34,17,-,4
Teutônia (RS),1659,1836,1964,2051,1921,1856,1844,1925,1690,1521,1115,953,821,547,459,395,187,122,19,-,6
Tio Hugo (RS),...,...,...,...,...,...,...,...,...,...,...,...,...,...,...,...,...,...,...,...,...
Tiradentes do Sul (RS),604,617,762,702,455,410,475,485,523,566,555,351,304,244,221,87,104,33,-,-,-
Toropi (RS),205,225,279,293,221,229,221,214,233,210,227,149,115,146,114,59,31,14,6,-,6
Torres (RS),2564,2847,2950,3131,2561,2261,2476,2545,2258,1886,1607,1095,998,636,499,350,163,34,11,-,7
Tramandaí (RS),3079,3156,2974,3236,2477,2184,2233,2337,2192,1741,1306,1334,1014,692,629,241,148,33,15,20,-
Travesseiro (RS),125,157,177,208,124,154,168,156,172,178,196,122,143,81,98,60,17,10,3,-,-
Três Arroios (RS),137,256,239,242,219,229,264,280,225,207,216,143,162,117,74,59,57,7,-,6,5
Três Cachoeiras (RS),722,832,945,934,771,660,771,819,722,580,452,353,304,270,179,102,58,44,-,5,-
Três Coroas (RS),1662,1702,1815,1921,1846,1771,1713,1516,1270,1114,830,699,475,406,293,228,76,85,-,-,9
Três de Maio (RS),1699,2115,2199,2226,1879,1761,1845,1885,1749,1537,1198,1073,881,772,585,350,190,116,54,23,-
Três Forquilhas (RS),268,278,287,297,243,216,267,253,179,179,155,191,125,139,58,46,30,15,13,-,-
Três Palmeiras (RS),363,436,523,506,286,254,257,343,314,316,260,213,167,145,137,62,15,11,11,-,-
Três Passos (RS),1809,2013,2190,2251,1861,1743,1839,2013,1878,1574,1413,1040,1032,657,644,339,200,108,42,10,-
Trindade do Sul (RS),532,565,666,631,380,347,384,453,402,346,303,268,226,150,148,43,44,22,3,9,-
Triunfo (RS),2051,2144,2134,2045,1737,1613,1685,1697,1461,1277,1125,781,700,690,447,270,144,80,53,15,17
Tucunduva (RS),372,527,530,571,457,442,459,563,453,429,394,265,296,199,142,108,50,30,10,9,-
Tunas (RS),399,475,469,472,315,302,297,325,269,209,162,187,133,119,84,35,35,23,-,-,-
Tupanci do Sul (RS),126,167,161,130,105,107,133,153,123,79,68,128,51,96,56,30,13,3,-,-,-
Tupanciretã (RS),1847,1888,2053,2064,1657,1435,1518,1608,1470,1276,1075,686,769,580,537,199,135,112,30,-,8
Tupandi (RS),215,233,238,247,243,234,297,247,201,180,116,132,92,105,54,51,55,14,5,-,-
Tuparendi (RS),630,750,814,845,659,615,734,828,687,620,522,537,405,322,268,175,93,32,5,-,-
Turuçu (RS),271,297,332,358,324,305,239,268,279,225,244,141,159,72,111,47,19,13,6,-,-
Ubiretama (RS),197,199,245,235,218,191,208,198,198,178,184,95,148,53,62,47,18,3,-,-,-
União da Serra (RS),67,150,167,187,122,96,103,113,174,181,121,105,90,20,88,82,22,20,-,-,-
Unistalda (RS),231,258,248,290,159,164,169,212,165,134,159,129,115,83,60,19,28,10,5,6,-
Uruguaiana (RS),13201,12646,12425,12501,11193,9935,9854,9831,8363,6679,5265,4494,3644,2425,1904,1278,834,304,99,19,42
Vacaria (RS),5136,5246,5129,5574,4834,4199,4434,4493,3981,3386,2650,2405,1961,1531,1064,710,375,215,18,-,-
Vale Verde (RS),201,257,209,225,217,273,209,302,206,178,204,183,126,114,91,49,37,9,5,5,-
Vale do Sol (RS),875,906,854,866,831,859,808,777,678,679,565,522,374,312,259,239,98,43,6,7,-
Vale Real (RS),335,366,366,413,413,410,397,347,309,227,189,170,103,106,88,41,42,14,4,-,-
Vanini (RS),124,149,178,161,122,125,174,175,130,135,102,54,65,56,52,56,29,-,-,-,-
Venâncio Aires (RS),4776,5131,5170,5307,4962,4824,4985,5020,4500,3842,3018,2639,2345,1701,1221,1017,492,211,73,-,-
Vera Cruz (RS),1800,1850,1774,1916,1643,1690,1760,1729,1429,1309,1082,948,755,578,536,290,113,61,25,12,-
Veranópolis (RS),1216,1440,1594,1796,1660,1424,1510,1680,1511,1286,1161,728,692,596,509,336,181,104,42,-,-
Vespasiano Corrêa (RS),99,159,145,182,188,138,156,153,164,157,150,124,95,125,90,33,39,12,-,-,-
Viadutos (RS),407,522,572,519,424,397,435,481,411,430,337,261,221,274,131,138,110,16,-,-,-
Viamão (RS),23187,22374,21172,22005,19963,17758,17186,17331,15574,13195,10347,8339,6424,5192,3625,1870,1194,439,141,68,46
Vicente Dutra (RS),579,649,688,607,460,361,415,419,370,319,264,314,164,161,146,107,66,32,7,-,-
Victor Graeff (RS),287,321,314,338,284,274,313,316,297,248,249,157,159,139,77,102,46,3,-,-,-
Vila Flores (RS),180,237,310,243,244,194,237,284,264,224,145,128,120,103,71,53,27,17,4,-,-
Vila Lângaro (RS),179,203,178,179,161,153,220,197,161,133,172,89,77,77,43,33,15,-,7,-,-
Vila Maria (RS),251,332,354,385,258,280,331,340,336,306,251,199,148,147,109,75,48,22,-,-,-
Vila Nova do Sul (RS),322,377,380,355,269,259,321,339,288,296,249,189,216,144,129,51,40,39,-,-,-
Vista Alegre (RS),238,292,288,321,217,192,231,234,225,202,150,113,72,92,55,52,11,11,-,-,-
Vista Alegre do Prata (RS),93,103,129,120,100,112,98,146,118,131,127,85,67,48,63,35,33,11,-,-,-
Vista Gaúcha (RS),216,237,278,237,150,166,217,242,219,193,130,106,94,91,62,43,12,26,6,-,-
Vitória das Missões (RS),288,342,341,359,313,273,285,281,283,268,265,209,164,130,73,62,17,20,5,-,-
Westfália (RS),...,...,...,...,...,...,...,...,...,...,...,...,...,...,...,...,...,...,...,...,...
Xangri-lá (RS),870,858,823,800,708,635,676,598,532,487,357,294,207,138,107,71,31,4,-,-,-
Água Clara (MS),1283,1266,1215,1182,1161,977,964,882,669,483,254,276,155,110,67,39,6,-,17,-,8
Alcinópolis (MS),373,394,386,374,320,334,334,284,220,169,163,112,106,54,23,28,1,-,4,-,-
Amambai (MS),3451,3365,3156,3140,2791,2513,2127,1892,1586,1272,905,1001,677,576,375,307,200,112,19,9,9
Anastácio (MS),2275,2296,2374,2426,2014,1733,1690,1551,1340,1104,1065,596,671,468,435,221,99,119,-,-,-
Anaurilândia (MS),795,850,853,856,753,617,619,576,446,352,280,280,223,167,118,86,52,26,6,-,-
Angélica (MS),653,715,769,738,583,574,615,542,443,349,339,288,298,142,154,96,28,20,10,-,-
Antônio João (MS),841,924,853,843,609,536,477,484,403,324,276,215,214,117,170,55,54,13,-,-,-
Aparecida do Taboado (MS),1610,1757,1628,1787,1702,1442,1378,1303,1243,1073,868,712,619,465,328,225,208,48,-,8,-
Aquidauana (MS),4522,4476,4396,4604,3982,3329,2951,2870,2679,2260,1765,1461,1213,1027,764,575,356,153,8,29,20
Aral Moreira (MS),995,1078,993,786,697,611,585,527,463,324,213,250,186,147,86,57,29,12,15,-,-
Bandeirantes (MS),580,714,666,618,534,521,537,468,385,315,266,243,199,137,110,53,34,36,4,4,-
Bataguassu (MS),1591,1646,1761,1760,1630,1352,1339,1244,992,764,568,464,344,368,221,72,68,12,-,-,-
Batayporã (MS),1094,1098,1142,1098,957,871,832,760,600,502,418,328,350,183,165,140,58,15,14,-,-
Bela Vista (MS),2434,2513,2369,2355,1970,1641,1540,1436,1227,975,843,619,497,489,359,222,102,121,42,10,-
Bodoquena (MS),888,962,1026,883,786,652,643,564,441,433,284,274,183,147,113,38,18,26,4,3,-
Bonito (MS),1772,1799,1851,1844,1606,1416,1280,1294,1019,822,604,461,423,278,193,157,54,52,19,-,12
Brasilândia (MS),1234,1278,1270,1218,1235,1097,1000,867,689,579,518,228,245,220,141,53,60,11,9,-,5
Caarapó (MS),2247,2290,2275,2213,1855,1708,1526,1420,1177,880,586,808,459,528,321,191,121,65,36,-,-
Camapuã (MS),1489,1754,1711,1660,1483,1440,1300,1255,1021,854,667,527,535,289,231,138,41,32,9,11,-
Campo Grande (MS),59370,63571,65851,69511,65246,57744,54250,52567,44308,35524,26910,20554,16205,12066,8521,5595,3315,1633,599,171,110
Caracol (MS),552,543,475,461,402,346,348,314,251,201,152,176,170,93,84,10,10,5,-,-,-
Cassilândia (MS),1606,1817,1830,2021,1770,1515,1617,1473,1333,1230,1000,800,681,535,422,180,149,64,36,8,-
Chapadão do Sul (MS),1222,1304,1191,1141,1139,1132,1243,1031,796,540,341,244,154,91,41,25,12,11,-,-,-
Corguinho (MS),345,384,368,357,320,280,252,271,223,200,117,141,119,83,58,38,27,4,4,-,-
Coronel Sapucaia (MS),1693,1688,1581,1465,1180,1010,877,811,611,442,363,303,341,144,150,106,45,-,-,-,-
Corumbá (MS),10961,10841,10422,10425,8772,7529,6854,6643,5287,4360,3550,3076,2423,1590,1167,858,521,316,91,11,4
Costa Rica (MS),1461,1623,1589,1637,1436,1360,1271,1178,1005,794,607,475,379,273,209,94,43,53,-,-,-
Coxim (MS),2870,3187,3317,3319,2963,2640,2434,2304,1887,1429,1233,813,880,585,498,278,130,73,27,-,-
Deodápolis (MS),987,1094,1157,1291,910,803,837,820,738,594,484,371,361,318,199,166,138,63,19,-,-
Dois Irmãos do Buriti (MS),1098,1158,1048,967,793,701,670,656,498,382,290,314,271,187,127,74,58,26,17,-,-
Douradina (MS),495,490,497,474,413,340,343,378,289,211,186,152,115,148,92,45,33,20,5,6,-
Dourados (MS),16101,16899,17057,17399,15338,13867,13384,12974,10730,8549,6273,4782,4081,2798,2178,1109,811,336,195,39,49
Eldorado (MS),1085,1276,1183,1171,983,947,906,752,598,482,472,322,298,253,157,77,51,25,15,-,6
Fátima do Sul (MS),1401,1743,1915,1908,1557,1420,1541,1537,1288,1082,839,749,686,489,382,278,182,97,17,-,-
Figueirão (MS),...,...,...,...,...,...,...,...,...,...,...,...,...,...,...,...,...,...,...,...,...
Glória de Dourados (MS),757,907,1018,991,842,728,771,787,664,548,447,396,344,315,236,123,100,46,14,-,-
Guia Lopes da Laguna (MS),1195,1187,1184,1169,822,855,781,716,658,569,519,369,322,340,162,122,65,40,28,9,5
Iguatemi (MS),1461,1587,1579,1443,1293,1224,1045,943,738,580,449,399,306,210,147,121,60,28,4,-,-
Inocência (MS),767,811,829,821,728,680,607,584,491,438,345,223,184,160,82,77,29,12,4,-,-
Itaporã (MS),1802,1806,1744,1729,1491,1303,1274,1254,1062,848,649,547,502,357,297,133,98,99,39,11,-
Itaquiraí (MS),1721,1838,1893,1703,1461,1262,1256,1069,857,722,495,524,415,230,165,124,25,10,-,-,-
Ivinhema (MS),1850,2153,2183,2183,1913,1772,1764,1661,1318,1119,1081,733,717,475,379,120,109,88,13,-,12
Japorã (MS),941,868,780,576,498,475,437,325,260,214,135,211,152,109,78,19,39,22,-,-,-
Jaraguari (MS),496,533,553,502,409,449,418,386,328,314,274,208,202,129,97,46,14,31,-,-,-
Jardim (MS),2329,2427,2377,2366,1953,1724,1663,1611,1411,1166,895,731,591,452,404,236,119,29,47,10,-
Jateí (MS),369,423,449,445,356,342,323,308,251,186,168,131,122,63,49,40,20,9,-,-,-
Juti (MS),570,582,579,496,431,356,365,319,241,207,174,165,156,140,58,72,33,23,14,-,-
Ladário (MS),1807,1825,1784,1690,1302,1136,1128,1145,883,646,501,392,365,262,199,127,61,44,8,7,-
Laguna Carapã (MS),639,635,653,577,478,409,426,434,312,249,184,133,154,89,102,23,30,4,-,-,-
Maracaju (MS),2968,3047,2815,2697,2323,2192,2117,2056,1558,1220,969,676,507,404,236,211,96,103,15,-,10
Miranda (MS),2575,2599,2556,2493,2183,1923,1681,1467,1240,1084,923,614,431,495,258,236,141,83,20,6,-
Mundo Novo (MS),1286,1671,1705,1564,1337,1183,1251,1145,1014,810,747,468,471,395,329,151,87,36,16,4,-
Naviraí (MS),3579,3836,4061,3919,3512,3216,3050,2841,2215,1652,1257,1038,829,701,365,366,154,40,31,-,-
Nioaque (MS),1708,1692,1692,1619,1376,1324,1070,997,860,713,617,358,326,318,129,104,126,29,20,-,8
Nova Alvorada do Sul (MS),1029,1098,1188,1031,919,864,857,824,622,452,318,255,195,125,106,33,37,-,3,-,-
Nova Andradina (MS),3218,3489,3598,3775,3384,3148,2951,2776,2216,1780,1250,1165,905,718,545,323,81,47,11,-,-
Novo Horizonte do Sul (MS),657,751,763,706,586,497,480,452,362,283,260,208,188,90,93,20,14,5,-,-,-
Paranaíba (MS),3317,3574,3763,3795,3440,3138,3005,2799,2494,2255,1606,1636,1172,934,587,375,225,155,92,35,9
Paranhos (MS),1475,1401,1256,1127,938,748,647,560,431,362,274,310,232,133,145,103,58,15,-,-,-
Pedro Gomes (MS),814,876,919,882,772,688,645,620,495,392,308,326,227,223,161,125,36,26,-,-,-
Ponta Porã (MS),6689,7048,7022,6671,5597,4898,4603,4315,3623,2721,2302,1415,1264,1002,695,452,294,231,55,10,10
Porto Murtinho (MS),1725,1677,1518,1390,1251,1087,911,845,699,500,537,275,360,171,142,116,57,51,4,-,-
Ribas do Rio Pardo (MS),1941,1820,1717,1710,1619,1555,1470,1286,1047,803,508,417,299,291,142,98,47,12,3,7,-
Rio Brilhante (MS),2479,2425,2584,2470,2074,1899,1881,1782,1271,1123,621,701,435,381,174,163,80,66,21,10,-
Rio Negro (MS),440,551,531,559,438,427,388,420,358,267,243,222,187,141,143,53,34,25,-,-,5
Rio Verde de Mato Grosso (MS),1673,1868,1938,1890,1682,1490,1409,1278,1127,985,697,566,511,361,270,175,103,63,29,23,-
Rochedo (MS),429,470,444,424,390,346,361,301,251,209,219,137,132,109,70,35,27,-,5,-,-
Santa Rita do Pardo (MS),730,737,746,614,662,622,553,457,325,307,285,223,151,98,79,17,13,13,8,-,-
São Gabriel do Oeste (MS),1620,1851,1813,1755,1510,1452,1443,1409,1181,858,672,414,301,258,119,58,72,28,-,8,-
Sete Quedas (MS),1055,1232,1233,1133,937,864,829,706,595,534,427,359,378,270,267,86,24,8,-,-,-
Selvíria (MS),635,602,623,605,547,497,485,443,398,292,274,175,208,117,60,70,26,15,9,-,4
Sidrolândia (MS),2676,2677,2566,2477,2165,2006,1790,1703,1404,1140,804,686,471,379,272,137,50,55,15,-,11
Sonora (MS),1168,1127,1015,990,990,915,855,718,558,365,265,221,142,124,56,23,-,-,11,-,-
Tacuru (MS),1136,1129,1076,1036,777,653,588,511,409,316,269,216,220,139,147,50,20,16,-,9,-
Taquarussu (MS),271,331,371,378,329,281,266,246,223,156,133,111,154,88,91,44,-,6,7,7,-
Terenos (MS),1226,1251,1224,1191,1040,964,877,786,698,564,489,433,316,271,184,69,52,26,-,-,-
Três Lagoas (MS),7080,7538,8038,8091,7205,6505,6106,5916,5242,4219,3324,2757,2399,1757,1389,776,445,169,50,24,29
Vicentina (MS),411,457,564,587,482,384,444,486,387,311,254,224,197,245,144,85,73,34,6,-,4
Acorizal (MT),530,630,728,722,534,347,350,339,294,273,252,221,204,137,99,49,52,35,15,6,-
Água Boa (MT),1774,1838,1827,1857,1685,1427,1384,1255,1012,812,626,381,357,193,143,91,57,11,-,-,7
Alta Floresta (MT),4836,5160,4933,4859,4384,4254,4204,3898,2907,2170,1553,1218,910,830,463,246,86,56,16,-,-
Alto Araguaia (MT),1011,1086,1108,1202,1037,960,852,933,727,609,474,423,324,245,189,110,51,61,7,-,-
Alto Boa Vista (MT),784,667,701,652,608,549,486,428,330,277,204,216,114,96,27,23,31,-,13,-,-
Alto Garças (MT),735,769,812,873,756,725,680,651,551,389,366,296,233,175,157,90,56,14,6,-,-
Alto Paraguai (MT),817,974,997,1013,813,634,520,517,499,413,270,309,282,180,173,107,37,35,15,-,-
Alto Taquari (MT),579,459,456,444,482,452,395,355,250,212,118,106,62,61,16,10,14,5,-,-,-
Apiacás (MT),780,762,730,610,462,517,671,669,489,310,266,154,104,76,47,12,6,-,-,-,-
Araguaiana (MT),317,383,342,354,348,303,274,241,199,172,129,122,102,50,35,43,12,-,-,-,-
Araguainha (MT),131,128,136,128,121,126,143,59,62,29,48,66,46,38,36,22,22,5,7,-,-
Araputanga (MT),1365,1365,1574,1596,1474,1242,1171,956,761,553,487,317,354,156,156,58,41,30,7,7,5
Arenápolis (MT),993,1279,1507,1427,1033,954,852,848,660,514,376,389,308,259,144,114,64,13,-,13,-
Aripuanã (MT),3336,3354,3101,3134,2850,2512,2136,1868,1504,1134,964,631,402,297,123,147,7,30,15,-,15
Barão de Melgaço (MT),722,830,926,923,720,578,513,483,410,334,307,264,215,166,138,76,25,43,4,4,-
Barra do Bugres (MT),3045,3292,3157,2985,2785,2373,2110,1826,1521,1140,981,639,651,319,256,205,81,67,14,-,12
Barra do Garças (MT),4811,5336,5401,5629,5318,4689,4210,3983,3381,2534,1986,1489,1090,932,678,270,259,89,-,6,-
Bom Jesus do Araguaia (MT),...,...,...,...,...,...,...,...,...,...,...,...,...,...,...,...,...,...,...,...,...
Brasnorte (MT),1204,1172,1076,1039,963,864,803,654,576,465,295,263,189,122,19,76,22,-,13,-,-
Cáceres (MT),8791,9156,9694,9718,8842,7242,6396,5706,4935,3993,3142,2475,2254,1202,1035,583,434,102,114,-,44
Campinápolis (MT),1644,1532,1455,1460,1219,1054,910,692,546,449,353,305,230,167,92,129,83,89,10,-,-
Campo Novo do Parecis (MT),1971,1953,1839,1662,1892,1941,1953,1650,994,668,418,286,176,112,61,21,26,1,-,-,13
Campo Verde (MT),1877,1882,1884,1811,1900,1681,1519,1307,1063,777,550,331,256,185,70,66,29,15,5,-,12
Campos de Júlio (MT),351,320,289,287,308,307,300,252,177,128,51,36,44,28,5,-,5,-,4,4,-
Canabrava do Norte (MT),710,687,531,511,488,380,401,229,209,210,174,188,140,60,27,17,17,4,-,-,5
Canarana (MT),1692,1781,1765,1662,1466,1279,1237,1188,986,736,421,364,229,291,91,115,67,23,-,15,-
Carlinda (MT),1366,1365,1342,1310,1069,1047,970,839,653,554,461,394,318,326,158,91,17,10,-,-,5
Castanheira (MT),826,897,807,841,764,631,596,575,496,339,297,271,169,141,66,35,18,21,-,-,-
Chapada dos Guimarães (MT),1603,1720,1883,1762,1516,1230,1155,1137,807,736,623,531,347,298,196,98,90,11,12,-,-
Cláudia (MT),1307,1179,1037,1055,1021,954,912,775,546,456,331,233,181,134,65,34,18,7,-,-,4
Cocalinho (MT),566,608,574,610,597,517,416,382,331,267,190,176,117,48,65,4,18,11,7,-,-
Colíder (MT),2482,2922,2857,2977,2478,2448,2307,2261,1724,1339,1063,926,743,691,422,195,161,55,-,-,-
Colniza (MT),...,...,...,...,...,...,...,...,...,...,...,...,...,...,...,...,...,...,...,...,...
Comodoro (MT),1776,1822,1805,1789,1412,1265,1159,1061,771,643,328,512,288,192,127,86,10,-,-,-,-
Confresa (MT),2134,2087,2096,2016,1824,1454,1237,1121,957,833,703,550,343,219,163,64,22,19,-,-,-
Conquista D'Oeste (MT),...,...,...,...,...,...,...,...,...,...,...,...,...,...,...,...,...,...,...,...,...
Cotriguaçu (MT),1094,1046,959,864,829,752,701,585,472,361,323,196,122,101,50,19,-,-,-,-,-
Cuiabá (MT),43197,46142,51170,54878,52152,43760,39700,37129,31975,24769,17898,13177,9705,6950,4775,2948,1679,856,274,98,113
Curvelândia (MT),...,...,...,...,...,...,...,...,...,...,...,...,...,...,...,...,...,...,...,...,...
Denise (MT),924,910,762,719,816,798,632,504,367,294,185,183,152,76,86,16,32,7,-,-,-
Diamantino (MT),1901,2062,2217,1962,1721,1622,1539,1411,1072,896,717,491,414,240,136,72,37,45,13,9,3
Dom Aquino (MT),739,872,849,837,696,694,646,598,507,413,354,337,236,285,168,83,58,25,16,4,-
Feliz Natal (MT),957,858,714,753,710,648,610,530,366,230,142,114,70,36,8,14,8,-,-,-,-
Figueirópolis D'Oeste (MT),377,421,512,503,390,359,338,270,251,199,177,172,101,112,67,40,4,17,5,-,-
Gaúcha do Norte (MT),607,558,488,504,432,386,366,289,269,195,136,144,104,51,36,25,8,-,6,-,-
General Carneiro (MT),457,543,452,466,398,370,317,286,214,182,166,126,103,82,89,43,32,6,17,-,-
Glória D'Oeste (MT),261,343,354,342,272,262,273,259,230,189,169,94,118,60,48,53,27,4,-,-,4
Guarantã do Norte (MT),2972,3307,3329,2969,2452,2362,2441,2235,1801,1282,926,764,589,358,221,119,21,43,-,-,8
Guiratinga (MT),1039,1217,1332,1284,1073,931,915,859,809,685,630,479,430,322,234,174,116,86,17,13,-
Indiavaí (MT),163,219,269,249,188,154,187,153,161,77,58,45,56,39,26,13,-,-,-,-,-
Ipiranga do Norte (MT),...,...,...,...,...,...,...,...,...,...,...,...,...,...,...,...,...,...,...,...,...
Itanhangá (MT),...,...,...,...,...,...,...,...,...,...,...,...,...,...,...,...,...,...,...,...,...
Itaúba (MT),1017,1028,946,899,821,753,694,641,475,351,274,239,133,169,77,38,4,5,-,-,-
Itiquira (MT),1075,1025,917,881,1003,922,853,693,541,384,354,165,121,103,63,56,41,3,-,-,-
Jaciara (MT),2272,2242,2381,2503,2422,2243,2122,1885,1483,1168,927,664,526,367,251,152,140,27,21,-,-
Jangada (MT),856,897,938,781,664,506,469,389,337,282,223,229,187,129,120,51,52,23,-,-,-
Jauru (MT),1262,1446,1587,1585,1207,964,912,748,645,585,448,448,377,182,168,97,54,39,5,-,6
Juara (MT),3132,3368,3571,3329,2878,2732,2581,2373,1897,1277,1156,638,671,531,405,76,54,70,10,-,-
Juína (MT),4204,4225,3992,3998,3767,3476,3284,2828,2226,1671,1316,1072,759,539,352,140,124,44,-,-,-
Juruena (MT),610,674,636,539,536,484,457,439,302,227,200,120,116,55,37,10,6,-,-,-,-
Juscimeira (MT),1068,1258,1322,1198,1103,1042,908,886,673,594,501,466,372,273,213,91,56,35,4,-,-
Lambari D'Oeste (MT),429,556,527,524,464,401,396,307,256,185,166,142,99,115,67,41,15,-,-,-,-
Lucas do Rio Verde (MT),2168,2073,1992,2053,1991,1938,1849,1598,1237,847,548,409,272,142,142,18,39,-,-,-,-
Luciara (MT),299,359,407,229,157,134,125,172,154,97,62,59,72,72,64,12,20,-,-,-,-
Vila Bela da Santíssima Trindade (MT),1597,1593,1485,1403,1223,1075,943,775,624,529,376,393,204,187,108,99,14,29,-,8,-
Marcelândia (MT),1976,1728,1497,1452,1505,1431,1281,1092,808,529,374,318,206,133,86,6,9,-,7,10,-
Matupá (MT),1238,1328,1372,1077,914,1001,996,896,727,570,404,298,196,161,77,20,4,10,-,-,-
Mirassol d'Oeste (MT),2027,2366,2539,2573,2175,1986,1890,1634,1399,1148,950,634,568,454,317,203,117,6,11,-,-
Nobres (MT),1601,1689,1897,1724,1437,1116,1004,976,822,687,535,438,435,226,176,124,68,15,13,-,-
Nortelândia (MT),627,857,907,822,626,562,571,454,412,343,250,198,180,133,120,85,53,41,5,-,-
Nossa Senhora do Livramento (MT),1068,1232,1368,1353,1106,913,800,760,692,583,526,485,400,315,256,108,85,60,10,15,6
Nova Bandeirantes (MT),798,825,750,647,581,626,595,519,445,330,244,231,184,95,34,38,-,4,-,-,5
Nova Nazaré (MT),...,...,...,...,...,...,...,...,...,...,...,...,...,...,...,...,...,...,...,...,...
Nova Lacerda (MT),464,449,433,407,369,379,383,298,210,194,148,136,87,42,31,2,4,-,8,-,-
Nova Santa Helena (MT),...,...,...,...,...,...,...,...,...,...,...,...,...,...,...,...,...,...,...,...,...
Nova Brasilândia (MT),534,661,733,688,550,454,387,337,323,275,211,181,194,73,110,46,12,6,4,-,7
Nova Canaã do Norte (MT),1148,1314,1308,1179,1007,936,960,810,666,540,477,379,285,225,138,81,48,15,-,-,-
Nova Mutum (MT),1692,1767,1648,1419,1446,1438,1412,1269,926,668,425,273,169,146,63,29,12,8,5,-,4
Nova Olímpia (MT),2050,1756,1473,1331,1521,1580,1357,952,632,461,353,260,150,123,100,42,6,29,6,5,-
Nova Ubiratã (MT),670,649,586,570,603,589,475,457,316,298,154,133,82,38,19,5,10,-,-,-,-
Nova Xavantina (MT),1566,1857,1965,1968,1682,1501,1473,1292,1089,862,750,528,441,346,218,163,81,50,-,-,-
Novo Mundo (MT),539,580,532,483,391,392,427,465,375,240,234,126,96,62,45,10,-,-,-,-,-
Novo Horizonte do Norte (MT),303,399,432,363,262,272,277,268,205,167,95,156,110,110,65,20,8,-,-,-,-
Novo São Joaquim (MT),996,1019,984,1066,924,929,800,709,523,455,305,282,222,102,86,42,17,3,-,-,-
Paranaíta (MT),1071,1140,1201,1102,903,808,837,796,682,509,362,280,221,167,70,47,29,29,-,-,-
Paranatinga (MT),1626,1799,1732,1628,1446,1310,1221,1064,868,703,578,387,314,341,137,79,67,24,18,-,-
Novo Santo Antônio (MT),...,...,...,...,...,...,...,...,...,...,...,...,...,...,...,...,...,...,...,...,...
Pedra Preta (MT),1329,1448,1337,1381,1394,1336,1167,928,769,625,566,364,369,262,133,104,63,24,4,-,8
Peixoto de Azevedo (MT),3175,3436,3259,2625,1932,1770,2278,2184,1768,1179,889,624,453,252,187,75,29,28,-,13,-
Planalto da Serra (MT),268,331,333,316,284,284,206,176,133,136,92,95,69,75,51,19,7,6,-,-,-
Poconé (MT),2999,3520,3904,3649,2726,2329,2154,1929,1569,1302,1265,857,777,667,445,291,196,114,45,35,-
Pontal do Araguaia (MT),407,337,327,377,424,365,322,266,219,176,166,96,126,41,60,12,6,-,3,6,-
Ponte Branca (MT),237,143,184,234,201,157,170,132,89,112,134,92,80,53,33,3,26,4,4,-,-
Pontes e Lacerda (MT),4456,4652,4770,4884,4256,3771,3607,3215,2479,1945,1344,1157,1106,511,422,276,109,19,32,-,-
Porto Alegre do Norte (MT),1000,1002,1036,1021,811,703,583,516,453,414,282,293,164,137,123,48,22,15,-,-,-
Porto dos Gaúchos (MT),650,643,600,588,582,492,478,382,361,244,145,182,155,76,60,10,5,12,-,-,-
Porto Esperidião (MT),1177,1216,1101,1066,1030,736,791,689,612,454,319,298,229,114,74,53,17,13,-,7,-
Porto Estrela (MT),504,568,610,510,423,346,279,269,231,220,167,167,156,81,47,69,33,15,6,-,6
Poxoréu (MT),1832,2107,2245,2069,1624,1559,1473,1397,1226,1019,900,709,606,497,301,197,197,25,47,-,-
Primavera do Leste (MT),4246,4269,4117,4389,4540,4180,3650,3225,2461,1698,1090,756,548,285,218,40,42,60,15,30,-
Querência (MT),883,836,811,796,695,631,610,563,441,395,209,193,72,80,31,15,13,-,-,-,-
São José dos Quatro Marcos (MT),1712,1932,2082,2105,1854,1667,1605,1448,1228,997,759,693,568,387,375,151,53,73,3,-,-
Reserva do Cabaçal (MT),199,236,305,304,278,172,199,142,132,110,84,56,35,53,45,46,15,7,-,-,-
Ribeirão Cascalheira (MT),929,947,1006,1016,914,730,692,573,516,403,398,209,236,119,100,52,16,11,-,-,-
Ribeirãozinho (MT),187,194,203,206,206,161,130,134,125,121,86,50,58,55,19,41,4,-,-,-,-
Rio Branco (MT),435,516,566,551,528,419,382,348,275,237,174,190,179,110,92,50,30,4,7,-,-
Santa Carmem (MT),479,394,368,411,339,337,288,256,181,174,112,130,131,38,12,3,7,-,-,-,-
Santo Afonso (MT),282,375,380,346,256,261,277,206,160,137,79,78,113,58,22,20,12,17,4,6,9
São José do Povo (MT),222,288,317,317,245,242,206,235,202,172,165,126,105,98,55,53,7,-,-,-,-
São José do Rio Claro (MT),1441,1522,1373,1335,1266,1146,1047,935,768,561,385,317,220,198,121,59,18,17,-,8,3
São José do Xingu (MT),702,697,601,655,625,562,472,424,365,287,202,118,114,58,29,19,4,-,4,-,7
São Pedro da Cipa (MT),354,361,372,382,338,319,290,241,171,127,138,115,83,103,51,24,14,11,-,-,-
Rondolândia (MT),...,...,...,...,...,...,...,...,...,...,...,...,...,...,...,...,...,...,...,...,...
Rondonópolis (MT),13695,15169,15787,15620,15076,13648,12938,11643,9324,7457,5975,4216,3405,2490,1663,1156,512,241,83,97,33
Rosário Oeste (MT),1883,2150,2275,2243,1711,1305,1156,1133,968,887,914,546,516,366,260,180,170,52,27,4,10
Santa Cruz do Xingu (MT),...,...,...,...,...,...,...,...,...,...,...,...,...,...,...,...,...,...,...,...,...
Salto do Céu (MT),454,531,491,520,458,386,350,275,220,214,197,151,158,86,72,53,39,16,3,-,-
Santa Rita do Trivelato (MT),...,...,...,...,...,...,...,...,...,...,...,...,...,...,...,...,...,...,...,...,...
Santa Terezinha (MT),799,859,807,722,587,433,368,343,319,273,200,150,171,68,69,74,15,9,-,-,4
Santo Antônio do Leste (MT),...,...,...,...,...,...,...,...,...,...,...,...,...,...,...,...,...,...,...,...,...
Santo Antônio de Leverger (MT),1413,1600,1817,1749,1466,1177,1064,896,891,713,728,475,438,427,273,180,88,24,11,-,5
São Félix do Araguaia (MT),1202,1232,1216,1196,1036,871,796,689,609,454,372,303,257,158,124,63,67,21,7,7,7
Sapezal (MT),990,814,690,765,948,976,875,685,438,258,145,131,68,34,37,8,4,-,-,-,-
Serra Nova Dourada (MT),...,...,...,...,...,...,...,...,...,...,...,...,...,...,...,...,...,...,...,...,...
Sinop (MT),8600,8372,7932,7507,7833,7216,6815,6022,4548,3154,2343,1555,1199,812,569,193,122,8,19,11,-
Sorriso (MT),4016,3898,3782,3516,3393,3457,3500,3171,2455,1551,877,762,454,437,173,79,26,39,18,-,-
Tabaporã (MT),965,1384,1382,1248,1033,1015,1020,903,589,403,288,271,137,126,50,21,7,-,-,-,-
Tangará da Serra (MT),5870,5990,6141,6287,5859,5322,5120,4572,3764,2848,2006,1578,1392,851,604,349,220,67,-,-,-
Tapurah (MT),1309,1396,1282,1172,961,1007,1008,1043,796,580,394,237,148,134,53,41,-,-,-,-,-
Terra Nova do Norte (MT),1686,1882,1751,1183,1000,1124,1200,1183,789,680,596,414,341,245,124,94,69,23,-,-,-
Tesouro (MT),261,317,348,289,239,232,245,267,210,162,107,132,94,87,73,33,16,14,3,-,-
Torixoréu (MT),375,459,502,529,424,359,394,346,302,282,224,183,164,111,82,56,30,4,5,-,-
União do Sul (MT),609,542,393,408,460,459,418,317,224,137,116,60,23,20,10,-,-,-,-,-,-
Vale de São Domingos (MT),...,...,...,...,...,...,...,...,...,...,...,...,...,...,...,...,...,...,...,...,...
Várzea Grande (MT),21897,22660,23400,24067,23223,20319,18124,15640,12935,9717,7300,5172,4130,2541,1954,1019,713,272,133,39,44
Vera (MT),1139,1102,990,915,838,869,820,711,518,368,289,202,133,81,27,19,13,12,4,-,4
Vila Rica (MT),1813,1826,1666,1637,1522,1414,1294,1111,913,665,626,367,358,191,149,20,12,-,-,-,-
Nova Guarita (MT),614,694,602,569,464,446,478,414,317,269,184,224,159,113,69,10,20,5,-,-,-
Nova Marilândia (MT),208,267,199,211,243,266,206,172,162,117,78,97,49,37,15,19,5,-,-,3,-
Nova Maringá (MT),531,512,401,384,406,416,329,283,213,159,98,85,70,32,22,9,-,-,-,-,-
Nova Monte Verde (MT),813,767,697,693,645,622,555,488,410,293,298,187,169,91,58,28,7,6,-,-,-
Abadia de Goiás (GO),518,540,513,507,460,431,405,358,333,237,189,138,113,101,66,30,21,12,-,-,-
Abadiânia (GO),1209,1137,1036,1088,1064,1008,982,788,641,579,428,454,368,275,165,86,78,51,11,-,4
Acreúna (GO),1804,1787,1945,1866,1785,1652,1591,1426,1185,839,745,498,461,272,214,120,53,36,10,12,-
Adelândia (GO),220,234,247,258,213,191,162,163,178,126,79,127,63,78,59,18,29,14,1,-,-
Água Fria de Goiás (GO),461,466,500,501,390,378,342,307,248,215,163,186,124,86,36,51,7,3,4,-,-
Água Limpa (GO),211,205,211,176,171,195,169,154,131,119,111,112,85,38,27,39,27,16,4,-,-
Águas Lindas de Goiás (GO),16601,13890,10236,9402,10976,12292,10811,7252,4456,3188,2279,1655,1195,637,373,299,120,62,-,-,21
Alexânia (GO),2196,2285,2014,2127,2019,1726,1472,1396,1064,935,701,721,644,390,287,208,87,45,7,-,11
Aloândia (GO),166,167,167,174,188,163,159,162,126,131,109,112,103,54,47,31,42,8,12,6,-
Alto Horizonte (GO),245,246,251,261,220,235,217,196,143,135,131,76,74,49,34,43,-,4,-,4,-
Alto Paraíso de Goiás (GO),736,703,795,736,617,471,447,387,323,305,170,165,110,93,62,21,23,6,8,-,3
Alvorada do Norte (GO),778,799,938,948,769,577,534,485,384,306,243,248,192,141,81,63,32,32,4,2,4
Amaralina (GO),277,353,348,316,245,210,238,256,216,145,125,99,84,68,52,29,10,4,-,-,-
Americano do Brasil (GO),426,418,492,492,450,391,385,364,314,287,214,189,182,128,99,39,40,13,-,-,10
Amorinópolis (GO),303,352,403,373,355,351,324,342,279,232,220,158,166,114,74,34,34,12,16,3,-
Anápolis (GO),26813,26784,28102,29150,28604,25339,24252,22462,19100,15137,11998,8750,7179,5642,3919,2494,1357,676,198,83,47
Anhanguera (GO),66,79,85,90,80,70,43,62,59,65,53,38,39,24,6,30,-,7,-,-,-
Anicuns (GO),1503,1779,1830,1848,1704,1702,1533,1484,1220,992,857,661,603,382,272,212,119,52,-,-,-
Aparecida de Goiânia (GO),37056,35977,34932,35628,35990,33153,30382,26035,20149,14838,10520,7293,5648,3774,2443,1196,695,484,105,43,51
Aparecida do Rio Doce (GO),223,246,220,258,216,211,205,164,133,124,95,92,66,54,24,46,22,3,-,-,-
Aporé (GO),302,335,360,360,237,312,284,303,204,180,157,123,117,58,51,23,9,-,8,4,-
Araçu (GO),334,368,431,381,359,352,313,313,242,224,197,165,159,128,43,55,31,9,16,7,-
Aragarças (GO),1551,1632,1659,1743,1784,1526,1368,1190,1015,805,642,451,415,291,267,117,89,11,24,12,-
Aragoiânia (GO),598,636,640,584,591,546,537,448,422,336,295,229,167,160,108,70,14,32,12,-,-
Araguapaz (GO),665,727,812,812,691,661,569,549,406,378,267,277,193,124,92,39,20,24,4,-,-
Arenópolis (GO),311,388,379,335,322,376,342,311,270,225,196,177,150,80,77,40,20,-,-,-,-
Aruanã (GO),568,559,518,588,488,456,413,347,278,262,129,166,123,71,55,45,19,-,10,-,-
Aurilândia (GO),258,368,433,408,356,283,307,354,291,239,208,213,175,105,109,73,14,16,14,6,6
Avelinópolis (GO),188,211,261,276,231,193,197,194,166,136,107,109,84,72,46,19,8,-,9,-,-
Baliza (GO),189,226,246,207,164,185,182,144,145,116,108,111,61,96,56,19,9,-,6,-,-
Barro Alto (GO),590,634,673,682,556,484,481,459,334,316,321,149,248,98,92,58,40,17,-,5,13
Bela Vista de Goiás (GO),1618,1800,1858,1899,1858,1562,1545,1507,1228,984,762,810,544,495,295,261,79,81,12,-,12
Bom Jardim de Goiás (GO),680,757,723,766,781,701,641,557,494,484,398,291,259,201,141,102,53,40,-,-,-
Bom Jesus de Goiás (GO),1536,1651,1556,1489,1536,1479,1483,1255,1072,824,480,682,486,261,219,159,57,32,-,-,-
Bonfinópolis (GO),535,529,554,579,557,456,442,380,324,229,241,133,136,85,64,55,30,13,3,9,-
Bonópolis (GO),272,310,259,268,267,227,174,155,133,141,95,94,70,53,32,6,22,7,5,7,-
Brazabrantes (GO),207,297,320,240,245,219,260,215,145,146,117,123,78,51,49,31,10,14,-,-,5
Britânia (GO),472,519,559,586,498,454,428,390,310,255,185,210,139,108,105,30,20,5,6,-,-
Buriti Alegre (GO),704,744,787,695,671,711,724,616,553,451,465,391,373,316,246,148,62,35,16,6,4
Buriti de Goiás (GO),212,242,276,301,215,199,242,222,170,123,137,82,62,82,39,29,6,20,-,-,-
Buritinópolis (GO),325,521,459,367,271,250,217,208,151,160,75,141,93,61,28,17,26,7,-,5,-
Cabeceiras (GO),755,708,769,772,706,522,486,434,387,313,230,231,154,112,63,62,29,9,6,11,-
Cachoeira Alta (GO),738,741,806,841,731,714,723,625,537,480,476,295,323,229,154,118,71,39,5,-,-
Cachoeira de Goiás (GO),149,142,155,129,115,137,121,113,93,53,81,80,41,37,32,12,7,-,-,-,-
Cachoeira Dourada (GO),702,783,876,827,772,679,689,693,549,422,438,252,282,218,160,99,46,13,15,9,-
Caçu (GO),821,929,1053,978,909,908,852,790,677,624,550,379,362,296,160,146,87,42,6,6,-
Caiapônia (GO),1249,1433,1477,1340,1231,1292,1210,1163,949,746,777,483,460,312,270,113,83,67,13,5,-
Caldas Novas (GO),4969,4908,4867,4989,5088,4799,4528,3821,3101,2332,1867,1401,1161,723,482,293,260,45,6,-,18
Caldazinha (GO),242,272,269,284,305,264,200,197,178,149,133,118,89,66,51,24,15,4,-,-,-
Campestre de Goiás (GO),323,322,325,297,294,258,280,233,178,139,147,129,127,27,35,15,20,4,10,4,-
Campinaçu (GO),343,372,379,391,312,318,272,258,225,196,143,184,111,98,36,36,18,15,-,-,-
Campinorte (GO),896,903,1034,1037,876,779,801,682,649,505,390,297,290,177,136,98,53,17,4,6,11
Campo Alegre de Goiás (GO),415,403,400,438,419,435,400,388,291,237,209,149,110,125,39,44,9,15,-,-,1
Campo Limpo de Goiás (GO),...,...,...,...,...,...,...,...,...,...,...,...,...,...,...,...,...,...,...,...,...
Campos Belos (GO),1720,1918,2214,2217,1639,1281,1194,1087,927,689,504,512,367,287,234,141,9,92,15,-,-
Campos Verdes (GO),843,929,973,844,699,653,652,644,468,382,284,222,146,139,75,60,23,-,9,6,5
Carmo do Rio Verde (GO),668,721,726,746,689,653,631,629,523,468,357,344,272,198,162,109,27,14,5,-,-
Castelândia (GO),358,365,391,410,375,318,306,276,240,207,182,76,141,83,68,45,27,9,4,-,-
Catalão (GO),5107,5468,6062,6735,6429,5581,5411,5093,4467,3718,2988,2059,1931,1241,998,572,297,119,62,-,9
Caturaí (GO),357,415,448,437,416,352,381,330,272,230,207,124,155,86,73,13,30,4,-,-,-
Cavalcante (GO),1194,1300,1241,926,701,547,503,566,525,361,308,278,251,157,131,66,55,33,5,-,3
Ceres (GO),1737,1985,2175,2162,2013,1779,1849,1809,1597,1220,908,853,797,441,429,266,120,42,20,-,6
Cezarina (GO),566,666,638,653,615,576,544,506,378,296,275,235,224,133,98,72,14,7,9,-,9
Chapadão do Céu (GO),412,470,409,333,344,404,420,370,218,155,96,56,37,23,28,3,-,-,-,-,-
Cidade Ocidental (GO),4870,4405,4105,4544,4366,3868,3588,2920,2390,1781,1037,917,582,402,312,145,66,53,11,6,9
Cocalzinho de Goiás (GO),1613,1506,1608,1650,1538,1254,1090,918,774,689,480,488,353,254,196,119,50,34,5,-,6
Colinas do Sul (GO),423,460,478,389,319,283,244,198,197,164,138,117,96,91,50,12,24,5,13,-,-
Córrego do Ouro (GO),227,279,309,243,278,233,256,216,184,184,127,164,96,90,50,18,16,4,-,-,-
Corumbá de Goiás (GO),946,913,1072,1041,912,764,699,613,545,490,400,373,282,241,163,106,59,35,16,9,-
Corumbaíba (GO),568,630,585,581,586,600,544,505,409,371,302,295,213,174,155,52,46,33,5,-,-
Cristalina (GO),4063,3763,3629,3541,3397,3163,2706,2410,1935,1564,1077,870,705,470,298,274,138,85,19,10,-
Cristianópolis (GO),240,274,269,276,255,235,252,229,174,148,135,106,120,58,60,47,15,25,-,5,-
Crixás (GO),1333,1442,1490,1526,1358,1265,1264,1147,881,750,635,444,410,300,180,110,93,28,18,-,-
Cromínia (GO),297,295,346,338,336,310,273,238,280,219,147,186,137,128,60,32,28,-,6,-,4
Cumari (GO),245,254,278,272,249,231,251,244,197,169,167,156,136,82,78,43,28,18,7,-,-
Damianópolis (GO),270,357,403,442,324,238,206,202,176,187,117,116,91,70,47,39,16,2,-,-,-
Damolândia (GO),182,225,268,258,195,189,228,219,188,165,103,123,67,65,44,36,17,-,-,-,-
Davinópolis (GO),159,187,176,189,202,172,163,133,145,155,111,100,94,60,38,12,8,-,-,5,-
Diorama (GO),178,239,237,231,167,229,234,184,153,141,165,88,84,73,50,23,13,8,-,-,-
Doverlândia (GO),790,848,890,850,816,776,697,624,537,424,431,257,242,163,65,80,35,15,6,12,-
Edealina (GO),333,329,327,373,336,339,302,269,239,223,153,158,163,95,67,52,26,15,5,-,-
Edéia (GO),945,966,924,983,979,929,892,812,642,541,392,392,292,230,150,79,20,39,16,-,-
Estrela do Norte (GO),312,309,392,336,290,271,270,251,210,186,185,74,144,47,79,17,8,13,-,4,-
Faina (GO),650,636,688,762,756,648,598,514,480,387,362,302,248,168,116,30,49,19,6,-,-
Fazenda Nova (GO),573,652,684,649,592,533,624,566,479,389,432,247,260,167,127,59,32,18,-,7,4
Firminópolis (GO),648,933,945,921,835,803,749,786,700,551,540,362,308,287,237,177,71,39,12,5,-
Flores de Goiás (GO),924,920,936,897,629,525,515,538,435,329,278,216,165,102,63,11,13,9,-,-,8
Formosa (GO),8557,8499,8894,9246,8210,6594,6113,5412,4418,3379,2536,2042,1692,1141,893,471,340,102,55,32,25
Formoso (GO),486,551,558,609,488,439,463,442,322,282,289,106,210,107,108,72,33,7,10,7,-
Gameleira de Goiás (GO),...,...,...,...,...,...,...,...,...,...,...,...,...,...,...,...,...,...,...,...,...
Divinópolis de Goiás (GO),493,541,701,676,478,357,349,304,271,212,216,154,141,103,73,30,57,8,8,-,-
Goianápolis (GO),1112,1138,1103,1140,1139,965,891,799,586,441,425,258,223,216,135,38,47,9,7,-,-
Goiandira (GO),345,387,429,453,422,377,362,394,304,298,368,198,206,154,118,74,46,19,4,8,-
Goianésia (GO),4540,4832,5065,5031,4657,4231,4266,3677,3009,2460,1871,1608,1339,947,724,424,217,179,53,18,14
Goiânia (GO),90720,91223,98357,118030,122235,103293,92803,86336,74305,59970,45573,33978,26741,18752,13657,8753,4927,2232,703,272,146
Goianira (GO),1980,1891,1914,1897,1962,1713,1502,1453,1181,906,599,557,422,323,230,95,36,52,7,-,-
Goiás (GO),2281,2388,2726,2861,2514,2125,2286,2075,1790,1359,1095,1076,863,632,413,387,126,96,17,10,-
Goiatuba (GO),2565,2836,2858,3040,2827,2634,2564,2459,2046,1712,1374,1196,1098,753,501,355,174,70,54,-,14
Gouvelândia (GO),302,363,411,416,360,332,349,307,249,212,200,150,132,89,69,35,15,16,3,-,-
Guapó (GO),1423,1404,1238,1461,1393,1142,1129,965,776,706,737,496,369,271,277,113,47,26,20,3,-
Guaraíta (GO),193,271,290,280,223,250,258,245,164,144,115,111,90,70,43,27,-,19,-,-,-
Guarani de Goiás (GO),445,507,557,634,440,310,270,292,265,240,152,192,121,91,97,36,7,14,8,-,-
Guarinos (GO),201,242,325,293,262,230,243,227,165,144,144,105,73,81,67,28,-,6,8,-,-
Heitoraí (GO),313,308,348,347,263,282,289,289,224,147,139,155,151,59,84,29,18,-,-,-,-
Hidrolândia (GO),1217,1215,1363,1292,1276,1071,1005,976,808,661,541,524,388,289,199,84,91,65,9,13,-
Hidrolina (GO),370,463,467,398,371,337,390,350,311,224,212,185,173,114,64,74,30,9,-,3,3
Iaciara (GO),1277,1287,1379,1419,1137,834,754,671,610,492,426,240,306,179,144,85,32,11,11,-,-
Inaciolândia (GO),466,508,566,476,487,441,452,404,312,252,261,214,152,94,92,38,12,12,-,-,-
Indiara (GO),1215,1215,1263,1090,1129,1081,1000,883,687,557,518,345,307,208,165,77,44,28,5,-,-
Inhumas (GO),3640,3919,4223,4494,4145,3715,3748,3388,2979,2375,1902,1502,1470,932,675,511,122,121,28,7,-
Ipameri (GO),1879,2060,2074,2055,2060,1842,1810,1827,1406,1151,1045,849,820,647,474,347,96,139,23,24,-
Ipiranga de Goiás (GO),...,...,...,...,...,...,...,...,...,...,...,...,...,...,...,...,...,...,...,...,...
Iporá (GO),2358,2893,3156,2987,2705,2454,2671,2614,2106,1735,1501,1040,1127,716,584,339,220,54,26,-,14
Israelândia (GO),241,301,238,278,246,271,282,200,213,124,207,95,138,65,38,31,20,16,-,-,-
Itaberaí (GO),2437,2623,2792,2848,2602,2405,2358,2120,1767,1517,1193,971,656,695,358,269,186,74,-,8,-
Itaguari (GO),320,384,424,457,372,369,361,313,272,263,190,203,167,114,106,39,18,-,7,-,7
Itaguaru (GO),444,444,608,578,563,448,481,459,380,282,285,197,174,167,84,52,30,16,4,-,-
Itajá (GO),630,634,668,650,574,523,575,468,419,298,305,240,214,142,107,54,23,36,5,7,-
Itapaci (GO),1350,1350,1440,1371,1266,1161,1137,1087,852,711,585,441,345,354,266,145,49,22,-,-,-
Itapirapuã (GO),961,1016,1112,1088,981,881,912,789,685,539,488,382,352,290,172,112,55,25,16,-,-
Itapuranga (GO),2127,2318,2731,2654,2441,2157,2228,2084,1741,1523,1264,922,889,618,454,297,213,48,31,-,-
Itarumã (GO),543,530,550,522,505,507,464,410,292,280,276,168,161,82,79,53,24,-,-,-,-
Itauçu (GO),584,756,830,806,710,631,696,663,558,459,390,335,296,180,198,107,55,15,8,-,-
Itumbiara (GO),6592,7094,7581,7490,7789,6970,6816,6487,5578,4770,3943,3073,2517,1960,1222,764,426,283,54,10,11
Ivolândia (GO),203,262,276,253,247,239,254,231,214,194,127,152,128,97,66,25,20,4,-,-,-
Jandaia (GO),496,618,572,554,517,532,558,480,397,364,324,237,201,205,118,82,53,27,6,-,-
Jaraguá (GO),3319,3088,3306,3572,3207,2874,2776,2446,2016,1540,1394,1011,1027,662,429,287,147,127,44,11,-
Jataí (GO),7114,6988,7528,7877,7443,6693,6151,5474,4523,3829,2697,2827,2143,1529,1030,809,497,212,49,26,11
Jaupaci (GO),281,311,306,282,277,276,248,243,190,162,175,83,84,105,54,31,24,13,5,4,-
Jesúpolis (GO),204,225,203,187,173,175,159,140,115,124,126,83,51,23,64,27,32,12,-,-,-
Joviânia (GO),579,682,619,599,617,604,647,542,430,373,301,233,198,185,151,80,35,24,-,6,-
Jussara (GO),1686,1893,1971,2151,1834,1696,1708,1543,1309,1063,829,703,571,438,240,212,122,51,7,-,7
Lagoa Santa (GO),...,...,...,...,...,...,...,...,...,...,...,...,...,...,...,...,...,...,...,...,...
Leopoldo de Bulhões (GO),751,742,790,757,788,710,658,553,461,382,244,288,208,182,125,83,23,21,-,-,-
Luziânia (GO),18080,16651,14671,14931,14715,13671,11850,9787,7192,5396,4294,2963,2579,1821,1320,594,318,153,37,23,37
Mairipotaba (GO),160,219,225,251,209,169,197,180,170,141,125,113,91,67,42,15,10,15,4,-,-
Mambaí (GO),501,586,663,616,455,323,352,305,254,211,204,103,87,80,62,16,5,12,2,-,-
Mara Rosa (GO),1082,1211,1231,1264,1087,993,1016,883,718,591,511,333,347,287,208,101,56,8,12,-,-
Marzagão (GO),205,172,215,161,134,174,143,118,163,129,52,50,43,29,59,54,15,5,-,-,-
Matrinchã (GO),425,427,528,509,428,359,427,360,271,227,147,132,98,76,59,24,23,-,-,-,-
Maurilândia (GO),929,961,941,774,870,866,785,623,511,433,349,275,248,177,102,59,48,13,5,-,-
Mimoso de Goiás (GO),288,270,291,340,267,213,184,202,137,133,102,111,101,66,35,25,18,18,-,-,-
Minaçu (GO),3310,3574,3694,3786,3440,2951,2731,2459,2053,1613,1165,983,606,530,351,191,90,34,46,-,-
Mineiros (GO),3598,4041,3987,4143,3701,3302,3137,2856,2516,1944,1525,1182,929,780,632,368,187,119,73,3,-
Moiporá (GO),171,189,174,174,162,167,145,170,138,125,92,96,75,56,32,18,16,16,7,-,-
Monte Alegre de Goiás (GO),765,828,893,873,570,446,442,410,358,293,247,174,217,137,110,49,29,36,11,4,-
Montes Claros de Goiás (GO),700,782,714,779,733,676,655,649,556,459,335,309,236,201,102,65,54,36,11,-,-
Montividiu (GO),743,864,859,772,712,719,702,650,487,401,257,164,137,127,66,28,31,12,4,-,-
Montividiu do Norte (GO),405,418,424,410,345,288,272,256,232,174,179,133,121,30,24,30,22,20,6,-,-
Morrinhos (GO),3031,3420,3497,3433,3187,3059,3018,2804,2355,2170,1675,1491,1206,1041,701,446,246,154,48,8,-
Morro Agudo de Goiás (GO),237,209,200,266,286,248,217,186,183,136,96,133,97,69,43,24,12,-,-,-,-
Mossâmedes (GO),428,574,579,590,498,436,469,448,365,296,299,275,284,226,75,29,14,10,5,3,-
Mozarlândia (GO),1089,1136,1129,1309,1020,1008,1001,816,700,500,371,342,269,215,107,86,53,25,6,-,4
Mundo Novo (GO),680,856,850,948,843,664,627,621,464,426,334,261,203,156,158,71,49,5,11,3,-
Mutunópolis (GO),355,406,414,409,370,300,332,299,227,173,191,106,138,91,96,18,19,8,6,-,-
Nazário (GO),529,621,687,665,576,556,518,538,419,360,293,241,219,173,108,63,14,36,4,8,3
Nerópolis (GO),1754,1858,1917,1944,1864,1689,1550,1447,1055,889,660,571,472,390,190,142,121,39,10,7,8
Niquelândia (GO),3781,3921,4401,4391,3781,2988,2912,2820,2362,1806,1342,1248,931,787,436,319,180,106,26,22,13
Nova América (GO),187,187,220,212,178,195,170,159,137,100,119,70,69,74,31,26,13,14,23,-,-
Nova Aurora (GO),134,124,149,185,181,148,165,150,150,117,95,90,68,84,53,18,4,8,4,-,-
Nova Crixás (GO),1108,1138,1229,1243,1100,908,895,811,643,538,447,332,314,128,87,76,53,11,-,-,-
Nova Glória (GO),736,803,842,830,760,684,724,671,557,452,383,391,350,222,256,149,80,36,3,13,3
Nova Iguaçu de Goiás (GO),249,258,276,294,268,233,191,178,174,148,111,104,92,60,65,23,14,3,5,-,-
Nova Roma (GO),327,411,473,490,252,253,213,260,196,194,144,156,124,82,72,36,17,3,7,6,-
Nova Veneza (GO),547,547,630,663,593,549,555,480,384,315,293,223,190,190,121,76,26,27,5,-,-
Novo Brasil (GO),307,357,460,407,320,315,351,328,296,232,205,191,157,106,63,36,20,16,7,6,-
Novo Gama (GO),10211,9047,7712,8052,8035,7588,6392,4892,3632,2703,2102,1359,1195,521,482,266,105,44,18,-,23
Novo Planalto (GO),334,347,408,379,314,293,277,239,176,148,150,131,98,60,55,4,7,4,4,-,4
Orizona (GO),1143,1233,1207,1169,1123,1133,1118,944,842,692,641,475,505,304,270,140,68,34,22,3,-
Ouro Verde de Goiás (GO),405,411,429,400,380,362,383,316,273,254,206,162,109,115,57,46,41,9,-,-,-
Ouvidor (GO),293,370,369,425,375,362,331,331,297,224,219,196,118,161,111,54,18,15,2,-,-
Padre Bernardo (GO),2625,2488,2434,2461,2061,1643,1520,1370,1098,896,756,654,559,397,240,149,118,34,-,-,10
Palestina de Goiás (GO),275,334,326,321,273,264,311,242,214,180,174,110,73,93,64,25,24,4,-,-,-
Palmeiras de Goiás (GO),1460,1584,1711,1745,1563,1498,1446,1454,1205,961,937,581,549,504,303,233,73,6,-,9,-
Palmelo (GO),195,204,203,197,198,176,183,165,159,148,128,77,66,85,60,37,7,17,5,-,-
Palminópolis (GO),264,366,324,304,290,328,307,294,235,170,165,147,85,136,53,45,31,13,4,-,-
Panamá (GO),227,267,250,208,242,238,229,201,163,151,156,121,125,74,39,34,14,27,10,-,-
Paranaiguara (GO),603,758,827,735,699,667,657,589,507,455,396,340,320,207,212,97,47,69,7,-,-
Paraúna (GO),989,1051,1043,1054,1061,950,927,771,687,554,454,449,304,212,151,113,49,10,5,-,-
Perolândia (GO),294,327,298,311,246,232,206,207,159,157,108,86,60,28,30,21,19,-,3,-,-
Petrolina de Goiás (GO),831,908,1005,996,981,839,912,768,683,569,392,475,355,292,190,85,66,22,9,3,-
Pilar de Goiás (GO),281,323,320,349,260,276,262,250,215,194,165,130,129,72,40,49,12,5,-,8,-
Piracanjuba (GO),1877,2023,2006,2246,2144,1968,1845,1766,1563,1372,1197,933,762,772,505,347,129,57,19,25,-
Piranhas (GO),1034,1133,1210,1156,1147,1030,998,943,757,670,580,447,373,360,213,124,60,42,-,9,-
Pirenópolis (GO),2103,2004,2166,1992,2021,1842,1696,1486,1241,1106,967,714,619,474,345,242,142,42,43,-,-
Pires do Rio (GO),2090,2266,2537,2589,2410,2015,2131,2038,1783,1505,1411,777,777,816,605,238,166,32,33,10,-
Planaltina (GO),10333,9064,7950,8094,7962,7141,5980,4654,3457,2655,2262,1204,1052,838,550,200,179,55,29,31,28
Pontalina (GO),1424,1421,1448,1605,1516,1324,1333,1214,1058,909,747,700,721,375,349,197,152,57,7,-,-
Porangatu (GO),3684,3966,4356,4367,3850,3324,3033,2861,2362,1898,1676,1027,1161,731,682,339,163,80,28,5,-
Porteirão (GO),307,291,298,284,289,247,240,202,183,141,69,99,85,21,12,21,22,12,-,-,-
Portelândia (GO),366,409,390,368,335,328,284,256,223,193,116,122,100,83,55,33,35,-,-,-,-
Posse (GO),2796,2987,3184,3080,2619,2071,1882,1703,1366,983,796,613,549,404,264,178,144,65,13,-,-
Professor Jamil (GO),300,322,336,346,287,262,247,263,228,191,135,138,135,70,67,60,4,4,5,-,3
Quirinópolis (GO),2872,3290,3486,3467,3189,3236,3073,2793,2397,2108,1663,1431,1242,881,622,334,269,71,87,-,-
Rialma (GO),861,1022,952,994,915,910,908,800,640,535,452,342,323,186,151,141,45,20,8,-,5
Rianápolis (GO),395,406,412,431,386,355,384,318,264,227,215,158,173,73,72,39,30,20,6,-,-
Rio Quente (GO),186,209,212,185,215,218,200,148,139,115,84,65,55,20,25,14,7,-,-,-,-
Rio Verde (GO),10505,11266,11762,11990,11438,10702,10189,9053,7403,5905,4605,3656,2831,1960,1675,891,473,142,69,27,10
Rubiataba (GO),1538,1705,1777,1739,1579,1567,1524,1325,1157,945,901,611,554,465,362,182,106,38,13,-,-
Sanclerlândia (GO),590,718,765,744,660,612,625,585,465,408,340,308,260,169,147,86,37,12,-,-,-
Santa Bárbara de Goiás (GO),463,508,534,479,475,423,419,375,324,229,175,181,142,83,79,33,20,16,4,-,-
Santa Cruz de Goiás (GO),292,303,304,321,270,296,285,292,226,197,164,149,124,102,63,35,21,20,-,6,-
Santa Fé de Goiás (GO),451,372,345,486,462,347,319,291,212,170,204,118,112,93,41,36,14,10,-,-,-
Santa Helena de Goiás (GO),3094,3152,3538,3573,3279,2892,2807,2744,2228,1856,1605,1005,881,795,427,298,188,133,16,34,-
Santa Isabel (GO),288,329,334,313,274,313,300,310,241,174,185,137,147,98,76,42,25,6,-,-,-
Santa Rita do Araguaia (GO),502,500,505,509,506,415,388,363,299,272,179,193,130,136,100,33,44,13,-,-,-
Santa Rita do Novo Destino (GO),281,328,351,318,276,230,245,228,182,142,127,88,92,52,50,8,16,5,-,6,-
Santa Rosa de Goiás (GO),259,310,368,318,283,263,315,288,239,213,180,141,133,77,69,53,25,14,-,-,-
Santa Tereza de Goiás (GO),415,423,442,550,495,374,338,328,291,226,225,159,125,125,77,59,23,19,3,-,-
Santa Terezinha de Goiás (GO),1038,1235,1342,1337,1031,941,1001,842,765,608,524,400,339,248,177,100,75,12,-,-,-
Santo Antônio da Barra (GO),407,407,424,450,398,301,326,269,246,195,175,152,86,97,60,15,32,8,5,-,-
Santo Antônio de Goiás (GO),300,323,316,369,298,293,290,221,183,157,93,95,62,37,26,11,25,7,-,-,-
Santo Antônio do Descoberto (GO),7112,6341,5618,5713,5577,4808,4155,3255,2427,1941,1399,1179,867,632,379,247,138,49,38,-,22
São Domingos (GO),1028,982,1190,1180,963,684,625,584,490,449,333,310,251,204,129,68,76,68,15,7,-
São Francisco de Goiás (GO),585,585,590,596,481,471,482,457,432,278,251,281,205,180,156,54,15,12,13,9,-
São João d'Aliança (GO),787,791,773,724,573,517,467,449,360,286,252,236,169,136,104,54,38,18,-,3,-
São João da Paraúna (GO),176,162,186,197,181,145,183,122,135,113,98,62,42,91,59,43,19,2,7,-,-
São Luís de Montes Belos (GO),2151,2403,2474,2498,2383,2144,2244,2150,1953,1447,1312,901,813,517,492,247,164,60,29,-,-
São Luiz do Norte (GO),373,383,414,471,419,341,310,299,251,203,160,135,83,115,65,52,5,10,-,-,-
São Miguel do Araguaia (GO),2162,2211,2401,2413,2128,2059,1903,1641,1321,1146,969,725,683,365,253,194,167,44,8,-,-
São Miguel do Passa Quatro (GO),305,314,354,359,322,330,285,267,239,177,162,113,80,76,56,26,10,4,4,-,-
São Patrício (GO),153,159,176,172,160,157,152,158,117,87,102,72,55,44,23,37,-,6,5,-,-
São Simão (GO),1169,1324,1188,1251,1210,1191,1100,1013,881,715,588,500,449,365,305,179,50,39,24,10,-
Senador Canedo (GO),6177,5975,5888,5637,5461,4891,4700,4150,2977,2161,1603,1065,864,691,473,230,115,30,-,18,-
Serranópolis (GO),711,598,523,639,637,563,525,475,391,325,343,278,155,103,63,56,36,13,11,-,-
Silvânia (GO),1956,1806,1921,1946,2108,1772,1701,1423,1237,1075,774,849,705,371,271,221,127,50,27,-,-
Simolândia (GO),661,674,853,797,572,480,410,378,337,255,195,185,119,135,82,46,19,17,-,-,4
Sítio d'Abadia (GO),264,306,378,353,234,173,171,171,123,129,94,59,48,73,51,35,9,10,-,-,-
Taquaral de Goiás (GO),258,332,340,319,233,284,309,290,260,221,178,155,99,122,85,64,9,26,-,2,-
Teresina de Goiás (GO),322,314,372,308,233,168,156,125,112,100,92,61,68,73,38,23,14,6,-,-,-
Terezópolis de Goiás (GO),555,517,520,545,546,463,421,348,244,212,164,191,148,63,73,37,19,7,10,-,-
Três Ranchos (GO),230,277,259,243,245,239,252,201,182,166,124,139,93,78,48,41,12,3,-,-,-
Trindade (GO),8190,8115,8177,8507,8379,7560,6898,6111,5008,3842,3021,2221,1912,1430,952,635,284,136,49,8,22
Trombas (GO),328,326,340,379,331,259,257,244,182,169,149,123,128,86,78,31,16,8,-,-,-
Turvânia (GO),403,478,483,433,469,433,430,358,352,309,210,226,185,144,126,52,33,4,6,-,-
Turvelândia (GO),358,357,394,365,333,303,290,291,246,153,153,72,97,36,52,12,12,-,-,-,-
Uirapuru (GO),291,337,354,307,253,246,236,208,172,140,139,136,88,45,34,23,23,5,6,-,-
Uruaçu (GO),3060,3285,3632,3531,3015,2723,2660,2474,2049,1697,1520,967,945,777,569,347,95,114,51,18,-
Uruana (GO),1198,1235,1349,1409,1286,1174,1116,1104,962,776,736,377,463,275,130,124,127,29,9,48,11
Urutaí (GO),272,252,318,264,238,201,304,256,186,168,180,172,104,77,65,19,14,13,-,-,-
Valparaíso de Goiás (GO),11834,10551,9680,10164,10588,9350,8558,7171,5346,3760,2371,1916,1509,801,584,320,219,77,32,25,-
Varjão (GO),291,350,300,331,296,284,260,254,244,201,185,147,143,91,53,61,24,5,-,-,-
Vianópolis (GO),1099,1114,1080,1121,1154,996,972,860,691,517,429,341,327,243,166,86,77,22,-,4,-
Vicentinópolis (GO),574,622,599,620,580,580,526,467,372,297,221,160,152,111,52,39,20,18,5,-,-
Vila Boa (GO),403,425,429,388,332,245,219,213,160,113,98,80,66,54,16,32,9,6,-,-,-
Vila Propício (GO),470,523,508,461,382,314,359,291,251,211,185,177,123,92,63,35,40,-,6,-,-
Brasília (DF),201527,190888,190675,225337,233887,202754,181064,157171,125607,101899,78087,52755,42370,26721,18849,11116,5891,3227,832,284,204