CD_UF,date,DENV_1,DENV_2,DENV_3,DENV_4,DENV_total
11,1996-01-31,,,,,
11,1996-02-29,,,,,
11,1996-03-31,,,,,
11,1996-04-30,,,,,
11,1996-05-31,,,,,
11,1996-06-30,,,,,
11,1996-07-31,,,,,
11,1996-08-31,,,,,
11,1996-09-30,,,,,
11,1996-10-31,,,,,
11,1996-11-30,,,,,
11,1996-12-31,,,,,
11,1997-01-31,,,,,
11,1997-02-28,,,,,
11,1997-03-31,,,,,
11,1997-04-30,,,,,
11,1997-05-31,,,,,
11,1997-06-30,,,,,
11,1997-07-31,,,,,
11,1997-08-31,,,,,
11,1997-09-30,,,,,
11,1997-10-31,,,,,
11,1997-11-30,,,,,
11,1997-12-31,,,,,
11,1998-01-31,,,,,
11,1998-02-28,,,,,
11,1998-03-31,,,,,
11,1998-04-30,,,,,
11,1998-05-31,,,,,
11,1998-06-30,,,,,
11,1998-07-31,,,,,
11,1998-08-31,,,,,
11,1998-09-30,,,,,
11,1998-10-31,,,,,
11,1998-11-30,,,,,
11,1998-12-31,,,,,
11,1999-01-31,,,,,60.0
11,1999-02-28,,,,,74.0
11,1999-03-31,,,1.0,,256.0
11,1999-04-30,,,,,40.0
11,1999-05-31,,,,,152.0
11,1999-06-30,,,,,53.0
11,1999-07-31,,,,,24.0
11,1999-08-31,,,,,20.0
11,1999-09-30,,,,,3.0
11,1999-10-31,,,,,11.0
11,1999-11-30,,,,,5.0
11,1999-12-31,,,,,3.0
11,2000-01-31,,,,,28.0
11,2000-02-29,,,,,15.0
11,2000-03-31,,,,,17.0
11,2000-04-30,,,,,38.0
11,2000-05-31,,,,,30.0
11,2000-06-30,,,,,10.0
11,2000-07-31,,,,,24.0
11,2000-08-31,,,,,19.0
11,2000-09-30,,,,,58.0
11,2000-10-31,,,,,666.0
11,2000-11-30,2.0,,,,1402.0
11,2000-12-31,5.0,1.0,,,884.0
11,2001-01-31,2.0,1.0,,,585.0
11,2001-02-28,11.0,,1.0,,330.0
11,2001-03-31,22.0,,,,215.0
11,2001-04-30,3.0,,,,67.0
11,2001-05-31,4.0,,,,103.0
11,2001-06-30,,,,,76.0
11,2001-07-31,1.0,,,,20.0
11,2001-08-31,,,,,26.0
11,2001-09-30,,,,,11.0
11,2001-10-31,,,,,21.0
11,2001-11-30,,,,,88.0
11,2001-12-31,,,,,126.0
11,2002-01-31,,2.0,,,185.0
11,2002-02-28,,1.0,,,254.0
11,2002-03-31,,,,,287.0
11,2002-04-30,,,,,81.0
11,2002-05-31,,,,,60.0
11,2002-06-30,,,,,38.0
11,2002-07-31,,,,,22.0
11,2002-08-31,,,,,12.0
11,2002-09-30,,,,,25.0
11,2002-10-31,,,,,53.0
11,2002-11-30,,,,,300.0
11,2002-12-31,,,,,209.0
11,2003-01-31,1.0,,,,520.0
11,2003-02-28,3.0,,,,779.0
11,2003-03-31,6.0,,,,537.0
11,2003-04-30,,,,,249.0
11,2003-05-31,,,,,185.0
11,2003-06-30,,,,,108.0
11,2003-07-31,,,,,97.0
11,2003-08-31,,,,,58.0
11,2003-09-30,,,,,31.0
11,2003-10-31,,,,,54.0
11,2003-11-30,,,,,227.0
11,2003-12-31,,,,,181.0
11,2004-01-31,,,,,386.0
11,2004-02-29,,,,,285.0
11,2004-03-31,,,,,252.0
11,2004-04-30,,,,,107.0
11,2004-05-31,,,,,86.0
11,2004-06-30,,,,,39.0
11,2004-07-31,,,,,36.0
11,2004-08-31,,,,,32.0
11,2004-09-30,,,,,31.0
11,2004-10-31,,,,,108.0
11,2004-11-30,,,,,567.0
11,2004-12-31,3.0,,,,1181.0
11,2005-01-31,,,,,2038.0
11,2005-02-28,,,,,1335.0
11,2005-03-31,4.0,,,,1115.0
11,2005-04-30,,,,,526.0
11,2005-05-31,,,,,124.0
11,2005-06-30,,,,,83.0
11,2005-07-31,,,,,71.0
11,2005-08-31,,,,,46.0
11,2005-09-30,,,,,24.0
11,2005-10-31,,,,,54.0
11,2005-11-30,,,,,164.0
11,2005-12-31,,,,,459.0
11,2006-01-31,,1.0,,,1729.0
11,2006-02-28,1.0,,,1.0,1598.0
11,2006-03-31,1.0,,,,484.0
11,2006-04-30,20.0,,,,287.0
11,2006-05-31,13.0,,,,73.0
11,2006-06-30,,,,,30.0
11,2006-07-31,,,,,23.0
11,2006-08-31,,,,,15.0
11,2006-09-30,,,,,12.0
11,2006-10-31,,,,,36.0
11,2006-11-30,,,,,74.0
11,2006-12-31,,,,,89.0
11,2007-01-31,1.0,,,,237.0
11,2007-02-28,,,,,335.0
11,2007-03-31,,,,,280.0
11,2007-04-30,2.0,,,,164.0
11,2007-05-31,2.0,,1.0,,117.0
11,2007-06-30,7.0,,,,110.0
11,2007-07-31,,,,,63.0
11,2007-08-31,1.0,,,,59.0
11,2007-09-30,1.0,,,,110.0
11,2007-10-31,,,,1.0,200.0
11,2007-11-30,,,,,364.0
11,2007-12-31,1.0,,,,1099.0
11,2008-01-31,26.0,,,3.0,1468.0
11,2008-02-29,48.0,,,,1062.0
11,2008-03-31,87.0,,,2.0,1478.0
11,2008-04-30,36.0,,6.0,,1139.0
11,2008-05-31,5.0,,,1.0,337.0
11,2008-06-30,2.0,,,,70.0
11,2008-07-31,,,,,31.0
11,2008-08-31,,,,,20.0
11,2008-09-30,,,,,17.0
11,2008-10-31,,,,,25.0
11,2008-11-30,,,,,109.0
11,2008-12-31,,,,,196.0
11,2009-01-31,5.0,,,,781.0
11,2009-02-28,3.0,,,,1215.0
11,2009-03-31,4.0,,1.0,,2095.0
11,2009-04-30,2.0,,,,1023.0
11,2009-05-31,8.0,,,,813.0
11,2009-06-30,5.0,,,,391.0
11,2009-07-31,1.0,,,,291.0
11,2009-08-31,4.0,,,,356.0
11,2009-09-30,2.0,,,,288.0
11,2009-10-31,15.0,,,,1224.0
11,2009-11-30,65.0,3.0,,,3928.0
11,2009-12-31,124.0,,,,6069.0
11,2010-01-31,95.0,1.0,,8.0,10193.0
11,2010-02-28,208.0,,,4.0,6063.0
11,2010-03-31,159.0,,,2.0,2105.0
11,2010-04-30,14.0,,,,901.0
11,2010-05-31,8.0,,,,511.0
11,2010-06-30,6.0,,,,179.0
11,2010-07-31,2.0,,,,126.0
11,2010-08-31,5.0,,,1.0,78.0
11,2010-09-30,7.0,,,,72.0
11,2010-10-31,7.0,,,,160.0
11,2010-11-30,4.0,,,,620.0
11,2010-12-31,31.0,,,,895.0
11,2011-01-31,4.0,,,,715.0
11,2011-02-28,2.0,,,,580.0
11,2011-03-31,6.0,,,,596.0
11,2011-04-30,2.0,,,,586.0
11,2011-05-31,,,,,172.0
11,2011-06-30,,,,,54.0
11,2011-07-31,,,,,42.0
11,2011-08-31,,,,,54.0
11,2011-09-30,,,,,64.0
11,2011-10-31,,,,,77.0
11,2011-11-30,1.0,,,,102.0
11,2011-12-31,,,,,169.0
11,2012-01-31,,,,,288.0
11,2012-02-29,8.0,,,,282.0
11,2012-03-31,,,,,435.0
11,2012-04-30,,,,,290.0
11,2012-05-31,2.0,,,1.0,261.0
11,2012-06-30,,,,,339.0
11,2012-07-31,2.0,,,,196.0
11,2012-08-31,,,,,174.0
11,2012-09-30,,,,,116.0
11,2012-10-31,,,,,151.0
11,2012-11-30,1.0,,,1.0,266.0
11,2012-12-31,5.0,,,1.0,533.0
11,2013-01-31,6.0,,,2.0,2037.0
11,2013-02-28,2.0,,,2.0,2512.0
11,2013-03-31,5.0,,,,2054.0
11,2013-04-30,4.0,,,,684.0
11,2013-05-31,1.0,,,,353.0
11,2013-06-30,3.0,,,,201.0
11,2013-07-31,,,,1.0,104.0
11,2013-08-31,,,,,92.0
11,2013-09-30,1.0,,,,71.0
11,2013-10-31,3.0,,,,116.0
11,2013-11-30,,,,,384.0
11,2013-12-31,,,,,304.0
11,2014-01-31,,,,,180.0
11,2014-02-28,,,,,249.0
11,2014-03-31,,,,,282.0
11,2014-04-30,1.0,,,,175.0
11,2014-05-31,1.0,,,,195.0
11,2014-06-30,,,,,120.0
11,2014-07-31,,,,,70.0
11,2014-08-31,,,,,79.0
11,2014-09-30,,,,,51.0
11,2014-10-31,,,,,92.0
11,2014-11-30,,,,,349.0
11,2014-12-31,,,,,147.0
11,2015-01-31,,,,,161.0
11,2015-02-28,1.0,,,,195.0
11,2015-03-31,,,,,250.0
11,2015-04-30,,,,,250.0
11,2015-05-31,,,,,226.0
11,2015-06-30,,,,,125.0
11,2015-07-31,,,,,74.0
11,2015-08-31,,,,,61.0
11,2015-09-30,,,,,59.0
11,2015-10-31,1.0,,,1.0,161.0
11,2015-11-30,,,,,196.0
11,2015-12-31,3.0,,,1.0,376.0
11,2016-01-31,31.0,,,1.0,1907.0
11,2016-02-29,27.0,,,1.0,2199.0
11,2016-03-31,8.0,,,,1531.0
11,2016-04-30,9.0,,,,975.0
11,2016-05-31,,,,,249.0
11,2016-06-30,1.0,,,,98.0
11,2016-07-31,,,,,117.0
11,2016-08-31,,,,,24.0
11,2016-09-30,,,,,34.0
11,2016-10-31,,,,,51.0
11,2016-11-30,,,,,166.0
11,2016-12-31,3.0,,,,564.0
11,2017-01-31,1.0,,,,586.0
11,2017-02-28,4.0,,,,523.0
11,2017-03-31,1.0,,,,378.0
11,2017-04-30,,,,,196.0
11,2017-05-31,1.0,,,,85.0
11,2017-06-30,,,,,67.0
11,2017-07-31,,,,,47.0
11,2017-08-31,2.0,,,,47.0
11,2017-09-30,,,,,57.0
11,2017-10-31,1.0,,,,35.0
11,2017-11-30,,,,,71.0
11,2017-12-31,,,,,100.0
11,2018-01-31,,,,,94.0
11,2018-02-28,1.0,,,,78.0
11,2018-03-31,2.0,,,,60.0
11,2018-04-30,1.0,,,,53.0
11,2018-05-31,1.0,,,,59.0
11,2018-06-30,1.0,,,,35.0
11,2018-07-31,,,,,27.0
11,2018-08-31,,,,,23.0
11,2018-09-30,,,,,26.0
11,2018-10-31,,,,,31.0
11,2018-11-30,,,,,33.0
11,2018-12-31,,,,,19.0
11,2019-01-31,,,,,33.0
11,2019-02-28,,,,,41.0
11,2019-03-31,,,,,64.0
11,2019-04-30,,,,,83.0
11,2019-05-31,,3.0,,,64.0
11,2019-06-30,5.0,,,,100.0
11,2019-07-31,3.0,,,,115.0
11,2019-08-31,4.0,,,,83.0
11,2019-09-30,1.0,,,,27.0
11,2019-10-31,1.0,,,,59.0
11,2019-11-30,1.0,,,,138.0
11,2019-12-31,,,,,179.0
11,2020-01-31,3.0,1.0,,,321.0
11,2020-02-29,4.0,,,,740.0
11,2020-03-31,4.0,,,,746.0
11,2020-04-30,1.0,3.0,,,573.0
11,2020-05-31,6.0,,,,619.0
11,2020-06-30,,,,,276.0
11,2020-07-31,1.0,,,,199.0
11,2020-08-31,,,,,128.0
11,2020-09-30,1.0,,,,36.0
11,2020-10-31,3.0,5.0,,,50.0
11,2020-11-30,,2.0,,,74.0
11,2020-12-31,,,,,197.0
11,2021-01-31,,,,,283.0
11,2021-02-28,,,,,315.0
11,2021-03-31,1.0,,,,256.0
11,2021-04-30,,2.0,,,191.0
11,2021-05-31,1.0,,,,202.0
11,2021-06-30,2.0,,,,138.0
11,2021-07-31,,,,,88.0
11,2021-08-31,,1.0,,,44.0
11,2021-09-30,,,,,23.0
11,2021-10-31,,,,,54.0
11,2021-11-30,,,,,210.0
11,2021-12-31,,,,,434.0
11,2022-01-31,3.0,1.0,,,1038.0
11,2022-02-28,2.0,1.0,,,1383.0
11,2022-03-31,1.0,1.0,,,1819.0
11,2022-04-30,4.0,3.0,,,2502.0
11,2022-05-31,1.0,8.0,,,1505.0
11,2022-06-30,,,,,864.0
11,2022-07-31,1.0,10.0,,,763.0
11,2022-08-31,6.0,11.0,,,386.0
11,2022-09-30,,5.0,,,327.0
11,2022-10-31,2.0,1.0,,,503.0
11,2022-11-30,2.0,7.0,,,892.0
11,2022-12-31,8.0,5.0,,,2275.0
11,2023-01-31,13.0,18.0,,,2808.0
11,2023-02-28,15.0,17.0,,,2466.0
11,2023-03-31,31.0,34.0,,,2143.0
11,2023-04-30,37.0,34.0,,,1411.0
11,2023-05-31,18.0,47.0,,,553.0
11,2023-06-30,7.0,22.0,,,298.0
11,2023-07-31,16.0,28.0,,,228.0
11,2023-08-31,2.0,10.0,,,147.0
11,2023-09-30,3.0,3.0,,,131.0
11,2023-10-31,2.0,3.0,,,204.0
11,2023-11-30,10.0,,,,141.0
11,2023-12-31,21.0,3.0,,,186.0
11,2024-01-31,42.0,20.0,,,471.0
11,2024-02-29,30.0,48.0,,,1203.0
11,2024-03-31,61.0,83.0,,,2147.0
11,2024-04-30,35.0,1.0,,,646.0
11,2024-05-31,19.0,1.0,,,230.0
11,2024-06-30,12.0,1.0,,,152.0
11,2024-07-31,4.0,,,,89.0
11,2024-08-31,1.0,2.0,,,101.0
11,2024-09-30,,,,,41.0
11,2024-10-31,,,,,30.0
11,2024-11-30,1.0,,,,66.0
11,2024-12-31,1.0,,,,72.0
11,2025-01-31,3.0,,,,118.0
11,2025-02-28,2.0,1.0,,,208.0
11,2025-03-31,4.0,,,,1474.0
11,2025-04-30,5.0,1.0,,,643.0
11,2025-05-31,1.0,,,,80.0
11,2025-06-30,,,,,
11,2025-07-31,,,,,
11,2025-08-31,,,,,
11,2025-09-30,,,,,
11,2025-10-31,,,,,
11,2025-11-30,,,,,
11,2025-12-31,,,,,
12,1996-01-31,,,,,
12,1996-02-29,,,,,
12,1996-03-31,,,,,
12,1996-04-30,,,,,
12,1996-05-31,,,,,
12,1996-06-30,,,,,
12,1996-07-31,,,,,
12,1996-08-31,,,,,
12,1996-09-30,,,,,
12,1996-10-31,,,,,
12,1996-11-30,,,,,
12,1996-12-31,,,,,
12,1997-01-31,,,,,
12,1997-02-28,,,,,
12,1997-03-31,,,,,
12,1997-04-30,,,,,
12,1997-05-31,,,,,
12,1997-06-30,,,,,
12,1997-07-31,,,,,
12,1997-08-31,,,,,
12,1997-09-30,,,,,
12,1997-10-31,,,,,
12,1997-11-30,,,,,
12,1997-12-31,,,,,
12,1998-01-31,,,,,
12,1998-02-28,,,,,
12,1998-03-31,,,,,
12,1998-04-30,,,,,
12,1998-05-31,,,,,
12,1998-06-30,,,,,
12,1998-07-31,,,,,
12,1998-08-31,,,,,
12,1998-09-30,,,,,
12,1998-10-31,,,,,
12,1998-11-30,,,,,
12,1998-12-31,,,,,
12,1999-01-31,,,,,
12,1999-02-28,,,,,
12,1999-03-31,,,,,
12,1999-04-30,,,,,
12,1999-05-31,,,,,
12,1999-06-30,,,,,
12,1999-07-31,,,,,
12,1999-08-31,,,,,
12,1999-09-30,,,,,
12,1999-10-31,,,,,
12,1999-11-30,,,,,
12,1999-12-31,,,,,
12,2000-01-31,,,,,3.0
12,2000-02-29,,,,,7.0
12,2000-03-31,,,,,12.0
12,2000-04-30,,,,,19.0
12,2000-05-31,,,,,43.0
12,2000-06-30,,,,,83.0
12,2000-07-31,,,,,197.0
12,2000-08-31,,,,,171.0
12,2000-09-30,,,,,122.0
12,2000-10-31,,,,,68.0
12,2000-11-30,,,,,141.0
12,2000-12-31,,,,,419.0
12,2001-01-31,2.0,,,,1299.0
12,2001-02-28,12.0,,2.0,,354.0
12,2001-03-31,12.0,,,,144.0
12,2001-04-30,2.0,,,,76.0
12,2001-05-31,1.0,,,,27.0
12,2001-06-30,1.0,,,,44.0
12,2001-07-31,,,,,8.0
12,2001-08-31,,,,,9.0
12,2001-09-30,,,,,9.0
12,2001-10-31,1.0,,,,14.0
12,2001-11-30,,,,,154.0
12,2001-12-31,,,,,56.0
12,2002-01-31,,,,,58.0
12,2002-02-28,1.0,,,,135.0
12,2002-03-31,,,,,322.0
12,2002-04-30,,,,,76.0
12,2002-05-31,,,,,35.0
12,2002-06-30,,,,,28.0
12,2002-07-31,,,,,19.0
12,2002-08-31,,,,,14.0
12,2002-09-30,,,,,10.0
12,2002-10-31,,,,,14.0
12,2002-11-30,,,,,93.0
12,2002-12-31,,,,,97.0
12,2003-01-31,,,,,176.0
12,2003-02-28,,,,,245.0
12,2003-03-31,,,,,175.0
12,2003-04-30,,,,,102.0
12,2003-05-31,,,,,58.0
12,2003-06-30,,,,,39.0
12,2003-07-31,,,,,16.0
12,2003-08-31,,,,,13.0
12,2003-09-30,,,,,6.0
12,2003-10-31,,,,,24.0
12,2003-11-30,,,,,44.0
12,2003-12-31,,,,,60.0
12,2004-01-31,,,,,92.0
12,2004-02-29,,,,,135.0
12,2004-03-31,,,,,49.0
12,2004-04-30,,,,,22.0
12,2004-05-31,,,,,51.0
12,2004-06-30,,,,,52.0
12,2004-07-31,,,,,53.0
12,2004-08-31,,,,,29.0
12,2004-09-30,,,,,81.0
12,2004-10-31,,,,,359.0
12,2004-11-30,,,,,1802.0
12,2004-12-31,,,,,1441.0
12,2005-01-31,,1.0,,,1613.0
12,2005-02-28,,,,,539.0
12,2005-03-31,1.0,,,,186.0
12,2005-04-30,,,,,78.0
12,2005-05-31,,,,,18.0
12,2005-06-30,,,,,15.0
12,2005-07-31,,,,,9.0
12,2005-08-31,,,,,5.0
12,2005-09-30,,,,,
12,2005-10-31,,,,,5.0
12,2005-11-30,,,,,16.0
12,2005-12-31,,,,,34.0
12,2006-01-31,,,,,79.0
12,2006-02-28,,,,,41.0
12,2006-03-31,,,,,31.0
12,2006-04-30,,,,,16.0
12,2006-05-31,,,,,14.0
12,2006-06-30,,,,,7.0
12,2006-07-31,,,,,7.0
12,2006-08-31,,,,,2.0
12,2006-09-30,,,,,6.0
12,2006-10-31,,,,,4.0
12,2006-11-30,,,,,20.0
12,2006-12-31,,,,,46.0
12,2007-01-31,,,,,49.0
12,2007-02-28,,,,,98.0
12,2007-03-31,,1.0,,,116.0
12,2007-04-30,,,,,85.0
12,2007-05-31,,,,1.0,30.0
12,2007-06-30,,,1.0,,10.0
12,2007-07-31,,,,,3.0
12,2007-08-31,,,,,1.0
12,2007-09-30,,,,,3.0
12,2007-10-31,,,,,8.0
12,2007-11-30,,,,,40.0
12,2007-12-31,,,,,78.0
12,2008-01-31,,,,,75.0
12,2008-02-29,,,,,140.0
12,2008-03-31,,,,,219.0
12,2008-04-30,1.0,1.0,,1.0,228.0
12,2008-05-31,,,,1.0,146.0
12,2008-06-30,,,,,42.0
12,2008-07-31,,,,,39.0
12,2008-08-31,,,,,43.0
12,2008-09-30,,,,,76.0
12,2008-10-31,,,,,100.0
12,2008-11-30,,,,,323.0
12,2008-12-31,,,,,653.0
12,2009-01-31,1.0,2.0,,,3047.0
12,2009-02-28,1.0,4.0,,1.0,5955.0
12,2009-03-31,,1.0,,,5026.0
12,2009-04-30,,,,,1569.0
12,2009-05-31,,,,3.0,957.0
12,2009-06-30,,,,,292.0
12,2009-07-31,,,,,145.0
12,2009-08-31,,,,,126.0
12,2009-09-30,,,,,85.0
12,2009-10-31,,,,,198.0
12,2009-11-30,1.0,,,,504.0
12,2009-12-31,7.0,,,1.0,1299.0
12,2010-01-31,31.0,17.0,,1.0,3929.0
12,2010-02-28,5.0,1.0,,1.0,7824.0
12,2010-03-31,4.0,2.0,,,6195.0
12,2010-04-30,1.0,2.0,,,3106.0
12,2010-05-31,3.0,,,,1968.0
12,2010-06-30,2.0,,,,858.0
12,2010-07-31,1.0,,,,927.0
12,2010-08-31,2.0,,,,407.0
12,2010-09-30,,,,,565.0
12,2010-10-31,,,,,1102.0
12,2010-11-30,2.0,,,,2696.0
12,2010-12-31,3.0,,,,4787.0
12,2011-01-31,4.0,,,,8476.0
12,2011-02-28,3.0,,,,5063.0
12,2011-03-31,2.0,,,,2734.0
12,2011-04-30,6.0,,,,1752.0
12,2011-05-31,4.0,,,,323.0
12,2011-06-30,,,,,128.0
12,2011-07-31,,,,,79.0
12,2011-08-31,,,,,49.0
12,2011-09-30,,,,,35.0
12,2011-10-31,,,,,58.0
12,2011-11-30,,,,,103.0
12,2011-12-31,,,,,217.0
12,2012-01-31,,,,,393.0
12,2012-02-29,,,,,374.0
12,2012-03-31,,,,,277.0
12,2012-04-30,,,,,132.0
12,2012-05-31,,,,1.0,83.0
12,2012-06-30,,,,,69.0
12,2012-07-31,,,,1.0,45.0
12,2012-08-31,,,,,32.0
12,2012-09-30,,,,,55.0
12,2012-10-31,,,,,95.0
12,2012-11-30,,,,,250.0
12,2012-12-31,,,,,615.0
12,2013-01-31,1.0,,,,804.0
12,2013-02-28,,,,,674.0
12,2013-03-31,,,,,506.0
12,2013-04-30,,,,,171.0
12,2013-05-31,,,,,92.0
12,2013-06-30,,,,,95.0
12,2013-07-31,,,,,62.0
12,2013-08-31,,,,,26.0
12,2013-09-30,,,,,22.0
12,2013-10-31,,,,,22.0
12,2013-11-30,,,,,94.0
12,2013-12-31,,,,,87.0
12,2014-01-31,,,,,144.0
12,2014-02-28,,,,,126.0
12,2014-03-31,,,,,233.0
12,2014-04-30,,,,,283.0
12,2014-05-31,1.0,,,,485.0
12,2014-06-30,,,,,417.0
12,2014-07-31,,,,,484.0
12,2014-08-31,1.0,,,,2050.0
12,2014-09-30,,,,,6552.0
12,2014-10-31,,,,,7450.0
12,2014-11-30,1.0,,,,6632.0
12,2014-12-31,1.0,,,,3093.0
12,2015-01-31,1.0,,,,2409.0
12,2015-02-28,,,,,1354.0
12,2015-03-31,1.0,,,,776.0
12,2015-04-30,1.0,,,,273.0
12,2015-05-31,,,,,245.0
12,2015-06-30,,,,,147.0
12,2015-07-31,,,,,63.0
12,2015-08-31,1.0,,,,48.0
12,2015-09-30,,,,,47.0
12,2015-10-31,,,,,72.0
12,2015-11-30,,,,,62.0
12,2015-12-31,,,,,137.0
12,2016-01-31,,,,,343.0
12,2016-02-29,,8.0,,,761.0
12,2016-03-31,,10.0,,,330.0
12,2016-04-30,,2.0,,,266.0
12,2016-05-31,,,,,82.0
12,2016-06-30,,,,,61.0
12,2016-07-31,,,,,71.0
12,2016-08-31,,,,,41.0
12,2016-09-30,,,,,38.0
12,2016-10-31,,,,,49.0
12,2016-11-30,,,,,58.0
12,2016-12-31,,,,,95.0
12,2017-01-31,,,,,282.0
12,2017-02-28,,,,,250.0
12,2017-03-31,,,,,197.0
12,2017-04-30,,,,,173.0
12,2017-05-31,,,,,89.0
12,2017-06-30,,,,,59.0
12,2017-07-31,,,,,64.0
12,2017-08-31,,,,,43.0
12,2017-09-30,,,,,48.0
12,2017-10-31,,,,,103.0
12,2017-11-30,1.0,,,,182.0
12,2017-12-31,,,,,371.0
12,2018-01-31,,,,,480.0
12,2018-02-28,,,,,411.0
12,2018-03-31,,,,,433.0
12,2018-04-30,,,,,290.0
12,2018-05-31,,,,,279.0
12,2018-06-30,,,,,237.0
12,2018-07-31,,,,,186.0
12,2018-08-31,,,,,181.0
12,2018-09-30,,,,,517.0
12,2018-10-31,1.0,,,,997.0
12,2018-11-30,,,,,1732.0
12,2018-12-31,,,,,1513.0
12,2019-01-31,,,,,1580.0
12,2019-02-28,,,,,1277.0
12,2019-03-31,,,,,979.0
12,2019-04-30,,,,,461.0
12,2019-05-31,,,,,302.0
12,2019-06-30,,,,,202.0
12,2019-07-31,,,,,123.0
12,2019-08-31,,,,,194.0
12,2019-09-30,,,,,137.0
12,2019-10-31,,,,,507.0
12,2019-11-30,,,,,2282.0
12,2019-12-31,,,,,1997.0
12,2020-01-31,,,,,2296.0
12,2020-02-29,,,,,1228.0
12,2020-03-31,,,,,401.0
12,2020-04-30,,,,,197.0
12,2020-05-31,,,,,682.0
12,2020-06-30,,,,,306.0
12,2020-07-31,,,,,148.0
12,2020-08-31,,,,,138.0
12,2020-09-30,,,,,101.0
12,2020-10-31,,,,,178.0
12,2020-11-30,,,,,592.0
12,2020-12-31,1.0,,,,1288.0
12,2021-01-31,15.0,7.0,,,4547.0
12,2021-02-28,9.0,44.0,,,4129.0
12,2021-03-31,5.0,15.0,,,2672.0
12,2021-04-30,,,,,874.0
12,2021-05-31,,,,,511.0
12,2021-06-30,,,,,158.0
12,2021-07-31,,,,,127.0
12,2021-08-31,,,,,97.0
12,2021-09-30,,,,,144.0
12,2021-10-31,,,,,329.0
12,2021-11-30,,,,,389.0
12,2021-12-31,,,,,860.0
12,2022-01-31,,,,,558.0
12,2022-02-28,,,,,484.0
12,2022-03-31,,,,,491.0
12,2022-04-30,,,,,409.0
12,2022-05-31,,,,,318.0
12,2022-06-30,,,,,160.0
12,2022-07-31,,,,,166.0
12,2022-08-31,,,,,77.0
12,2022-09-30,,,,,52.0
12,2022-10-31,,,,,133.0
12,2022-11-30,,,,,206.0
12,2022-12-31,,,,,349.0
12,2023-01-31,,4.0,,,549.0
12,2023-02-28,1.0,4.0,,,780.0
12,2023-03-31,21.0,15.0,,,989.0
12,2023-04-30,28.0,39.0,,,915.0
12,2023-05-31,,,,,419.0
12,2023-06-30,,,,,184.0
12,2023-07-31,,,,,165.0
12,2023-08-31,3.0,3.0,,,130.0
12,2023-09-30,3.0,11.0,,,165.0
12,2023-10-31,3.0,25.0,,,232.0
12,2023-11-30,3.0,18.0,,,684.0
12,2023-12-31,3.0,3.0,,,1924.0
12,2024-01-31,13.0,8.0,,,1923.0
12,2024-02-29,24.0,10.0,,,747.0
12,2024-03-31,21.0,17.0,,,528.0
12,2024-04-30,23.0,2.0,,,332.0
12,2024-05-31,18.0,7.0,,,184.0
12,2024-06-30,21.0,6.0,,,127.0
12,2024-07-31,10.0,1.0,,,77.0
12,2024-08-31,9.0,1.0,,,109.0
12,2024-09-30,16.0,,,,107.0
12,2024-10-31,32.0,2.0,,,276.0
12,2024-11-30,116.0,2.0,,,666.0
12,2024-12-31,232.0,,,,1244.0
12,2025-01-31,323.0,2.0,,,2073.0
12,2025-02-28,410.0,3.0,,,2548.0
12,2025-03-31,197.0,1.0,,,1973.0
12,2025-04-30,19.0,,,,927.0
12,2025-05-31,,,,,315.0
12,2025-06-30,,,,,
12,2025-07-31,,,,,
12,2025-08-31,,,,,
12,2025-09-30,,,,,
12,2025-10-31,,,,,
12,2025-11-30,,,,,
12,2025-12-31,,,,,
13,1996-01-31,,,,,
13,1996-02-29,,,,,
13,1996-03-31,,,,,
13,1996-04-30,,,,,
13,1996-05-31,,,,,
13,1996-06-30,,,,,
13,1996-07-31,,,,,
13,1996-08-31,,,,,
13,1996-09-30,,,,,
13,1996-10-31,,,,,
13,1996-11-30,,,,,
13,1996-12-31,,,,,
13,1997-01-31,,,,,
13,1997-02-28,,,,,
13,1997-03-31,,,,,
13,1997-04-30,,,,,
13,1997-05-31,,,,,
13,1997-06-30,,,,,
13,1997-07-31,,,,,
13,1997-08-31,,,,,
13,1997-09-30,,,,,
13,1997-10-31,,,,,
13,1997-11-30,,,,,
13,1997-12-31,,,,,
13,1998-01-31,,,,,
13,1998-02-28,,,,,1.0
13,1998-03-31,1.0,,,,8.0
13,1998-04-30,,,,,
13,1998-05-31,1.0,,,,1.0
13,1998-06-30,,,,,2.0
13,1998-07-31,,,,,
13,1998-08-31,1.0,,,,1.0
13,1998-09-30,,,,,
13,1998-10-31,,,,,
13,1998-11-30,1.0,,,,1.0
13,1998-12-31,,,,,
13,1999-01-31,1.0,,,,16.0
13,1999-02-28,,,,,47.0
13,1999-03-31,,,,,54.0
13,1999-04-30,,,,,27.0
13,1999-05-31,,,,,10.0
13,1999-06-30,,,,,13.0
13,1999-07-31,,,,,12.0
13,1999-08-31,,,,,5.0
13,1999-09-30,,,,,1.0
13,1999-10-31,,,,,1.0
13,1999-11-30,,,,,
13,1999-12-31,,,,,
13,2000-01-31,,,,,795.0
13,2000-02-29,,,,,1120.0
13,2000-03-31,4.0,,,,1201.0
13,2000-04-30,,,,,661.0
13,2000-05-31,3.0,,,,465.0
13,2000-06-30,,,,,258.0
13,2000-07-31,,,,,258.0
13,2000-08-31,,,,,146.0
13,2000-09-30,,,,,120.0
13,2000-10-31,,,,,134.0
13,2000-11-30,,,,,232.0
13,2000-12-31,,,,,950.0
13,2001-01-31,13.0,,,,5455.0
13,2001-02-28,3.0,1.0,,,7215.0
13,2001-03-31,,,1.0,,3504.0
13,2001-04-30,1.0,,,,1294.0
13,2001-05-31,,,,,1021.0
13,2001-06-30,1.0,,,,448.0
13,2001-07-31,1.0,,,,238.0
13,2001-08-31,,,,,52.0
13,2001-09-30,,,,,59.0
13,2001-10-31,,,,,32.0
13,2001-11-30,,,,,22.0
13,2001-12-31,,,,,79.0
13,2002-01-31,,1.0,,,97.0
13,2002-02-28,1.0,,,,400.0
13,2002-03-31,1.0,,,,577.0
13,2002-04-30,,,,,266.0
13,2002-05-31,,,,,130.0
13,2002-06-30,,,,,107.0
13,2002-07-31,,,,,92.0
13,2002-08-31,,,1.0,,145.0
13,2002-09-30,,2.0,,,75.0
13,2002-10-31,1.0,2.0,,,53.0
13,2002-11-30,,,1.0,,194.0
13,2002-12-31,,,,,77.0
13,2003-01-31,,,,,301.0
13,2003-02-28,,,,,470.0
13,2003-03-31,,,,,857.0
13,2003-04-30,2.0,2.0,,,633.0
13,2003-05-31,3.0,3.0,4.0,,885.0
13,2003-06-30,,,,,390.0
13,2003-07-31,,,,,218.0
13,2003-08-31,1.0,,,,107.0
13,2003-09-30,,,,,50.0
13,2003-10-31,,,,,39.0
13,2003-11-30,,,,,56.0
13,2003-12-31,,,,,44.0
13,2004-01-31,,1.0,,,128.0
13,2004-02-29,,,,,150.0
13,2004-03-31,1.0,,,,127.0
13,2004-04-30,,,,,87.0
13,2004-05-31,,,1.0,,146.0
13,2004-06-30,,,,,50.0
13,2004-07-31,,,,,75.0
13,2004-08-31,4.0,1.0,,,51.0
13,2004-09-30,1.0,,,,27.0
13,2004-10-31,,,,,24.0
13,2004-11-30,,,,,35.0
13,2004-12-31,,,,,28.0
13,2005-01-31,,,,,70.0
13,2005-02-28,,,,,92.0
13,2005-03-31,,,,,142.0
13,2005-04-30,,,,,239.0
13,2005-05-31,,,,,177.0
13,2005-06-30,,,,,106.0
13,2005-07-31,,,,,107.0
13,2005-08-31,,,1.0,,37.0
13,2005-09-30,,,,,7.0
13,2005-10-31,,,1.0,,6.0
13,2005-11-30,,,,,9.0
13,2005-12-31,,,,,20.0
13,2006-01-31,,,,,67.0
13,2006-02-28,,,,,79.0
13,2006-03-31,,,1.0,,115.0
13,2006-04-30,1.0,,,,90.0
13,2006-05-31,,,1.0,,44.0
13,2006-06-30,,,,,34.0
13,2006-07-31,,,,,40.0
13,2006-08-31,,,,,36.0
13,2006-09-30,,,,,65.0
13,2006-10-31,,,,,26.0
13,2006-11-30,,,,,31.0
13,2006-12-31,,,,,20.0
13,2007-01-31,1.0,,,,32.0
13,2007-02-28,,,1.0,,91.0
13,2007-03-31,2.0,,7.0,1.0,190.0
13,2007-04-30,3.0,,1.0,,161.0
13,2007-05-31,,,6.0,,99.0
13,2007-06-30,,4.0,2.0,,184.0
13,2007-07-31,1.0,,3.0,,157.0
13,2007-08-31,,1.0,4.0,1.0,98.0
13,2007-09-30,1.0,,1.0,,128.0
13,2007-10-31,1.0,,1.0,,124.0
13,2007-11-30,1.0,,3.0,,312.0
13,2007-12-31,1.0,,6.0,,367.0
13,2008-01-31,3.0,1.0,20.0,,1091.0
13,2008-02-29,2.0,1.0,9.0,,1648.0
13,2008-03-31,4.0,,,,2356.0
13,2008-04-30,1.0,,3.0,,2028.0
13,2008-05-31,1.0,,,,723.0
13,2008-06-30,,,1.0,,127.0
13,2008-07-31,,,,,122.0
13,2008-08-31,,,,,95.0
13,2008-09-30,,,,,45.0
13,2008-10-31,,,,,94.0
13,2008-11-30,1.0,,1.0,,261.0
13,2008-12-31,,1.0,,,266.0
13,2009-01-31,,,,,430.0
13,2009-02-28,,1.0,,,210.0
13,2009-03-31,,,,,181.0
13,2009-04-30,,,,,70.0
13,2009-05-31,,,,,104.0
13,2009-06-30,1.0,,,,50.0
13,2009-07-31,,,,,70.0
13,2009-08-31,,1.0,,,88.0
13,2009-09-30,,,,,41.0
13,2009-10-31,,,,,88.0
13,2009-11-30,,,,,181.0
13,2009-12-31,,,,,183.0
13,2010-01-31,2.0,1.0,,,618.0
13,2010-02-28,,,,,385.0
13,2010-03-31,1.0,,,1.0,402.0
13,2010-04-30,,,,,297.0
13,2010-05-31,,1.0,,,455.0
13,2010-06-30,2.0,,,,627.0
13,2010-07-31,2.0,2.0,,,856.0
13,2010-08-31,5.0,2.0,,,592.0
13,2010-09-30,,,,,368.0
13,2010-10-31,1.0,,,,543.0
13,2010-11-30,8.0,,,1.0,897.0
13,2010-12-31,19.0,1.0,,3.0,1471.0
13,2011-01-31,46.0,38.0,2.0,28.0,9203.0
13,2011-02-28,46.0,50.0,4.0,16.0,20009.0
13,2011-03-31,21.0,26.0,14.0,31.0,19752.0
13,2011-04-30,7.0,6.0,2.0,2.0,7251.0
13,2011-05-31,1.0,1.0,,2.0,2085.0
13,2011-06-30,1.0,8.0,,2.0,1188.0
13,2011-07-31,1.0,,,,759.0
13,2011-08-31,,,,,448.0
13,2011-09-30,2.0,,,,330.0
13,2011-10-31,4.0,,,1.0,307.0
13,2011-11-30,3.0,,,,428.0
13,2011-12-31,3.0,,,,596.0
13,2012-01-31,4.0,,,1.0,875.0
13,2012-02-29,1.0,,,,1220.0
13,2012-03-31,2.0,,,,517.0
13,2012-04-30,2.0,,,,195.0
13,2012-05-31,,,,,178.0
13,2012-06-30,,,,1.0,298.0
13,2012-07-31,1.0,,,,293.0
13,2012-08-31,1.0,,,,173.0
13,2012-09-30,,,,,250.0
13,2012-10-31,1.0,,,,236.0
13,2012-11-30,2.0,,,,374.0
13,2012-12-31,,,,2.0,790.0
13,2013-01-31,4.0,,1.0,5.0,2450.0
13,2013-02-28,5.0,,1.0,21.0,3785.0
13,2013-03-31,3.0,,1.0,29.0,4132.0
13,2013-04-30,2.0,,1.0,17.0,2730.0
13,2013-05-31,2.0,1.0,,4.0,1515.0
13,2013-06-30,8.0,,,1.0,1216.0
13,2013-07-31,6.0,,,1.0,566.0
13,2013-08-31,1.0,,,2.0,470.0
13,2013-09-30,2.0,,,,278.0
13,2013-10-31,1.0,,,,279.0
13,2013-11-30,1.0,,,2.0,370.0
13,2013-12-31,,,,,426.0
13,2014-01-31,7.0,,,,834.0
13,2014-02-28,4.0,,,7.0,908.0
13,2014-03-31,,,,7.0,1299.0
13,2014-04-30,,,,6.0,1021.0
13,2014-05-31,1.0,,,4.0,679.0
13,2014-06-30,1.0,,,2.0,312.0
13,2014-07-31,,,,1.0,240.0
13,2014-08-31,1.0,,,5.0,270.0
13,2014-09-30,,,,1.0,196.0
13,2014-10-31,,,,,180.0
13,2014-11-30,,,,1.0,388.0
13,2014-12-31,,,,,323.0
13,2015-01-31,,,,,505.0
13,2015-02-28,1.0,,,,462.0
13,2015-03-31,1.0,,,1.0,607.0
13,2015-04-30,1.0,,,2.0,464.0
13,2015-05-31,,,,2.0,443.0
13,2015-06-30,,,,1.0,253.0
13,2015-07-31,,,,2.0,219.0
13,2015-08-31,,,,,210.0
13,2015-09-30,,,,,161.0
13,2015-10-31,,,,,189.0
13,2015-11-30,,,,,122.0
13,2015-12-31,,,,1.0,266.0
13,2016-01-31,,,,,499.0
13,2016-02-29,,,,,884.0
13,2016-03-31,1.0,,,,1124.0
13,2016-04-30,,,,,2031.0
13,2016-05-31,,,,,895.0
13,2016-06-30,,,3.0,3.0,704.0
13,2016-07-31,,,,1.0,481.0
13,2016-08-31,,,,,201.0
13,2016-09-30,,,,,149.0
13,2016-10-31,,,,,199.0
13,2016-11-30,,,,,205.0
13,2016-12-31,,,,,214.0
13,2017-01-31,,,,,464.0
13,2017-02-28,4.0,,,,656.0
13,2017-03-31,3.0,,,,503.0
13,2017-04-30,5.0,,,,647.0
13,2017-05-31,1.0,1.0,,,273.0
13,2017-06-30,,,,,196.0
13,2017-07-31,,,,,228.0
13,2017-08-31,,,,,212.0
13,2017-09-30,10.0,,,,329.0
13,2017-10-31,1.0,,,,130.0
13,2017-11-30,1.0,,,,130.0
13,2017-12-31,1.0,,,,152.0
13,2018-01-31,1.0,,,,245.0
13,2018-02-28,,,,,254.0
13,2018-03-31,,,,,391.0
13,2018-04-30,,,,,299.0
13,2018-05-31,,,,,205.0
13,2018-06-30,,,,,207.0
13,2018-07-31,,,,,173.0
13,2018-08-31,1.0,,,,140.0
13,2018-09-30,,,,,159.0
13,2018-10-31,1.0,,,,104.0
13,2018-11-30,,,,,98.0
13,2018-12-31,,,,,87.0
13,2019-01-31,,,,,213.0
13,2019-02-28,,,,,210.0
13,2019-03-31,,,,,176.0
13,2019-04-30,,,,,127.0
13,2019-05-31,,,,,112.0
13,2019-06-30,1.0,,,,115.0
13,2019-07-31,2.0,3.0,,,55.0
13,2019-08-31,2.0,,,,57.0
13,2019-09-30,,,,,102.0
13,2019-10-31,4.0,,,,413.0
13,2019-11-30,28.0,,,,1109.0
13,2019-12-31,5.0,,,,1212.0
13,2020-01-31,2.0,,,,1344.0
13,2020-02-29,1.0,,,,975.0
13,2020-03-31,5.0,1.0,,,819.0
13,2020-04-30,3.0,,,,382.0
13,2020-05-31,,,,,424.0
13,2020-06-30,2.0,,,,267.0
13,2020-07-31,3.0,,,,213.0
13,2020-08-31,4.0,,,,206.0
13,2020-09-30,1.0,,,,170.0
13,2020-10-31,,,,,390.0
13,2020-11-30,,,,,344.0
13,2020-12-31,,,,,553.0
13,2021-01-31,1.0,,,,683.0
13,2021-02-28,5.0,,,,1135.0
13,2021-03-31,10.0,1.0,,,1441.0
13,2021-04-30,23.0,1.0,,,1235.0
13,2021-05-31,8.0,1.0,,,1092.0
13,2021-06-30,3.0,,,,632.0
13,2021-07-31,1.0,,,,638.0
13,2021-08-31,5.0,,,,315.0
13,2021-09-30,1.0,,,,199.0
13,2021-10-31,3.0,,,,208.0
13,2021-11-30,1.0,,,,336.0
13,2021-12-31,,,,,391.0
13,2022-01-31,9.0,,,,258.0
13,2022-02-28,33.0,1.0,,,405.0
13,2022-03-31,92.0,3.0,,,544.0
13,2022-04-30,12.0,3.0,,,531.0
13,2022-05-31,24.0,1.0,,,372.0
13,2022-06-30,15.0,,,,251.0
13,2022-07-31,16.0,,,,230.0
13,2022-08-31,,7.0,,,154.0
13,2022-09-30,,4.0,,,328.0
13,2022-10-31,,,,,1090.0
13,2022-11-30,,12.0,,,595.0
13,2022-12-31,2.0,7.0,,,681.0
13,2023-01-31,7.0,50.0,,,761.0
13,2023-02-28,12.0,66.0,,,875.0
13,2023-03-31,12.0,17.0,,,551.0
13,2023-04-30,14.0,39.0,1.0,,651.0
13,2023-05-31,10.0,51.0,,,477.0
13,2023-06-30,11.0,21.0,,,297.0
13,2023-07-31,23.0,61.0,,,481.0
13,2023-08-31,9.0,36.0,,,245.0
13,2023-09-30,1.0,23.0,,,344.0
13,2023-10-31,,21.0,,,266.0
13,2023-11-30,,64.0,,,376.0
13,2023-12-31,1.0,71.0,,,1025.0
13,2024-01-31,3.0,179.0,,,1882.0
13,2024-02-29,8.0,231.0,,,1793.0
13,2024-03-31,8.0,135.0,,,1535.0
13,2024-04-30,7.0,47.0,,,642.0
13,2024-05-31,6.0,27.0,,,348.0
13,2024-06-30,2.0,29.0,,,262.0
13,2024-07-31,2.0,30.0,,,270.0
13,2024-08-31,2.0,5.0,,,351.0
13,2024-09-30,3.0,3.0,1.0,,335.0
13,2024-10-31,,2.0,,,312.0
13,2024-11-30,2.0,,,,518.0
13,2024-12-31,6.0,1.0,,,444.0
13,2025-01-31,59.0,7.0,,,664.0
13,2025-02-28,89.0,4.0,,,850.0
13,2025-03-31,140.0,22.0,,,1313.0
13,2025-04-30,33.0,20.0,,,1061.0
13,2025-05-31,,,,,233.0
13,2025-06-30,,,,,
13,2025-07-31,,,,,
13,2025-08-31,,,,,
13,2025-09-30,,,,,
13,2025-10-31,,,,,
13,2025-11-30,,,,,
13,2025-12-31,,,,,
14,1996-01-31,,,,,
14,1996-02-29,,,,,
14,1996-03-31,,,,,
14,1996-04-30,,,,,
14,1996-05-31,,,,,
14,1996-06-30,,,,,
14,1996-07-31,,,,,
14,1996-08-31,,,,,
14,1996-09-30,,,,,
14,1996-10-31,,,,,
14,1996-11-30,,,,,
14,1996-12-31,,,,,
14,1997-01-31,,,,,
14,1997-02-28,,,,,
14,1997-03-31,,,,,
14,1997-04-30,,,,,
14,1997-05-31,,,,,
14,1997-06-30,,,,,
14,1997-07-31,,,,,
14,1997-08-31,,,,,
14,1997-09-30,,,,,
14,1997-10-31,,,,,
14,1997-11-30,,,,,
14,1997-12-31,,,,,
14,1998-01-31,,,,,
14,1998-02-28,,,,,
14,1998-03-31,,,,,
14,1998-04-30,,,,,
14,1998-05-31,,,,,
14,1998-06-30,,,,,
14,1998-07-31,,,,,
14,1998-08-31,,,,,
14,1998-09-30,,,,,
14,1998-10-31,,,,,
14,1998-11-30,,,,,
14,1998-12-31,,,,,
14,1999-01-31,,1.0,,,50.0
14,1999-02-28,,,,,33.0
14,1999-03-31,,1.0,,,92.0
14,1999-04-30,,14.0,,,115.0
14,1999-05-31,6.0,6.0,4.0,,262.0
14,1999-06-30,2.0,14.0,30.0,,666.0
14,1999-07-31,6.0,11.0,8.0,,427.0
14,1999-08-31,5.0,2.0,,,58.0
14,1999-09-30,,,,,38.0
14,1999-10-31,,,,1.0,64.0
14,1999-11-30,,,,,111.0
14,1999-12-31,,,,,76.0
14,2000-01-31,1.0,,4.0,,240.0
14,2000-02-29,2.0,5.0,15.0,,535.0
14,2000-03-31,4.0,1.0,4.0,,561.0
14,2000-04-30,1.0,1.0,2.0,,496.0
14,2000-05-31,,,3.0,,272.0
14,2000-06-30,,,4.0,,284.0
14,2000-07-31,,,5.0,,558.0
14,2000-08-31,,,3.0,,309.0
14,2000-09-30,,,4.0,,221.0
14,2000-10-31,,,6.0,,108.0
14,2000-11-30,,,26.0,,170.0
14,2000-12-31,,,97.0,,354.0
14,2001-01-31,7.0,,,,890.0
14,2001-02-28,,,,,417.0
14,2001-03-31,,1.0,,,174.0
14,2001-04-30,,,,,82.0
14,2001-05-31,,,,,103.0
14,2001-06-30,,,,,115.0
14,2001-07-31,,,,,161.0
14,2001-08-31,,,,,174.0
14,2001-09-30,,1.0,,,439.0
14,2001-10-31,,,,,601.0
14,2001-11-30,14.0,,1.0,,386.0
14,2001-12-31,2.0,,1.0,,414.0
14,2002-01-31,24.0,,22.0,,311.0
14,2002-02-28,10.0,3.0,1.0,,258.0
14,2002-03-31,1.0,,1.0,,137.0
14,2002-04-30,2.0,,,,78.0
14,2002-05-31,,,,,67.0
14,2002-06-30,,,,,58.0
14,2002-07-31,,,1.0,,50.0
14,2002-08-31,,,4.0,,53.0
14,2002-09-30,,,5.0,,39.0
14,2002-10-31,,,5.0,,96.0
14,2002-11-30,,,,,90.0
14,2002-12-31,,,,,28.0
14,2003-01-31,,,,,109.0
14,2003-02-28,,,2.0,,126.0
14,2003-03-31,,,3.0,,42.0
14,2003-04-30,,,,,7.0
14,2003-05-31,,,1.0,,45.0
14,2003-06-30,,,2.0,,102.0
14,2003-07-31,,,13.0,,535.0
14,2003-08-31,,,12.0,,1702.0
14,2003-09-30,,,1.0,,1367.0
14,2003-10-31,,,,,560.0
14,2003-11-30,,,,,288.0
14,2003-12-31,,,,,106.0
14,2004-01-31,,,,,59.0
14,2004-02-29,,,,,38.0
14,2004-03-31,,,,,30.0
14,2004-04-30,,,,,15.0
14,2004-05-31,,,,,28.0
14,2004-06-30,,,,,13.0
14,2004-07-31,,,,,27.0
14,2004-08-31,,,,,37.0
14,2004-09-30,,,,,65.0
14,2004-10-31,,,,,69.0
14,2004-11-30,,,5.0,,84.0
14,2004-12-31,,,6.0,,102.0
14,2005-01-31,,,1.0,,98.0
14,2005-02-28,,,3.0,,138.0
14,2005-03-31,,,6.0,,194.0
14,2005-04-30,,,1.0,,215.0
14,2005-05-31,,,3.0,,281.0
14,2005-06-30,,,6.0,,708.0
14,2005-07-31,,,53.0,,526.0
14,2005-08-31,,,,,105.0
14,2005-09-30,,,,,29.0
14,2005-10-31,,,1.0,,24.0
14,2005-11-30,,,4.0,,37.0
14,2005-12-31,,,,,21.0
14,2006-01-31,,,,,25.0
14,2006-02-28,,,,,10.0
14,2006-03-31,,,,,2.0
14,2006-04-30,,,,,14.0
14,2006-05-31,1.0,1.0,,,62.0
14,2006-06-30,,,,,82.0
14,2006-07-31,,1.0,1.0,,125.0
14,2006-08-31,,3.0,,,119.0
14,2006-09-30,,7.0,,,130.0
14,2006-10-31,,,,,115.0
14,2006-11-30,,,,,129.0
14,2006-12-31,,3.0,,,160.0
14,2007-01-31,,13.0,,,172.0
14,2007-02-28,,3.0,,,66.0
14,2007-03-31,,4.0,,,30.0
14,2007-04-30,,,,,44.0
14,2007-05-31,,1.0,,,63.0
14,2007-06-30,,8.0,,,75.0
14,2007-07-31,1.0,2.0,,,118.0
14,2007-08-31,,4.0,1.0,,86.0
14,2007-09-30,1.0,3.0,,,84.0
14,2007-10-31,,,,,52.0
14,2007-11-30,,2.0,,,75.0
14,2007-12-31,,2.0,,,50.0
14,2008-01-31,2.0,1.0,,,74.0
14,2008-02-29,4.0,2.0,1.0,,165.0
14,2008-03-31,,1.0,,,337.0
14,2008-04-30,5.0,2.0,1.0,,452.0
14,2008-05-31,,1.0,,,745.0
14,2008-06-30,1.0,,,,431.0
14,2008-07-31,1.0,,,,911.0
14,2008-08-31,4.0,,,,606.0
14,2008-09-30,,,,,410.0
14,2008-10-31,,,,,233.0
14,2008-11-30,,,,,341.0
14,2008-12-31,,,,,306.0
14,2009-01-31,1.0,,,,713.0
14,2009-02-28,14.0,3.0,,,699.0
14,2009-03-31,15.0,5.0,,,543.0
14,2009-04-30,11.0,1.0,,1.0,274.0
14,2009-05-31,3.0,2.0,,,202.0
14,2009-06-30,2.0,,,,84.0
14,2009-07-31,3.0,1.0,,,124.0
14,2009-08-31,2.0,,,,195.0
14,2009-09-30,,,,,124.0
14,2009-10-31,2.0,,,,92.0
14,2009-11-30,,,,,92.0
14,2009-12-31,,,,,57.0
14,2010-01-31,,,,,143.0
14,2010-02-28,1.0,2.0,,,360.0
14,2010-03-31,6.0,3.0,,,605.0
14,2010-04-30,4.0,2.0,,,796.0
14,2010-05-31,16.0,12.0,,,1323.0
14,2010-06-30,19.0,12.0,,1.0,1871.0
14,2010-07-31,26.0,5.0,,3.0,1160.0
14,2010-08-31,19.0,8.0,,11.0,682.0
14,2010-09-30,7.0,2.0,,5.0,361.0
14,2010-10-31,3.0,,,2.0,133.0
14,2010-11-30,,,,1.0,81.0
14,2010-12-31,,,,3.0,92.0
14,2011-01-31,2.0,,,1.0,154.0
14,2011-02-28,5.0,,,1.0,135.0
14,2011-03-31,6.0,,,,155.0
14,2011-04-30,,,,,144.0
14,2011-05-31,,,,,98.0
14,2011-06-30,,,,,108.0
14,2011-07-31,1.0,,,1.0,175.0
14,2011-08-31,,,,1.0,108.0
14,2011-09-30,1.0,,,,67.0
14,2011-10-31,,,,1.0,68.0
14,2011-11-30,,,,,53.0
14,2011-12-31,,,,,127.0
14,2012-01-31,,,,1.0,161.0
14,2012-02-29,,,,2.0,87.0
14,2012-03-31,,,,1.0,284.0
14,2012-04-30,,,,3.0,167.0
14,2012-05-31,,,,7.0,239.0
14,2012-06-30,1.0,,,24.0,259.0
14,2012-07-31,,,,9.0,147.0
14,2012-08-31,1.0,1.0,2.0,,251.0
14,2012-09-30,,,,,149.0
14,2012-10-31,,,,,62.0
14,2012-11-30,,1.0,,,65.0
14,2012-12-31,1.0,,,,45.0
14,2013-01-31,,,,1.0,57.0
14,2013-02-28,,,1.0,,50.0
14,2013-03-31,,,,,62.0
14,2013-04-30,,,,,50.0
14,2013-05-31,1.0,,,,118.0
14,2013-06-30,,,,,141.0
14,2013-07-31,,,,,96.0
14,2013-08-31,2.0,,,,83.0
14,2013-09-30,,,,,109.0
14,2013-10-31,,,,,77.0
14,2013-11-30,,,,,88.0
14,2013-12-31,,,,,41.0
14,2014-01-31,,,,,73.0
14,2014-02-28,,,,,56.0
14,2014-03-31,,,,,69.0
14,2014-04-30,,,,,56.0
14,2014-05-31,,,,,117.0
14,2014-06-30,,,,,116.0
14,2014-07-31,,,,,119.0
14,2014-08-31,1.0,1.0,,1.0,156.0
14,2014-09-30,2.0,,2.0,5.0,125.0
14,2014-10-31,,,,2.0,83.0
14,2014-11-30,,,,2.0,78.0
14,2014-12-31,,,,,81.0
14,2015-01-31,1.0,,,,101.0
14,2015-02-28,,1.0,,1.0,51.0
14,2015-03-31,1.0,,,1.0,69.0
14,2015-04-30,1.0,,,,93.0
14,2015-05-31,,,1.0,,108.0
14,2015-06-30,,,,,135.0
14,2015-07-31,,,,,126.0
14,2015-08-31,1.0,1.0,,,209.0
14,2015-09-30,1.0,,,,142.0
14,2015-10-31,,,,,46.0
14,2015-11-30,,,,,10.0
14,2015-12-31,,,,,22.0
14,2016-01-31,,,,,15.0
14,2016-02-29,,,,,15.0
14,2016-03-31,,,,,39.0
14,2016-04-30,,,,,16.0
14,2016-05-31,,,,,9.0
14,2016-06-30,,,,,8.0
14,2016-07-31,,,,,18.0
14,2016-08-31,,,,,34.0
14,2016-09-30,,,,,24.0
14,2016-10-31,,,,,16.0
14,2016-11-30,,,,,9.0
14,2016-12-31,,,,,8.0
14,2017-01-31,,,,,14.0
14,2017-02-28,,,,,11.0
14,2017-03-31,,,,,29.0
14,2017-04-30,,,,,43.0
14,2017-05-31,,,,,46.0
14,2017-06-30,,,,,41.0
14,2017-07-31,,,,,48.0
14,2017-08-31,,,,,22.0
14,2017-09-30,,,,,13.0
14,2017-10-31,,,,,8.0
14,2017-11-30,,,,,7.0
14,2017-12-31,,,,,6.0
14,2018-01-31,,,,,1.0
14,2018-02-28,,,,,
14,2018-03-31,,,,,2.0
14,2018-04-30,,,,,1.0
14,2018-05-31,,,,,2.0
14,2018-06-30,,,,,8.0
14,2018-07-31,,,,,10.0
14,2018-08-31,5.0,,,,23.0
14,2018-09-30,,,,,18.0
14,2018-10-31,5.0,,,,20.0
14,2018-11-30,5.0,,,,13.0
14,2018-12-31,,1.0,,,13.0
14,2019-01-31,1.0,2.0,,,28.0
14,2019-02-28,3.0,,,1.0,31.0
14,2019-03-31,,,,,64.0
14,2019-04-30,,,,,47.0
14,2019-05-31,,,,,67.0
14,2019-06-30,2.0,,,,72.0
14,2019-07-31,14.0,,,,51.0
14,2019-08-31,10.0,3.0,,,77.0
14,2019-09-30,8.0,5.0,,,163.0
14,2019-10-31,9.0,6.0,,,227.0
14,2019-11-30,22.0,32.0,,,488.0
14,2019-12-31,12.0,18.0,,,275.0
14,2020-01-31,15.0,12.0,,,158.0
14,2020-02-29,11.0,23.0,,,237.0
14,2020-03-31,,1.0,,,38.0
14,2020-04-30,,,,,11.0
14,2020-05-31,,,,,2.0
14,2020-06-30,,,,,5.0
14,2020-07-31,,,,,9.0
14,2020-08-31,,,,,14.0
14,2020-09-30,,,,,7.0
14,2020-10-31,,,,,7.0
14,2020-11-30,,,,,4.0
14,2020-12-31,,,,,6.0
14,2021-01-31,,,,,12.0
14,2021-02-28,,,,,10.0
14,2021-03-31,,,,,8.0
14,2021-04-30,,,,,18.0
14,2021-05-31,,,,,19.0
14,2021-06-30,,,,,19.0
14,2021-07-31,,,,,12.0
14,2021-08-31,,,,,5.0
14,2021-09-30,,,,,1.0
14,2021-10-31,,,,,5.0
14,2021-11-30,,,,,7.0
14,2021-12-31,,,,,
14,2022-01-31,,,,,2.0
14,2022-02-28,,,,,1.0
14,2022-03-31,,,,,2.0
14,2022-04-30,,,,,2.0
14,2022-05-31,,,,,4.0
14,2022-06-30,,,,,6.0
14,2022-07-31,,1.0,,,10.0
14,2022-08-31,,,,,9.0
14,2022-09-30,,1.0,,,3.0
14,2022-10-31,,2.0,,,6.0
14,2022-11-30,,3.0,,,12.0
14,2022-12-31,,,,1.0,3.0
14,2023-01-31,,1.0,1.0,,8.0
14,2023-02-28,,2.0,1.0,,10.0
14,2023-03-31,,,1.0,,3.0
14,2023-04-30,,1.0,2.0,,10.0
14,2023-05-31,,1.0,,,11.0
14,2023-06-30,,3.0,1.0,,12.0
14,2023-07-31,2.0,,2.0,,16.0
14,2023-08-31,1.0,,15.0,,47.0
14,2023-09-30,3.0,,44.0,,76.0
14,2023-10-31,2.0,,2.0,,11.0
14,2023-11-30,,,2.0,,9.0
14,2023-12-31,2.0,,4.0,,20.0
14,2024-01-31,1.0,,,,27.0
14,2024-02-29,3.0,,15.0,,52.0
14,2024-03-31,7.0,,10.0,,54.0
14,2024-04-30,3.0,,7.0,,40.0
14,2024-05-31,23.0,1.0,6.0,,70.0
14,2024-06-30,54.0,,7.0,,183.0
14,2024-07-31,17.0,3.0,4.0,1.0,71.0
14,2024-08-31,24.0,,8.0,1.0,102.0
14,2024-09-30,8.0,,17.0,,40.0
14,2024-10-31,5.0,3.0,6.0,,30.0
14,2024-11-30,1.0,,1.0,,23.0
14,2024-12-31,,,2.0,,14.0
14,2025-01-31,,,2.0,1.0,18.0
14,2025-02-28,1.0,,2.0,1.0,30.0
14,2025-03-31,2.0,2.0,2.0,,55.0
14,2025-04-30,15.0,1.0,1.0,,78.0
14,2025-05-31,,,,,53.0
14,2025-06-30,,,,,
14,2025-07-31,,,,,
14,2025-08-31,,,,,
14,2025-09-30,,,,,
14,2025-10-31,,,,,
14,2025-11-30,,,,,
14,2025-12-31,,,,,
15,1996-01-31,,,,,
15,1996-02-29,,,,,
15,1996-03-31,,,,,
15,1996-04-30,,,,,
15,1996-05-31,,,,,
15,1996-06-30,,,,,
15,1996-07-31,,,,,
15,1996-08-31,,,,,
15,1996-09-30,,,,,
15,1996-10-31,,,,,
15,1996-11-30,,,,,
15,1996-12-31,,,,,
15,1997-01-31,,,,,
15,1997-02-28,,,,,
15,1997-03-31,,,,,
15,1997-04-30,,,,,
15,1997-05-31,,,,,
15,1997-06-30,,,,,
15,1997-07-31,,,,,
15,1997-08-31,,,,,
15,1997-09-30,,,,,
15,1997-10-31,,,,,
15,1997-11-30,,,,,
15,1997-12-31,,,,,
15,1998-01-31,,,,,33.0
15,1998-02-28,,,,,11.0
15,1998-03-31,,,,,5.0
15,1998-04-30,,,,,1.0
15,1998-05-31,,,,,
15,1998-06-30,,,,,3.0
15,1998-07-31,,,,,
15,1998-08-31,,,,,
15,1998-09-30,,,,,
15,1998-10-31,,,,,
15,1998-11-30,,,,,6.0
15,1998-12-31,,,,,7.0
15,1999-01-31,2.0,2.0,,,514.0
15,1999-02-28,16.0,3.0,1.0,,705.0
15,1999-03-31,19.0,2.0,,,239.0
15,1999-04-30,4.0,,,,152.0
15,1999-05-31,5.0,4.0,,,303.0
15,1999-06-30,7.0,,,,173.0
15,1999-07-31,1.0,,,,448.0
15,1999-08-31,3.0,,1.0,,389.0
15,1999-09-30,4.0,,1.0,,153.0
15,1999-10-31,6.0,1.0,1.0,,249.0
15,1999-11-30,3.0,,,,310.0
15,1999-12-31,2.0,,,,480.0
15,2000-01-31,20.0,1.0,,,1553.0
15,2000-02-29,35.0,,2.0,,2272.0
15,2000-03-31,18.0,2.0,2.0,,1117.0
15,2000-04-30,6.0,,,,718.0
15,2000-05-31,3.0,,,,358.0
15,2000-06-30,4.0,,,,241.0
15,2000-07-31,5.0,1.0,,,183.0
15,2000-08-31,9.0,,,,224.0
15,2000-09-30,6.0,,,,376.0
15,2000-10-31,2.0,1.0,,,277.0
15,2000-11-30,2.0,,1.0,,503.0
15,2000-12-31,1.0,,,,667.0
15,2001-01-31,3.0,,1.0,,2029.0
15,2001-02-28,26.0,1.0,4.0,,3469.0
15,2001-03-31,45.0,,9.0,,4063.0
15,2001-04-30,25.0,2.0,3.0,,2009.0
15,2001-05-31,11.0,,2.0,,1886.0
15,2001-06-30,12.0,,,,563.0
15,2001-07-31,4.0,,2.0,,467.0
15,2001-08-31,2.0,,,,189.0
15,2001-09-30,6.0,,1.0,,249.0
15,2001-10-31,5.0,,1.0,,352.0
15,2001-11-30,7.0,1.0,2.0,,698.0
15,2001-12-31,8.0,3.0,,,676.0
15,2002-01-31,29.0,,,,1755.0
15,2002-02-28,39.0,3.0,2.0,,2306.0
15,2002-03-31,48.0,3.0,8.0,,3299.0
15,2002-04-30,11.0,1.0,1.0,,1186.0
15,2002-05-31,9.0,1.0,4.0,,519.0
15,2002-06-30,4.0,1.0,,,329.0
15,2002-07-31,3.0,,,,157.0
15,2002-08-31,2.0,,1.0,,236.0
15,2002-09-30,,,5.0,,248.0
15,2002-10-31,,3.0,2.0,,317.0
15,2002-11-30,2.0,1.0,1.0,,564.0
15,2002-12-31,1.0,,1.0,,560.0
15,2003-01-31,9.0,8.0,1.0,,1535.0
15,2003-02-28,3.0,8.0,1.0,,2197.0
15,2003-03-31,3.0,3.0,1.0,1.0,1733.0
15,2003-04-30,2.0,1.0,1.0,,728.0
15,2003-05-31,2.0,1.0,,,480.0
15,2003-06-30,3.0,,1.0,,293.0
15,2003-07-31,3.0,3.0,,,249.0
15,2003-08-31,3.0,,4.0,,328.0
15,2003-09-30,,1.0,,,272.0
15,2003-10-31,,1.0,1.0,,446.0
15,2003-11-30,2.0,2.0,6.0,,776.0
15,2003-12-31,2.0,2.0,19.0,,707.0
15,2004-01-31,2.0,5.0,21.0,,1761.0
15,2004-02-29,5.0,,17.0,,1168.0
15,2004-03-31,3.0,1.0,9.0,,774.0
15,2004-04-30,2.0,1.0,10.0,,442.0
15,2004-05-31,1.0,1.0,10.0,,355.0
15,2004-06-30,,1.0,3.0,,174.0
15,2004-07-31,2.0,,1.0,,174.0
15,2004-08-31,,,6.0,,181.0
15,2004-09-30,1.0,,3.0,,158.0
15,2004-10-31,,1.0,4.0,,219.0
15,2004-11-30,1.0,1.0,4.0,,221.0
15,2004-12-31,1.0,1.0,3.0,,238.0
15,2005-01-31,2.0,1.0,5.0,1.0,873.0
15,2005-02-28,1.0,,17.0,,1373.0
15,2005-03-31,1.0,,9.0,,1478.0
15,2005-04-30,1.0,4.0,10.0,,916.0
15,2005-05-31,10.0,1.0,10.0,,548.0
15,2005-06-30,1.0,,6.0,,367.0
15,2005-07-31,2.0,,4.0,,290.0
15,2005-08-31,1.0,2.0,4.0,,286.0
15,2005-09-30,2.0,1.0,4.0,,363.0
15,2005-10-31,1.0,2.0,12.0,,490.0
15,2005-11-30,,,13.0,,577.0
15,2005-12-31,1.0,,16.0,,581.0
15,2006-01-31,1.0,1.0,20.0,,1848.0
15,2006-02-28,4.0,,35.0,,1146.0
15,2006-03-31,,,15.0,,943.0
15,2006-04-30,4.0,1.0,16.0,,909.0
15,2006-05-31,4.0,,7.0,,540.0
15,2006-06-30,2.0,,2.0,,358.0
15,2006-07-31,,,,,170.0
15,2006-08-31,,,5.0,,138.0
15,2006-09-30,,,3.0,,163.0
15,2006-10-31,1.0,,6.0,,124.0
15,2006-11-30,,,3.0,,190.0
15,2006-12-31,1.0,,6.0,,229.0
15,2007-01-31,14.0,,19.0,,777.0
15,2007-02-28,15.0,9.0,23.0,2.0,1392.0
15,2007-03-31,33.0,10.0,60.0,,2484.0
15,2007-04-30,13.0,13.0,7.0,1.0,1750.0
15,2007-05-31,4.0,,3.0,,910.0
15,2007-06-30,1.0,,4.0,,580.0
15,2007-07-31,4.0,2.0,3.0,,409.0
15,2007-08-31,5.0,,,,441.0
15,2007-09-30,16.0,11.0,2.0,,625.0
15,2007-10-31,22.0,6.0,1.0,,912.0
15,2007-11-30,8.0,10.0,1.0,,1362.0
15,2007-12-31,7.0,7.0,1.0,,2326.0
15,2008-01-31,29.0,15.0,6.0,1.0,4009.0
15,2008-02-29,61.0,20.0,6.0,1.0,3498.0
15,2008-03-31,35.0,5.0,,1.0,3434.0
15,2008-04-30,34.0,5.0,,,2524.0
15,2008-05-31,11.0,,1.0,,929.0
15,2008-06-30,3.0,,,,413.0
15,2008-07-31,,,,,281.0
15,2008-08-31,,1.0,,,166.0
15,2008-09-30,1.0,1.0,,,157.0
15,2008-10-31,,,,,270.0
15,2008-11-30,1.0,4.0,,,406.0
15,2008-12-31,,,,,286.0
15,2009-01-31,3.0,1.0,,,987.0
15,2009-02-28,6.0,,,,1426.0
15,2009-03-31,4.0,3.0,,1.0,1695.0
15,2009-04-30,2.0,2.0,,,1146.0
15,2009-05-31,1.0,2.0,,1.0,728.0
15,2009-06-30,,,,,345.0
15,2009-07-31,2.0,,,,224.0
15,2009-08-31,1.0,,,,180.0
15,2009-09-30,1.0,,,,113.0
15,2009-10-31,,1.0,,,278.0
15,2009-11-30,2.0,,,,359.0
15,2009-12-31,,,,,188.0
15,2010-01-31,8.0,,,,681.0
15,2010-02-28,5.0,2.0,1.0,,914.0
15,2010-03-31,12.0,7.0,,,1742.0
15,2010-04-30,17.0,6.0,,,1355.0
15,2010-05-31,7.0,10.0,,,1370.0
15,2010-06-30,3.0,10.0,,,978.0
15,2010-07-31,8.0,1.0,1.0,,956.0
15,2010-08-31,8.0,4.0,,1.0,1185.0
15,2010-09-30,7.0,1.0,,,1055.0
15,2010-10-31,8.0,6.0,,1.0,1418.0
15,2010-11-30,27.0,1.0,,,1762.0
15,2010-12-31,30.0,1.0,,4.0,2101.0
15,2011-01-31,53.0,8.0,,5.0,3739.0
15,2011-02-28,20.0,5.0,,8.0,4605.0
15,2011-03-31,6.0,6.0,,3.0,3339.0
15,2011-04-30,7.0,3.0,,3.0,2403.0
15,2011-05-31,3.0,,,,845.0
15,2011-06-30,,,,,436.0
15,2011-07-31,,,,1.0,395.0
15,2011-08-31,1.0,,,2.0,347.0
15,2011-09-30,1.0,1.0,,1.0,382.0
15,2011-10-31,2.0,,,3.0,480.0
15,2011-11-30,10.0,1.0,,1.0,901.0
15,2011-12-31,9.0,,,14.0,1439.0
15,2012-01-31,31.0,,,27.0,2504.0
15,2012-02-29,34.0,7.0,1.0,35.0,2961.0
15,2012-03-31,30.0,,1.0,25.0,3713.0
15,2012-04-30,1.0,,1.0,11.0,1698.0
15,2012-05-31,4.0,1.0,,8.0,1081.0
15,2012-06-30,1.0,,,4.0,839.0
15,2012-07-31,1.0,,,1.0,638.0
15,2012-08-31,1.0,,,3.0,826.0
15,2012-09-30,,,,4.0,694.0
15,2012-10-31,1.0,,,,394.0
15,2012-11-30,1.0,,,,654.0
15,2012-12-31,,,,1.0,642.0
15,2013-01-31,2.0,,,3.0,1379.0
15,2013-02-28,2.0,,,1.0,2014.0
15,2013-03-31,1.0,,,4.0,2397.0
15,2013-04-30,,,,2.0,1522.0
15,2013-05-31,,,,,771.0
15,2013-06-30,,,,,300.0
15,2013-07-31,,,,1.0,101.0
15,2013-08-31,,,,,119.0
15,2013-09-30,,,,,97.0
15,2013-10-31,1.0,,,,115.0
15,2013-11-30,3.0,2.0,,,338.0
15,2013-12-31,,,,,237.0
15,2014-01-31,,,,1.0,466.0
15,2014-02-28,,,,1.0,636.0
15,2014-03-31,2.0,,,1.0,822.0
15,2014-04-30,1.0,1.0,,1.0,556.0
15,2014-05-31,1.0,,,2.0,563.0
15,2014-06-30,,,,,221.0
15,2014-07-31,1.0,,,1.0,167.0
15,2014-08-31,1.0,,,1.0,198.0
15,2014-09-30,,1.0,,,189.0
15,2014-10-31,14.0,,,1.0,273.0
15,2014-11-30,11.0,,,2.0,271.0
15,2014-12-31,2.0,,,,193.0
15,2015-01-31,5.0,,,3.0,349.0
15,2015-02-28,6.0,,,8.0,643.0
15,2015-03-31,1.0,1.0,,2.0,1181.0
15,2015-04-30,1.0,,,4.0,935.0
15,2015-05-31,4.0,,,3.0,1098.0
15,2015-06-30,4.0,,,2.0,558.0
15,2015-07-31,5.0,,,,392.0
15,2015-08-31,,,,1.0,615.0
15,2015-09-30,1.0,,,2.0,463.0
15,2015-10-31,3.0,,,,477.0
15,2015-11-30,1.0,,,2.0,448.0
15,2015-12-31,,,,,689.0
15,2016-01-31,2.0,,,,1473.0
15,2016-02-29,1.0,,,2.0,2161.0
15,2016-03-31,,,,,1794.0
15,2016-04-30,2.0,2.0,,,2001.0
15,2016-05-31,,,,,993.0
15,2016-06-30,,,,,487.0
15,2016-07-31,2.0,,,,472.0
15,2016-08-31,,,,,311.0
15,2016-09-30,,,,,265.0
15,2016-10-31,,,,,309.0
15,2016-11-30,,,,,255.0
15,2016-12-31,,,,,423.0
15,2017-01-31,7.0,,,,1499.0
15,2017-02-28,2.0,,,,2329.0
15,2017-03-31,6.0,,,,1519.0
15,2017-04-30,1.0,,,,690.0
15,2017-05-31,2.0,,,,437.0
15,2017-06-30,,,,,208.0
15,2017-07-31,2.0,,,,241.0
15,2017-08-31,9.0,,,,231.0
15,2017-09-30,8.0,,,,192.0
15,2017-10-31,,,,,182.0
15,2017-11-30,2.0,,,,175.0
15,2017-12-31,4.0,1.0,,,186.0
15,2018-01-31,5.0,,,,265.0
15,2018-02-28,5.0,2.0,,,416.0
15,2018-03-31,4.0,3.0,,,824.0
15,2018-04-30,3.0,1.0,,,587.0
15,2018-05-31,3.0,,,,429.0
15,2018-06-30,,,,,278.0
15,2018-07-31,,1.0,,,122.0
15,2018-08-31,1.0,1.0,,,234.0
15,2018-09-30,1.0,,,,181.0
15,2018-10-31,,,,,95.0
15,2018-11-30,1.0,,,,140.0
15,2018-12-31,1.0,,,,244.0
15,2019-01-31,,,2.0,,501.0
15,2019-02-28,,,,,813.0
15,2019-03-31,1.0,,,,900.0
15,2019-04-30,1.0,,,,683.0
15,2019-05-31,1.0,,,,678.0
15,2019-06-30,,,,,464.0
15,2019-07-31,,,,,195.0
15,2019-08-31,1.0,,,,265.0
15,2019-09-30,1.0,14.0,,,249.0
15,2019-10-31,1.0,,,,233.0
15,2019-11-30,4.0,,,,319.0
15,2019-12-31,2.0,,,,164.0
15,2020-01-31,4.0,2.0,,,534.0
15,2020-02-29,5.0,,,1.0,973.0
15,2020-03-31,4.0,,,,607.0
15,2020-04-30,2.0,1.0,,1.0,375.0
15,2020-05-31,3.0,,,,420.0
15,2020-06-30,2.0,,,,139.0
15,2020-07-31,2.0,,,,78.0
15,2020-08-31,1.0,,,,96.0
15,2020-09-30,2.0,,,,60.0
15,2020-10-31,1.0,,,,74.0
15,2020-11-30,3.0,,,,112.0
15,2020-12-31,,,,,118.0
15,2021-01-31,7.0,,,,310.0
15,2021-02-28,6.0,,,,361.0
15,2021-03-31,7.0,,,,574.0
15,2021-04-30,15.0,,,,482.0
15,2021-05-31,17.0,,,1.0,478.0
15,2021-06-30,6.0,,,,271.0
15,2021-07-31,9.0,,,,207.0
15,2021-08-31,2.0,,,,154.0
15,2021-09-30,2.0,,,,102.0
15,2021-10-31,2.0,,,,138.0
15,2021-11-30,3.0,,,,443.0
15,2021-12-31,4.0,,,,1430.0
15,2022-01-31,9.0,,,,989.0
15,2022-02-28,15.0,,,,909.0
15,2022-03-31,28.0,,,,847.0
15,2022-04-30,90.0,2.0,,,873.0
15,2022-05-31,44.0,,,,672.0
15,2022-06-30,28.0,,,,353.0
15,2022-07-31,15.0,,,,326.0
15,2022-08-31,13.0,,,,166.0
15,2022-09-30,19.0,,,,151.0
15,2022-10-31,60.0,1.0,,,215.0
15,2022-11-30,30.0,3.0,,,255.0
15,2022-12-31,21.0,2.0,,,365.0
15,2023-01-31,63.0,,,,670.0
15,2023-02-28,69.0,28.0,,1.0,859.0
15,2023-03-31,56.0,19.0,,,947.0
15,2023-04-30,70.0,9.0,,,845.0
15,2023-05-31,42.0,1.0,,,509.0
15,2023-06-30,34.0,,,,426.0
15,2023-07-31,34.0,2.0,,1.0,359.0
15,2023-08-31,38.0,,,,327.0
15,2023-09-30,18.0,,,,280.0
15,2023-10-31,8.0,,,,203.0
15,2023-11-30,16.0,3.0,,,196.0
15,2023-12-31,30.0,18.0,,,256.0
15,2024-01-31,85.0,204.0,,,1056.0
15,2024-02-29,260.0,273.0,1.0,,3392.0
15,2024-03-31,516.0,274.0,12.0,,5587.0
15,2024-04-30,388.0,106.0,4.0,,3500.0
15,2024-05-31,144.0,105.0,5.0,,1925.0
15,2024-06-30,107.0,91.0,4.0,,1543.0
15,2024-07-31,79.0,66.0,2.0,,904.0
15,2024-08-31,95.0,72.0,2.0,,926.0
15,2024-09-30,56.0,41.0,3.0,,613.0
15,2024-10-31,44.0,40.0,,,436.0
15,2024-11-30,41.0,48.0,,,795.0
15,2024-12-31,28.0,32.0,,,657.0
15,2025-01-31,34.0,185.0,1.0,,1987.0
15,2025-02-28,74.0,254.0,,1.0,3380.0
15,2025-03-31,35.0,164.0,1.0,,3905.0
15,2025-04-30,14.0,58.0,,,2892.0
15,2025-05-31,,1.0,,,425.0
15,2025-06-30,,,,,
15,2025-07-31,,,,,
15,2025-08-31,,,,,
15,2025-09-30,,,,,
15,2025-10-31,,,,,
15,2025-11-30,,,,,
15,2025-12-31,,,,,
16,1996-01-31,,,,,
16,1996-02-29,,,,,
16,1996-03-31,,,,,
16,1996-04-30,,,,,
16,1996-05-31,,,,,
16,1996-06-30,,,,,
16,1996-07-31,,,,,
16,1996-08-31,,,,,
16,1996-09-30,,,,,
16,1996-10-31,,,,,
16,1996-11-30,,,,,
16,1996-12-31,,,,,
16,1997-01-31,,,,,
16,1997-02-28,,,,,
16,1997-03-31,,,,,
16,1997-04-30,,,,,
16,1997-05-31,,,,,
16,1997-06-30,,,,,
16,1997-07-31,,,,,
16,1997-08-31,,,,,
16,1997-09-30,,,,,
16,1997-10-31,,,,,
16,1997-11-30,,,,,
16,1997-12-31,,,,,
16,1998-01-31,,,,,
16,1998-02-28,,,,,
16,1998-03-31,,,,,
16,1998-04-30,,,,,
16,1998-05-31,,,,,
16,1998-06-30,,,,,
16,1998-07-31,,,,,
16,1998-08-31,,,,,
16,1998-09-30,,,,,
16,1998-10-31,,,,,
16,1998-11-30,,,,,
16,1998-12-31,,,,,
16,1999-01-31,,,,,1.0
16,1999-02-28,,,,,2.0
16,1999-03-31,,,,,
16,1999-04-30,,,,,
16,1999-05-31,,,,,
16,1999-06-30,,,,,1.0
16,1999-07-31,,,,,
16,1999-08-31,,,,,
16,1999-09-30,,,,,
16,1999-10-31,,,,,
16,1999-11-30,,,,,
16,1999-12-31,,,,,
16,2000-01-31,,,,,
16,2000-02-29,,,,,
16,2000-03-31,,,,,
16,2000-04-30,,,,,
16,2000-05-31,,,,,
16,2000-06-30,,,,,
16,2000-07-31,,,,,
16,2000-08-31,,,,,
16,2000-09-30,,,,,
16,2000-10-31,,,,,
16,2000-11-30,,,,,
16,2000-12-31,,,,,
16,2001-01-31,,,,,3.0
16,2001-02-28,,,,,8.0
16,2001-03-31,,,,,97.0
16,2001-04-30,5.0,,,,152.0
16,2001-05-31,5.0,,,,438.0
16,2001-06-30,2.0,,,,518.0
16,2001-07-31,1.0,,,,404.0
16,2001-08-31,,,,,631.0
16,2001-09-30,,,,,576.0
16,2001-10-31,,,,,245.0
16,2001-11-30,,,,,95.0
16,2001-12-31,,,,,28.0
16,2002-01-31,,,,,25.0
16,2002-02-28,,,,,127.0
16,2002-03-31,,,,,219.0
16,2002-04-30,,,,,81.0
16,2002-05-31,,,,,31.0
16,2002-06-30,,,,,33.0
16,2002-07-31,,,,,49.0
16,2002-08-31,,,,,121.0
16,2002-09-30,,,,,87.0
16,2002-10-31,,,,,38.0
16,2002-11-30,,,,,23.0
16,2002-12-31,,,,,21.0
16,2003-01-31,,,,,43.0
16,2003-02-28,,,,,92.0
16,2003-03-31,,,,,108.0
16,2003-04-30,,,1.0,,98.0
16,2003-05-31,,,,,200.0
16,2003-06-30,1.0,,,,249.0
16,2003-07-31,,,,,539.0
16,2003-08-31,2.0,,,,1223.0
16,2003-09-30,1.0,,3.0,,864.0
16,2003-10-31,1.0,,,,284.0
16,2003-11-30,,,1.0,,192.0
16,2003-12-31,,,2.0,,69.0
16,2004-01-31,,,,,289.0
16,2004-02-29,,,,,224.0
16,2004-03-31,,,,,372.0
16,2004-04-30,,,,,342.0
16,2004-05-31,,,,,238.0
16,2004-06-30,,,,,233.0
16,2004-07-31,,,,,254.0
16,2004-08-31,,,,,194.0
16,2004-09-30,,,,,218.0
16,2004-10-31,,,,,181.0
16,2004-11-30,,,,,104.0
16,2004-12-31,,,,,55.0
16,2005-01-31,,,,,187.0
16,2005-02-28,,,,,336.0
16,2005-03-31,1.0,,,,498.0
16,2005-04-30,,,,,476.0
16,2005-05-31,,,,,301.0
16,2005-06-30,,,,,154.0
16,2005-07-31,,,,,177.0
16,2005-08-31,,,,,126.0
16,2005-09-30,,,,,116.0
16,2005-10-31,,,,,69.0
16,2005-11-30,,,,,63.0
16,2005-12-31,,,,,47.0
16,2006-01-31,,,,,371.0
16,2006-02-28,,,,,355.0
16,2006-03-31,,,,,282.0
16,2006-04-30,,,,,150.0
16,2006-05-31,,1.0,,,119.0
16,2006-06-30,,,,,57.0
16,2006-07-31,,,1.0,,64.0
16,2006-08-31,,,,,51.0
16,2006-09-30,,,,,72.0
16,2006-10-31,,,,,95.0
16,2006-11-30,,,,,68.0
16,2006-12-31,,,,,125.0
16,2007-01-31,,,,,450.0
16,2007-02-28,4.0,,,,513.0
16,2007-03-31,,,,,995.0
16,2007-04-30,,1.0,,,619.0
16,2007-05-31,,,,,490.0
16,2007-06-30,,,,,209.0
16,2007-07-31,,,,,74.0
16,2007-08-31,,,,,57.0
16,2007-09-30,1.0,,,,92.0
16,2007-10-31,,,,,42.0
16,2007-11-30,,,,,49.0
16,2007-12-31,2.0,,,,40.0
16,2008-01-31,1.0,,,,143.0
16,2008-02-29,7.0,,,,95.0
16,2008-03-31,3.0,,,1.0,131.0
16,2008-04-30,,,,,123.0
16,2008-05-31,,,,,83.0
16,2008-06-30,,,,,37.0
16,2008-07-31,,,,,15.0
16,2008-08-31,,,,,19.0
16,2008-09-30,1.0,,,,35.0
16,2008-10-31,,,,,94.0
16,2008-11-30,,,,,372.0
16,2008-12-31,,,,,64.0
16,2009-01-31,,,,,376.0
16,2009-02-28,,,,,329.0
16,2009-03-31,,,,,327.0
16,2009-04-30,,,,,187.0
16,2009-05-31,,,,,138.0
16,2009-06-30,,,,,95.0
16,2009-07-31,,,,,57.0
16,2009-08-31,1.0,,,,51.0
16,2009-09-30,,,,,33.0
16,2009-10-31,,,,,30.0
16,2009-11-30,,,,,13.0
16,2009-12-31,,,,,4.0
16,2010-01-31,,,,,147.0
16,2010-02-28,,,,,333.0
16,2010-03-31,,,,,252.0
16,2010-04-30,,,,1.0,163.0
16,2010-05-31,8.0,,,2.0,331.0
16,2010-06-30,1.0,,,,247.0
16,2010-07-31,,,,1.0,309.0
16,2010-08-31,7.0,,,,446.0
16,2010-09-30,,,,,339.0
16,2010-10-31,1.0,,,1.0,356.0
16,2010-11-30,,,,,180.0
16,2010-12-31,,,,,166.0
16,2011-01-31,,,,,563.0
16,2011-02-28,2.0,,,,690.0
16,2011-03-31,1.0,,,1.0,491.0
16,2011-04-30,,,,,345.0
16,2011-05-31,,,,,140.0
16,2011-06-30,,,,,74.0
16,2011-07-31,,,,,57.0
16,2011-08-31,,1.0,,,59.0
16,2011-09-30,,,,,48.0
16,2011-10-31,,,,,65.0
16,2011-11-30,,,,,36.0
16,2011-12-31,,,,,10.0
16,2012-01-31,,,,,40.0
16,2012-02-29,,,,,44.0
16,2012-03-31,,,,,45.0
16,2012-04-30,,,,2.0,41.0
16,2012-05-31,,,,4.0,60.0
16,2012-06-30,,,,1.0,63.0
16,2012-07-31,,,,1.0,74.0
16,2012-08-31,,,,,202.0
16,2012-09-30,2.0,,,7.0,401.0
16,2012-10-31,,,,6.0,249.0
16,2012-11-30,,,,3.0,249.0
16,2012-12-31,1.0,,,1.0,116.0
16,2013-01-31,2.0,,,,270.0
16,2013-02-28,1.0,,,,241.0
16,2013-03-31,1.0,,,1.0,389.0
16,2013-04-30,3.0,,,1.0,455.0
16,2013-05-31,,,,,162.0
16,2013-06-30,,,,,63.0
16,2013-07-31,,,,,39.0
16,2013-08-31,1.0,,,,63.0
16,2013-09-30,,,,,33.0
16,2013-10-31,2.0,,,,34.0
16,2013-11-30,,,,,34.0
16,2013-12-31,,,,,8.0
16,2014-01-31,,,,,25.0
16,2014-02-28,,,,,26.0
16,2014-03-31,,,,,71.0
16,2014-04-30,,,,,207.0
16,2014-05-31,,,,,548.0
16,2014-06-30,,,,,189.0
16,2014-07-31,,,,,83.0
16,2014-08-31,,,,,67.0
16,2014-09-30,,,,,120.0
16,2014-10-31,,,,,379.0
16,2014-11-30,2.0,,,,388.0
16,2014-12-31,1.0,,,,87.0
16,2015-01-31,1.0,,,,425.0
16,2015-02-28,13.0,,,,544.0
16,2015-03-31,219.0,,,,765.0
16,2015-04-30,1.0,,,,419.0
16,2015-05-31,3.0,,,,370.0
16,2015-06-30,,,,,170.0
16,2015-07-31,,,,,143.0
16,2015-08-31,1.0,1.0,,,167.0
16,2015-09-30,,,,,107.0
16,2015-10-31,,,,,103.0
16,2015-11-30,1.0,,,,113.0
16,2015-12-31,,,,,57.0
16,2016-01-31,1.0,,,,115.0
16,2016-02-29,,,,,259.0
16,2016-03-31,,,,,378.0
16,2016-04-30,1.0,,,,355.0
16,2016-05-31,,,,,172.0
16,2016-06-30,,,,,83.0
16,2016-07-31,,,,,76.0
16,2016-08-31,,,,,90.0
16,2016-09-30,,,,,84.0
16,2016-10-31,,,,,104.0
16,2016-11-30,,,,,42.0
16,2016-12-31,,,,,57.0
16,2017-01-31,,,,,131.0
16,2017-02-28,,,,,190.0
16,2017-03-31,,,,,180.0
16,2017-04-30,,,,,101.0
16,2017-05-31,,,,,99.0
16,2017-06-30,,,,,48.0
16,2017-07-31,,,,,39.0
16,2017-08-31,,,,,11.0
16,2017-09-30,,,,,21.0
16,2017-10-31,,,,,48.0
16,2017-11-30,,,,,27.0
16,2017-12-31,,,,,26.0
16,2018-01-31,,,,,56.0
16,2018-02-28,,,,,82.0
16,2018-03-31,,,,,147.0
16,2018-04-30,,,,,137.0
16,2018-05-31,,,,,59.0
16,2018-06-30,,,,,44.0
16,2018-07-31,,,,,35.0
16,2018-08-31,,,,,57.0
16,2018-09-30,,,,,42.0
16,2018-10-31,,,,,58.0
16,2018-11-30,,,,,23.0
16,2018-12-31,,,,,24.0
16,2019-01-31,,,,,16.0
16,2019-02-28,1.0,,,,18.0
16,2019-03-31,,,,,41.0
16,2019-04-30,,,,,26.0
16,2019-05-31,,,,,16.0
16,2019-06-30,,,,,11.0
16,2019-07-31,,,,,12.0
16,2019-08-31,,,,,16.0
16,2019-09-30,,,,,9.0
16,2019-10-31,,,,,11.0
16,2019-11-30,,,,,14.0
16,2019-12-31,,,,,3.0
16,2020-01-31,,,,,9.0
16,2020-02-29,,,,,11.0
16,2020-03-31,,,,,4.0
16,2020-04-30,,,,,13.0
16,2020-05-31,,,,,7.0
16,2020-06-30,,,,,4.0
16,2020-07-31,,,,,3.0
16,2020-08-31,,,,,4.0
16,2020-09-30,,,,,2.0
16,2020-10-31,,,,,3.0
16,2020-11-30,,,,,4.0
16,2020-12-31,,,,,3.0
16,2021-01-31,,,,,30.0
16,2021-02-28,,,,,13.0
16,2021-03-31,,,,,16.0
16,2021-04-30,,,,,20.0
16,2021-05-31,,,,,19.0
16,2021-06-30,,,,,16.0
16,2021-07-31,,,,,23.0
16,2021-08-31,,,,,33.0
16,2021-09-30,,,,,46.0
16,2021-10-31,,,,,26.0
16,2021-11-30,,,,,19.0
16,2021-12-31,,,,,19.0
16,2022-01-31,,,,,22.0
16,2022-02-28,,,,,32.0
16,2022-03-31,,,,,27.0
16,2022-04-30,,,,,35.0
16,2022-05-31,,,,,25.0
16,2022-06-30,,,,,23.0
16,2022-07-31,,,,,25.0
16,2022-08-31,,,,,20.0
16,2022-09-30,,,,,25.0
16,2022-10-31,2.0,,,,22.0
16,2022-11-30,,,,,14.0
16,2022-12-31,,,,,23.0
16,2023-01-31,2.0,1.0,,,61.0
16,2023-02-28,7.0,,,,71.0
16,2023-03-31,5.0,,,,75.0
16,2023-04-30,8.0,,,,84.0
16,2023-05-31,4.0,,,,30.0
16,2023-06-30,12.0,1.0,1.0,,73.0
16,2023-07-31,5.0,,,,103.0
16,2023-08-31,6.0,,,1.0,209.0
16,2023-09-30,12.0,,,,286.0
16,2023-10-31,,,,,86.0
16,2023-11-30,2.0,,,,76.0
16,2023-12-31,3.0,,,1.0,75.0
16,2024-01-31,16.0,12.0,22.0,,712.0
16,2024-02-29,49.0,25.0,51.0,,1747.0
16,2024-03-31,16.0,40.0,26.0,,2330.0
16,2024-04-30,26.0,26.0,33.0,,1249.0
16,2024-05-31,5.0,9.0,4.0,,691.0
16,2024-06-30,7.0,35.0,13.0,,997.0
16,2024-07-31,4.0,27.0,8.0,,1028.0
16,2024-08-31,8.0,34.0,40.0,,1090.0
16,2024-09-30,,8.0,2.0,,442.0
16,2024-10-31,1.0,58.0,5.0,,299.0
16,2024-11-30,,4.0,,,178.0
16,2024-12-31,,10.0,,,78.0
16,2025-01-31,,13.0,,,311.0
16,2025-02-28,,21.0,,,529.0
16,2025-03-31,,12.0,,,347.0
16,2025-04-30,,,,,87.0
16,2025-05-31,,1.0,,,2.0
16,2025-06-30,,,,,
16,2025-07-31,,,,,
16,2025-08-31,,,,,
16,2025-09-30,,,,,
16,2025-10-31,,,,,
16,2025-11-30,,,,,
16,2025-12-31,,,,,
17,1996-01-31,,,,,
17,1996-02-29,,,,,
17,1996-03-31,,,,,
17,1996-04-30,,,,,
17,1996-05-31,,,,,
17,1996-06-30,,,,,
17,1996-07-31,,,,,
17,1996-08-31,,,,,
17,1996-09-30,,,,,
17,1996-10-31,,,,,
17,1996-11-30,,,,,
17,1996-12-31,,,,,1.0
17,1997-01-31,,,,,1.0
17,1997-02-28,,,,,9.0
17,1997-03-31,,,,,25.0
17,1997-04-30,,,,,14.0
17,1997-05-31,,,,,26.0
17,1997-06-30,,,,,11.0
17,1997-07-31,,,,,15.0
17,1997-08-31,,,1.0,,5.0
17,1997-09-30,,,,,1.0
17,1997-10-31,1.0,,,,2.0
17,1997-11-30,,,,,1.0
17,1997-12-31,,,1.0,,3.0
17,1998-01-31,,,,,15.0
17,1998-02-28,2.0,,1.0,,29.0
17,1998-03-31,,,,,24.0
17,1998-04-30,4.0,,,,59.0
17,1998-05-31,5.0,,,,26.0
17,1998-06-30,3.0,,,,3.0
17,1998-07-31,,,,,1.0
17,1998-08-31,,,,,1.0
17,1998-09-30,,,,,1.0
17,1998-10-31,,,,,2.0
17,1998-11-30,,,,,5.0
17,1998-12-31,,,,,3.0
17,1999-01-31,,,,,
17,1999-02-28,,,,,
17,1999-03-31,,,,,8.0
17,1999-04-30,,,,,11.0
17,1999-05-31,,,,,30.0
17,1999-06-30,,,,,9.0
17,1999-07-31,,,,,4.0
17,1999-08-31,,,,,
17,1999-09-30,,,,,7.0
17,1999-10-31,,,,,1.0
17,1999-11-30,,,,,5.0
17,1999-12-31,,,,,8.0
17,2000-01-31,1.0,,,,136.0
17,2000-02-29,1.0,,,,123.0
17,2000-03-31,,,,,104.0
17,2000-04-30,1.0,,,,75.0
17,2000-05-31,1.0,,,,41.0
17,2000-06-30,,,,,51.0
17,2000-07-31,,,,,38.0
17,2000-08-31,,,,,24.0
17,2000-09-30,,,,,28.0
17,2000-10-31,1.0,,,,89.0
17,2000-11-30,3.0,,,,268.0
17,2000-12-31,2.0,,,,271.0
17,2001-01-31,45.0,2.0,,,965.0
17,2001-02-28,30.0,,,,706.0
17,2001-03-31,31.0,2.0,,,677.0
17,2001-04-30,25.0,,1.0,,411.0
17,2001-05-31,14.0,1.0,1.0,,356.0
17,2001-06-30,4.0,,,,262.0
17,2001-07-31,,,,,69.0
17,2001-08-31,1.0,,,,69.0
17,2001-09-30,,,,,41.0
17,2001-10-31,,,,,83.0
17,2001-11-30,2.0,,,,409.0
17,2001-12-31,9.0,,,,776.0
17,2002-01-31,21.0,3.0,,,690.0
17,2002-02-28,32.0,1.0,,,445.0
17,2002-03-31,30.0,6.0,,,306.0
17,2002-04-30,9.0,22.0,,,130.0
17,2002-05-31,4.0,1.0,1.0,,87.0
17,2002-06-30,,,3.0,,41.0
17,2002-07-31,1.0,,,,15.0
17,2002-08-31,,,,,13.0
17,2002-09-30,,,,,12.0
17,2002-10-31,,1.0,,,40.0
17,2002-11-30,1.0,,,,164.0
17,2002-12-31,,,,,133.0
17,2003-01-31,4.0,,1.0,,215.0
17,2003-02-28,5.0,,,,262.0
17,2003-03-31,2.0,,,,207.0
17,2003-04-30,,,,,259.0
17,2003-05-31,1.0,,,,358.0
17,2003-06-30,,,,,93.0
17,2003-07-31,,,1.0,,33.0
17,2003-08-31,,,,,27.0
17,2003-09-30,1.0,,,,19.0
17,2003-10-31,,1.0,,,64.0
17,2003-11-30,1.0,,,,202.0
17,2003-12-31,,,,,157.0
17,2004-01-31,14.0,2.0,,,242.0
17,2004-02-29,8.0,1.0,,,234.0
17,2004-03-31,,,,,170.0
17,2004-04-30,1.0,,,,149.0
17,2004-05-31,1.0,,,,163.0
17,2004-06-30,,,,,88.0
17,2004-07-31,,,,,31.0
17,2004-08-31,,,,,26.0
17,2004-09-30,,,,,19.0
17,2004-10-31,,,,,69.0
17,2004-11-30,,,,,142.0
17,2004-12-31,,,1.0,,174.0
17,2005-01-31,,,,,421.0
17,2005-02-28,6.0,,,,574.0
17,2005-03-31,,,,,470.0
17,2005-04-30,,,1.0,,495.0
17,2005-05-31,,,3.0,,586.0
17,2005-06-30,,,,,375.0
17,2005-07-31,,1.0,,,151.0
17,2005-08-31,1.0,,,,63.0
17,2005-09-30,,,,,24.0
17,2005-10-31,,,,,14.0
17,2005-11-30,,,,,64.0
17,2005-12-31,,,,,117.0
17,2006-01-31,1.0,,,,373.0
17,2006-02-28,5.0,,15.0,,722.0
17,2006-03-31,3.0,,5.0,,868.0
17,2006-04-30,9.0,,,,1247.0
17,2006-05-31,3.0,1.0,,,957.0
17,2006-06-30,,,,,340.0
17,2006-07-31,1.0,,2.0,,136.0
17,2006-08-31,,,,,45.0
17,2006-09-30,,,4.0,,148.0
17,2006-10-31,,1.0,,,93.0
17,2006-11-30,,,,,279.0
17,2006-12-31,,,6.0,,684.0
17,2007-01-31,4.0,,1.0,,1356.0
17,2007-02-28,9.0,,1.0,,2511.0
17,2007-03-31,12.0,,3.0,1.0,3182.0
17,2007-04-30,1.0,,3.0,,1563.0
17,2007-05-31,6.0,,,,1061.0
17,2007-06-30,5.0,,1.0,,717.0
17,2007-07-31,2.0,,,,248.0
17,2007-08-31,1.0,,,,167.0
17,2007-09-30,1.0,,,,207.0
17,2007-10-31,,1.0,1.0,,363.0
17,2007-11-30,14.0,,1.0,,606.0
17,2007-12-31,7.0,,3.0,,781.0
17,2008-01-31,6.0,,1.0,,2102.0
17,2008-02-29,4.0,,1.0,,2065.0
17,2008-03-31,7.0,,2.0,1.0,2496.0
17,2008-04-30,4.0,,1.0,,1868.0
17,2008-05-31,1.0,,3.0,,938.0
17,2008-06-30,,,,,272.0
17,2008-07-31,,,,,74.0
17,2008-08-31,,,,,57.0
17,2008-09-30,,,,,48.0
17,2008-10-31,,1.0,,,89.0
17,2008-11-30,1.0,,,,147.0
17,2008-12-31,,,,,149.0
17,2009-01-31,,1.0,,1.0,400.0
17,2009-02-28,,,,,384.0
17,2009-03-31,4.0,,,,447.0
17,2009-04-30,1.0,,,1.0,375.0
17,2009-05-31,,,,,456.0
17,2009-06-30,,1.0,,,343.0
17,2009-07-31,,,,,154.0
17,2009-08-31,,,,,158.0
17,2009-09-30,,,,,121.0
17,2009-10-31,1.0,,,,171.0
17,2009-11-30,5.0,,,,357.0
17,2009-12-31,9.0,,,,669.0
17,2010-01-31,9.0,,,,1330.0
17,2010-02-28,28.0,,,,1536.0
17,2010-03-31,39.0,1.0,,,1814.0
17,2010-04-30,13.0,,,,1619.0
17,2010-05-31,12.0,3.0,,1.0,1409.0
17,2010-06-30,,,,1.0,503.0
17,2010-07-31,2.0,,,,182.0
17,2010-08-31,,,,,113.0
17,2010-09-30,,,,,54.0
17,2010-10-31,,,,,73.0
17,2010-11-30,2.0,,,1.0,339.0
17,2010-12-31,1.0,,,,398.0
17,2011-01-31,,,,,861.0
17,2011-02-28,17.0,,,,1041.0
17,2011-03-31,7.0,,,,1121.0
17,2011-04-30,8.0,5.0,,,1444.0
17,2011-05-31,1.0,,,,1540.0
17,2011-06-30,1.0,,,,1319.0
17,2011-07-31,,,,,769.0
17,2011-08-31,1.0,,,,426.0
17,2011-09-30,,,,,377.0
17,2011-10-31,,,,1.0,427.0
17,2011-11-30,1.0,,,,363.0
17,2011-12-31,1.0,,,,860.0
17,2012-01-31,,,1.0,,1519.0
17,2012-02-29,1.0,,,14.0,2148.0
17,2012-03-31,1.0,,,,2450.0
17,2012-04-30,1.0,,,4.0,1857.0
17,2012-05-31,2.0,,,2.0,1285.0
17,2012-06-30,2.0,,,4.0,733.0
17,2012-07-31,,,,,313.0
17,2012-08-31,,,,1.0,170.0
17,2012-09-30,,,,,132.0
17,2012-10-31,,,,,178.0
17,2012-11-30,,,,,301.0
17,2012-12-31,,,,,669.0
17,2013-01-31,,,,3.0,1252.0
17,2013-02-28,6.0,,,,1627.0
17,2013-03-31,3.0,,,7.0,1932.0
17,2013-04-30,4.0,,,,1329.0
17,2013-05-31,3.0,,,,917.0
17,2013-06-30,1.0,,,1.0,550.0
17,2013-07-31,,,,,164.0
17,2013-08-31,,,,,136.0
17,2013-09-30,,,,,106.0
17,2013-10-31,,,,,102.0
17,2013-11-30,,,,,300.0
17,2013-12-31,,,,,330.0
17,2014-01-31,2.0,,,,533.0
17,2014-02-28,2.0,,,2.0,531.0
17,2014-03-31,,,,,564.0
17,2014-04-30,3.0,,,,353.0
17,2014-05-31,1.0,,,,489.0
17,2014-06-30,,,,2.0,315.0
17,2014-07-31,,,,,109.0
17,2014-08-31,,,,1.0,139.0
17,2014-09-30,,,,,76.0
17,2014-10-31,,,,,130.0
17,2014-11-30,,,,,191.0
17,2014-12-31,,,,,207.0
17,2015-01-31,2.0,1.0,,,325.0
17,2015-02-28,2.0,,,1.0,621.0
17,2015-03-31,1.0,,,,1296.0
17,2015-04-30,1.0,,,,1249.0
17,2015-05-31,3.0,,,,1386.0
17,2015-06-30,3.0,,,,714.0
17,2015-07-31,2.0,,,,381.0
17,2015-08-31,,,,,339.0
17,2015-09-30,,,,,148.0
17,2015-10-31,,,,,195.0
17,2015-11-30,,,,,342.0
17,2015-12-31,,,,,831.0
17,2016-01-31,1.0,,,,1659.0
17,2016-02-29,,,,1.0,2095.0
17,2016-03-31,,,,,1278.0
17,2016-04-30,,,,,1117.0
17,2016-05-31,1.0,,,,728.0
17,2016-06-30,,,,,319.0
17,2016-07-31,,,,,152.0
17,2016-08-31,,,,,73.0
17,2016-09-30,,,,,57.0
17,2016-10-31,,,,,86.0
17,2016-11-30,,,,,133.0
17,2016-12-31,1.0,,,,198.0
17,2017-01-31,,,,,504.0
17,2017-02-28,,,,,777.0
17,2017-03-31,,,,2.0,835.0
17,2017-04-30,7.0,1.0,,,1017.0
17,2017-05-31,2.0,,,,739.0
17,2017-06-30,1.0,1.0,,,366.0
17,2017-07-31,2.0,2.0,,,187.0
17,2017-08-31,,,,,108.0
17,2017-09-30,,,,,77.0
17,2017-10-31,,,,,86.0
17,2017-11-30,,,,,85.0
17,2017-12-31,,,1.0,,132.0
17,2018-01-31,,2.0,,,157.0
17,2018-02-28,1.0,4.0,,,154.0
17,2018-03-31,1.0,8.0,,,309.0
17,2018-04-30,2.0,8.0,,,398.0
17,2018-05-31,2.0,36.0,,,340.0
17,2018-06-30,1.0,9.0,,,162.0
17,2018-07-31,1.0,3.0,,,51.0
17,2018-08-31,,2.0,,,61.0
17,2018-09-30,,2.0,,,61.0
17,2018-10-31,,3.0,,,66.0
17,2018-11-30,,4.0,,,235.0
17,2018-12-31,1.0,50.0,,,821.0
17,2019-01-31,2.0,57.0,,,2075.0
17,2019-02-28,4.0,51.0,,,2972.0
17,2019-03-31,1.0,33.0,,,3080.0
17,2019-04-30,3.0,44.0,,,2328.0
17,2019-05-31,2.0,39.0,,,1686.0
17,2019-06-30,2.0,19.0,,,760.0
17,2019-07-31,,,,,119.0
17,2019-08-31,,4.0,,,92.0
17,2019-09-30,,1.0,,,52.0
17,2019-10-31,,2.0,,,92.0
17,2019-11-30,,8.0,,,263.0
17,2019-12-31,,3.0,,,220.0
17,2020-01-31,,5.0,,,238.0
17,2020-02-29,2.0,20.0,,,443.0
17,2020-03-31,,12.0,,,360.0
17,2020-04-30,3.0,5.0,,,211.0
17,2020-05-31,,6.0,,,210.0
17,2020-06-30,1.0,,,,133.0
17,2020-07-31,,,,,112.0
17,2020-08-31,1.0,,,,74.0
17,2020-09-30,,,,,37.0
17,2020-10-31,1.0,,,,30.0
17,2020-11-30,,,,,29.0
17,2020-12-31,,,,,39.0
17,2021-01-31,,,,,47.0
17,2021-02-28,,,,,150.0
17,2021-03-31,3.0,3.0,,,227.0
17,2021-04-30,13.0,,,,390.0
17,2021-05-31,9.0,1.0,,,617.0
17,2021-06-30,17.0,4.0,,,514.0
17,2021-07-31,22.0,,,,420.0
17,2021-08-31,17.0,1.0,,,280.0
17,2021-09-30,9.0,,,,246.0
17,2021-10-31,15.0,2.0,,,408.0
17,2021-11-30,58.0,9.0,,,1287.0
17,2021-12-31,505.0,15.0,,1.0,4274.0
17,2022-01-31,355.0,9.0,,,4299.0
17,2022-02-28,308.0,28.0,,,3590.0
17,2022-03-31,162.0,4.0,,,2500.0
17,2022-04-30,127.0,1.0,,,3577.0
17,2022-05-31,40.0,,,,2599.0
17,2022-06-30,20.0,,,,1571.0
17,2022-07-31,6.0,1.0,,,899.0
17,2022-08-31,3.0,1.0,,,382.0
17,2022-09-30,3.0,,,,231.0
17,2022-10-31,,,,,255.0
17,2022-11-30,,,,,309.0
17,2022-12-31,,1.0,,,495.0
17,2023-01-31,2.0,,,,362.0
17,2023-02-28,8.0,,,,439.0
17,2023-03-31,4.0,,,,496.0
17,2023-04-30,4.0,14.0,,,821.0
17,2023-05-31,10.0,3.0,,,433.0
17,2023-06-30,8.0,4.0,,,230.0
17,2023-07-31,4.0,,,,112.0
17,2023-08-31,3.0,,,,68.0
17,2023-09-30,,1.0,,,56.0
17,2023-10-31,1.0,,,,42.0
17,2023-11-30,5.0,,,,84.0
17,2023-12-31,2.0,4.0,,,102.0
17,2024-01-31,6.0,7.0,,,173.0
17,2024-02-29,15.0,30.0,,,446.0
17,2024-03-31,31.0,85.0,1.0,,1135.0
17,2024-04-30,16.0,89.0,,,1100.0
17,2024-05-31,19.0,117.0,1.0,,767.0
17,2024-06-30,8.0,44.0,,,359.0
17,2024-07-31,3.0,4.0,,,74.0
17,2024-08-31,,,,,51.0
17,2024-09-30,,1.0,,,36.0
17,2024-10-31,,,,,28.0
17,2024-11-30,,,,,66.0
17,2024-12-31,1.0,,,,69.0
17,2025-01-31,,3.0,,,231.0
17,2025-02-28,,18.0,1.0,,454.0
17,2025-03-31,3.0,31.0,10.0,,501.0
17,2025-04-30,3.0,13.0,5.0,,919.0
17,2025-05-31,,,,1.0,697.0
17,2025-06-30,,,,,
17,2025-07-31,,,,,
17,2025-08-31,,,,,
17,2025-09-30,,,,,
17,2025-10-31,,,,,
17,2025-11-30,,,,,
17,2025-12-31,,,,,
21,1996-01-31,,,,,
21,1996-02-29,,,,,
21,1996-03-31,,,,,
21,1996-04-30,,,,,
21,1996-05-31,,,,,
21,1996-06-30,,,,,
21,1996-07-31,,,,,
21,1996-08-31,,,,,
21,1996-09-30,,,,,
21,1996-10-31,,,,,
21,1996-11-30,,,,,
21,1996-12-31,,,,,
21,1997-01-31,,,,,
21,1997-02-28,,,,,
21,1997-03-31,,,,,
21,1997-04-30,,,,,
21,1997-05-31,,,,,
21,1997-06-30,,,,,
21,1997-07-31,,,,,
21,1997-08-31,,,,,
21,1997-09-30,,,,,
21,1997-10-31,,,,,
21,1997-11-30,,,,,
21,1997-12-31,,,,,
21,1998-01-31,16.0,,,,79.0
21,1998-02-28,1.0,,,,206.0
21,1998-03-31,2.0,1.0,,1.0,187.0
21,1998-04-30,,,,,90.0
21,1998-05-31,1.0,,,,63.0
21,1998-06-30,2.0,,,,8.0
21,1998-07-31,,,,,22.0
21,1998-08-31,1.0,,,,34.0
21,1998-09-30,,,,,
21,1998-10-31,,,,,12.0
21,1998-11-30,,,,,14.0
21,1998-12-31,,,,,12.0
21,1999-01-31,,,,,35.0
21,1999-02-28,,,,,141.0
21,1999-03-31,,,,,109.0
21,1999-04-30,,,,,177.0
21,1999-05-31,,,,,274.0
21,1999-06-30,,,,,228.0
21,1999-07-31,,,,,189.0
21,1999-08-31,,,,,167.0
21,1999-09-30,,,,,41.0
21,1999-10-31,,,,,39.0
21,1999-11-30,,,,,80.0
21,1999-12-31,,,,,38.0
21,2000-01-31,,,,,678.0
21,2000-02-29,1.0,1.0,,,639.0
21,2000-03-31,3.0,2.0,2.0,,557.0
21,2000-04-30,1.0,,,,302.0
21,2000-05-31,1.0,1.0,,,174.0
21,2000-06-30,,2.0,,,331.0
21,2000-07-31,1.0,,,,177.0
21,2000-08-31,3.0,,,,217.0
21,2000-09-30,,,,,144.0
21,2000-10-31,1.0,,,,146.0
21,2000-11-30,,,,,160.0
21,2000-12-31,,,,,85.0
21,2001-01-31,2.0,,1.0,,685.0
21,2001-02-28,2.0,1.0,5.0,,1028.0
21,2001-03-31,8.0,,6.0,,1490.0
21,2001-04-30,23.0,2.0,4.0,,731.0
21,2001-05-31,,,3.0,,779.0
21,2001-06-30,,,1.0,,513.0
21,2001-07-31,1.0,,1.0,,249.0
21,2001-08-31,,,1.0,,166.0
21,2001-09-30,,,2.0,,119.0
21,2001-10-31,,,1.0,,132.0
21,2001-11-30,1.0,1.0,,,98.0
21,2001-12-31,,,1.0,,266.0
21,2002-01-31,2.0,,,,554.0
21,2002-02-28,12.0,1.0,,,1518.0
21,2002-03-31,16.0,1.0,6.0,,2254.0
21,2002-04-30,7.0,5.0,8.0,,849.0
21,2002-05-31,4.0,2.0,4.0,,626.0
21,2002-06-30,3.0,,3.0,,441.0
21,2002-07-31,1.0,,1.0,,262.0
21,2002-08-31,6.0,,,,397.0
21,2002-09-30,5.0,,1.0,,214.0
21,2002-10-31,6.0,,,,362.0
21,2002-11-30,7.0,9.0,1.0,,577.0
21,2002-12-31,1.0,,,,378.0
21,2003-01-31,5.0,,2.0,,1083.0
21,2003-02-28,21.0,2.0,1.0,,1374.0
21,2003-03-31,5.0,,1.0,,1389.0
21,2003-04-30,4.0,1.0,,,643.0
21,2003-05-31,7.0,1.0,,,587.0
21,2003-06-30,2.0,,1.0,,263.0
21,2003-07-31,3.0,,,,185.0
21,2003-08-31,,,,,165.0
21,2003-09-30,7.0,1.0,,,86.0
21,2003-10-31,4.0,,,,54.0
21,2003-11-30,,,,,69.0
21,2003-12-31,,,,,52.0
21,2004-01-31,,,,,179.0
21,2004-02-29,,1.0,1.0,,249.0
21,2004-03-31,,1.0,,,231.0
21,2004-04-30,1.0,,,,147.0
21,2004-05-31,,1.0,,,219.0
21,2004-06-30,1.0,,,,133.0
21,2004-07-31,,,,,86.0
21,2004-08-31,,,,,74.0
21,2004-09-30,,,,,41.0
21,2004-10-31,1.0,1.0,,,67.0
21,2004-11-30,2.0,1.0,1.0,,71.0
21,2004-12-31,,,,,137.0
21,2005-01-31,1.0,,,,275.0
21,2005-02-28,3.0,,1.0,,565.0
21,2005-03-31,4.0,,,,897.0
21,2005-04-30,,2.0,1.0,,896.0
21,2005-05-31,,,,,1196.0
21,2005-06-30,,,,,955.0
21,2005-07-31,1.0,,,,976.0
21,2005-08-31,1.0,,,,378.0
21,2005-09-30,,,,,238.0
21,2005-10-31,,,,,100.0
21,2005-11-30,,,,,83.0
21,2005-12-31,,,1.0,,67.0
21,2006-01-31,,1.0,,,302.0
21,2006-02-28,1.0,,,,522.0
21,2006-03-31,,,,,462.0
21,2006-04-30,,,,,582.0
21,2006-05-31,,,,,641.0
21,2006-06-30,,,,,343.0
21,2006-07-31,,,,,354.0
21,2006-08-31,,,,,348.0
21,2006-09-30,,,,,331.0
21,2006-10-31,,1.0,,,361.0
21,2006-11-30,,,,,282.0
21,2006-12-31,,1.0,1.0,,525.0
21,2007-01-31,2.0,,1.0,,1249.0
21,2007-02-28,3.0,3.0,,1.0,2227.0
21,2007-03-31,18.0,2.0,,2.0,3136.0
21,2007-04-30,3.0,,,,1984.0
21,2007-05-31,1.0,,,,1853.0
21,2007-06-30,1.0,3.0,,,1304.0
21,2007-07-31,,,,,637.0
21,2007-08-31,3.0,1.0,,,356.0
21,2007-09-30,1.0,4.0,,,238.0
21,2007-10-31,,,1.0,,160.0
21,2007-11-30,,1.0,,,166.0
21,2007-12-31,,,,,185.0
21,2008-01-31,1.0,,,,458.0
21,2008-02-29,1.0,2.0,,,876.0
21,2008-03-31,3.0,2.0,,1.0,1698.0
21,2008-04-30,3.0,1.0,,,1657.0
21,2008-05-31,2.0,,1.0,,639.0
21,2008-06-30,1.0,1.0,,,201.0
21,2008-07-31,1.0,,,,70.0
21,2008-08-31,,,,,65.0
21,2008-09-30,,,,,24.0
21,2008-10-31,,,,,17.0
21,2008-11-30,,,,,50.0
21,2008-12-31,,,,,39.0
21,2009-01-31,,,,,146.0
21,2009-02-28,1.0,,,,237.0
21,2009-03-31,3.0,,,,587.0
21,2009-04-30,1.0,,,,341.0
21,2009-05-31,,,1.0,,546.0
21,2009-06-30,,,,,203.0
21,2009-07-31,1.0,,,,65.0
21,2009-08-31,1.0,,,,58.0
21,2009-09-30,1.0,,,,49.0
21,2009-10-31,,,,,23.0
21,2009-11-30,,,,,12.0
21,2009-12-31,,,,,12.0
21,2010-01-31,,,,,126.0
21,2010-02-28,,,,,151.0
21,2010-03-31,1.0,,,,287.0
21,2010-04-30,1.0,,,,250.0
21,2010-05-31,,,,1.0,501.0
21,2010-06-30,3.0,,,,460.0
21,2010-07-31,18.0,,,,730.0
21,2010-08-31,23.0,,,,1261.0
21,2010-09-30,2.0,,,,913.0
21,2010-10-31,1.0,,,1.0,557.0
21,2010-11-30,,,,,342.0
21,2010-12-31,,1.0,,,236.0
21,2011-01-31,2.0,,,,1111.0
21,2011-02-28,5.0,1.0,,,1729.0
21,2011-03-31,3.0,,,,1542.0
21,2011-04-30,19.0,,,,1534.0
21,2011-05-31,5.0,,,2.0,1268.0
21,2011-06-30,1.0,,,,1326.0
21,2011-07-31,2.0,,,,1185.0
21,2011-08-31,1.0,,,2.0,1073.0
21,2011-09-30,2.0,,,2.0,499.0
21,2011-10-31,2.0,,,,255.0
21,2011-11-30,18.0,,,,261.0
21,2011-12-31,7.0,,,,316.0
21,2012-01-31,,,,,553.0
21,2012-02-29,,,,,722.0
21,2012-03-31,,,,,1272.0
21,2012-04-30,1.0,,,,762.0
21,2012-05-31,,,,1.0,630.0
21,2012-06-30,,,,,557.0
21,2012-07-31,,,,,285.0
21,2012-08-31,,,,,225.0
21,2012-09-30,,,,,183.0
21,2012-10-31,1.0,,,,97.0
21,2012-11-30,,,,,55.0
21,2012-12-31,,,,,83.0
21,2013-01-31,1.0,,,,236.0
21,2013-02-28,4.0,,,,479.0
21,2013-03-31,,,,,634.0
21,2013-04-30,4.0,,,,647.0
21,2013-05-31,,,,2.0,500.0
21,2013-06-30,1.0,,,,407.0
21,2013-07-31,,,,,170.0
21,2013-08-31,1.0,,,,213.0
21,2013-09-30,,,,,149.0
21,2013-10-31,,,,,75.0
21,2013-11-30,1.0,,,,94.0
21,2013-12-31,2.0,,,,69.0
21,2014-01-31,,,,,89.0
21,2014-02-28,1.0,,,,229.0
21,2014-03-31,6.0,,,,391.0
21,2014-04-30,4.0,,,1.0,362.0
21,2014-05-31,5.0,,,,409.0
21,2014-06-30,3.0,,1.0,1.0,214.0
21,2014-07-31,,,,1.0,198.0
21,2014-08-31,1.0,1.0,,,235.0
21,2014-09-30,,,,,132.0
21,2014-10-31,,,,,61.0
21,2014-11-30,2.0,,,,118.0
21,2014-12-31,,,,,210.0
21,2015-01-31,,,1.0,,500.0
21,2015-02-28,2.0,,,,632.0
21,2015-03-31,4.0,1.0,,,2010.0
21,2015-04-30,6.0,,,,1780.0
21,2015-05-31,,1.0,,,1108.0
21,2015-06-30,2.0,,,,338.0
21,2015-07-31,,,,,346.0
21,2015-08-31,,,,,222.0
21,2015-09-30,1.0,,,,146.0
21,2015-10-31,1.0,,,,227.0
21,2015-11-30,1.0,,,,239.0
21,2015-12-31,,,,,487.0
21,2016-01-31,8.0,,,2.0,2264.0
21,2016-02-29,6.0,,,3.0,4501.0
21,2016-03-31,1.0,,,3.0,5459.0
21,2016-04-30,2.0,,,,6380.0
21,2016-05-31,,,,,2166.0
21,2016-06-30,,,,,1045.0
21,2016-07-31,,,,,740.0
21,2016-08-31,,,,,527.0
21,2016-09-30,,,,,254.0
21,2016-10-31,,,,,151.0
21,2016-11-30,,,,,183.0
21,2016-12-31,,,,,251.0
21,2017-01-31,,,,,386.0
21,2017-02-28,,,,,1758.0
21,2017-03-31,3.0,,,,1494.0
21,2017-04-30,1.0,,,,1167.0
21,2017-05-31,1.0,,,,821.0
21,2017-06-30,,,,,509.0
21,2017-07-31,,,,,331.0
21,2017-08-31,,,,,228.0
21,2017-09-30,,,,,167.0
21,2017-10-31,,,,,88.0
21,2017-11-30,,,,,130.0
21,2017-12-31,,,,,149.0
21,2018-01-31,,,,,212.0
21,2018-02-28,,,,,190.0
21,2018-03-31,1.0,1.0,,,273.0
21,2018-04-30,,,,,381.0
21,2018-05-31,,,,,515.0
21,2018-06-30,,,,,193.0
21,2018-07-31,,,,,69.0
21,2018-08-31,,,,,91.0
21,2018-09-30,,,,,75.0
21,2018-10-31,,,,,71.0
21,2018-11-30,,,,,62.0
21,2018-12-31,1.0,,,,53.0
21,2019-01-31,1.0,5.0,,,229.0
21,2019-02-28,1.0,,,,354.0
21,2019-03-31,,,,,825.0
21,2019-04-30,,,,,966.0
21,2019-05-31,1.0,1.0,,,999.0
21,2019-06-30,3.0,,,,1026.0
21,2019-07-31,1.0,,,,426.0
21,2019-08-31,2.0,,,1.0,323.0
21,2019-09-30,,,,,194.0
21,2019-10-31,,,,,158.0
21,2019-11-30,,,,,155.0
21,2019-12-31,,,,,68.0
21,2020-01-31,,,,,329.0
21,2020-02-29,,,,,974.0
21,2020-03-31,,,,,477.0
21,2020-04-30,,,,,330.0
21,2020-05-31,1.0,,,,183.0
21,2020-06-30,,,,,86.0
21,2020-07-31,1.0,,,,61.0
21,2020-08-31,,,,,45.0
21,2020-09-30,,,,,39.0
21,2020-10-31,,,,,35.0
21,2020-11-30,,,,,29.0
21,2020-12-31,,,,,16.0
21,2021-01-31,,,,,231.0
21,2021-02-28,3.0,,,,191.0
21,2021-03-31,2.0,,,,116.0
21,2021-04-30,,,,,92.0
21,2021-05-31,3.0,,,,155.0
21,2021-06-30,1.0,,,,92.0
21,2021-07-31,,,,,80.0
21,2021-08-31,3.0,,,,53.0
21,2021-09-30,2.0,,,,63.0
21,2021-10-31,,,,,53.0
21,2021-11-30,,,,,69.0
21,2021-12-31,1.0,,,,153.0
21,2022-01-31,,,,,199.0
21,2022-02-28,4.0,,,,396.0
21,2022-03-31,6.0,,,,855.0
21,2022-04-30,19.0,,,,1298.0
21,2022-05-31,37.0,1.0,,,1190.0
21,2022-06-30,58.0,5.0,,,976.0
21,2022-07-31,34.0,1.0,,,814.0
21,2022-08-31,25.0,,,,409.0
21,2022-09-30,21.0,1.0,,1.0,292.0
21,2022-10-31,16.0,,,,323.0
21,2022-11-30,7.0,,,,241.0
21,2022-12-31,5.0,,,,198.0
21,2023-01-31,13.0,1.0,,,364.0
21,2023-02-28,27.0,2.0,,,680.0
21,2023-03-31,29.0,2.0,,,1227.0
21,2023-04-30,42.0,4.0,,1.0,1039.0
21,2023-05-31,15.0,1.0,,,470.0
21,2023-06-30,12.0,,,,300.0
21,2023-07-31,10.0,,,,334.0
21,2023-08-31,,,,,177.0
21,2023-09-30,2.0,,,,139.0
21,2023-10-31,,,,,77.0
21,2023-11-30,,,,,110.0
21,2023-12-31,1.0,,,,81.0
21,2024-01-31,,5.0,1.0,,231.0
21,2024-02-29,2.0,16.0,,,1289.0
21,2024-03-31,15.0,40.0,1.0,,4433.0
21,2024-04-30,59.0,25.0,,,2874.0
21,2024-05-31,6.0,24.0,1.0,,1261.0
21,2024-06-30,3.0,6.0,,,567.0
21,2024-07-31,1.0,7.0,,,167.0
21,2024-08-31,1.0,1.0,,,154.0
21,2024-09-30,,,,,95.0
21,2024-10-31,,,,,76.0
21,2024-11-30,,,,,138.0
21,2024-12-31,,,,,92.0
21,2025-01-31,1.0,4.0,,,233.0
21,2025-02-28,7.0,16.0,,,833.0
21,2025-03-31,2.0,16.0,,,1498.0
21,2025-04-30,2.0,8.0,,,1159.0
21,2025-05-31,,,,,232.0
21,2025-06-30,,,,,
21,2025-07-31,,,,,
21,2025-08-31,,,,,
21,2025-09-30,,,,,
21,2025-10-31,,,,,
21,2025-11-30,,,,,
21,2025-12-31,,,,,
22,1996-01-31,,,,,
22,1996-02-29,,,,,
22,1996-03-31,,,,,
22,1996-04-30,,,,,
22,1996-05-31,,,,,
22,1996-06-30,,,,,
22,1996-07-31,,,,,
22,1996-08-31,,,,,
22,1996-09-30,,,,,
22,1996-10-31,,,,,
22,1996-11-30,,,,,
22,1996-12-31,,,,,
22,1997-01-31,,,,,
22,1997-02-28,,,,,
22,1997-03-31,,,,,
22,1997-04-30,,,,,
22,1997-05-31,,,,,
22,1997-06-30,,,,,
22,1997-07-31,,,,,
22,1997-08-31,,,,,
22,1997-09-30,,,,,
22,1997-10-31,,,,,
22,1997-11-30,,,,,
22,1997-12-31,,,,,
22,1998-01-31,,,,,
22,1998-02-28,,,,,
22,1998-03-31,,,,,
22,1998-04-30,,,,,
22,1998-05-31,,,,,
22,1998-06-30,,,,,
22,1998-07-31,,,,,
22,1998-08-31,,,,,
22,1998-09-30,,,,,
22,1998-10-31,,,,,
22,1998-11-30,,,,,
22,1998-12-31,,,,,
22,1999-01-31,,,,,176.0
22,1999-02-28,,,,,400.0
22,1999-03-31,,,,,505.0
22,1999-04-30,,,,,208.0
22,1999-05-31,,,,,342.0
22,1999-06-30,,,,,146.0
22,1999-07-31,,,,,102.0
22,1999-08-31,,,,,69.0
22,1999-09-30,,,,,44.0
22,1999-10-31,,,,,46.0
22,1999-11-30,,,,,58.0
22,1999-12-31,1.0,,,,71.0
22,2000-01-31,,,2.0,,421.0
22,2000-02-29,2.0,1.0,,,418.0
22,2000-03-31,,1.0,,,390.0
22,2000-04-30,2.0,,1.0,,563.0
22,2000-05-31,,,1.0,,1125.0
22,2000-06-30,1.0,,,,1126.0
22,2000-07-31,2.0,,,,998.0
22,2000-08-31,3.0,,2.0,,508.0
22,2000-09-30,3.0,1.0,,,444.0
22,2000-10-31,,1.0,,,284.0
22,2000-11-30,1.0,,1.0,,275.0
22,2000-12-31,,,2.0,,205.0
22,2001-01-31,2.0,,,,313.0
22,2001-02-28,3.0,,,,900.0
22,2001-03-31,2.0,1.0,3.0,,1456.0
22,2001-04-30,2.0,,,,1736.0
22,2001-05-31,3.0,2.0,2.0,,1795.0
22,2001-06-30,11.0,,2.0,,1760.0
22,2001-07-31,32.0,,3.0,,691.0
22,2001-08-31,85.0,,,,659.0
22,2001-09-30,2.0,,,,360.0
22,2001-10-31,3.0,,,,211.0
22,2001-11-30,16.0,,1.0,,186.0
22,2001-12-31,,,,,226.0
22,2002-01-31,4.0,,,,726.0
22,2002-02-28,10.0,2.0,2.0,,1120.0
22,2002-03-31,30.0,6.0,1.0,,1796.0
22,2002-04-30,22.0,2.0,1.0,,1327.0
22,2002-05-31,8.0,3.0,1.0,,1050.0
22,2002-06-30,5.0,,,,840.0
22,2002-07-31,1.0,,,,463.0
22,2002-08-31,6.0,,1.0,,415.0
22,2002-09-30,10.0,,,,261.0
22,2002-10-31,,,,,232.0
22,2002-11-30,,,,,412.0
22,2002-12-31,,,,,159.0
22,2003-01-31,,2.0,,,386.0
22,2003-02-28,1.0,,,,728.0
22,2003-03-31,4.0,1.0,1.0,,1816.0
22,2003-04-30,7.0,2.0,3.0,,1920.0
22,2003-05-31,7.0,1.0,3.0,,2452.0
22,2003-06-30,4.0,,,,1166.0
22,2003-07-31,,,,,556.0
22,2003-08-31,1.0,,,,320.0
22,2003-09-30,,,,,94.0
22,2003-10-31,,,,,53.0
22,2003-11-30,,,,,45.0
22,2003-12-31,,,,,29.0
22,2004-01-31,,,,,77.0
22,2004-02-29,,1.0,,,124.0
22,2004-03-31,,,,,163.0
22,2004-04-30,,,,,67.0
22,2004-05-31,,,,,48.0
22,2004-06-30,,,,,60.0
22,2004-07-31,,,,,57.0
22,2004-08-31,,,,,75.0
22,2004-09-30,2.0,1.0,,,66.0
22,2004-10-31,,,,,68.0
22,2004-11-30,,,,,30.0
22,2004-12-31,,,,,25.0
22,2005-01-31,,,,,154.0
22,2005-02-28,1.0,2.0,,,247.0
22,2005-03-31,,,,,425.0
22,2005-04-30,6.0,,,,580.0
22,2005-05-31,,,,,610.0
22,2005-06-30,5.0,,,,829.0
22,2005-07-31,4.0,,,,937.0
22,2005-08-31,2.0,,,,413.0
22,2005-09-30,,,,,133.0
22,2005-10-31,3.0,,1.0,,99.0
22,2005-11-30,,,,,69.0
22,2005-12-31,,,,,19.0
22,2006-01-31,3.0,,,,215.0
22,2006-02-28,,,,,250.0
22,2006-03-31,4.0,,,,359.0
22,2006-04-30,1.0,1.0,,,474.0
22,2006-05-31,1.0,,,,566.0
22,2006-06-30,2.0,6.0,3.0,,1227.0
22,2006-07-31,1.0,2.0,,,773.0
22,2006-08-31,,,,,285.0
22,2006-09-30,,,,,188.0
22,2006-10-31,,,,,105.0
22,2006-11-30,,,,,61.0
22,2006-12-31,,,,,243.0
22,2007-01-31,,,,,637.0
22,2007-02-28,2.0,,,1.0,615.0
22,2007-03-31,7.0,2.0,,,946.0
22,2007-04-30,3.0,1.0,,,1093.0
22,2007-05-31,4.0,3.0,,,1629.0
22,2007-06-30,5.0,96.0,1.0,,3426.0
22,2007-07-31,2.0,9.0,1.0,,679.0
22,2007-08-31,2.0,1.0,,,316.0
22,2007-09-30,,,,,189.0
22,2007-10-31,,,,,82.0
22,2007-11-30,,,,,59.0
22,2007-12-31,,,,,87.0
22,2008-01-31,1.0,,,,133.0
22,2008-02-29,1.0,,,,231.0
22,2008-03-31,1.0,,,1.0,701.0
22,2008-04-30,4.0,,2.0,,670.0
22,2008-05-31,4.0,1.0,,,343.0
22,2008-06-30,1.0,,,,174.0
22,2008-07-31,,,,,62.0
22,2008-08-31,,,,,24.0
22,2008-09-30,,,,,27.0
22,2008-10-31,,,,,14.0
22,2008-11-30,,,,,35.0
22,2008-12-31,,,,,26.0
22,2009-01-31,1.0,,,,133.0
22,2009-02-28,,,,2.0,146.0
22,2009-03-31,3.0,,,1.0,404.0
22,2009-04-30,25.0,2.0,1.0,2.0,678.0
22,2009-05-31,4.0,,,,727.0
22,2009-06-30,10.0,,,1.0,547.0
22,2009-07-31,2.0,,,1.0,462.0
22,2009-08-31,3.0,,,,441.0
22,2009-09-30,2.0,,,,145.0
22,2009-10-31,1.0,,,,126.0
22,2009-11-30,3.0,,,,108.0
22,2009-12-31,,,,,112.0
22,2010-01-31,4.0,,,,223.0
22,2010-02-28,4.0,1.0,,1.0,486.0
22,2010-03-31,9.0,1.0,,1.0,719.0
22,2010-04-30,4.0,,,1.0,826.0
22,2010-05-31,17.0,2.0,,3.0,1363.0
22,2010-06-30,12.0,3.0,,,908.0
22,2010-07-31,15.0,2.0,2.0,,975.0
22,2010-08-31,7.0,1.0,,1.0,521.0
22,2010-09-30,3.0,,,,424.0
22,2010-10-31,1.0,,,,256.0
22,2010-11-30,1.0,,,,213.0
22,2010-12-31,2.0,,,,259.0
22,2011-01-31,3.0,,,3.0,737.0
22,2011-02-28,13.0,,,1.0,1059.0
22,2011-03-31,5.0,1.0,,2.0,1306.0
22,2011-04-30,12.0,,,2.0,2350.0
22,2011-05-31,3.0,,,,1736.0
22,2011-06-30,1.0,,,,1322.0
22,2011-07-31,3.0,,,,856.0
22,2011-08-31,5.0,,,,422.0
22,2011-09-30,5.0,,,,320.0
22,2011-10-31,2.0,,,,235.0
22,2011-11-30,2.0,,,,315.0
22,2011-12-31,,,,1.0,419.0
22,2012-01-31,1.0,,,5.0,625.0
22,2012-02-29,,,,5.0,708.0
22,2012-03-31,2.0,,,11.0,1466.0
22,2012-04-30,7.0,,,14.0,2395.0
22,2012-05-31,4.0,,,23.0,3454.0
22,2012-06-30,5.0,,,2.0,1964.0
22,2012-07-31,,,,2.0,715.0
22,2012-08-31,1.0,,,,450.0
22,2012-09-30,1.0,,,,236.0
22,2012-10-31,,,,,114.0
22,2012-11-30,,,,,117.0
22,2012-12-31,,,,,118.0
22,2013-01-31,,,,,217.0
22,2013-02-28,4.0,,,,419.0
22,2013-03-31,2.0,,,,844.0
22,2013-04-30,1.0,,2.0,,806.0
22,2013-05-31,2.0,,,4.0,689.0
22,2013-06-30,1.0,,,3.0,836.0
22,2013-07-31,2.0,,,,464.0
22,2013-08-31,,,,,286.0
22,2013-09-30,,,,,173.0
22,2013-10-31,,,,,100.0
22,2013-11-30,1.0,,,,119.0
22,2013-12-31,1.0,,,,68.0
22,2014-01-31,,1.0,,,214.0
22,2014-02-28,1.0,,,,295.0
22,2014-03-31,2.0,,,1.0,465.0
22,2014-04-30,3.0,,,,752.0
22,2014-05-31,5.0,,,,2173.0
22,2014-06-30,3.0,,,,1505.0
22,2014-07-31,4.0,,,,1002.0
22,2014-08-31,5.0,,,,548.0
22,2014-09-30,,,,,273.0
22,2014-10-31,,,,,152.0
22,2014-11-30,,,,,208.0
22,2014-12-31,1.0,,,,103.0
22,2015-01-31,,,,,208.0
22,2015-02-28,2.0,,,,396.0
22,2015-03-31,8.0,,,,1513.0
22,2015-04-30,6.0,,,,2189.0
22,2015-05-31,1.0,2.0,1.0,,1950.0
22,2015-06-30,2.0,,,,594.0
22,2015-07-31,,,,,225.0
22,2015-08-31,,,,,218.0
22,2015-09-30,,,,,83.0
22,2015-10-31,,,,,106.0
22,2015-11-30,,,,,87.0
22,2015-12-31,,,,,117.0
22,2016-01-31,,,,,304.0
22,2016-02-29,,,1.0,,473.0
22,2016-03-31,,,,,528.0
22,2016-04-30,2.0,,,,1706.0
22,2016-05-31,1.0,,,,917.0
22,2016-06-30,2.0,,,,493.0
22,2016-07-31,,,,,317.0
22,2016-08-31,,,,,165.0
22,2016-09-30,3.0,,,,90.0
22,2016-10-31,,,,,105.0
22,2016-11-30,,,,,62.0
22,2016-12-31,,,,,87.0
22,2017-01-31,1.0,,,,139.0
22,2017-02-28,,,,,221.0
22,2017-03-31,2.0,,,,465.0
22,2017-04-30,,,,,950.0
22,2017-05-31,1.0,,,,1267.0
22,2017-06-30,,,,,945.0
22,2017-07-31,1.0,,,,654.0
22,2017-08-31,,,,,220.0
22,2017-09-30,,,,,185.0
22,2017-10-31,,,,,70.0
22,2017-11-30,,,,,50.0
22,2017-12-31,,,,,110.0
22,2018-01-31,,4.0,,,207.0
22,2018-02-28,,1.0,,,178.0
22,2018-03-31,,,,,280.0
22,2018-04-30,,,,,178.0
22,2018-05-31,,,,,264.0
22,2018-06-30,,,,,296.0
22,2018-07-31,2.0,,,,130.0
22,2018-08-31,2.0,,,,123.0
22,2018-09-30,1.0,,,,102.0
22,2018-10-31,,,,,49.0
22,2018-11-30,,,,,47.0
22,2018-12-31,,,,,81.0
22,2019-01-31,2.0,,,,163.0
22,2019-02-28,4.0,,,,225.0
22,2019-03-31,7.0,2.0,,,733.0
22,2019-04-30,16.0,8.0,,,1272.0
22,2019-05-31,56.0,30.0,,,2058.0
22,2019-06-30,38.0,27.0,,,1813.0
22,2019-07-31,9.0,9.0,,,899.0
22,2019-08-31,5.0,1.0,,,430.0
22,2019-09-30,2.0,,,,139.0
22,2019-10-31,,,,,100.0
22,2019-11-30,,1.0,,,114.0
22,2019-12-31,,,,,79.0
22,2020-01-31,,,,,96.0
22,2020-02-29,,3.0,,,237.0
22,2020-03-31,,2.0,,,296.0
22,2020-04-30,1.0,,,,277.0
22,2020-05-31,,,,,602.0
22,2020-06-30,,1.0,,,266.0
22,2020-07-31,,,,,148.0
22,2020-08-31,,,,,129.0
22,2020-09-30,,,,,59.0
22,2020-10-31,,,,,44.0
22,2020-11-30,,,,,40.0
22,2020-12-31,,,,,41.0
22,2021-01-31,,,,,77.0
22,2021-02-28,,,,,138.0
22,2021-03-31,1.0,,,,195.0
22,2021-04-30,2.0,,,,315.0
22,2021-05-31,2.0,,,,600.0
22,2021-06-30,2.0,,,,592.0
22,2021-07-31,4.0,,,,629.0
22,2021-08-31,,,,,618.0
22,2021-09-30,,,,,261.0
22,2021-10-31,1.0,,,,133.0
22,2021-11-30,,,,,116.0
22,2021-12-31,,,,,298.0
22,2022-01-31,1.0,,,,462.0
22,2022-02-28,21.0,,,,1406.0
22,2022-03-31,27.0,,,,3811.0
22,2022-04-30,41.0,,,,11546.0
22,2022-05-31,25.0,1.0,,,6606.0
22,2022-06-30,4.0,,,,4113.0
22,2022-07-31,2.0,,,,2304.0
22,2022-08-31,2.0,,,1.0,657.0
22,2022-09-30,,,,,216.0
22,2022-10-31,,,,,157.0
22,2022-11-30,,,,,175.0
22,2022-12-31,,,,,144.0
22,2023-01-31,,,,,265.0
22,2023-02-28,,,,,586.0
22,2023-03-31,,,,,1253.0
22,2023-04-30,,,,,1920.0
22,2023-05-31,2.0,,,,1334.0
22,2023-06-30,,,,,867.0
22,2023-07-31,,1.0,,,560.0
22,2023-08-31,,,,,255.0
22,2023-09-30,,,,,182.0
22,2023-10-31,,,,,114.0
22,2023-11-30,,,,,102.0
22,2023-12-31,,,,,137.0
22,2024-01-31,,,,,438.0
22,2024-02-29,3.0,18.0,,,1631.0
22,2024-03-31,8.0,15.0,,,3788.0
22,2024-04-30,5.0,1.0,,,2953.0
22,2024-05-31,4.0,13.0,,,2395.0
22,2024-06-30,1.0,17.0,,,2083.0
22,2024-07-31,,1.0,,,742.0
22,2024-08-31,,2.0,,,490.0
22,2024-09-30,,,,,179.0
22,2024-10-31,,,,,174.0
22,2024-11-30,,,,,163.0
22,2024-12-31,,,,,97.0
22,2025-01-31,1.0,1.0,,,321.0
22,2025-02-28,,1.0,,,774.0
22,2025-03-31,5.0,9.0,,,1432.0
22,2025-04-30,7.0,3.0,,,1334.0
22,2025-05-31,1.0,,,,268.0
22,2025-06-30,,,,,
22,2025-07-31,,,,,
22,2025-08-31,,,,,
22,2025-09-30,,,,,
22,2025-10-31,,,,,
22,2025-11-30,,,,,
22,2025-12-31,,,,,
23,1996-01-31,,,,,
23,1996-02-29,,,,,
23,1996-03-31,,,,,
23,1996-04-30,,,,,
23,1996-05-31,,,,,
23,1996-06-30,,,,,
23,1996-07-31,,,,,
23,1996-08-31,,,,,
23,1996-09-30,,,,,
23,1996-10-31,,,,,
23,1996-11-30,,,,,
23,1996-12-31,,,,,
23,1997-01-31,,,,,
23,1997-02-28,,,,,
23,1997-03-31,,,,,
23,1997-04-30,,,,,
23,1997-05-31,,,,,
23,1997-06-30,,,,,
23,1997-07-31,,,,,
23,1997-08-31,,,,,
23,1997-09-30,,,,,
23,1997-10-31,,,,,
23,1997-11-30,,,,,
23,1997-12-31,,,,,
23,1998-01-31,8.0,,,,326.0
23,1998-02-28,1.0,,1.0,,918.0
23,1998-03-31,,,1.0,,1526.0
23,1998-04-30,3.0,,,,1874.0
23,1998-05-31,7.0,1.0,,,1715.0
23,1998-06-30,,,,,580.0
23,1998-07-31,,,,,215.0
23,1998-08-31,1.0,,,,166.0
23,1998-09-30,,,,,15.0
23,1998-10-31,,,,,27.0
23,1998-11-30,,,,,21.0
23,1998-12-31,,,,,81.0
23,1999-01-31,,,,,9.0
23,1999-02-28,,,,,100.0
23,1999-03-31,,,,,56.0
23,1999-04-30,1.0,,,,17.0
23,1999-05-31,5.0,,,,39.0
23,1999-06-30,,,,,35.0
23,1999-07-31,,,,,24.0
23,1999-08-31,2.0,,,,27.0
23,1999-09-30,,,,,16.0
23,1999-10-31,,,,,23.0
23,1999-11-30,,,,,23.0
23,1999-12-31,,,,,7.0
23,2000-01-31,74.0,,,,115.0
23,2000-02-29,7.0,,,,143.0
23,2000-03-31,3.0,,1.0,,139.0
23,2000-04-30,1.0,,1.0,,271.0
23,2000-05-31,,,1.0,,160.0
23,2000-06-30,3.0,,1.0,,170.0
23,2000-07-31,,,,,94.0
23,2000-08-31,1.0,,,,50.0
23,2000-09-30,,,1.0,,44.0
23,2000-10-31,,,1.0,,34.0
23,2000-11-30,,,2.0,,58.0
23,2000-12-31,,,1.0,,48.0
23,2001-01-31,12.0,1.0,5.0,,1362.0
23,2001-02-28,16.0,,4.0,,2989.0
23,2001-03-31,141.0,4.0,5.0,,5269.0
23,2001-04-30,78.0,,1.0,,3997.0
23,2001-05-31,27.0,,2.0,,5470.0
23,2001-06-30,53.0,,2.0,,5107.0
23,2001-07-31,51.0,1.0,2.0,,2152.0
23,2001-08-31,33.0,,,,1484.0
23,2001-09-30,35.0,,1.0,,1485.0
23,2001-10-31,22.0,,1.0,,1535.0
23,2001-11-30,5.0,,,,1296.0
23,2001-12-31,1.0,,2.0,,977.0
23,2002-01-31,83.0,1.0,2.0,,1355.0
23,2002-02-28,93.0,4.0,4.0,,3058.0
23,2002-03-31,107.0,1.0,4.0,,4533.0
23,2002-04-30,42.0,1.0,22.0,,2230.0
23,2002-05-31,17.0,1.0,2.0,,1491.0
23,2002-06-30,5.0,1.0,,,1572.0
23,2002-07-31,1.0,,,,1035.0
23,2002-08-31,4.0,,2.0,,1133.0
23,2002-09-30,2.0,,3.0,,534.0
23,2002-10-31,,,1.0,,631.0
23,2002-11-30,2.0,,4.0,,1010.0
23,2002-12-31,,,,,566.0
23,2003-01-31,2.0,,7.0,,1450.0
23,2003-02-28,3.0,3.0,18.0,,4601.0
23,2003-03-31,13.0,,4.0,,5766.0
23,2003-04-30,15.0,,15.0,,5450.0
23,2003-05-31,18.0,,2.0,,6927.0
23,2003-06-30,14.0,,2.0,,3844.0
23,2003-07-31,11.0,,1.0,,1794.0
23,2003-08-31,,,1.0,,786.0
23,2003-09-30,,1.0,,,418.0
23,2003-10-31,,,,,508.0
23,2003-11-30,,,,,600.0
23,2003-12-31,,,,,261.0
23,2004-01-31,,,,,373.0
23,2004-02-29,,,,,617.0
23,2004-03-31,,,,,438.0
23,2004-04-30,,,,,282.0
23,2004-05-31,,,,,324.0
23,2004-06-30,,,,,407.0
23,2004-07-31,,,,,441.0
23,2004-08-31,1.0,,32.0,,371.0
23,2004-09-30,,,1.0,,202.0
23,2004-10-31,,,10.0,,210.0
23,2004-11-30,,,1.0,,138.0
23,2004-12-31,,,6.0,,101.0
23,2005-01-31,,,4.0,,995.0
23,2005-02-28,2.0,,2.0,,1439.0
23,2005-03-31,,,7.0,,1160.0
23,2005-04-30,,3.0,7.0,,1432.0
23,2005-05-31,1.0,1.0,13.0,,2112.0
23,2005-06-30,5.0,,,,2882.0
23,2005-07-31,9.0,,4.0,,6865.0
23,2005-08-31,8.0,,5.0,,4653.0
23,2005-09-30,2.0,,1.0,,2775.0
23,2005-10-31,,,,,1300.0
23,2005-11-30,,,1.0,,881.0
23,2005-12-31,1.0,,,,748.0
23,2006-01-31,1.0,1.0,,,844.0
23,2006-02-28,,,3.0,,1131.0
23,2006-03-31,1.0,,4.0,,1428.0
23,2006-04-30,1.0,,7.0,,3068.0
23,2006-05-31,1.0,,9.0,,5084.0
23,2006-06-30,,,,,5624.0
23,2006-07-31,,,1.0,,5260.0
23,2006-08-31,1.0,1.0,1.0,,2574.0
23,2006-09-30,,,,,1435.0
23,2006-10-31,,,,,714.0
23,2006-11-30,,,2.0,,867.0
23,2006-12-31,,,,,542.0
23,2007-01-31,4.0,,,,1478.0
23,2007-02-28,3.0,14.0,2.0,3.0,2572.0
23,2007-03-31,33.0,4.0,,2.0,3598.0
23,2007-04-30,38.0,1.0,,,4865.0
23,2007-05-31,129.0,2.0,1.0,2.0,5294.0
23,2007-06-30,83.0,21.0,1.0,,6235.0
23,2007-07-31,15.0,,,,3290.0
23,2007-08-31,2.0,,,1.0,2131.0
23,2007-09-30,4.0,,,2.0,1661.0
23,2007-10-31,,1.0,,1.0,1173.0
23,2007-11-30,2.0,,,,1028.0
23,2007-12-31,1.0,,,,1072.0
23,2008-01-31,9.0,,,1.0,1847.0
23,2008-02-29,7.0,2.0,2.0,1.0,3634.0
23,2008-03-31,7.0,3.0,,3.0,7476.0
23,2008-04-30,17.0,4.0,1.0,4.0,16153.0
23,2008-05-31,9.0,1.0,1.0,57.0,16921.0
23,2008-06-30,5.0,1.0,,23.0,5378.0
23,2008-07-31,2.0,1.0,2.0,5.0,1240.0
23,2008-08-31,,,,2.0,719.0
23,2008-09-30,,,,,354.0
23,2008-10-31,1.0,,,,455.0
23,2008-11-30,1.0,,,1.0,388.0
23,2008-12-31,,,,,282.0
23,2009-01-31,1.0,,,1.0,626.0
23,2009-02-28,1.0,,,,1207.0
23,2009-03-31,,,,,2669.0
23,2009-04-30,,,,1.0,1124.0
23,2009-05-31,2.0,,,,656.0
23,2009-06-30,1.0,1.0,,,331.0
23,2009-07-31,1.0,,,,197.0
23,2009-08-31,,,,,172.0
23,2009-09-30,1.0,,,,112.0
23,2009-10-31,,,,,222.0
23,2009-11-30,,,,,298.0
23,2009-12-31,,,,,350.0
23,2010-01-31,6.0,,,,810.0
23,2010-02-28,2.0,,,,1360.0
23,2010-03-31,11.0,11.0,1.0,1.0,1696.0
23,2010-04-30,6.0,1.0,,,1274.0
23,2010-05-31,22.0,1.0,,,2436.0
23,2010-06-30,9.0,1.0,,,1909.0
23,2010-07-31,13.0,4.0,,,1996.0
23,2010-08-31,4.0,,,2.0,1356.0
23,2010-09-30,1.0,,,1.0,1347.0
23,2010-10-31,1.0,1.0,,1.0,1983.0
23,2010-11-30,5.0,,,,1935.0
23,2010-12-31,1.0,,,,2918.0
23,2011-01-31,16.0,,,3.0,5379.0
23,2011-02-28,45.0,3.0,1.0,1.0,8231.0
23,2011-03-31,45.0,1.0,,1.0,12280.0
23,2011-04-30,77.0,1.0,1.0,,19601.0
23,2011-05-31,8.0,1.0,,,9217.0
23,2011-06-30,4.0,,,,3663.0
23,2011-07-31,3.0,,,,1765.0
23,2011-08-31,1.0,,,,792.0
23,2011-09-30,,1.0,,,578.0
23,2011-10-31,,,,,653.0
23,2011-11-30,1.0,,,,504.0
23,2011-12-31,1.0,,,1.0,788.0
23,2012-01-31,3.0,,,,1858.0
23,2012-02-29,4.0,,,3.0,2207.0
23,2012-03-31,1.0,,,4.0,5239.0
23,2012-04-30,1.0,,,20.0,9487.0
23,2012-05-31,7.0,,,14.0,23252.0
23,2012-06-30,1.0,,,2.0,8902.0
23,2012-07-31,,,,1.0,1831.0
23,2012-08-31,4.0,,,,820.0
23,2012-09-30,,,,,512.0
23,2012-10-31,1.0,,,,336.0
23,2012-11-30,,,,,377.0
23,2012-12-31,1.0,,,,351.0
23,2013-01-31,,,,,734.0
23,2013-02-28,2.0,,,1.0,1461.0
23,2013-03-31,,,,3.0,3052.0
23,2013-04-30,4.0,,,1.0,4380.0
23,2013-05-31,3.0,,,2.0,4554.0
23,2013-06-30,4.0,,,8.0,5171.0
23,2013-07-31,5.0,,,10.0,3988.0
23,2013-08-31,6.0,,,12.0,3878.0
23,2013-09-30,3.0,1.0,,,1239.0
23,2013-10-31,1.0,,,,687.0
23,2013-11-30,1.0,1.0,,,787.0
23,2013-12-31,1.0,,,,486.0
23,2014-01-31,,,,1.0,996.0
23,2014-02-28,2.0,,3.0,8.0,1573.0
23,2014-03-31,1.0,,,,1681.0
23,2014-04-30,1.0,,,1.0,2062.0
23,2014-05-31,13.0,,,4.0,3842.0
23,2014-06-30,7.0,,,4.0,3291.0
23,2014-07-31,2.0,,,,3023.0
23,2014-08-31,13.0,,,3.0,2366.0
23,2014-09-30,5.0,,,,1208.0
23,2014-10-31,4.0,,,,847.0
23,2014-11-30,1.0,,,,912.0
23,2014-12-31,1.0,,,,935.0
23,2015-01-31,12.0,,,,1801.0
23,2015-02-28,3.0,,,,2513.0
23,2015-03-31,11.0,,,1.0,5493.0
23,2015-04-30,20.0,,,,9299.0
23,2015-05-31,121.0,,1.0,3.0,18901.0
23,2015-06-30,72.0,,,1.0,11812.0
23,2015-07-31,15.0,,1.0,,6075.0
23,2015-08-31,5.0,,,,4076.0
23,2015-09-30,1.0,,,,1509.0
23,2015-10-31,,,,,837.0
23,2015-11-30,,,,,532.0
23,2015-12-31,2.0,,,,647.0
23,2016-01-31,,,,,1321.0
23,2016-02-29,2.0,,,,2721.0
23,2016-03-31,7.0,,,,3825.0
23,2016-04-30,5.0,,,,10333.0
23,2016-05-31,9.0,,,,10554.0
23,2016-06-30,1.0,,,,7297.0
23,2016-07-31,2.0,,,,5617.0
23,2016-08-31,2.0,,,,2652.0
23,2016-09-30,,,,,1330.0
23,2016-10-31,1.0,,,,1282.0
23,2016-11-30,,,,,1534.0
23,2016-12-31,,,,,1238.0
23,2017-01-31,1.0,,,,1983.0
23,2017-02-28,1.0,,,,3958.0
23,2017-03-31,1.0,,,,5880.0
23,2017-04-30,1.0,,,,14531.0
23,2017-05-31,2.0,,,,6480.0
23,2017-06-30,,,,,2998.0
23,2017-07-31,1.0,,,,1685.0
23,2017-08-31,,,,,641.0
23,2017-09-30,,,,,436.0
23,2017-10-31,,,,,286.0
23,2017-11-30,,,,,296.0
23,2017-12-31,,,,,269.0
23,2018-01-31,,,,,234.0
23,2018-02-28,5.0,,,,427.0
23,2018-03-31,1.0,,,,754.0
23,2018-04-30,,,,,824.0
23,2018-05-31,,,,,396.0
23,2018-06-30,,,,,429.0
23,2018-07-31,1.0,,,,294.0
23,2018-08-31,,,,,255.0
23,2018-09-30,2.0,,,,226.0
23,2018-10-31,2.0,,,,140.0
23,2018-11-30,,,,,85.0
23,2018-12-31,,,,,105.0
23,2019-01-31,5.0,,,,234.0
23,2019-02-28,14.0,,,,657.0
23,2019-03-31,5.0,7.0,,,1452.0
23,2019-04-30,2.0,,,,2499.0
23,2019-05-31,8.0,6.0,,,2896.0
23,2019-06-30,18.0,8.0,,,3251.0
23,2019-07-31,3.0,1.0,,,1837.0
23,2019-08-31,4.0,6.0,,,1668.0
23,2019-09-30,1.0,,,,729.0
23,2019-10-31,,2.0,,,348.0
23,2019-11-30,2.0,1.0,,,462.0
23,2019-12-31,,,,,264.0
23,2020-01-31,,6.0,,,578.0
23,2020-02-29,7.0,3.0,,,2610.0
23,2020-03-31,3.0,5.0,,,3165.0
23,2020-04-30,3.0,4.0,,,3868.0
23,2020-05-31,2.0,1.0,,,4569.0
23,2020-06-30,2.0,5.0,,,2949.0
23,2020-07-31,,11.0,,,2493.0
23,2020-08-31,1.0,6.0,,,1898.0
23,2020-09-30,,4.0,,,737.0
23,2020-10-31,1.0,,,,523.0
23,2020-11-30,1.0,,,,387.0
23,2020-12-31,,,,,328.0
23,2021-01-31,,,,,387.0
23,2021-02-28,,1.0,,,803.0
23,2021-03-31,,1.0,,,1221.0
23,2021-04-30,,2.0,,,2368.0
23,2021-05-31,,54.0,,,6792.0
23,2021-06-30,,115.0,,,8096.0
23,2021-07-31,4.0,126.0,,,7846.0
23,2021-08-31,1.0,13.0,,,3601.0
23,2021-09-30,,6.0,,,1555.0
23,2021-10-31,,,,,1096.0
23,2021-11-30,,,,,735.0
23,2021-12-31,1.0,,,,856.0
23,2022-01-31,1.0,1.0,,,377.0
23,2022-02-28,1.0,16.0,,,988.0
23,2022-03-31,5.0,4.0,,,2412.0
23,2022-04-30,10.0,22.0,,,6846.0
23,2022-05-31,12.0,27.0,,,9921.0
23,2022-06-30,5.0,2.0,,,8934.0
23,2022-07-31,4.0,2.0,,,5708.0
23,2022-08-31,4.0,1.0,,,3386.0
23,2022-09-30,3.0,,,,1825.0
23,2022-10-31,,1.0,,,1093.0
23,2022-11-30,2.0,,,,693.0
23,2022-12-31,7.0,23.0,,,579.0
23,2023-01-31,,1.0,,,606.0
23,2023-02-28,17.0,1.0,,,1053.0
23,2023-03-31,49.0,1.0,,,2127.0
23,2023-04-30,34.0,,,,2473.0
23,2023-05-31,16.0,,,,2470.0
23,2023-06-30,9.0,1.0,,,1836.0
23,2023-07-31,16.0,1.0,,,1503.0
23,2023-08-31,5.0,,,,1019.0
23,2023-09-30,1.0,,,,617.0
23,2023-10-31,2.0,,,,315.0
23,2023-11-30,,,,,233.0
23,2023-12-31,1.0,,,1.0,204.0
23,2024-01-31,,,,,334.0
23,2024-02-29,2.0,,,,758.0
23,2024-03-31,11.0,7.0,,,2016.0
23,2024-04-30,10.0,32.0,,,2998.0
23,2024-05-31,28.0,52.0,,,2077.0
23,2024-06-30,18.0,26.0,,,1710.0
23,2024-07-31,13.0,3.0,,,965.0
23,2024-08-31,6.0,13.0,,,716.0
23,2024-09-30,3.0,2.0,,,358.0
23,2024-10-31,3.0,,,,239.0
23,2024-11-30,,,,,256.0
23,2024-12-31,,1.0,,,142.0
23,2025-01-31,9.0,19.0,,,272.0
23,2025-02-28,9.0,21.0,,,417.0
23,2025-03-31,20.0,22.0,,,890.0
23,2025-04-30,46.0,16.0,,,1543.0
23,2025-05-31,6.0,2.0,,,810.0
23,2025-06-30,,,,,
23,2025-07-31,,,,,
23,2025-08-31,,,,,
23,2025-09-30,,,,,
23,2025-10-31,,,,,
23,2025-11-30,,,,,
23,2025-12-31,,,,,
24,1996-01-31,,,,,21.0
24,1996-02-29,,,,,35.0
24,1996-03-31,,,,,28.0
24,1996-04-30,,,,,391.0
24,1996-05-31,,,,,189.0
24,1996-06-30,2.0,3.0,,,311.0
24,1996-07-31,3.0,5.0,,,410.0
24,1996-08-31,5.0,3.0,,,414.0
24,1996-09-30,,1.0,,,322.0
24,1996-10-31,,,,,129.0
24,1996-11-30,,,,,140.0
24,1996-12-31,,,,,95.0
24,1997-01-31,,,,,255.0
24,1997-02-28,1.0,,,,231.0
24,1997-03-31,,,,,1057.0
24,1997-04-30,1.0,,,,1312.0
24,1997-05-31,,1.0,,,1381.0
24,1997-06-30,1.0,,,,786.0
24,1997-07-31,,,,,257.0
24,1997-08-31,,,,,118.0
24,1997-09-30,,,,,68.0
24,1997-10-31,,,,,57.0
24,1997-11-30,,,,,49.0
24,1997-12-31,,,,,27.0
24,1998-01-31,,,,,84.0
24,1998-02-28,,,,,188.0
24,1998-03-31,,1.0,,,522.0
24,1998-04-30,,,,,618.0
24,1998-05-31,10.0,,,,606.0
24,1998-06-30,,,,,106.0
24,1998-07-31,,2.0,,,128.0
24,1998-08-31,,20.0,,,230.0
24,1998-09-30,,15.0,,,112.0
24,1998-10-31,,,,,70.0
24,1998-11-30,4.0,,,,58.0
24,1998-12-31,,,,,43.0
24,1999-01-31,,,,,130.0
24,1999-02-28,1.0,,,,120.0
24,1999-03-31,,,,,197.0
24,1999-04-30,,,,,1413.0
24,1999-05-31,,,,,3143.0
24,1999-06-30,,1.0,,,1893.0
24,1999-07-31,,,1.0,,171.0
24,1999-08-31,,,,,137.0
24,1999-09-30,,,,,166.0
24,1999-10-31,,,,,230.0
24,1999-11-30,,,,,178.0
24,1999-12-31,,,,,143.0
24,2000-01-31,,,,,552.0
24,2000-02-29,1.0,1.0,,,1649.0
24,2000-03-31,7.0,,,,3107.0
24,2000-04-30,2.0,,1.0,,3958.0
24,2000-05-31,1.0,,,,2047.0
24,2000-06-30,3.0,1.0,,,1291.0
24,2000-07-31,,,,,1384.0
24,2000-08-31,,,,,771.0
24,2000-09-30,,,,,500.0
24,2000-10-31,3.0,,,,338.0
24,2000-11-30,,,1.0,,453.0
24,2000-12-31,2.0,,,,511.0
24,2001-01-31,1.0,,,,1562.0
24,2001-02-28,4.0,,,,3534.0
24,2001-03-31,5.0,,1.0,,6420.0
24,2001-04-30,2.0,,2.0,,4679.0
24,2001-05-31,7.0,1.0,6.0,,5957.0
24,2001-06-30,8.0,1.0,6.0,,5926.0
24,2001-07-31,9.0,,5.0,,3478.0
24,2001-08-31,23.0,1.0,,,2484.0
24,2001-09-30,1.0,,11.0,,1393.0
24,2001-10-31,1.0,,,,874.0
24,2001-11-30,2.0,,,,606.0
24,2001-12-31,,,,,566.0
24,2002-01-31,,1.0,,,1380.0
24,2002-02-28,10.0,1.0,,,2442.0
24,2002-03-31,10.0,,6.0,,5926.0
24,2002-04-30,20.0,1.0,2.0,,3865.0
24,2002-05-31,35.0,2.0,2.0,,1969.0
24,2002-06-30,3.0,,4.0,,1479.0
24,2002-07-31,4.0,,2.0,,1021.0
24,2002-08-31,1.0,,5.0,,1103.0
24,2002-09-30,1.0,,3.0,,650.0
24,2002-10-31,3.0,,4.0,,673.0
24,2002-11-30,5.0,,1.0,,744.0
24,2002-12-31,1.0,,,,530.0
24,2003-01-31,3.0,,1.0,,713.0
24,2003-02-28,1.0,1.0,,,1685.0
24,2003-03-31,13.0,,2.0,,3603.0
24,2003-04-30,31.0,1.0,,,3886.0
24,2003-05-31,5.0,,,,5672.0
24,2003-06-30,11.0,1.0,,,3110.0
24,2003-07-31,4.0,,,,1030.0
24,2003-08-31,1.0,,,,462.0
24,2003-09-30,,,,,199.0
24,2003-10-31,,,,,126.0
24,2003-11-30,,,,,155.0
24,2003-12-31,,,,,191.0
24,2004-01-31,,,,,295.0
24,2004-02-29,,,,,252.0
24,2004-03-31,,,,,383.0
24,2004-04-30,,,,,298.0
24,2004-05-31,1.0,,,,330.0
24,2004-06-30,,,,,203.0
24,2004-07-31,,1.0,,,259.0
24,2004-08-31,,,,,232.0
24,2004-09-30,,,,,94.0
24,2004-10-31,,,,,67.0
24,2004-11-30,,,,,117.0
24,2004-12-31,,,,,137.0
24,2005-01-31,,,,,228.0
24,2005-02-28,1.0,,,,305.0
24,2005-03-31,,,,,542.0
24,2005-04-30,,,,,662.0
24,2005-05-31,,,,,616.0
24,2005-06-30,1.0,,,,547.0
24,2005-07-31,,,,,569.0
24,2005-08-31,2.0,,,,511.0
24,2005-09-30,,1.0,,,317.0
24,2005-10-31,2.0,,,,256.0
24,2005-11-30,,,,,128.0
24,2005-12-31,,,,,132.0
24,2006-01-31,,,,,169.0
24,2006-02-28,,,,,235.0
24,2006-03-31,,,,,337.0
24,2006-04-30,,,,,694.0
24,2006-05-31,,,1.0,,1026.0
24,2006-06-30,2.0,,1.0,,1617.0
24,2006-07-31,,,4.0,,2271.0
24,2006-08-31,2.0,,,,921.0
24,2006-09-30,,,,,554.0
24,2006-10-31,,,,,216.0
24,2006-11-30,,,,,187.0
24,2006-12-31,,,,,162.0
24,2007-01-31,,,,1.0,415.0
24,2007-02-28,1.0,,,,571.0
24,2007-03-31,10.0,1.0,,,1485.0
24,2007-04-30,25.0,,,1.0,1371.0
24,2007-05-31,9.0,,,,1177.0
24,2007-06-30,6.0,,,2.0,1780.0
24,2007-07-31,11.0,,,,1630.0
24,2007-08-31,3.0,,,,1226.0
24,2007-09-30,5.0,1.0,,,1029.0
24,2007-10-31,6.0,1.0,,,755.0
24,2007-11-30,3.0,,2.0,,641.0
24,2007-12-31,2.0,,1.0,,947.0
24,2008-01-31,20.0,,,1.0,1880.0
24,2008-02-29,7.0,1.0,,2.0,2451.0
24,2008-03-31,22.0,1.0,,5.0,5951.0
24,2008-04-30,25.0,1.0,1.0,7.0,11036.0
24,2008-05-31,23.0,1.0,2.0,2.0,8998.0
24,2008-06-30,6.0,,,,2973.0
24,2008-07-31,3.0,,,1.0,1204.0
24,2008-08-31,,,,,666.0
24,2008-09-30,,,,,240.0
24,2008-10-31,,,,,207.0
24,2008-11-30,1.0,,,,222.0
24,2008-12-31,,,,,148.0
24,2009-01-31,,1.0,,,205.0
24,2009-02-28,,,,,259.0
24,2009-03-31,,,,,559.0
24,2009-04-30,,,,,443.0
24,2009-05-31,7.0,,,,340.0
24,2009-06-30,1.0,,,,160.0
24,2009-07-31,,,,,120.0
24,2009-08-31,,,,,139.0
24,2009-09-30,,,,,82.0
24,2009-10-31,,,,,110.0
24,2009-11-30,,,,1.0,135.0
24,2009-12-31,,,,,138.0
24,2010-01-31,,,,,115.0
24,2010-02-28,1.0,,,,113.0
24,2010-03-31,1.0,1.0,,1.0,194.0
24,2010-04-30,2.0,1.0,,,290.0
24,2010-05-31,4.0,,,1.0,704.0
24,2010-06-30,3.0,1.0,,1.0,883.0
24,2010-07-31,4.0,2.0,,3.0,1548.0
24,2010-08-31,4.0,,,1.0,1029.0
24,2010-09-30,8.0,,,,769.0
24,2010-10-31,13.0,3.0,,,817.0
24,2010-11-30,4.0,1.0,,,667.0
24,2010-12-31,4.0,,,,692.0
24,2011-01-31,6.0,1.0,,,1044.0
24,2011-02-28,27.0,7.0,,3.0,2190.0
24,2011-03-31,30.0,1.0,,,3839.0
24,2011-04-30,18.0,4.0,,7.0,5641.0
24,2011-05-31,15.0,4.0,,1.0,3792.0
24,2011-06-30,13.0,1.0,,1.0,2846.0
24,2011-07-31,7.0,,,3.0,1679.0
24,2011-08-31,4.0,,,1.0,736.0
24,2011-09-30,,,,,374.0
24,2011-10-31,,,,,426.0
24,2011-11-30,,,,,428.0
24,2011-12-31,1.0,,,,608.0
24,2012-01-31,,,,2.0,1142.0
24,2012-02-29,4.0,,,10.0,1604.0
24,2012-03-31,11.0,,,14.0,4305.0
24,2012-04-30,3.0,3.0,,19.0,6177.0
24,2012-05-31,5.0,,,7.0,5863.0
24,2012-06-30,4.0,4.0,,8.0,4441.0
24,2012-07-31,4.0,,,4.0,2264.0
24,2012-08-31,5.0,,,10.0,1439.0
24,2012-09-30,5.0,,,,801.0
24,2012-10-31,,,,,385.0
24,2012-11-30,,,,,453.0
24,2012-12-31,,,,,542.0
24,2013-01-31,2.0,,,1.0,1103.0
24,2013-02-28,5.0,,,3.0,1078.0
24,2013-03-31,2.0,,,12.0,1959.0
24,2013-04-30,6.0,,1.0,3.0,2541.0
24,2013-05-31,3.0,,,1.0,2795.0
24,2013-06-30,4.0,4.0,,4.0,2692.0
24,2013-07-31,6.0,1.0,,3.0,2080.0
24,2013-08-31,3.0,1.0,,3.0,2157.0
24,2013-09-30,,,,1.0,994.0
24,2013-10-31,,,,2.0,701.0
24,2013-11-30,,,,2.0,893.0
24,2013-12-31,1.0,,,,407.0
24,2014-01-31,1.0,,,1.0,398.0
24,2014-02-28,,,,,934.0
24,2014-03-31,,,,1.0,1110.0
24,2014-04-30,1.0,,,2.0,1239.0
24,2014-05-31,2.0,,,,2522.0
24,2014-06-30,2.0,,,,1214.0
24,2014-07-31,4.0,,,2.0,1044.0
24,2014-08-31,2.0,,,2.0,838.0
24,2014-09-30,2.0,,,,472.0
24,2014-10-31,,,,,523.0
24,2014-11-30,,,,,666.0
24,2014-12-31,1.0,,,,551.0
24,2015-01-31,2.0,,,,1477.0
24,2015-02-28,3.0,,,,2413.0
24,2015-03-31,5.0,,,,5395.0
24,2015-04-30,7.0,,,,6283.0
24,2015-05-31,2.0,,,,3879.0
24,2015-06-30,,,,,978.0
24,2015-07-31,,,,,463.0
24,2015-08-31,,,,,384.0
24,2015-09-30,,,,,189.0
24,2015-10-31,,,,,282.0
24,2015-11-30,,,,,306.0
24,2015-12-31,3.0,,,,698.0
24,2016-01-31,3.0,1.0,,,3687.0
24,2016-02-29,7.0,,,1.0,16201.0
24,2016-03-31,2.0,,,,18164.0
24,2016-04-30,2.0,,,,8539.0
24,2016-05-31,,,,,3779.0
24,2016-06-30,,,,,2958.0
24,2016-07-31,1.0,,,,1870.0
24,2016-08-31,,,,,664.0
24,2016-09-30,1.0,,,,388.0
24,2016-10-31,,,,,244.0
24,2016-11-30,,,,,197.0
24,2016-12-31,,,,,290.0
24,2017-01-31,1.0,,,,507.0
24,2017-02-28,,,,,523.0
24,2017-03-31,,,,,1082.0
24,2017-04-30,,,,,1085.0
24,2017-05-31,,,,,663.0
24,2017-06-30,,,,,621.0
24,2017-07-31,,,,,583.0
24,2017-08-31,,,,,642.0
24,2017-09-30,1.0,,,,549.0
24,2017-10-31,,,,,412.0
24,2017-11-30,,,,,385.0
24,2017-12-31,,,,,411.0
24,2018-01-31,,,,,346.0
24,2018-02-28,,1.0,,,660.0
24,2018-03-31,2.0,,,,1952.0
24,2018-04-30,3.0,,,,3882.0
24,2018-05-31,5.0,1.0,1.0,,4291.0
24,2018-06-30,2.0,,1.0,,4444.0
24,2018-07-31,3.0,,,1.0,2616.0
24,2018-08-31,2.0,,,,2042.0
24,2018-09-30,,,,,1508.0
24,2018-10-31,1.0,,,,698.0
24,2018-11-30,1.0,,,,636.0
24,2018-12-31,1.0,,,,626.0
24,2019-01-31,1.0,,,,502.0
24,2019-02-28,2.0,,,,482.0
24,2019-03-31,1.0,,,,1413.0
24,2019-04-30,1.0,,,,3981.0
24,2019-05-31,3.0,,,,5787.0
24,2019-06-30,14.0,1.0,,,7442.0
24,2019-07-31,6.0,,1.0,,4306.0
24,2019-08-31,2.0,,1.0,,3674.0
24,2019-09-30,,,,,1924.0
24,2019-10-31,1.0,,,1.0,1200.0
24,2019-11-30,1.0,,,,700.0
24,2019-12-31,,,,,480.0
24,2020-01-31,,,,,525.0
24,2020-02-29,1.0,,,,977.0
24,2020-03-31,3.0,,,,766.0
24,2020-04-30,,,,,458.0
24,2020-05-31,5.0,3.0,,,1102.0
24,2020-06-30,,,,1.0,1035.0
24,2020-07-31,1.0,,,,889.0
24,2020-08-31,,1.0,,,546.0
24,2020-09-30,,,,,228.0
24,2020-10-31,,,,,182.0
24,2020-11-30,,,,,133.0
24,2020-12-31,,,,,97.0
24,2021-01-31,,,,,113.0
24,2021-02-28,,,,,142.0
24,2021-03-31,,,,,141.0
24,2021-04-30,1.0,,,,206.0
24,2021-05-31,,,,,516.0
24,2021-06-30,,,,,529.0
24,2021-07-31,,,,,521.0
24,2021-08-31,,,,,421.0
24,2021-09-30,,,,,308.0
24,2021-10-31,,,,,338.0
24,2021-11-30,1.0,,,,290.0
24,2021-12-31,2.0,,,,289.0
24,2022-01-31,1.0,,,,216.0
24,2022-02-28,1.0,1.0,,,415.0
24,2022-03-31,3.0,30.0,,,1561.0
24,2022-04-30,20.0,103.0,,,6429.0
24,2022-05-31,19.0,91.0,1.0,,8817.0
24,2022-06-30,32.0,77.0,,,9656.0
24,2022-07-31,18.0,54.0,,,7177.0
24,2022-08-31,8.0,24.0,,,4007.0
24,2022-09-30,,6.0,,,1888.0
24,2022-10-31,2.0,,,,959.0
24,2022-11-30,,,,,608.0
24,2022-12-31,,,,,367.0
24,2023-01-31,,3.0,,,442.0
24,2023-02-28,,4.0,,,480.0
24,2023-03-31,,,,,630.0
24,2023-04-30,1.0,1.0,,,1976.0
24,2023-05-31,2.0,,,,1055.0
24,2023-06-30,1.0,,,,568.0
24,2023-07-31,,,,,547.0
24,2023-08-31,,,,,338.0
24,2023-09-30,1.0,,,,422.0
24,2023-10-31,,,,,367.0
24,2023-11-30,,,,,426.0
24,2023-12-31,,,,,423.0
24,2024-01-31,4.0,1.0,,,482.0
24,2024-02-29,6.0,4.0,,,1367.0
24,2024-03-31,26.0,26.0,,,5411.0
24,2024-04-30,11.0,11.0,,,3344.0
24,2024-05-31,14.0,3.0,,,1743.0
24,2024-06-30,4.0,1.0,,,1233.0
24,2024-07-31,1.0,2.0,,,1055.0
24,2024-08-31,4.0,2.0,,,922.0
24,2024-09-30,,,,,512.0
24,2024-10-31,,,,,438.0
24,2024-11-30,,,,,548.0
24,2024-12-31,,,,,418.0
24,2025-01-31,,,,,360.0
24,2025-02-28,,,,,578.0
24,2025-03-31,1.0,13.0,,,1084.0
24,2025-04-30,,3.0,,,1695.0
24,2025-05-31,,,,,643.0
24,2025-06-30,,,,,
24,2025-07-31,,,,,
24,2025-08-31,,,,,
24,2025-09-30,,,,,
24,2025-10-31,,,,,
24,2025-11-30,,,,,
24,2025-12-31,,,,,
25,1996-01-31,,,,,
25,1996-02-29,,,,,
25,1996-03-31,,,,,
25,1996-04-30,,,,,
25,1996-05-31,,,,,
25,1996-06-30,,,,,
25,1996-07-31,,,,,
25,1996-08-31,,,,,
25,1996-09-30,,,,,
25,1996-10-31,,,,,
25,1996-11-30,,,,,
25,1996-12-31,,,,,
25,1997-01-31,,,,,
25,1997-02-28,,,,,
25,1997-03-31,,,,,
25,1997-04-30,,,,,
25,1997-05-31,,,,,
25,1997-06-30,,,,,
25,1997-07-31,,,,,
25,1997-08-31,,,,,
25,1997-09-30,,,,,
25,1997-10-31,,,,,
25,1997-11-30,,,,,
25,1997-12-31,,,,,
25,1998-01-31,,,,,
25,1998-02-28,,,,,
25,1998-03-31,,,,,
25,1998-04-30,,,,,1.0
25,1998-05-31,,,,,1.0
25,1998-06-30,,,,,
25,1998-07-31,,,,,
25,1998-08-31,,,,,
25,1998-09-30,,,,,
25,1998-10-31,,,,,
25,1998-11-30,,,,,
25,1998-12-31,,,,,
25,1999-01-31,,,,,
25,1999-02-28,,,,,
25,1999-03-31,,,,,2.0
25,1999-04-30,,,,,
25,1999-05-31,,,,,2.0
25,1999-06-30,,,,,21.0
25,1999-07-31,,,,,
25,1999-08-31,,,,,
25,1999-09-30,,,,,
25,1999-10-31,,,,,
25,1999-11-30,,,,,
25,1999-12-31,,,,,
25,2000-01-31,,,,,
25,2000-02-29,,,,,14.0
25,2000-03-31,,,,,8.0
25,2000-04-30,,,,,3.0
25,2000-05-31,,,,,
25,2000-06-30,,,,,1.0
25,2000-07-31,,,,,1.0
25,2000-08-31,,,,,3.0
25,2000-09-30,,,,,1.0
25,2000-10-31,,,,,1.0
25,2000-11-30,,,,,
25,2000-12-31,,,,,
25,2001-01-31,,,,,21.0
25,2001-02-28,3.0,1.0,,,232.0
25,2001-03-31,5.0,1.0,,,730.0
25,2001-04-30,3.0,1.0,3.0,,2587.0
25,2001-05-31,4.0,3.0,1.0,,4329.0
25,2001-06-30,6.0,,,,2867.0
25,2001-07-31,4.0,2.0,,,1246.0
25,2001-08-31,,,1.0,,1013.0
25,2001-09-30,2.0,,,,827.0
25,2001-10-31,1.0,,,,399.0
25,2001-11-30,,,,,411.0
25,2001-12-31,,,,,285.0
25,2002-01-31,2.0,,,,594.0
25,2002-02-28,20.0,2.0,5.0,,1700.0
25,2002-03-31,57.0,,6.0,,5114.0
25,2002-04-30,43.0,2.0,4.0,,3771.0
25,2002-05-31,40.0,,,,2520.0
25,2002-06-30,32.0,,2.0,,1459.0
25,2002-07-31,11.0,,1.0,,717.0
25,2002-08-31,10.0,,,,776.0
25,2002-09-30,1.0,,,,244.0
25,2002-10-31,8.0,,1.0,,251.0
25,2002-11-30,1.0,,,,637.0
25,2002-12-31,,,1.0,,488.0
25,2003-01-31,1.0,,1.0,,795.0
25,2003-02-28,13.0,1.0,5.0,,1405.0
25,2003-03-31,9.0,3.0,4.0,,2246.0
25,2003-04-30,11.0,,2.0,,2610.0
25,2003-05-31,4.0,2.0,4.0,,2889.0
25,2003-06-30,,,4.0,,949.0
25,2003-07-31,,,1.0,,627.0
25,2003-08-31,1.0,,2.0,,424.0
25,2003-09-30,,,,,200.0
25,2003-10-31,,,1.0,,181.0
25,2003-11-30,1.0,,,,195.0
25,2003-12-31,,,,,121.0
25,2004-01-31,,,1.0,,130.0
25,2004-02-29,,,,,238.0
25,2004-03-31,,,,,214.0
25,2004-04-30,1.0,,,,130.0
25,2004-05-31,,,,,172.0
25,2004-06-30,,,,,138.0
25,2004-07-31,,,,,124.0
25,2004-08-31,,,,,89.0
25,2004-09-30,,,,,40.0
25,2004-10-31,,,,,46.0
25,2004-11-30,,,,,26.0
25,2004-12-31,,,,,13.0
25,2005-01-31,,,,,150.0
25,2005-02-28,1.0,,,1.0,310.0
25,2005-03-31,,,,,698.0
25,2005-04-30,,,,,1563.0
25,2005-05-31,,,,,1027.0
25,2005-06-30,,,,,655.0
25,2005-07-31,,,1.0,,587.0
25,2005-08-31,1.0,,,,336.0
25,2005-09-30,,,,,256.0
25,2005-10-31,,,,,162.0
25,2005-11-30,,,,,103.0
25,2005-12-31,1.0,,,,133.0
25,2006-01-31,,,,,204.0
25,2006-02-28,,,,,213.0
25,2006-03-31,3.0,,,,296.0
25,2006-04-30,,,,,498.0
25,2006-05-31,,,,,293.0
25,2006-06-30,,,,,292.0
25,2006-07-31,1.0,,,,357.0
25,2006-08-31,,,,,263.0
25,2006-09-30,,,,,224.0
25,2006-10-31,,,,,175.0
25,2006-11-30,,1.0,,,135.0
25,2006-12-31,,,,,144.0
25,2007-01-31,,,1.0,,213.0
25,2007-02-28,,,,,721.0
25,2007-03-31,7.0,,,,1853.0
25,2007-04-30,5.0,,,,2164.0
25,2007-05-31,2.0,,,,1673.0
25,2007-06-30,2.0,,,1.0,1088.0
25,2007-07-31,7.0,3.0,,,980.0
25,2007-08-31,2.0,,,,675.0
25,2007-09-30,4.0,,,,417.0
25,2007-10-31,1.0,,,,317.0
25,2007-11-30,,,,,289.0
25,2007-12-31,13.0,,,,347.0
25,2008-01-31,35.0,,,,342.0
25,2008-02-29,20.0,,1.0,2.0,930.0
25,2008-03-31,12.0,,,,1772.0
25,2008-04-30,4.0,,,1.0,3146.0
25,2008-05-31,1.0,,1.0,,1470.0
25,2008-06-30,1.0,,,,409.0
25,2008-07-31,1.0,,,2.0,147.0
25,2008-08-31,,,,,107.0
25,2008-09-30,1.0,,,,63.0
25,2008-10-31,,,,,41.0
25,2008-11-30,,,,,36.0
25,2008-12-31,,,,,23.0
25,2009-01-31,,,,,46.0
25,2009-02-28,,,,,58.0
25,2009-03-31,1.0,,,,99.0
25,2009-04-30,1.0,,,,120.0
25,2009-05-31,,,,,126.0
25,2009-06-30,,,1.0,,101.0
25,2009-07-31,1.0,,,,90.0
25,2009-08-31,,,,,67.0
25,2009-09-30,,1.0,,,46.0
25,2009-10-31,,,,,45.0
25,2009-11-30,,,,,77.0
25,2009-12-31,,,,,91.0
25,2010-01-31,,,,,94.0
25,2010-02-28,,1.0,,,242.0
25,2010-03-31,1.0,,,,391.0
25,2010-04-30,3.0,2.0,,,380.0
25,2010-05-31,20.0,1.0,,2.0,973.0
25,2010-06-30,6.0,,,3.0,881.0
25,2010-07-31,11.0,,1.0,,1230.0
25,2010-08-31,4.0,,,3.0,649.0
25,2010-09-30,5.0,,,,528.0
25,2010-10-31,3.0,,,,547.0
25,2010-11-30,2.0,,,,393.0
25,2010-12-31,1.0,,,,348.0
25,2011-01-31,16.0,,,,793.0
25,2011-02-28,23.0,,,2.0,1525.0
25,2011-03-31,20.0,,1.0,3.0,2552.0
25,2011-04-30,18.0,,,1.0,3188.0
25,2011-05-31,15.0,,,,1705.0
25,2011-06-30,6.0,,,,1215.0
25,2011-07-31,1.0,,,,772.0
25,2011-08-31,3.0,,,1.0,286.0
25,2011-09-30,1.0,,,1.0,199.0
25,2011-10-31,,,,,146.0
25,2011-11-30,,,,,112.0
25,2011-12-31,,,,,112.0
25,2012-01-31,,,,,98.0
25,2012-02-29,,,,,171.0
25,2012-03-31,3.0,1.0,,,752.0
25,2012-04-30,5.0,,,,1529.0
25,2012-05-31,3.0,,,2.0,1943.0
25,2012-06-30,5.0,1.0,,,1422.0
25,2012-07-31,6.0,,,2.0,951.0
25,2012-08-31,1.0,,,2.0,892.0
25,2012-09-30,1.0,,,1.0,543.0
25,2012-10-31,1.0,,,,230.0
25,2012-11-30,2.0,,,,146.0
25,2012-12-31,4.0,,,,149.0
25,2013-01-31,7.0,,,,366.0
25,2013-02-28,5.0,,,,848.0
25,2013-03-31,8.0,,,2.0,1498.0
25,2013-04-30,2.0,,,,1797.0
25,2013-05-31,5.0,,,1.0,2119.0
25,2013-06-30,7.0,,,,2264.0
25,2013-07-31,8.0,1.0,,1.0,1532.0
25,2013-08-31,7.0,,,,1460.0
25,2013-09-30,1.0,,,1.0,689.0
25,2013-10-31,3.0,,,,450.0
25,2013-11-30,,,,,351.0
25,2013-12-31,,,,,263.0
25,2014-01-31,,,,,323.0
25,2014-02-28,1.0,,,,422.0
25,2014-03-31,,,,,547.0
25,2014-04-30,4.0,,,,684.0
25,2014-05-31,1.0,1.0,,,1179.0
25,2014-06-30,,,,,725.0
25,2014-07-31,3.0,,,,518.0
25,2014-08-31,1.0,,,,395.0
25,2014-09-30,,,,,233.0
25,2014-10-31,,,,,237.0
25,2014-11-30,1.0,,,,231.0
25,2014-12-31,,,,,152.0
25,2015-01-31,,,,,297.0
25,2015-02-28,,,,1.0,612.0
25,2015-03-31,,,,,2105.0
25,2015-04-30,1.0,,,,3511.0
25,2015-05-31,9.0,1.0,,,6473.0
25,2015-06-30,,,,,2853.0
25,2015-07-31,1.0,,,,1859.0
25,2015-08-31,2.0,,,,1025.0
25,2015-09-30,,,,,422.0
25,2015-10-31,,,,,267.0
25,2015-11-30,,,,,510.0
25,2015-12-31,,,,,2748.0
25,2016-01-31,4.0,1.0,,,4433.0
25,2016-02-29,2.0,,,,6197.0
25,2016-03-31,5.0,,,,8529.0
25,2016-04-30,10.0,,,,7737.0
25,2016-05-31,17.0,,,,3795.0
25,2016-06-30,10.0,,,,2506.0
25,2016-07-31,10.0,,,,1560.0
25,2016-08-31,,,,,306.0
25,2016-09-30,,,,,203.0
25,2016-10-31,,,,,321.0
25,2016-11-30,,,,,122.0
25,2016-12-31,,,,,75.0
25,2017-01-31,,,,,169.0
25,2017-02-28,,,,,248.0
25,2017-03-31,,,,,386.0
25,2017-04-30,,,,,422.0
25,2017-05-31,,,,,316.0
25,2017-06-30,,,,,355.0
25,2017-07-31,,,,,392.0
25,2017-08-31,,,,,441.0
25,2017-09-30,,,,,358.0
25,2017-10-31,,,,,284.0
25,2017-11-30,,,,,263.0
25,2017-12-31,,,,,225.0
25,2018-01-31,2.0,,,,353.0
25,2018-02-28,,,,,392.0
25,2018-03-31,1.0,,,,729.0
25,2018-04-30,,,,,1892.0
25,2018-05-31,4.0,,,,2589.0
25,2018-06-30,5.0,,,,2086.0
25,2018-07-31,2.0,,,,1035.0
25,2018-08-31,,,,,739.0
25,2018-09-30,1.0,,,,436.0
25,2018-10-31,3.0,,,,282.0
25,2018-11-30,2.0,,,,259.0
25,2018-12-31,1.0,,,,234.0
25,2019-01-31,1.0,,,,329.0
25,2019-02-28,1.0,,,,548.0
25,2019-03-31,4.0,,,,1287.0
25,2019-04-30,17.0,,,,2247.0
25,2019-05-31,12.0,,,,2947.0
25,2019-06-30,7.0,,,,3371.0
25,2019-07-31,1.0,,,,2471.0
25,2019-08-31,5.0,,,,2726.0
25,2019-09-30,1.0,,,,1216.0
25,2019-10-31,,,,,739.0
25,2019-11-30,,,,,665.0
25,2019-12-31,1.0,,,,358.0
25,2020-01-31,,,,,609.0
25,2020-02-29,,,,,837.0
25,2020-03-31,,,,,508.0
25,2020-04-30,,,,,438.0
25,2020-05-31,1.0,3.0,,,985.0
25,2020-06-30,,3.0,,,729.0
25,2020-07-31,1.0,1.0,,,801.0
25,2020-08-31,2.0,,,,738.0
25,2020-09-30,,,,,420.0
25,2020-10-31,,,,,392.0
25,2020-11-30,,,,,234.0
25,2020-12-31,,,,,194.0
25,2021-01-31,1.0,1.0,,,169.0
25,2021-02-28,,,,,336.0
25,2021-03-31,1.0,,,,427.0
25,2021-04-30,,,,,638.0
25,2021-05-31,1.0,1.0,,,1597.0
25,2021-06-30,2.0,4.0,,,2167.0
25,2021-07-31,2.0,1.0,,,3235.0
25,2021-08-31,,4.0,,,1982.0
25,2021-09-30,,1.0,,,1911.0
25,2021-10-31,1.0,1.0,,,1651.0
25,2021-11-30,,,,,875.0
25,2021-12-31,,4.0,,,1010.0
25,2022-01-31,,7.0,,,580.0
25,2022-02-28,4.0,10.0,,,1103.0
25,2022-03-31,13.0,8.0,1.0,,2268.0
25,2022-04-30,19.0,26.0,,,4437.0
25,2022-05-31,11.0,24.0,1.0,,5818.0
25,2022-06-30,,9.0,,,5177.0
25,2022-07-31,5.0,10.0,,,4374.0
25,2022-08-31,,5.0,,,2356.0
25,2022-09-30,1.0,,,,1205.0
25,2022-10-31,1.0,6.0,,,781.0
25,2022-11-30,,,,,474.0
25,2022-12-31,,,,,312.0
25,2023-01-31,1.0,1.0,,,390.0
25,2023-02-28,,1.0,,,487.0
25,2023-03-31,,1.0,,,842.0
25,2023-04-30,2.0,,,,1607.0
25,2023-05-31,1.0,3.0,,,928.0
25,2023-06-30,1.0,11.0,,,677.0
25,2023-07-31,,7.0,,,541.0
25,2023-08-31,,6.0,,,335.0
25,2023-09-30,,,,,386.0
25,2023-10-31,,1.0,,,317.0
25,2023-11-30,,,,,332.0
25,2023-12-31,,1.0,,,386.0
25,2024-01-31,,1.0,,,319.0
25,2024-02-29,3.0,4.0,1.0,,1135.0
25,2024-03-31,13.0,27.0,,,4274.0
25,2024-04-30,28.0,101.0,,,2708.0
25,2024-05-31,54.0,83.0,,,1645.0
25,2024-06-30,45.0,94.0,,,1086.0
25,2024-07-31,28.0,62.0,,,848.0
25,2024-08-31,16.0,50.0,,,943.0
25,2024-09-30,8.0,19.0,,,523.0
25,2024-10-31,2.0,6.0,,,486.0
25,2024-11-30,2.0,3.0,,,606.0
25,2024-12-31,1.0,2.0,1.0,,437.0
25,2025-01-31,2.0,1.0,,,434.0
25,2025-02-28,3.0,3.0,,,1032.0
25,2025-03-31,5.0,5.0,,,940.0
25,2025-04-30,10.0,6.0,8.0,,1057.0
25,2025-05-31,3.0,2.0,,,437.0
25,2025-06-30,,,,,
25,2025-07-31,,,,,
25,2025-08-31,,,,,
25,2025-09-30,,,,,
25,2025-10-31,,,,,
25,2025-11-30,,,,,
25,2025-12-31,,,,,
26,1996-01-31,,,,,3.0
26,1996-02-29,,,,,
26,1996-03-31,,,,,23.0
26,1996-04-30,,,,,35.0
26,1996-05-31,,,,,5.0
26,1996-06-30,,,,,7.0
26,1996-07-31,,,,,6.0
26,1996-08-31,,,,,14.0
26,1996-09-30,,,,,7.0
26,1996-10-31,,,,,31.0
26,1996-11-30,,,,,150.0
26,1996-12-31,,,,,14.0
26,1997-01-31,,,,,
26,1997-02-28,,,,,
26,1997-03-31,,,,,
26,1997-04-30,,,,,
26,1997-05-31,,,,,
26,1997-06-30,,,,,
26,1997-07-31,,,,,
26,1997-08-31,,,,,
26,1997-09-30,,,,,
26,1997-10-31,,,,,
26,1997-11-30,,,,,
26,1997-12-31,,,,,
26,1998-01-31,1.0,,,,160.0
26,1998-02-28,1.0,,,,190.0
26,1998-03-31,7.0,1.0,1.0,,588.0
26,1998-04-30,6.0,3.0,,,591.0
26,1998-05-31,3.0,1.0,1.0,,776.0
26,1998-06-30,,,,,220.0
26,1998-07-31,,1.0,,,188.0
26,1998-08-31,,,,,264.0
26,1998-09-30,,,,,137.0
26,1998-10-31,1.0,,,,142.0
26,1998-11-30,7.0,,,,52.0
26,1998-12-31,9.0,,,,44.0
26,1999-01-31,,,,,258.0
26,1999-02-28,,,1.0,,471.0
26,1999-03-31,5.0,,,,809.0
26,1999-04-30,,,4.0,,1349.0
26,1999-05-31,3.0,1.0,11.0,,3169.0
26,1999-06-30,,,1.0,,2084.0
26,1999-07-31,,,4.0,,2139.0
26,1999-08-31,2.0,,1.0,,1154.0
26,1999-09-30,,,1.0,,663.0
26,1999-10-31,,,1.0,,743.0
26,1999-11-30,1.0,1.0,6.0,,873.0
26,1999-12-31,,,2.0,,563.0
26,2000-01-31,10.0,,5.0,,2264.0
26,2000-02-29,60.0,,6.0,,3423.0
26,2000-03-31,84.0,2.0,8.0,,4318.0
26,2000-04-30,25.0,12.0,10.0,,5684.0
26,2000-05-31,5.0,1.0,7.0,,4316.0
26,2000-06-30,2.0,,8.0,,1879.0
26,2000-07-31,1.0,1.0,3.0,,1157.0
26,2000-08-31,1.0,,7.0,,568.0
26,2000-09-30,1.0,,1.0,,294.0
26,2000-10-31,1.0,,2.0,,284.0
26,2000-11-30,2.0,1.0,2.0,,357.0
26,2000-12-31,,,,,254.0
26,2001-01-31,,,2.0,,657.0
26,2001-02-28,3.0,,2.0,,1029.0
26,2001-03-31,13.0,1.0,3.0,,1247.0
26,2001-04-30,13.0,2.0,3.0,,1916.0
26,2001-05-31,,2.0,6.0,,2112.0
26,2001-06-30,3.0,2.0,9.0,,1859.0
26,2001-07-31,3.0,,3.0,,1158.0
26,2001-08-31,2.0,1.0,11.0,,872.0
26,2001-09-30,6.0,1.0,3.0,,658.0
26,2001-10-31,,,,,441.0
26,2001-11-30,2.0,1.0,2.0,,658.0
26,2001-12-31,,,3.0,,597.0
26,2002-01-31,8.0,4.0,7.0,,4947.0
26,2002-02-28,19.0,5.0,46.0,,24583.0
26,2002-03-31,61.0,7.0,40.0,1.0,42838.0
26,2002-04-30,36.0,3.0,19.0,,16443.0
26,2002-05-31,12.0,2.0,11.0,,5490.0
26,2002-06-30,12.0,2.0,8.0,,2147.0
26,2002-07-31,1.0,1.0,,,949.0
26,2002-08-31,,,1.0,,798.0
26,2002-09-30,1.0,,,,431.0
26,2002-10-31,,,1.0,,401.0
26,2002-11-30,1.0,,,,625.0
26,2002-12-31,,,,,358.0
26,2003-01-31,3.0,,3.0,,564.0
26,2003-02-28,2.0,,16.0,,1317.0
26,2003-03-31,3.0,1.0,38.0,,3602.0
26,2003-04-30,3.0,3.0,17.0,,3614.0
26,2003-05-31,3.0,3.0,4.0,1.0,3296.0
26,2003-06-30,4.0,1.0,3.0,,1265.0
26,2003-07-31,,1.0,1.0,,589.0
26,2003-08-31,,,,,423.0
26,2003-09-30,,,,,175.0
26,2003-10-31,,,,,127.0
26,2003-11-30,,,,,176.0
26,2003-12-31,,,,,144.0
26,2004-01-31,,,,,284.0
26,2004-02-29,7.0,,,,471.0
26,2004-03-31,4.0,,2.0,,461.0
26,2004-04-30,,,5.0,,282.0
26,2004-05-31,,,5.0,,257.0
26,2004-06-30,,,3.0,,148.0
26,2004-07-31,,,1.0,,150.0
26,2004-08-31,1.0,,,,99.0
26,2004-09-30,,,,,54.0
26,2004-10-31,,,,,64.0
26,2004-11-30,,,,,50.0
26,2004-12-31,,,,,43.0
26,2005-01-31,2.0,,2.0,,72.0
26,2005-02-28,,,6.0,,109.0
26,2005-03-31,2.0,1.0,8.0,,213.0
26,2005-04-30,,,5.0,,1103.0
26,2005-05-31,,,2.0,,1156.0
26,2005-06-30,3.0,,2.0,,1040.0
26,2005-07-31,4.0,,,,700.0
26,2005-08-31,1.0,,3.0,,320.0
26,2005-09-30,1.0,,18.0,,271.0
26,2005-10-31,,,2.0,,213.0
26,2005-11-30,2.0,1.0,,,164.0
26,2005-12-31,,,2.0,,148.0
26,2006-01-31,8.0,,,,417.0
26,2006-02-28,1.0,,3.0,,362.0
26,2006-03-31,,2.0,2.0,,652.0
26,2006-04-30,1.0,,5.0,,1304.0
26,2006-05-31,3.0,,11.0,,1693.0
26,2006-06-30,2.0,,20.0,,1396.0
26,2006-07-31,1.0,1.0,12.0,,1201.0
26,2006-08-31,1.0,1.0,1.0,,656.0
26,2006-09-30,,,4.0,,424.0
26,2006-10-31,,,3.0,,220.0
26,2006-11-30,,,,,231.0
26,2006-12-31,,1.0,,,214.0
26,2007-01-31,2.0,,,,695.0
26,2007-02-28,22.0,,1.0,,1209.0
26,2007-03-31,25.0,3.0,2.0,,3256.0
26,2007-04-30,13.0,,1.0,1.0,4958.0
26,2007-05-31,22.0,2.0,7.0,2.0,4577.0
26,2007-06-30,32.0,2.0,5.0,,3814.0
26,2007-07-31,10.0,6.0,3.0,,1776.0
26,2007-08-31,3.0,7.0,3.0,,757.0
26,2007-09-30,1.0,,,,492.0
26,2007-10-31,,1.0,,,369.0
26,2007-11-30,1.0,,,1.0,274.0
26,2007-12-31,,,1.0,,387.0
26,2008-01-31,1.0,,,,497.0
26,2008-02-29,1.0,,,,797.0
26,2008-03-31,27.0,,1.0,2.0,2814.0
26,2008-04-30,19.0,3.0,3.0,1.0,6997.0
26,2008-05-31,9.0,4.0,3.0,6.0,5759.0
26,2008-06-30,5.0,2.0,,,1856.0
26,2008-07-31,3.0,,,,712.0
26,2008-08-31,,,,,402.0
26,2008-09-30,,,1.0,,137.0
26,2008-10-31,1.0,2.0,,,115.0
26,2008-11-30,,,,,122.0
26,2008-12-31,,,,,46.0
26,2009-01-31,,1.0,,,128.0
26,2009-02-28,,,,,162.0
26,2009-03-31,1.0,,,,313.0
26,2009-04-30,,,,,310.0
26,2009-05-31,2.0,1.0,,,469.0
26,2009-06-30,,,,,380.0
26,2009-07-31,1.0,,1.0,,305.0
26,2009-08-31,1.0,,,,256.0
26,2009-09-30,1.0,,,,91.0
26,2009-10-31,,,,,128.0
26,2009-11-30,1.0,,,,176.0
26,2009-12-31,1.0,,,,179.0
26,2010-01-31,1.0,,1.0,,367.0
26,2010-02-28,6.0,,,,1093.0
26,2010-03-31,10.0,1.0,,3.0,2283.0
26,2010-04-30,13.0,3.0,,,2586.0
26,2010-05-31,27.0,5.0,,1.0,6946.0
26,2010-06-30,28.0,3.0,,7.0,6983.0
26,2010-07-31,25.0,4.0,,10.0,7285.0
26,2010-08-31,13.0,2.0,1.0,,3553.0
26,2010-09-30,7.0,1.0,,,1392.0
26,2010-10-31,6.0,,,1.0,824.0
26,2010-11-30,9.0,,,1.0,664.0
26,2010-12-31,7.0,,,,610.0
26,2011-01-31,8.0,,,1.0,752.0
26,2011-02-28,9.0,1.0,1.0,2.0,1428.0
26,2011-03-31,10.0,2.0,,,2345.0
26,2011-04-30,15.0,4.0,,2.0,3570.0
26,2011-05-31,2.0,3.0,1.0,,2561.0
26,2011-06-30,5.0,2.0,,,1779.0
26,2011-07-31,,1.0,,,1460.0
26,2011-08-31,,,1.0,1.0,810.0
26,2011-09-30,3.0,,,,651.0
26,2011-10-31,2.0,,,,880.0
26,2011-11-30,17.0,,,,1118.0
26,2011-12-31,4.0,,,1.0,1875.0
26,2012-01-31,1.0,1.0,1.0,14.0,3453.0
26,2012-02-29,4.0,,,6.0,4676.0
26,2012-03-31,17.0,,2.0,16.0,9037.0
26,2012-04-30,13.0,1.0,,32.0,6428.0
26,2012-05-31,8.0,,,8.0,3703.0
26,2012-06-30,4.0,,1.0,1.0,2288.0
26,2012-07-31,,,3.0,,1259.0
26,2012-08-31,,,1.0,,687.0
26,2012-09-30,,,,,410.0
26,2012-10-31,1.0,,,,239.0
26,2012-11-30,,,3.0,,268.0
26,2012-12-31,,,,1.0,246.0
26,2013-01-31,3.0,,1.0,,253.0
26,2013-02-28,1.0,,2.0,1.0,352.0
26,2013-03-31,,,1.0,,859.0
26,2013-04-30,1.0,1.0,,2.0,1356.0
26,2013-05-31,,,,1.0,1432.0
26,2013-06-30,2.0,,1.0,1.0,1235.0
26,2013-07-31,1.0,1.0,3.0,,573.0
26,2013-08-31,1.0,1.0,2.0,,621.0
26,2013-09-30,,,1.0,,387.0
26,2013-10-31,,,,,431.0
26,2013-11-30,,,,1.0,376.0
26,2013-12-31,,,,,213.0
26,2014-01-31,1.0,,2.0,,275.0
26,2014-02-28,1.0,,,,496.0
26,2014-03-31,2.0,,1.0,,904.0
26,2014-04-30,,,,1.0,1383.0
26,2014-05-31,1.0,,,2.0,2298.0
26,2014-06-30,15.0,,,,1408.0
26,2014-07-31,,,,2.0,911.0
26,2014-08-31,,1.0,,,584.0
26,2014-09-30,,,,,394.0
26,2014-10-31,1.0,,,1.0,406.0
26,2014-11-30,1.0,,1.0,,749.0
26,2014-12-31,4.0,,,,671.0
26,2015-01-31,3.0,,,,2328.0
26,2015-02-28,1.0,,1.0,,3887.0
26,2015-03-31,9.0,,,2.0,13743.0
26,2015-04-30,6.0,,1.0,,17721.0
26,2015-05-31,3.0,2.0,3.0,,18196.0
26,2015-06-30,1.0,,,,7648.0
26,2015-07-31,,,,,3742.0
26,2015-08-31,,,1.0,,3188.0
26,2015-09-30,,,,,3689.0
26,2015-10-31,12.0,1.0,2.0,,5922.0
26,2015-11-30,206.0,,,,14062.0
26,2015-12-31,2.0,,,,15940.0
26,2016-01-31,2.0,,1.0,,17755.0
26,2016-02-29,,1.0,,,17869.0
26,2016-03-31,2.0,,1.0,1.0,10922.0
26,2016-04-30,,,,1.0,6437.0
26,2016-05-31,1.0,1.0,,,2811.0
26,2016-06-30,,,,,1826.0
26,2016-07-31,,,,,1487.0
26,2016-08-31,,,,,980.0
26,2016-09-30,,,,,788.0
26,2016-10-31,,,,,697.0
26,2016-11-30,,,,,484.0
26,2016-12-31,1.0,,,,461.0
26,2017-01-31,,,,,504.0
26,2017-02-28,1.0,,,,449.0
26,2017-03-31,,1.0,,,580.0
26,2017-04-30,,1.0,,,940.0
26,2017-05-31,,,,,1080.0
26,2017-06-30,4.0,,,,1157.0
26,2017-07-31,1.0,,,,839.0
26,2017-08-31,2.0,,,1.0,622.0
26,2017-09-30,,,,,619.0
26,2017-10-31,,,,,401.0
26,2017-11-30,,,,,309.0
26,2017-12-31,1.0,,,,408.0
26,2018-01-31,,,,,464.0
26,2018-02-28,1.0,,,,581.0
26,2018-03-31,2.0,,,,1377.0
26,2018-04-30,,,,,1867.0
26,2018-05-31,2.0,,,,1392.0
26,2018-06-30,,,,,1306.0
26,2018-07-31,6.0,,,,843.0
26,2018-08-31,1.0,,,,767.0
26,2018-09-30,,,,,669.0
26,2018-10-31,,,,,643.0
26,2018-11-30,,,,,629.0
26,2018-12-31,,,,,692.0
26,2019-01-31,4.0,,,,580.0
26,2019-02-28,6.0,,,,1558.0
26,2019-03-31,7.0,,,,2448.0
26,2019-04-30,8.0,,,,4204.0
26,2019-05-31,42.0,2.0,,,7901.0
26,2019-06-30,7.0,,,,7176.0
26,2019-07-31,3.0,,,,3477.0
26,2019-08-31,1.0,,,,3425.0
26,2019-09-30,4.0,,,1.0,2515.0
26,2019-10-31,1.0,,,,2118.0
26,2019-11-30,2.0,,,,1711.0
26,2019-12-31,,,,,859.0
26,2020-01-31,,,,,790.0
26,2020-02-29,1.0,,,,1254.0
26,2020-03-31,,,,,1116.0
26,2020-04-30,1.0,,,,1651.0
26,2020-05-31,3.0,3.0,,,3548.0
26,2020-06-30,1.0,1.0,,,2512.0
26,2020-07-31,1.0,3.0,,,2652.0
26,2020-08-31,,1.0,,,2485.0
26,2020-09-30,,,,,1473.0
26,2020-10-31,,1.0,,,1313.0
26,2020-11-30,,1.0,,,758.0
26,2020-12-31,,,,,578.0
26,2021-01-31,1.0,1.0,1.0,,420.0
26,2021-02-28,1.0,1.0,,,833.0
26,2021-03-31,,10.0,,,1489.0
26,2021-04-30,5.0,9.0,,,2077.0
26,2021-05-31,3.0,9.0,,,7278.0
26,2021-06-30,,2.0,,,7063.0
26,2021-07-31,3.0,4.0,,,7541.0
26,2021-08-31,,2.0,,,3366.0
26,2021-09-30,,,,,2325.0
26,2021-10-31,,2.0,,,1908.0
26,2021-11-30,,,,,938.0
26,2021-12-31,,2.0,,,1075.0
26,2022-01-31,,,,,337.0
26,2022-02-28,,3.0,,,676.0
26,2022-03-31,6.0,7.0,,,1331.0
26,2022-04-30,4.0,16.0,,,2910.0
26,2022-05-31,2.0,30.0,,,3103.0
26,2022-06-30,,21.0,,,2049.0
26,2022-07-31,2.0,9.0,,,1775.0
26,2022-08-31,1.0,4.0,,1.0,1238.0
26,2022-09-30,,,,,780.0
26,2022-10-31,,,,,788.0
26,2022-11-30,,1.0,,,583.0
26,2022-12-31,,,,,516.0
26,2023-01-31,4.0,,,,287.0
26,2023-02-28,13.0,,,,418.0
26,2023-03-31,15.0,1.0,,,1121.0
26,2023-04-30,12.0,1.0,,,1506.0
26,2023-05-31,4.0,1.0,,,696.0
26,2023-06-30,1.0,,,,547.0
26,2023-07-31,,,,,711.0
26,2023-08-31,,,,,574.0
26,2023-09-30,,,,,527.0
26,2023-10-31,1.0,,,,460.0
26,2023-11-30,,,5.0,,489.0
26,2023-12-31,,,,,615.0
26,2024-01-31,,5.0,,,300.0
26,2024-02-29,1.0,17.0,,,1459.0
26,2024-03-31,11.0,59.0,,,5381.0
26,2024-04-30,17.0,48.0,,,4333.0
26,2024-05-31,24.0,44.0,1.0,,3109.0
26,2024-06-30,52.0,29.0,4.0,,3871.0
26,2024-07-31,44.0,15.0,,,2502.0
26,2024-08-31,20.0,15.0,2.0,,1717.0
26,2024-09-30,2.0,2.0,1.0,,1125.0
26,2024-10-31,,1.0,1.0,,907.0
26,2024-11-30,4.0,2.0,,,1177.0
26,2024-12-31,,1.0,,,832.0
26,2025-01-31,2.0,4.0,,,831.0
26,2025-02-28,12.0,16.0,,,1411.0
26,2025-03-31,18.0,2.0,2.0,,2614.0
26,2025-04-30,16.0,2.0,,,3124.0
26,2025-05-31,,,2.0,,576.0
26,2025-06-30,,,,,
26,2025-07-31,,,,,
26,2025-08-31,,,,,
26,2025-09-30,,,,,
26,2025-10-31,,,,,
26,2025-11-30,,,,,
26,2025-12-31,,,,,
27,1996-01-31,,,,,14.0
27,1996-02-29,5.0,,,,12.0
27,1996-03-31,3.0,7.0,,,159.0
27,1996-04-30,3.0,,,,38.0
27,1996-05-31,,1.0,1.0,,51.0
27,1996-06-30,,,,,28.0
27,1996-07-31,1.0,,,,15.0
27,1996-08-31,1.0,,,,7.0
27,1996-09-30,,,,,25.0
27,1996-10-31,,,,,36.0
27,1996-11-30,,,,,77.0
27,1996-12-31,,,,,1.0
27,1997-01-31,6.0,,,,8.0
27,1997-02-28,,,,,4.0
27,1997-03-31,,,,,13.0
27,1997-04-30,,,,,7.0
27,1997-05-31,,,,,2.0
27,1997-06-30,,,,,1.0
27,1997-07-31,,,,,
27,1997-08-31,,,,,
27,1997-09-30,,,,,
27,1997-10-31,,,,,
27,1997-11-30,,,,,2.0
27,1997-12-31,,,,,
27,1998-01-31,,,,,
27,1998-02-28,,,,,
27,1998-03-31,,,,,
27,1998-04-30,,,,,5.0
27,1998-05-31,,,,,
27,1998-06-30,,,,,
27,1998-07-31,,,,,1.0
27,1998-08-31,,,,,
27,1998-09-30,,,,,1.0
27,1998-10-31,,,,,
27,1998-11-30,,,,,
27,1998-12-31,,,,,
27,1999-01-31,1.0,,,,110.0
27,1999-02-28,,,,,60.0
27,1999-03-31,,,,,113.0
27,1999-04-30,,,,,64.0
27,1999-05-31,,,1.0,,179.0
27,1999-06-30,1.0,,2.0,,231.0
27,1999-07-31,,,1.0,,97.0
27,1999-08-31,,,,,20.0
27,1999-09-30,,,,,55.0
27,1999-10-31,,,,,56.0
27,1999-11-30,2.0,,,,37.0
27,1999-12-31,,,,,43.0
27,2000-01-31,,,1.0,,31.0
27,2000-02-29,,,,,48.0
27,2000-03-31,1.0,,1.0,,129.0
27,2000-04-30,,,,,305.0
27,2000-05-31,1.0,,,,156.0
27,2000-06-30,,,,1.0,63.0
27,2000-07-31,2.0,,1.0,,52.0
27,2000-08-31,1.0,,,,39.0
27,2000-09-30,1.0,,1.0,,43.0
27,2000-10-31,,,1.0,,15.0
27,2000-11-30,,,,,18.0
27,2000-12-31,,,,,16.0
27,2001-01-31,,,2.0,,101.0
27,2001-02-28,1.0,,4.0,,143.0
27,2001-03-31,1.0,,,,659.0
27,2001-04-30,4.0,,,,457.0
27,2001-05-31,9.0,1.0,,,107.0
27,2001-06-30,4.0,1.0,,,112.0
27,2001-07-31,,,1.0,,67.0
27,2001-08-31,,,,,79.0
27,2001-09-30,2.0,1.0,1.0,,95.0
27,2001-10-31,3.0,,,,61.0
27,2001-11-30,1.0,3.0,1.0,,58.0
27,2001-12-31,1.0,1.0,,,42.0
27,2002-01-31,6.0,,,,145.0
27,2002-02-28,3.0,3.0,,,787.0
27,2002-03-31,11.0,2.0,1.0,,2441.0
27,2002-04-30,2.0,,1.0,,1450.0
27,2002-05-31,1.0,,2.0,,914.0
27,2002-06-30,,,,,655.0
27,2002-07-31,2.0,,,,364.0
27,2002-08-31,,,,,239.0
27,2002-09-30,,,,,132.0
27,2002-10-31,1.0,,,,94.0
27,2002-11-30,1.0,,,,149.0
27,2002-12-31,,,,,137.0
27,2003-01-31,,,,,127.0
27,2003-02-28,,,,,248.0
27,2003-03-31,,,2.0,,335.0
27,2003-04-30,1.0,,,,500.0
27,2003-05-31,2.0,,1.0,,1427.0
27,2003-06-30,2.0,,1.0,,1269.0
27,2003-07-31,,,,,917.0
27,2003-08-31,,,,,402.0
27,2003-09-30,,,,,253.0
27,2003-10-31,,,,,256.0
27,2003-11-30,,,,,255.0
27,2003-12-31,,,,,114.0
27,2004-01-31,,,,,182.0
27,2004-02-29,,,,,281.0
27,2004-03-31,,,,,547.0
27,2004-04-30,1.0,,,,679.0
27,2004-05-31,1.0,,,,1046.0
27,2004-06-30,,,,,413.0
27,2004-07-31,1.0,,,,453.0
27,2004-08-31,,,,,220.0
27,2004-09-30,,,,,162.0
27,2004-10-31,1.0,,,,277.0
27,2004-11-30,,,,,156.0
27,2004-12-31,,,,,94.0
27,2005-01-31,,1.0,,,81.0
27,2005-02-28,,,,,265.0
27,2005-03-31,,,,,292.0
27,2005-04-30,,,,,312.0
27,2005-05-31,,,,,360.0
27,2005-06-30,,,,,267.0
27,2005-07-31,,,,,303.0
27,2005-08-31,,,,,221.0
27,2005-09-30,,,,,180.0
27,2005-10-31,,,,,179.0
27,2005-11-30,,,,,99.0
27,2005-12-31,,,,,84.0
27,2006-01-31,,,,,193.0
27,2006-02-28,,,,,218.0
27,2006-03-31,,,1.0,,133.0
27,2006-04-30,1.0,,1.0,,158.0
27,2006-05-31,1.0,,,,219.0
27,2006-06-30,,1.0,,,262.0
27,2006-07-31,3.0,,1.0,,536.0
27,2006-08-31,,,2.0,,475.0
27,2006-09-30,1.0,,,,351.0
27,2006-10-31,,,,,231.0
27,2006-11-30,,,1.0,,220.0
27,2006-12-31,,,,,159.0
27,2007-01-31,2.0,,1.0,,238.0
27,2007-02-28,3.0,,,1.0,254.0
27,2007-03-31,4.0,1.0,,2.0,624.0
27,2007-04-30,1.0,,1.0,4.0,634.0
27,2007-05-31,8.0,,4.0,7.0,1247.0
27,2007-06-30,11.0,,2.0,2.0,1705.0
27,2007-07-31,1.0,2.0,1.0,2.0,1677.0
27,2007-08-31,1.0,,1.0,,1580.0
27,2007-09-30,,,,,1018.0
27,2007-10-31,3.0,,,,588.0
27,2007-11-30,,,,,523.0
27,2007-12-31,,,1.0,,536.0
27,2008-01-31,,,1.0,,406.0
27,2008-02-29,1.0,,,,417.0
27,2008-03-31,1.0,1.0,,1.0,1029.0
27,2008-04-30,3.0,1.0,7.0,,4066.0
27,2008-05-31,5.0,,5.0,,4306.0
27,2008-06-30,2.0,,1.0,,1323.0
27,2008-07-31,1.0,,,,734.0
27,2008-08-31,,,,,527.0
27,2008-09-30,,,,,366.0
27,2008-10-31,,,,,240.0
27,2008-11-30,,,,1.0,261.0
27,2008-12-31,,,,,173.0
27,2009-01-31,,,,,247.0
27,2009-02-28,,,,,253.0
27,2009-03-31,,,1.0,,578.0
27,2009-04-30,,,,,468.0
27,2009-05-31,1.0,,,,688.0
27,2009-06-30,,,,,201.0
27,2009-07-31,,,,,149.0
27,2009-08-31,1.0,,,,425.0
27,2009-09-30,,,,,277.0
27,2009-10-31,,,,,340.0
27,2009-11-30,,,,,228.0
27,2009-12-31,,,,,149.0
27,2010-01-31,1.0,,,,460.0
27,2010-02-28,3.0,,,,1504.0
27,2010-03-31,11.0,10.0,,,6075.0
27,2010-04-30,7.0,,,,8563.0
27,2010-05-31,2.0,,,,9788.0
27,2010-06-30,7.0,,,,6672.0
27,2010-07-31,16.0,1.0,,,6140.0
27,2010-08-31,3.0,,,,2965.0
27,2010-09-30,2.0,,,,2017.0
27,2010-10-31,,,,,1669.0
27,2010-11-30,,,,,1086.0
27,2010-12-31,,,,,500.0
27,2011-01-31,2.0,,,,548.0
27,2011-02-28,,,,,880.0
27,2011-03-31,,,,,1188.0
27,2011-04-30,6.0,1.0,,,1555.0
27,2011-05-31,,,,,1053.0
27,2011-06-30,1.0,,,,765.0
27,2011-07-31,,,,,567.0
27,2011-08-31,,,,,491.0
27,2011-09-30,,1.0,,,455.0
27,2011-10-31,,,,,513.0
27,2011-11-30,2.0,,,,334.0
27,2011-12-31,,,,,685.0
27,2012-01-31,2.0,,,,1113.0
27,2012-02-29,1.0,,,,1274.0
27,2012-03-31,1.0,,,1.0,3604.0
27,2012-04-30,1.0,,,6.0,5034.0
27,2012-05-31,1.0,,,2.0,4758.0
27,2012-06-30,,,,,3962.0
27,2012-07-31,,,,,2892.0
27,2012-08-31,1.0,,,,2230.0
27,2012-09-30,2.0,,,,1892.0
27,2012-10-31,,,,,753.0
27,2012-11-30,,,,,698.0
27,2012-12-31,,,,,371.0
27,2013-01-31,,,,,259.0
27,2013-02-28,,,,,336.0
27,2013-03-31,,,,,687.0
27,2013-04-30,2.0,,,,919.0
27,2013-05-31,3.0,,,,1936.0
27,2013-06-30,2.0,,,,1945.0
27,2013-07-31,1.0,,,,1233.0
27,2013-08-31,,,,,1025.0
27,2013-09-30,,,,,832.0
27,2013-10-31,,,,,725.0
27,2013-11-30,,,,,903.0
27,2013-12-31,,,,,603.0
27,2014-01-31,,,,,640.0
27,2014-02-28,,,,,615.0
27,2014-03-31,1.0,,,,951.0
27,2014-04-30,1.0,,,1.0,975.0
27,2014-05-31,,,,,2010.0
27,2014-06-30,,,,,1947.0
27,2014-07-31,1.0,,,,1825.0
27,2014-08-31,,,,,1793.0
27,2014-09-30,,,,,929.0
27,2014-10-31,1.0,,,,717.0
27,2014-11-30,,,,,644.0
27,2014-12-31,,,,,306.0
27,2015-01-31,,,,3.0,804.0
27,2015-02-28,2.0,,,5.0,1111.0
27,2015-03-31,1.0,,,,1488.0
27,2015-04-30,1.0,,,,2290.0
27,2015-05-31,2.0,,,,4002.0
27,2015-06-30,,,,,2830.0
27,2015-07-31,1.0,,,1.0,2350.0
27,2015-08-31,1.0,,,,1843.0
27,2015-09-30,,,,,1494.0
27,2015-10-31,,,,,2744.0
27,2015-11-30,,,,1.0,3903.0
27,2015-12-31,,,,,2080.0
27,2016-01-31,,,,,3339.0
27,2016-02-29,1.0,,,,3376.0
27,2016-03-31,,,,,3313.0
27,2016-04-30,1.0,,,,3583.0
27,2016-05-31,,,,,1933.0
27,2016-06-30,1.0,,,,1285.0
27,2016-07-31,,,,,1111.0
27,2016-08-31,,,,,521.0
27,2016-09-30,,,,,390.0
27,2016-10-31,,,,,269.0
27,2016-11-30,,,,,148.0
27,2016-12-31,,,,,177.0
27,2017-01-31,,,,,152.0
27,2017-02-28,,,,,137.0
27,2017-03-31,,,,,184.0
27,2017-04-30,,,,,387.0
27,2017-05-31,,,,,409.0
27,2017-06-30,,,,,525.0
27,2017-07-31,,,,,370.0
27,2017-08-31,,,,,207.0
27,2017-09-30,,,,,192.0
27,2017-10-31,,,,,127.0
27,2017-11-30,,,,,128.0
27,2017-12-31,,,,,119.0
27,2018-01-31,1.0,,,,150.0
27,2018-02-28,,,,,132.0
27,2018-03-31,,,,,150.0
27,2018-04-30,,,,,177.0
27,2018-05-31,,,,,277.0
27,2018-06-30,1.0,,,,321.0
27,2018-07-31,,,,,208.0
27,2018-08-31,,,,,186.0
27,2018-09-30,,,,,178.0
27,2018-10-31,1.0,,,,129.0
27,2018-11-30,,,,,138.0
27,2018-12-31,,,,,162.0
27,2019-01-31,1.0,,,,290.0
27,2019-02-28,,,,,502.0
27,2019-03-31,,,,,929.0
27,2019-04-30,,,,,1523.0
27,2019-05-31,,,,,3230.0
27,2019-06-30,11.0,,,,4334.0
27,2019-07-31,11.0,,,,3759.0
27,2019-08-31,3.0,2.0,,,3173.0
27,2019-09-30,4.0,,,,1255.0
27,2019-10-31,1.0,,,,1005.0
27,2019-11-30,1.0,,,,779.0
27,2019-12-31,1.0,,,,250.0
27,2020-01-31,,,,,174.0
27,2020-02-29,3.0,,,,202.0
27,2020-03-31,1.0,,,,129.0
27,2020-04-30,,,,,243.0
27,2020-05-31,2.0,,,,399.0
27,2020-06-30,1.0,,,,317.0
27,2020-07-31,,,,,314.0
27,2020-08-31,,,,,212.0
27,2020-09-30,,,,,124.0
27,2020-10-31,,,,,139.0
27,2020-11-30,,,,,80.0
27,2020-12-31,,,,,79.0
27,2021-01-31,,,,,50.0
27,2021-02-28,,,,,43.0
27,2021-03-31,,,,,64.0
27,2021-04-30,,,,,87.0
27,2021-05-31,,,,,244.0
27,2021-06-30,,,,,642.0
27,2021-07-31,1.0,,,,1668.0
27,2021-08-31,2.0,,,,1394.0
27,2021-09-30,4.0,,,,1172.0
27,2021-10-31,1.0,,,,1137.0
27,2021-11-30,3.0,,,,572.0
27,2021-12-31,,,,,502.0
27,2022-01-31,,,,,183.0
27,2022-02-28,,,,,372.0
27,2022-03-31,3.0,,,,567.0
27,2022-04-30,13.0,,,,2671.0
27,2022-05-31,13.0,,,,7295.0
27,2022-06-30,8.0,1.0,,,8636.0
27,2022-07-31,1.0,,,,6950.0
27,2022-08-31,,,,,3470.0
27,2022-09-30,,,,,1776.0
27,2022-10-31,2.0,,,,1028.0
27,2022-11-30,5.0,,,,418.0
27,2022-12-31,,,,,271.0
27,2023-01-31,,,,,218.0
27,2023-02-28,,,,,227.0
27,2023-03-31,,,,,347.0
27,2023-04-30,,,,,713.0
27,2023-05-31,,,,,520.0
27,2023-06-30,,,,,531.0
27,2023-07-31,,,,,605.0
27,2023-08-31,,,,,404.0
27,2023-09-30,,,,,389.0
27,2023-10-31,,,,,277.0
27,2023-11-30,,,,,279.0
27,2023-12-31,,,,,252.0
27,2024-01-31,1.0,,,,235.0
27,2024-02-29,14.0,2.0,,,934.0
27,2024-03-31,75.0,12.0,,,2579.0
27,2024-04-30,140.0,34.0,1.0,,2051.0
27,2024-05-31,122.0,56.0,,,2218.0
27,2024-06-30,153.0,113.0,,,3153.0
27,2024-07-31,86.0,70.0,1.0,,2773.0
27,2024-08-31,44.0,67.0,,,1962.0
27,2024-09-30,13.0,22.0,,,925.0
27,2024-10-31,4.0,7.0,,,509.0
27,2024-11-30,3.0,1.0,,,401.0
27,2024-12-31,2.0,1.0,,,207.0
27,2025-01-31,2.0,,,,225.0
27,2025-02-28,1.0,,,,305.0
27,2025-03-31,2.0,19.0,,,485.0
27,2025-04-30,,2.0,,,524.0
27,2025-05-31,,,,,113.0
27,2025-06-30,,,,,
27,2025-07-31,,,,,
27,2025-08-31,,,,,
27,2025-09-30,,,,,
27,2025-10-31,,,,,
27,2025-11-30,,,,,
27,2025-12-31,,,,,
28,1996-01-31,,,,,
28,1996-02-29,,,,,
28,1996-03-31,,,,,
28,1996-04-30,,,,,
28,1996-05-31,,,,,
28,1996-06-30,,,,,
28,1996-07-31,,,,,
28,1996-08-31,,,,,
28,1996-09-30,,,,,
28,1996-10-31,,,,,
28,1996-11-30,,,,,
28,1996-12-31,,,,,
28,1997-01-31,,,,,
28,1997-02-28,,,,,
28,1997-03-31,,,,,
28,1997-04-30,,,,,
28,1997-05-31,,,,,
28,1997-06-30,,,,,
28,1997-07-31,,,,,
28,1997-08-31,,,,,
28,1997-09-30,,,,,
28,1997-10-31,,,,,
28,1997-11-30,,,,,
28,1997-12-31,,,,,
28,1998-01-31,,,,,
28,1998-02-28,,,,,
28,1998-03-31,,,,,
28,1998-04-30,,,,,2.0
28,1998-05-31,,,,,
28,1998-06-30,,,,,1.0
28,1998-07-31,,,,,
28,1998-08-31,,,,,
28,1998-09-30,,,,,
28,1998-10-31,,,,,
28,1998-11-30,,,,,
28,1998-12-31,,,,,
28,1999-01-31,7.0,,,,829.0
28,1999-02-28,2.0,,,,795.0
28,1999-03-31,15.0,,,,1474.0
28,1999-04-30,40.0,,,,1272.0
28,1999-05-31,15.0,,,,1717.0
28,1999-06-30,,,,,608.0
28,1999-07-31,3.0,,,,466.0
28,1999-08-31,1.0,,,,413.0
28,1999-09-30,1.0,,,,260.0
28,1999-10-31,2.0,,,,177.0
28,1999-11-30,8.0,1.0,,,293.0
28,1999-12-31,12.0,3.0,1.0,,532.0
28,2000-01-31,12.0,3.0,,,1303.0
28,2000-02-29,16.0,3.0,1.0,,1361.0
28,2000-03-31,6.0,,1.0,,1004.0
28,2000-04-30,5.0,,2.0,,1038.0
28,2000-05-31,7.0,,2.0,,895.0
28,2000-06-30,2.0,,,,344.0
28,2000-07-31,1.0,1.0,1.0,,319.0
28,2000-08-31,3.0,1.0,,,217.0
28,2000-09-30,,4.0,,,139.0
28,2000-10-31,,,,,54.0
28,2000-11-30,,,1.0,,81.0
28,2000-12-31,,,1.0,,60.0
28,2001-01-31,2.0,,,,183.0
28,2001-02-28,1.0,,,,210.0
28,2001-03-31,3.0,1.0,1.0,,399.0
28,2001-04-30,1.0,,,,453.0
28,2001-05-31,1.0,,,,781.0
28,2001-06-30,10.0,,,,596.0
28,2001-07-31,5.0,,,,287.0
28,2001-08-31,2.0,,,,227.0
28,2001-09-30,4.0,,,,122.0
28,2001-10-31,,,,,102.0
28,2001-11-30,,,,,91.0
28,2001-12-31,,,,,70.0
28,2002-01-31,2.0,,,,201.0
28,2002-02-28,2.0,,,,384.0
28,2002-03-31,13.0,1.0,1.0,,1056.0
28,2002-04-30,8.0,,,,875.0
28,2002-05-31,3.0,,1.0,,597.0
28,2002-06-30,1.0,,,,655.0
28,2002-07-31,5.0,,1.0,,435.0
28,2002-08-31,4.0,,2.0,,339.0
28,2002-09-30,7.0,,,,185.0
28,2002-10-31,1.0,,,,171.0
28,2002-11-30,1.0,,,,241.0
28,2002-12-31,1.0,,,,118.0
28,2003-01-31,1.0,,,,319.0
28,2003-02-28,1.0,,,,598.0
28,2003-03-31,,,,,849.0
28,2003-04-30,1.0,,,,842.0
28,2003-05-31,1.0,,,,850.0
28,2003-06-30,1.0,,,,545.0
28,2003-07-31,2.0,,3.0,,294.0
28,2003-08-31,1.0,1.0,,,204.0
28,2003-09-30,1.0,,,,103.0
28,2003-10-31,2.0,,,,88.0
28,2003-11-30,,,,,90.0
28,2003-12-31,,,,,56.0
28,2004-01-31,,1.0,,,65.0
28,2004-02-29,,,,,55.0
28,2004-03-31,,,,,71.0
28,2004-04-30,,,,,31.0
28,2004-05-31,,,,,52.0
28,2004-06-30,,,,,43.0
28,2004-07-31,,,,,43.0
28,2004-08-31,,,,,25.0
28,2004-09-30,,,,,24.0
28,2004-10-31,,,,,16.0
28,2004-11-30,,,,,13.0
28,2004-12-31,,,,,12.0
28,2005-01-31,,,,,10.0
28,2005-02-28,,,,,21.0
28,2005-03-31,,,,,46.0
28,2005-04-30,,,,,69.0
28,2005-05-31,1.0,,,,68.0
28,2005-06-30,,,,,99.0
28,2005-07-31,,,,,136.0
28,2005-08-31,,,,,50.0
28,2005-09-30,,,,,33.0
28,2005-10-31,,,,,35.0
28,2005-11-30,,,,,51.0
28,2005-12-31,,,,,41.0
28,2006-01-31,,,,,41.0
28,2006-02-28,,,,,65.0
28,2006-03-31,,,,,72.0
28,2006-04-30,,,,,183.0
28,2006-05-31,,,,,223.0
28,2006-06-30,,,,,144.0
28,2006-07-31,1.0,,,,103.0
28,2006-08-31,1.0,,,,43.0
28,2006-09-30,,,,,64.0
28,2006-10-31,,,,,65.0
28,2006-11-30,,,,,86.0
28,2006-12-31,,,,,59.0
28,2007-01-31,1.0,,,,33.0
28,2007-02-28,1.0,,,,52.0
28,2007-03-31,2.0,,,,95.0
28,2007-04-30,,,,,246.0
28,2007-05-31,2.0,,,,107.0
28,2007-06-30,,,,,170.0
28,2007-07-31,,,,,234.0
28,2007-08-31,,,,,137.0
28,2007-09-30,1.0,,,,121.0
28,2007-10-31,,,,,74.0
28,2007-11-30,,,,,81.0
28,2007-12-31,,,,,142.0
28,2008-01-31,,,,1.0,431.0
28,2008-02-29,1.0,,,1.0,578.0
28,2008-03-31,,,,2.0,3056.0
28,2008-04-30,6.0,,,6.0,13215.0
28,2008-05-31,3.0,,,,10059.0
28,2008-06-30,,,,1.0,1804.0
28,2008-07-31,,,,,239.0
28,2008-08-31,1.0,,,,87.0
28,2008-09-30,,,,,39.0
28,2008-10-31,,,,,51.0
28,2008-11-30,,,,,125.0
28,2008-12-31,,,,,81.0
28,2009-01-31,,,,,111.0
28,2009-02-28,,,,,121.0
28,2009-03-31,,,,,474.0
28,2009-04-30,1.0,,,,362.0
28,2009-05-31,,,,,384.0
28,2009-06-30,,,,,138.0
28,2009-07-31,,,,,68.0
28,2009-08-31,,,,1.0,83.0
28,2009-09-30,,,,,45.0
28,2009-10-31,,,,,27.0
28,2009-11-30,,,,,23.0
28,2009-12-31,,,,,10.0
28,2010-01-31,,,,,18.0
28,2010-02-28,,,,,6.0
28,2010-03-31,,,,,27.0
28,2010-04-30,,,,,52.0
28,2010-05-31,,,,,118.0
28,2010-06-30,,,,,65.0
28,2010-07-31,,,,,79.0
28,2010-08-31,,,,,91.0
28,2010-09-30,,,,,60.0
28,2010-10-31,1.0,,,,64.0
28,2010-11-30,,,,,86.0
28,2010-12-31,1.0,,,,122.0
28,2011-01-31,,,,,130.0
28,2011-02-28,,,,,207.0
28,2011-03-31,3.0,,,,270.0
28,2011-04-30,5.0,,,,499.0
28,2011-05-31,3.0,,,,481.0
28,2011-06-30,2.0,,,,364.0
28,2011-07-31,3.0,,,,488.0
28,2011-08-31,,,,,297.0
28,2011-09-30,,,,,239.0
28,2011-10-31,,,,,250.0
28,2011-11-30,1.0,,,1.0,192.0
28,2011-12-31,,,,,372.0
28,2012-01-31,,,,3.0,432.0
28,2012-02-29,,,,13.0,541.0
28,2012-03-31,,,,14.0,824.0
28,2012-04-30,,,,6.0,909.0
28,2012-05-31,,,,3.0,713.0
28,2012-06-30,,,,3.0,460.0
28,2012-07-31,,,,1.0,295.0
28,2012-08-31,,,,,169.0
28,2012-09-30,,,,,131.0
28,2012-10-31,,,,,85.0
28,2012-11-30,,,,,44.0
28,2012-12-31,,,,,19.0
28,2013-01-31,,,,,31.0
28,2013-02-28,,,,,44.0
28,2013-03-31,,,,,47.0
28,2013-04-30,,,,,76.0
28,2013-05-31,1.0,,,,119.0
28,2013-06-30,,,,,136.0
28,2013-07-31,,,,,61.0
28,2013-08-31,,,,,50.0
28,2013-09-30,,,,,43.0
28,2013-10-31,,,,,56.0
28,2013-11-30,,,,,90.0
28,2013-12-31,,,,,54.0
28,2014-01-31,,,,,36.0
28,2014-02-28,,,,1.0,46.0
28,2014-03-31,,,,,119.0
28,2014-04-30,1.0,,,,207.0
28,2014-05-31,5.0,,,1.0,642.0
28,2014-06-30,,,,1.0,335.0
28,2014-07-31,,,,1.0,244.0
28,2014-08-31,,,,,157.0
28,2014-09-30,,,,1.0,108.0
28,2014-10-31,1.0,,,,97.0
28,2014-11-30,,,,,145.0
28,2014-12-31,,,,,103.0
28,2015-01-31,4.0,,,,336.0
28,2015-02-28,,,,,379.0
28,2015-03-31,,,,,845.0
28,2015-04-30,,,,,905.0
28,2015-05-31,,,,,547.0
28,2015-06-30,,,,,139.0
28,2015-07-31,,,,,116.0
28,2015-08-31,,,,,599.0
28,2015-09-30,,,,,1229.0
28,2015-10-31,1.0,,,,1261.0
28,2015-11-30,,,,,1731.0
28,2015-12-31,2.0,,,,1092.0
28,2016-01-31,1.0,,,,498.0
28,2016-02-29,,,,,1072.0
28,2016-03-31,,,,,531.0
28,2016-04-30,,,,,491.0
28,2016-05-31,,,,,154.0
28,2016-06-30,,,,,96.0
28,2016-07-31,,,,,154.0
28,2016-08-31,,,,,154.0
28,2016-09-30,,,,,96.0
28,2016-10-31,,,,,103.0
28,2016-11-30,,,,,67.0
28,2016-12-31,,,,,102.0
28,2017-01-31,,,,,82.0
28,2017-02-28,,,,,35.0
28,2017-03-31,,,,,41.0
28,2017-04-30,,,,,113.0
28,2017-05-31,,,,,73.0
28,2017-06-30,,,,,49.0
28,2017-07-31,,,,,30.0
28,2017-08-31,,,,,29.0
28,2017-09-30,,,,,59.0
28,2017-10-31,,,,,37.0
28,2017-11-30,,,,,32.0
28,2017-12-31,,,,,19.0
28,2018-01-31,,,,,10.0
28,2018-02-28,,,,,10.0
28,2018-03-31,,,,,23.0
28,2018-04-30,,,,,20.0
28,2018-05-31,,,,,41.0
28,2018-06-30,,,,,21.0
28,2018-07-31,1.0,,,,26.0
28,2018-08-31,,,,,18.0
28,2018-09-30,,,,,16.0
28,2018-10-31,,,,,18.0
28,2018-11-30,,,,,23.0
28,2018-12-31,,,,,11.0
28,2019-01-31,,,,,16.0
28,2019-02-28,,,,,18.0
28,2019-03-31,6.0,,,,64.0
28,2019-04-30,18.0,,,,116.0
28,2019-05-31,28.0,8.0,,,498.0
28,2019-06-30,85.0,27.0,,,1098.0
28,2019-07-31,60.0,19.0,,,1474.0
28,2019-08-31,46.0,26.0,,,1445.0
28,2019-09-30,21.0,5.0,,,606.0
28,2019-10-31,9.0,2.0,,,356.0
28,2019-11-30,4.0,6.0,,,231.0
28,2019-12-31,,,,,63.0
28,2020-01-31,1.0,,,,49.0
28,2020-02-29,,,,,46.0
28,2020-03-31,,,,,51.0
28,2020-04-30,,,,,49.0
28,2020-05-31,6.0,,,,195.0
28,2020-06-30,1.0,2.0,,,367.0
28,2020-07-31,,1.0,,,406.0
28,2020-08-31,,,,,349.0
28,2020-09-30,1.0,1.0,,,151.0
28,2020-10-31,,,,,118.0
28,2020-11-30,,,,,42.0
28,2020-12-31,,,,,33.0
28,2021-01-31,,,,,23.0
28,2021-02-28,,,,,17.0
28,2021-03-31,,,,,17.0
28,2021-04-30,1.0,,,,32.0
28,2021-05-31,,,,,42.0
28,2021-06-30,,,,,73.0
28,2021-07-31,1.0,,,,182.0
28,2021-08-31,,,,,117.0
28,2021-09-30,2.0,1.0,,,102.0
28,2021-10-31,2.0,2.0,,,68.0
28,2021-11-30,,1.0,,,42.0
28,2021-12-31,1.0,3.0,,,49.0
28,2022-01-31,,,,,14.0
28,2022-02-28,1.0,8.0,,,46.0
28,2022-03-31,3.0,12.0,,,91.0
28,2022-04-30,9.0,25.0,,,380.0
28,2022-05-31,24.0,64.0,,,720.0
28,2022-06-30,29.0,121.0,,,1040.0
28,2022-07-31,17.0,94.0,,1.0,1228.0
28,2022-08-31,10.0,57.0,,,719.0
28,2022-09-30,8.0,10.0,,,367.0
28,2022-10-31,3.0,9.0,,,289.0
28,2022-11-30,4.0,3.0,,,140.0
28,2022-12-31,4.0,3.0,,,169.0
28,2023-01-31,6.0,20.0,,,171.0
28,2023-02-28,10.0,28.0,,,220.0
28,2023-03-31,10.0,54.0,,,250.0
28,2023-04-30,6.0,42.0,,,339.0
28,2023-05-31,4.0,51.0,,,284.0
28,2023-06-30,13.0,35.0,,,415.0
28,2023-07-31,27.0,20.0,,,446.0
28,2023-08-31,24.0,8.0,,,270.0
28,2023-09-30,11.0,3.0,,,204.0
28,2023-10-31,13.0,6.0,,,126.0
28,2023-11-30,12.0,4.0,,,93.0
28,2023-12-31,2.0,4.0,,,62.0
28,2024-01-31,5.0,6.0,,,66.0
28,2024-02-29,10.0,10.0,,,187.0
28,2024-03-31,29.0,50.0,,,401.0
28,2024-04-30,24.0,40.0,,,303.0
28,2024-05-31,14.0,41.0,,,187.0
28,2024-06-30,41.0,49.0,,,272.0
28,2024-07-31,18.0,22.0,,,169.0
28,2024-08-31,23.0,28.0,,,142.0
28,2024-09-30,11.0,11.0,,,67.0
28,2024-10-31,6.0,4.0,,,63.0
28,2024-11-30,2.0,2.0,,,40.0
28,2024-12-31,1.0,,,,18.0
28,2025-01-31,,1.0,,,29.0
28,2025-02-28,2.0,1.0,,,43.0
28,2025-03-31,1.0,,,,169.0
28,2025-04-30,4.0,1.0,,,282.0
28,2025-05-31,2.0,,,,95.0
28,2025-06-30,,,,,
28,2025-07-31,,,,,
28,2025-08-31,,,,,
28,2025-09-30,,,,,
28,2025-10-31,,,,,
28,2025-11-30,,,,,
28,2025-12-31,,,,,
29,1996-01-31,,,,,1.0
29,1996-02-29,,,,,
29,1996-03-31,,,,,
29,1996-04-30,,,,,
29,1996-05-31,,,,,
29,1996-06-30,,,,,
29,1996-07-31,,,,,
29,1996-08-31,,,,,
29,1996-09-30,,,,,
29,1996-10-31,,,,,
29,1996-11-30,,,,,
29,1996-12-31,,,,,
29,1997-01-31,,,,,
29,1997-02-28,,,,,
29,1997-03-31,,,,,
29,1997-04-30,,,,,
29,1997-05-31,,,,,
29,1997-06-30,,,,,
29,1997-07-31,,,,,
29,1997-08-31,,,,,
29,1997-09-30,,,,,
29,1997-10-31,,,,,
29,1997-11-30,,,,,3.0
29,1997-12-31,,,,,1.0
29,1998-01-31,,,,,53.0
29,1998-02-28,,,,,58.0
29,1998-03-31,1.0,,,,101.0
29,1998-04-30,1.0,,,,168.0
29,1998-05-31,2.0,,,,108.0
29,1998-06-30,,,,,8.0
29,1998-07-31,,,,,6.0
29,1998-08-31,,,,,10.0
29,1998-09-30,,,,,13.0
29,1998-10-31,1.0,,,,37.0
29,1998-11-30,,,,,16.0
29,1998-12-31,,,,,4.0
29,1999-01-31,,,,,30.0
29,1999-02-28,,,,,96.0
29,1999-03-31,,,,,237.0
29,1999-04-30,,,,,401.0
29,1999-05-31,,,,,26.0
29,1999-06-30,,,,,21.0
29,1999-07-31,,,,,16.0
29,1999-08-31,,,,,13.0
29,1999-09-30,,,,,7.0
29,1999-10-31,,,,,65.0
29,1999-11-30,,,,,49.0
29,1999-12-31,,,,,19.0
29,2000-01-31,6.0,,,,1418.0
29,2000-02-29,1.0,,3.0,,1188.0
29,2000-03-31,,,,,1595.0
29,2000-04-30,9.0,1.0,2.0,,1884.0
29,2000-05-31,6.0,,1.0,,823.0
29,2000-06-30,4.0,,,,429.0
29,2000-07-31,1.0,,,,290.0
29,2000-08-31,1.0,1.0,,,100.0
29,2000-09-30,,,,,182.0
29,2000-10-31,2.0,,,,219.0
29,2000-11-30,5.0,1.0,3.0,,467.0
29,2000-12-31,2.0,,2.0,,708.0
29,2001-01-31,72.0,1.0,2.0,,1529.0
29,2001-02-28,28.0,,2.0,,3615.0
29,2001-03-31,32.0,2.0,1.0,,6026.0
29,2001-04-30,25.0,2.0,10.0,,5111.0
29,2001-05-31,20.0,1.0,1.0,,4399.0
29,2001-06-30,3.0,1.0,1.0,,2577.0
29,2001-07-31,2.0,,2.0,,1041.0
29,2001-08-31,3.0,,,,692.0
29,2001-09-30,4.0,,,,709.0
29,2001-10-31,3.0,,,,501.0
29,2001-11-30,2.0,,3.0,,670.0
29,2001-12-31,1.0,,,,1089.0
29,2002-01-31,30.0,7.0,17.0,,3470.0
29,2002-02-28,41.0,9.0,41.0,,13003.0
29,2002-03-31,69.0,6.0,25.0,1.0,32261.0
29,2002-04-30,34.0,4.0,3.0,,15355.0
29,2002-05-31,8.0,1.0,5.0,,5551.0
29,2002-06-30,5.0,,3.0,,2326.0
29,2002-07-31,2.0,,1.0,,907.0
29,2002-08-31,,,2.0,,976.0
29,2002-09-30,,,1.0,,889.0
29,2002-10-31,,,1.0,,807.0
29,2002-11-30,,,1.0,,961.0
29,2002-12-31,,,3.0,,918.0
29,2003-01-31,1.0,1.0,1.0,,2264.0
29,2003-02-28,7.0,2.0,3.0,,5854.0
29,2003-03-31,7.0,1.0,5.0,,13104.0
29,2003-04-30,4.0,,,,9763.0
29,2003-05-31,11.0,1.0,,1.0,6858.0
29,2003-06-30,,,,,1817.0
29,2003-07-31,1.0,,,,937.0
29,2003-08-31,,,,,534.0
29,2003-09-30,,,,,315.0
29,2003-10-31,,,,,359.0
29,2003-11-30,1.0,,,,435.0
29,2003-12-31,,,,,347.0
29,2004-01-31,,,3.0,,429.0
29,2004-02-29,,,3.0,,658.0
29,2004-03-31,,,1.0,,1161.0
29,2004-04-30,,,1.0,,606.0
29,2004-05-31,1.0,,4.0,,715.0
29,2004-06-30,,,1.0,,356.0
29,2004-07-31,,,,,263.0
29,2004-08-31,,,,,87.0
29,2004-09-30,,,,,48.0
29,2004-10-31,,,,,43.0
29,2004-11-30,,,1.0,,76.0
29,2004-12-31,,,,,114.0
29,2005-01-31,,,,,807.0
29,2005-02-28,,,1.0,,1499.0
29,2005-03-31,17.0,1.0,,1.0,4064.0
29,2005-04-30,10.0,,14.0,,5586.0
29,2005-05-31,,,1.0,,2935.0
29,2005-06-30,1.0,,1.0,,1121.0
29,2005-07-31,,1.0,2.0,,578.0
29,2005-08-31,,,1.0,,299.0
29,2005-09-30,,,,,268.0
29,2005-10-31,,,,,282.0
29,2005-11-30,,,1.0,,284.0
29,2005-12-31,,,2.0,,317.0
29,2006-01-31,,,5.0,,542.0
29,2006-02-28,,,3.0,,703.0
29,2006-03-31,1.0,,7.0,,1072.0
29,2006-04-30,5.0,,,,1569.0
29,2006-05-31,3.0,,3.0,,993.0
29,2006-06-30,,,1.0,,442.0
29,2006-07-31,2.0,,,,274.0
29,2006-08-31,,,,,143.0
29,2006-09-30,,,2.0,,154.0
29,2006-10-31,,,12.0,,216.0
29,2006-11-30,1.0,,,,344.0
29,2006-12-31,,,2.0,,358.0
29,2007-01-31,4.0,1.0,5.0,,629.0
29,2007-02-28,5.0,,5.0,,737.0
29,2007-03-31,8.0,1.0,3.0,1.0,1814.0
29,2007-04-30,6.0,1.0,4.0,,1397.0
29,2007-05-31,3.0,,2.0,1.0,1053.0
29,2007-06-30,6.0,,1.0,,765.0
29,2007-07-31,1.0,,,,626.0
29,2007-08-31,1.0,,2.0,,491.0
29,2007-09-30,,,,,377.0
29,2007-10-31,1.0,1.0,,,397.0
29,2007-11-30,,,1.0,,501.0
29,2007-12-31,,,,,646.0
29,2008-01-31,2.0,,2.0,,1135.0
29,2008-02-29,2.0,11.0,8.0,,2409.0
29,2008-03-31,11.0,8.0,12.0,8.0,6411.0
29,2008-04-30,38.0,9.0,11.0,5.0,12085.0
29,2008-05-31,6.0,4.0,,5.0,7899.0
29,2008-06-30,4.0,4.0,,1.0,2276.0
29,2008-07-31,2.0,,,2.0,1089.0
29,2008-08-31,1.0,2.0,1.0,1.0,737.0
29,2008-09-30,1.0,,,1.0,337.0
29,2008-10-31,3.0,3.0,,,648.0
29,2008-11-30,,1.0,,,1485.0
29,2008-12-31,1.0,,,3.0,1094.0
29,2009-01-31,7.0,7.0,1.0,2.0,7067.0
29,2009-02-28,9.0,14.0,,4.0,15652.0
29,2009-03-31,25.0,38.0,5.0,1.0,31088.0
29,2009-04-30,12.0,18.0,,2.0,23298.0
29,2009-05-31,17.0,15.0,,,13011.0
29,2009-06-30,7.0,6.0,,,3608.0
29,2009-07-31,1.0,,,,1709.0
29,2009-08-31,2.0,,,1.0,1282.0
29,2009-09-30,,,,1.0,603.0
29,2009-10-31,1.0,1.0,,,590.0
29,2009-11-30,3.0,,,1.0,790.0
29,2009-12-31,6.0,10.0,,,1131.0
29,2010-01-31,7.0,16.0,,4.0,2667.0
29,2010-02-28,10.0,14.0,1.0,2.0,3476.0
29,2010-03-31,31.0,20.0,3.0,3.0,6425.0
29,2010-04-30,29.0,12.0,,3.0,6879.0
29,2010-05-31,107.0,49.0,2.0,8.0,10559.0
29,2010-06-30,73.0,39.0,,4.0,5199.0
29,2010-07-31,57.0,18.0,1.0,3.0,3540.0
29,2010-08-31,41.0,4.0,1.0,3.0,1629.0
29,2010-09-30,23.0,3.0,,,1139.0
29,2010-10-31,2.0,1.0,,1.0,1130.0
29,2010-11-30,8.0,2.0,,1.0,1343.0
29,2010-12-31,13.0,5.0,,,1966.0
29,2011-01-31,26.0,3.0,,2.0,2813.0
29,2011-02-28,141.0,10.0,,4.0,4066.0
29,2011-03-31,49.0,1.0,,3.0,5865.0
29,2011-04-30,79.0,5.0,,10.0,9358.0
29,2011-05-31,28.0,7.0,1.0,14.0,5676.0
29,2011-06-30,21.0,8.0,,22.0,3466.0
29,2011-07-31,24.0,1.0,,15.0,2468.0
29,2011-08-31,5.0,,,4.0,1131.0
29,2011-09-30,13.0,1.0,,1.0,798.0
29,2011-10-31,3.0,,,3.0,994.0
29,2011-11-30,1.0,4.0,,,981.0
29,2011-12-31,1.0,,,12.0,1960.0
29,2012-01-31,10.0,1.0,,28.0,3246.0
29,2012-02-29,12.0,,,20.0,4250.0
29,2012-03-31,44.0,1.0,,73.0,10568.0
29,2012-04-30,68.0,3.0,,23.0,9853.0
29,2012-05-31,45.0,1.0,,31.0,8244.0
29,2012-06-30,24.0,,,24.0,5037.0
29,2012-07-31,6.0,,,14.0,2375.0
29,2012-08-31,10.0,,,8.0,1502.0
29,2012-09-30,5.0,,,7.0,1106.0
29,2012-10-31,2.0,,1.0,2.0,635.0
29,2012-11-30,2.0,,,2.0,840.0
29,2012-12-31,3.0,4.0,,8.0,1445.0
29,2013-01-31,12.0,,1.0,20.0,4683.0
29,2013-02-28,21.0,,,30.0,9823.0
29,2013-03-31,108.0,1.0,2.0,55.0,20361.0
29,2013-04-30,52.0,5.0,2.0,26.0,12581.0
29,2013-05-31,26.0,,,7.0,6530.0
29,2013-06-30,5.0,1.0,,4.0,3330.0
29,2013-07-31,5.0,1.0,,3.0,1353.0
29,2013-08-31,1.0,,,4.0,1007.0
29,2013-09-30,3.0,,,1.0,709.0
29,2013-10-31,1.0,,,3.0,549.0
29,2013-11-30,1.0,,,1.0,740.0
29,2013-12-31,,,,2.0,535.0
29,2014-01-31,3.0,,,2.0,693.0
29,2014-02-28,7.0,,,14.0,1040.0
29,2014-03-31,9.0,,,31.0,1645.0
29,2014-04-30,5.0,3.0,,91.0,2563.0
29,2014-05-31,5.0,,,87.0,2925.0
29,2014-06-30,3.0,,,35.0,1298.0
29,2014-07-31,5.0,,,19.0,810.0
29,2014-08-31,1.0,,,9.0,834.0
29,2014-09-30,,,,2.0,566.0
29,2014-10-31,,,,1.0,573.0
29,2014-11-30,,,,,562.0
29,2014-12-31,2.0,,,,371.0
29,2015-01-31,,,,,946.0
29,2015-02-28,6.0,,,,2729.0
29,2015-03-31,7.0,,,1.0,8584.0
29,2015-04-30,9.0,,,1.0,9913.0
29,2015-05-31,17.0,,,2.0,9879.0
29,2015-06-30,3.0,,,,4753.0
29,2015-07-31,5.0,1.0,,,4268.0
29,2015-08-31,2.0,,,,3690.0
29,2015-09-30,1.0,,,,2094.0
29,2015-10-31,2.0,,,,1984.0
29,2015-11-30,5.0,1.0,,,2307.0
29,2015-12-31,4.0,,,,4071.0
29,2016-01-31,2.0,,,,7893.0
29,2016-02-29,3.0,,,,19884.0
29,2016-03-31,15.0,1.0,1.0,2.0,18788.0
29,2016-04-30,3.0,,,1.0,11087.0
29,2016-05-31,3.0,,,,3417.0
29,2016-06-30,,,,,1590.0
29,2016-07-31,,,,,1085.0
29,2016-08-31,1.0,,,,626.0
29,2016-09-30,,,,,553.0
29,2016-10-31,1.0,,,,813.0
29,2016-11-30,,,,,719.0
29,2016-12-31,,,,,1259.0
29,2017-01-31,1.0,,,,1969.0
29,2017-02-28,1.0,,,,1693.0
29,2017-03-31,,,,,1213.0
29,2017-04-30,3.0,,,,1366.0
29,2017-05-31,7.0,1.0,,6.0,855.0
29,2017-06-30,,2.0,,,625.0
29,2017-07-31,3.0,1.0,,,651.0
29,2017-08-31,,,,,415.0
29,2017-09-30,1.0,,,,393.0
29,2017-10-31,,,,,320.0
29,2017-11-30,,,,,268.0
29,2017-12-31,,,,,337.0
29,2018-01-31,1.0,,,,581.0
29,2018-02-28,1.0,1.0,,,589.0
29,2018-03-31,,,,,1223.0
29,2018-04-30,1.0,,,,1718.0
29,2018-05-31,1.0,2.0,,,1620.0
29,2018-06-30,2.0,2.0,,,1077.0
29,2018-07-31,,1.0,,,484.0
29,2018-08-31,13.0,,,,446.0
29,2018-09-30,3.0,2.0,,,414.0
29,2018-10-31,8.0,,,,408.0
29,2018-11-30,16.0,,,,529.0
29,2018-12-31,16.0,,,,661.0
29,2019-01-31,23.0,,,,2110.0
29,2019-02-28,5.0,,,,4415.0
29,2019-03-31,10.0,1.0,,,6426.0
29,2019-04-30,15.0,21.0,,,7652.0
29,2019-05-31,28.0,14.0,,1.0,13104.0
29,2019-06-30,29.0,16.0,,,12825.0
29,2019-07-31,38.0,4.0,,,6715.0
29,2019-08-31,27.0,3.0,,,5488.0
29,2019-09-30,16.0,,,,3145.0
29,2019-10-31,13.0,,,,2376.0
29,2019-11-30,64.0,,,1.0,2539.0
29,2019-12-31,14.0,,,,1312.0
29,2020-01-31,19.0,,,,2327.0
29,2020-02-29,21.0,,,,7280.0
29,2020-03-31,22.0,1.0,,,9346.0
29,2020-04-30,30.0,2.0,,1.0,15608.0
29,2020-05-31,61.0,2.0,,3.0,23460.0
29,2020-06-30,36.0,2.0,,,12702.0
29,2020-07-31,8.0,4.0,,,6484.0
29,2020-08-31,10.0,,,,2653.0
29,2020-09-30,1.0,,,,1148.0
29,2020-10-31,1.0,,,,1005.0
29,2020-11-30,,,,,743.0
29,2020-12-31,1.0,,,,613.0
29,2021-01-31,,,,,1182.0
29,2021-02-28,6.0,,1.0,,3636.0
29,2021-03-31,4.0,,,,4657.0
29,2021-04-30,4.0,,,,4824.0
29,2021-05-31,2.0,,,,4871.0
29,2021-06-30,,,,,1906.0
29,2021-07-31,3.0,,,,1028.0
29,2021-08-31,1.0,,,,390.0
29,2021-09-30,2.0,,,,304.0
29,2021-10-31,2.0,,1.0,,358.0
29,2021-11-30,4.0,,,,500.0
29,2021-12-31,1.0,,,,1216.0
29,2022-01-31,4.0,1.0,,,1466.0
29,2022-02-28,4.0,,,,2483.0
29,2022-03-31,12.0,,,,5199.0
29,2022-04-30,29.0,8.0,,,9496.0
29,2022-05-31,28.0,9.0,,,6685.0
29,2022-06-30,12.0,1.0,,1.0,3213.0
29,2022-07-31,11.0,3.0,,,2080.0
29,2022-08-31,7.0,2.0,,,1225.0
29,2022-09-30,5.0,,,,811.0
29,2022-10-31,3.0,,,,1096.0
29,2022-11-30,2.0,1.0,,,907.0
29,2022-12-31,4.0,,,,1253.0
29,2023-01-31,7.0,4.0,,,3166.0
29,2023-02-28,31.0,9.0,,,4960.0
29,2023-03-31,43.0,9.0,,,5288.0
29,2023-04-30,90.0,23.0,,,6596.0
29,2023-05-31,131.0,55.0,,,5886.0
29,2023-06-30,115.0,88.0,1.0,,5650.0
29,2023-07-31,255.0,264.0,,,5941.0
29,2023-08-31,117.0,238.0,,,3233.0
29,2023-09-30,66.0,232.0,,,2538.0
29,2023-10-31,20.0,69.0,,,1421.0
29,2023-11-30,7.0,50.0,,,1272.0
29,2023-12-31,16.0,58.0,,,1662.0
29,2024-01-31,45.0,71.0,,,3545.0
29,2024-02-29,342.0,352.0,,1.0,20820.0
29,2024-03-31,1123.0,1889.0,,2.0,81428.0
29,2024-04-30,469.0,933.0,1.0,,65867.0
29,2024-05-31,375.0,625.0,,1.0,34944.0
29,2024-06-30,172.0,363.0,1.0,1.0,13051.0
29,2024-07-31,61.0,143.0,,,4225.0
29,2024-08-31,40.0,56.0,,,2779.0
29,2024-09-30,11.0,10.0,,,1506.0
29,2024-10-31,6.0,14.0,,,1128.0
29,2024-11-30,2.0,14.0,,,1707.0
29,2024-12-31,2.0,14.0,,,1554.0
29,2025-01-31,3.0,14.0,,,2453.0
29,2025-02-28,7.0,52.0,,4.0,3925.0
29,2025-03-31,8.0,104.0,,,5544.0
29,2025-04-30,7.0,90.0,2.0,2.0,4479.0
29,2025-05-31,,3.0,,,1017.0
29,2025-06-30,,,,,
29,2025-07-31,,,,,
29,2025-08-31,,,,,
29,2025-09-30,,,,,
29,2025-10-31,,,,,
29,2025-11-30,,,,,
29,2025-12-31,,,,,
31,1996-01-31,,,,,
31,1996-02-29,,,,,
31,1996-03-31,,,,,
31,1996-04-30,,,,,
31,1996-05-31,,,,,
31,1996-06-30,,,,,
31,1996-07-31,,,,,
31,1996-08-31,,,,,
31,1996-09-30,,,,,
31,1996-10-31,,,,,
31,1996-11-30,,,,,
31,1996-12-31,,,,,
31,1997-01-31,,,,,
31,1997-02-28,,,,,
31,1997-03-31,,,,,
31,1997-04-30,,,,,
31,1997-05-31,,,,,
31,1997-06-30,,,,,
31,1997-07-31,,,,,
31,1997-08-31,,,,,
31,1997-09-30,,,,,
31,1997-10-31,,,,,
31,1997-11-30,,,,,
31,1997-12-31,,,,,
31,1998-01-31,,,,,
31,1998-02-28,,,,,
31,1998-03-31,,,,,
31,1998-04-30,,,,,2.0
31,1998-05-31,,,,,
31,1998-06-30,,,,,
31,1998-07-31,,,,,
31,1998-08-31,,,,,
31,1998-09-30,,,,,
31,1998-10-31,,,,,
31,1998-11-30,,,,,
31,1998-12-31,,,,,
31,1999-01-31,1.0,,,,15.0
31,1999-02-28,,,,,29.0
31,1999-03-31,,,,,55.0
31,1999-04-30,,,,,269.0
31,1999-05-31,,,1.0,,1359.0
31,1999-06-30,,,,,302.0
31,1999-07-31,,1.0,,,58.0
31,1999-08-31,,,,,7.0
31,1999-09-30,,,,,7.0
31,1999-10-31,,,,,4.0
31,1999-11-30,,,,,4.0
31,1999-12-31,,,,,19.0
31,2000-01-31,,,,,349.0
31,2000-02-29,,,,,2940.0
31,2000-03-31,,,,,3227.0
31,2000-04-30,1.0,,,,1333.0
31,2000-05-31,,,1.0,,97.0
31,2000-06-30,,,,,26.0
31,2000-07-31,,,,,8.0
31,2000-08-31,,,,,3.0
31,2000-09-30,,,,,3.0
31,2000-10-31,,,,,2.0
31,2000-11-30,,,,,4.0
31,2000-12-31,,,,,13.0
31,2001-01-31,2.0,,2.0,1.0,2030.0
31,2001-02-28,9.0,13.0,17.0,,4172.0
31,2001-03-31,66.0,83.0,42.0,,8376.0
31,2001-04-30,33.0,28.0,13.0,,7748.0
31,2001-05-31,34.0,11.0,6.0,,4847.0
31,2001-06-30,17.0,8.0,,,1671.0
31,2001-07-31,7.0,2.0,4.0,,440.0
31,2001-08-31,1.0,,,,178.0
31,2001-09-30,5.0,1.0,,,233.0
31,2001-10-31,,,,,179.0
31,2001-11-30,7.0,,,,503.0
31,2001-12-31,,,4.0,,1400.0
31,2002-01-31,24.0,6.0,19.0,,3354.0
31,2002-02-28,30.0,30.0,75.0,,8726.0
31,2002-03-31,18.0,17.0,32.0,,13403.0
31,2002-04-30,26.0,21.0,12.0,,7047.0
31,2002-05-31,33.0,20.0,4.0,,4182.0
31,2002-06-30,3.0,5.0,2.0,,1007.0
31,2002-07-31,5.0,2.0,,,156.0
31,2002-08-31,1.0,5.0,,,109.0
31,2002-09-30,,,,,62.0
31,2002-10-31,,,1.0,,55.0
31,2002-11-30,,9.0,1.0,,323.0
31,2002-12-31,1.0,5.0,1.0,,389.0
31,2003-01-31,16.0,4.0,,,808.0
31,2003-02-28,23.0,10.0,1.0,,2328.0
31,2003-03-31,7.0,12.0,6.0,,5014.0
31,2003-04-30,,9.0,6.0,,2978.0
31,2003-05-31,4.0,8.0,5.0,,1973.0
31,2003-06-30,,4.0,,,464.0
31,2003-07-31,,,,,101.0
31,2003-08-31,,,,,89.0
31,2003-09-30,1.0,1.0,,,41.0
31,2003-10-31,,1.0,,,57.0
31,2003-11-30,,1.0,4.0,,176.0
31,2003-12-31,,,1.0,,254.0
31,2004-01-31,,2.0,,,1015.0
31,2004-02-29,,1.0,11.0,,2104.0
31,2004-03-31,,3.0,2.0,,5141.0
31,2004-04-30,,1.0,3.0,,2637.0
31,2004-05-31,1.0,1.0,,,2086.0
31,2004-06-30,2.0,1.0,1.0,,531.0
31,2004-07-31,,,1.0,,105.0
31,2004-08-31,,,,,21.0
31,2004-09-30,,1.0,,,16.0
31,2004-10-31,,,,,24.0
31,2004-11-30,,,,,42.0
31,2004-12-31,,,,,88.0
31,2005-01-31,,,,,236.0
31,2005-02-28,,1.0,,,679.0
31,2005-03-31,,,12.0,,1675.0
31,2005-04-30,,1.0,,,3703.0
31,2005-05-31,,,1.0,,2208.0
31,2005-06-30,,,,,942.0
31,2005-07-31,,,,,301.0
31,2005-08-31,,,,,185.0
31,2005-09-30,,,,,93.0
31,2005-10-31,,,,,124.0
31,2005-11-30,,,,,324.0
31,2005-12-31,,,,,665.0
31,2006-01-31,,,1.0,,2195.0
31,2006-02-28,2.0,,14.0,,4661.0
31,2006-03-31,19.0,,14.0,,5936.0
31,2006-04-30,15.0,,20.0,,9038.0
31,2006-05-31,17.0,,5.0,,4933.0
31,2006-06-30,6.0,,1.0,,1234.0
31,2006-07-31,1.0,,,,301.0
31,2006-08-31,,,,,68.0
31,2006-09-30,,,,,92.0
31,2006-10-31,,,,,184.0
31,2006-11-30,,,,,515.0
31,2006-12-31,,,6.0,,903.0
31,2007-01-31,5.0,,,1.0,1496.0
31,2007-02-28,7.0,,5.0,1.0,2660.0
31,2007-03-31,35.0,1.0,45.0,3.0,8492.0
31,2007-04-30,61.0,1.0,32.0,17.0,7959.0
31,2007-05-31,26.0,,4.0,3.0,4768.0
31,2007-06-30,11.0,,,2.0,1569.0
31,2007-07-31,3.0,,1.0,,348.0
31,2007-08-31,,,,,137.0
31,2007-09-30,23.0,,,,134.0
31,2007-10-31,19.0,,,,212.0
31,2007-11-30,8.0,,1.0,,312.0
31,2007-12-31,8.0,,,,445.0
31,2008-01-31,3.0,1.0,2.0,,1321.0
31,2008-02-29,8.0,1.0,6.0,,2699.0
31,2008-03-31,46.0,2.0,48.0,1.0,9839.0
31,2008-04-30,110.0,17.0,62.0,,19729.0
31,2008-05-31,60.0,13.0,14.0,1.0,13012.0
31,2008-06-30,23.0,,3.0,,3113.0
31,2008-07-31,4.0,,,,510.0
31,2008-08-31,1.0,,,,238.0
31,2008-09-30,2.0,,,,163.0
31,2008-10-31,2.0,,,,267.0
31,2008-11-30,22.0,,,,783.0
31,2008-12-31,5.0,,,,607.0
31,2009-01-31,1.0,2.0,,,2978.0
31,2009-02-28,11.0,10.0,6.0,,6184.0
31,2009-03-31,58.0,16.0,27.0,,13334.0
31,2009-04-30,74.0,4.0,14.0,,13198.0
31,2009-05-31,64.0,2.0,5.0,,11487.0
31,2009-06-30,14.0,1.0,,,2438.0
31,2009-07-31,9.0,,,,999.0
31,2009-08-31,,,,,335.0
31,2009-09-30,3.0,,,,135.0
31,2009-10-31,3.0,,,,349.0
31,2009-11-30,4.0,3.0,,,1058.0
31,2009-12-31,11.0,19.0,,1.0,2736.0
31,2010-01-31,122.0,13.0,5.0,,13983.0
31,2010-02-28,162.0,16.0,2.0,1.0,27817.0
31,2010-03-31,335.0,12.0,6.0,2.0,49658.0
31,2010-04-30,319.0,4.0,,2.0,58801.0
31,2010-05-31,109.0,2.0,4.0,5.0,51432.0
31,2010-06-30,12.0,2.0,,,7937.0
31,2010-07-31,17.0,,,,2556.0
31,2010-08-31,1.0,,,,703.0
31,2010-09-30,2.0,,1.0,,560.0
31,2010-10-31,1.0,,,,534.0
31,2010-11-30,2.0,,,,729.0
31,2010-12-31,1.0,,,1.0,1446.0
31,2011-01-31,13.0,,,,3817.0
31,2011-02-28,23.0,2.0,,,5603.0
31,2011-03-31,16.0,,,1.0,6355.0
31,2011-04-30,44.0,1.0,,,9837.0
31,2011-05-31,9.0,,,,6789.0
31,2011-06-30,8.0,,,,2021.0
31,2011-07-31,1.0,,,,850.0
31,2011-08-31,,,,,416.0
31,2011-09-30,,,,,365.0
31,2011-10-31,2.0,,,,546.0
31,2011-11-30,,,,1.0,775.0
31,2011-12-31,3.0,,,,1326.0
31,2012-01-31,11.0,,,,2107.0
31,2012-02-29,12.0,,,1.0,2360.0
31,2012-03-31,19.0,1.0,,5.0,4266.0
31,2012-04-30,26.0,,,6.0,4506.0
31,2012-05-31,12.0,,,1.0,3671.0
31,2012-06-30,14.0,,,2.0,3029.0
31,2012-07-31,4.0,,,1.0,1259.0
31,2012-08-31,1.0,,,,672.0
31,2012-09-30,1.0,,,1.0,629.0
31,2012-10-31,1.0,,,,584.0
31,2012-11-30,3.0,,,,922.0
31,2012-12-31,3.0,,,2.0,5725.0
31,2013-01-31,43.0,1.0,,29.0,29444.0
31,2013-02-28,91.0,,,68.0,50590.0
31,2013-03-31,158.0,,,28.0,156786.0
31,2013-04-30,179.0,,,13.0,127714.0
31,2013-05-31,69.0,,,6.0,36281.0
31,2013-06-30,34.0,,,,11015.0
31,2013-07-31,22.0,,,,1884.0
31,2013-08-31,4.0,,,,940.0
31,2013-09-30,1.0,,,,898.0
31,2013-10-31,1.0,,,,701.0
31,2013-11-30,1.0,,,,1220.0
31,2013-12-31,10.0,1.0,,,1388.0
31,2014-01-31,13.0,,,,3455.0
31,2014-02-28,12.0,,,2.0,7978.0
31,2014-03-31,41.0,,,,12130.0
31,2014-04-30,76.0,,,,14043.0
31,2014-05-31,71.0,,,2.0,12104.0
31,2014-06-30,7.0,1.0,,3.0,3702.0
31,2014-07-31,10.0,,,,1163.0
31,2014-08-31,6.0,,,,703.0
31,2014-09-30,6.0,,,,585.0
31,2014-10-31,3.0,,,1.0,649.0
31,2014-11-30,3.0,,,,992.0
31,2014-12-31,3.0,,,,829.0
31,2015-01-31,9.0,,,,4541.0
31,2015-02-28,34.0,,,,8985.0
31,2015-03-31,149.0,1.0,1.0,1.0,23897.0
31,2015-04-30,103.0,,1.0,1.0,49966.0
31,2015-05-31,208.0,2.0,,5.0,65126.0
31,2015-06-30,56.0,,,,15756.0
31,2015-07-31,23.0,,,,3911.0
31,2015-08-31,4.0,1.0,,,1920.0
31,2015-09-30,1.0,,,,1029.0
31,2015-10-31,10.0,,,,1542.0
31,2015-11-30,11.0,,,,3432.0
31,2015-12-31,30.0,,,,10453.0
31,2016-01-31,109.0,1.0,,,55658.0
31,2016-02-29,104.0,1.0,,,125735.0
31,2016-03-31,145.0,4.0,1.0,2.0,145044.0
31,2016-04-30,101.0,,,4.0,146832.0
31,2016-05-31,20.0,,1.0,,39182.0
31,2016-06-30,4.0,,,,8627.0
31,2016-07-31,2.0,,,,2223.0
31,2016-08-31,3.0,,,,918.0
31,2016-09-30,,,,,670.0
31,2016-10-31,2.0,,,,1058.0
31,2016-11-30,1.0,,,,1097.0
31,2016-12-31,1.0,,,,1791.0
31,2017-01-31,13.0,,,,4349.0
31,2017-02-28,1.0,,,,4399.0
31,2017-03-31,4.0,,,,4572.0
31,2017-04-30,2.0,1.0,,,4678.0
31,2017-05-31,4.0,,,,2713.0
31,2017-06-30,,,,,1600.0
31,2017-07-31,2.0,,,,825.0
31,2017-08-31,1.0,,,,462.0
31,2017-09-30,,,,,600.0
31,2017-10-31,3.0,,,,587.0
31,2017-11-30,,,,,588.0
31,2017-12-31,3.0,1.0,,,1115.0
31,2018-01-31,3.0,2.0,,,1799.0
31,2018-02-28,1.0,6.0,,1.0,2184.0
31,2018-03-31,3.0,6.0,,,4823.0
31,2018-04-30,5.0,4.0,,,6990.0
31,2018-05-31,6.0,2.0,,,4375.0
31,2018-06-30,1.0,,,,1984.0
31,2018-07-31,,,,,753.0
31,2018-08-31,1.0,,,,499.0
31,2018-09-30,1.0,,,,616.0
31,2018-10-31,1.0,,,,697.0
31,2018-11-30,1.0,1.0,,,1139.0
31,2018-12-31,7.0,3.0,,,3293.0
31,2019-01-31,6.0,24.0,,,11876.0
31,2019-02-28,22.0,87.0,1.0,3.0,29131.0
31,2019-03-31,24.0,145.0,,1.0,79295.0
31,2019-04-30,25.0,103.0,2.0,2.0,130074.0
31,2019-05-31,30.0,70.0,1.0,3.0,147113.0
31,2019-06-30,18.0,27.0,,1.0,64204.0
31,2019-07-31,6.0,9.0,,,7507.0
31,2019-08-31,2.0,14.0,,,2455.0
31,2019-09-30,4.0,,,,1883.0
31,2019-10-31,1.0,,,,1459.0
31,2019-11-30,1.0,1.0,,,1733.0
31,2019-12-31,5.0,,,,1945.0
31,2020-01-31,6.0,46.0,,,6039.0
31,2020-02-29,18.0,44.0,,,14918.0
31,2020-03-31,20.0,27.0,,,15568.0
31,2020-04-30,40.0,4.0,,1.0,17099.0
31,2020-05-31,18.0,5.0,,,14578.0
31,2020-06-30,6.0,3.0,,,4684.0
31,2020-07-31,10.0,3.0,,,2523.0
31,2020-08-31,2.0,,,,1679.0
31,2020-09-30,1.0,,,,1159.0
31,2020-10-31,,,,,1266.0
31,2020-11-30,1.0,,,,1318.0
31,2020-12-31,,,,,1422.0
31,2021-01-31,,,,,1814.0
31,2021-02-28,,,,,2813.0
31,2021-03-31,3.0,5.0,,,4210.0
31,2021-04-30,3.0,,,,3626.0
31,2021-05-31,7.0,1.0,,,3229.0
31,2021-06-30,2.0,,,,1635.0
31,2021-07-31,1.0,,,,894.0
31,2021-08-31,,,,,547.0
31,2021-09-30,,,,,526.0
31,2021-10-31,1.0,,,,630.0
31,2021-11-30,,,,,765.0
31,2021-12-31,2.0,,,,1291.0
31,2022-01-31,2.0,,,,2651.0
31,2022-02-28,9.0,1.0,,,3855.0
31,2022-03-31,56.0,3.0,,,11018.0
31,2022-04-30,253.0,13.0,,1.0,28895.0
31,2022-05-31,265.0,2.0,,,20570.0
31,2022-06-30,124.0,1.0,,,7581.0
31,2022-07-31,55.0,1.0,,,3444.0
31,2022-08-31,21.0,,,,1431.0
31,2022-09-30,11.0,,,,1185.0
31,2022-10-31,3.0,,,,1769.0
31,2022-11-30,6.0,,,,2071.0
31,2022-12-31,27.0,4.0,,,4835.0
31,2023-01-31,108.0,6.0,,,13989.0
31,2023-02-28,350.0,17.0,,1.0,40886.0
31,2023-03-31,903.0,34.0,,3.0,78452.0
31,2023-04-30,1789.0,45.0,,1.0,122573.0
31,2023-05-31,1164.0,13.0,,1.0,66806.0
31,2023-06-30,420.0,12.0,,,22758.0
31,2023-07-31,143.0,1.0,,,7851.0
31,2023-08-31,25.0,2.0,,,3320.0
31,2023-09-30,52.0,2.0,,,3772.0
31,2023-10-31,48.0,2.0,,,4740.0
31,2023-11-30,171.0,2.0,1.0,1.0,10271.0
31,2023-12-31,808.0,15.0,,,30475.0
31,2024-01-31,6804.0,183.0,9.0,3.0,109806.0
31,2024-02-29,20871.0,756.0,71.0,4.0,352888.0
31,2024-03-31,25451.0,1502.0,90.0,10.0,610547.0
31,2024-04-30,11582.0,1531.0,75.0,1.0,339118.0
31,2024-05-31,4907.0,1074.0,27.0,1.0,164012.0
31,2024-06-30,1057.0,265.0,4.0,2.0,53854.0
31,2024-07-31,126.0,44.0,3.0,,9294.0
31,2024-08-31,43.0,34.0,5.0,,5040.0
31,2024-09-30,23.0,4.0,3.0,,3530.0
31,2024-10-31,19.0,15.0,1.0,,3675.0
31,2024-11-30,25.0,35.0,10.0,,8155.0
31,2024-12-31,19.0,93.0,91.0,,8713.0
31,2025-01-31,31.0,425.0,133.0,,16334.0
31,2025-02-28,36.0,1395.0,212.0,1.0,31453.0
31,2025-03-31,61.0,2635.0,153.0,2.0,45160.0
31,2025-04-30,28.0,501.0,19.0,1.0,34661.0
31,2025-05-31,1.0,16.0,2.0,,8412.0
31,2025-06-30,,,,,
31,2025-07-31,,,,,
31,2025-08-31,,,,,
31,2025-09-30,,,,,
31,2025-10-31,,,,,
31,2025-11-30,,,,,
31,2025-12-31,,,,,
32,1996-01-31,,,,,
32,1996-02-29,,,,,
32,1996-03-31,,,,,
32,1996-04-30,,,,,
32,1996-05-31,,,,,
32,1996-06-30,,,,,
32,1996-07-31,,,,,
32,1996-08-31,,,,,
32,1996-09-30,,,,,
32,1996-10-31,,,,,
32,1996-11-30,,,,,
32,1996-12-31,,,,,
32,1997-01-31,,,,,
32,1997-02-28,,,,,
32,1997-03-31,,,,,
32,1997-04-30,,,,,
32,1997-05-31,,,,,
32,1997-06-30,,,,,
32,1997-07-31,,,,,
32,1997-08-31,,,,,
32,1997-09-30,,,,,
32,1997-10-31,,,,,
32,1997-11-30,,,,,
32,1997-12-31,,,,,
32,1998-01-31,,,,,9.0
32,1998-02-28,3.0,,,,25.0
32,1998-03-31,1.0,,,,31.0
32,1998-04-30,2.0,,,,89.0
32,1998-05-31,1.0,,,,28.0
32,1998-06-30,,,,,3.0
32,1998-07-31,,,,,2.0
32,1998-08-31,,,,,1.0
32,1998-09-30,,,,,
32,1998-10-31,,,,,1.0
32,1998-11-30,,,,,2.0
32,1998-12-31,,,,,4.0
32,1999-01-31,,,,,29.0
32,1999-02-28,,,,,24.0
32,1999-03-31,,,,,28.0
32,1999-04-30,,,,,58.0
32,1999-05-31,,,,,132.0
32,1999-06-30,,,,,40.0
32,1999-07-31,,,,,37.0
32,1999-08-31,,,1.0,,33.0
32,1999-09-30,,,,,36.0
32,1999-10-31,,,,,22.0
32,1999-11-30,,,,,34.0
32,1999-12-31,,,1.0,,194.0
32,2000-01-31,1.0,,,,700.0
32,2000-02-29,,,,,1957.0
32,2000-03-31,,,,,3963.0
32,2000-04-30,1.0,1.0,,,5984.0
32,2000-05-31,,,,,3564.0
32,2000-06-30,,,,,1187.0
32,2000-07-31,,,1.0,,426.0
32,2000-08-31,3.0,1.0,,,116.0
32,2000-09-30,,,,,76.0
32,2000-10-31,,,,,64.0
32,2000-11-30,,,,,69.0
32,2000-12-31,,,,,167.0
32,2001-01-31,,,,,695.0
32,2001-02-28,1.0,,,,1252.0
32,2001-03-31,,,,,1426.0
32,2001-04-30,1.0,,,,1305.0
32,2001-05-31,,,,,1079.0
32,2001-06-30,,,,,757.0
32,2001-07-31,1.0,,,,434.0
32,2001-08-31,1.0,,,,175.0
32,2001-09-30,,,,,133.0
32,2001-10-31,,,,,101.0
32,2001-11-30,,,,,112.0
32,2001-12-31,6.0,,,,168.0
32,2002-01-31,10.0,,1.0,,1081.0
32,2002-02-28,17.0,,5.0,,5319.0
32,2002-03-31,9.0,,1.0,,10288.0
32,2002-04-30,1.0,,,,3745.0
32,2002-05-31,,1.0,2.0,,1749.0
32,2002-06-30,,,,,1039.0
32,2002-07-31,,,,,410.0
32,2002-08-31,,,,,354.0
32,2002-09-30,,,,,212.0
32,2002-10-31,,,,,213.0
32,2002-11-30,,,,,458.0
32,2002-12-31,,,,,542.0
32,2003-01-31,,,4.0,,1752.0
32,2003-02-28,2.0,,15.0,,8326.0
32,2003-03-31,,,1.0,,12368.0
32,2003-04-30,,,,,3495.0
32,2003-05-31,,,1.0,,1882.0
32,2003-06-30,,,,,769.0
32,2003-07-31,,,,,274.0
32,2003-08-31,,,1.0,,98.0
32,2003-09-30,,,2.0,,71.0
32,2003-10-31,,,,,78.0
32,2003-11-30,,,,,126.0
32,2003-12-31,,,1.0,,145.0
32,2004-01-31,,,,,327.0
32,2004-02-29,,,4.0,,483.0
32,2004-03-31,,,5.0,,865.0
32,2004-04-30,,,11.0,,609.0
32,2004-05-31,1.0,,2.0,,652.0
32,2004-06-30,,,,,240.0
32,2004-07-31,,,,,146.0
32,2004-08-31,,,2.0,,66.0
32,2004-09-30,,,,,24.0
32,2004-10-31,,,,,28.0
32,2004-11-30,,,,,31.0
32,2004-12-31,,,,,48.0
32,2005-01-31,,,7.0,,130.0
32,2005-02-28,,,1.0,,330.0
32,2005-03-31,,,3.0,,402.0
32,2005-04-30,1.0,,10.0,,554.0
32,2005-05-31,,,7.0,,487.0
32,2005-06-30,,,8.0,,355.0
32,2005-07-31,,,1.0,,164.0
32,2005-08-31,,,2.0,,95.0
32,2005-09-30,,,2.0,,45.0
32,2005-10-31,,,,,79.0
32,2005-11-30,,,,,45.0
32,2005-12-31,,,,,33.0
32,2006-01-31,,,1.0,,362.0
32,2006-02-28,1.0,,6.0,,986.0
32,2006-03-31,1.0,,8.0,,1498.0
32,2006-04-30,,,3.0,,2638.0
32,2006-05-31,,,4.0,,2481.0
32,2006-06-30,,,1.0,,1015.0
32,2006-07-31,,,,,471.0
32,2006-08-31,,,2.0,,217.0
32,2006-09-30,,,,,107.0
32,2006-10-31,,,,,101.0
32,2006-11-30,,,,,115.0
32,2006-12-31,,,,,111.0
32,2007-01-31,1.0,,1.0,,485.0
32,2007-02-28,1.0,,8.0,,864.0
32,2007-03-31,2.0,,,,1173.0
32,2007-04-30,,,1.0,,1455.0
32,2007-05-31,1.0,,,,1145.0
32,2007-06-30,3.0,1.0,,,684.0
32,2007-07-31,1.0,,,,429.0
32,2007-08-31,,,2.0,,149.0
32,2007-09-30,,,,,131.0
32,2007-10-31,,,,,80.0
32,2007-11-30,,,,,123.0
32,2007-12-31,1.0,,,,144.0
32,2008-01-31,,,,,437.0
32,2008-02-29,3.0,,,,750.0
32,2008-03-31,9.0,2.0,3.0,,4584.0
32,2008-04-30,2.0,10.0,5.0,,8708.0
32,2008-05-31,,10.0,,,6206.0
32,2008-06-30,1.0,4.0,1.0,1.0,1901.0
32,2008-07-31,,,,,482.0
32,2008-08-31,1.0,1.0,1.0,,347.0
32,2008-09-30,,,,,130.0
32,2008-10-31,,,,,193.0
32,2008-11-30,3.0,,,,652.0
32,2008-12-31,3.0,,,,1054.0
32,2009-01-31,7.0,,,,3173.0
32,2009-02-28,1.0,,,,5571.0
32,2009-03-31,,1.0,,1.0,7420.0
32,2009-04-30,4.0,,,,7109.0
32,2009-05-31,1.0,1.0,1.0,,9556.0
32,2009-06-30,1.0,,,,3416.0
32,2009-07-31,,1.0,,,1075.0
32,2009-08-31,,,,,603.0
32,2009-09-30,,,,,184.0
32,2009-10-31,,,,,115.0
32,2009-11-30,,,,,234.0
32,2009-12-31,,5.0,,,370.0
32,2010-01-31,,5.0,,,830.0
32,2010-02-28,5.0,2.0,,,1179.0
32,2010-03-31,6.0,7.0,,,2791.0
32,2010-04-30,6.0,1.0,,,3799.0
32,2010-05-31,11.0,12.0,,,6100.0
32,2010-06-30,9.0,5.0,1.0,,3231.0
32,2010-07-31,14.0,7.0,,,2220.0
32,2010-08-31,12.0,1.0,,,1328.0
32,2010-09-30,4.0,,,,784.0
32,2010-10-31,3.0,2.0,,,838.0
32,2010-11-30,3.0,,,,1109.0
32,2010-12-31,3.0,,1.0,1.0,1796.0
32,2011-01-31,16.0,,5.0,,2658.0
32,2011-02-28,32.0,6.0,,2.0,4690.0
32,2011-03-31,84.0,4.0,,1.0,5638.0
32,2011-04-30,162.0,20.0,,,8868.0
32,2011-05-31,142.0,12.0,,,7842.0
32,2011-06-30,56.0,4.0,,,4188.0
32,2011-07-31,3.0,1.0,,1.0,2165.0
32,2011-08-31,1.0,,,,751.0
32,2011-09-30,,,,,383.0
32,2011-10-31,,,,,472.0
32,2011-11-30,2.0,,,,606.0
32,2011-12-31,,,1.0,,779.0
32,2012-01-31,4.0,,,,906.0
32,2012-02-29,7.0,3.0,,2.0,795.0
32,2012-03-31,8.0,2.0,,3.0,1141.0
32,2012-04-30,31.0,,,3.0,1088.0
32,2012-05-31,18.0,1.0,,1.0,932.0
32,2012-06-30,19.0,,,4.0,1220.0
32,2012-07-31,5.0,,,3.0,826.0
32,2012-08-31,3.0,1.0,,,578.0
32,2012-09-30,,,,1.0,688.0
32,2012-10-31,2.0,,,12.0,665.0
32,2012-11-30,,,,12.0,769.0
32,2012-12-31,2.0,,,36.0,2515.0
32,2013-01-31,8.0,,,32.0,6127.0
32,2013-02-28,7.0,,,28.0,8944.0
32,2013-03-31,8.0,,,53.0,19300.0
32,2013-04-30,1.0,,,10.0,13627.0
32,2013-05-31,8.0,,,5.0,9574.0
32,2013-06-30,3.0,,,,4945.0
32,2013-07-31,1.0,,,1.0,2096.0
32,2013-08-31,,,,,1449.0
32,2013-09-30,,,,,882.0
32,2013-10-31,,,,,795.0
32,2013-11-30,1.0,,,,829.0
32,2013-12-31,,,,,801.0
32,2014-01-31,1.0,,,1.0,2496.0
32,2014-02-28,1.0,,,2.0,2160.0
32,2014-03-31,8.0,,,3.0,2594.0
32,2014-04-30,6.0,,,2.0,2327.0
32,2014-05-31,8.0,,,2.0,2799.0
32,2014-06-30,1.0,,1.0,,1883.0
32,2014-07-31,2.0,,,1.0,1257.0
32,2014-08-31,5.0,,,,1106.0
32,2014-09-30,,,,,775.0
32,2014-10-31,,,,1.0,522.0
32,2014-11-30,,,,,730.0
32,2014-12-31,,,,,472.0
32,2015-01-31,1.0,,,1.0,931.0
32,2015-02-28,7.0,,,1.0,635.0
32,2015-03-31,20.0,,,,1163.0
32,2015-04-30,13.0,,,3.0,2024.0
32,2015-05-31,17.0,,,3.0,4649.0
32,2015-06-30,13.0,,,,3373.0
32,2015-07-31,10.0,,,,2740.0
32,2015-08-31,6.0,,,1.0,2999.0
32,2015-09-30,16.0,,,,2397.0
32,2015-10-31,8.0,,,,3972.0
32,2015-11-30,1.0,,,,3824.0
32,2015-12-31,10.0,,,,6009.0
32,2016-01-31,8.0,,,,10968.0
32,2016-02-29,9.0,,,,10580.0
32,2016-03-31,11.0,,,,8681.0
32,2016-04-30,6.0,,,,7539.0
32,2016-05-31,4.0,,,,1743.0
32,2016-06-30,,,,,667.0
32,2016-07-31,1.0,,,,472.0
32,2016-08-31,,,,,322.0
32,2016-09-30,,,,,329.0
32,2016-10-31,,,,,368.0
32,2016-11-30,,,,,455.0
32,2016-12-31,,,,,1010.0
32,2017-01-31,2.0,,,,1177.0
32,2017-02-28,1.0,,,,728.0
32,2017-03-31,,,,,1220.0
32,2017-04-30,1.0,,,,956.0
32,2017-05-31,,,,,667.0
32,2017-06-30,,,,,542.0
32,2017-07-31,2.0,,,,357.0
32,2017-08-31,1.0,,,,275.0
32,2017-09-30,,,,,233.0
32,2017-10-31,,,,,187.0
32,2017-11-30,,,,,193.0
32,2017-12-31,,,,,341.0
32,2018-01-31,,,,,396.0
32,2018-02-28,4.0,,,,405.0
32,2018-03-31,,4.0,,,1175.0
32,2018-04-30,,14.0,,,1294.0
32,2018-05-31,3.0,2.0,,,1183.0
32,2018-06-30,3.0,3.0,,,1293.0
32,2018-07-31,,2.0,,,882.0
32,2018-08-31,,4.0,,,702.0
32,2018-09-30,,,,,577.0
32,2018-10-31,,1.0,,,537.0
32,2018-11-30,,,,,493.0
32,2018-12-31,1.0,4.0,,,1290.0
32,2019-01-31,2.0,14.0,,,2749.0
32,2019-02-28,3.0,17.0,,,3701.0
32,2019-03-31,5.0,26.0,,,7426.0
32,2019-04-30,2.0,23.0,,,8601.0
32,2019-05-31,3.0,21.0,,,11625.0
32,2019-06-30,3.0,20.0,,,14816.0
32,2019-07-31,,3.0,,,6443.0
32,2019-08-31,,,,,3335.0
32,2019-09-30,,,,,1552.0
32,2019-10-31,,,,,1195.0
32,2019-11-30,,,,,1481.0
32,2019-12-31,,,,,1749.0
32,2020-01-31,1.0,4.0,,,2334.0
32,2020-02-29,,3.0,,,3007.0
32,2020-03-31,,,,,1918.0
32,2020-04-30,,,,,167.0
32,2020-05-31,,,,,2.0
32,2020-06-30,,,,,2.0
32,2020-07-31,,,,,1.0
32,2020-08-31,,,,,1.0
32,2020-09-30,,,,,
32,2020-10-31,,,,,1.0
32,2020-11-30,,,,,3.0
32,2020-12-31,,,,,2.0
32,2021-01-31,,,,,4.0
32,2021-02-28,,,,,
32,2021-03-31,,,,,2.0
32,2021-04-30,,,,,9.0
32,2021-05-31,,,,,9.0
32,2021-06-30,,,,,1.0
32,2021-07-31,,,,,4.0
32,2021-08-31,,,,,
32,2021-09-30,,,,,
32,2021-10-31,,,,,
32,2021-11-30,,,,,
32,2021-12-31,,,,,3.0
32,2022-01-31,,,,,3.0
32,2022-02-28,,,,,3.0
32,2022-03-31,,,,,5.0
32,2022-04-30,,,,,14.0
32,2022-05-31,,,,,12.0
32,2022-06-30,,,,,3.0
32,2022-07-31,,,,,7.0
32,2022-08-31,,,,,2.0
32,2022-09-30,,,,,1.0
32,2022-10-31,,,,,5.0
32,2022-11-30,,,,,3.0
32,2022-12-31,,,,,8.0
32,2023-01-31,2.0,,,,21.0
32,2023-02-28,,,,,28.0
32,2023-03-31,,,,,44.0
32,2023-04-30,2.0,,,,53.0
32,2023-05-31,1.0,,,,39.0
32,2023-06-30,,,,,24.0
32,2023-07-31,,1.0,,,9.0
32,2023-08-31,,,,,4.0
32,2023-09-30,1.0,,,,8.0
32,2023-10-31,,,,,6.0
32,2023-11-30,,,,,2.0
32,2023-12-31,,,,,14.0
32,2024-01-31,,3.0,,,47.0
32,2024-02-29,2.0,,,,111.0
32,2024-03-31,1.0,,,,167.0
32,2024-04-30,,3.0,,,99.0
32,2024-05-31,,,,,65.0
32,2024-06-30,1.0,,,,30.0
32,2024-07-31,,,,,8.0
32,2024-08-31,,,,,12.0
32,2024-09-30,,,,,7.0
32,2024-10-31,,,,,6.0
32,2024-11-30,,,,,8.0
32,2024-12-31,,,,,13.0
32,2025-01-31,,,,,26.0
32,2025-02-28,,,,,30.0
32,2025-03-31,,,,,16.0
32,2025-04-30,,,,,10.0
32,2025-05-31,,,,,1.0
32,2025-06-30,,,,,
32,2025-07-31,,,,,
32,2025-08-31,,,,,
32,2025-09-30,,,,,
32,2025-10-31,,,,,
32,2025-11-30,,,,,
32,2025-12-31,,,,,
33,1996-01-31,,,,,
33,1996-02-29,,,,,
33,1996-03-31,,,,,
33,1996-04-30,,,,,
33,1996-05-31,,,,,
33,1996-06-30,,,,,
33,1996-07-31,,,,,
33,1996-08-31,,,,,
33,1996-09-30,,,,,
33,1996-10-31,,,,,
33,1996-11-30,,,,,
33,1996-12-31,,,,,
33,1997-01-31,,,,,39.0
33,1997-02-28,,,,,215.0
33,1997-03-31,,,,,223.0
33,1997-04-30,,,,,84.0
33,1997-05-31,,,,,89.0
33,1997-06-30,1.0,,,,32.0
33,1997-07-31,,,,,30.0
33,1997-08-31,,,,,22.0
33,1997-09-30,,,,,13.0
33,1997-10-31,,,1.0,,24.0
33,1997-11-30,,,,,34.0
33,1997-12-31,2.0,,,,18.0
33,1998-01-31,3.0,,1.0,,753.0
33,1998-02-28,2.0,,,,966.0
33,1998-03-31,17.0,2.0,3.0,,1400.0
33,1998-04-30,6.0,,2.0,,4257.0
33,1998-05-31,2.0,1.0,,,3510.0
33,1998-06-30,,,,,292.0
33,1998-07-31,,,,,77.0
33,1998-08-31,,,,,53.0
33,1998-09-30,,,,,9.0
33,1998-10-31,,,,,29.0
33,1998-11-30,1.0,,,,48.0
33,1998-12-31,,,,,68.0
33,1999-01-31,,,,,38.0
33,1999-02-28,,,,,49.0
33,1999-03-31,,,,,81.0
33,1999-04-30,,,,,145.0
33,1999-05-31,,,,,92.0
33,1999-06-30,,,,,51.0
33,1999-07-31,,,,,6.0
33,1999-08-31,,,,,13.0
33,1999-09-30,,,,,17.0
33,1999-10-31,,,,,20.0
33,1999-11-30,,,,,2.0
33,1999-12-31,,,,,5.0
33,2000-01-31,,,,,172.0
33,2000-02-29,,,,,191.0
33,2000-03-31,4.0,,,,279.0
33,2000-04-30,1.0,1.0,,,750.0
33,2000-05-31,7.0,2.0,,,850.0
33,2000-06-30,,,1.0,,382.0
33,2000-07-31,2.0,,,,208.0
33,2000-08-31,2.0,,,,57.0
33,2000-09-30,,,,,53.0
33,2000-10-31,,,,,42.0
33,2000-11-30,,,,,52.0
33,2000-12-31,1.0,,,,104.0
33,2001-01-31,44.0,5.0,,,1961.0
33,2001-02-28,34.0,20.0,,,6154.0
33,2001-03-31,33.0,40.0,4.0,,9338.0
33,2001-04-30,26.0,12.0,6.0,,14154.0
33,2001-05-31,6.0,13.0,3.0,,14051.0
33,2001-06-30,3.0,5.0,6.0,,7720.0
33,2001-07-31,,1.0,3.0,,2076.0
33,2001-08-31,,,3.0,,807.0
33,2001-09-30,,,3.0,,536.0
33,2001-10-31,,,,,554.0
33,2001-11-30,,,1.0,,591.0
33,2001-12-31,2.0,,2.0,,2429.0
33,2002-01-31,23.0,5.0,71.0,,33433.0
33,2002-02-28,37.0,5.0,100.0,,75974.0
33,2002-03-31,23.0,2.0,28.0,,101872.0
33,2002-04-30,11.0,,9.0,,25053.0
33,2002-05-31,1.0,,23.0,,5951.0
33,2002-06-30,,,1.0,,1641.0
33,2002-07-31,,,,,540.0
33,2002-08-31,,,,,344.0
33,2002-09-30,1.0,,,,164.0
33,2002-10-31,,,,,358.0
33,2002-11-30,,,,,1179.0
33,2002-12-31,,,,,1018.0
33,2003-01-31,,,1.0,,778.0
33,2003-02-28,,,9.0,,1318.0
33,2003-03-31,1.0,,20.0,,1457.0
33,2003-04-30,,1.0,12.0,,618.0
33,2003-05-31,,,7.0,,415.0
33,2003-06-30,,,2.0,,148.0
33,2003-07-31,,,,,61.0
33,2003-08-31,,,,,74.0
33,2003-09-30,,,,,56.0
33,2003-10-31,,,,,83.0
33,2003-11-30,,,,,380.0
33,2003-12-31,,,,,318.0
33,2004-01-31,,,,,217.0
33,2004-02-29,,,,,132.0
33,2004-03-31,,,,,142.0
33,2004-04-30,,,,,53.0
33,2004-05-31,,,,,45.0
33,2004-06-30,,,,,11.0
33,2004-07-31,,,,,26.0
33,2004-08-31,,,,,41.0
33,2004-09-30,,,,,58.0
33,2004-10-31,,,,,117.0
33,2004-11-30,,,,,116.0
33,2004-12-31,,,,,179.0
33,2005-01-31,,,,,142.0
33,2005-02-28,1.0,,1.0,,97.0
33,2005-03-31,,,,,57.0
33,2005-04-30,,,2.0,,82.0
33,2005-05-31,,,,,39.0
33,2005-06-30,,,,,39.0
33,2005-07-31,,,1.0,,54.0
33,2005-08-31,,,,,86.0
33,2005-09-30,,,,,72.0
33,2005-10-31,,,,,106.0
33,2005-11-30,,,1.0,,136.0
33,2005-12-31,,,6.0,,333.0
33,2006-01-31,1.0,,9.0,,1637.0
33,2006-02-28,,1.0,7.0,,3744.0
33,2006-03-31,2.0,,9.0,,6094.0
33,2006-04-30,1.0,,6.0,,8306.0
33,2006-05-31,,,2.0,,3103.0
33,2006-06-30,,,3.0,,1033.0
33,2006-07-31,,,,,561.0
33,2006-08-31,,,3.0,,713.0
33,2006-09-30,,,,,293.0
33,2006-10-31,,,1.0,,208.0
33,2006-11-30,,,1.0,,232.0
33,2006-12-31,,,8.0,,686.0
33,2007-01-31,,,15.0,1.0,1961.0
33,2007-02-28,4.0,,7.0,1.0,4356.0
33,2007-03-31,5.0,1.0,21.0,4.0,12283.0
33,2007-04-30,3.0,3.0,22.0,3.0,12359.0
33,2007-05-31,2.0,1.0,13.0,2.0,9331.0
33,2007-06-30,,1.0,8.0,,4750.0
33,2007-07-31,,2.0,1.0,,2203.0
33,2007-08-31,,2.0,1.0,,1120.0
33,2007-09-30,,,3.0,,936.0
33,2007-10-31,,,,,935.0
33,2007-11-30,,4.0,2.0,,1811.0
33,2007-12-31,,2.0,5.0,,4271.0
33,2008-01-31,3.0,9.0,2.0,,12976.0
33,2008-02-29,1.0,20.0,7.0,,16413.0
33,2008-03-31,6.0,61.0,7.0,1.0,71606.0
33,2008-04-30,5.0,8.0,2.0,2.0,84895.0
33,2008-05-31,2.0,9.0,,1.0,34839.0
33,2008-06-30,,2.0,,,6611.0
33,2008-07-31,,,,,2400.0
33,2008-08-31,,,,,2102.0
33,2008-09-30,,,1.0,,735.0
33,2008-10-31,,,,,1376.0
33,2008-11-30,,,1.0,,1240.0
33,2008-12-31,,,,,1128.0
33,2009-01-31,4.0,,,,1937.0
33,2009-02-28,,,,,1801.0
33,2009-03-31,2.0,1.0,,,1521.0
33,2009-04-30,,,,,1031.0
33,2009-05-31,1.0,,,1.0,841.0
33,2009-06-30,,1.0,,,430.0
33,2009-07-31,,,,,255.0
33,2009-08-31,,,,,102.0
33,2009-09-30,,2.0,,,74.0
33,2009-10-31,,,,,56.0
33,2009-11-30,1.0,,,,184.0
33,2009-12-31,3.0,,,,285.0
33,2010-01-31,5.0,3.0,1.0,,1391.0
33,2010-02-28,7.0,1.0,,6.0,1857.0
33,2010-03-31,6.0,14.0,,2.0,2758.0
33,2010-04-30,7.0,18.0,,,4196.0
33,2010-05-31,16.0,9.0,2.0,2.0,7699.0
33,2010-06-30,4.0,3.0,,,3416.0
33,2010-07-31,4.0,4.0,,,2603.0
33,2010-08-31,1.0,,,,1475.0
33,2010-09-30,3.0,,,,969.0
33,2010-10-31,1.0,,,,614.0
33,2010-11-30,3.0,1.0,1.0,,874.0
33,2010-12-31,7.0,,1.0,,1934.0
33,2011-01-31,44.0,2.0,,3.0,4936.0
33,2011-02-28,31.0,11.0,7.0,,15293.0
33,2011-03-31,64.0,4.0,1.0,4.0,23808.0
33,2011-04-30,104.0,31.0,,7.0,57577.0
33,2011-05-31,59.0,7.0,,,34685.0
33,2011-06-30,6.0,1.0,,,12841.0
33,2011-07-31,3.0,,,,5041.0
33,2011-08-31,4.0,,,,1703.0
33,2011-09-30,2.0,,,,1193.0
33,2011-10-31,2.0,,,,2216.0
33,2011-11-30,2.0,,,,2323.0
33,2011-12-31,16.0,,1.0,4.0,5404.0
33,2012-01-31,12.0,,,35.0,7503.0
33,2012-02-29,17.0,,1.0,101.0,12195.0
33,2012-03-31,13.0,,,201.0,35271.0
33,2012-04-30,10.0,,1.0,151.0,45477.0
33,2012-05-31,3.0,,1.0,63.0,40128.0
33,2012-06-30,8.0,,,23.0,24213.0
33,2012-07-31,,,,7.0,5852.0
33,2012-08-31,,,,2.0,3095.0
33,2012-09-30,1.0,,,4.0,2278.0
33,2012-10-31,,,,9.0,1225.0
33,2012-11-30,,,1.0,19.0,1587.0
33,2012-12-31,4.0,,1.0,18.0,3198.0
33,2013-01-31,4.0,,,23.0,12993.0
33,2013-02-28,7.0,,,72.0,27200.0
33,2013-03-31,8.0,,2.0,138.0,79826.0
33,2013-04-30,5.0,,3.0,69.0,58505.0
33,2013-05-31,3.0,,1.0,25.0,23429.0
33,2013-06-30,2.0,,,12.0,8861.0
33,2013-07-31,1.0,,,,2236.0
33,2013-08-31,,,,2.0,1270.0
33,2013-09-30,,,,,823.0
33,2013-10-31,,,,,647.0
33,2013-11-30,3.0,,,,871.0
33,2013-12-31,,,,,866.0
33,2014-01-31,,,,2.0,1451.0
33,2014-02-28,3.0,,,4.0,1003.0
33,2014-03-31,1.0,,,,961.0
33,2014-04-30,3.0,,,4.0,707.0
33,2014-05-31,5.0,,,4.0,885.0
33,2014-06-30,10.0,,,4.0,502.0
33,2014-07-31,12.0,,,1.0,368.0
33,2014-08-31,,,,,432.0
33,2014-09-30,,,1.0,1.0,361.0
33,2014-10-31,1.0,,,1.0,393.0
33,2014-11-30,2.0,,,,412.0
33,2014-12-31,14.0,,,1.0,381.0
33,2015-01-31,58.0,,,,2645.0
33,2015-02-28,9.0,,,2.0,3556.0
33,2015-03-31,23.0,1.0,,5.0,9053.0
33,2015-04-30,54.0,,,4.0,12363.0
33,2015-05-31,41.0,,,7.0,17391.0
33,2015-06-30,25.0,,,1.0,7290.0
33,2015-07-31,32.0,,,1.0,3780.0
33,2015-08-31,16.0,,,,3459.0
33,2015-09-30,4.0,1.0,,,1643.0
33,2015-10-31,5.0,,,,1774.0
33,2015-11-30,22.0,,,,2745.0
33,2015-12-31,20.0,,,,6713.0
33,2016-01-31,84.0,,1.0,,17858.0
33,2016-02-29,12.0,,,,16081.0
33,2016-03-31,11.0,,,,14826.0
33,2016-04-30,16.0,,,,21604.0
33,2016-05-31,5.0,,,,8632.0
33,2016-06-30,4.0,,,,3394.0
33,2016-07-31,,,,3.0,2243.0
33,2016-08-31,,,,1.0,746.0
33,2016-09-30,1.0,,,3.0,571.0
33,2016-10-31,,,,,581.0
33,2016-11-30,1.0,,,1.0,666.0
33,2016-12-31,2.0,,,9.0,1077.0
33,2017-01-31,,3.0,,26.0,1552.0
33,2017-02-28,,1.0,,2.0,1446.0
33,2017-03-31,,,,,1412.0
33,2017-04-30,,,,2.0,1684.0
33,2017-05-31,,,,,1102.0
33,2017-06-30,,,,,846.0
33,2017-07-31,1.0,,1.0,1.0,671.0
33,2017-08-31,,,,,345.0
33,2017-09-30,,,,,424.0
33,2017-10-31,,,,,415.0
33,2017-11-30,,,,,431.0
33,2017-12-31,,,,,684.0
33,2018-01-31,,,,,1020.0
33,2018-02-28,1.0,,,,1534.0
33,2018-03-31,,,,1.0,3084.0
33,2018-04-30,1.0,,,,2811.0
33,2018-05-31,,1.0,,1.0,1791.0
33,2018-06-30,,,,,1293.0
33,2018-07-31,,,,,855.0
33,2018-08-31,,,,,508.0
33,2018-09-30,,,,1.0,409.0
33,2018-10-31,,,,,350.0
33,2018-11-30,,,,,433.0
33,2018-12-31,,,,,805.0
33,2019-01-31,,3.0,,,1326.0
33,2019-02-28,1.0,3.0,,,1181.0
33,2019-03-31,,27.0,,1.0,3401.0
33,2019-04-30,,19.0,,,6917.0
33,2019-05-31,,14.0,,,9355.0
33,2019-06-30,,7.0,,,5585.0
33,2019-07-31,,1.0,,,1709.0
33,2019-08-31,,,,,830.0
33,2019-09-30,2.0,,,,454.0
33,2019-10-31,,,,,457.0
33,2019-11-30,,,,,532.0
33,2019-12-31,,,,,439.0
33,2020-01-31,,1.0,,,917.0
33,2020-02-29,1.0,13.0,,,1244.0
33,2020-03-31,2.0,7.0,,,758.0
33,2020-04-30,2.0,17.0,,,459.0
33,2020-05-31,2.0,27.0,,,346.0
33,2020-06-30,3.0,1.0,,,152.0
33,2020-07-31,,,,,132.0
33,2020-08-31,,,,,128.0
33,2020-09-30,,,,,102.0
33,2020-10-31,,,,,124.0
33,2020-11-30,1.0,,,,124.0
33,2020-12-31,,,,,97.0
33,2021-01-31,,,,,95.0
33,2021-02-28,,3.0,,,159.0
33,2021-03-31,3.0,14.0,,,298.0
33,2021-04-30,2.0,46.0,,,605.0
33,2021-05-31,3.0,30.0,,,543.0
33,2021-06-30,2.0,18.0,,,342.0
33,2021-07-31,3.0,12.0,,,266.0
33,2021-08-31,,3.0,,,134.0
33,2021-09-30,,,,,96.0
33,2021-10-31,,,,,94.0
33,2021-11-30,1.0,,,,83.0
33,2021-12-31,,3.0,,,123.0
33,2022-01-31,2.0,2.0,,,105.0
33,2022-02-28,9.0,21.0,,,243.0
33,2022-03-31,11.0,91.0,,,806.0
33,2022-04-30,127.0,178.0,,,2021.0
33,2022-05-31,219.0,170.0,,,2846.0
33,2022-06-30,132.0,68.0,,,1673.0
33,2022-07-31,88.0,46.0,,,1041.0
33,2022-08-31,25.0,8.0,,,512.0
33,2022-09-30,14.0,1.0,,,345.0
33,2022-10-31,15.0,4.0,,,516.0
33,2022-11-30,7.0,2.0,,,439.0
33,2022-12-31,25.0,10.0,,,535.0
33,2023-01-31,121.0,27.0,,,1221.0
33,2023-02-28,283.0,57.0,,,2804.0
33,2023-03-31,745.0,120.0,,,5584.0
33,2023-04-30,1665.0,264.0,,,9283.0
33,2023-05-31,1634.0,232.0,,,7043.0
33,2023-06-30,1051.0,203.0,,,5073.0
33,2023-07-31,605.0,132.0,,,3352.0
33,2023-08-31,263.0,77.0,,,2040.0
33,2023-09-30,211.0,50.0,,,1762.0
33,2023-10-31,213.0,56.0,,,1621.0
33,2023-11-30,477.0,184.0,,,2643.0
33,2023-12-31,1476.0,609.0,,1.0,7398.0
33,2024-01-31,2998.0,1673.0,,,22933.0
33,2024-02-29,2874.0,1855.0,,,74884.0
33,2024-03-31,2115.0,1785.0,2.0,,105472.0
33,2024-04-30,873.0,901.0,,,45036.0
33,2024-05-31,531.0,654.0,,,26000.0
33,2024-06-30,136.0,251.0,,,12729.0
33,2024-07-31,68.0,105.0,,,5119.0
33,2024-08-31,39.0,70.0,,,3549.0
33,2024-09-30,8.0,31.0,,,2218.0
33,2024-10-31,10.0,31.0,,2.0,1476.0
33,2024-11-30,7.0,41.0,1.0,,1932.0
33,2024-12-31,15.0,56.0,,,1281.0
33,2025-01-31,59.0,167.0,,,2675.0
33,2025-02-28,90.0,533.0,,,6740.0
33,2025-03-31,55.0,469.0,,,7063.0
33,2025-04-30,32.0,183.0,,,5400.0
33,2025-05-31,3.0,12.0,,,1679.0
33,2025-06-30,,,,,
33,2025-07-31,,,,,
33,2025-08-31,,,,,
33,2025-09-30,,,,,
33,2025-10-31,,,,,
33,2025-11-30,,,,,
33,2025-12-31,,,,,
35,1996-01-31,,,,,
35,1996-02-29,,,,,
35,1996-03-31,,,,,
35,1996-04-30,,,,,
35,1996-05-31,,,,,
35,1996-06-30,,,,,
35,1996-07-31,,,,,
35,1996-08-31,,,,,
35,1996-09-30,,,,,
35,1996-10-31,,,,,
35,1996-11-30,,,,,
35,1996-12-31,,,,,
35,1997-01-31,,,,,1.0
35,1997-02-28,,,,,
35,1997-03-31,,,,,
35,1997-04-30,,,,,
35,1997-05-31,,,,,
35,1997-06-30,,,,,
35,1997-07-31,,,,,
35,1997-08-31,,,,,
35,1997-09-30,,,,,
35,1997-10-31,,,,,
35,1997-11-30,,,,,
35,1997-12-31,,,,,
35,1998-01-31,19.0,2.0,,,870.0
35,1998-02-28,10.0,1.0,4.0,,2177.0
35,1998-03-31,9.0,4.0,4.0,,4682.0
35,1998-04-30,29.0,5.0,3.0,,6845.0
35,1998-05-31,11.0,9.0,4.0,,7508.0
35,1998-06-30,4.0,1.0,1.0,,2723.0
35,1998-07-31,2.0,,,,691.0
35,1998-08-31,,,1.0,,573.0
35,1998-09-30,1.0,,2.0,,418.0
35,1998-10-31,,2.0,2.0,,628.0
35,1998-11-30,1.0,,1.0,,693.0
35,1998-12-31,1.0,3.0,3.0,,686.0
35,1999-01-31,10.0,2.0,1.0,,502.0
35,1999-02-28,3.0,2.0,1.0,,1905.0
35,1999-03-31,20.0,6.0,,,6089.0
35,1999-04-30,21.0,6.0,2.0,,9082.0
35,1999-05-31,8.0,2.0,,,3369.0
35,1999-06-30,1.0,,1.0,,333.0
35,1999-07-31,,,,,160.0
35,1999-08-31,1.0,,,,82.0
35,1999-09-30,,,,,39.0
35,1999-10-31,,1.0,,,64.0
35,1999-11-30,,,,,37.0
35,1999-12-31,1.0,1.0,,,32.0
35,2000-01-31,8.0,6.0,,,195.0
35,2000-02-29,6.0,1.0,,,225.0
35,2000-03-31,7.0,1.0,,,360.0
35,2000-04-30,33.0,,4.0,,1682.0
35,2000-05-31,24.0,,,,1147.0
35,2000-06-30,1.0,,,,243.0
35,2000-07-31,1.0,1.0,,,77.0
35,2000-08-31,1.0,,,,36.0
35,2000-09-30,,,,,25.0
35,2000-10-31,,,,,31.0
35,2000-11-30,,,,,46.0
35,2000-12-31,3.0,,,,132.0
35,2001-01-31,65.0,14.0,1.0,,1034.0
35,2001-02-28,17.0,5.0,2.0,,2762.0
35,2001-03-31,58.0,10.0,5.0,,9270.0
35,2001-04-30,72.0,9.0,9.0,,16890.0
35,2001-05-31,64.0,9.0,12.0,,18107.0
35,2001-06-30,12.0,4.0,2.0,,7888.0
35,2001-07-31,4.0,1.0,,,1028.0
35,2001-08-31,,,1.0,,356.0
35,2001-09-30,,,,,251.0
35,2001-10-31,,,1.0,,159.0
35,2001-11-30,,,,,153.0
35,2001-12-31,2.0,,,,209.0
35,2002-01-31,5.0,2.0,22.0,,1484.0
35,2002-02-28,38.0,8.0,137.0,,6353.0
35,2002-03-31,36.0,7.0,30.0,,14729.0
35,2002-04-30,33.0,9.0,16.0,,10435.0
35,2002-05-31,10.0,3.0,9.0,,7073.0
35,2002-06-30,3.0,1.0,3.0,,2936.0
35,2002-07-31,,,1.0,,390.0
35,2002-08-31,,,,,194.0
35,2002-09-30,,,,,68.0
35,2002-10-31,,,,,66.0
35,2002-11-30,,,,,237.0
35,2002-12-31,2.0,,1.0,,324.0
35,2003-01-31,7.0,,7.0,,1954.0
35,2003-02-28,21.0,,12.0,,2991.0
35,2003-03-31,13.0,2.0,13.0,,6290.0
35,2003-04-30,,,6.0,,3013.0
35,2003-05-31,1.0,1.0,3.0,,2060.0
35,2003-06-30,,,,,409.0
35,2003-07-31,,,,,147.0
35,2003-08-31,,,,,55.0
35,2003-09-30,,,,,23.0
35,2003-10-31,,,,,23.0
35,2003-11-30,,,,,32.0
35,2003-12-31,,,,,25.0
35,2004-01-31,,,,,164.0
35,2004-02-29,,,4.0,,320.0
35,2004-03-31,,,3.0,,405.0
35,2004-04-30,,,12.0,,689.0
35,2004-05-31,,,11.0,,1098.0
35,2004-06-30,,,1.0,,241.0
35,2004-07-31,,,,,82.0
35,2004-08-31,,,,,18.0
35,2004-09-30,,,1.0,,31.0
35,2004-10-31,,,,,16.0
35,2004-11-30,,,,,20.0
35,2004-12-31,,,,,32.0
35,2005-01-31,,,2.0,,152.0
35,2005-02-28,1.0,,2.0,,300.0
35,2005-03-31,,,3.0,,655.0
35,2005-04-30,1.0,,7.0,,1673.0
35,2005-05-31,1.0,,5.0,,1244.0
35,2005-06-30,,,2.0,,939.0
35,2005-07-31,,,2.0,,576.0
35,2005-08-31,,,,,162.0
35,2005-09-30,,,,,86.0
35,2005-10-31,,,,,79.0
35,2005-11-30,,,2.0,,175.0
35,2005-12-31,,,1.0,,223.0
35,2006-01-31,2.0,1.0,7.0,,1212.0
35,2006-02-28,1.0,,30.0,,3573.0
35,2006-03-31,4.0,1.0,36.0,,11380.0
35,2006-04-30,4.0,,46.0,,28609.0
35,2006-05-31,1.0,1.0,37.0,,11403.0
35,2006-06-30,,1.0,20.0,,2344.0
35,2006-07-31,,,5.0,,782.0
35,2006-08-31,,,3.0,,345.0
35,2006-09-30,1.0,,,,271.0
35,2006-10-31,,,,,241.0
35,2006-11-30,,,,,351.0
35,2006-12-31,,,7.0,,1010.0
35,2007-01-31,9.0,,12.0,6.0,4153.0
35,2007-02-28,28.0,1.0,39.0,2.0,12976.0
35,2007-03-31,104.0,1.0,105.0,22.0,37734.0
35,2007-04-30,38.0,,44.0,23.0,33247.0
35,2007-05-31,30.0,4.0,51.0,5.0,17808.0
35,2007-06-30,4.0,1.0,4.0,1.0,4141.0
35,2007-07-31,1.0,,3.0,,1319.0
35,2007-08-31,1.0,,1.0,2.0,529.0
35,2007-09-30,1.0,1.0,,1.0,538.0
35,2007-10-31,,,2.0,1.0,521.0
35,2007-11-30,1.0,1.0,1.0,,1022.0
35,2007-12-31,2.0,,2.0,,1178.0
35,2008-01-31,,4.0,5.0,1.0,1083.0
35,2008-02-29,1.0,1.0,1.0,,1049.0
35,2008-03-31,5.0,24.0,7.0,2.0,2975.0
35,2008-04-30,7.0,18.0,2.0,2.0,4161.0
35,2008-05-31,3.0,1.0,,,1776.0
35,2008-06-30,4.0,1.0,,,488.0
35,2008-07-31,1.0,1.0,,1.0,302.0
35,2008-08-31,,,,,204.0
35,2008-09-30,1.0,,,,121.0
35,2008-10-31,,,,,126.0
35,2008-11-30,,,,,226.0
35,2008-12-31,,,,,244.0
35,2009-01-31,1.0,,,1.0,850.0
35,2009-02-28,1.0,,1.0,,902.0
35,2009-03-31,38.0,4.0,4.0,,1942.0
35,2009-04-30,42.0,2.0,56.0,2.0,2453.0
35,2009-05-31,35.0,7.0,63.0,,2234.0
35,2009-06-30,4.0,,13.0,,584.0
35,2009-07-31,,1.0,5.0,,282.0
35,2009-08-31,,,,,172.0
35,2009-09-30,1.0,,,,97.0
35,2009-10-31,4.0,1.0,,,298.0
35,2009-11-30,19.0,2.0,1.0,,494.0
35,2009-12-31,79.0,,2.0,1.0,1610.0
35,2010-01-31,32.0,13.0,2.0,,11040.0
35,2010-02-28,95.0,26.0,2.0,,35244.0
35,2010-03-31,149.0,31.0,6.0,2.0,58385.0
35,2010-04-30,107.0,16.0,,1.0,51454.0
35,2010-05-31,99.0,10.0,8.0,1.0,39401.0
35,2010-06-30,7.0,1.0,,2.0,5806.0
35,2010-07-31,34.0,2.0,1.0,,1804.0
35,2010-08-31,10.0,,,,658.0
35,2010-09-30,6.0,,,,481.0
35,2010-10-31,3.0,,,,915.0
35,2010-11-30,3.0,,1.0,,1373.0
35,2010-12-31,11.0,,,,1945.0
35,2011-01-31,38.0,2.0,,,3364.0
35,2011-02-28,74.0,2.0,,2.0,10419.0
35,2011-03-31,109.0,3.0,,5.0,19625.0
35,2011-04-30,354.0,6.0,1.0,8.0,41505.0
35,2011-05-31,238.0,6.0,2.0,5.0,23979.0
35,2011-06-30,60.0,2.0,,,4929.0
35,2011-07-31,11.0,1.0,,2.0,1289.0
35,2011-08-31,3.0,,,,448.0
35,2011-09-30,8.0,,,,485.0
35,2011-10-31,5.0,,,,699.0
35,2011-11-30,2.0,,,,500.0
35,2011-12-31,6.0,,,1.0,1049.0
35,2012-01-31,17.0,1.0,,2.0,1534.0
35,2012-02-29,30.0,,,3.0,2686.0
35,2012-03-31,68.0,14.0,,65.0,6483.0
35,2012-04-30,114.0,20.0,,60.0,6794.0
35,2012-05-31,57.0,15.0,,46.0,4639.0
35,2012-06-30,18.0,1.0,,34.0,2753.0
35,2012-07-31,9.0,1.0,1.0,8.0,824.0
35,2012-08-31,4.0,,,6.0,529.0
35,2012-09-30,4.0,,,3.0,376.0
35,2012-10-31,1.0,2.0,,3.0,453.0
35,2012-11-30,15.0,3.0,,6.0,795.0
35,2012-12-31,20.0,6.0,,34.0,1566.0
35,2013-01-31,190.0,4.0,,112.0,10045.0
35,2013-02-28,224.0,8.0,,146.0,24692.0
35,2013-03-31,263.0,6.0,,188.0,79793.0
35,2013-04-30,160.0,3.0,,85.0,66300.0
35,2013-05-31,61.0,1.0,,31.0,28562.0
35,2013-06-30,23.0,,,51.0,9075.0
35,2013-07-31,10.0,,,52.0,1743.0
35,2013-08-31,2.0,,,,904.0
35,2013-09-30,3.0,,,,474.0
35,2013-10-31,1.0,,,,457.0
35,2013-11-30,,,,1.0,865.0
35,2013-12-31,3.0,,,,700.0
35,2014-01-31,20.0,,,3.0,2035.0
35,2014-02-28,132.0,1.0,,10.0,9160.0
35,2014-03-31,313.0,3.0,,17.0,34377.0
35,2014-04-30,236.0,3.0,,21.0,79388.0
35,2014-05-31,155.0,3.0,,12.0,69824.0
35,2014-06-30,45.0,1.0,,1.0,14326.0
35,2014-07-31,40.0,,,3.0,4562.0
35,2014-08-31,31.0,,,,2295.0
35,2014-09-30,9.0,,,,1535.0
35,2014-10-31,17.0,,,,1743.0
35,2014-11-30,38.0,,,,3067.0
35,2014-12-31,27.0,1.0,,,4189.0
35,2015-01-31,202.0,,1.0,2.0,43064.0
35,2015-02-28,361.0,4.0,3.0,9.0,118291.0
35,2015-03-31,355.0,4.0,,36.0,227885.0
35,2015-04-30,194.0,1.0,,51.0,192511.0
35,2015-05-31,142.0,,,41.0,120040.0
35,2015-06-30,87.0,2.0,,1.0,21304.0
35,2015-07-31,22.0,2.0,,,5589.0
35,2015-08-31,27.0,,,,3239.0
35,2015-09-30,8.0,1.0,,,1640.0
35,2015-10-31,6.0,,,,2387.0
35,2015-11-30,5.0,1.0,,,3715.0
35,2015-12-31,22.0,5.0,,,7989.0
35,2016-01-31,69.0,9.0,,13.0,34099.0
35,2016-02-29,103.0,18.0,,4.0,51396.0
35,2016-03-31,75.0,8.0,,2.0,50218.0
35,2016-04-30,80.0,14.0,,4.0,46831.0
35,2016-05-31,21.0,2.0,,,11909.0
35,2016-06-30,1.0,1.0,,,2650.0
35,2016-07-31,,,,,1328.0
35,2016-08-31,,,,,544.0
35,2016-09-30,1.0,,,,488.0
35,2016-10-31,1.0,,,,911.0
35,2016-11-30,7.0,,,,1039.0
35,2016-12-31,1.0,,,,1155.0
35,2017-01-31,2.0,,,,956.0
35,2017-02-28,4.0,2.0,1.0,,1095.0
35,2017-03-31,,,2.0,,1019.0
35,2017-04-30,5.0,4.0,,,1126.0
35,2017-05-31,4.0,2.0,,,595.0
35,2017-06-30,1.0,1.0,,,420.0
35,2017-07-31,,,1.0,,357.0
35,2017-08-31,,,,,316.0
35,2017-09-30,1.0,,2.0,,764.0
35,2017-10-31,2.0,,,,868.0
35,2017-11-30,,,,,866.0
35,2017-12-31,1.0,2.0,,,1015.0
35,2018-01-31,3.0,,,,1167.0
35,2018-02-28,5.0,6.0,,,1265.0
35,2018-03-31,43.0,14.0,,,2241.0
35,2018-04-30,23.0,21.0,,,2261.0
35,2018-05-31,8.0,23.0,,,2110.0
35,2018-06-30,7.0,16.0,,,1303.0
35,2018-07-31,,10.0,,,703.0
35,2018-08-31,2.0,3.0,,,509.0
35,2018-09-30,2.0,3.0,,,538.0
35,2018-10-31,4.0,11.0,,,672.0
35,2018-11-30,4.0,35.0,1.0,,1419.0
35,2018-12-31,3.0,107.0,,,4070.0
35,2019-01-31,81.0,421.0,,1.0,17042.0
35,2019-02-28,36.0,550.0,,,44784.0
35,2019-03-31,50.0,325.0,1.0,,75468.0
35,2019-04-30,38.0,272.0,,,104672.0
35,2019-05-31,18.0,175.0,,1.0,113532.0
35,2019-06-30,8.0,94.0,,,54674.0
35,2019-07-31,1.0,22.0,,1.0,10995.0
35,2019-08-31,1.0,22.0,,,5162.0
35,2019-09-30,,9.0,,1.0,2644.0
35,2019-10-31,,2.0,,,2820.0
35,2019-11-30,,5.0,,,4997.0
35,2019-12-31,3.0,12.0,,,6189.0
35,2020-01-31,24.0,130.0,,,26936.0
35,2020-02-29,99.0,453.0,1.0,2.0,69147.0
35,2020-03-31,37.0,213.0,,,43905.0
35,2020-04-30,18.0,102.0,,,29829.0
35,2020-05-31,8.0,75.0,,,20433.0
35,2020-06-30,3.0,21.0,,,5968.0
35,2020-07-31,,6.0,,,2924.0
35,2020-08-31,,,,,1987.0
35,2020-09-30,,2.0,,,1290.0
35,2020-10-31,2.0,,,,1429.0
35,2020-11-30,3.0,,,,1141.0
35,2020-12-31,7.0,4.0,,,1497.0
35,2021-01-31,30.0,8.0,,,5645.0
35,2021-02-28,58.0,27.0,,,18126.0
35,2021-03-31,79.0,51.0,,,30697.0
35,2021-04-30,110.0,53.0,,,46230.0
35,2021-05-31,150.0,45.0,,1.0,33238.0
35,2021-06-30,34.0,13.0,,,9404.0
35,2021-07-31,7.0,2.0,,,3358.0
35,2021-08-31,2.0,1.0,,,1431.0
35,2021-09-30,1.0,,,,1267.0
35,2021-10-31,5.0,,,,1486.0
35,2021-11-30,2.0,,,,1796.0
35,2021-12-31,6.0,1.0,,,4152.0
35,2022-01-31,41.0,,,,6886.0
35,2022-02-28,205.0,8.0,,,14369.0
35,2022-03-31,450.0,21.0,,,50968.0
35,2022-04-30,507.0,17.0,,,128973.0
35,2022-05-31,321.0,5.0,,,89692.0
35,2022-06-30,59.0,1.0,,,26815.0
35,2022-07-31,42.0,2.0,,,13050.0
35,2022-08-31,36.0,,,,5173.0
35,2022-09-30,26.0,,,,2995.0
35,2022-10-31,11.0,,,,3411.0
35,2022-11-30,9.0,1.0,,,3116.0
35,2022-12-31,30.0,,,,4888.0
35,2023-01-31,95.0,8.0,,,12512.0
35,2023-02-28,241.0,6.0,,,32762.0
35,2023-03-31,412.0,25.0,,,70179.0
35,2023-04-30,973.0,83.0,,,116242.0
35,2023-05-31,597.0,60.0,,,57293.0
35,2023-06-30,300.0,27.0,,,16671.0
35,2023-07-31,51.0,6.0,,,5901.0
35,2023-08-31,18.0,3.0,,,2831.0
35,2023-09-30,18.0,5.0,,,3398.0
35,2023-10-31,7.0,4.0,1.0,,3342.0
35,2023-11-30,43.0,2.0,6.0,,4637.0
35,2023-12-31,86.0,23.0,9.0,,10962.0
35,2024-01-31,580.0,231.0,11.0,,45007.0
35,2024-02-29,734.0,380.0,10.0,,145922.0
35,2024-03-31,1546.0,1043.0,22.0,,489397.0
35,2024-04-30,854.0,602.0,23.0,,568527.0
35,2024-05-31,447.0,410.0,32.0,,550505.0
35,2024-06-30,267.0,223.0,27.0,1.0,227085.0
35,2024-07-31,73.0,73.0,21.0,,48088.0
35,2024-08-31,60.0,85.0,42.0,,26794.0
35,2024-09-30,18.0,45.0,36.0,,14317.0
35,2024-10-31,23.0,99.0,60.0,,12685.0
35,2024-11-30,25.0,222.0,209.0,,20138.0
35,2024-12-31,29.0,401.0,320.0,,30010.0
35,2025-01-31,74.0,1011.0,645.0,,93463.0
35,2025-02-28,125.0,1272.0,694.0,,153181.0
35,2025-03-31,201.0,2142.0,723.0,5.0,266804.0
35,2025-04-30,90.0,858.0,289.0,,167439.0
35,2025-05-31,9.0,24.0,17.0,,40536.0
35,2025-06-30,,,,,
35,2025-07-31,,,,,
35,2025-08-31,,,,,
35,2025-09-30,,,,,
35,2025-10-31,,,,,
35,2025-11-30,,,,,
35,2025-12-31,,,,,
41,1996-01-31,11.0,1.0,,,118.0
41,1996-02-29,10.0,,,,486.0
41,1996-03-31,110.0,2.0,1.0,,682.0
41,1996-04-30,52.0,,,,712.0
41,1996-05-31,,,,,361.0
41,1996-06-30,,,,,70.0
41,1996-07-31,,,,,38.0
41,1996-08-31,,,,,23.0
41,1996-09-30,,,,,14.0
41,1996-10-31,,,,,26.0
41,1996-11-30,,,,,176.0
41,1996-12-31,,1.0,,,85.0
41,1997-01-31,,,1.0,,76.0
41,1997-02-28,,,,,110.0
41,1997-03-31,,,,,139.0
41,1997-04-30,,,,,93.0
41,1997-05-31,,,,,61.0
41,1997-06-30,,,,,28.0
41,1997-07-31,,,,,39.0
41,1997-08-31,1.0,,,,18.0
41,1997-09-30,,,,,32.0
41,1997-10-31,,,1.0,,31.0
41,1997-11-30,,,,,18.0
41,1997-12-31,,,,,15.0
41,1998-01-31,,,,,59.0
41,1998-02-28,,1.0,,,89.0
41,1998-03-31,1.0,1.0,1.0,,364.0
41,1998-04-30,,,14.0,,1082.0
41,1998-05-31,1.0,,3.0,,579.0
41,1998-06-30,,,,,132.0
41,1998-07-31,,,1.0,,49.0
41,1998-08-31,,,,,44.0
41,1998-09-30,,,,,32.0
41,1998-10-31,,,,,50.0
41,1998-11-30,,,,,75.0
41,1998-12-31,,,,,75.0
41,1999-01-31,,,,,
41,1999-02-28,,,,,
41,1999-03-31,,,,,4.0
41,1999-04-30,,,,,3.0
41,1999-05-31,,,,,
41,1999-06-30,,,,,1.0
41,1999-07-31,,,,,
41,1999-08-31,,,,,2.0
41,1999-09-30,,,,,
41,1999-10-31,,,,,3.0
41,1999-11-30,,,,,2.0
41,1999-12-31,,,,,
41,2000-01-31,,,,,12.0
41,2000-02-29,,,,,122.0
41,2000-03-31,,,,,360.0
41,2000-04-30,,,1.0,,573.0
41,2000-05-31,,,,,75.0
41,2000-06-30,,,,,20.0
41,2000-07-31,,,,,7.0
41,2000-08-31,,,,,3.0
41,2000-09-30,,,,,4.0
41,2000-10-31,,,,,1.0
41,2000-11-30,,,,,2.0
41,2000-12-31,,,,,1.0
41,2001-01-31,1.0,,,,31.0
41,2001-02-28,,1.0,,,185.0
41,2001-03-31,,1.0,1.0,,660.0
41,2001-04-30,5.0,,,,398.0
41,2001-05-31,18.0,,,,171.0
41,2001-06-30,,,1.0,,39.0
41,2001-07-31,,,,,15.0
41,2001-08-31,,,,,17.0
41,2001-09-30,,,,,14.0
41,2001-10-31,,,,,10.0
41,2001-11-30,,,,,22.0
41,2001-12-31,,,,,20.0
41,2002-01-31,6.0,1.0,2.0,,136.0
41,2002-02-28,7.0,1.0,,,465.0
41,2002-03-31,18.0,2.0,3.0,,1711.0
41,2002-04-30,29.0,1.0,1.0,,2491.0
41,2002-05-31,34.0,,7.0,,1604.0
41,2002-06-30,11.0,1.0,,,358.0
41,2002-07-31,2.0,,,,67.0
41,2002-08-31,2.0,,2.0,,91.0
41,2002-09-30,,,,,43.0
41,2002-10-31,,,,,23.0
41,2002-11-30,5.0,1.0,,,118.0
41,2002-12-31,,,,,89.0
41,2003-01-31,,,10.0,,523.0
41,2003-02-28,3.0,,14.0,,1695.0
41,2003-03-31,4.0,3.0,7.0,,5589.0
41,2003-04-30,,,1.0,,2513.0
41,2003-05-31,1.0,,,,643.0
41,2003-06-30,1.0,,,,64.0
41,2003-07-31,,,,,15.0
41,2003-08-31,,,,,3.0
41,2003-09-30,,,,,3.0
41,2003-10-31,,,,,2.0
41,2003-11-30,,,,,12.0
41,2003-12-31,,,,,14.0
41,2004-01-31,,,,,27.0
41,2004-02-29,,,,,19.0
41,2004-03-31,,,,,23.0
41,2004-04-30,,,,,40.0
41,2004-05-31,,,,,14.0
41,2004-06-30,,,,,2.0
41,2004-07-31,,,,,2.0
41,2004-08-31,,,,,3.0
41,2004-09-30,,,,,3.0
41,2004-10-31,,,,,5.0
41,2004-11-30,,,1.0,,6.0
41,2004-12-31,,,,,12.0
41,2005-01-31,,,,,45.0
41,2005-02-28,,1.0,,,42.0
41,2005-03-31,,3.0,5.0,,219.0
41,2005-04-30,2.0,2.0,7.0,,409.0
41,2005-05-31,4.0,,7.0,,177.0
41,2005-06-30,,,1.0,,89.0
41,2005-07-31,,,,,29.0
41,2005-08-31,,,,,18.0
41,2005-09-30,,,,,3.0
41,2005-10-31,,,,,5.0
41,2005-11-30,,,,,9.0
41,2005-12-31,,,,,11.0
41,2006-01-31,,,,,33.0
41,2006-02-28,2.0,1.0,1.0,,56.0
41,2006-03-31,,,9.0,,215.0
41,2006-04-30,,1.0,3.0,,645.0
41,2006-05-31,1.0,,,,164.0
41,2006-06-30,,,,,25.0
41,2006-07-31,1.0,,,,19.0
41,2006-08-31,,,,,3.0
41,2006-09-30,,1.0,,,7.0
41,2006-10-31,,1.0,,,8.0
41,2006-11-30,,,,,16.0
41,2006-12-31,,,,,41.0
41,2007-01-31,5.0,,6.0,1.0,433.0
41,2007-02-28,6.0,,15.0,,1859.0
41,2007-03-31,43.0,,19.0,1.0,9017.0
41,2007-04-30,21.0,,11.0,3.0,10215.0
41,2007-05-31,2.0,,3.0,1.0,4576.0
41,2007-06-30,,,,,586.0
41,2007-07-31,,,,,115.0
41,2007-08-31,,,,,39.0
41,2007-09-30,,,,2.0,61.0
41,2007-10-31,,,,1.0,57.0
41,2007-11-30,,,,,105.0
41,2007-12-31,,,1.0,1.0,160.0
41,2008-01-31,,,,,121.0
41,2008-02-29,,,1.0,1.0,115.0
41,2008-03-31,,,,2.0,413.0
41,2008-04-30,2.0,,,,531.0
41,2008-05-31,,,,,319.0
41,2008-06-30,1.0,,,,66.0
41,2008-07-31,,,,,36.0
41,2008-08-31,,,,,64.0
41,2008-09-30,1.0,,,,38.0
41,2008-10-31,,,,,41.0
41,2008-11-30,1.0,,,,78.0
41,2008-12-31,1.0,,,,102.0
41,2009-01-31,,,,,140.0
41,2009-02-28,,,,,151.0
41,2009-03-31,1.0,,,,345.0
41,2009-04-30,,,,,319.0
41,2009-05-31,1.0,,,,254.0
41,2009-06-30,,,,,61.0
41,2009-07-31,,,,,28.0
41,2009-08-31,,,,,34.0
41,2009-09-30,,,,1.0,23.0
41,2009-10-31,,,,,28.0
41,2009-11-30,,,,,60.0
41,2009-12-31,1.0,1.0,,,91.0
41,2010-01-31,6.0,5.0,,,662.0
41,2010-02-28,24.0,5.0,,4.0,3359.0
41,2010-03-31,49.0,12.0,,8.0,9626.0
41,2010-04-30,67.0,2.0,,6.0,12409.0
41,2010-05-31,32.0,2.0,,,9075.0
41,2010-06-30,8.0,,,,876.0
41,2010-07-31,1.0,,,1.0,357.0
41,2010-08-31,,,,1.0,96.0
41,2010-09-30,1.0,,,,151.0
41,2010-10-31,,,,,202.0
41,2010-11-30,6.0,,,,280.0
41,2010-12-31,92.0,1.0,,3.0,983.0
41,2011-01-31,3.0,,,,2211.0
41,2011-02-28,16.0,,,,6419.0
41,2011-03-31,46.0,2.0,,,9839.0
41,2011-04-30,69.0,8.0,,,8224.0
41,2011-05-31,12.0,,,,2428.0
41,2011-06-30,2.0,,,,375.0
41,2011-07-31,,,,,100.0
41,2011-08-31,,,,,48.0
41,2011-09-30,1.0,,,1.0,58.0
41,2011-10-31,2.0,,,,124.0
41,2011-11-30,1.0,,,,150.0
41,2011-12-31,,,,,219.0
41,2012-01-31,,,,,132.0
41,2012-02-29,3.0,,,,312.0
41,2012-03-31,14.0,,,,975.0
41,2012-04-30,27.0,1.0,,1.0,883.0
41,2012-05-31,13.0,,,,641.0
41,2012-06-30,3.0,,,,258.0
41,2012-07-31,,,,,61.0
41,2012-08-31,1.0,,,,55.0
41,2012-09-30,,,,,51.0
41,2012-10-31,,,,,60.0
41,2012-11-30,,,,,139.0
41,2012-12-31,10.0,,,2.0,941.0
41,2013-01-31,31.0,,,2.0,4258.0
41,2013-02-28,69.0,,,28.0,11090.0
41,2013-03-31,105.0,1.0,,29.0,23708.0
41,2013-04-30,45.0,,,6.0,17424.0
41,2013-05-31,48.0,,,6.0,6751.0
41,2013-06-30,12.0,,,5.0,1958.0
41,2013-07-31,1.0,,,1.0,243.0
41,2013-08-31,,,,,113.0
41,2013-09-30,,,,,88.0
41,2013-10-31,3.0,,,1.0,110.0
41,2013-11-30,2.0,,,,337.0
41,2013-12-31,5.0,,,1.0,474.0
41,2014-01-31,25.0,1.0,,,1126.0
41,2014-02-28,95.0,,,1.0,2631.0
41,2014-03-31,22.0,,,,5183.0
41,2014-04-30,41.0,,,3.0,5826.0
41,2014-05-31,45.0,,,,5187.0
41,2014-06-30,6.0,,,,779.0
41,2014-07-31,1.0,,,,465.0
41,2014-08-31,,,,,409.0
41,2014-09-30,1.0,,,,204.0
41,2014-10-31,,,,,284.0
41,2014-11-30,1.0,,,,362.0
41,2014-12-31,,,,,279.0
41,2015-01-31,11.0,,,1.0,1439.0
41,2015-02-28,24.0,,,6.0,3375.0
41,2015-03-31,77.0,1.0,,7.0,10574.0
41,2015-04-30,86.0,,,2.0,14561.0
41,2015-05-31,53.0,1.0,,,8961.0
41,2015-06-30,13.0,,,1.0,2198.0
41,2015-07-31,17.0,,,,549.0
41,2015-08-31,15.0,,,1.0,476.0
41,2015-09-30,6.0,,,,217.0
41,2015-10-31,17.0,,,,362.0
41,2015-11-30,37.0,,,,716.0
41,2015-12-31,8.0,,,,1834.0
41,2016-01-31,412.0,,,,8975.0
41,2016-02-29,624.0,3.0,17.0,2.0,15545.0
41,2016-03-31,528.0,1.0,9.0,2.0,17189.0
41,2016-04-30,231.0,1.0,1.0,1.0,16860.0
41,2016-05-31,16.0,,,1.0,2207.0
41,2016-06-30,4.0,,,,397.0
41,2016-07-31,4.0,,,,268.0
41,2016-08-31,,,,,113.0
41,2016-09-30,,,,,119.0
41,2016-10-31,2.0,,,,263.0
41,2016-11-30,,,,,334.0
41,2016-12-31,1.0,,,,346.0
41,2017-01-31,,,,,366.0
41,2017-02-28,,,,,312.0
41,2017-03-31,,1.0,,,230.0
41,2017-04-30,1.0,,,,186.0
41,2017-05-31,,,,,131.0
41,2017-06-30,,,,,82.0
41,2017-07-31,1.0,,,,71.0
41,2017-08-31,,,,,80.0
41,2017-09-30,,,,,207.0
41,2017-10-31,,,,,156.0
41,2017-11-30,1.0,,,,173.0
41,2017-12-31,1.0,,,1.0,218.0
41,2018-01-31,,1.0,,,141.0
41,2018-02-28,2.0,1.0,,,173.0
41,2018-03-31,6.0,,,,150.0
41,2018-04-30,15.0,5.0,,1.0,248.0
41,2018-05-31,6.0,13.0,,,187.0
41,2018-06-30,1.0,,,,72.0
41,2018-07-31,,,,,55.0
41,2018-08-31,,1.0,,,36.0
41,2018-09-30,,,,,34.0
41,2018-10-31,1.0,1.0,,,91.0
41,2018-11-30,1.0,,,,71.0
41,2018-12-31,5.0,10.0,,,141.0
41,2019-01-31,50.0,12.0,,,352.0
41,2019-02-28,353.0,134.0,,2.0,1266.0
41,2019-03-31,445.0,523.0,,23.0,4174.0
41,2019-04-30,495.0,994.0,,131.0,8201.0
41,2019-05-31,377.0,849.0,,160.0,12160.0
41,2019-06-30,150.0,217.0,,32.0,6716.0
41,2019-07-31,28.0,43.0,,6.0,1505.0
41,2019-08-31,15.0,21.0,,,693.0
41,2019-09-30,2.0,15.0,,,427.0
41,2019-10-31,5.0,28.0,,,724.0
41,2019-11-30,11.0,90.0,,,2892.0
41,2019-12-31,49.0,247.0,,,5794.0
41,2020-01-31,204.0,752.0,,1.0,22604.0
41,2020-02-29,234.0,1126.0,2.0,6.0,82391.0
41,2020-03-31,107.0,326.0,,6.0,67771.0
41,2020-04-30,47.0,128.0,,1.0,48140.0
41,2020-05-31,18.0,64.0,,1.0,26083.0
41,2020-06-30,,10.0,,1.0,7827.0
41,2020-07-31,1.0,1.0,,,3444.0
41,2020-08-31,1.0,,,,842.0
41,2020-09-30,,1.0,,,498.0
41,2020-10-31,1.0,2.0,,,731.0
41,2020-11-30,2.0,7.0,,,1409.0
41,2020-12-31,6.0,3.0,,,2051.0
41,2021-01-31,14.0,48.0,,,2618.0
41,2021-02-28,16.0,27.0,,,4241.0
41,2021-03-31,49.0,50.0,,,6398.0
41,2021-04-30,150.0,85.0,,,10449.0
41,2021-05-31,152.0,72.0,,,7612.0
41,2021-06-30,35.0,12.0,,,1644.0
41,2021-07-31,11.0,1.0,,,544.0
41,2021-08-31,,3.0,,,254.0
41,2021-09-30,2.0,,,,224.0
41,2021-10-31,1.0,1.0,,,218.0
41,2021-11-30,,,,,210.0
41,2021-12-31,4.0,1.0,,,243.0
41,2022-01-31,23.0,,,,529.0
41,2022-02-28,116.0,4.0,,,2587.0
41,2022-03-31,489.0,38.0,,,23296.0
41,2022-04-30,762.0,58.0,,1.0,68266.0
41,2022-05-31,354.0,20.0,,,43109.0
41,2022-06-30,87.0,6.0,,,9887.0
41,2022-07-31,40.0,5.0,,,4516.0
41,2022-08-31,20.0,,,,1078.0
41,2022-09-30,6.0,,,,529.0
41,2022-10-31,11.0,,,,600.0
41,2022-11-30,16.0,,,,686.0
41,2022-12-31,26.0,,,,1129.0
41,2023-01-31,67.0,1.0,,,1947.0
41,2023-02-28,205.0,4.0,,,6928.0
41,2023-03-31,564.0,,1.0,,28173.0
41,2023-04-30,1422.0,12.0,,,83024.0
41,2023-05-31,799.0,12.0,1.0,,49414.0
41,2023-06-30,540.0,1.0,,,15419.0
41,2023-07-31,736.0,,,,5258.0
41,2023-08-31,279.0,1.0,,,1883.0
41,2023-09-30,158.0,1.0,,,1890.0
41,2023-10-31,42.0,2.0,,,1944.0
41,2023-11-30,106.0,2.0,,,3431.0
41,2023-12-31,252.0,13.0,,,10164.0
41,2024-01-31,909.0,86.0,40.0,,31963.0
41,2024-02-29,1349.0,252.0,54.0,1.0,70004.0
41,2024-03-31,1726.0,483.0,19.0,,179790.0
41,2024-04-30,1232.0,345.0,17.0,1.0,170654.0
41,2024-05-31,972.0,326.0,13.0,,133473.0
41,2024-06-30,383.0,144.0,13.0,,41341.0
41,2024-07-31,62.0,27.0,3.0,,6925.0
41,2024-08-31,20.0,19.0,3.0,,3968.0
41,2024-09-30,2.0,1.0,1.0,,2106.0
41,2024-10-31,3.0,1.0,,,2032.0
41,2024-11-30,,9.0,5.0,,3131.0
41,2024-12-31,,12.0,,,2825.0
41,2025-01-31,8.0,131.0,18.0,,5749.0
41,2025-02-28,17.0,198.0,64.0,,12571.0
41,2025-03-31,26.0,672.0,177.0,1.0,36060.0
41,2025-04-30,17.0,392.0,66.0,,36773.0
41,2025-05-31,3.0,5.0,1.0,,12988.0
41,2025-06-30,,,,,
41,2025-07-31,,,,,
41,2025-08-31,,,,,
41,2025-09-30,,,,,
41,2025-10-31,,,,,
41,2025-11-30,,,,,
41,2025-12-31,,,,,
42,1996-01-31,,1.0,,,2.0
42,1996-02-29,,,,,
42,1996-03-31,,,,,
42,1996-04-30,,,,,
42,1996-05-31,,,,,1.0
42,1996-06-30,,,,,
42,1996-07-31,,,,,
42,1996-08-31,,,,,
42,1996-09-30,,,,,
42,1996-10-31,,,,,1.0
42,1996-11-30,,,,,
42,1996-12-31,,,,,1.0
42,1997-01-31,,,,,
42,1997-02-28,1.0,,,,4.0
42,1997-03-31,,,,,4.0
42,1997-04-30,,,,,1.0
42,1997-05-31,,,,,7.0
42,1997-06-30,,1.0,,,11.0
42,1997-07-31,,,,,5.0
42,1997-08-31,1.0,,,,2.0
42,1997-09-30,,,,,4.0
42,1997-10-31,,,,,2.0
42,1997-11-30,,,,,
42,1997-12-31,,,,,2.0
42,1998-01-31,,,,,1.0
42,1998-02-28,,,,,3.0
42,1998-03-31,,,,,10.0
42,1998-04-30,1.0,,,,42.0
42,1998-05-31,,,,,38.0
42,1998-06-30,,,,,9.0
42,1998-07-31,,,,,7.0
42,1998-08-31,,,,,3.0
42,1998-09-30,,,,,2.0
42,1998-10-31,,,,,7.0
42,1998-11-30,,,,,4.0
42,1998-12-31,,,,,2.0
42,1999-01-31,,,,,1.0
42,1999-02-28,,,,,1.0
42,1999-03-31,,,,,1.0
42,1999-04-30,,,,,
42,1999-05-31,,,,,1.0
42,1999-06-30,,,,,
42,1999-07-31,,,,,1.0
42,1999-08-31,,,,,1.0
42,1999-09-30,,,,,1.0
42,1999-10-31,,,,,
42,1999-11-30,,,,,1.0
42,1999-12-31,,,,,
42,2000-01-31,,,,,4.0
42,2000-02-29,,,,,2.0
42,2000-03-31,,,,,2.0
42,2000-04-30,,,,,7.0
42,2000-05-31,,,,,1.0
42,2000-06-30,,,,,1.0
42,2000-07-31,,,,,2.0
42,2000-08-31,,,,,
42,2000-09-30,,,,,1.0
42,2000-10-31,,,,,
42,2000-11-30,,,,,2.0
42,2000-12-31,,,,,1.0
42,2001-01-31,,,,,
42,2001-02-28,,,,,3.0
42,2001-03-31,,,,,6.0
42,2001-04-30,,,,,4.0
42,2001-05-31,,,,,5.0
42,2001-06-30,,,,,6.0
42,2001-07-31,1.0,,,,1.0
42,2001-08-31,,,,,
42,2001-09-30,,,,,1.0
42,2001-10-31,,,,,1.0
42,2001-11-30,,,,,3.0
42,2001-12-31,,,,,9.0
42,2002-01-31,2.0,,2.0,,51.0
42,2002-02-28,,,9.0,,100.0
42,2002-03-31,1.0,,1.0,,76.0
42,2002-04-30,,,2.0,,34.0
42,2002-05-31,,,,,12.0
42,2002-06-30,,,,,6.0
42,2002-07-31,,,,,3.0
42,2002-08-31,,,,,1.0
42,2002-09-30,,,,,4.0
42,2002-10-31,,,1.0,,4.0
42,2002-11-30,,,,,2.0
42,2002-12-31,,,,,2.0
42,2003-01-31,,,1.0,,11.0
42,2003-02-28,,,,,13.0
42,2003-03-31,,1.0,1.0,,13.0
42,2003-04-30,,,,,5.0
42,2003-05-31,,,,,3.0
42,2003-06-30,,,,,7.0
42,2003-07-31,,,,,
42,2003-08-31,,,,,
42,2003-09-30,,,,,1.0
42,2003-10-31,,,,,
42,2003-11-30,,,,,1.0
42,2003-12-31,,,,,4.0
42,2004-01-31,,,,,4.0
42,2004-02-29,,,,,4.0
42,2004-03-31,1.0,,,,3.0
42,2004-04-30,,,,,1.0
42,2004-05-31,,,,,2.0
42,2004-06-30,,,,,
42,2004-07-31,,,,,
42,2004-08-31,,,,,
42,2004-09-30,,,,,
42,2004-10-31,,,,,1.0
42,2004-11-30,,,,,
42,2004-12-31,,,,,1.0
42,2005-01-31,,,,,4.0
42,2005-02-28,,,,,9.0
42,2005-03-31,,,,,6.0
42,2005-04-30,,,,,7.0
42,2005-05-31,,,,,4.0
42,2005-06-30,,,,,5.0
42,2005-07-31,,,,,4.0
42,2005-08-31,1.0,,,,5.0
42,2005-09-30,,,,,3.0
42,2005-10-31,,,,,2.0
42,2005-11-30,,,,,
42,2005-12-31,,,,,1.0
42,2006-01-31,,,,,3.0
42,2006-02-28,,,,,14.0
42,2006-03-31,,,,,7.0
42,2006-04-30,,1.0,,,16.0
42,2006-05-31,,,,,10.0
42,2006-06-30,,,,,4.0
42,2006-07-31,,,,,2.0
42,2006-08-31,,,,,2.0
42,2006-09-30,,,,,
42,2006-10-31,,,,,
42,2006-11-30,,,,,1.0
42,2006-12-31,,,,,1.0
42,2007-01-31,,,,,17.0
42,2007-02-28,2.0,,,,23.0
42,2007-03-31,2.0,,,,23.0
42,2007-04-30,1.0,,,,23.0
42,2007-05-31,,,,,24.0
42,2007-06-30,,,,,5.0
42,2007-07-31,,,,,4.0
42,2007-08-31,,,,,1.0
42,2007-09-30,,,,,2.0
42,2007-10-31,,,,,7.0
42,2007-11-30,,,,,12.0
42,2007-12-31,,,,,9.0
42,2008-01-31,,,,,11.0
42,2008-02-29,,,,,4.0
42,2008-03-31,,,,,25.0
42,2008-04-30,,,,,30.0
42,2008-05-31,,,,,13.0
42,2008-06-30,,,,,8.0
42,2008-07-31,,,,,2.0
42,2008-08-31,,,,,3.0
42,2008-09-30,,,,,1.0
42,2008-10-31,,,,,1.0
42,2008-11-30,,,,,4.0
42,2008-12-31,,,,,5.0
42,2009-01-31,,,,,8.0
42,2009-02-28,,,,,7.0
42,2009-03-31,1.0,,,,11.0
42,2009-04-30,,,,,5.0
42,2009-05-31,,,,,1.0
42,2009-06-30,1.0,,,,3.0
42,2009-07-31,,,,,
42,2009-08-31,,,,1.0,2.0
42,2009-09-30,,,,,
42,2009-10-31,,,,,1.0
42,2009-11-30,,,,,6.0
42,2009-12-31,,,,,7.0
42,2010-01-31,,,,,37.0
42,2010-02-28,,,,,40.0
42,2010-03-31,1.0,,,,27.0
42,2010-04-30,,,,,31.0
42,2010-05-31,,,,,29.0
42,2010-06-30,,,,,6.0
42,2010-07-31,,,,,5.0
42,2010-08-31,,,,,2.0
42,2010-09-30,,,,,1.0
42,2010-10-31,,,,,5.0
42,2010-11-30,,,,,3.0
42,2010-12-31,,,,,7.0
42,2011-01-31,,,,,21.0
42,2011-02-28,1.0,,,,20.0
42,2011-03-31,2.0,,,1.0,30.0
42,2011-04-30,,,,,33.0
42,2011-05-31,,,,,18.0
42,2011-06-30,,,,,7.0
42,2011-07-31,,,,,6.0
42,2011-08-31,,,,,3.0
42,2011-09-30,,,,,4.0
42,2011-10-31,,,,,4.0
42,2011-11-30,,,,,6.0
42,2011-12-31,,,,,7.0
42,2012-01-31,,,,,11.0
42,2012-02-29,,,,,20.0
42,2012-03-31,,,,,17.0
42,2012-04-30,1.0,,,,19.0
42,2012-05-31,,,,,12.0
42,2012-06-30,,,,,6.0
42,2012-07-31,,,,,1.0
42,2012-08-31,,,,,3.0
42,2012-09-30,,,,,
42,2012-10-31,,,,,1.0
42,2012-11-30,,,,,2.0
42,2012-12-31,,,,,3.0
42,2013-01-31,,,,,60.0
42,2013-02-28,,,,2.0,67.0
42,2013-03-31,1.0,,,,79.0
42,2013-04-30,4.0,,,,86.0
42,2013-05-31,,,,,35.0
42,2013-06-30,,,,,20.0
42,2013-07-31,,,,,1.0
42,2013-08-31,,,,,4.0
42,2013-09-30,,,,,1.0
42,2013-10-31,,,,,3.0
42,2013-11-30,,,,,7.0
42,2013-12-31,,,,,2.0
42,2014-01-31,,,,,10.0
42,2014-02-28,,,,,7.0
42,2014-03-31,,,,,6.0
42,2014-04-30,,,,,18.0
42,2014-05-31,,,,,30.0
42,2014-06-30,,,,,5.0
42,2014-07-31,,,,,7.0
42,2014-08-31,,,,,8.0
42,2014-09-30,,,,,8.0
42,2014-10-31,,,,,16.0
42,2014-11-30,,,,,14.0
42,2014-12-31,1.0,,,,5.0
42,2015-01-31,1.0,,,,122.0
42,2015-02-28,1.0,,,,620.0
42,2015-03-31,,,,,1237.0
42,2015-04-30,,,,,1352.0
42,2015-05-31,,,,,780.0
42,2015-06-30,,,,,136.0
42,2015-07-31,,,,,32.0
42,2015-08-31,,,,,26.0
42,2015-09-30,,,,,19.0
42,2015-10-31,,,,,19.0
42,2015-11-30,,,,,31.0
42,2015-12-31,,,,,58.0
42,2016-01-31,,,,,343.0
42,2016-02-29,1.0,,,,1140.0
42,2016-03-31,3.0,,,,1778.0
42,2016-04-30,,,,,1451.0
42,2016-05-31,,,,,204.0
42,2016-06-30,,,,,19.0
42,2016-07-31,,,,,29.0
42,2016-08-31,,,,,17.0
42,2016-09-30,,,,,14.0
42,2016-10-31,,,,,25.0
42,2016-11-30,,,,,25.0
42,2016-12-31,,,,,40.0
42,2017-01-31,,,,,38.0
42,2017-02-28,,,,,14.0
42,2017-03-31,,,,,27.0
42,2017-04-30,,,,,21.0
42,2017-05-31,,,,,14.0
42,2017-06-30,,,,,13.0
42,2017-07-31,,,,,7.0
42,2017-08-31,,,,,2.0
42,2017-09-30,,,,,10.0
42,2017-10-31,,,,,12.0
42,2017-11-30,,,,,16.0
42,2017-12-31,,,,,12.0
42,2018-01-31,,,,,15.0
42,2018-02-28,,,,,21.0
42,2018-03-31,,,,,22.0
42,2018-04-30,2.0,6.0,,,31.0
42,2018-05-31,4.0,2.0,,,28.0
42,2018-06-30,2.0,,,,13.0
42,2018-07-31,,,,,4.0
42,2018-08-31,,,,,3.0
42,2018-09-30,,,,,10.0
42,2018-10-31,1.0,,,,8.0
42,2018-11-30,1.0,,,,14.0
42,2018-12-31,,,,,16.0
42,2019-01-31,,1.0,,,17.0
42,2019-02-28,1.0,4.0,,,34.0
42,2019-03-31,15.0,4.0,,,287.0
42,2019-04-30,5.0,8.0,,,555.0
42,2019-05-31,127.0,25.0,,,606.0
42,2019-06-30,10.0,3.0,,,405.0
42,2019-07-31,2.0,1.0,,,89.0
42,2019-08-31,2.0,,,,34.0
42,2019-09-30,,,,,9.0
42,2019-10-31,,,,,15.0
42,2019-11-30,,,,,22.0
42,2019-12-31,,,,,28.0
42,2020-01-31,,2.0,,,92.0
42,2020-02-29,7.0,3.0,,,366.0
42,2020-03-31,2.0,1.0,,,1406.0
42,2020-04-30,5.0,7.0,,1.0,3549.0
42,2020-05-31,11.0,11.0,,2.0,4461.0
42,2020-06-30,,4.0,,,1370.0
42,2020-07-31,,,,,328.0
42,2020-08-31,,,,,67.0
42,2020-09-30,,,,,34.0
42,2020-10-31,,,,,50.0
42,2020-11-30,,,,,46.0
42,2020-12-31,1.0,,,,64.0
42,2021-01-31,1.0,,,,88.0
42,2021-02-28,4.0,,,,256.0
42,2021-03-31,15.0,2.0,,,1431.0
42,2021-04-30,28.0,16.0,,,5861.0
42,2021-05-31,20.0,11.0,,,9023.0
42,2021-06-30,84.0,2.0,,,2197.0
42,2021-07-31,30.0,,,,363.0
42,2021-08-31,2.0,,,,105.0
42,2021-09-30,1.0,,,,47.0
42,2021-10-31,,,,,30.0
42,2021-11-30,,,,,49.0
42,2021-12-31,,,,,46.0
42,2022-01-31,,,,,69.0
42,2022-02-28,35.0,,,,949.0
42,2022-03-31,1112.0,3.0,,,13227.0
42,2022-04-30,2710.0,258.0,1.0,1.0,37455.0
42,2022-05-31,902.0,73.0,,2.0,24270.0
42,2022-06-30,84.0,,,,5963.0
42,2022-07-31,,,,,1991.0
42,2022-08-31,1.0,,,,454.0
42,2022-09-30,,,,,270.0
42,2022-10-31,,,,,225.0
42,2022-11-30,,,,,84.0
42,2022-12-31,2.0,,,,203.0
42,2023-01-31,4.0,1.0,,,281.0
42,2023-02-28,17.0,3.0,,,1908.0
42,2023-03-31,368.0,4.0,,,13365.0
42,2023-04-30,2084.0,36.0,,,57575.0
42,2023-05-31,1028.0,14.0,,,40014.0
42,2023-06-30,452.0,8.0,,,16911.0
42,2023-07-31,167.0,19.0,,,6298.0
42,2023-08-31,48.0,1.0,,,1427.0
42,2023-09-30,6.0,1.0,,,863.0
42,2023-10-31,14.0,2.0,1.0,,517.0
42,2023-11-30,9.0,3.0,,,546.0
42,2023-12-31,36.0,6.0,,,1679.0
42,2024-01-31,622.0,60.0,,,3527.0
42,2024-02-29,2245.0,533.0,1.0,1.0,20636.0
42,2024-03-31,6013.0,1998.0,,3.0,92368.0
42,2024-04-30,5194.0,1572.0,2.0,1.0,113382.0
42,2024-05-31,2407.0,843.0,,2.0,77960.0
42,2024-06-30,519.0,183.0,,,21805.0
42,2024-07-31,32.0,14.0,,,3137.0
42,2024-08-31,37.0,10.0,,,1462.0
42,2024-09-30,7.0,,,,334.0
42,2024-10-31,1.0,1.0,,,439.0
42,2024-11-30,3.0,2.0,,,702.0
42,2024-12-31,2.0,1.0,,,1063.0
42,2025-01-31,3.0,7.0,1.0,,1332.0
42,2025-02-28,6.0,32.0,2.0,,1639.0
42,2025-03-31,31.0,253.0,35.0,,5083.0
42,2025-04-30,32.0,442.0,91.0,,8962.0
42,2025-05-31,1.0,39.0,13.0,,5564.0
42,2025-06-30,,,,,
42,2025-07-31,,,,,
42,2025-08-31,,,,,
42,2025-09-30,,,,,
42,2025-10-31,,,,,
42,2025-11-30,,,,,
42,2025-12-31,,,,,
43,1996-01-31,,,,,2.0
43,1996-02-29,,,,,
43,1996-03-31,,,,,2.0
43,1996-04-30,,,,,1.0
43,1996-05-31,,,,,1.0
43,1996-06-30,,,,,3.0
43,1996-07-31,,,,,
43,1996-08-31,,,,,2.0
43,1996-09-30,,,,,1.0
43,1996-10-31,,,,,
43,1996-11-30,,,,,3.0
43,1996-12-31,,,,,1.0
43,1997-01-31,,,,,2.0
43,1997-02-28,,,,,6.0
43,1997-03-31,,,,,6.0
43,1997-04-30,,,,,1.0
43,1997-05-31,,,,,3.0
43,1997-06-30,,,,,6.0
43,1997-07-31,,,,,1.0
43,1997-08-31,,,,,2.0
43,1997-09-30,,,,,2.0
43,1997-10-31,,,,,10.0
43,1997-11-30,,,,,3.0
43,1997-12-31,,,,,5.0
43,1998-01-31,,,,,5.0
43,1998-02-28,,,,,6.0
43,1998-03-31,,,,,14.0
43,1998-04-30,,,,,9.0
43,1998-05-31,,,,,10.0
43,1998-06-30,,,,,11.0
43,1998-07-31,,,,,3.0
43,1998-08-31,,,,,4.0
43,1998-09-30,,,,,3.0
43,1998-10-31,,,,,3.0
43,1998-11-30,,,,,2.0
43,1998-12-31,,,,,1.0
43,1999-01-31,,,,,1.0
43,1999-02-28,1.0,,,,4.0
43,1999-03-31,,,,,8.0
43,1999-04-30,,,,,2.0
43,1999-05-31,,,,,4.0
43,1999-06-30,,,,,1.0
43,1999-07-31,,,,,1.0
43,1999-08-31,,,,,
43,1999-09-30,,,,,
43,1999-10-31,,,,,3.0
43,1999-11-30,,,,,2.0
43,1999-12-31,,,,,2.0
43,2000-01-31,,,,,7.0
43,2000-02-29,,,,,4.0
43,2000-03-31,,,,,9.0
43,2000-04-30,,,,,11.0
43,2000-05-31,,,,,1.0
43,2000-06-30,,,,,2.0
43,2000-07-31,,,,,
43,2000-08-31,,,,,1.0
43,2000-09-30,,,,,
43,2000-10-31,,,,,1.0
43,2000-11-30,,,,,1.0
43,2000-12-31,,,,,2.0
43,2001-01-31,,,,,9.0
43,2001-02-28,,,,,5.0
43,2001-03-31,,,,,5.0
43,2001-04-30,,,,,7.0
43,2001-05-31,,,,,5.0
43,2001-06-30,,,,,6.0
43,2001-07-31,,,,,4.0
43,2001-08-31,,,,,5.0
43,2001-09-30,,,,,
43,2001-10-31,,,,,3.0
43,2001-11-30,,,,,1.0
43,2001-12-31,,,,,8.0
43,2002-01-31,,,1.0,,68.0
43,2002-02-28,,,,,165.0
43,2002-03-31,1.0,1.0,,,136.0
43,2002-04-30,,,,,26.0
43,2002-05-31,,,,,13.0
43,2002-06-30,,,,,8.0
43,2002-07-31,,,,,4.0
43,2002-08-31,,,,,12.0
43,2002-09-30,,,,,6.0
43,2002-10-31,,,,,1.0
43,2002-11-30,,,,,4.0
43,2002-12-31,,,,,2.0
43,2003-01-31,,,,,10.0
43,2003-02-28,,,,,10.0
43,2003-03-31,1.0,,,,12.0
43,2003-04-30,,,,,8.0
43,2003-05-31,,,,,6.0
43,2003-06-30,,,,,3.0
43,2003-07-31,,,,,1.0
43,2003-08-31,,,,,6.0
43,2003-09-30,,,,,
43,2003-10-31,,,,,1.0
43,2003-11-30,,,,,2.0
43,2003-12-31,,,,,1.0
43,2004-01-31,,,,,4.0
43,2004-02-29,,,,,3.0
43,2004-03-31,,,,,6.0
43,2004-04-30,,,,,4.0
43,2004-05-31,,,,,
43,2004-06-30,,,,,3.0
43,2004-07-31,,,,,
43,2004-08-31,,,,,
43,2004-09-30,,,,,1.0
43,2004-10-31,,,,,
43,2004-11-30,,,,,
43,2004-12-31,,,,,
43,2005-01-31,,,1.0,,12.0
43,2005-02-28,,,,,4.0
43,2005-03-31,,,,,4.0
43,2005-04-30,,,,,3.0
43,2005-05-31,,,,,8.0
43,2005-06-30,,,,,4.0
43,2005-07-31,,,,,2.0
43,2005-08-31,,,,,6.0
43,2005-09-30,,,,,
43,2005-10-31,,,,,
43,2005-11-30,,,,,
43,2005-12-31,,,,,1.0
43,2006-01-31,,,,,4.0
43,2006-02-28,,,,,17.0
43,2006-03-31,,,,,11.0
43,2006-04-30,,,,,11.0
43,2006-05-31,,,,,12.0
43,2006-06-30,1.0,,,,6.0
43,2006-07-31,,,,,1.0
43,2006-08-31,,,,,
43,2006-09-30,,,,,1.0
43,2006-10-31,,,,,
43,2006-11-30,,,,,5.0
43,2006-12-31,,,,,2.0
43,2007-01-31,,,,,13.0
43,2007-02-28,1.0,,,,22.0
43,2007-03-31,,,,,49.0
43,2007-04-30,,,2.0,,242.0
43,2007-05-31,,,,,64.0
43,2007-06-30,,,,,6.0
43,2007-07-31,,,,,5.0
43,2007-08-31,,,,,2.0
43,2007-09-30,,,,,1.0
43,2007-10-31,,,,,4.0
43,2007-11-30,,,,,6.0
43,2007-12-31,,,,,9.0
43,2008-01-31,,,,,20.0
43,2008-02-29,,,,,19.0
43,2008-03-31,,,,,35.0
43,2008-04-30,,,,,30.0
43,2008-05-31,,,,,17.0
43,2008-06-30,,,,,6.0
43,2008-07-31,,,,,1.0
43,2008-08-31,,,,,3.0
43,2008-09-30,,,,,1.0
43,2008-10-31,,,,,3.0
43,2008-11-30,,,,,3.0
43,2008-12-31,,,,,1.0
43,2009-01-31,,,,,11.0
43,2009-02-28,,,,,14.0
43,2009-03-31,,,,,12.0
43,2009-04-30,,,,,6.0
43,2009-05-31,,,,,8.0
43,2009-06-30,,,,,1.0
43,2009-07-31,,,,,1.0
43,2009-08-31,,,,,
43,2009-09-30,,,,,2.0
43,2009-10-31,,,,,4.0
43,2009-11-30,,,,,6.0
43,2009-12-31,,,,,5.0
43,2010-01-31,,1.0,,,35.0
43,2010-02-28,2.0,21.0,,,562.0
43,2010-03-31,5.0,,,,2089.0
43,2010-04-30,1.0,,,,793.0
43,2010-05-31,,1.0,,,106.0
43,2010-06-30,,,,,18.0
43,2010-07-31,,,,,12.0
43,2010-08-31,,,,,12.0
43,2010-09-30,,,,,8.0
43,2010-10-31,,,,,2.0
43,2010-11-30,,,,,7.0
43,2010-12-31,,,,,8.0
43,2011-01-31,2.0,,,,17.0
43,2011-02-28,2.0,,,,31.0
43,2011-03-31,7.0,,,,54.0
43,2011-04-30,13.0,1.0,,,175.0
43,2011-05-31,1.0,,,,39.0
43,2011-06-30,,,,,9.0
43,2011-07-31,1.0,,,,5.0
43,2011-08-31,,,,,3.0
43,2011-09-30,2.0,,,1.0,6.0
43,2011-10-31,,,,,2.0
43,2011-11-30,,,,,3.0
43,2011-12-31,,,,,10.0
43,2012-01-31,1.0,,,,24.0
43,2012-02-29,1.0,,,,16.0
43,2012-03-31,2.0,,,3.0,42.0
43,2012-04-30,4.0,,,3.0,34.0
43,2012-05-31,,,,4.0,28.0
43,2012-06-30,,,,1.0,10.0
43,2012-07-31,,,,,5.0
43,2012-08-31,,,,,1.0
43,2012-09-30,,,,,1.0
43,2012-10-31,,,,,1.0
43,2012-11-30,,,,,3.0
43,2012-12-31,1.0,,,,10.0
43,2013-01-31,,,,,34.0
43,2013-02-28,1.0,3.0,,7.0,67.0
43,2013-03-31,5.0,27.0,,12.0,165.0
43,2013-04-30,2.0,10.0,,6.0,106.0
43,2013-05-31,1.0,8.0,,1.0,44.0
43,2013-06-30,,2.0,,1.0,15.0
43,2013-07-31,,,,,5.0
43,2013-08-31,2.0,,,,8.0
43,2013-09-30,,,,,1.0
43,2013-10-31,,,,,3.0
43,2013-11-30,,,,,2.0
43,2013-12-31,,,,,1.0
43,2014-01-31,2.0,,,,12.0
43,2014-02-28,11.0,,,,37.0
43,2014-03-31,4.0,,,,36.0
43,2014-04-30,,,,1.0,24.0
43,2014-05-31,2.0,,,1.0,24.0
43,2014-06-30,,,,,5.0
43,2014-07-31,,,,,4.0
43,2014-08-31,,,,,3.0
43,2014-09-30,,,,,
43,2014-10-31,,,,,2.0
43,2014-11-30,,,,,2.0
43,2014-12-31,,,,,4.0
43,2015-01-31,,,,,20.0
43,2015-02-28,2.0,,,,32.0
43,2015-03-31,19.0,,,,399.0
43,2015-04-30,24.0,,,1.0,724.0
43,2015-05-31,17.0,,,,346.0
43,2015-06-30,3.0,,,,49.0
43,2015-07-31,,,,,13.0
43,2015-08-31,2.0,,,,20.0
43,2015-09-30,,,,,10.0
43,2015-10-31,,,,,12.0
43,2015-11-30,,,,,17.0
43,2015-12-31,,,,,51.0
43,2016-01-31,4.0,,,,161.0
43,2016-02-29,31.0,1.0,,,349.0
43,2016-03-31,21.0,,,,1016.0
43,2016-04-30,53.0,1.0,,,1252.0
43,2016-05-31,14.0,,,,241.0
43,2016-06-30,1.0,,,,28.0
43,2016-07-31,,,,,19.0
43,2016-08-31,,,,,12.0
43,2016-09-30,,,,,7.0
43,2016-10-31,,,,,25.0
43,2016-11-30,,,,,21.0
43,2016-12-31,,,,,48.0
43,2017-01-31,1.0,,,,55.0
43,2017-02-28,,,,,20.0
43,2017-03-31,,,,,18.0
43,2017-04-30,1.0,,,,16.0
43,2017-05-31,1.0,,,,13.0
43,2017-06-30,,,,,2.0
43,2017-07-31,,,,,6.0
43,2017-08-31,,,,,4.0
43,2017-09-30,,,,,9.0
43,2017-10-31,,,,,11.0
43,2017-11-30,,,,,12.0
43,2017-12-31,1.0,,,,23.0
43,2018-01-31,,,,,18.0
43,2018-02-28,1.0,,,,24.0
43,2018-03-31,,,,,20.0
43,2018-04-30,,,,,13.0
43,2018-05-31,,,,,7.0
43,2018-06-30,,,,,9.0
43,2018-07-31,1.0,,,,3.0
43,2018-08-31,,,,,3.0
43,2018-09-30,,,,,5.0
43,2018-10-31,,,,,10.0
43,2018-11-30,,,,,3.0
43,2018-12-31,,,,,15.0
43,2019-01-31,4.0,,,2.0,35.0
43,2019-02-28,1.0,1.0,,,23.0
43,2019-03-31,7.0,,,,138.0
43,2019-04-30,30.0,,,,406.0
43,2019-05-31,36.0,1.0,,,625.0
43,2019-06-30,10.0,,,,273.0
43,2019-07-31,1.0,,,,63.0
43,2019-08-31,,,,,29.0
43,2019-09-30,,,,,19.0
43,2019-10-31,,,,,18.0
43,2019-11-30,,,,,19.0
43,2019-12-31,,,,,22.0
43,2020-01-31,1.0,1.0,,,49.0
43,2020-02-29,,,,,370.0
43,2020-03-31,2.0,,,,841.0
43,2020-04-30,9.0,,,,1673.0
43,2020-05-31,1.0,,,,823.0
43,2020-06-30,1.0,,,,101.0
43,2020-07-31,,,,,34.0
43,2020-08-31,,,,,30.0
43,2020-09-30,,,,,19.0
43,2020-10-31,,,,,27.0
43,2020-11-30,,,,,26.0
43,2020-12-31,,,,,14.0
43,2021-01-31,1.0,,,,105.0
43,2021-02-28,,,,,439.0
43,2021-03-31,7.0,,,,1497.0
43,2021-04-30,49.0,,,,4514.0
43,2021-05-31,36.0,,,,3960.0
43,2021-06-30,4.0,,,,195.0
43,2021-07-31,1.0,,,,60.0
43,2021-08-31,,,,,16.0
43,2021-09-30,,,,,17.0
43,2021-10-31,,,,,20.0
43,2021-11-30,,,,,17.0
43,2021-12-31,1.0,,,,32.0
43,2022-01-31,10.0,,,,165.0
43,2022-02-28,23.0,,,,922.0
43,2022-03-31,140.0,1.0,,,14505.0
43,2022-04-30,671.0,18.0,,,34008.0
43,2022-05-31,244.0,6.0,,,14203.0
43,2022-06-30,12.0,,,,2318.0
43,2022-07-31,4.0,,,,686.0
43,2022-08-31,4.0,,,,168.0
43,2022-09-30,6.0,,,,80.0
43,2022-10-31,,,,,74.0
43,2022-11-30,,,,,56.0
43,2022-12-31,1.0,,,,97.0
43,2023-01-31,2.0,,,,71.0
43,2023-02-28,33.0,1.0,,,423.0
43,2023-03-31,130.0,15.0,,,3014.0
43,2023-04-30,503.0,7.0,,,14799.0
43,2023-05-31,137.0,1.0,,,12174.0
43,2023-06-30,64.0,5.0,,,4962.0
43,2023-07-31,22.0,,,,1334.0
43,2023-08-31,3.0,1.0,,,335.0
43,2023-09-30,,,,,151.0
43,2023-10-31,,,,,257.0
43,2023-11-30,,,,,414.0
43,2023-12-31,6.0,,,,755.0
43,2024-01-31,66.0,9.0,,,2557.0
43,2024-02-29,222.0,25.0,,,13669.0
43,2024-03-31,419.0,100.0,,,57141.0
43,2024-04-30,274.0,90.0,,,79658.0
43,2024-05-31,402.0,67.0,,,50613.0
43,2024-06-30,104.0,15.0,,,13741.0
43,2024-07-31,11.0,1.0,,,2187.0
43,2024-08-31,3.0,,,,998.0
43,2024-09-30,,,,,781.0
43,2024-10-31,,,,,675.0
43,2024-11-30,1.0,,,,731.0
43,2024-12-31,1.0,,,,427.0
43,2025-01-31,2.0,1.0,,,625.0
43,2025-02-28,7.0,6.0,3.0,,1407.0
43,2025-03-31,72.0,70.0,19.0,,11194.0
43,2025-04-30,50.0,19.0,10.0,,31490.0
43,2025-05-31,,,,,14199.0
43,2025-06-30,,,,,
43,2025-07-31,,,,,
43,2025-08-31,,,,,
43,2025-09-30,,,,,
43,2025-10-31,,,,,
43,2025-11-30,,,,,
43,2025-12-31,,,,,
50,1996-01-31,,,,,
50,1996-02-29,,,,,
50,1996-03-31,,,,,
50,1996-04-30,,,,,
50,1996-05-31,,,,,
50,1996-06-30,,,,,
50,1996-07-31,,,,,
50,1996-08-31,,,,,
50,1996-09-30,,,,,
50,1996-10-31,,,,,
50,1996-11-30,,,,,
50,1996-12-31,,,,,
50,1997-01-31,,,,,
50,1997-02-28,,,,,
50,1997-03-31,,,,,
50,1997-04-30,,,,,
50,1997-05-31,,,,,
50,1997-06-30,,,,,
50,1997-07-31,,,,,
50,1997-08-31,,,,,
50,1997-09-30,,,,,
50,1997-10-31,,,,,
50,1997-11-30,,,,,
50,1997-12-31,,,,,
50,1998-01-31,,,,,
50,1998-02-28,,,,,
50,1998-03-31,,,,,
50,1998-04-30,,,,,
50,1998-05-31,,,,,
50,1998-06-30,,,,,
50,1998-07-31,,,,,
50,1998-08-31,,,,,
50,1998-09-30,,,,,
50,1998-10-31,,,,,
50,1998-11-30,,,,,
50,1998-12-31,,,,,
50,1999-01-31,19.0,1.0,,,821.0
50,1999-02-28,42.0,,,,1183.0
50,1999-03-31,58.0,7.0,,,1436.0
50,1999-04-30,104.0,4.0,,,689.0
50,1999-05-31,37.0,,,,221.0
50,1999-06-30,2.0,,,,31.0
50,1999-07-31,4.0,1.0,,,31.0
50,1999-08-31,3.0,2.0,,,21.0
50,1999-09-30,1.0,5.0,,,21.0
50,1999-10-31,1.0,,,,55.0
50,1999-11-30,1.0,,,,84.0
50,1999-12-31,,,,,54.0
50,2000-01-31,3.0,,1.0,,575.0
50,2000-02-29,5.0,,,,766.0
50,2000-03-31,15.0,,1.0,,558.0
50,2000-04-30,18.0,1.0,,,1356.0
50,2000-05-31,12.0,,,,508.0
50,2000-06-30,4.0,,,,168.0
50,2000-07-31,1.0,,,,73.0
50,2000-08-31,,,,,28.0
50,2000-09-30,1.0,,,,29.0
50,2000-10-31,2.0,,,,20.0
50,2000-11-30,,,,,36.0
50,2000-12-31,,,,,78.0
50,2001-01-31,1.0,,,,211.0
50,2001-02-28,15.0,,,,464.0
50,2001-03-31,19.0,1.0,,,1475.0
50,2001-04-30,32.0,,,,2564.0
50,2001-05-31,6.0,,,,2917.0
50,2001-06-30,8.0,,,,386.0
50,2001-07-31,1.0,,,,65.0
50,2001-08-31,1.0,,,,51.0
50,2001-09-30,,,,,48.0
50,2001-10-31,,2.0,,,85.0
50,2001-11-30,,,1.0,,213.0
50,2001-12-31,4.0,,,,836.0
50,2002-01-31,25.0,11.0,3.0,,3444.0
50,2002-02-28,21.0,7.0,,,4332.0
50,2002-03-31,24.0,5.0,1.0,,3011.0
50,2002-04-30,2.0,1.0,,,880.0
50,2002-05-31,,,1.0,,284.0
50,2002-06-30,,,,,103.0
50,2002-07-31,,,,,30.0
50,2002-08-31,,,,,50.0
50,2002-09-30,,,,,23.0
50,2002-10-31,,1.0,,,10.0
50,2002-11-30,,,,,48.0
50,2002-12-31,,,,,52.0
50,2003-01-31,,,,,125.0
50,2003-02-28,2.0,,,,355.0
50,2003-03-31,,,,,665.0
50,2003-04-30,1.0,,,,542.0
50,2003-05-31,,,,,263.0
50,2003-06-30,,,,,70.0
50,2003-07-31,,,,,23.0
50,2003-08-31,,,,,6.0
50,2003-09-30,,,,,4.0
50,2003-10-31,,,,,5.0
50,2003-11-30,,,,,25.0
50,2003-12-31,,,,,29.0
50,2004-01-31,,,,,106.0
50,2004-02-29,,,,,53.0
50,2004-03-31,,,,,34.0
50,2004-04-30,,,,,35.0
50,2004-05-31,,,1.0,,56.0
50,2004-06-30,,,,,14.0
50,2004-07-31,,,,,8.0
50,2004-08-31,,,,,5.0
50,2004-09-30,,,,,2.0
50,2004-10-31,,,,,4.0
50,2004-11-30,,,,,4.0
50,2004-12-31,,1.0,,,7.0
50,2005-01-31,,,,,10.0
50,2005-02-28,,,,,46.0
50,2005-03-31,,,1.0,,126.0
50,2005-04-30,,1.0,1.0,,196.0
50,2005-05-31,,,1.0,,85.0
50,2005-06-30,,,,,69.0
50,2005-07-31,,,,,28.0
50,2005-08-31,,,1.0,,10.0
50,2005-09-30,,,,,11.0
50,2005-10-31,,,,,7.0
50,2005-11-30,,,,,7.0
50,2005-12-31,,,,,24.0
50,2006-01-31,,,1.0,,105.0
50,2006-02-28,,,8.0,,480.0
50,2006-03-31,2.0,,20.0,,1946.0
50,2006-04-30,,,21.0,,4141.0
50,2006-05-31,1.0,,8.0,,1516.0
50,2006-06-30,,,,,507.0
50,2006-07-31,1.0,,1.0,,206.0
50,2006-08-31,,,,,50.0
50,2006-09-30,,,,,55.0
50,2006-10-31,,,1.0,,76.0
50,2006-11-30,1.0,,3.0,,514.0
50,2006-12-31,,1.0,9.0,,1870.0
50,2007-01-31,2.0,,11.0,,14382.0
50,2007-02-28,9.0,,21.0,2.0,24084.0
50,2007-03-31,67.0,,81.0,,21901.0
50,2007-04-30,11.0,,1.0,,6923.0
50,2007-05-31,9.0,,,,2182.0
50,2007-06-30,1.0,,,,338.0
50,2007-07-31,1.0,,1.0,,76.0
50,2007-08-31,,,,,47.0
50,2007-09-30,1.0,,,,18.0
50,2007-10-31,,,,,43.0
50,2007-11-30,,,,,122.0
50,2007-12-31,,,,,145.0
50,2008-01-31,,,,,128.0
50,2008-02-29,,,,,88.0
50,2008-03-31,,,1.0,,209.0
50,2008-04-30,,1.0,,,199.0
50,2008-05-31,,,,,61.0
50,2008-06-30,,,,,22.0
50,2008-07-31,,,,,14.0
50,2008-08-31,,,,,17.0
50,2008-09-30,,,,,14.0
50,2008-10-31,,,,,18.0
50,2008-11-30,,,,,47.0
50,2008-12-31,,,,,26.0
50,2009-01-31,,1.0,,,78.0
50,2009-02-28,4.0,,,,559.0
50,2009-03-31,1.0,,,,2222.0
50,2009-04-30,2.0,1.0,1.0,,2799.0
50,2009-05-31,6.0,4.0,1.0,,2371.0
50,2009-06-30,1.0,,,,457.0
50,2009-07-31,,,,,204.0
50,2009-08-31,1.0,,,,132.0
50,2009-09-30,2.0,,,,152.0
50,2009-10-31,,,,,366.0
50,2009-11-30,9.0,4.0,,2.0,1388.0
50,2009-12-31,9.0,12.0,,,2872.0
50,2010-01-31,57.0,10.0,,1.0,11321.0
50,2010-02-28,141.0,20.0,,,17185.0
50,2010-03-31,171.0,8.0,,1.0,16962.0
50,2010-04-30,97.0,8.0,2.0,,10609.0
50,2010-05-31,127.0,3.0,,,5862.0
50,2010-06-30,25.0,1.0,,,702.0
50,2010-07-31,10.0,,,,419.0
50,2010-08-31,2.0,,,,184.0
50,2010-09-30,,,,,297.0
50,2010-10-31,,,,,287.0
50,2010-11-30,3.0,,,,391.0
50,2010-12-31,,,,,512.0
50,2011-01-31,5.0,,,,938.0
50,2011-02-28,7.0,,,,1178.0
50,2011-03-31,37.0,,,,1637.0
50,2011-04-30,98.0,,,,2257.0
50,2011-05-31,5.0,,,,896.0
50,2011-06-30,3.0,,,,261.0
50,2011-07-31,,,,,122.0
50,2011-08-31,,,,1.0,65.0
50,2011-09-30,1.0,,,,70.0
50,2011-10-31,1.0,,,,146.0
50,2011-11-30,,,,,156.0
50,2011-12-31,,,,,288.0
50,2012-01-31,1.0,3.0,,,459.0
50,2012-02-29,2.0,,,2.0,560.0
50,2012-03-31,11.0,12.0,,10.0,989.0
50,2012-04-30,16.0,20.0,,10.0,1387.0
50,2012-05-31,3.0,2.0,,3.0,811.0
50,2012-06-30,2.0,2.0,,3.0,593.0
50,2012-07-31,,1.0,,,193.0
50,2012-08-31,,,,,121.0
50,2012-09-30,,,,,210.0
50,2012-10-31,,3.0,,,208.0
50,2012-11-30,2.0,13.0,,,821.0
50,2012-12-31,6.0,,,2.0,2835.0
50,2013-01-31,16.0,21.0,,40.0,19738.0
50,2013-02-28,24.0,11.0,,45.0,24920.0
50,2013-03-31,165.0,10.0,1.0,24.0,19844.0
50,2013-04-30,56.0,6.0,,28.0,8797.0
50,2013-05-31,7.0,,,15.0,3716.0
50,2013-06-30,1.0,,,26.0,1244.0
50,2013-07-31,2.0,,,,411.0
50,2013-08-31,1.0,,,,235.0
50,2013-09-30,,,,,145.0
50,2013-10-31,,,,,131.0
50,2013-11-30,,,,,315.0
50,2013-12-31,,,,,258.0
50,2014-01-31,1.0,,,1.0,362.0
50,2014-02-28,1.0,,,13.0,623.0
50,2014-03-31,,,,3.0,519.0
50,2014-04-30,,,,9.0,474.0
50,2014-05-31,1.0,1.0,,9.0,426.0
50,2014-06-30,1.0,,,,156.0
50,2014-07-31,,,,,119.0
50,2014-08-31,1.0,,,,113.0
50,2014-09-30,1.0,,,,85.0
50,2014-10-31,11.0,,,,135.0
50,2014-11-30,5.0,,,,197.0
50,2014-12-31,4.0,1.0,,,191.0
50,2015-01-31,48.0,3.0,,1.0,1361.0
50,2015-02-28,33.0,,,,2711.0
50,2015-03-31,94.0,6.0,,1.0,4482.0
50,2015-04-30,66.0,5.0,,,5579.0
50,2015-05-31,51.0,1.0,,3.0,4501.0
50,2015-06-30,7.0,,,1.0,1386.0
50,2015-07-31,10.0,,,,486.0
50,2015-08-31,3.0,1.0,,,479.0
50,2015-09-30,3.0,1.0,,,372.0
50,2015-10-31,7.0,,,1.0,845.0
50,2015-11-30,28.0,,,2.0,2481.0
50,2015-12-31,67.0,5.0,,1.0,6416.0
50,2016-01-31,113.0,1.0,,,16719.0
50,2016-02-29,31.0,,,,14249.0
50,2016-03-31,21.0,,,,8417.0
50,2016-04-30,12.0,,,,5780.0
50,2016-05-31,,,,,745.0
50,2016-06-30,,,,,215.0
50,2016-07-31,,,,,139.0
50,2016-08-31,,,,,102.0
50,2016-09-30,,,,,90.0
50,2016-10-31,,,,,142.0
50,2016-11-30,,,,,90.0
50,2016-12-31,,,,,193.0
50,2017-01-31,7.0,,,,243.0
50,2017-02-28,13.0,,,,294.0
50,2017-03-31,2.0,,,,222.0
50,2017-04-30,2.0,,,,260.0
50,2017-05-31,,,,,131.0
50,2017-06-30,,,,,91.0
50,2017-07-31,,,,,88.0
50,2017-08-31,,,,,78.0
50,2017-09-30,,,,,128.0
50,2017-10-31,,,,,139.0
50,2017-11-30,,,,,275.0
50,2017-12-31,,,,,382.0
50,2018-01-31,,,,,436.0
50,2018-02-28,1.0,,,,319.0
50,2018-03-31,,1.0,,,471.0
50,2018-04-30,,,,,300.0
50,2018-05-31,1.0,,,,282.0
50,2018-06-30,1.0,2.0,,,198.0
50,2018-07-31,,2.0,,,109.0
50,2018-08-31,,1.0,,,66.0
50,2018-09-30,,2.0,,,77.0
50,2018-10-31,,2.0,,,103.0
50,2018-11-30,2.0,4.0,,,553.0
50,2018-12-31,1.0,32.0,,,2678.0
50,2019-01-31,1.0,119.0,,,2351.0
50,2019-02-28,1.0,71.0,,,6776.0
50,2019-03-31,5.0,107.0,1.0,,18880.0
50,2019-04-30,3.0,51.0,,,14885.0
50,2019-05-31,3.0,69.0,,,11200.0
50,2019-06-30,,42.0,,,6005.0
50,2019-07-31,,12.0,,,1336.0
50,2019-08-31,,8.0,,,698.0
50,2019-09-30,,6.0,,,330.0
50,2019-10-31,1.0,5.0,,,424.0
50,2019-11-30,1.0,7.0,,,998.0
50,2019-12-31,1.0,13.0,,,1411.0
50,2020-01-31,4.0,208.0,,1.0,7170.0
50,2020-02-29,11.0,444.0,,,18061.0
50,2020-03-31,6.0,235.0,,,11830.0
50,2020-04-30,3.0,103.0,,2.0,6551.0
50,2020-05-31,1.0,47.0,,,3993.0
50,2020-06-30,,5.0,,,1278.0
50,2020-07-31,1.0,1.0,,,862.0
50,2020-08-31,,1.0,,,600.0
50,2020-09-30,,,,,419.0
50,2020-10-31,,1.0,,,368.0
50,2020-11-30,,,,,592.0
50,2020-12-31,,2.0,,,622.0
50,2021-01-31,2.0,12.0,,,939.0
50,2021-02-28,1.0,61.0,,,2040.0
50,2021-03-31,4.0,91.0,,,2191.0
50,2021-04-30,5.0,127.0,,,2310.0
50,2021-05-31,11.0,47.0,,,1400.0
50,2021-06-30,,11.0,,,327.0
50,2021-07-31,,3.0,,,129.0
50,2021-08-31,,1.0,,,76.0
50,2021-09-30,,,,,67.0
50,2021-10-31,,,,,93.0
50,2021-11-30,2.0,,,,107.0
50,2021-12-31,4.0,,,,217.0
50,2022-01-31,1.0,,,,370.0
50,2022-02-28,20.0,,,,745.0
50,2022-03-31,94.0,,,,2073.0
50,2022-04-30,527.0,1.0,,,5782.0
50,2022-05-31,415.0,,,,5396.0
50,2022-06-30,230.0,3.0,,,2483.0
50,2022-07-31,94.0,1.0,,,1937.0
50,2022-08-31,45.0,,,,990.0
50,2022-09-30,50.0,,,,745.0
50,2022-10-31,275.0,,,,1279.0
50,2022-11-30,722.0,,,,2319.0
50,2022-12-31,762.0,,,,2239.0
50,2023-01-31,620.0,3.0,,,2401.0
50,2023-02-28,975.0,4.0,,,5642.0
50,2023-03-31,1597.0,16.0,,,9964.0
50,2023-04-30,2153.0,79.0,,,14061.0
50,2023-05-31,1168.0,84.0,,,7508.0
50,2023-06-30,479.0,35.0,,,2669.0
50,2023-07-31,106.0,5.0,,,1403.0
50,2023-08-31,23.0,1.0,,,438.0
50,2023-09-30,9.0,1.0,,,289.0
50,2023-10-31,16.0,,,,267.0
50,2023-11-30,20.0,3.0,,,250.0
50,2023-12-31,31.0,5.0,,,333.0
50,2024-01-31,297.0,28.0,,1.0,1232.0
50,2024-02-29,835.0,117.0,,,2603.0
50,2024-03-31,632.0,219.0,1.0,1.0,5218.0
50,2024-04-30,709.0,806.0,1.0,,4112.0
50,2024-05-31,812.0,977.0,6.0,3.0,3466.0
50,2024-06-30,190.0,347.0,1.0,,1271.0
50,2024-07-31,27.0,34.0,,,220.0
50,2024-08-31,16.0,26.0,1.0,,162.0
50,2024-09-30,2.0,8.0,1.0,,113.0
50,2024-10-31,1.0,8.0,,,142.0
50,2024-11-30,4.0,5.0,,,187.0
50,2024-12-31,1.0,52.0,1.0,1.0,214.0
50,2025-01-31,12.0,258.0,40.0,1.0,812.0
50,2025-02-28,8.0,394.0,103.0,1.0,1537.0
50,2025-03-31,15.0,792.0,143.0,1.0,3499.0
50,2025-04-30,7.0,395.0,65.0,1.0,4196.0
50,2025-05-31,,11.0,2.0,,1608.0
50,2025-06-30,,,,,
50,2025-07-31,,,,,
50,2025-08-31,,,,,
50,2025-09-30,,,,,
50,2025-10-31,,,,,
50,2025-11-30,,,,,
50,2025-12-31,,,,,
51,1996-01-31,,,,,79.0
51,1996-02-29,,,,,104.0
51,1996-03-31,,,,,90.0
51,1996-04-30,,,,,9.0
51,1996-05-31,,,,,1.0
51,1996-06-30,,,,,1.0
51,1996-07-31,,,,,1.0
51,1996-08-31,,,,,
51,1996-09-30,,,,,2.0
51,1996-10-31,,,,,3.0
51,1996-11-30,,,,,8.0
51,1996-12-31,,,,,2.0
51,1997-01-31,,,,,9.0
51,1997-02-28,,,,,5.0
51,1997-03-31,,,,,
51,1997-04-30,,,,,
51,1997-05-31,,,,,11.0
51,1997-06-30,1.0,,,,1.0
51,1997-07-31,,,,,
51,1997-08-31,,,,,
51,1997-09-30,,,,,
51,1997-10-31,,,,,
51,1997-11-30,,,,,
51,1997-12-31,,,,,
51,1998-01-31,,,,,7.0
51,1998-02-28,,,,,
51,1998-03-31,,,,,5.0
51,1998-04-30,,,,,2.0
51,1998-05-31,,,,,
51,1998-06-30,,,,,
51,1998-07-31,,,,,
51,1998-08-31,,,,,
51,1998-09-30,,,,,
51,1998-10-31,,,,,
51,1998-11-30,,,,,
51,1998-12-31,,,,,
51,1999-01-31,,,,,1.0
51,1999-02-28,,,,,
51,1999-03-31,,,,,1.0
51,1999-04-30,,,,,1.0
51,1999-05-31,,,,,
51,1999-06-30,,,,,
51,1999-07-31,,,,,1.0
51,1999-08-31,,,,,
51,1999-09-30,,,,,
51,1999-10-31,,,,,
51,1999-11-30,,,,,
51,1999-12-31,,,,,
51,2000-01-31,,,,,24.0
51,2000-02-29,,,,,56.0
51,2000-03-31,1.0,,,,47.0
51,2000-04-30,2.0,,,,77.0
51,2000-05-31,13.0,,,,25.0
51,2000-06-30,12.0,,,,21.0
51,2000-07-31,9.0,,,,11.0
51,2000-08-31,,,,,2.0
51,2000-09-30,,,,,1.0
51,2000-10-31,,,,,
51,2000-11-30,,,2.0,,10.0
51,2000-12-31,2.0,,,,16.0
51,2001-01-31,4.0,,,,120.0
51,2001-02-28,8.0,,4.0,,159.0
51,2001-03-31,1.0,,,,180.0
51,2001-04-30,3.0,,2.0,,186.0
51,2001-05-31,43.0,1.0,1.0,,205.0
51,2001-06-30,30.0,,1.0,,122.0
51,2001-07-31,2.0,,2.0,,47.0
51,2001-08-31,6.0,,,,61.0
51,2001-09-30,3.0,,,,60.0
51,2001-10-31,1.0,,,,213.0
51,2001-11-30,,,,,435.0
51,2001-12-31,4.0,1.0,1.0,,576.0
51,2002-01-31,10.0,1.0,1.0,,2056.0
51,2002-02-28,6.0,,1.0,,2447.0
51,2002-03-31,6.0,2.0,1.0,,1951.0
51,2002-04-30,1.0,,,,597.0
51,2002-05-31,,,,,340.0
51,2002-06-30,,1.0,,,216.0
51,2002-07-31,,,,,75.0
51,2002-08-31,1.0,,,,57.0
51,2002-09-30,2.0,,,,60.0
51,2002-10-31,,,,,181.0
51,2002-11-30,,,,,521.0
51,2002-12-31,,1.0,,,768.0
51,2003-01-31,1.0,,3.0,,1773.0
51,2003-02-28,,,1.0,,3445.0
51,2003-03-31,,1.0,7.0,,1834.0
51,2003-04-30,,,1.0,,527.0
51,2003-05-31,,2.0,1.0,,286.0
51,2003-06-30,,,,,81.0
51,2003-07-31,,,,,42.0
51,2003-08-31,1.0,,,,35.0
51,2003-09-30,,,,,31.0
51,2003-10-31,,,,,27.0
51,2003-11-30,,,,,340.0
51,2003-12-31,,,,,917.0
51,2004-01-31,,,,,532.0
51,2004-02-29,,,,,368.0
51,2004-03-31,1.0,1.0,,,345.0
51,2004-04-30,,,,,220.0
51,2004-05-31,,,,,186.0
51,2004-06-30,,,,,72.0
51,2004-07-31,,,,,36.0
51,2004-08-31,,,,,11.0
51,2004-09-30,,,,,13.0
51,2004-10-31,,,,,124.0
51,2004-11-30,,,,,210.0
51,2004-12-31,,,,,306.0
51,2005-01-31,1.0,,,,493.0
51,2005-02-28,1.0,2.0,,,885.0
51,2005-03-31,,,1.0,,1172.0
51,2005-04-30,7.0,,,,1210.0
51,2005-05-31,4.0,,,,611.0
51,2005-06-30,1.0,,,,422.0
51,2005-07-31,,,,,174.0
51,2005-08-31,,1.0,,,88.0
51,2005-09-30,,,,,71.0
51,2005-10-31,,,,,164.0
51,2005-11-30,,,1.0,,748.0
51,2005-12-31,,,1.0,,777.0
51,2006-01-31,4.0,,,,902.0
51,2006-02-28,,,,,1080.0
51,2006-03-31,,,,,1366.0
51,2006-04-30,,,,,1153.0
51,2006-05-31,,,,,580.0
51,2006-06-30,,,,,255.0
51,2006-07-31,,,,,183.0
51,2006-08-31,,,,,165.0
51,2006-09-30,,,,,149.0
51,2006-10-31,,,,,295.0
51,2006-11-30,1.0,,,,1375.0
51,2006-12-31,6.0,,,,2184.0
51,2007-01-31,12.0,,,2.0,2655.0
51,2007-02-28,14.0,1.0,,3.0,3344.0
51,2007-03-31,31.0,,,7.0,3969.0
51,2007-04-30,9.0,,,1.0,2078.0
51,2007-05-31,20.0,,1.0,3.0,1310.0
51,2007-06-30,24.0,,,3.0,918.0
51,2007-07-31,5.0,,,3.0,365.0
51,2007-08-31,1.0,,1.0,,239.0
51,2007-09-30,1.0,,,1.0,167.0
51,2007-10-31,3.0,,,,259.0
51,2007-11-30,2.0,,,,484.0
51,2007-12-31,8.0,,,1.0,820.0
51,2008-01-31,26.0,1.0,,2.0,1439.0
51,2008-02-29,27.0,,,,1478.0
51,2008-03-31,12.0,,,,1873.0
51,2008-04-30,9.0,,,,1126.0
51,2008-05-31,,,,,373.0
51,2008-06-30,,,,,124.0
51,2008-07-31,,,,,47.0
51,2008-08-31,,,,,77.0
51,2008-09-30,,,,,100.0
51,2008-10-31,,,,,91.0
51,2008-11-30,1.0,,,,213.0
51,2008-12-31,,,,,256.0
51,2009-01-31,1.0,,,,786.0
51,2009-02-28,16.0,,,,1276.0
51,2009-03-31,10.0,,,,3145.0
51,2009-04-30,18.0,5.0,1.0,,8093.0
51,2009-05-31,28.0,1.0,,,10537.0
51,2009-06-30,14.0,,,1.0,3041.0
51,2009-07-31,4.0,,,1.0,1915.0
51,2009-08-31,1.0,,,,1648.0
51,2009-09-30,3.0,,,,1178.0
51,2009-10-31,6.0,2.0,,,2827.0
51,2009-11-30,7.0,1.0,,3.0,7231.0
51,2009-12-31,10.0,1.0,,1.0,9720.0
51,2010-01-31,42.0,3.0,,2.0,15851.0
51,2010-02-28,27.0,,,2.0,9257.0
51,2010-03-31,19.0,1.0,,1.0,5408.0
51,2010-04-30,12.0,,,,2428.0
51,2010-05-31,7.0,,,,1469.0
51,2010-06-30,2.0,,,,539.0
51,2010-07-31,,,1.0,,437.0
51,2010-08-31,,,,,247.0
51,2010-09-30,,,,,276.0
51,2010-10-31,1.0,,,,353.0
51,2010-11-30,,,,,591.0
51,2010-12-31,,,,,1139.0
51,2011-01-31,1.0,,,,1234.0
51,2011-02-28,4.0,,,,831.0
51,2011-03-31,,,,,764.0
51,2011-04-30,,1.0,,1.0,818.0
51,2011-05-31,,,,,253.0
51,2011-06-30,,,,,226.0
51,2011-07-31,,1.0,,,227.0
51,2011-08-31,3.0,,,,162.0
51,2011-09-30,,,,,238.0
51,2011-10-31,1.0,,,,309.0
51,2011-11-30,1.0,,,,484.0
51,2011-12-31,,,,,818.0
51,2012-01-31,1.0,,,3.0,1586.0
51,2012-02-29,2.0,,,11.0,2648.0
51,2012-03-31,1.0,,,30.0,5993.0
51,2012-04-30,8.0,,,15.0,5520.0
51,2012-05-31,3.0,,,44.0,5009.0
51,2012-06-30,8.0,,,27.0,3499.0
51,2012-07-31,3.0,,,,1683.0
51,2012-08-31,1.0,,,2.0,1154.0
51,2012-09-30,2.0,,,1.0,684.0
51,2012-10-31,2.0,,,,833.0
51,2012-11-30,3.0,,1.0,1.0,1397.0
51,2012-12-31,7.0,,,6.0,3066.0
51,2013-01-31,4.0,,,4.0,7948.0
51,2013-02-28,2.0,1.0,,6.0,8006.0
51,2013-03-31,4.0,,,17.0,8661.0
51,2013-04-30,1.0,,,7.0,4347.0
51,2013-05-31,1.0,1.0,,2.0,2411.0
51,2013-06-30,,,,,1243.0
51,2013-07-31,,,,,574.0
51,2013-08-31,,,,,461.0
51,2013-09-30,,,,,335.0
51,2013-10-31,1.0,,,,411.0
51,2013-11-30,2.0,,,,837.0
51,2013-12-31,,,,,651.0
51,2014-01-31,1.0,,,,910.0
51,2014-02-28,1.0,,,,1157.0
51,2014-03-31,2.0,,,,1322.0
51,2014-04-30,,,,,928.0
51,2014-05-31,,,,,763.0
51,2014-06-30,3.0,,,,373.0
51,2014-07-31,,,,,241.0
51,2014-08-31,,,,,250.0
51,2014-09-30,,,,,287.0
51,2014-10-31,1.0,,,,283.0
51,2014-11-30,2.0,,,,371.0
51,2014-12-31,3.0,,,,340.0
51,2015-01-31,2.0,,,,759.0
51,2015-02-28,2.0,,,,1035.0
51,2015-03-31,2.0,,,,1818.0
51,2015-04-30,8.0,,,1.0,2651.0
51,2015-05-31,6.0,,,,4044.0
51,2015-06-30,2.0,,,,1967.0
51,2015-07-31,1.0,,,,1065.0
51,2015-08-31,1.0,,,1.0,1120.0
51,2015-09-30,1.0,,,,726.0
51,2015-10-31,3.0,,,,1038.0
51,2015-11-30,10.0,,,,1567.0
51,2015-12-31,13.0,,,,3501.0
51,2016-01-31,13.0,,,1.0,6878.0
51,2016-02-29,36.0,,,,6551.0
51,2016-03-31,41.0,,,,3236.0
51,2016-04-30,24.0,2.0,,,1669.0
51,2016-05-31,10.0,,,,569.0
51,2016-06-30,,,,,299.0
51,2016-07-31,,,,,232.0
51,2016-08-31,,,,,243.0
51,2016-09-30,,,,,235.0
51,2016-10-31,1.0,,,,337.0
51,2016-11-30,,,,,394.0
51,2016-12-31,1.0,,,,738.0
51,2017-01-31,,2.0,,,1152.0
51,2017-02-28,2.0,,,,1466.0
51,2017-03-31,1.0,,,,1641.0
51,2017-04-30,1.0,,,,1681.0
51,2017-05-31,,,,,862.0
51,2017-06-30,,,,,557.0
51,2017-07-31,1.0,,,,407.0
51,2017-08-31,,,,,291.0
51,2017-09-30,,,,,242.0
51,2017-10-31,,,,,237.0
51,2017-11-30,1.0,,,,294.0
51,2017-12-31,,,,,591.0
51,2018-01-31,2.0,,,,1270.0
51,2018-02-28,1.0,1.0,,,1365.0
51,2018-03-31,5.0,,,,1383.0
51,2018-04-30,2.0,,,,807.0
51,2018-05-31,,,,,632.0
51,2018-06-30,2.0,,,,447.0
51,2018-07-31,1.0,,,,213.0
51,2018-08-31,2.0,,,,163.0
51,2018-09-30,4.0,,,,167.0
51,2018-10-31,1.0,,,,124.0
51,2018-11-30,7.0,,,,246.0
51,2018-12-31,5.0,,,1.0,499.0
51,2019-01-31,13.0,,,11.0,741.0
51,2019-02-28,11.0,1.0,,1.0,917.0
51,2019-03-31,13.0,1.0,,4.0,1248.0
51,2019-04-30,8.0,,,1.0,1462.0
51,2019-05-31,7.0,15.0,,1.0,1795.0
51,2019-06-30,5.0,14.0,,1.0,1522.0
51,2019-07-31,,,,,512.0
51,2019-08-31,2.0,1.0,,,368.0
51,2019-09-30,,,,,213.0
51,2019-10-31,2.0,,,,257.0
51,2019-11-30,1.0,1.0,,,748.0
51,2019-12-31,7.0,3.0,,,1315.0
51,2020-01-31,11.0,21.0,,,4602.0
51,2020-02-29,13.0,19.0,,,9211.0
51,2020-03-31,15.0,3.0,,1.0,6023.0
51,2020-04-30,13.0,3.0,,,4390.0
51,2020-05-31,14.0,2.0,,1.0,4924.0
51,2020-06-30,50.0,1.0,,,2463.0
51,2020-07-31,14.0,,,,1246.0
51,2020-08-31,1.0,,,,710.0
51,2020-09-30,3.0,1.0,,,354.0
51,2020-10-31,1.0,4.0,,,311.0
51,2020-11-30,8.0,,,,351.0
51,2020-12-31,13.0,1.0,,,493.0
51,2021-01-31,44.0,2.0,,,1394.0
51,2021-02-28,26.0,1.0,,,2271.0
51,2021-03-31,6.0,4.0,,,2259.0
51,2021-04-30,15.0,9.0,,1.0,2280.0
51,2021-05-31,21.0,6.0,,1.0,3216.0
51,2021-06-30,4.0,,,,2179.0
51,2021-07-31,2.0,1.0,,,1491.0
51,2021-08-31,3.0,,,,547.0
51,2021-09-30,1.0,,,,402.0
51,2021-10-31,1.0,,,,781.0
51,2021-11-30,4.0,,,,1470.0
51,2021-12-31,12.0,1.0,,,3448.0
51,2022-01-31,3.0,1.0,,,3993.0
51,2022-02-28,10.0,1.0,,,4276.0
51,2022-03-31,71.0,,,,5587.0
51,2022-04-30,32.0,2.0,,,9114.0
51,2022-05-31,14.0,,,,5149.0
51,2022-06-30,11.0,,,,2230.0
51,2022-07-31,1.0,1.0,,,1217.0
51,2022-08-31,5.0,,,,599.0
51,2022-09-30,2.0,,,,418.0
51,2022-10-31,2.0,,,,557.0
51,2022-11-30,2.0,,,,881.0
51,2022-12-31,4.0,,,,1326.0
51,2023-01-31,8.0,,,,2170.0
51,2023-02-28,14.0,,,,3656.0
51,2023-03-31,55.0,1.0,,1.0,4345.0
51,2023-04-30,51.0,4.0,,,6527.0
51,2023-05-31,63.0,1.0,,,4259.0
51,2023-06-30,19.0,3.0,,,2240.0
51,2023-07-31,10.0,1.0,,,1488.0
51,2023-08-31,9.0,,,,754.0
51,2023-09-30,1.0,,,,625.0
51,2023-10-31,2.0,1.0,,,579.0
51,2023-11-30,4.0,1.0,,,746.0
51,2023-12-31,6.0,3.0,,,1208.0
51,2024-01-31,13.0,16.0,,,2876.0
51,2024-02-29,31.0,31.0,,,6224.0
51,2024-03-31,70.0,86.0,,,7898.0
51,2024-04-30,78.0,128.0,,,7567.0
51,2024-05-31,86.0,134.0,,,8029.0
51,2024-06-30,48.0,57.0,,,4277.0
51,2024-07-31,16.0,21.0,,,1571.0
51,2024-08-31,17.0,5.0,,,984.0
51,2024-09-30,4.0,2.0,,,486.0
51,2024-10-31,5.0,,,,352.0
51,2024-11-30,,2.0,,,868.0
51,2024-12-31,4.0,4.0,,,1879.0
51,2025-01-31,26.0,23.0,,,6177.0
51,2025-02-28,47.0,30.0,,,6991.0
51,2025-03-31,18.0,71.0,1.0,,6355.0
51,2025-04-30,8.0,39.0,3.0,,5374.0
51,2025-05-31,1.0,1.0,,,1476.0
51,2025-06-30,,,,,
51,2025-07-31,,,,,
51,2025-08-31,,,,,
51,2025-09-30,,,,,
51,2025-10-31,,,,,
51,2025-11-30,,,,,
51,2025-12-31,,,,,
52,1996-01-31,,,,,47.0
52,1996-02-29,,,,,59.0
52,1996-03-31,1.0,,1.0,,111.0
52,1996-04-30,4.0,,1.0,,196.0
52,1996-05-31,,,,,82.0
52,1996-06-30,2.0,,,,64.0
52,1996-07-31,,,,,40.0
52,1996-08-31,,,,,24.0
52,1996-09-30,,,,,20.0
52,1996-10-31,,,,,14.0
52,1996-11-30,,,,,35.0
52,1996-12-31,,,,,7.0
52,1997-01-31,7.0,3.0,3.0,,225.0
52,1997-02-28,17.0,3.0,,,322.0
52,1997-03-31,19.0,,1.0,,532.0
52,1997-04-30,,8.0,2.0,,279.0
52,1997-05-31,1.0,3.0,,,203.0
52,1997-06-30,,5.0,,,82.0
52,1997-07-31,,,,,56.0
52,1997-08-31,,,,,41.0
52,1997-09-30,,,,,30.0
52,1997-10-31,,,,,39.0
52,1997-11-30,,,,,48.0
52,1997-12-31,,,,,66.0
52,1998-01-31,,,,,162.0
52,1998-02-28,,,,,189.0
52,1998-03-31,,,3.0,,632.0
52,1998-04-30,1.0,,3.0,,1102.0
52,1998-05-31,,1.0,2.0,,630.0
52,1998-06-30,,,,,115.0
52,1998-07-31,,,,,89.0
52,1998-08-31,,,,,100.0
52,1998-09-30,,,,,67.0
52,1998-10-31,,2.0,,,85.0
52,1998-11-30,,,1.0,,93.0
52,1998-12-31,,,2.0,,150.0
52,1999-01-31,,,,,1.0
52,1999-02-28,,,,,5.0
52,1999-03-31,,,,,6.0
52,1999-04-30,,,,,5.0
52,1999-05-31,,,,,27.0
52,1999-06-30,,,,,29.0
52,1999-07-31,,,,,6.0
52,1999-08-31,,,,,4.0
52,1999-09-30,,,,,12.0
52,1999-10-31,,,,,31.0
52,1999-11-30,,1.0,1.0,,10.0
52,1999-12-31,,,,,10.0
52,2000-01-31,7.0,3.0,,,237.0
52,2000-02-29,8.0,1.0,,,204.0
52,2000-03-31,30.0,2.0,,,258.0
52,2000-04-30,14.0,,,,324.0
52,2000-05-31,1.0,,,,149.0
52,2000-06-30,1.0,,,,74.0
52,2000-07-31,,,,,39.0
52,2000-08-31,3.0,,,,22.0
52,2000-09-30,,,,,29.0
52,2000-10-31,1.0,8.0,1.0,,87.0
52,2000-11-30,,,,,91.0
52,2000-12-31,3.0,,,,104.0
52,2001-01-31,10.0,7.0,1.0,,488.0
52,2001-02-28,32.0,6.0,1.0,,1465.0
52,2001-03-31,43.0,6.0,1.0,,2583.0
52,2001-04-30,35.0,10.0,2.0,,1648.0
52,2001-05-31,28.0,13.0,,,994.0
52,2001-06-30,11.0,3.0,,,643.0
52,2001-07-31,2.0,,,,261.0
52,2001-08-31,1.0,,1.0,,145.0
52,2001-09-30,2.0,,1.0,,233.0
52,2001-10-31,3.0,,,,303.0
52,2001-11-30,30.0,1.0,,,695.0
52,2001-12-31,11.0,1.0,,,1086.0
52,2002-01-31,130.0,10.0,3.0,,2599.0
52,2002-02-28,316.0,22.0,11.0,,8013.0
52,2002-03-31,83.0,7.0,3.0,,7351.0
52,2002-04-30,29.0,3.0,1.0,,1825.0
52,2002-05-31,9.0,1.0,,,715.0
52,2002-06-30,1.0,,,,256.0
52,2002-07-31,,,,,109.0
52,2002-08-31,1.0,1.0,,,294.0
52,2002-09-30,,,,,255.0
52,2002-10-31,,,,,142.0
52,2002-11-30,,,,,370.0
52,2002-12-31,,,,,278.0
52,2003-01-31,7.0,,1.0,,772.0
52,2003-02-28,7.0,1.0,15.0,,1875.0
52,2003-03-31,3.0,,16.0,,1926.0
52,2003-04-30,8.0,1.0,13.0,,1326.0
52,2003-05-31,8.0,4.0,13.0,,1031.0
52,2003-06-30,3.0,1.0,4.0,,336.0
52,2003-07-31,,,1.0,1.0,199.0
52,2003-08-31,,,,,177.0
52,2003-09-30,,,,,114.0
52,2003-10-31,,1.0,3.0,,197.0
52,2003-11-30,,1.0,4.0,,283.0
52,2003-12-31,1.0,,3.0,,294.0
52,2004-01-31,,1.0,27.0,,881.0
52,2004-02-29,1.0,,26.0,,1170.0
52,2004-03-31,2.0,,12.0,,1076.0
52,2004-04-30,2.0,1.0,15.0,,931.0
52,2004-05-31,,,10.0,,762.0
52,2004-06-30,1.0,,3.0,,254.0
52,2004-07-31,,,,,127.0
52,2004-08-31,,,,,64.0
52,2004-09-30,,,,,56.0
52,2004-10-31,,,,,106.0
52,2004-11-30,,,1.0,,165.0
52,2004-12-31,,,,,234.0
52,2005-01-31,5.0,,34.0,,625.0
52,2005-02-28,1.0,,18.0,,1430.0
52,2005-03-31,1.0,,20.0,,2535.0
52,2005-04-30,3.0,1.0,52.0,,4786.0
52,2005-05-31,1.0,,20.0,,3166.0
52,2005-06-30,,,9.0,,1623.0
52,2005-07-31,2.0,,6.0,,602.0
52,2005-08-31,2.0,,1.0,,338.0
52,2005-09-30,,,1.0,,266.0
52,2005-10-31,,,1.0,,583.0
52,2005-11-30,4.0,,7.0,,985.0
52,2005-12-31,1.0,,3.0,,1721.0
52,2006-01-31,12.0,,9.0,,3942.0
52,2006-02-28,7.0,,21.0,,4990.0
52,2006-03-31,5.0,,7.0,,4118.0
52,2006-04-30,2.0,,10.0,,5685.0
52,2006-05-31,4.0,,5.0,,2716.0
52,2006-06-30,,,2.0,,821.0
52,2006-07-31,,,1.0,,308.0
52,2006-08-31,,,1.0,,146.0
52,2006-09-30,,,,,186.0
52,2006-10-31,,,,,295.0
52,2006-11-30,,,4.0,,538.0
52,2006-12-31,,,1.0,,715.0
52,2007-01-31,,,9.0,,1667.0
52,2007-02-28,1.0,,10.0,,2539.0
52,2007-03-31,,,9.0,,3512.0
52,2007-04-30,13.0,,7.0,,1923.0
52,2007-05-31,5.0,,2.0,,1253.0
52,2007-06-30,,,3.0,,939.0
52,2007-07-31,,,,,392.0
52,2007-08-31,2.0,,,,283.0
52,2007-09-30,2.0,,,,255.0
52,2007-10-31,1.0,,1.0,,419.0
52,2007-11-30,9.0,1.0,2.0,,577.0
52,2007-12-31,9.0,1.0,9.0,,1186.0
52,2008-01-31,10.0,8.0,7.0,,2496.0
52,2008-02-29,16.0,5.0,10.0,,3410.0
52,2008-03-31,9.0,5.0,21.0,2.0,8725.0
52,2008-04-30,15.0,6.0,20.0,1.0,12929.0
52,2008-05-31,5.0,5.0,3.0,2.0,6453.0
52,2008-06-30,6.0,2.0,2.0,2.0,1670.0
52,2008-07-31,3.0,,,,527.0
52,2008-08-31,11.0,,,,394.0
52,2008-09-30,1.0,,,,239.0
52,2008-10-31,,,,,473.0
52,2008-11-30,7.0,6.0,1.0,,942.0
52,2008-12-31,,1.0,,,1004.0
52,2009-01-31,5.0,1.0,1.0,,2302.0
52,2009-02-28,13.0,7.0,9.0,,3485.0
52,2009-03-31,8.0,6.0,6.0,1.0,5337.0
52,2009-04-30,32.0,10.0,11.0,1.0,5258.0
52,2009-05-31,50.0,10.0,11.0,,4850.0
52,2009-06-30,10.0,2.0,1.0,1.0,1985.0
52,2009-07-31,6.0,,,,1214.0
52,2009-08-31,6.0,2.0,,,1886.0
52,2009-09-30,8.0,1.0,,,1199.0
52,2009-10-31,26.0,6.0,,2.0,2243.0
52,2009-11-30,78.0,6.0,2.0,2.0,4585.0
52,2009-12-31,157.0,13.0,4.0,3.0,8228.0
52,2010-01-31,233.0,11.0,8.0,2.0,27229.0
52,2010-02-28,96.0,2.0,3.0,2.0,23478.0
52,2010-03-31,50.0,3.0,1.0,1.0,16901.0
52,2010-04-30,32.0,1.0,1.0,1.0,11925.0
52,2010-05-31,51.0,,,1.0,10223.0
52,2010-06-30,21.0,1.0,,,3034.0
52,2010-07-31,12.0,1.0,1.0,,1529.0
52,2010-08-31,2.0,1.0,,,1121.0
52,2010-09-30,3.0,,,,1490.0
52,2010-10-31,12.0,1.0,,,2556.0
52,2010-11-30,16.0,1.0,,,2367.0
52,2010-12-31,20.0,,,,3494.0
52,2011-01-31,47.0,3.0,,,4358.0
52,2011-02-28,55.0,1.0,,,5042.0
52,2011-03-31,20.0,,,2.0,4652.0
52,2011-04-30,35.0,1.0,,,6883.0
52,2011-05-31,15.0,,,,4283.0
52,2011-06-30,6.0,1.0,,,1949.0
52,2011-07-31,5.0,,,,1189.0
52,2011-08-31,,,,,783.0
52,2011-09-30,,,,2.0,751.0
52,2011-10-31,1.0,,,,1593.0
52,2011-11-30,3.0,,,2.0,1390.0
52,2011-12-31,23.0,,,,2182.0
52,2012-01-31,31.0,,,3.0,2255.0
52,2012-02-29,23.0,,,11.0,2409.0
52,2012-03-31,44.0,,,13.0,3044.0
52,2012-04-30,16.0,1.0,,10.0,2458.0
52,2012-05-31,18.0,,,13.0,2808.0
52,2012-06-30,28.0,,,9.0,2616.0
52,2012-07-31,12.0,1.0,,7.0,1238.0
52,2012-08-31,3.0,,,4.0,979.0
52,2012-09-30,9.0,,,5.0,1151.0
52,2012-10-31,1.0,,,1.0,1240.0
52,2012-11-30,4.0,,,4.0,1482.0
52,2012-12-31,11.0,,,16.0,3131.0
52,2013-01-31,43.0,,,45.0,17754.0
52,2013-02-28,33.0,1.0,,28.0,25692.0
52,2013-03-31,60.0,,,55.0,39568.0
52,2013-04-30,38.0,1.0,1.0,31.0,24317.0
52,2013-05-31,27.0,,1.0,25.0,14265.0
52,2013-06-30,13.0,,,4.0,7488.0
52,2013-07-31,8.0,,,2.0,2440.0
52,2013-08-31,2.0,1.0,,3.0,1911.0
52,2013-09-30,4.0,,,,1193.0
52,2013-10-31,1.0,,,2.0,1466.0
52,2013-11-30,3.0,,,,2633.0
52,2013-12-31,2.0,,,1.0,2930.0
52,2014-01-31,16.0,,,8.0,7239.0
52,2014-02-28,28.0,,,15.0,12121.0
52,2014-03-31,63.0,1.0,,10.0,14974.0
52,2014-04-30,38.0,,,3.0,14891.0
52,2014-05-31,70.0,1.0,,10.0,18986.0
52,2014-06-30,25.0,,,5.0,7933.0
52,2014-07-31,5.0,,,,3547.0
52,2014-08-31,6.0,,,1.0,3008.0
52,2014-09-30,6.0,,,1.0,1903.0
52,2014-10-31,13.0,1.0,,1.0,2289.0
52,2014-11-30,14.0,,,1.0,3651.0
52,2014-12-31,11.0,,,2.0,3612.0
52,2015-01-31,112.0,1.0,,17.0,13106.0
52,2015-02-28,187.0,,,33.0,19471.0
52,2015-03-31,115.0,,,14.0,28866.0
52,2015-04-30,109.0,,1.0,7.0,27606.0
52,2015-05-31,124.0,1.0,1.0,8.0,39596.0
52,2015-06-30,53.0,1.0,,8.0,15522.0
52,2015-07-31,11.0,,,,5626.0
52,2015-08-31,7.0,,,,3732.0
52,2015-09-30,1.0,,,,1677.0
52,2015-10-31,8.0,,,,2617.0
52,2015-11-30,5.0,,,1.0,3579.0
52,2015-12-31,8.0,,,,6484.0
52,2016-01-31,26.0,1.0,,9.0,17832.0
52,2016-02-29,32.0,3.0,,6.0,30303.0
52,2016-03-31,41.0,1.0,1.0,7.0,28778.0
52,2016-04-30,29.0,5.0,,2.0,26397.0
52,2016-05-31,16.0,4.0,,,9726.0
52,2016-06-30,8.0,1.0,,,4330.0
52,2016-07-31,7.0,1.0,,,2217.0
52,2016-08-31,,,,,1441.0
52,2016-09-30,,,,,1494.0
52,2016-10-31,,1.0,,,2357.0
52,2016-11-30,,,,1.0,2380.0
52,2016-12-31,3.0,3.0,1.0,1.0,3607.0
52,2017-01-31,4.0,5.0,,,5034.0
52,2017-02-28,9.0,39.0,,3.0,6691.0
52,2017-03-31,7.0,16.0,,2.0,8425.0
52,2017-04-30,5.0,35.0,,3.0,11670.0
52,2017-05-31,9.0,44.0,,1.0,11202.0
52,2017-06-30,2.0,11.0,1.0,,8076.0
52,2017-07-31,2.0,4.0,,1.0,4040.0
52,2017-08-31,,,,,1577.0
52,2017-09-30,1.0,,,,1799.0
52,2017-10-31,2.0,,,,1909.0
52,2017-11-30,,,,,1806.0
52,2017-12-31,1.0,,,,2002.0
52,2018-01-31,2.0,15.0,,,7035.0
52,2018-02-28,4.0,30.0,,,10421.0
52,2018-03-31,4.0,24.0,,,17981.0
52,2018-04-30,1.0,17.0,,,15688.0
52,2018-05-31,1.0,26.0,,3.0,14474.0
52,2018-06-30,3.0,5.0,,1.0,7655.0
52,2018-07-31,1.0,5.0,,1.0,2616.0
52,2018-08-31,,1.0,,,2062.0
52,2018-09-30,,1.0,,,2282.0
52,2018-10-31,,1.0,,,2476.0
52,2018-11-30,,3.0,,,3275.0
52,2018-12-31,3.0,8.0,,,5519.0
52,2019-01-31,5.0,62.0,,,7920.0
52,2019-02-28,9.0,110.0,,,11708.0
52,2019-03-31,15.0,109.0,,1.0,19583.0
52,2019-04-30,13.0,87.0,,,20944.0
52,2019-05-31,5.0,62.0,,,23120.0
52,2019-06-30,7.0,55.0,,,18029.0
52,2019-07-31,,6.0,,,4943.0
52,2019-08-31,2.0,6.0,,,3371.0
52,2019-09-30,1.0,4.0,,,2485.0
52,2019-10-31,1.0,1.0,,,2487.0
52,2019-11-30,4.0,1.0,,,3432.0
52,2019-12-31,,1.0,,,2904.0
52,2020-01-31,5.0,22.0,,1.0,5648.0
52,2020-02-29,13.0,40.0,,,11014.0
52,2020-03-31,12.0,23.0,,,10633.0
52,2020-04-30,23.0,29.0,,1.0,10114.0
52,2020-05-31,19.0,12.0,,,9558.0
52,2020-06-30,6.0,8.0,,,6050.0
52,2020-07-31,6.0,,,,3681.0
52,2020-08-31,2.0,,,,2196.0
52,2020-09-30,1.0,,,,1101.0
52,2020-10-31,,,,,1119.0
52,2020-11-30,2.0,,,,1127.0
52,2020-12-31,2.0,1.0,,,1128.0
52,2021-01-31,2.0,2.0,,,2566.0
52,2021-02-28,22.0,1.0,,,4529.0
52,2021-03-31,22.0,5.0,,1.0,5614.0
52,2021-04-30,44.0,9.0,,1.0,8191.0
52,2021-05-31,46.0,1.0,,2.0,10081.0
52,2021-06-30,22.0,1.0,,,5705.0
52,2021-07-31,10.0,1.0,,,3251.0
52,2021-08-31,6.0,,,,1663.0
52,2021-09-30,,,,,1375.0
52,2021-10-31,8.0,,,,2141.0
52,2021-11-30,38.0,,,,4068.0
52,2021-12-31,31.0,2.0,,1.0,12333.0
52,2022-01-31,56.0,3.0,,2.0,16800.0
52,2022-02-28,134.0,4.0,,3.0,25988.0
52,2022-03-31,87.0,4.0,,,37609.0
52,2022-04-30,101.0,1.0,,1.0,52731.0
52,2022-05-31,71.0,2.0,,,29179.0
52,2022-06-30,6.0,,,,13056.0
52,2022-07-31,4.0,,,,8544.0
52,2022-08-31,4.0,,,,5115.0
52,2022-09-30,2.0,,,,4478.0
52,2022-10-31,1.0,,,,4693.0
52,2022-11-30,2.0,,,1.0,4146.0
52,2022-12-31,6.0,3.0,,,6008.0
52,2023-01-31,16.0,,,,6019.0
52,2023-02-28,34.0,1.0,,1.0,7507.0
52,2023-03-31,52.0,1.0,,,9293.0
52,2023-04-30,41.0,2.0,1.0,,12707.0
52,2023-05-31,38.0,,,,8265.0
52,2023-06-30,21.0,4.0,,,4215.0
52,2023-07-31,10.0,,,,2971.0
52,2023-08-31,1.0,,,,2393.0
52,2023-09-30,3.0,,,,3645.0
52,2023-10-31,11.0,,,,3091.0
52,2023-11-30,10.0,,,1.0,3805.0
52,2023-12-31,21.0,29.0,,,7260.0
52,2024-01-31,229.0,191.0,,1.0,18920.0
52,2024-02-29,330.0,521.0,,2.0,55608.0
52,2024-03-31,395.0,1009.0,,,85766.0
52,2024-04-30,233.0,956.0,1.0,4.0,70147.0
52,2024-05-31,177.0,898.0,1.0,2.0,51418.0
52,2024-06-30,75.0,381.0,1.0,,23229.0
52,2024-07-31,13.0,40.0,1.0,1.0,7012.0
52,2024-08-31,2.0,17.0,,,5160.0
52,2024-09-30,2.0,4.0,,,2728.0
52,2024-10-31,3.0,3.0,,,2594.0
52,2024-11-30,7.0,11.0,1.0,,6021.0
52,2024-12-31,5.0,23.0,1.0,,5627.0
52,2025-01-31,10.0,54.0,1.0,,9009.0
52,2025-02-28,20.0,156.0,4.0,,15197.0
52,2025-03-31,50.0,255.0,13.0,1.0,17540.0
52,2025-04-30,33.0,157.0,11.0,,13927.0
52,2025-05-31,4.0,3.0,1.0,,3931.0
52,2025-06-30,,,,,
52,2025-07-31,,,,,
52,2025-08-31,,,,,
52,2025-09-30,,,,,
52,2025-10-31,,,,,
52,2025-11-30,,,,,
52,2025-12-31,,,,,
53,1996-01-31,,,,,36.0
53,1996-02-29,,,,,38.0
53,1996-03-31,,,1.0,,37.0
53,1996-04-30,,,,,23.0
53,1996-05-31,1.0,1.0,,,21.0
53,1996-06-30,,,,,18.0
53,1996-07-31,,,,,10.0
53,1996-08-31,,,,,26.0
53,1996-09-30,,,,,14.0
53,1996-10-31,,,,,9.0
53,1996-11-30,,,,,18.0
53,1996-12-31,,,,,24.0
53,1997-01-31,,,,,2.0
53,1997-02-28,,,,,1.0
53,1997-03-31,,,,,6.0
53,1997-04-30,,,,,2.0
53,1997-05-31,,,,,3.0
53,1997-06-30,,,,,
53,1997-07-31,,,,,
53,1997-08-31,,,,,
53,1997-09-30,,,,,2.0
53,1997-10-31,,,,,2.0
53,1997-11-30,,,,,1.0
53,1997-12-31,,,,,1.0
53,1998-01-31,1.0,1.0,,,83.0
53,1998-02-28,,2.0,,,126.0
53,1998-03-31,1.0,,,,220.0
53,1998-04-30,,1.0,,,242.0
53,1998-05-31,1.0,1.0,,,400.0
53,1998-06-30,4.0,,,,142.0
53,1998-07-31,,1.0,,,51.0
53,1998-08-31,,1.0,,,51.0
53,1998-09-30,1.0,,,,18.0
53,1998-10-31,,,,,17.0
53,1998-11-30,,,1.0,,10.0
53,1998-12-31,1.0,,,,19.0
53,1999-01-31,,,,,
53,1999-02-28,,,,,
53,1999-03-31,,,,,
53,1999-04-30,,,,,
53,1999-05-31,,,,,
53,1999-06-30,,,,,
53,1999-07-31,,,,,
53,1999-08-31,,,,,
53,1999-09-30,,,,,
53,1999-10-31,,,,,
53,1999-11-30,,,,,
53,1999-12-31,,,,,
53,2000-01-31,,,,,25.0
53,2000-02-29,,,,,25.0
53,2000-03-31,,,,,29.0
53,2000-04-30,,,1.0,,25.0
53,2000-05-31,,,,,20.0
53,2000-06-30,,,,,20.0
53,2000-07-31,,,1.0,,6.0
53,2000-08-31,,,,,7.0
53,2000-09-30,,,,,5.0
53,2000-10-31,,,,,3.0
53,2000-11-30,,,,,3.0
53,2000-12-31,,,,,32.0
53,2001-01-31,2.0,1.0,1.0,,329.0
53,2001-02-28,,,5.0,,243.0
53,2001-03-31,2.0,,1.0,,241.0
53,2001-04-30,,,2.0,,178.0
53,2001-05-31,,,,,178.0
53,2001-06-30,,,2.0,,111.0
53,2001-07-31,,,1.0,,76.0
53,2001-08-31,,,1.0,,34.0
53,2001-09-30,1.0,1.0,2.0,,27.0
53,2001-10-31,,,3.0,,27.0
53,2001-11-30,,,3.0,,44.0
53,2001-12-31,1.0,,,,53.0
53,2002-01-31,3.0,,1.0,,404.0
53,2002-02-28,8.0,1.0,3.0,,1022.0
53,2002-03-31,1.0,,,,1089.0
53,2002-04-30,,,,,340.0
53,2002-05-31,,,,,135.0
53,2002-06-30,,,,,42.0
53,2002-07-31,,,,,30.0
53,2002-08-31,,,,,34.0
53,2002-09-30,,,,,7.0
53,2002-10-31,,,,,19.0
53,2002-11-30,,,,,35.0
53,2002-12-31,,,,,57.0
53,2003-01-31,1.0,,1.0,,128.0
53,2003-02-28,1.0,,3.0,,188.0
53,2003-03-31,2.0,,4.0,,188.0
53,2003-04-30,,,,,122.0
53,2003-05-31,,,,,98.0
53,2003-06-30,,,,,33.0
53,2003-07-31,,,,,43.0
53,2003-08-31,,,,,26.0
53,2003-09-30,,,,,7.0
53,2003-10-31,,,,,11.0
53,2003-11-30,,,,,8.0
53,2003-12-31,,,,,33.0
53,2004-01-31,,,,,60.0
53,2004-02-29,,,,,67.0
53,2004-03-31,,,,,50.0
53,2004-04-30,,,,,26.0
53,2004-05-31,,,,,15.0
53,2004-06-30,,,,,9.0
53,2004-07-31,,,,,12.0
53,2004-08-31,,,,,3.0
53,2004-09-30,,,,,4.0
53,2004-10-31,,,,,6.0
53,2004-11-30,,,,,3.0
53,2004-12-31,,,,,6.0
53,2005-01-31,,,,,29.0
53,2005-02-28,,,,,37.0
53,2005-03-31,,,,,57.0
53,2005-04-30,,,,,78.0
53,2005-05-31,,,,,38.0
53,2005-06-30,,,,,26.0
53,2005-07-31,,,,,34.0
53,2005-08-31,,,,,28.0
53,2005-09-30,,,,,11.0
53,2005-10-31,,,1.0,,11.0
53,2005-11-30,,,1.0,,11.0
53,2005-12-31,,,,,17.0
53,2006-01-31,,,1.0,,70.0
53,2006-02-28,,,1.0,,62.0
53,2006-03-31,,1.0,,,74.0
53,2006-04-30,,,,,90.0
53,2006-05-31,,1.0,1.0,,78.0
53,2006-06-30,,,,,36.0
53,2006-07-31,,,,,22.0
53,2006-08-31,,,,,15.0
53,2006-09-30,,,,,14.0
53,2006-10-31,,,,,10.0
53,2006-11-30,,,,,23.0
53,2006-12-31,,,,,29.0
53,2007-01-31,3.0,,,,79.0
53,2007-02-28,1.0,1.0,2.0,,130.0
53,2007-03-31,,1.0,5.0,2.0,236.0
53,2007-04-30,,,1.0,,152.0
53,2007-05-31,1.0,,,,138.0
53,2007-06-30,1.0,,,,90.0
53,2007-07-31,1.0,,,,69.0
53,2007-08-31,,,,,52.0
53,2007-09-30,1.0,,,,32.0
53,2007-10-31,,,,1.0,52.0
53,2007-11-30,,,,,63.0
53,2007-12-31,,,,,43.0
53,2008-01-31,2.0,,,,151.0
53,2008-02-29,,,,,131.0
53,2008-03-31,3.0,,,,274.0
53,2008-04-30,3.0,,,,428.0
53,2008-05-31,,,,,235.0
53,2008-06-30,2.0,,1.0,,60.0
53,2008-07-31,,,,,27.0
53,2008-08-31,,,,,36.0
53,2008-09-30,,,,,21.0
53,2008-10-31,,,,,25.0
53,2008-11-30,,,,,17.0
53,2008-12-31,,,,,24.0
53,2009-01-31,,,,,81.0
53,2009-02-28,,,,,90.0
53,2009-03-31,,,,,97.0
53,2009-04-30,,,,,107.0
53,2009-05-31,,,,,149.0
53,2009-06-30,1.0,,,,61.0
53,2009-07-31,,,,,46.0
53,2009-08-31,,,,,35.0
53,2009-09-30,,,,,8.0
53,2009-10-31,,,,,17.0
53,2009-11-30,,,,,42.0
53,2009-12-31,1.0,,,,80.0
53,2010-01-31,3.0,,1.0,,904.0
53,2010-02-28,17.0,3.0,2.0,,2313.0
53,2010-03-31,13.0,,,,3380.0
53,2010-04-30,7.0,,,,3130.0
53,2010-05-31,1.0,,,,3743.0
53,2010-06-30,,,,1.0,908.0
53,2010-07-31,,,,,299.0
53,2010-08-31,,,,,124.0
53,2010-09-30,1.0,,,,70.0
53,2010-10-31,,,,,109.0
53,2010-11-30,,,,,72.0
53,2010-12-31,,,,,82.0
53,2011-01-31,,,,,303.0
53,2011-02-28,1.0,,,,350.0
53,2011-03-31,1.0,,,,457.0
53,2011-04-30,1.0,,,,707.0
53,2011-05-31,1.0,,,,513.0
53,2011-06-30,,,,,220.0
53,2011-07-31,,,,,121.0
53,2011-08-31,,,,,107.0
53,2011-09-30,,,,,112.0
53,2011-10-31,,,,,128.0
53,2011-11-30,,,,,92.0
53,2011-12-31,,,,,93.0
53,2012-01-31,,,,1.0,164.0
53,2012-02-29,,,,,142.0
53,2012-03-31,2.0,,,,263.0
53,2012-04-30,2.0,,,2.0,203.0
53,2012-05-31,,,,2.0,188.0
53,2012-06-30,2.0,,,,139.0
53,2012-07-31,,,,,86.0
53,2012-08-31,1.0,,,,77.0
53,2012-09-30,,,,,62.0
53,2012-10-31,,,,,50.0
53,2012-11-30,,,,,45.0
53,2012-12-31,,,,,71.0
53,2013-01-31,1.0,,,,377.0
53,2013-02-28,10.0,,,5.0,590.0
53,2013-03-31,12.0,,,6.0,1641.0
53,2013-04-30,14.0,,,4.0,2780.0
53,2013-05-31,11.0,,,2.0,2663.0
53,2013-06-30,31.0,,,,1767.0
53,2013-07-31,17.0,,,1.0,805.0
53,2013-08-31,,,,,599.0
53,2013-09-30,6.0,,,,237.0
53,2013-10-31,,,,,103.0
53,2013-11-30,,,,,185.0
53,2013-12-31,,,,,200.0
53,2014-01-31,13.0,,,,522.0
53,2014-02-28,28.0,,,,1189.0
53,2014-03-31,6.0,,,,1327.0
53,2014-04-30,1.0,1.0,,,1930.0
53,2014-05-31,10.0,,,,3506.0
53,2014-06-30,6.0,,,,1718.0
53,2014-07-31,1.0,,,,1134.0
53,2014-08-31,,,,,456.0
53,2014-09-30,3.0,,,,122.0
53,2014-10-31,13.0,,,,42.0
53,2014-11-30,,,,,85.0
53,2014-12-31,,,,,75.0
53,2015-01-31,1.0,,,,359.0
53,2015-02-28,,,,,616.0
53,2015-03-31,2.0,,,,911.0
53,2015-04-30,6.0,,,,1968.0
53,2015-05-31,30.0,,2.0,,3025.0
53,2015-06-30,26.0,,,,1482.0
53,2015-07-31,3.0,,,,472.0
53,2015-08-31,1.0,,,,288.0
53,2015-09-30,,,,,88.0
53,2015-10-31,,,,,154.0
53,2015-11-30,,,,,285.0
53,2015-12-31,,1.0,,,307.0
53,2016-01-31,10.0,1.0,1.0,1.0,2059.0
53,2016-02-29,28.0,5.0,,3.0,4349.0
53,2016-03-31,18.0,4.0,,,4498.0
53,2016-04-30,14.0,3.0,2.0,,3794.0
53,2016-05-31,6.0,1.0,,,1608.0
53,2016-06-30,5.0,2.0,,,825.0
53,2016-07-31,,1.0,,,445.0
53,2016-08-31,,,,,137.0
53,2016-09-30,,,,,93.0
53,2016-10-31,2.0,1.0,,,101.0
53,2016-11-30,,,,,82.0
53,2016-12-31,3.0,,,,145.0
53,2017-01-31,1.0,,,,179.0
53,2017-02-28,,,,,257.0
53,2017-03-31,1.0,2.0,,,442.0
53,2017-04-30,2.0,9.0,,,729.0
53,2017-05-31,1.0,3.0,,,768.0
53,2017-06-30,1.0,4.0,,,749.0
53,2017-07-31,,,,,257.0
53,2017-08-31,,,,,112.0
53,2017-09-30,,,,,144.0
53,2017-10-31,,,,,88.0
53,2017-11-30,,,,,127.0
53,2017-12-31,,,,,157.0
53,2018-01-31,1.0,,,,203.0
53,2018-02-28,2.0,,,,203.0
53,2018-03-31,1.0,,,,266.0
53,2018-04-30,,,,,264.0
53,2018-05-31,,,,,274.0
53,2018-06-30,,,,,223.0
53,2018-07-31,,,,,102.0
53,2018-08-31,,,,,80.0
53,2018-09-30,1.0,,,,112.0
53,2018-10-31,,,,,119.0
53,2018-11-30,2.0,,,,185.0
53,2018-12-31,,,,,399.0
53,2019-01-31,6.0,8.0,,,673.0
53,2019-02-28,9.0,27.0,,1.0,2002.0
53,2019-03-31,47.0,106.0,,,5136.0
53,2019-04-30,81.0,134.0,,,6271.0
53,2019-05-31,84.0,173.0,,,9330.0
53,2019-06-30,38.0,39.0,,,10935.0
53,2019-07-31,9.0,9.0,,,1627.0
53,2019-08-31,3.0,2.0,,,681.0
53,2019-09-30,,,,,436.0
53,2019-10-31,,,,,472.0
53,2019-11-30,3.0,,,,592.0
53,2019-12-31,4.0,,,,494.0
53,2020-01-31,46.0,5.0,,,1773.0
53,2020-02-29,81.0,9.0,,,5964.0
53,2020-03-31,76.0,,,,8138.0
53,2020-04-30,100.0,3.0,,,10331.0
53,2020-05-31,78.0,5.0,,2.0,10721.0
53,2020-06-30,13.0,,,,4303.0
53,2020-07-31,20.0,1.0,,,1836.0
53,2020-08-31,3.0,,,,1074.0
53,2020-09-30,,,,,688.0
53,2020-10-31,6.0,,,,762.0
53,2020-11-30,1.0,,,,661.0
53,2020-12-31,3.0,,,,822.0
53,2021-01-31,,,,,785.0
53,2021-02-28,2.0,,,,1089.0
53,2021-03-31,2.0,,,,1296.0
53,2021-04-30,5.0,,,,1922.0
53,2021-05-31,13.0,,,,3251.0
53,2021-06-30,7.0,,,,2131.0
53,2021-07-31,5.0,,,,1183.0
53,2021-08-31,2.0,,,,474.0
53,2021-09-30,,,,,473.0
53,2021-10-31,1.0,,,,613.0
53,2021-11-30,1.0,,,,719.0
53,2021-12-31,14.0,,,,1720.0
53,2022-01-31,11.0,,,,3243.0
53,2022-02-28,16.0,1.0,,,5858.0
53,2022-03-31,41.0,,,,10183.0
53,2022-04-30,342.0,,,,18287.0
53,2022-05-31,190.0,,,,11233.0
53,2022-06-30,24.0,,,,4970.0
53,2022-07-31,12.0,,,,2695.0
53,2022-08-31,9.0,,,,1349.0
53,2022-09-30,1.0,,,,1213.0
53,2022-10-31,,,,1.0,1557.0
53,2022-11-30,,,,,1380.0
53,2022-12-31,,,,,2709.0
53,2023-01-31,1.0,,,,2590.0
53,2023-02-28,2.0,,,,3209.0
53,2023-03-31,2.0,,,,3537.0
53,2023-04-30,11.0,,,,4893.0
53,2023-05-31,22.0,7.0,,,3426.0
53,2023-06-30,20.0,4.0,,,2424.0
53,2023-07-31,16.0,4.0,,,1940.0
53,2023-08-31,4.0,2.0,,,1550.0
53,2023-09-30,2.0,2.0,,,1827.0
53,2023-10-31,2.0,7.0,1.0,,1036.0
53,2023-11-30,12.0,48.0,,,1884.0
53,2023-12-31,53.0,521.0,1.0,,9186.0
53,2024-01-31,468.0,4291.0,,,39865.0
53,2024-02-29,666.0,5556.0,,,82420.0
53,2024-03-31,512.0,3640.0,,,80987.0
53,2024-04-30,161.0,936.0,,,31882.0
53,2024-05-31,32.0,312.0,,,14380.0
53,2024-06-30,13.0,100.0,,,6127.0
53,2024-07-31,1.0,14.0,,,1629.0
53,2024-08-31,1.0,4.0,,,2133.0
53,2024-09-30,,3.0,,,922.0
53,2024-10-31,,1.0,,,821.0
53,2024-11-30,4.0,6.0,,,1947.0
53,2024-12-31,1.0,1.0,,,1330.0
53,2025-01-31,2.0,7.0,,,1194.0
53,2025-02-28,1.0,13.0,4.0,,1722.0
53,2025-03-31,,8.0,6.0,,1991.0
53,2025-04-30,1.0,8.0,13.0,,1310.0
53,2025-05-31,2.0,2.0,2.0,,720.0
53,2025-06-30,,,,,
53,2025-07-31,,,,,
53,2025-08-31,,,,,
53,2025-09-30,,,,,
53,2025-10-31,,,,,
53,2025-11-30,,,,,
53,2025-12-31,,,,,
